id,gold_id,층,인간L1,조각,전문
P00585,G0012,보정불일치,위임,사항은 대통령령으로,"① 교육공무원으로 20년 이상 근속한 사람이 정년 전에 스스로 퇴직하는 경우에는 예산의 범위에서 명예퇴직수당을 지급할 수 있다.
② 제1항에 따른 교육공무원 중 교장ㆍ원장이 임기가 끝나기 전에 스스로 퇴직하는 경우 그 정년은 제47조에 따른 연령으로 본다. <개정 2012.3.21>
③ 제1항의 명예퇴직수당의 지급대상 범위, 지급액 및 지급절차와 그 밖에 필요한 사항은 대통령령으로 정한다.
제36조(명예퇴직)"
P06856,G0032,보정불일치,위임,사항은 대통령령으로,"①유족급여는 피공제자가 학교안전사고로 인하여 사망한 경우에 「국가배상법」 제3조제1항제1호에서 정한 금액 및 같은 법 제3조제5항에서 정한 위자료를 피공제자의 상속인에게 지급하되, 사실상 혼인관계에 있던 사람을 포함하여 지급한다. <개정 2012.1.26, 2021.3.23>
1. 삭제<2012.1.26>
2. 삭제<2012.1.26>
②제1항의 규정에 따른 유족급여의 지급기준 등에 관하여 필요한 사항은 대통령령으로 정한다.
제39조(유족급여)"
P04368,G0106,보정불일치,위임,2. 제2항에 따른 지역다문화교육지원센터의 경우: 해당 시ㆍ도의 조례,"① 교육부장관은 법 제28조의2제5항에 따라 다음 각 호의 업무를 수행하는 중앙다문화교육지원센터를 설치ㆍ운영할 수 있다.
1. 다문화교육 정책 수립을 위한 연구ㆍ개발 및 분석
2. 각급 학교, 시ㆍ도 교육청 및 그 밖의 다문화교육 관련 기관ㆍ법인ㆍ단체의 다문화교육 사업 운영 지원
3. 다문화학생등의 학습 지원을 위한 자료 개발 및 보급
4. 학부모 및 교직원에 대한 다문화교육 관련 연수ㆍ홍보 및 자료 개발
5. 그 밖에 다문화학생등의 교육지원에 관한 사항으로서 교육부장관이 필요하다고 인정하는 사항
② 교육감은 법 제28조의2제5항에 따라 다음 각 호의 업무를 수행하는 지역다문화교육지원센터를 설치ㆍ운영할 수 있다.
1. 지역 특성에 적합한 다문화교육 프로그램 운영
2. 각급 학교의 다문화교육 운영 지원
3. 다문화교육을 담당하는 교원의 역량 강화를 위한 연수 지원
4. 지역 내 다문화교육 관계 기관과의 협력체계 구축
5. 그 밖에 다문화학생등의 교육지원에 관한 사항으로서 교육감이 필요하다고 인정하는 사항
③ 교육부장관 및 교육감은 법 제28조의2제5항에 따라 제1항 각 호 또는 제2항 각 호에 따른 업무의 전부 또는 일부를 다음 각 호의 어느 하나에 해당하는 기관, 법인 또는 단체 중에서 위탁 업무를 수행할 수 있는 인력과 시설을 갖춘 자를 지정하여 위탁할 수 있다.
1. 「공공기관의 운영에 관한 법률」 제4조에 따른 공공기관
2. 「정부출연연구기관 등의 설립ㆍ운영 및 육성에 관한 법률」 제2조에 따른 정부출연연구기관
3. 그 밖에 다문화학생등의 교육지원 업무 수행에 필요한 인력과 시설을 갖추었다고 교육부장관 및 교육감이 인정하는 기관, 법인 또는 단체
④ 교육부장관 및 교육감은 제3항에 따라 업무를 위탁하는 경우에는 위탁받는 자와 위탁 업무의 내용을 교육부 또는 해당 시ㆍ도 교육청의 인터넷 홈페이지에 공고해야 한다.
⑤ 제1항에서 제4항까지에서 규정한 사항 외에 다문화교육지원센터의 설치ㆍ운영 및 지정ㆍ위탁의 방법과 기준 등에 필요한 세부 사항은 다음 각 호의 구분에 따라 정한다.
1. 제1항에 따른 중앙다문화교육지원센터의 경우: 교육부장관 고시
2. 제2항에 따른 지역다문화교육지원센터의 경우: 해당 시ㆍ도의 조례
제54조의5(다문화교육지원센터의 설치ㆍ운영 등)"
P04437,G0109,보정불일치,위임,"2. 그 밖에 국립학교의 경우에는 학칙으로, 공립학교의 경우에는 시·도의 조례로 미리 학부모의 의견을 수렴하도록 정한 사항","① 국ㆍ공립학교에 두는 운영위원회는 다음 각 호의 어느 하나에 해당하는 사항을 심의하려는 경우 국립학교의 경우에는 학칙으로, 공립학교의 경우에는 시ㆍ도의 조례로 정하는 바에 따라 미리 학부모의 의견을 수렴해야 한다. <개정 2017.12.29, 2022.3.22>
1. 법 제32조제1항제1호, 제5호, 제6호, 제9호 또는 제10호에 해당하는 사항
2. 그 밖에 국립학교의 경우에는 학칙으로, 공립학교의 경우에는 시ㆍ도의 조례로 미리 학부모의 의견을 수렴하도록 정한 사항
② 국ㆍ공립학교에 두는 운영위원회는 다음 각 호의 어느 하나에 해당하는 사항을 심의하기 위하여 필요하다고 인정하는 경우 학생 대표 등을 회의에 참석하게 하여 의견을 들을 수 있다. <개정 2017.12.29, 2022.3.22>
1. 법 제32조제1항제1호, 제6호 또는 제10호에 해당하는 사항
2. 그 밖에 학생의 학교생활에 밀접하게 관련된 사항
③ 국ㆍ공립학교에 두는 운영위원회는 국립학교의 경우에는 학칙으로, 공립학교의 경우에는 시ㆍ도의 조례로 정하는 바에 따라 학생 대표가 학생의 학교생활에 관련된 사항에 관하여 학생들의 의견을 수렴하여 운영위원회에 제안하게 할 수 있다.
제59조의4(의견 수렴 등)"
P04240,G0130,보정불일치,위임,사항은 대통령령으로,"① 중학교에 입학할 수 있는 사람은 초등학교를 졸업한 사람, 제27조의2제1항에 따라 초등학교를 졸업한 사람과 동등한 학력이 인정되는 시험에 합격한 사람, 그 밖에 법령에 따라 이와 같은 수준 이상의 학력이 있다고 인정된 사람으로 한다. <개정 2021.3.23>
② 그 밖에 중학교의 입학 방법과 절차 등에 필요한 사항은 대통령령으로 정한다.
제43조(입학자격 등)"
P00127,G0136,보정불일치,위임,사항은 대통령령으로,"① 대학(산업대학ㆍ교육대학을 포함하며, 대학원대학은 제외한다)에서 학칙으로 정하는 과정을 마친 사람에게는 학사학위를 수여한다.
② 대학원에서 학칙으로 정하는 과정을 마친 사람에게는 해당 과정의 석사학위나 박사학위를 수여한다.
③ 석사학위와 박사학위의 과정이 통합된 과정에 있는 사람 또는 같은 과정을 수료하거나 중도에 퇴학한 사람 중 박사학위를 취득하지 못한 사람으로서 학칙으로 정하는 석사학위의 수여기준을 충족한 사람에게는 석사학위를 수여할 수 있다. <개정 2017.11.28>
④ 학사학위와 석사학위의 과정이 통합된 과정에 있는 사람 또는 같은 과정을 수료하거나 중도에 퇴학한 사람 중 석사학위를 취득하지 못한 사람으로서 학칙으로 정하는 학사학위의 수여기준을 충족한 사람에게는 학사학위를 수여할 수 있다. <개정 2017.11.28>
⑤ 박사학위과정이 있는 대학원을 둔 학교에서는 명예박사학위를 수여할 수 있다.
⑥ 학위의 종류와 수여에 필요한 사항은 대통령령으로 정한다.
제35조(학위의 수여)"
P07232,G0152,보정불일치,위임,교육부령으로 정하는,"① 교습소를 설립ㆍ운영하려는 자는 대통령령으로 정하는 바에 따라 신고자 및 교습자의 인적사항, 교습소의 명칭 및 위치, 교습과목, 교습비등을 교습소설립ㆍ운영신고서에 기재하여 교육감에게 신고하여야 한다. 신고한 사항 중 교습자의 인적사항, 교습소의 명칭 및 위치, 교습과목, 교습비등, 그 밖에 대통령령으로 정하는 사항을 변경하려는 경우에도 또한 같다. <개정 2011.7.25>
② 교육감은 제1항에 따른 신고 또는 변경신고를 받은 날부터 8일 이내에 신고수리 여부를 신고인에게 통지하여야 한다. <신설 2018.12.18>
③ 교육감이 제2항에서 정한 기간 내에 신고수리 여부 또는 민원 처리 관련 법령에 따른 처리기간의 연장 여부를 신고인에게 통지하지 아니하면 그 기간(민원 처리 관련 법령에 따라 처리기간이 연장 또는 재연장된 경우에는 해당 처리기간을 말한다)이 끝난 날의 다음 날에 신고를 수리한 것으로 본다. <신설 2018.12.18>
④ 교육감은 제1항에 따른 신고를 수리한 경우에는 교육부령으로 정하는 바에 따라 신고증명서를 발급하여야 한다. <개정 2011.7.25, 2013.3.23, 2018.12.18>
⑤ 교습자는 제4항에 따라 발급받은 신고증명서를 교습소에 게시하여야 한다. <개정 2011.7.25, 2018.12.18>
⑥ 교습자가 제4항에 따라 발급받은 신고증명서를 잃어버리거나 그 신고증명서가 못쓰게 된 경우에는 교육부령으로 정하는 바에 따라 교육감에게 재발급을 신청하여야 한다. <개정 2011.7.25, 2013.3.23, 2018.12.18>
⑦ 교습소는 교습자 1명이 한 장소에서 1과목만을 교습하여야 한다. <개정 2011.7.25, 2018.12.18>
⑧ 교습자의 자격, 교습소의 장소ㆍ시설ㆍ설비, 학습자의 수, 그 밖에 필요한 사항은 대통령령으로 정한다. <신설 2011.7.25, 2018.12.18>
⑨ 교습자는 교습소를 폐소하거나 1개월 이상 휴소(休所)하려면 교육부령으로 정하는 바에 따라 지체 없이 교육감에게 신고하여야 한다. <신설 2011.7.25, 2013.3.23, 2018.12.18>
⑩ 제17조제2항에 따라 교습소의 폐지처분을 받은 자는 그 처분을 받은 날부터 1년 이내 또는 교습정지처분을 받은 자는 그 정지 기간이 지나지 아니한 경우에는 교육부령으로 정하는 바에 따라 같은 종류의 교습소를 신고할 수 없다. <신설 2011.7.25, 2013.3.23, 2016.5.29, 2018.12.18>
⑪ 교육감은 교습자가 「부가가치세법」 제8조에 따라 관할 세무서장에게 폐업신고를 하거나 관할 세무서장이 사업자등록을 말소한 경우에는 신고 사항을 직권으로 말소할 수 있다. <신설 2017.12.19, 2018.12.18>
⑫ 교육감은 제11항의 직권말소를 위하여 필요한 경우 관할 세무서장에게 교습자의 폐업여부에 대한 정보 제공을 요청할 수 있다. 이 경우 요청을 받은 관할 세무서장은 「전자정부법」 제36조제1항에 따라 교습자의 폐업여부에 대한 정보를 제공하여야 한다. <신설 2017.12.19, 2018.12.18>
⑬ 교습자는 제17조제2항에 따른 행정처분 기간과 그 처분을 위한 절차가 진행 중인 기간(「행정절차법」 제21조에 따른 처분의 사전 통지 시점부터 처분이 확정되기 전까지의 기간을 말한다) 중에는 제9항에 따른 폐소신고를 할 수 없다. <신설 2023.4.18>
제14조(교습소 설립ㆍ운영의 신고 등)"
P00319,G0155,보정불일치,위임,교육부령으로 정하는,"① 제1조에 따른 연수기관(이하 ""연수원""이라 한다)의 종류는 교육연수원, 교육행정연수원, 종합교육연수원 및 원격교육연수원으로 한다.
② 연수원은 다음 각 호의 구분에 따라 「고등교육법」 제2조제1호부터 제3호까지 및 제5호에 따른 학교, 특별시ㆍ광역시ㆍ특별자치시ㆍ도 및 특별자치도의 교육청(이하 ""교육청""이라 한다)과 교육부장관이 지정하는 기관 또는 법인에 해당 학교의 장, 교육감, 기관의 장 또는 법인의 대표가 설치한다.
1. 교육연수원: 대학, 산업대학 또는 교육대학
2. 교육행정연수원: 대학, 산업대학 또는 교육대학
3. 종합교육연수원: 대학, 산업대학, 교육대학, 원격대학 중 방송통신대학, 교육청, 교육부장관이 지정하는 기관 또는 법인
4. 원격교육연수원: 대학, 산업대학, 교육대학, 원격대학, 교육청, 교육부장관이 지정하는 기관 또는 법인
③ 제2항에 따른 연수원을 설치하려는 자(교육감을 제외한다)는 교육부령으로 정하는 바에 따라 교육부장관의 설치인가를 받아야 한다. 이 경우 교육부장관은 연수원의 지역적 분포 및 연수 대상 인원 등을 고려하여 연수원의 수(數)를 제한하여 설치인가를 할 수 있다.
④ 제3항에 따라 연수원의 설치인가를 받은 자가 연수원의 위치 등 교육부령으로 정하는 중요사항을 변경하거나 연수원을 폐지하려는 경우에는 교육부령으로 정하는 바에 따라 교육부장관의 인가를 받아야 한다. <신설 2018.4.3>
⑤ 연수원에는 원장(이하 ""연수원장""이라 한다)을 두며, 연수원장은 다음 각 호의 구분에 따른 사람이 된다. <개정 2018.4.3>
1. 대학, 산업대학, 교육대학 또는 원격대학에 설치하는 연수원: 해당 학교의 장이 소속 학교의 교수 또는 부교수 중에서 임명하는 사람
2. 교육청에 설치하는 연수원: 교육감이 소속 공무원 중에서 임명하는 사람
3. 교육부장관이 지정하는 기관에 설치하는 연수원: 해당 기관의 장이 임명하는 사람
4. 교육부장관이 지정하는 법인에 설치하는 연수원: 교육연수의 전문성을 지닌 사람 중에서 법인 이사회의 의결을 거쳐 이사장이 임명하는 사람
⑥ 연수원의 강사는 해당 연수원장이 위촉한다. <개정 2018.4.3>
⑦ 국립의 대학ㆍ산업대학ㆍ교육대학 또는 원격대학에 부설하는 연수원에는 따로 대통령령으로 정하는 바에 따라 공무원을 둘 수 있다. <개정 2018.4.3>
⑧ 「교육부와 그 소속기관 직제」 제2조제1항에 따른 국립특수교육원 및 중앙교육연수원이 같은 영 제23조제3호 및 제27조제1호에 따라 교원을 대상으로 실시하는 연수는 그 종류에 따라 제6조제1항에 따른 연수로 본다. <개정 2018.4.3, 2021.1.5>
제2조(연수기관의 종류 및 설치 등)"
P06700,G0172,보정불일치,위임,사항은 교육부령으로,"① 학교의 장은 학생과 교직원에 대하여 건강검사를 하여야 한다. 다만, 교직원에 대한 건강검사는 「국민건강보험법」 제52조에 따른 건강검진으로 갈음할 수 있다. <개정 2011.12.31>
② 학교의 장은 제1항에 따라 건강검사를 할 때에 질병의 유무 등을 조사하거나 검사하기 위하여 다음 각 호의 어느 하나에 해당하는 학생에 대하여는 「국민건강보험법」 제52조에 따른 건강검진 실시 기관에 의뢰하여 교육부령으로 정하는 사항에 대한 건강검사를 한다. <개정 2008.2.29, 2011.12.31, 2012.3.21, 2013.3.23>
1. 「초ㆍ중등교육법」 제2조제1호의 학교와 이에 준하는 특수학교ㆍ각종학교의 1학년 및 4학년 학생. 다만, 구강검진은 전 학년에 대하여 실시하되, 그 방법과 비용 등에 관한 사항은 지역실정에 따라 교육감이 정한다.
2. 「초ㆍ중등교육법」 제2조제2호ㆍ제3호의 학교와 이에 준하는 특수학교ㆍ각종학교의 1학년 학생
3. 그 밖에 건강을 보호ㆍ증진하기 위하여 교육부령으로 정하는 학생
③ 학교의 장은 제2항에 따른 건강검사 외에 학생의 건강을 보호ㆍ증진하기 위하여 필요하다고 인정하면 교육부령으로 정하는 바에 따라 그 학생을 별도로 검사할 수 있다. <개정 2008.2.29, 2013.3.23>
④ 학교의 장은 제1항과 제2항에도 불구하고 천재지변 등 부득이한 사유로 관할 교육감 또는 교육장의 승인을 받은 경우에는 교육부령으로 정하는 바에 따라 건강검사를 연기하거나 건강검사의 전부 또는 일부를 생략할 수 있다. <개정 2008.2.29, 2013.3.23>
⑤ 제2항에 따라 건강검사를 한 검진기관은 교육부령으로 정하는 바에 따라 그 검사결과를 해당 학생 또는 학부모와 해당 학교의 장에게 알려야 한다. <개정 2008.2.29, 2013.3.23>
⑥ 학교의 장은 제2조제1호의 정신건강 상태 검사를 실시할 때 필요한 경우에는 학부모의 동의 없이 실시할 수 있다. 이 경우 학교의 장은 지체 없이 해당 학부모에게 검사 사실을 통보하여야 한다. <신설 2012.3.21, 2016.3.2, 2021.3.23>
⑦ 제1항과 제2항에 따른 건강검사의 시기, 방법, 검사항목 및 절차 등에 관하여 필요한 사항은 교육부령으로 정한다. <개정 2008.2.29, 2012.3.21, 2013.3.23>
제7조(건강검사 등)"
P00603,G0193,보정불일치,위임,사항은 대통령령으로,"① 교육기관, 교육행정기관 및 교육연구기관의 장은 정기적으로 또는 수시로 그 소속 교육공무원의 재교육 및 연수 실적과 근무성적을 평정하여 인사관리에 반영하여야 한다.
② 제1항의 재교육 및 연수 실적과 근무성적 평정에 필요한 사항은 대통령령으로 정한다.
제42조(연수 실적 및 근무성적의 평정)"
P06808,,조각·패널비위임,,교육부령이 정하는 건축등의,"제12조(국가 또는 지방자치단체의 학교시설의 건축등) 법 제5조의2제3항에 따라 국가 또는 지방자치단체가 학교시설의 건축등을 하고자 하는 경우 그 학교시설이 「소방시설 설치 및 관리에 관한 법률」 제6조제1항에 따른 건축허가등의 동의대상물인 경우에는 미리 관할소방본부장 또는 소방서장의 동의를 얻은 후 교육부령이 정하는 건축등의 계획서를 해당 시장ㆍ군수 또는 구청장에게 통보하여야 한다. <개정 2001.1.29, 2008.2.29, 2008.10.24, 2013.3.23, 2017.1.26, 2022.11.29>"
P07418,,조각·패널비위임,,범위에서 대통령령으로,"①교육부장관은 제3조제1항에 따라 평가인정을 받은 학습과정을 설치ㆍ운영하는 교육훈련기관이 다음 각 호의 어느 하나에 해당하면 대통령령으로 정하는 바에 따라 평가인정 취소, 학습과정 운영정지, 평가인정 신청 제한 등의 조치를 할 수 있다. 다만, 제1호에 해당하는 경우에는 평가인정을 취소하여야 한다. <개정 2008.2.29, 2008.3.21, 2013.3.23, 2015.3.27>
1. 거짓이나 그 밖의 부정한 방법으로 평가인정을 받은 경우
2. 제3조제3항에 따른 평가인정사항 변경절차에 따르지 아니하고 같은 조 제5항의 평가인정의 기준에 따른 평가인정사항을 변경한 경우
3. 제3조제5항에 따른 평가인정의 기준에 미달하여 학습과정을 운영한 경우
4. 제4조의2제1항에 따른 학습과정 운영규정을 준수하지 아니한 경우
5. 제6조의2제3항에 따른 시정이나 변경 명령을 위반한 경우
② 교육부장관은 제1항제2호부터 제4호까지에 따라 평가인정을 취소하고자 할 경우에는 상당한 기간을 정하여 교육훈련기관의 장에게 시정을 명하여야 한다. 다만, 위반행위가 이미 종료되는 등 성질상 시정할 수 없는 것이 명백한 경우에는 시정명령을 하지 아니하고 취소할 수 있다. <신설 2008.3.21, 2013.3.23, 2015.3.27>
③ 제1항에 따른 학습과정 운영정지 및 평가인정 신청 제한의 기간은 각각 3년 이내의 범위에서 대통령령으로 정한다. <신설 2015.3.27>
제5조(평가인정의 취소 등)"
P03021,,조각·패널비위임,,하나에 해당하는 자는 대통령령 또는,"1. 국가자격검정을 받고자 하는 자
2. 국가자격증을 교부 또는 재교부를 받고자 하는 자
3. 민간자격의 공인 또는 재공인을 받고자 하는 자
4. 그 밖에 자격과 관련되는 각종 증명서를 발급 받고자 하는 자
제37조(수수료) 다음 각 호의 어느 하나에 해당하는 자는 대통령령 또는 국가자격관련법령으로 정하는 바에 따라 수수료를 납부하여야 한다. <개정 2021.3.23>"
P06184,,조각·패널비위임,,사항은 대통령령으로,"① 다음 각 호의 어느 하나에 해당하는 자는 교육부장관의 인가를 받아 전문대학 또는 대학졸업자와 동등한 학력ㆍ학위가 인정되는 평생교육시설을 설치ㆍ운영하거나 「고등교육법」 제2조에 따른 학교에 위탁하여 운영할 수 있다. <개정 2008.2.29, 2009.5.8, 2013.3.23, 2023.4.18>
1. 대통령령으로 정하는 규모 이상의 사업장(공동으로 참여하는 사업장도 포함한다)의 경영자
2. 「산업입지 및 개발에 관한 법률」에 따라 설립된 산업단지 입주기업의 연합체(이하 ""산업단지 기업연합체""라 한다). 이 경우 산업단지 기업연합체는 제1호에서 대통령령으로 정하는 규모 이상이어야 한다.
3. 「산업발전법」 제12조제2항에 따라 구성된 산업부문별 인적자원개발협의체(이하 ""산업별 협의체""라 한다). 이 경우 산업별 협의체는 제1호에서 대통령령으로 정하는 규모 이상이어야 한다.
② 제1항에 따른 사내대학형태의 평생교육시설은 다음 각 호의 어느 하나에 해당하는 사람을 대상으로 한다. <개정 2013.12.30, 2023.4.18>
1. 해당 사업장 또는 산업단지 기업연합체에 속한 사업장에 고용된 종업원
2. 해당 사업장 또는 산업단지 기업연합체에 속한 사업장에서 일하는 다른 업체의 종업원
3. 해당 사업장 또는 산업단지 기업연합체에 속한 사업장과 하도급 관계에 있는 업체 또는 부품ㆍ재료 공급 등을 통하여 해당 사업장 또는 산업단지 기업연합체에 속한 사업장과 협력관계에 있는 업체의 종업원
4. 해당 사업장 또는 산업단지 기업연합체에 속한 사업장과 동종 업종 또는 관련 분야에 속하는 업체의 종업원
5. 산업별 협의체의 해당 업종 또는 관련 분야에 속하는 업체의 종업원
③ 제1항에 따른 사내대학형태의 평생교육시설에서의 교육에 필요한 비용은 제2항 각 호에 해당하는 사람을 고용한 고용주가 부담하는 것을 원칙으로 한다. <신설 2013.12.30>
④ 제1항에 따른 사내대학형태의 평생교육시설의 설치기준ㆍ학점제등 운영에 필요한 사항은 대통령령으로 정한다. <개정 2013.12.30>
⑤ 제1항에 따른 사내대학형태의 평생교육시설을 폐쇄하고자 하는 경우에는 재학생 보호방안 등 대통령령으로 정하는 사항을 갖추어 교육부장관에게 신고하여야 한다. <개정 2008.2.29, 2013.3.23, 2013.12.30, 2023.4.18>
제32조(사내대학형태의 평생교육시설)"
P07527,,조각·패널비위임,,대통령령으로 정하는,"① 재단은 「국민기초생활 보장법」 제7조제1항제1호 또는 제3호에 따른 생계급여 또는 의료급여의 수급자, 출산 또는 입양으로 셋 이상의 자녀를 양육하는 가정의 모든 자녀 등 대통령령으로 정하는 대학생에게 우선적으로 학자금 지원을 할 수 있다. <개정 2016.5.29, 2020.12.22>
② 재단은 제1항에 따른 학자금 지원을 위하여 대통령령으로 정하는 저소득층 학생 등에게 학자금 지원 자격, 신청 방법 및 절차 등에 관한 정보를 제공하여야 한다. <신설 2020.12.22>
③ 제2항에 따른 정보 제공에 필요한 사항은 대통령령으로 정한다. <신설 2020.12.22>
제49조의4(우선적 학자금 지원)"
P06644,,조각·패널비위임,,대통령령으로 정하는 바에,"①국가 또는 지방자치단체는 제8조의 규정에 따라 보호자가 부담할 경비의 전부 또는 일부를 지원할 수 있다.
②제1항의 규정에 따라 보호자가 부담할 경비를 지원하는 경우에는 다음 각 호의 어느 하나에 해당하는 학생을 우선적으로 지원한다. <개정 2007.10.17, 2010.7.23, 2021.3.23>
1. 학생 또는 그 보호자가 「국민기초생활 보장법」 제2조에 따른 수급권자이거나 차상위계층에 속하는 학생, 「한부모가족지원법」 제5조의 규정에 따른 보호대상자인 학생
2.「도서ㆍ벽지 교육진흥법」 제2조의 규정에 따른 도서벽지에 있는 학교와 그에 준하는 지역으로서 대통령령으로 정하는 지역의 학교에 재학하는 학생
3.「농어업인 삶의 질 향상 및 농어촌지역 개발촉진에 관한 특별법」 제3조제4호에 따른 농어촌학교와 그에 준하는 지역으로서 대통령령으로 정하는 지역의 학교에 재학하는 학생
4. 그 밖에 교육감이 필요하다고 인정하는 학생
③ 교육감은 「재난 및 안전관리 기본법」 제3조제1호에 따른 재난이 발생하여 학교급식이 어려운 경우에는 제5조제1항에 따른 학교급식위원회의 심의를 거쳐 대통령령으로 정하는 바에 따라 학생의 가정에 식재료 등을 지원할 수 있다. 이 경우 지원 범위는 제8조제4항 및 제9조제1항에 따라 국가 또는 지방자치단체가 지원한 급식에 관한 경비에 한정한다. <신설 2021.12.28>
제9조(급식에 관한 경비의 지원)"
P05006,,조각·패널비위임,,대통령령으로 정하는 기관을,"1. ""취업 후 상환 학자금대출""이란 대학생에게 학자금을 대출하고 그 원리금은 소득이 발생한 후에 소득수준에 따라 상환하도록 하는 대출을 말한다.
1의2. ""전환대출""이란 「한국장학재단 설립 등에 관한 법률」 제6조에 따른 한국장학재단(이하 ""한국장학재단""이라 한다)이 같은 법 제2조제3호에 따른 일반 상환 학자금대출 또는 같은 조 제4호에 따른 신용보증(이하 ""기대출""이라 한다)을 받은 사람에게 이미 대출받은 학자금을 상환하도록 하는 학자금대출을 말한다.
2. ""고등교육기관""이란 다음 각 목을 말한다.
가. 「고등교육법」 제2조에 따른 학교
나. 「평생교육법」 제31조제4항에 따른 전공대학과 같은 법 제33조제3항에 따른 원격대학형태의 평생교육시설
다. 「국민 평생 직업능력 개발법」 제2조제5호에 따른 기능대학
3. ""학자금""이란 고등교육기관에서 교육을 받는 데에 필요한 등록금과 숙식비ㆍ교재구입비ㆍ어학연수비 및 교통비 등의 생활비를 말한다.
4. ""대학생""이란 고등교육기관에 재학(입학 또는 복학 예정인 경우를 포함한다)하고 있는 학생(외국인은 제외한다)으로 전문학사학위 과정ㆍ학사학위 과정ㆍ전문기술석사학위 과정ㆍ석사학위 과정 또는 박사학위 과정을 이수하는 사람 중 대통령령으로 정하는 사람을 말한다.
5. ""금융회사등""이란 「은행법」 제2조제1항제2호에 따른 은행과 그 밖에 대통령령으로 정하는 기관을 말한다.
6. ""채무자""란 취업 후 상환 학자금대출에 대하여 상환의무를 부담하는 자를 말한다.
7. ""상환기준소득""이란 채무자가 상환개시(상환유예 후 상환 재개시를 포함한다)의무를 부담하는 기준이 되는 소득금액을 말한다.
8. ""최소부담의무상환액""이란 채무자의 소득금액이 상환기준소득 이상일 경우 채무자가 반드시 상환하여야 하는 최소한의 의무상환금액을 말한다.
9. ""졸업""이란 학칙으로 정하는 바에 따라 교육과정을 마치는 경우를 말하며, 그 구체적인 기준은 교육부장관이 정하여 고시한다.
10. ""장기미상환자""란 졸업 후 일정 기간이 경과할 때까지의 상환액이 대출원리금의 일정 비율 미만인 채무자를 말하며, 구체적인 경과기간별 대출원리금의 상환 비율은 대통령령으로 정한다.
11. ""해외이주""란 「해외이주법」 제4조에 따라 해외로 이주하는 경우를 말한다.
12. ""해외유학""이란 외국의 교육기관ㆍ연구기관 또는 연수기관에서 6개월 이상의 기간에 걸쳐 수학하거나 학문ㆍ기술을 연구 또는 연수하는 것을 말한다.
13. ""원천공제의무자""란 「소득세법」 제127조에 따른 원천징수의무자 중 채무자에게 제24조부터 제26조까지의 소득을 지급하는 자로서 그 채무자로부터 취업 후 상환 학자금대출 원리금을 원천공제하여 국세청에 납입하여야 하는 자를 말한다.
제3조(정의) 이 법에서 사용하는 용어의 정의는 다음과 같다. <개정 2010.5.17, 2014.5.14, 2018.12.18, 2021.3.23, 2021.6.8, 2021.8.17>"
P07345,,조각·패널비위임,,교육부령으로 정하는 서류를,"① 법 제7조에 따라 학원 설립ㆍ운영의 조건부등록을 신청하려는 자는 교육부령으로 정하는 학원설립ㆍ운영등록신청서에 제5조제2항 각 호의 사항을 적고, 원칙 및 교육부령으로 정하는 서류를 첨부하여 교육감에게 제출하여야 한다. <개정 2013.3.23>
② 교육감은 제1항에 따른 조건부등록신청의 내용이 교육환경에 적합하고 시설기준을 갖출 수 있다고 인정하는 경우에는 1년 이내에 시설과 설비를 갖출 것을 조건으로 하여 등록을 수리할 수 있다. 이 경우 교육감은 조건부 기간 내에 시설과 설비를 갖출 수 없는 부득이한 사유가 있다고 인정하는 경우에는 6개월의 범위에서 그 기간을 연장할 수 있다.
③ 학원 설립ㆍ운영의 조건부등록을 한 자는 제2항에 따른 기간 내에 시설과 설비를 갖추어 개강 예정일 10일 전까지 교육감에게 보고하여야 한다.
④ 교육감은 제3항에 따라 보고를 받았을 때에는 시설과 설비의 확보 여부를 조사ㆍ확인하고 교육부령으로 정하는 바에 따라 등록증명서를 발급하여야 한다. <개정 2016.11.29>
제6조(학원 설립ㆍ운영의 조건부등록)"
P07048,,조각·패널비위임,,대통령령으로 정하는,"① 지역위원회는 기본계획에 따라 지역의 학교폭력 예방대책(이하 ""예방대책""이라 한다)을 매년 수립한다. 이 경우 예방대책에 시행계획의 내용을 포함하여야 한다. <개정 2025.1.21>
② 지역위원회는 전년도 예방대책에 따른 추진실적과 다음 연도 예방대책을 대통령령으로 정하는 바에 따라 매년 교육부장관에게 제출하여야 한다. <신설 2025.1.21>
③ 그밖에 예방대책의 수립 및 시행 등에 필요한 사항은 대통령령으로 정한다. <신설 2025.1.21>
④ 지역위원회는 해당 지역에서 발생한 학교폭력에 대하여 교육감 및 시ㆍ도경찰청장에게 관련 자료를 요청할 수 있다. <개정 2020.12.22, 2025.1.21>
⑤ 교육감은 지역위원회의 의견을 들어 제16조제1항제1호부터 제3호까지나 제17조제1항제5호에 따른 상담ㆍ치료 및 교육을 담당할 상담ㆍ치료ㆍ교육 기관을 지정하여야 한다. <개정 2012.1.26, 2025.1.21>
⑥ 교육감은 제5항에 따른 상담ㆍ치료ㆍ교육 기관을 지정한 때에는 해당 기관의 명칭, 소재지, 업무를 인터넷 홈페이지에 게시하고, 그 밖에 다양한 방법으로 학부모에게 알릴 수 있도록 노력하여야 한다. <신설 2012.1.26, 2025.1.21>
제10조(학교폭력대책지역위원회의 기능 등)"
P00594,,조각·패널비위임,,사항은 대통령령으로,"① 교육공무원으로 20년 이상 근속한 사람이 정년 전에 스스로 퇴직하는 경우에는 예산의 범위에서 명예퇴직수당을 지급할 수 있다.
② 제1항에 따른 교육공무원 중 교장ㆍ원장이 임기가 끝나기 전에 스스로 퇴직하는 경우 그 정년은 제47조에 따른 연령으로 본다. <개정 2012.3.21>
③ 제1항의 명예퇴직수당의 지급대상 범위, 지급액 및 지급절차와 그 밖에 필요한 사항은 대통령령으로 정한다.
제36조(명예퇴직)"
P06102,,조각·패널비위임,,한다)에서 교육부령으로,"① 교육부장관은 평생교육 전문인력을 양성하기 위하여 다음 각 호의 어느 하나에 해당하는 사람에게 평생교육사의 자격을 부여하며, 자격을 부여받은 사람에게는 자격증을 발급하여야 한다. <개정 2008.2.29, 2009.5.8, 2013.3.23, 2019.12.3, 2021.3.23>
1. 「고등교육법」 제2조에 따른 학교(이하 ""대학""이라 한다) 또는 이와 같은 수준 이상의 학력이 있다고 인정되는 기관에서 교육부령으로 정하는 평생교육 관련 교과목을 일정 학점 이상 이수하고 학위를 취득한 사람
2. 「학점인정 등에 관한 법률」 제3조제1항에 따라 평가인정을 받은 학습과정을 운영하는 교육훈련기관(이하 ""학점은행기관""이라 한다)에서 교육부령으로 정하는 평생교육 관련 교과목을 일정 학점 이상 이수하고 학위를 취득한 사람
3. 대학을 졸업한 사람 또는 이와 같은 수준 이상의 학력이 있다고 인정되는 사람으로서 대학 또는 이와 같은 수준 이상의 학력이 있다고 인정되는 기관, 제25조에 따른 평생교육사 양성기관, 학점은행기관에서 교육부령으로 정하는 평생교육 관련 교과목을 일정 학점 이상 이수한 사람
4. 그 밖에 대통령령으로 정하는 자격요건을 갖춘 사람
② 평생교육사는 평생교육의 기획ㆍ진행ㆍ분석ㆍ평가 및 교수업무를 수행한다.
③ 다음 각 호의 어느 하나에 해당하는 사람은 평생교육사가 될 수 없다. <개정 2016.5.29, 2021.3.23>
1. 제24조의2에 따라 자격이 취소된 후 그 자격이 취소된 날부터 3년이 지나지 아니한 사람(제28조제2항제1호에 해당하여 자격이 취소된 경우는 제외한다)
2. 제28조제2항제1호부터 제5호까지의 어느 하나에 해당하는 사람
④ 평생교육사의 등급, 직무범위, 이수과정, 연수 및 자격증의 교부절차 등에 필요한 사항은 대통령령으로 정한다.
⑤ 제1항에 따라 발급받은 자격증은 다른 사람에게 빌려주거나 빌려서는 아니 되며, 이를 알선하여서도 아니 된다. <신설 2019.12.3>
⑥ 교육부장관은 제1항에 따른 평생교육사의 자격증을 교부 또는 재교부 받으려는 사람에게 교육부령으로 정하는 바에 따라 수수료를 받을 수 있다. <신설 2009.5.8, 2013.3.23, 2019.12.3, 2021.3.23>
제24조(평생교육사)"
P01806,,조각·패널비위임,,사항은 대통령령으로,"① 대학병원이 제6조의 사업을 하기 위하여 필요한 경우 서울대학교에 근무하는 교원은 대학병원의 직무를 겸할 수 있다. <개정 2014.1.7>
② 제1항에 따른 교원의 겸직은 원장의 요청에 따라 서울대학교 총장이 허가한다. <개정 2014.1.7>
③ 제1항에 따라 대학병원의 직무를 겸하는 서울대학교의 교원의 직무 및 보수에 관한 사항은 대통령령으로 정한다. <개정 2014.1.7>
제12조(겸직)"
P05028,,조각·패널비위임,,제9조에 따라 교육부장관이 고시하는 다자녀 가구의 자녀,"① 채무자가 「병역법」에 따라 다음 각 호 중 어느 하나로 복무하는 경우 해당 복무기간에 발생하는 학자금대출 이자를 면제한다. <개정 2013.6.4, 2019.12.31, 2021.6.8>
1. 「병역법」 제16조에 따른 현역병
2. 「병역법」 제21조에 따른 상근예비역
3. 「병역법」 제2조에 따른 사회복무요원 및 대체복무요원
② 채무자가 대출시점에 다음 각 호의 어느 하나에 해당하는 경우 대출시점부터 고등교육기관을 졸업하기 전까지의 기간과 대통령령으로 정하는 연간소득금액(이하 ""연간소득금액""이라 한다)이 상환기준소득을 초과하기 전까지의 기간에 발생하는 학자금대출 이자를 면제한다. <신설 2021.6.8, 2023.12.26, 2025.11.11, 2026.2.19>
1. 「국민기초생활 보장법」 제2조제2호에 따른 수급자
2. 「국민기초생활 보장법」 제2조제10호에 따른 차상위계층
3. 대통령령으로 정하는 가구소득분위에 해당하는 사람
4. 제9조에 따라 교육부장관이 고시하는 다자녀 가구의 자녀
5. 「아동복지법」 제38조제2항에 따른 자립지원 대상자 중 교육부장관이 정하여 고시하는 사람
6. 「국민기초생활 보장법」 제2조제11호에 따른 기준 중위소득의 100분의 130 이하의 범위에서 교육부장관이 정하는 가구 소득인정액(학자금 지원을 위하여 대통령령으로 정하는 대학생 가구의 소득인정액을 말한다)에 해당하는 사람. 다만, 대출시점이 2015년 이전인 채무자의 경우 「국민기초생활 보장법」 제2조제11호에 따른 기준 중위소득의 100분의 130 이하에 준하는 사람으로서 교육부장관이 정하여 고시하는 사람
③ 삭제 <2026.2.19>
④ 채무자가 제18조제7항제2호부터 제5호까지의 어느 하나에 해당하여 대출원리금의 상환을 유예하는 경우 상환유예기간에 발생하는 학자금대출 이자를 면제한다. <신설 2023.12.26>
제16조의2(이자의 면제)"
P07421,,조각·패널비위임,,대통령령으로 정하는,"① 교육부장관은 제3조제1항에 따라 평가인정을 받은 학습과정을 마친 자에게 그에 상당하는 학점을 인정한다. <개정 2007.12.21, 2008.2.29, 2013.3.23>
② 교육부장관은 다음 각 호의 어느 하나에 해당하는 자에게 그에 상당하는 학점을 인정할 수 있다. <개정 2007.12.21, 2008.2.29, 2010.2.4, 2013.3.23, 2015.3.27, 2023.8.8>
1. 대통령령으로 정하는 학교 또는 평생교육시설에서 「고등교육법」, 「평생교육법」 또는 학칙으로 정하는 바에 따라 교육과정을 마친 자
2. 외국이나 군사분계선 이북지역에서 대학교육에 상응하는 교육과정을 마친 자
3. 「고등교육법」 제36조제1항, 「평생교육법」 제32조 또는 제33조에 따라 시간제로 등록하여 수업을 받은 자
4. 대통령령으로 정하는 자격을 취득하거나 그 자격 취득에 필요한 교육과정을 마친 자
5. 대통령령으로 정하는 시험에 합격하거나 그 시험이 면제되는 교육과정을 마친 자
6. 「무형유산의 보전 및 진흥에 관한 법률」 제17조에 따라 국가무형유산의 보유자로 인정된 사람과 그 전수교육을 받은 사람으로서 대통령령으로 정하는 사람
③ 삭제 <2001.3.28>
④ 거짓이나 그 밖의 부정한 방법으로 제1항 또는 제2항에 따른 학점인정을 받은 경우 교육부장관은 이를 취소할 수 있다. <신설 2008.3.21, 2013.3.23>
⑤ 제1항과 제2항에 따른 학점인정의 기준, 절차, 그 밖에 필요한 사항은 대통령령으로 정한다. <개정 2007.12.21, 2008.3.21>
제7조(학점인정)"
P04271,,조각·패널비위임,,사항은 교육부령으로,"① ""각종학교""란 제2조제1호부터 제4호까지의 학교와 유사한 교육기관을 말한다.
② 각종학교는 그 학교의 이름에 제2조제1호부터 제4호까지의 학교와 유사한 이름을 사용할 수 없다. 다만, 관계 법령에 따라 학력이 인정되는 각종학교(제60조의2에 따른 외국인학교와 제60조의3에 따른 대안학교를 포함한다)와 제60조의4에 따른 온라인학교는 그러하지 아니하다. <개정 2014.1.28, 2025.3.18>
③ 각종학교의 수업연한, 입학자격, 학력인정, 그 밖에 운영에 필요한 사항은 교육부령으로 정한다. <개정 2013.3.23>
제60조(각종학교)"
P06725,,조각·패널비위임,,사항은 대통령령으로,"① 제2조의2에 따른 기본계획 및 학교보건의 중요시책을 심의하기 위하여 교육감 소속으로 시ㆍ도학교보건위원회를 둔다. <개정 2008.2.29, 2012.1.26>
② 시ㆍ도학교보건위원회는 학교의 보건에 경험이 있는 15명 이내의 위원으로 구성한다. <개정 2012.1.26>
③ 시ㆍ도학교보건위원회의 기능ㆍ운영과 그 밖에 필요한 사항은 대통령령으로 정한다. <개정 2012.1.26>
제17조(학교보건위원회)"
P05154,,조각·패널비위임,,사항은 대통령령으로,"① 평생교육진흥정책에 관한 주요사항을 심의하기 위하여 교육부장관 소속으로 평생교육진흥위원회(이하 ""진흥위원회""라 한다)를 둔다. <개정 2008.2.29, 2013.3.23>
② 진흥위원회는 다음 각 호의 사항을 심의한다. <개정 2023.4.18, 2025.11.11>
1. 기본계획에 관한 사항
2. 제11조제2항에 따른 추진실적 평가에 관한 사항
3. 평생교육진흥정책의 평가 및 제도개선에 관한 사항
4. 평생교육지원 업무의 협력과 조정에 관한 사항
4의2. 「장애인평생교육법」 제9조 각 호의 사항
5. 그 밖에 평생교육진흥정책을 위하여 대통령령으로 정하는 사항
③ 진흥위원회는 위원장을 포함하여 20인 이내의 위원으로 구성한다.
④ 진흥위원회의 위원장은 교육부장관으로 하고, 위원은 평생교육과 관련된 관계 부처 차관, 평생교육ㆍ장애인교육과 관련된 전문가 등 평생교육에 관한 전문지식 및 경험이 풍부한 사람 중에서 위원장이 위촉한다. <개정 2008.2.29, 2013.3.23, 2016.5.29, 2021.3.23>
⑤ 진흥위원회의 구성ㆍ운영에 필요한 사항은 대통령령으로 정한다.
제10조(평생교육진흥위원회의 설치)"
P00591,,조각·패널비위임,,사항은 대통령령으로,"① 교육공무원으로 20년 이상 근속한 사람이 정년 전에 스스로 퇴직하는 경우에는 예산의 범위에서 명예퇴직수당을 지급할 수 있다.
② 제1항에 따른 교육공무원 중 교장ㆍ원장이 임기가 끝나기 전에 스스로 퇴직하는 경우 그 정년은 제47조에 따른 연령으로 본다. <개정 2012.3.21>
③ 제1항의 명예퇴직수당의 지급대상 범위, 지급액 및 지급절차와 그 밖에 필요한 사항은 대통령령으로 정한다.
제36조(명예퇴직)"
P07010,,조각·패널비위임,,"사항은 대통령령으로, 학교체육진흥지역위원회의","① 학교체육 진흥에 관한 중요 사항을 심의하기 위하여 교육부장관과 문화체육관광부장관 소속으로 학교체육진흥중앙위원회를, 시ㆍ도 및 시ㆍ도교육청과 시ㆍ군ㆍ구 및 교육지원청 소속으로 학교체육진흥지역위원회를 설치하여 운영한다. <개정 2013.3.23>
② 학교체육진흥중앙위원회 및 학교체육진흥지역위원회는 직무수행을 위하여 필요한 경우 관계 공무원 또는 전문적인 지식이나 경험이 있는 관계 전문가를 참석하게 하여 의견을 듣거나 관련 기관ㆍ단체 등에 자료 또는 의견 제출 등 협조를 요청할 수 있다.
③ 학교체육진흥중앙위원회 및 학교체육진흥지역위원회 위원의 일정 비율 이상은 여성으로 한다. <신설 2016.2.3>
④ 학교체육진흥중앙위원회의 구성 및 운영 등에 필요한 사항은 대통령령으로, 학교체육진흥지역위원회의 구성 및 운영 등에 필요한 사항은 해당 시ㆍ도의 조례로 정한다. <개정 2016.2.3>
제16조(학교체육진흥위원회 등)"
P07447,,조각·패널비위임,,교육부령으로 정하는 학위증서를,"① 법 제9조제1항에 따른 학위를 받으려는 사람은 교육부령으로 정하는 신청서에 관련 서류를 첨부하여 교육부장관에게 제출하여야 한다. <개정 2011.6.27, 2013.3.23, 2015.9.25>
② 교육부장관은 제1항에 따라 신청을 받은 경우 그 신청 내용이 학위수여 요건을 충족하는지를 조사ㆍ확인하여 학위수여 여부를 결정한 후 신청인에게 통지하여야 한다. 이 경우 학위수여의 통지는 교육부령으로 정하는 학위증서를 발급하는 것으로 갈음할 수 있다. <개정 2011.6.27, 2013.3.23, 2023.1.10>
③ 삭제 <2008.9.18>
④ 법 제9조제2항에 따른 학위수여 절차에 관하여는 해당 대학 등의 학칙에서 정하는 바에 따른다. <개정 2011.6.27>
제15조(학위수여 절차)"
P04264,,조각·패널비위임,,사항은 대통령령으로,"① 고등학교에 입학할 수 있는 사람은 중학교를 졸업한 사람, 제27조의2제1항에 따라 중학교를 졸업한 사람과 동등한 학력이 인정되는 시험에 합격한 사람, 그 밖에 법령에 따라 이와 같은 수준 이상의 학력이 있다고 인정된 사람으로 한다. <개정 2021.3.23>
② 그 밖에 고등학교의 입학방법과 절차 등에 필요한 사항은 대통령령으로 정한다.
제47조(입학자격 등)"
P07035,,조각·패널비위임,,사항은 대통령령으로,"① 학교체육 진흥을 위한 다음 각 호의 사업과 활동을 위하여 교육부장관 소속으로 학교체육진흥원을 설립할 수 있다. <개정 2013.3.23, 2016.2.3>
1. 학교체육 진흥을 위한 정책연구
2. 체육활동 프로그램의 개발 및 보급
3. 학생 체력통계의 체계적 수집 및 분석
4. 제8조에 따른 학생건강체력평가의 종목ㆍ평가기준 및 시스템 개발ㆍ운영
5. 여학생의 체육활동 활성화 지원
6. 그 밖에 학교체육 진흥에 필요한 사항
② 제1항에 따른 학교체육진흥원의 구성ㆍ운영 등에 필요한 사항은 대통령령으로 정한다.
제17조(학교체육진흥원)"
P07188,,조각·패널비위임,,갖추어 대통령령으로,"① 학원을 설립ㆍ운영하려는 자는 제8조에 따른 시설과 설비를 갖추어 대통령령으로 정하는 바에 따라 설립자의 인적사항, 교습과정, 강사명단, 교습비등, 시설ㆍ설비 등을 학원설립ㆍ운영등록신청서에 기재하여 교육감에게 등록하여야 한다. 등록한 사항 중 교습과정, 강사명단, 교습비등, 그 밖에 대통령령으로 정하는 사항을 변경하려는 경우에도 또한 같다. <개정 2011.7.25>
② 숙박시설을 갖춘 학교교과교습학원의 등록은 대통령령으로 정하는 범위에서 관할 지역의 교육여건과 수강생의 안전 및 숙박시설의 필요성 등을 고려하여 시ㆍ도의 조례로 정하는 기준에 맞는 경우에만 할 수 있다.
③ 교육감은 제1항에 따라 등록한 자에게 교육부령으로 정하는 바에 따라 등록증명서를 발급하여야 한다. <신설 2016.5.29>
④ 학원설립ㆍ운영자는 제3항에 따라 발급받은 등록증명서를 학원에 게시하여야 한다. <신설 2016.5.29>
⑤ 학원설립ㆍ운영자가 제3항에 따라 발급받은 등록증명서를 잃어버리거나 그 등록증명서가 못 쓰게 된 경우에는 교육부령으로 정하는 바에 따라 교육감에게 재발급을 신청하여야 한다. <신설 2016.5.29>
⑥ 교육감은 다음 각 호의 어느 하나에 해당하는 경우 제1항에 따른 등록을 거부할 수 있다. <신설 2016.5.29>
1. 제17조제1항에 따른 등록말소처분이 있은 날부터 1년 이내에 해당 장소에서 동일한 교습과정을 교습하는 학원의 설립ㆍ운영을 등록하려는 경우
2. 제17조제1항에 따른 교습정지처분의 정지 기간 내에 해당 장소에서 동일한 교습과정을 교습하는 학원의 설립ㆍ운영을 등록하려는 경우
제6조(학원 설립ㆍ운영의 등록)"
P05126,,조각·패널비위임,,교육부령으로 정하는,"① 원천공제의무자의 사업장 소재지 관할 세무서장은 법 제24조제1항에 따라 근로소득자의 대출원리금 상환을 위하여 채무자와 원천공제의무자에게 원천공제금액을 통지하는 경우 다음 각 호의 기한 이내에 교육부령으로 정하는 원천공제통지서에 의하여 이를 통지하여야 한다. <개정 2013.3.23, 2016.7.19>
1. 연말정산 신고: 신고연도의 6월 30일
2. 대출원리금을 결정 또는 경정하는 경우: 그 결정일 또는 경정일부터 15일 이내
3. 채무자가 이직을 한 경우: 다음 각 목에 따른 날 중 먼저 도래하는 날. 다만, 다음 각 목에 따른 날이 같은 경우에는 그 날로 한다.
가. 채무자가 이직신고를 한 날이 속하는 달의 다음 달 말일
나. 원천공제의무자의 사업장 소재지 관할 세무서장이 채무자의 이직 사실을 알게 된 날이 속하는 달의 다음 달 말일
② 제1항에 따른 원천공제통지서에는 다음 각 호의 사항이 포함되어야 한다. <개정 2013.3.23>
1. 매년 근로소득의 변동에 연계하여 의무상환액을 상환하여야 한다는 사실
2. 채무자가 퇴직 또는 이직하는 경우 그 사실의 신고의무
3. 퇴직소득이 발생하는 경우 퇴직소득에 따른 의무상환액의 상환의무
4. 원천공제의무자가 상환원리금의 원천공제를 한다는 사실
5. 그 밖에 대출원리금의 원천공제를 위하여 교육부장관이 정하는 사항
③법 제24조제2항에 따라 원천공제의무자가 매월 납부하여야 하는 금액은 법 제18조제2항에 따라 근로소득금액 또는 연금소득금액에 기초하여 산정되는 의무상환액을 12개월로 나눈 금액으로 하되, 채무자의 이직 등으로 해당 원천공제기간 중에 직장이 변경되는 경우에는 변경 후 원천공제의무자는 다음 계산식에 따른 금액을 원천공제한다. <개정 2016.7.19>월별 원천공제금액 = (근로소득 또는 연금소득의 연간 의무상환액 - 이미 납부한 의무상환액)/해당 원천공제기간의 남은 기간 월 수
④ 원천공제의무자는 제1항에 따른 원천공제통지서를 받은 날이 속하는 달의 다음 달 급여지급분부터 원천공제한다.
⑤ 제3항 및 제4항에도 불구하고 제1항제2호의 경우에는 교육부령으로 정하는 바에 따라 의무상환액을 통지받은 달의 다음 달 급여지급분에서 무납부 또는 과소납부한 의무상환액을 원천공제하여야 한다. <개정 2013.3.23>
⑥ 원천공제의무자가 법 제24조제2항에 따라 원천공제한 의무상환액의 납부지는 「소득세법」 제7조 및 「법인세법」 제9조를 준용한다. 다만, 법인이 지점ㆍ영업소, 그 밖의 사업장에서 지급하는 소득에 대한 원천공제금액을 본점등에서 전자계산조직 등을 통하여 일괄계산하는 경우로서 「법인세법」 제9조에 따라 일괄납부승인을 받은 사업자는 본점등에서 일괄하여 납부할 수 있으며, 이 경우 원천공제한 의무상환액은 교육부령으로 정하는 납부서를 첨부하여 교육부장관이 정하는 수납기관에 납부하여야 한다. <개정 2013.3.23>
⑦ 법 제24조제3항에서 ""대통령령으로 정하는 귀책사유""란 채무자가 본인의 근로소득에서 원천공제의무자가 의무상환액을 공제한 사실을 입증하지 못하는 경우와 그 밖에 이에 준하는 사유로서 교육부령으로 정하는 경우를 말한다. <개정 2013.3.23>
⑧ 법 제24조제4항에서 ""퇴직 등 대통령령으로 정하는 사유로 원천공제의무자가 없는 경우""란 채무자의 이직ㆍ퇴직, 원천공제의무자의 폐업 등으로 원천공제의무자가 없는 경우를 말한다.
⑨ 법 제24조제4항에 따라 채무자가 의무상환액을 직접 납부하는 경우 제3항에 따른 해당 원천공제기간 종료일까지 교육부령으로 정하는 납부서를 첨부하여 교육부장관이 정하는 수납기관에 납부하여야 한다. <개정 2013.3.23>
⑩ 제3항 및 제4항에 따라 원천공제를 하는 경우 공제하여야 할 의무상환액이 지급할 근로소득 또는 연금소득의 금액을 초과할 때에는 그 초과하는 금액은 그 다음 달의 근로소득 또는 연금소득을 지급할 때에 원천공제한다.
⑪ 제1항부터 제10항까지에서 규정한 사항 외에 대출원리금의 원천공제와 관련하여 필요한 사항은 교육부령으로 정한다. <개정 2013.3.23>
제21조(근로소득이 있는 채무자에 대한 대출원리금 원천공제)"
P07156,,조각·패널비위임,,사항은 대통령령으로,"① 올바른 연구윤리 확보를 위하여 연구자 및 대학등은 다음 각 호의 연구부정행위(이하 ""연구부정행위""라 한다)를 하여서는 아니 된다. <신설 2020.12.22>
1. 연구자료 또는 연구결과를 위조ㆍ변조ㆍ표절하거나 저자를 부당하게 표시하는 행위
2. 그 밖에 연구활동의 건전성을 저해하는 행위로서 대통령령으로 정하는 행위
② 교육부장관은 학술진흥을 방해하는 연구자의 연구부정행위를 방지하고 건전한 학술연구의 분위기가 조성될 수 있도록 연구윤리 확보를 위한 지침(이하 ""연구윤리지침""이라 한다)을 마련하는 등 연구윤리 확보를 위한 시책을 세우고 추진하여야 한다. <개정 2013.3.23, 2020.12.22, 2021.3.23>
③ 교육부장관은 제2항의 연구윤리 확보를 위한 시책을 효율적으로 추진하기 위하여 대학등의 활동에 필요한 경비의 일부 또는 전부를 지원할 수 있다. <개정 2013.3.23, 2020.12.22>
④ 대학등은 연구윤리지침에 따라 연구부정행위의 방지 및 검증을 위한 자체 연구윤리규정을 마련하여 시행하는 등 필요한 조치를 하여야 한다. <개정 2013.3.23, 2020.12.22>
⑤ 제2항에 따른 연구윤리지침의 작성, 제3항에 따른 정부의 지원 및 제4항에 따른 대학등의 조치에 필요한 사항은 대통령령으로 정한다. <개정 2020.12.22>
제15조(연구윤리의 확보)"
P06185,,조각·패널비위임,,사항은 대통령령으로,"① 다음 각 호의 어느 하나에 해당하는 자는 교육부장관의 인가를 받아 전문대학 또는 대학졸업자와 동등한 학력ㆍ학위가 인정되는 평생교육시설을 설치ㆍ운영하거나 「고등교육법」 제2조에 따른 학교에 위탁하여 운영할 수 있다. <개정 2008.2.29, 2009.5.8, 2013.3.23, 2023.4.18>
1. 대통령령으로 정하는 규모 이상의 사업장(공동으로 참여하는 사업장도 포함한다)의 경영자
2. 「산업입지 및 개발에 관한 법률」에 따라 설립된 산업단지 입주기업의 연합체(이하 ""산업단지 기업연합체""라 한다). 이 경우 산업단지 기업연합체는 제1호에서 대통령령으로 정하는 규모 이상이어야 한다.
3. 「산업발전법」 제12조제2항에 따라 구성된 산업부문별 인적자원개발협의체(이하 ""산업별 협의체""라 한다). 이 경우 산업별 협의체는 제1호에서 대통령령으로 정하는 규모 이상이어야 한다.
② 제1항에 따른 사내대학형태의 평생교육시설은 다음 각 호의 어느 하나에 해당하는 사람을 대상으로 한다. <개정 2013.12.30, 2023.4.18>
1. 해당 사업장 또는 산업단지 기업연합체에 속한 사업장에 고용된 종업원
2. 해당 사업장 또는 산업단지 기업연합체에 속한 사업장에서 일하는 다른 업체의 종업원
3. 해당 사업장 또는 산업단지 기업연합체에 속한 사업장과 하도급 관계에 있는 업체 또는 부품ㆍ재료 공급 등을 통하여 해당 사업장 또는 산업단지 기업연합체에 속한 사업장과 협력관계에 있는 업체의 종업원
4. 해당 사업장 또는 산업단지 기업연합체에 속한 사업장과 동종 업종 또는 관련 분야에 속하는 업체의 종업원
5. 산업별 협의체의 해당 업종 또는 관련 분야에 속하는 업체의 종업원
③ 제1항에 따른 사내대학형태의 평생교육시설에서의 교육에 필요한 비용은 제2항 각 호에 해당하는 사람을 고용한 고용주가 부담하는 것을 원칙으로 한다. <신설 2013.12.30>
④ 제1항에 따른 사내대학형태의 평생교육시설의 설치기준ㆍ학점제등 운영에 필요한 사항은 대통령령으로 정한다. <개정 2013.12.30>
⑤ 제1항에 따른 사내대학형태의 평생교육시설을 폐쇄하고자 하는 경우에는 재학생 보호방안 등 대통령령으로 정하는 사항을 갖추어 교육부장관에게 신고하여야 한다. <개정 2008.2.29, 2013.3.23, 2013.12.30, 2023.4.18>
제32조(사내대학형태의 평생교육시설)"
P07500,,조각·패널비위임,,사항은 대통령령으로,"① 재단은 이사회의 의결을 거쳐 교육부장관의 승인을 받아 학자금 지원 재원(財源)을 조성하기 위한 채권(債券)을 발행할 수 있다. <개정 2013.3.23>
② 교육부장관은 제1항에 따른 채권 발행을 승인하려면 미리 재정경제부장관과 협의하여야 한다. <개정 2013.3.23, 2025.10.1>
③ 삭제 <2010.1.22>
④ 삭제 <2010.1.22>
⑤ 정부는 재단이 발행하는 채권 원리금의 상환을 보증할 수 있다.
⑥ 재단이 발행하는 채권은 「자본시장과 금융투자업에 관한 법률」 제4조제3항에 따른 특수채증권으로 본다. <신설 2010.1.22>
⑦ 제1항ㆍ제2항ㆍ제5항 및 제6항에서 규정한 사항 외에 채권의 발행에 필요한 사항은 대통령령으로 정한다. <개정 2010.1.22>
제18조(채권의 발행)"
P00470,,조각·패널비위임,,2. 영 제17조제1항제3호 후단에 따른 지방자치단체의 인사규칙에서 정하는 바에 따라 자격증 소지를 의무화하는 특수직급의 신규임용시험 또는 전직시험에 응시하여 임용된 사람의 해당 자격증,"① 임용권자는 5급 이하 공무원ㆍ연구사 및 지도사가 다음 각 호의 어느 하나에 해당하는 자격증 또는 검정시험 합격확인서 등(이하 ""자격증등""이라 한다)을 소지한 경우에는 영 제32조제2항 및 연구ㆍ지도직규정 제14조제2항에 따라 가산점을 줄 수 있다. <개정 2022.9.1>
1. 「자격기본법」 제12조에 따른 국가자격증 및 같은 법 제23조에 따른 공인자격증 중 임용권자가 직무수행과 밀접한 관련이 있다고 인정하여 지정하는 자격증
2. 외국에서 취득한 자격증 중 임용권자가 제1호에 따른 자격증과 동일하거나 동등하다고 인정하는 자격증
3. 그 밖에 임용권자가 직무수행과 밀접한 관련이 있다고 인정하여 지정하는 자격증 또는 검증시험 합격확인서 등
② 삭제 <2022.9.1>
③ 제1항에도 불구하고 다음 각 호의 어느 하나에 해당하는 자격증등(제1호, 제2호 및 제5호의 경우에는 해당 자격증 종목의 하위 등급 자격증을 포함한다)을 소지한 경우에는 가산점을 줄 수 없다. <개정 2022.9.1>
1. 「지방공무원법」 제27조제2항제2호에 따른 자격증 소지자로서 영 제55조제1항제1호에 따라 경력경쟁임용시험의 필기시험을 실시하지 아니하고 임용된 사람의 해당 자격증
2. 영 제17조제1항제3호 후단에 따른 지방자치단체의 인사규칙에서 정하는 바에 따라 자격증 소지를 의무화하는 특수직급의 신규임용시험 또는 전직시험에 응시하여 임용된 사람의 해당 자격증
3. 공무원으로 재직함으로써 시험과목의 전부를 면제받거나 자동적으로 취득한 자격증
4. 유효기간이 지난 자격증등
5. 승진임용 시 이미 가산점이 반영된 자격증등
④ 가산점을 줄 수 있는 자격증등이 둘 이상인 경우에는 그 중 가산점이 높은 하나에 대해서만 가산점을 줄 수 있다.
⑤ 삭제 <2022.9.1>
⑥ 삭제 <2022.9.1>
제23조(자격증 등의 가산점)"
P04243,,조각·패널비위임,,사항은 대통령령으로,"① 중학교에 입학할 수 있는 사람은 초등학교를 졸업한 사람, 제27조의2제1항에 따라 초등학교를 졸업한 사람과 동등한 학력이 인정되는 시험에 합격한 사람, 그 밖에 법령에 따라 이와 같은 수준 이상의 학력이 있다고 인정된 사람으로 한다. <개정 2021.3.23>
② 그 밖에 중학교의 입학 방법과 절차 등에 필요한 사항은 대통령령으로 정한다.
제43조(입학자격 등)"
P07036,,조각·패널비위임,,사항은 대통령령으로,"① 학교체육 진흥을 위한 다음 각 호의 사업과 활동을 위하여 교육부장관 소속으로 학교체육진흥원을 설립할 수 있다. <개정 2013.3.23, 2016.2.3>
1. 학교체육 진흥을 위한 정책연구
2. 체육활동 프로그램의 개발 및 보급
3. 학생 체력통계의 체계적 수집 및 분석
4. 제8조에 따른 학생건강체력평가의 종목ㆍ평가기준 및 시스템 개발ㆍ운영
5. 여학생의 체육활동 활성화 지원
6. 그 밖에 학교체육 진흥에 필요한 사항
② 제1항에 따른 학교체육진흥원의 구성ㆍ운영 등에 필요한 사항은 대통령령으로 정한다.
제17조(학교체육진흥원)"
P06182,,조각·패널비위임,,사항은 대통령령으로,"① 다음 각 호의 어느 하나에 해당하는 자는 교육부장관의 인가를 받아 전문대학 또는 대학졸업자와 동등한 학력ㆍ학위가 인정되는 평생교육시설을 설치ㆍ운영하거나 「고등교육법」 제2조에 따른 학교에 위탁하여 운영할 수 있다. <개정 2008.2.29, 2009.5.8, 2013.3.23, 2023.4.18>
1. 대통령령으로 정하는 규모 이상의 사업장(공동으로 참여하는 사업장도 포함한다)의 경영자
2. 「산업입지 및 개발에 관한 법률」에 따라 설립된 산업단지 입주기업의 연합체(이하 ""산업단지 기업연합체""라 한다). 이 경우 산업단지 기업연합체는 제1호에서 대통령령으로 정하는 규모 이상이어야 한다.
3. 「산업발전법」 제12조제2항에 따라 구성된 산업부문별 인적자원개발협의체(이하 ""산업별 협의체""라 한다). 이 경우 산업별 협의체는 제1호에서 대통령령으로 정하는 규모 이상이어야 한다.
② 제1항에 따른 사내대학형태의 평생교육시설은 다음 각 호의 어느 하나에 해당하는 사람을 대상으로 한다. <개정 2013.12.30, 2023.4.18>
1. 해당 사업장 또는 산업단지 기업연합체에 속한 사업장에 고용된 종업원
2. 해당 사업장 또는 산업단지 기업연합체에 속한 사업장에서 일하는 다른 업체의 종업원
3. 해당 사업장 또는 산업단지 기업연합체에 속한 사업장과 하도급 관계에 있는 업체 또는 부품ㆍ재료 공급 등을 통하여 해당 사업장 또는 산업단지 기업연합체에 속한 사업장과 협력관계에 있는 업체의 종업원
4. 해당 사업장 또는 산업단지 기업연합체에 속한 사업장과 동종 업종 또는 관련 분야에 속하는 업체의 종업원
5. 산업별 협의체의 해당 업종 또는 관련 분야에 속하는 업체의 종업원
③ 제1항에 따른 사내대학형태의 평생교육시설에서의 교육에 필요한 비용은 제2항 각 호에 해당하는 사람을 고용한 고용주가 부담하는 것을 원칙으로 한다. <신설 2013.12.30>
④ 제1항에 따른 사내대학형태의 평생교육시설의 설치기준ㆍ학점제등 운영에 필요한 사항은 대통령령으로 정한다. <개정 2013.12.30>
⑤ 제1항에 따른 사내대학형태의 평생교육시설을 폐쇄하고자 하는 경우에는 재학생 보호방안 등 대통령령으로 정하는 사항을 갖추어 교육부장관에게 신고하여야 한다. <개정 2008.2.29, 2013.3.23, 2013.12.30, 2023.4.18>
제32조(사내대학형태의 평생교육시설)"
P04242,,조각·패널비위임,,사항은 대통령령으로,"① 중학교에 입학할 수 있는 사람은 초등학교를 졸업한 사람, 제27조의2제1항에 따라 초등학교를 졸업한 사람과 동등한 학력이 인정되는 시험에 합격한 사람, 그 밖에 법령에 따라 이와 같은 수준 이상의 학력이 있다고 인정된 사람으로 한다. <개정 2021.3.23>
② 그 밖에 중학교의 입학 방법과 절차 등에 필요한 사항은 대통령령으로 정한다.
제43조(입학자격 등)"
P04070,,조각·패널비위임,,대하여는 대통령령으로,"① 질병ㆍ발육 상태 등 부득이한 사유로 취학이 불가능한 의무교육대상자에 대하여는 대통령령으로 정하는 바에 따라 제13조에 따른 취학 의무를 면제하거나 유예할 수 있다.
② 제1항에 따라 취학 의무를 면제받거나 유예받은 사람이 다시 취학하려면 대통령령으로 정하는 바에 따라 학습능력을 평가한 후 학년을 정하여 취학하게 할 수 있다.
제14조(취학 의무의 면제 등)"
P00479,,조각·패널비위임,,2. 영 제17조제1항제3호 후단에 따른 지방자치단체의 인사규칙에서 정하는 바에 따라 자격증 소지를 의무화하는 특수직급의 신규임용시험 또는 전직시험에 응시하여 임용된 사람의 해당 자격증,"① 임용권자는 5급 이하 공무원ㆍ연구사 및 지도사가 다음 각 호의 어느 하나에 해당하는 자격증 또는 검정시험 합격확인서 등(이하 ""자격증등""이라 한다)을 소지한 경우에는 영 제32조제2항 및 연구ㆍ지도직규정 제14조제2항에 따라 가산점을 줄 수 있다. <개정 2022.9.1>
1. 「자격기본법」 제12조에 따른 국가자격증 및 같은 법 제23조에 따른 공인자격증 중 임용권자가 직무수행과 밀접한 관련이 있다고 인정하여 지정하는 자격증
2. 외국에서 취득한 자격증 중 임용권자가 제1호에 따른 자격증과 동일하거나 동등하다고 인정하는 자격증
3. 그 밖에 임용권자가 직무수행과 밀접한 관련이 있다고 인정하여 지정하는 자격증 또는 검증시험 합격확인서 등
② 삭제 <2022.9.1>
③ 제1항에도 불구하고 다음 각 호의 어느 하나에 해당하는 자격증등(제1호, 제2호 및 제5호의 경우에는 해당 자격증 종목의 하위 등급 자격증을 포함한다)을 소지한 경우에는 가산점을 줄 수 없다. <개정 2022.9.1>
1. 「지방공무원법」 제27조제2항제2호에 따른 자격증 소지자로서 영 제55조제1항제1호에 따라 경력경쟁임용시험의 필기시험을 실시하지 아니하고 임용된 사람의 해당 자격증
2. 영 제17조제1항제3호 후단에 따른 지방자치단체의 인사규칙에서 정하는 바에 따라 자격증 소지를 의무화하는 특수직급의 신규임용시험 또는 전직시험에 응시하여 임용된 사람의 해당 자격증
3. 공무원으로 재직함으로써 시험과목의 전부를 면제받거나 자동적으로 취득한 자격증
4. 유효기간이 지난 자격증등
5. 승진임용 시 이미 가산점이 반영된 자격증등
④ 가산점을 줄 수 있는 자격증등이 둘 이상인 경우에는 그 중 가산점이 높은 하나에 대해서만 가산점을 줄 수 있다.
⑤ 삭제 <2022.9.1>
⑥ 삭제 <2022.9.1>
제23조(자격증 등의 가산점)"
P00595,,조각·패널비위임,,사항은 대통령령으로,"① 교육공무원으로 20년 이상 근속한 사람이 정년 전에 스스로 퇴직하는 경우에는 예산의 범위에서 명예퇴직수당을 지급할 수 있다.
② 제1항에 따른 교육공무원 중 교장ㆍ원장이 임기가 끝나기 전에 스스로 퇴직하는 경우 그 정년은 제47조에 따른 연령으로 본다. <개정 2012.3.21>
③ 제1항의 명예퇴직수당의 지급대상 범위, 지급액 및 지급절차와 그 밖에 필요한 사항은 대통령령으로 정한다.
제36조(명예퇴직)"
P04094,,조각·패널비위임,,사항은 대통령령으로,"① 교육과정을 운영하기 위하여 필요하면 학교에 제19조제1항에 따른 교원 외에 산학겸임교사ㆍ명예교사 또는 강사 등을 두어 학생의 교육을 담당하게 할 수 있다. 이 경우 국립ㆍ공립 학교는 「교육공무원법」 제10조의3제1항 및 제10조의4를, 사립학교는 「사립학교법」 제54조의3제4항 및 제5항을 각각 준용한다
② 제1항에 따라 학교에 두는 산학겸임교사 등의 종류ㆍ자격기준 및 임용 등에 필요한 사항은 대통령령으로 정한다.
제22조(산학겸임교사 등)"
P00473,,조각·패널비위임,,2. 영 제17조제1항제3호 후단에 따른 지방자치단체의 인사규칙에서 정하는 바에 따라 자격증 소지를 의무화하는 특수직급의 신규임용시험 또는 전직시험에 응시하여 임용된 사람의 해당 자격증,"① 임용권자는 5급 이하 공무원ㆍ연구사 및 지도사가 다음 각 호의 어느 하나에 해당하는 자격증 또는 검정시험 합격확인서 등(이하 ""자격증등""이라 한다)을 소지한 경우에는 영 제32조제2항 및 연구ㆍ지도직규정 제14조제2항에 따라 가산점을 줄 수 있다. <개정 2022.9.1>
1. 「자격기본법」 제12조에 따른 국가자격증 및 같은 법 제23조에 따른 공인자격증 중 임용권자가 직무수행과 밀접한 관련이 있다고 인정하여 지정하는 자격증
2. 외국에서 취득한 자격증 중 임용권자가 제1호에 따른 자격증과 동일하거나 동등하다고 인정하는 자격증
3. 그 밖에 임용권자가 직무수행과 밀접한 관련이 있다고 인정하여 지정하는 자격증 또는 검증시험 합격확인서 등
② 삭제 <2022.9.1>
③ 제1항에도 불구하고 다음 각 호의 어느 하나에 해당하는 자격증등(제1호, 제2호 및 제5호의 경우에는 해당 자격증 종목의 하위 등급 자격증을 포함한다)을 소지한 경우에는 가산점을 줄 수 없다. <개정 2022.9.1>
1. 「지방공무원법」 제27조제2항제2호에 따른 자격증 소지자로서 영 제55조제1항제1호에 따라 경력경쟁임용시험의 필기시험을 실시하지 아니하고 임용된 사람의 해당 자격증
2. 영 제17조제1항제3호 후단에 따른 지방자치단체의 인사규칙에서 정하는 바에 따라 자격증 소지를 의무화하는 특수직급의 신규임용시험 또는 전직시험에 응시하여 임용된 사람의 해당 자격증
3. 공무원으로 재직함으로써 시험과목의 전부를 면제받거나 자동적으로 취득한 자격증
4. 유효기간이 지난 자격증등
5. 승진임용 시 이미 가산점이 반영된 자격증등
④ 가산점을 줄 수 있는 자격증등이 둘 이상인 경우에는 그 중 가산점이 높은 하나에 대해서만 가산점을 줄 수 있다.
⑤ 삭제 <2022.9.1>
⑥ 삭제 <2022.9.1>
제23조(자격증 등의 가산점)"
P04247,,조각·패널비위임,,사항은 대통령령으로,"① 중학교에 입학할 수 있는 사람은 초등학교를 졸업한 사람, 제27조의2제1항에 따라 초등학교를 졸업한 사람과 동등한 학력이 인정되는 시험에 합격한 사람, 그 밖에 법령에 따라 이와 같은 수준 이상의 학력이 있다고 인정된 사람으로 한다. <개정 2021.3.23>
② 그 밖에 중학교의 입학 방법과 절차 등에 필요한 사항은 대통령령으로 정한다.
제43조(입학자격 등)"
P03326,,조각·패널비위임,,대통령령으로 정한,"①교육감 소속하에 국가공무원으로 보하는 부교육감 1인(인구 800만명 이상이고 학생 150만명 이상인 시ㆍ도는 2인)을 두되, 대통령령으로 정하는 바에 따라 「국가공무원법」 제2조의2의 규정에 따른 고위공무원단에 속하는 일반직공무원 또는 장학관으로 보한다. <개정 2020.12.22, 2021.3.23>
②부교육감은 해당 시ㆍ도의 교육감이 추천한 사람을 교육부장관의 제청으로 국무총리를 거쳐 대통령이 임명한다. <개정 2008.2.29, 2013.3.23, 2021.3.23>
③부교육감은 교육감을 보좌하여 사무를 처리한다.
④제1항의 규정에 따라 부교육감 2인을 두는 경우에 그 사무 분장에 관한 사항은 대통령령으로 정한다. 이 경우 그중 1인으로 하여금 특정 지역의 사무를 담당하게 할 수 있다.
⑤교육감 소속하에 보조기관을 두되, 그 설치ㆍ운영 등에 관하여 필요한 사항은 대통령령으로 정한 범위 안에서 조례로 정한다. <개정 2021.3.23>
⑥교육감은 제5항의 규정에 따른 보조기관의 설치ㆍ운영에 있어서 합리화를 도모하고 다른 시ㆍ도와의 균형을 유지하여야 한다.
제30조(보조기관)"
P06200,,조각·패널비위임,,필요한 사항은 대통령령으로,"① 누구든지 정보통신매체를 이용하여 특정 또는 불특정 다수인에게 원격교육을 실시하거나 다양한 정보를 제공하는 등의 평생교육을 실시할 수 있다.
② 제1항에 따라 불특정 다수인을 대상으로 학습비를 받고 교육을 실시하고자 하는 경우(「학원의 설립ㆍ운영 및 과외교습에 관한 법률」 제2조의2제1항제1호의 학교교과교습학원에 해당하는 경우는 제외한다)에는 대통령령으로 정하는 바에 따라 교육감에게 신고하여야 한다. 이를 폐쇄하고자 하는 경우에는 그 사실을 교육감에게 통보하여야 한다. <개정 2008.2.29, 2011.7.25, 2013.3.23, 2013.12.30>
③ 제1항에 따라 전문대학 또는 대학졸업자와 동등한 학력ㆍ학위가 인정되는 원격대학형태의 평생교육시설을 설치하고자 하는 경우에는 대통령령으로 정하는 바에 따라 교육부장관의 인가를 받아야 한다. 이를 폐쇄하고자 하는 경우에는 교육부장관에게 신고하여야 한다. <개정 2008.2.29, 2013.3.23>
④ 교육부장관은 제3항에 따라 인가한 원격대학형태의 평생교육시설에 대하여는 평가를 실시하고 그 결과를 공개하여야 한다. <개정 2008.2.29, 2013.3.23>
⑤ 제3항에 따른 원격대학형태의 평생교육시설의 설치기준, 학사관리 등 운영방법과 제4항에 따른 평가에 필요한 사항은 대통령령으로 정한다.
⑥ 제28조제2항 각 호의 어느 하나에 해당하는 자는 원격대학형태의 평생교육시설의 설치자가 될 수 없다.
제33조(원격대학형태의 평생교육시설)"
P01772,,조각·패널비위임,,대통령령으로 정하는,"① 산학협력단 및 제2조제2호다목에 해당하는 산업교육기관 중 대통령령으로 정하는 산업교육기관(이하 ""산학협력단등""이라 한다)은 단독으로 또는 다음 각 호의 어느 하나에 해당하는 기관과 공동으로 기술지주회사를 설립할 수 있다. <개정 2011.7.25, 2013.12.30>
1. 다른 대학의 산학협력단
2. 학교법인(그 학교에 산학협력단이 없는 경우만 해당한다)
3. 연구기관
② 기술지주회사는 다음 각 호의 요건을 갖추어 교육부장관의 설립인가를 받아야 한다. 설립인가에 필요한 절차에 관하여는 교육부령으로 정한다. <개정 2008.2.29, 2011.7.25, 2013.3.23, 2013.12.30, 2024.12.20>
1. 주식회사일 것
2. 임원이 「국가공무원법」 제33조제1항 각 호에 따른 결격사유에 해당하지 아니할 것
3. 산학협력단등(제1항 각 호의 기관과 공동으로 기술지주회사를 설립하는 경우에는 제1항 각 호의 기관을 포함한다. 이하 같다)이 자본금의 100분의 30을 초과하여 기술을 현물출자할 것
4. 산학협력단등이 발행 주식 총수의 100분의 50을 초과하여 보유할 것
5. 그 밖에 대통령령으로 정하는 기준을 갖출 것
③ 산학협력단등이 기술지주회사에 기술을 현물출자하는 경우에 「기술의 이전 및 사업화 촉진에 관한 법률」 제35조제1항에 따라 지정된 기술평가기관이 그 가치를 평가하여 법원에 보고한 경우에는 이로써 「상법」 제299조, 제299조의2 및 제310조에 따른 조사ㆍ보고 또는 감정을 갈음할 수 있다. <개정 2013.12.30>
④ 기술지주회사는 자회사의 설립ㆍ경영관리 및 이에 딸린 업무와 기술지주회사 운영을 위한 업무로서 대통령령으로 정하는 업무를 할 수 있다. <개정 2011.7.25>
⑤ 국가 또는 지방자치단체는 기술지주회사 등의 설립ㆍ운영에 필요한 비용의 전부 또는 일부를 예산의 범위에서 지원할 수 있다. <신설 2011.7.25>
⑥ 제2항에 따른 설립인가를 받은 기술지주회사는 기술지주회사의 분할ㆍ합병 등으로 출자내역 및 비율 등 대통령령으로 정한 인가받은 사항을 변경하려는 경우 교육부령으로 정하는 바에 따라 교육부장관의 변경인가를 받아야 한다. <신설 2024.12.20>
제36조의2(기술지주회사의 설립ㆍ운영)"
P02107,,조각·패널비위임,,교육부령,"① 국가나 지방자치단체, 사회복지법인, 그 밖의 비영리법인이 설치한 어린이집과 대통령령으로 정하는 어린이집의 원장은 다음 각 호의 어느 하나에 해당하는 자가 우선적으로 어린이집을 이용할 수 있도록 하여야 한다. 다만, 「고용정책 기본법」 제40조제2항에 따라 고용촉진시설의 설치ㆍ운영을 위탁받은 공공단체 또는 비영리법인이 설치ㆍ운영하는 어린이집의 원장은 근로자의 자녀가 우선적으로 어린이집을 이용하게 할 수 있다. <개정 2007.10.17, 2008.2.29, 2009.10.9, 2010.1.18, 2011.6.7, 2013.8.13, 2016.2.3, 2017.3.14, 2017.12.19, 2018.12.11, 2023.8.8, 2023.12.26>
1. 「국민기초생활 보장법」에 따른 수급자
2. 「한부모가족지원법」 제5조에 따른 지원대상자의 자녀
2의2. 「한부모가족지원법」 제5조의2제2항에 따른 지원대상자의 손자녀
3. 「국민기초생활 보장법」 제24조에 따른 차상위계층의 자녀
4. 「장애인복지법」 제2조에 따른 장애인 중 교육부령으로 정하는 장애 정도에 해당하는 자의 자녀
4의2. 「장애인복지법」 제2조에 따른 장애인 중 교육부령으로 정하는 장애 정도에 해당하는 자가 형제자매인 영유아
5. 「다문화가족지원법」 제2조제1호에 따른 다문화가족의 자녀
6. 「국가유공자 등 예우 및 지원에 관한 법률」 제4조제1항에 따른 국가유공자 중 제3호의 전몰군경, 제4호ㆍ제6호ㆍ제12호ㆍ제15호ㆍ제17호의 상이자로서 교육부령으로 정하는 자, 제5호ㆍ제14호ㆍ제16호의 순직자의 자녀
7. 제1형 당뇨를 가진 경우로서 의학적 조치가 용이하고 일상생활이 가능하여 보육에 지장이 없는 영유아
8. 그 밖에 소득수준 및 보육수요 등을 고려하여 교육부령으로 정하는 자의 자녀
② 사업주는 사업장 근로자의 자녀가 우선적으로 직장어린이집을 이용할 수 있도록 하여야 한다. <개정 2011.6.7>
③ 제1항에 따른 보육의 우선제공 대상에 대한 적용 방법ㆍ기준 등에 필요한 사항은 교육부령으로 정한다. <신설 2017.3.14, 2023.12.26>
제28조(보육의 우선 제공)"
P07369,,조각·패널비위임,,교육부령으로 정하는 서류를,"① 법 제14조의2제1항에 따라 개인과외교습을 하려는 사람은 교육부령으로 정하는 개인과외교습자신고서에 다음 각 호의 사항을 적고, 교육부령으로 정하는 서류를 첨부하여 교육감에게 제출하여야 한다. <개정 2013.3.23>
1. 개인과외교습자의 성명, 주민등록번호, 주소, 학력, 전공, 자격 및 경력
2. 교습과목
3. 교습비등
4. 교습장소
② 개인과외교습자는 제1항제1호부터 제4호까지의 사항 중 어느 하나의 사항이 변경된 경우에는 그 사유가 발생한 날부터 15일 이내에 교육부령으로 정하는 변경신고서를 교육감에게 제출하여야 한다. <개정 2013.3.23>
제16조의2(개인과외교습자의 신고 등)"
P04093,,조각·패널비위임,,사항은 대통령령으로,"① 교육과정을 운영하기 위하여 필요하면 학교에 제19조제1항에 따른 교원 외에 산학겸임교사ㆍ명예교사 또는 강사 등을 두어 학생의 교육을 담당하게 할 수 있다. 이 경우 국립ㆍ공립 학교는 「교육공무원법」 제10조의3제1항 및 제10조의4를, 사립학교는 「사립학교법」 제54조의3제4항 및 제5항을 각각 준용한다
② 제1항에 따라 학교에 두는 산학겸임교사 등의 종류ㆍ자격기준 및 임용 등에 필요한 사항은 대통령령으로 정한다.
제22조(산학겸임교사 등)"
P01520,,조각·패널비위임,,대통령령,"① 이 법에서 사용하는 용어의 뜻은 다음과 같다. <개정 2016.5.29, 2018.3.20, 2018.4.17, 2021.3.23>
1. ""교직원""이란 「사립학교법」 제54조에 따라 그 임명에 관한 사항이 관할청에 보고된 교원과, 「사립학교법」 제70조의2에 따라 임명된 사무직원을 말한다. 다만, 임시로 임명된 사람, 조건부로 임명된 사람 및 보수를 받지 아니하는 사람은 제외한다.
2. ""유족""이란 교직원이거나 교직원이었던 사람이 사망할 당시 그가 부양하고 있던 다음 각 목의 어느 하나에 해당하는 사람을 말한다.
가. 배우자(재직 당시에 혼인관계에 있던 사람으로 한정하며, 사실상 혼인관계에 있던 사람을 포함한다)
나. 자녀(퇴직일 이후에 출생하거나 입양한 자녀는 제외하되 퇴직 당시의 태아는 재직 중 출생한 자녀로 본다. 이하 같다)
다. 부모(퇴직일 이후에 입양된 경우의 부모는 제외한다)
라. 손자녀(孫子女)(퇴직일 이후에 출생하거나 입양한 손자녀는 제외하되 퇴직 당시의 태아는 재직 중 출생한 손자녀로 본다. 이하 같다)
마. 조부모(퇴직일 이후에 입양된 경우의 조부모는 제외한다)
3. ""퇴직""이란 면직(免職), 사직(辭職), 그 밖의 사망 외의 모든 해직(解職)을 말한다. 다만, 교직원의 신분이 소멸된 날 또는 그 다음 날에 다시 교직원으로 임명되고 이 법에 따른 퇴직급여 및 퇴직수당을 받지 아니한 경우는 예외로 한다.
4. ""기준소득월액""이란 부담금 및 급여 산정의 기준이 되는 것으로서 일정기간 재직하고 얻은 소득에서 비과세소득을 제외한 금액의 연지급합계액을 12개월로 평균한 금액을 말한다. 이 경우 소득 및 비과세소득의 범위, 기준소득월액의 결정방법 및 적용기간 등에 관한 사항은 대통령령으로 정한다.
5. ""평균기준소득월액""이란 재직기간(제31조제3항 및 제4항에 따라 재직기간에서 제외되는 기간이 있는 경우에는 해당 기간을 재직기간에 포함한다. 이하 이 조에서 같다) 중 매년 기준소득월액을 공무원보수인상률 등을 고려하여 대통령령으로 정하는 바에 따라 급여의 사유가 발생한 날(퇴직으로 급여의 사유가 발생하거나 퇴직 후에 급여의 사유가 발생한 경우에는 퇴직한 날의 전날을 말한다. 이하 같다)의 현재가치로 환산한 후 합한 금액을 재직기간으로 나눈 금액을 말한다. 다만, 제42조제1항에 따라 준용되는 「공무원연금법」 제43조제1항 및 제2항에 따른 퇴직연금ㆍ조기퇴직연금 및 같은 법 제54조제1항에 따른 퇴직유족연금(교직원이었던 사람이 퇴직연금이나 조기퇴직연금을 받다가 사망하여 그 유족이 퇴직유족연금을 받게 되는 경우는 제외한다) 산정의 기초가 되는 평균기준소득월액은 급여의 사유가 발생한 당시의 평균기준소득월액을 공무원보수인상률 등을 고려하여 대통령령으로 정하는 바에 따라 연금 지급이 시작되는 시점의 현재가치로 환산한 금액을 말한다.
6. ""학교경영기관""이란 제3조에 규정된 사립학교를 설치ㆍ경영하는 학교법인 또는 사립학교 경영자를 말한다.
7. ""부담금""이란 국가부담금ㆍ개인부담금ㆍ법인부담금 및 재해보상부담금을 합한 금액을 말한다.
8. ""개인부담금""이란 급여에 드는 비용으로 교직원이 부담하는 금액을 말한다.
9. ""국가부담금""이란 급여에 드는 비용으로 국가가 부담하는 금액을 말한다.
10. ""법인부담금""이란 급여에 드는 비용으로 학교경영기관이 부담하는 금액을 말한다.
11. ""재해보상부담금""이란 제42조제1항에 따라 준용되는 「공무원 재해보상법」 제8조에 따른 급여 중 제48조의2제3항에 따라 재해보상급여 준비금에서 지급되는 급여에 드는 비용에 충당하기 위하여 학교기관이 이 법에 따라 따로 부담하는 금액을 말한다.
② 제1항제2호나목에 따른 자녀는 19세 미만인 사람과 대통령령으로 정하는 정도의 장해(제42조제1항에 따라 준용하는 「공무원 재해보상법」 제3조제1항제7호에 따른 장해를 말한다. 이하 같다) 상태에 있는 19세 이상인 사람으로 한정한다. <개정 2013.4.5, 2018.4.17>
③ 제1항제2호라목에 따른 손자녀는 아버지가 없거나 아버지가 대통령령으로 정하는 정도의 장해 상태에 있는 경우로서 다음 각 호의 어느 하나에 해당되는 사람으로 한정한다. <개정 2013.4.5, 2018.4.17>
1. 19세 미만인 사람
2. 19세 이상인 사람으로서 대통령령으로 정하는 정도의 장해 상태에 있는 사람
④ 제42조제1항에 따라 준용하는 「공무원 재해보상법」 제8조의 재해유족급여에 대해서는 제2항 및 제3항 각 호 중 ""19세""를 각각 ""25세""로 한다. <신설 2025.11.11>
⑤ 교직원인 사람 또는 교직원이었던 사람의 사망 당시의 태아는 이 법에 따른 급여를 지급할 때에는 이미 출생한 것으로 본다. <개정 2025.11.11>
제2조(정의)"
P00235,,조각·패널비위임,,대통령령으로 정하는,"① 학교는 국가교육과정 및 시ㆍ도교육과정에 따라 학교교육과정을 편성하여야 하며, 편성된 학교교육과정을 앞서는 교육과정을 운영하여서는 아니 된다. 방과후학교 과정도 또한 같다.
② 제1항 후단에도 불구하고 방과후학교 과정이 다음 각 호의 어느 하나에 해당하는 경우 편성된 학교교육과정을 앞서는 교육과정을 운영할 수 있다. <개정 2019.3.26, 2020.10.20>
1. 「초ㆍ중등교육법」 제2조에 따른 고등학교에서 「초ㆍ중등교육법」 제24조제4항에 따른 학교의 휴업일 중 편성ㆍ운영되는 경우
2. 「초ㆍ중등교육법」 제2조에 따른 중학교 및 고등학교 중 농산어촌 지역 학교 및 대통령령으로 정하는 절차 및 방법 등에 따라 지정하는 도시 저소득층 밀집 학교 등에서 운영되는 경우
③ 학교에서는 다음 각 호의 행위를 하여서는 아니 된다. <개정 2016.5.29>
1. 지필평가, 수행평가 등 학교 시험에서 학생이 배운 학교교육과정의 범위와 수준을 벗어난 내용을 출제하여 평가하는 행위
2. 각종 교내 대회에서 학생이 배운 학교교육과정의 범위와 수준을 벗어난 내용을 출제하여 평가하는 행위
3. 그 밖에 이에 준하는 것으로서 대통령령으로 정하는 행위
④ 「학원의 설립ㆍ운영 및 과외교습에 관한 법률」 제2조에 따른 학원, 교습소 또는 개인과외교습자는 선행학습을 유발하는 광고 또는 선전을 하여서는 아니 된다. <개정 2016.5.29>
제8조(선행교육 및 선행학습 유발행위 금지 등)"
P04080,,조각·패널비위임,,사항은 대통령령으로,"① 학교에는 다음 각 호의 교원을 둔다. <개정 2019.12.3>
1. 초등학교ㆍ중학교ㆍ고등학교ㆍ고등공민학교ㆍ고등기술학교 및 특수학교에는 교장ㆍ교감ㆍ수석교사 및 교사를 둔다. 다만, 학생 수가 100명 이하인 학교나 학급 수가 5학급 이하인 학교 중 대통령령으로 정하는 규모 이하의 학교에는 교감을 두지 아니할 수 있다.
2. 각종학교에는 제1호에 준하여 필요한 교원을 둔다.
② 학교에는 교원 외에 학교 운영에 필요한 행정직원 등 직원을 둔다.
③ 학교에는 원활한 학교 운영을 위하여 교사 중 교무(校務)를 분담하는 보직교사를 둘 수 있다.
④ 학교에 두는 교원과 직원(이하 ""교직원""이라 한다)의 정원에 필요한 사항은 대통령령으로 정하고, 학교급별 구체적인 배치기준은 제6조에 따른 지도ㆍ감독기관(이하 ""관할청""이라 한다)이 정하며, 교육부장관은 교원의 정원에 관한 사항을 매년 국회에 보고하여야 한다. <개정 2013.3.23>
제19조(교직원의 구분)"
P07417,,조각·패널비위임,,대통령령으로 정하는,"①교육부장관은 제3조제1항에 따라 평가인정을 받은 학습과정을 설치ㆍ운영하는 교육훈련기관이 다음 각 호의 어느 하나에 해당하면 대통령령으로 정하는 바에 따라 평가인정 취소, 학습과정 운영정지, 평가인정 신청 제한 등의 조치를 할 수 있다. 다만, 제1호에 해당하는 경우에는 평가인정을 취소하여야 한다. <개정 2008.2.29, 2008.3.21, 2013.3.23, 2015.3.27>
1. 거짓이나 그 밖의 부정한 방법으로 평가인정을 받은 경우
2. 제3조제3항에 따른 평가인정사항 변경절차에 따르지 아니하고 같은 조 제5항의 평가인정의 기준에 따른 평가인정사항을 변경한 경우
3. 제3조제5항에 따른 평가인정의 기준에 미달하여 학습과정을 운영한 경우
4. 제4조의2제1항에 따른 학습과정 운영규정을 준수하지 아니한 경우
5. 제6조의2제3항에 따른 시정이나 변경 명령을 위반한 경우
② 교육부장관은 제1항제2호부터 제4호까지에 따라 평가인정을 취소하고자 할 경우에는 상당한 기간을 정하여 교육훈련기관의 장에게 시정을 명하여야 한다. 다만, 위반행위가 이미 종료되는 등 성질상 시정할 수 없는 것이 명백한 경우에는 시정명령을 하지 아니하고 취소할 수 있다. <신설 2008.3.21, 2013.3.23, 2015.3.27>
③ 제1항에 따른 학습과정 운영정지 및 평가인정 신청 제한의 기간은 각각 3년 이내의 범위에서 대통령령으로 정한다. <신설 2015.3.27>
제5조(평가인정의 취소 등)"
P02140,,조각·패널비위임,,대통령령으로 정하는,"제36조(비용의 보조 등) 국가나 지방자치단체는 대통령령으로 정하는 바에 따라 제10조에 따른 어린이집의 설치, 보육교직원(대체교사를 포함한다)의 인건비, 초과보육(超過保育)에 드는 비용 등 운영 경비 또는 지방육아종합지원센터의 설치ㆍ운영, 보육교직원의 복지 증진, 취약보육의 실시 등 보육사업에 드는 비용, 제15조의4에 따른 폐쇄회로 텔레비전 설치비의 전부 또는 일부를 보조한다. 이 경우 제52조에 따른 도서ㆍ벽지ㆍ농어촌지역 등과 「인구감소지역 지원 특별법」 제2조제1호에 따른 인구감소지역에 있는 어린이집에 대하여는 운영 경비 및 보육사업에 드는 비용 등을 추가로 보조할 수 있다. <개정 2011.6.7, 2011.8.4, 2013.6.4, 2015.5.18, 2024.2.13, 2025.11.11>"
P07494,,조각·패널비위임,,사항은 대통령령으로,"① 정부는 재단의 시설, 운영 및 사업에 필요한 경비에 충당하기 위하여 매년 예산을 편성하여 재단에 출연금을 교부할 수 있다.
② 제1항에 따른 출연금의 교부ㆍ사용 및 관리에 필요한 사항은 대통령령으로 정한다.
제17조(출연금)"
P00906,,조각·패널비위임,,대통령령으로 지정하는 기관에,"① 교육부장관 및 교육감은 교육환경보호구역에 관한 정보의 수집ㆍ활용과 교육환경 보호에 관한 국민의 참여를 확보하기 위하여 교육환경정보시스템(이하 ""정보시스템""이라 한다)을 구축ㆍ운영하여야 한다.
② 교육부장관 및 교육감은 교육환경 보호의 전문성ㆍ객관성 및 예측 가능성을 높이기 위하여 교육환경보호구역 내 금지행위 및 시설 등에 대한 심의 결과를 포함한 교육환경보호구역에 관한 정보 등을 공개하여야 한다.
③ 교육부장관 및 교육감은 정보시스템의 구축ㆍ운영을 제13조에 따른 교육환경 보호를 위한 전문기관 또는 대통령령으로 지정하는 기관에 위탁할 수 있다.
④ 정보시스템의 구축ㆍ운영 등에 필요한 사항과 제2항에 따른 교육환경보호구역에 관한 정보 등의 공개에 관한 사항은 교육부령으로 정한다.
제12조(교육환경정보시스템의 구축ㆍ운영 등)"
P07498,,조각·패널비위임,,사항은 대통령령으로,"① 재단은 이사회의 의결을 거쳐 교육부장관의 승인을 받아 학자금 지원 재원(財源)을 조성하기 위한 채권(債券)을 발행할 수 있다. <개정 2013.3.23>
② 교육부장관은 제1항에 따른 채권 발행을 승인하려면 미리 재정경제부장관과 협의하여야 한다. <개정 2013.3.23, 2025.10.1>
③ 삭제 <2010.1.22>
④ 삭제 <2010.1.22>
⑤ 정부는 재단이 발행하는 채권 원리금의 상환을 보증할 수 있다.
⑥ 재단이 발행하는 채권은 「자본시장과 금융투자업에 관한 법률」 제4조제3항에 따른 특수채증권으로 본다. <신설 2010.1.22>
⑦ 제1항ㆍ제2항ㆍ제5항 및 제6항에서 규정한 사항 외에 채권의 발행에 필요한 사항은 대통령령으로 정한다. <개정 2010.1.22>
제18조(채권의 발행)"
P04252,,조각·패널비위임,,사항은 대통령령으로,"① 고등학교에 입학할 수 있는 사람은 중학교를 졸업한 사람, 제27조의2제1항에 따라 중학교를 졸업한 사람과 동등한 학력이 인정되는 시험에 합격한 사람, 그 밖에 법령에 따라 이와 같은 수준 이상의 학력이 있다고 인정된 사람으로 한다. <개정 2021.3.23>
② 그 밖에 고등학교의 입학방법과 절차 등에 필요한 사항은 대통령령으로 정한다.
제47조(입학자격 등)"
P00097,,조각·패널비위임,,사항은 대통령령으로,"① 대학(산업대학ㆍ교육대학 및 원격대학을 포함한다. 이하 이 조에서 같다)에 대학원을 둘 수 있다. 다만, 사이버대학은 교육여건과 교육과정의 운영에 대한 평가 등 대통령령으로 정하는 기준을 충족한 경우에 한정한다. <개정 2021.3.23>
② 대학원에는 필요에 따라 학위과정 외에 학위를 수여하지 아니하는 연구과정을 둘 수 있다.
③ 대학에 두는 학위과정, 연구과정 및 그 운영에 필요한 사항은 대통령령으로 정한다.
제29조(대학원)"
P00619,,조각·패널비위임,,사항은 대통령령으로,"① 교육기관, 교육행정기관 및 교육연구기관의 장은 정기적으로 또는 수시로 그 소속 교육공무원의 재교육 및 연수 실적과 근무성적을 평정하여 인사관리에 반영하여야 한다.
② 제1항의 재교육 및 연수 실적과 근무성적 평정에 필요한 사항은 대통령령으로 정한다.
제42조(연수 실적 및 근무성적의 평정)"
P00472,,조각·패널비위임,,2. 영 제17조제1항제3호 후단에 따른 지방자치단체의 인사규칙에서 정하는 바에 따라 자격증 소지를 의무화하는 특수직급의 신규임용시험 또는 전직시험에 응시하여 임용된 사람의 해당 자격증,"① 임용권자는 5급 이하 공무원ㆍ연구사 및 지도사가 다음 각 호의 어느 하나에 해당하는 자격증 또는 검정시험 합격확인서 등(이하 ""자격증등""이라 한다)을 소지한 경우에는 영 제32조제2항 및 연구ㆍ지도직규정 제14조제2항에 따라 가산점을 줄 수 있다. <개정 2022.9.1>
1. 「자격기본법」 제12조에 따른 국가자격증 및 같은 법 제23조에 따른 공인자격증 중 임용권자가 직무수행과 밀접한 관련이 있다고 인정하여 지정하는 자격증
2. 외국에서 취득한 자격증 중 임용권자가 제1호에 따른 자격증과 동일하거나 동등하다고 인정하는 자격증
3. 그 밖에 임용권자가 직무수행과 밀접한 관련이 있다고 인정하여 지정하는 자격증 또는 검증시험 합격확인서 등
② 삭제 <2022.9.1>
③ 제1항에도 불구하고 다음 각 호의 어느 하나에 해당하는 자격증등(제1호, 제2호 및 제5호의 경우에는 해당 자격증 종목의 하위 등급 자격증을 포함한다)을 소지한 경우에는 가산점을 줄 수 없다. <개정 2022.9.1>
1. 「지방공무원법」 제27조제2항제2호에 따른 자격증 소지자로서 영 제55조제1항제1호에 따라 경력경쟁임용시험의 필기시험을 실시하지 아니하고 임용된 사람의 해당 자격증
2. 영 제17조제1항제3호 후단에 따른 지방자치단체의 인사규칙에서 정하는 바에 따라 자격증 소지를 의무화하는 특수직급의 신규임용시험 또는 전직시험에 응시하여 임용된 사람의 해당 자격증
3. 공무원으로 재직함으로써 시험과목의 전부를 면제받거나 자동적으로 취득한 자격증
4. 유효기간이 지난 자격증등
5. 승진임용 시 이미 가산점이 반영된 자격증등
④ 가산점을 줄 수 있는 자격증등이 둘 이상인 경우에는 그 중 가산점이 높은 하나에 대해서만 가산점을 줄 수 있다.
⑤ 삭제 <2022.9.1>
⑥ 삭제 <2022.9.1>
제23조(자격증 등의 가산점)"
P07464,,조각·패널비위임,,사항은 대통령령으로,"① 교육정보원은 제6조에 따른 사업을 수행하기 위하여 필요한 곳에 지역교육정보센터를 설치할 수 있다.
② 지역교육정보센터의 설치ㆍ운영에 필요한 사항은 대통령령으로 정한다.
제11조(지역교육정보센터)"
P00469,,조각·패널비위임,,2. 영 제17조제1항제3호 후단에 따른 지방자치단체의 인사규칙에서 정하는 바에 따라 자격증 소지를 의무화하는 특수직급의 신규임용시험 또는 전직시험에 응시하여 임용된 사람의 해당 자격증,"① 임용권자는 5급 이하 공무원ㆍ연구사 및 지도사가 다음 각 호의 어느 하나에 해당하는 자격증 또는 검정시험 합격확인서 등(이하 ""자격증등""이라 한다)을 소지한 경우에는 영 제32조제2항 및 연구ㆍ지도직규정 제14조제2항에 따라 가산점을 줄 수 있다. <개정 2022.9.1>
1. 「자격기본법」 제12조에 따른 국가자격증 및 같은 법 제23조에 따른 공인자격증 중 임용권자가 직무수행과 밀접한 관련이 있다고 인정하여 지정하는 자격증
2. 외국에서 취득한 자격증 중 임용권자가 제1호에 따른 자격증과 동일하거나 동등하다고 인정하는 자격증
3. 그 밖에 임용권자가 직무수행과 밀접한 관련이 있다고 인정하여 지정하는 자격증 또는 검증시험 합격확인서 등
② 삭제 <2022.9.1>
③ 제1항에도 불구하고 다음 각 호의 어느 하나에 해당하는 자격증등(제1호, 제2호 및 제5호의 경우에는 해당 자격증 종목의 하위 등급 자격증을 포함한다)을 소지한 경우에는 가산점을 줄 수 없다. <개정 2022.9.1>
1. 「지방공무원법」 제27조제2항제2호에 따른 자격증 소지자로서 영 제55조제1항제1호에 따라 경력경쟁임용시험의 필기시험을 실시하지 아니하고 임용된 사람의 해당 자격증
2. 영 제17조제1항제3호 후단에 따른 지방자치단체의 인사규칙에서 정하는 바에 따라 자격증 소지를 의무화하는 특수직급의 신규임용시험 또는 전직시험에 응시하여 임용된 사람의 해당 자격증
3. 공무원으로 재직함으로써 시험과목의 전부를 면제받거나 자동적으로 취득한 자격증
4. 유효기간이 지난 자격증등
5. 승진임용 시 이미 가산점이 반영된 자격증등
④ 가산점을 줄 수 있는 자격증등이 둘 이상인 경우에는 그 중 가산점이 높은 하나에 대해서만 가산점을 줄 수 있다.
⑤ 삭제 <2022.9.1>
⑥ 삭제 <2022.9.1>
제23조(자격증 등의 가산점)"
P06803,,조각·패널비위임,,권한은 대통령령으로,"제15조(권한의 위임) 이 법에 따른 교육부장관의 권한은 대통령령으로 정하는 바에 따라 그 일부를 교육감에게 위임할 수 있다. <개정 2008.2.29, 2013.3.23>"
P00086,,조각·패널비위임,,사항은 대통령령으로,"① 학교는 학생이 다음 각 호의 어느 하나에 해당하는 경우(해당 학교에 입학하기 전의 경우를 포함한다)에 대통령령으로 정하는 범위에서 학칙으로 정하는 바에 따라 이를 해당 학교에서 학점을 취득한 것으로 인정할 수 있다. <개정 2013.8.13, 2017.11.28>
1. 국내외의 다른 학교에서 학점을 취득한 경우
2. 「평생교육법」 제31조제4항, 제32조 또는 제33조제3항에 따른 전문대학 또는 대학졸업자와 동등한 학력ㆍ학위가 인정되는 평생교육시설에서 학점을 취득한 경우
3. 국내외의 고등학교와 국내의 제2조 각 호의 학교(다른 법률에 따라 설립된 고등교육기관을 포함한다)에서 대학교육과정에 상당하는 교과목을 이수한 경우
4. 「병역법」 제73조제2항에 따라 입영 또는 복무로 인하여 휴학 중인 사람이 원격수업을 수강하여 학점을 취득한 경우
5. 「학점인정 등에 관한 법률」 제7조제1항 또는 제2항에 따라 교육부장관으로부터 학점을 인정받은 경우
6. 국내외의 다른 학교ㆍ연구기관 또는 산업체 등에서 학습ㆍ연구ㆍ실습한 사실이 인정되거나 산업체에서 근무한 사실이 인정되는 경우
② 학점인정의 기준과 절차 등 제1항제6호에 따라 학점을 인정하는 데 필요한 사항은 대통령령으로 정하는 바에 따라 학칙으로 정한다. <개정 2013.8.13>
제23조(학점의 인정 등)"
P06858,,조각·패널비위임,,사항은 대통령령으로,"①유족급여는 피공제자가 학교안전사고로 인하여 사망한 경우에 「국가배상법」 제3조제1항제1호에서 정한 금액 및 같은 법 제3조제5항에서 정한 위자료를 피공제자의 상속인에게 지급하되, 사실상 혼인관계에 있던 사람을 포함하여 지급한다. <개정 2012.1.26, 2021.3.23>
1. 삭제<2012.1.26>
2. 삭제<2012.1.26>
②제1항의 규정에 따른 유족급여의 지급기준 등에 관하여 필요한 사항은 대통령령으로 정한다.
제39조(유족급여)"
P00135,,조각·패널비위임,,사항은 대통령령으로,"① 대학(산업대학, 전문대학 및 원격대학을 포함한다)은 제33조제1항의 입학자격이 있는 사람에게 시간제로 등록하여 그 대학의 수업을 받게 할 수 있다.
② 제1항에 따라 시간제로 등록할 수 있는 사람의 선발방법과 등록인원 등 필요한 사항은 대통령령으로 정한다.
제36조(시간제 등록)"
P06226,,조각·패널비위임,,사항은 교육부령으로,"① 제31조부터 제33조까지, 제35조부터 제38조까지의 규정에 따라 평생교육시설 인가를 받거나 등록ㆍ신고를 한 자가 인가 또는 등록ㆍ신고한 사항을 변경하고자 하는 때에는 대통령령으로 정하는 바에 따라 변경인가를 받거나 변경등록ㆍ변경신고를 하여야 한다. <개정 2023.4.18, 2025.11.11>
② 제1항에 따른 변경인가 및 변경등록ㆍ변경신고의 방법ㆍ절차 등에 필요한 사항은 교육부령으로 정한다.
제38조의2(평생교육시설의 변경인가ㆍ변경등록 등)"
P04136,,조각·패널비위임,,대통령령,"①국가와 지방자치단체는 다음 각 호의 구분에 따른 학생들(이하 ""학업에 어려움을 겪는 학생""이라 한다)을 위하여 대통령령으로 정하는 바에 따라 수업일수와 교육과정을 신축적으로 운영하는 등 교육상 필요한 시책을 마련하여야 한다. <개정 2016.2.3, 2022.12.27, 2025.4.1>
1. 성격장애나 정서ㆍ행동 문제, 지적(知的) 기능의 저하 등으로 인하여 학습에 제약을 받는 학생 중 「장애인 등에 대한 특수교육법」 제15조에 따른 학습장애를 지닌 특수교육대상자로 선정되지 아니한 학생
2. 학업 중단 학생
3. 학업 중단의 징후가 발견되거나 학업 중단의 의사를 밝힌 학생 등 학업 중단 위기에 있는 학생
② 국가 및 지방자치단체는 학업에 어려움을 겪는 학생에 대한 교육의 체계적 실시를 위하여 매년 실태조사를 하여야 한다. <신설 2016.2.3, 2022.12.27>
③ 국가 및 지방자치단체는 제2항에 따른 실태조사를 기초로 학업에 어려움을 겪는 학생의 현황 및 교육 상황에 대한 데이터베이스를 구축ㆍ운용할 수 있다. <신설 2022.12.27>
④ 국가와 지방자치단체는 학업에 어려움을 겪는 학생에게 균등한 교육기회를 보장하기 위하여 필요한 예산을 지원한다. <신설 2016.2.3, 2022.12.27>
⑤ 교육부장관 및 교육감은 학업에 어려움을 겪는 학생을 위하여 필요한 교재와 프로그램을 개발ㆍ보급하여야 한다. <신설 2016.2.3, 2022.12.27>
⑥ 교원은 대통령령으로 정하는 바에 따라 학업에 어려움을 겪는 학생의 학습능력 향상을 위한 관련 연수를 이수하여야 하고, 교육감은 이를 지도ㆍ감독 및 지원하여야 한다. <신설 2016.2.3, 2022.12.27>
⑦ 학교의 장은 제1항제3호에 해당하는 학업에 어려움을 겪는 학생에게 학업 중단에 대하여 충분히 생각할 기회를 주어야 한다. 이 경우 학교의 장은 그 기간을 출석으로 인정할 수 있다. <신설 2016.12.20, 2021.3.23, 2022.12.27>
⑧ 제1항제3호에 해당하는 학업에 어려움을 겪는 학생에 대한 판단기준 및 제7항에 따른 충분히 생각할 기간과 그 기간 동안의 출석일수 인정 범위 등에 필요한 사항은 교육감이 정한다. <신설 2016.12.20, 2021.3.23, 2022.12.27>
⑨ 교육부장관 및 교육감은 제7항 및 제8항에 따른 기간 동안 학생이 교육과 치유를 위한 다양한 활동을 할 수 있도록 지원하여야 한다. <신설 2022.12.27>
⑩ 제3항에 따른 데이터베이스의 구축 및 운용에 필요한 정보 수집 범위, 방법, 절차, 보존기간 등은 대통령령으로 정한다. <신설 2022.12.27>
제28조(학업에 어려움을 겪는 학생에 대한 교육)"
P02043,,조각·패널비위임,,교육부령으로 정하는,"제15조(어린이집 설치기준) 어린이집을 설치ㆍ운영하려는 자는 교육부령으로 정하는 설치기준을 갖추어야 한다. 다만, 놀이터, 비상재해대비시설 및 폐쇄회로 텔레비전의 설치와 관련된 사항은 각각 제15조의2부터 제15조의4까지에 따른다. <개정 2008.2.29, 2010.1.18, 2011.6.7, 2011.12.31, 2015.5.18, 2023.12.26>"
P07134,,조각·패널비위임,,대통령령으로 정하는,"① 교육감은 지원대상학생 및 학교 밖 청소년(이하 이 조에서 ""지원대상학생등""이라 한다)을 조기에 발견하고 지원하기 위하여 필요한 경우 관계 중앙행정기관의 장, 지방자치단체의 장, 관계 기관 및 단체의 장 등에게 대통령령으로 정하는 바에 따라 제17조제2항에 따른 정보의 제공을 요청할 수 있다. 이 경우 요청을 받은 기관 및 단체의 장은 정당한 사유가 없으면 이에 협조하여야 한다.
② 교육장 또는 학교의 장은 지원대상학생등에 대한 학생맞춤통합지원을 위하여 필요한 경우 대통령령으로 정하는 바에 따라 해당 시ㆍ도의 교육감을 통하여 제1항에 따른 정보의 제공을 요청할 수 있다.
③ 교육감은 학생맞춤통합지원의 효율적인 실시에 활용하기 위하여 제17조에 따라 제공받은 정보와 관할 구역의 교육장 및 학교의 장이 보유ㆍ관리하고 있는 정보를 수집하여 연계ㆍ가공할 수 있다.
④ 교육감은 제17조에 따라 제공받은 정보와 제1항 및 제3항에 따라 수집ㆍ연계ㆍ가공 및 제공받은 정보를 학생맞춤통합지원의 효율적인 실시에 이용하기 위하여 교육장 또는 학교의 장에게 제공할 수 있다.
⑤ 교육감, 교육장 및 학교의 장은 제1항ㆍ제2항 및 제4항에 따라 제공받은 정보를 안전하게 관리하여야 한다.
⑥ 교육감은 제5항에 따라 교육장 및 학교의 장이 제공받은 정보를 안전하게 관리ㆍ감독하는 데 필요한 행정적ㆍ재정적 지원을 할 수 있다.
⑦ 그 밖에 지원대상학생등에 대한 정보의 요청 및 활용에 관한 사항은 대통령령으로 정한다.
제18조(정보의 요청 및 활용)"
P00795,,조각·패널비위임,,대통령령으로 정하는,"① 교육시설 중 대통령령으로 정하는 규모 이상의 교육시설의 장은 교육부장관의 교육시설안전인증을 받아야 한다.
② 교육부장관은 제1항에 따라 교육시설안전인증을 받아야 하는 교육시설을 대통령령으로 정하는 바에 따라 평가하고, 평가 결과 해당 교육시설이 인증기준을 충족하는 경우에는 교육시설안전인증을 하여야 한다.
③ 교육부장관은 다음 각 호의 어느 하나에 해당하는 경우에는 교육시설안전인증을 취소하여야 한다.
1. 거짓이나 그 밖의 부정한 방법으로 교육시설안전인증을 받은 경우
2. 교육시설안전인증을 받은 교육시설이 인증기준에 미치지 못하게 된 경우
④ 그 밖에 교육시설안전인증의 기준, 주기, 등급, 유효기간, 인증절차 및 비용 등에 필요한 사항은 대통령령으로 정한다.
제11조(교육시설안전인증 등)"
P07034,,조각·패널비위임,,사항은 대통령령으로,"① 학교체육 진흥을 위한 다음 각 호의 사업과 활동을 위하여 교육부장관 소속으로 학교체육진흥원을 설립할 수 있다. <개정 2013.3.23, 2016.2.3>
1. 학교체육 진흥을 위한 정책연구
2. 체육활동 프로그램의 개발 및 보급
3. 학생 체력통계의 체계적 수집 및 분석
4. 제8조에 따른 학생건강체력평가의 종목ㆍ평가기준 및 시스템 개발ㆍ운영
5. 여학생의 체육활동 활성화 지원
6. 그 밖에 학교체육 진흥에 필요한 사항
② 제1항에 따른 학교체육진흥원의 구성ㆍ운영 등에 필요한 사항은 대통령령으로 정한다.
제17조(학교체육진흥원)"
P06795,,조각·패널비위임,,하려면 대통령령으로,"① 학교시설사업을 시행하려는 자(국가와 지방자치단체는 제외한다)는 대통령령으로 정하는 바에 따라 학교시설사업의 시행지ㆍ규모 및 재원 등이 포함된 학교시설사업 시행계획(이하 ""시행계획""이라 한다)을 작성하여 「초ㆍ중등교육법」 제6조에 따른 감독기관(이하 ""감독청""이라 한다)의 승인을 받아야 한다. 다만, 이미 학교시설사업을 마치고 제13조제2항에 따른 준공검사에서 합격한 학교시설사업의 시행지 안에서 학교시설의 건축ㆍ축조ㆍ대수선(大修繕) 또는 용도변경(이하 ""건축등""이라 한다)을 하려는 경우의 시행계획에 대하여는 그러하지 아니하다.
② 제1항 본문에 따른 승인을 받은 시행계획을 변경하려는 자는 감독청의 변경승인을 받아야 한다. 다만, 대통령령으로 정하는 경미한 사항을 변경하려는 경우에는 그러하지 아니하다.
③ 감독청은 제1항이나 제2항에 따라 시행계획을 승인하거나 변경승인을 하려면 대통령령으로 정하는 바에 따라 미리 제5조 각 호의 해당 사항의 소관 행정기관의 장과 협의하여야 한다.
④ 국가나 지방자치단체는 학교시설사업을 시행하려면 시행계획을 작성하여 대통령령으로 정하는 바에 따라 미리 제5조 각 호의 해당 사항의 소관 행정기관의 장과 협의하여야 한다. 다만, 이미 학교시설사업을 마친 학교시설사업의 시행지에서 학교시설의 건축등을 하려는 경우의 시행계획에 대하여는 그러하지 아니하다.
⑤ 제1항과 제4항에 따른 시행계획에 포함되어야 할 사항은 대통령령으로 정한다.
⑥ 감독청이 제1항이나 제2항에 따라 시행계획을 승인 또는 변경승인하려고 하거나 국가나 지방자치단체가 제4항에 따라 시행계획을 작성하려는 경우 그 시행지 안에 제10조에 따라 수용 또는 사용이 필요한 토지, 건축물, 그 밖에 토지의 정착물이나 그에 관한 소유권 외의 권리가 있으면 그 토지의 소유자 등 이해관계인의 의견을 들어야 한다.
⑦ 감독청은 제1항이나 제2항에 따라 시행계획을 승인하거나 변경승인한 경우에는 대통령령으로 정하는 바에 따라 지체 없이 제3항과 제6항에 따른 협의기관과 이해관계인에게 각각 통보하고 고시하여야 한다. 국가나 지방자치단체가 제4항에 따른 협의를 마친 경우에도 또한 같다.
⑧ 학교시설사업을 시행하려는 자는 제1항이나 제2항에 따른 시행계획의 승인 또는 변경승인과 제5조의2제1항에 따른 학교시설의 건축등에 관한 승인을 동시에 신청할 수 있다.
제4조(학교시설사업 시행계획의 승인 등)"
P00351,,조각·패널비위임,,사항은 대통령령으로,"① 각급학교 교원의 징계처분과 그 밖에 그 의사에 반하는 불리한 처분(「교육공무원법」 제11조의4제4항 및 「사립학교법」 제53조의2제6항에 따른 교원에 대한 재임용 거부처분을 포함한다. 이하 같다)에 대한 소청심사(訴請審査)를 하기 위하여 교육부에 교원소청심사위원회(이하 ""심사위원회""라 한다)를 둔다. <개정 2013.3.23, 2016.1.27>
② 심사위원회는 위원장 1명을 포함하여 9명 이상 12명 이내의 위원으로 구성하되 위원장과 대통령령으로 정하는 수의 위원은 상임(常任)으로 한다. <개정 2019.12.3>
③ 제2항에 따라 구성된 심사위원회는 교원 또는 교원이었던 위원이 전체 위원 수의 2분의 1을 초과하여서는 아니 된다. <신설 2019.12.3>
④ 심사위원회의 조직에 관하여 필요한 사항은 대통령령으로 정한다. <개정 2019.12.3>
제7조(교원소청심사위원회의 설치)"
P04491,,조각·패널비위임,,사항은 교육부령으로,"①법 제33조의 규정에 의한 학교발전기금(이하 ""발전기금""이라 한다)은 다음 각호의 방법에 의하여 조성한다.
1. 기부자가 기부한 금품의 접수
2. 학부모 등으로 구성된 학교내ㆍ외의 조직ㆍ단체 등이 그 구성원으로부터 자발적으로 갹출하거나 구성원외의 자로부터 모금한 금품의 접수
②발전기금은 다음 각호의 목적을 위하여 사용한다.
1. 학교교육시설의 보수 및 확충
2. 교육용 기자재 및 도서의 구입
3. 학교체육활동 기타 학예활동의 지원
4. 학생복지 및 학생자치활동의 지원
③운영위원회는 교육부령이 정하는 바에 따라 발전기금을 운영위원회 위원장의 명의로 조성ㆍ운용하여야 한다. <개정 2001.1.29, 2008.2.29, 2013.3.23>
④운영위원회는 발전기금의 관리 및 집행과 그 부수된 업무의 일부를 당해 학교의 장에게 위탁할 수 있다.
⑤제4항의 규정에 의하여 업무를 위탁받은 학교의 장은 발전기금을 별도회계를 통하여 관리하고, 매 분기마다 발전기금의 집행계획 및 집행내역을 운영위원회에 서면으로 보고하여야 한다.
⑥운영위원회는 제5항의 보고를 받은 경우에는 이를 검토하여 그 결과를 학부모에게 통지하여야 한다.
⑦운영위원회는 제4항의 규정에 의하여 발전기금에 관한 업무를 당해 학교의 장에게 위탁한 경우에는 발전기금의 집행상황 등에 관하여 감사할 수 있다.
⑧ 운영위원회는 학교 회계연도 종료 후 3개월 이내에 다음 각 호의 업무를 완료하여야 한다. <개정 2015.9.15>
1. 발전기금에 대한 결산
2. 제1호에 따른 결산 결과의 관할청 보고 및 학부모 통지
⑨발전기금의 조성ㆍ운용 및 회계관리 등에 관하여 기타 필요한 사항은 교육부령으로 정한다. <개정 2001.1.29, 2008.2.29, 2013.3.23>
제64조(학교발전기금)"
P01512,,조각·패널비위임,,대통령령,"① 이 법에서 사용하는 용어의 뜻은 다음과 같다. <개정 2016.5.29, 2018.3.20, 2018.4.17, 2021.3.23>
1. ""교직원""이란 「사립학교법」 제54조에 따라 그 임명에 관한 사항이 관할청에 보고된 교원과, 「사립학교법」 제70조의2에 따라 임명된 사무직원을 말한다. 다만, 임시로 임명된 사람, 조건부로 임명된 사람 및 보수를 받지 아니하는 사람은 제외한다.
2. ""유족""이란 교직원이거나 교직원이었던 사람이 사망할 당시 그가 부양하고 있던 다음 각 목의 어느 하나에 해당하는 사람을 말한다.
가. 배우자(재직 당시에 혼인관계에 있던 사람으로 한정하며, 사실상 혼인관계에 있던 사람을 포함한다)
나. 자녀(퇴직일 이후에 출생하거나 입양한 자녀는 제외하되 퇴직 당시의 태아는 재직 중 출생한 자녀로 본다. 이하 같다)
다. 부모(퇴직일 이후에 입양된 경우의 부모는 제외한다)
라. 손자녀(孫子女)(퇴직일 이후에 출생하거나 입양한 손자녀는 제외하되 퇴직 당시의 태아는 재직 중 출생한 손자녀로 본다. 이하 같다)
마. 조부모(퇴직일 이후에 입양된 경우의 조부모는 제외한다)
3. ""퇴직""이란 면직(免職), 사직(辭職), 그 밖의 사망 외의 모든 해직(解職)을 말한다. 다만, 교직원의 신분이 소멸된 날 또는 그 다음 날에 다시 교직원으로 임명되고 이 법에 따른 퇴직급여 및 퇴직수당을 받지 아니한 경우는 예외로 한다.
4. ""기준소득월액""이란 부담금 및 급여 산정의 기준이 되는 것으로서 일정기간 재직하고 얻은 소득에서 비과세소득을 제외한 금액의 연지급합계액을 12개월로 평균한 금액을 말한다. 이 경우 소득 및 비과세소득의 범위, 기준소득월액의 결정방법 및 적용기간 등에 관한 사항은 대통령령으로 정한다.
5. ""평균기준소득월액""이란 재직기간(제31조제3항 및 제4항에 따라 재직기간에서 제외되는 기간이 있는 경우에는 해당 기간을 재직기간에 포함한다. 이하 이 조에서 같다) 중 매년 기준소득월액을 공무원보수인상률 등을 고려하여 대통령령으로 정하는 바에 따라 급여의 사유가 발생한 날(퇴직으로 급여의 사유가 발생하거나 퇴직 후에 급여의 사유가 발생한 경우에는 퇴직한 날의 전날을 말한다. 이하 같다)의 현재가치로 환산한 후 합한 금액을 재직기간으로 나눈 금액을 말한다. 다만, 제42조제1항에 따라 준용되는 「공무원연금법」 제43조제1항 및 제2항에 따른 퇴직연금ㆍ조기퇴직연금 및 같은 법 제54조제1항에 따른 퇴직유족연금(교직원이었던 사람이 퇴직연금이나 조기퇴직연금을 받다가 사망하여 그 유족이 퇴직유족연금을 받게 되는 경우는 제외한다) 산정의 기초가 되는 평균기준소득월액은 급여의 사유가 발생한 당시의 평균기준소득월액을 공무원보수인상률 등을 고려하여 대통령령으로 정하는 바에 따라 연금 지급이 시작되는 시점의 현재가치로 환산한 금액을 말한다.
6. ""학교경영기관""이란 제3조에 규정된 사립학교를 설치ㆍ경영하는 학교법인 또는 사립학교 경영자를 말한다.
7. ""부담금""이란 국가부담금ㆍ개인부담금ㆍ법인부담금 및 재해보상부담금을 합한 금액을 말한다.
8. ""개인부담금""이란 급여에 드는 비용으로 교직원이 부담하는 금액을 말한다.
9. ""국가부담금""이란 급여에 드는 비용으로 국가가 부담하는 금액을 말한다.
10. ""법인부담금""이란 급여에 드는 비용으로 학교경영기관이 부담하는 금액을 말한다.
11. ""재해보상부담금""이란 제42조제1항에 따라 준용되는 「공무원 재해보상법」 제8조에 따른 급여 중 제48조의2제3항에 따라 재해보상급여 준비금에서 지급되는 급여에 드는 비용에 충당하기 위하여 학교기관이 이 법에 따라 따로 부담하는 금액을 말한다.
② 제1항제2호나목에 따른 자녀는 19세 미만인 사람과 대통령령으로 정하는 정도의 장해(제42조제1항에 따라 준용하는 「공무원 재해보상법」 제3조제1항제7호에 따른 장해를 말한다. 이하 같다) 상태에 있는 19세 이상인 사람으로 한정한다. <개정 2013.4.5, 2018.4.17>
③ 제1항제2호라목에 따른 손자녀는 아버지가 없거나 아버지가 대통령령으로 정하는 정도의 장해 상태에 있는 경우로서 다음 각 호의 어느 하나에 해당되는 사람으로 한정한다. <개정 2013.4.5, 2018.4.17>
1. 19세 미만인 사람
2. 19세 이상인 사람으로서 대통령령으로 정하는 정도의 장해 상태에 있는 사람
④ 제42조제1항에 따라 준용하는 「공무원 재해보상법」 제8조의 재해유족급여에 대해서는 제2항 및 제3항 각 호 중 ""19세""를 각각 ""25세""로 한다. <신설 2025.11.11>
⑤ 교직원인 사람 또는 교직원이었던 사람의 사망 당시의 태아는 이 법에 따른 급여를 지급할 때에는 이미 출생한 것으로 본다. <개정 2025.11.11>
제2조(정의)"
P05668,,조각·패널비위임,,대통령령으로 정하는,"① 시ㆍ도지사는 대통령령으로 정하는 바에 따라 시ㆍ도평생교육진흥원을 설치 또는 지정ㆍ운영하여야 한다. <개정 2023.4.18>
②시ㆍ도평생교육진흥원은 다음 각 호의 업무를 수행한다. <개정 2019.4.23, 2021.6.8, 2023.4.18>
1. 해당 지역의 평생교육기회 및 정보의 제공
2. 평생교육 상담 및 컨설팅 지원
3. 평생교육프로그램 운영 및 지원
3의2. 삭제<2025.11.11>
4. 해당 지역의 평생교육기관간 연계체제 구축
5. 국가 및 시ㆍ군ㆍ구 간 협력ㆍ연계
6. 해당 지역의 평생교육 진흥을 위한 조사ㆍ연구
7. 시행계획 수립의 지원
8. 평생교육 관계자의 역량강화 지원
9. 그 밖에 평생교육진흥을 위하여 시ㆍ도지사가 필요하다고 인정하는 사항
③ 제1항에 따른 시ㆍ도평생교육진흥원 간의 연계ㆍ정보교류 및 사업의 공동 추진을 위하여 전국시ㆍ도평생교육진흥원협의회를 둘 수 있다. <신설 2023.4.18>
④ 제3항에 따른 전국시ㆍ도평생교육진흥원협의회의 구성ㆍ운영에 필요한 사항은 대통령령으로 정한다. <신설 2023.4.18>
제20조(시ㆍ도평생교육진흥원의 운영 등)"
P06704,,조각·패널비위임,,사항은 교육부령으로,"① 학교의 장은 학생과 교직원에 대하여 건강검사를 하여야 한다. 다만, 교직원에 대한 건강검사는 「국민건강보험법」 제52조에 따른 건강검진으로 갈음할 수 있다. <개정 2011.12.31>
② 학교의 장은 제1항에 따라 건강검사를 할 때에 질병의 유무 등을 조사하거나 검사하기 위하여 다음 각 호의 어느 하나에 해당하는 학생에 대하여는 「국민건강보험법」 제52조에 따른 건강검진 실시 기관에 의뢰하여 교육부령으로 정하는 사항에 대한 건강검사를 한다. <개정 2008.2.29, 2011.12.31, 2012.3.21, 2013.3.23>
1. 「초ㆍ중등교육법」 제2조제1호의 학교와 이에 준하는 특수학교ㆍ각종학교의 1학년 및 4학년 학생. 다만, 구강검진은 전 학년에 대하여 실시하되, 그 방법과 비용 등에 관한 사항은 지역실정에 따라 교육감이 정한다.
2. 「초ㆍ중등교육법」 제2조제2호ㆍ제3호의 학교와 이에 준하는 특수학교ㆍ각종학교의 1학년 학생
3. 그 밖에 건강을 보호ㆍ증진하기 위하여 교육부령으로 정하는 학생
③ 학교의 장은 제2항에 따른 건강검사 외에 학생의 건강을 보호ㆍ증진하기 위하여 필요하다고 인정하면 교육부령으로 정하는 바에 따라 그 학생을 별도로 검사할 수 있다. <개정 2008.2.29, 2013.3.23>
④ 학교의 장은 제1항과 제2항에도 불구하고 천재지변 등 부득이한 사유로 관할 교육감 또는 교육장의 승인을 받은 경우에는 교육부령으로 정하는 바에 따라 건강검사를 연기하거나 건강검사의 전부 또는 일부를 생략할 수 있다. <개정 2008.2.29, 2013.3.23>
⑤ 제2항에 따라 건강검사를 한 검진기관은 교육부령으로 정하는 바에 따라 그 검사결과를 해당 학생 또는 학부모와 해당 학교의 장에게 알려야 한다. <개정 2008.2.29, 2013.3.23>
⑥ 학교의 장은 제2조제1호의 정신건강 상태 검사를 실시할 때 필요한 경우에는 학부모의 동의 없이 실시할 수 있다. 이 경우 학교의 장은 지체 없이 해당 학부모에게 검사 사실을 통보하여야 한다. <신설 2012.3.21, 2016.3.2, 2021.3.23>
⑦ 제1항과 제2항에 따른 건강검사의 시기, 방법, 검사항목 및 절차 등에 관하여 필요한 사항은 교육부령으로 정한다. <개정 2008.2.29, 2012.3.21, 2013.3.23>
제7조(건강검사 등)"
P03128,,조각·패널비위임,,사항은 대통령령으로,"① 교육감은 특수교육대상자와 그 가족에 대하여 가족상담, 부모교육 등 가족지원을 제공하여야 한다. <개정 2019.12.10>
② 교육감은 특수교육대상자에게 필요한 경우 물리치료, 작업치료 등 치료지원을 제공하여야 한다. 이 경우 특수교육대상자의 장애유형과 장애정도를 고려한 맞춤형 치료지원이 제공될 수 있도록 하여야 한다. <개정 2021.3.23, 2021.12.28>
③ 교육감은 각급학교의 장이 특수교육대상자를 위하여 필요한 경우 지원인력을 제공할 수 있도록 지원하여야 한다. <개정 2021.12.28>
④ 각급학교의 장은 특수교육대상자의 교육을 위하여 필요한 장애인용 각종 교구, 각종 학습보조기, 보조공학기기 등의 설비를 제공하여야 한다.
⑤ 각급학교의 장은 특수교육대상자의 취학 편의를 위하여 통학차량 지원, 통학비 지원, 통학 지원인력의 배치 등 통학 지원 대책을 마련하여야 한다. <개정 2021.12.28>
⑥ 각급학교의 장은 특수교육대상자의 생활지도 및 보호를 위하여 기숙사를 설치ㆍ운영할 수 있다. 기숙사를 설치ㆍ운영하는 특수학교에는 특수교육대상자의 생활지도 및 보호를 위하여 교육부령으로 정하는 자격이 있는 생활지도원을 두는 외에 간호사 또는 간호조무사를 두어야 한다. <개정 2008.2.29, 2013.3.23, 2013.4.5>
⑦ 제6항의 생활지도원과 간호사 또는 간호조무사의 배치기준은 국립학교의 경우 교육부령으로, 공립 및 사립 학교의 경우에는 시ㆍ도 교육규칙으로 각각 정한다. <신설 2013.4.5>
⑧ 각급학교의 장은 각급학교에서 제공하는 각종 정보(교육기관에서 운영하는 인터넷 홈페이지를 포함한다)를 특수교육대상자에게 제공하는 경우 특수교육대상자의 장애유형에 적합한 방식으로 제공하여야 한다. <개정 2013.4.5>
⑨ 교육감(국립학교의 경우에는 해당 학교의 장을 말한다)은 「의료법」 제3조에 따른 의료기관과 협의하여 해당 의료기관에 소속된 같은 법 제2조에 따른 의료인으로 하여금 학교 내에서 특수교육대상자에게 의료적 지원을 제공하도록 할 수 있다. 이 경우 의료인이 제공하는 의료적 지원의 구체적 범위는 대통령령으로 정한다. <신설 2024.2.27>
⑩ 제1항부터 제9항까지의 규정에 따른 특수교육 관련서비스의 제공을 위하여 필요한 사항은 대통령령으로 정한다. <개정 2013.4.5, 2024.2.27>
제28조(특수교육 관련서비스)"
P06186,,조각·패널비위임,,사항은 대통령령으로,"① 다음 각 호의 어느 하나에 해당하는 자는 교육부장관의 인가를 받아 전문대학 또는 대학졸업자와 동등한 학력ㆍ학위가 인정되는 평생교육시설을 설치ㆍ운영하거나 「고등교육법」 제2조에 따른 학교에 위탁하여 운영할 수 있다. <개정 2008.2.29, 2009.5.8, 2013.3.23, 2023.4.18>
1. 대통령령으로 정하는 규모 이상의 사업장(공동으로 참여하는 사업장도 포함한다)의 경영자
2. 「산업입지 및 개발에 관한 법률」에 따라 설립된 산업단지 입주기업의 연합체(이하 ""산업단지 기업연합체""라 한다). 이 경우 산업단지 기업연합체는 제1호에서 대통령령으로 정하는 규모 이상이어야 한다.
3. 「산업발전법」 제12조제2항에 따라 구성된 산업부문별 인적자원개발협의체(이하 ""산업별 협의체""라 한다). 이 경우 산업별 협의체는 제1호에서 대통령령으로 정하는 규모 이상이어야 한다.
② 제1항에 따른 사내대학형태의 평생교육시설은 다음 각 호의 어느 하나에 해당하는 사람을 대상으로 한다. <개정 2013.12.30, 2023.4.18>
1. 해당 사업장 또는 산업단지 기업연합체에 속한 사업장에 고용된 종업원
2. 해당 사업장 또는 산업단지 기업연합체에 속한 사업장에서 일하는 다른 업체의 종업원
3. 해당 사업장 또는 산업단지 기업연합체에 속한 사업장과 하도급 관계에 있는 업체 또는 부품ㆍ재료 공급 등을 통하여 해당 사업장 또는 산업단지 기업연합체에 속한 사업장과 협력관계에 있는 업체의 종업원
4. 해당 사업장 또는 산업단지 기업연합체에 속한 사업장과 동종 업종 또는 관련 분야에 속하는 업체의 종업원
5. 산업별 협의체의 해당 업종 또는 관련 분야에 속하는 업체의 종업원
③ 제1항에 따른 사내대학형태의 평생교육시설에서의 교육에 필요한 비용은 제2항 각 호에 해당하는 사람을 고용한 고용주가 부담하는 것을 원칙으로 한다. <신설 2013.12.30>
④ 제1항에 따른 사내대학형태의 평생교육시설의 설치기준ㆍ학점제등 운영에 필요한 사항은 대통령령으로 정한다. <개정 2013.12.30>
⑤ 제1항에 따른 사내대학형태의 평생교육시설을 폐쇄하고자 하는 경우에는 재학생 보호방안 등 대통령령으로 정하는 사항을 갖추어 교육부장관에게 신고하여야 한다. <개정 2008.2.29, 2013.3.23, 2013.12.30, 2023.4.18>
제32조(사내대학형태의 평생교육시설)"
P07041,,조각·패널비위임,,사항은 대통령령으로,"① 국가는 학생 치유ㆍ회복을 위한 보호시설 운영, 연구 및 교육 등을 수행하는 전문교육기관을 설치ㆍ운영할 수 있다.
② 국가는 학교폭력의 효과적인 예방 및 대응을 위한 센터(이하 ""학교폭력 예방센터""라 한다)를 지정ㆍ운영할 수 있다.
③ 제1항에 따른 전문교육기관의 설치ㆍ운영과 제2항에 따른 학교폭력 예방센터의 지정ㆍ운영에 관한 사항은 대통령령으로 정한다.
제6조의2(학교폭력 대응 전문교육기관 및 센터 운영 등)"
P06847,,조각·패널비위임,,사항은 대통령령으로,"①공제중앙회의 재정은 공제회의 분담금 및 그 밖의 수입으로 충당한다.
②제1항의 규정에 따른 공제회의 분담금 납부 및 그 밖의 필요한 사항은 대통령령으로 정한다.
제32조(공제중앙회의 재정)"
P06206,,조각·패널비위임,,자는 대통령령으로,"① 대통령령으로 정하는 규모 이상 사업장의 경영자는 해당 사업장의 고객 등을 대상으로 하는 평생교육시설을 설치ㆍ운영할 수 있다.
② 제1항에 따른 사업장 부설 평생교육시설을 설치하고자 하는 자는 대통령령으로 정하는 바에 따라 교육감에게 신고하여야 한다. 이를 폐쇄하고자 하는 경우에는 그 사실을 교육감에게 통보하여야 한다.
제35조(사업장 부설 평생교육시설)"
P00467,,조각·패널비위임,,2. 영 제17조제1항제3호 후단에 따른 지방자치단체의 인사규칙에서 정하는 바에 따라 자격증 소지를 의무화하는 특수직급의 신규임용시험 또는 전직시험에 응시하여 임용된 사람의 해당 자격증,"① 임용권자는 5급 이하 공무원ㆍ연구사 및 지도사가 다음 각 호의 어느 하나에 해당하는 자격증 또는 검정시험 합격확인서 등(이하 ""자격증등""이라 한다)을 소지한 경우에는 영 제32조제2항 및 연구ㆍ지도직규정 제14조제2항에 따라 가산점을 줄 수 있다. <개정 2022.9.1>
1. 「자격기본법」 제12조에 따른 국가자격증 및 같은 법 제23조에 따른 공인자격증 중 임용권자가 직무수행과 밀접한 관련이 있다고 인정하여 지정하는 자격증
2. 외국에서 취득한 자격증 중 임용권자가 제1호에 따른 자격증과 동일하거나 동등하다고 인정하는 자격증
3. 그 밖에 임용권자가 직무수행과 밀접한 관련이 있다고 인정하여 지정하는 자격증 또는 검증시험 합격확인서 등
② 삭제 <2022.9.1>
③ 제1항에도 불구하고 다음 각 호의 어느 하나에 해당하는 자격증등(제1호, 제2호 및 제5호의 경우에는 해당 자격증 종목의 하위 등급 자격증을 포함한다)을 소지한 경우에는 가산점을 줄 수 없다. <개정 2022.9.1>
1. 「지방공무원법」 제27조제2항제2호에 따른 자격증 소지자로서 영 제55조제1항제1호에 따라 경력경쟁임용시험의 필기시험을 실시하지 아니하고 임용된 사람의 해당 자격증
2. 영 제17조제1항제3호 후단에 따른 지방자치단체의 인사규칙에서 정하는 바에 따라 자격증 소지를 의무화하는 특수직급의 신규임용시험 또는 전직시험에 응시하여 임용된 사람의 해당 자격증
3. 공무원으로 재직함으로써 시험과목의 전부를 면제받거나 자동적으로 취득한 자격증
4. 유효기간이 지난 자격증등
5. 승진임용 시 이미 가산점이 반영된 자격증등
④ 가산점을 줄 수 있는 자격증등이 둘 이상인 경우에는 그 중 가산점이 높은 하나에 대해서만 가산점을 줄 수 있다.
⑤ 삭제 <2022.9.1>
⑥ 삭제 <2022.9.1>
제23조(자격증 등의 가산점)"
P00063,,조각·패널비위임,,대통령령과 학칙으로,"① 학교는 그 설립목적을 달성하기 위하여 대통령령으로 정하는 범위에서 필요한 조직을 갖추어야 한다.
② 학교의 조직에 관한 기본적 사항은 국립학교는 대통령령과 학칙으로 정하고, 공립학교는 해당 지방자치단체의 조례와 학칙으로 정하며, 사립학교는 해당 학교법인의 정관과 학칙으로 정한다.
제19조(학교의 조직)"
P03082,,조각·패널비위임,,사항은 대통령령으로,"① 제5조에 따른 국가 및 지방자치단체의 업무수행에 관한 주요 사항을 심의하기 위하여 교육부장관 소속으로 중앙특수교육운영위원회를, 교육감 소속으로 시ㆍ도특수교육운영위원회를, 교육장 소속으로 시ㆍ군ㆍ구특수교육운영위원회를 각각 둔다. <개정 2008.2.29, 2013.3.23>
② 제1항에 따른 중앙특수교육운영위원회의 구성ㆍ운영 등에 관하여 필요한 사항은 대통령령으로, 시ㆍ도특수교육운영위원회 및 시ㆍ군ㆍ구특수교육운영위원회의 구성ㆍ운영 등에 관하여는 특별시ㆍ광역시ㆍ특별자치시ㆍ도 및 특별자치도(이하 ""시ㆍ도""라 한다)의 교육규칙으로 각각 정한다. <개정 2019.12.10>
제10조(특수교육운영위원회)"
P04367,,조각·패널비위임,,2. 제2항에 따른 지역다문화교육지원센터의 경우: 해당 시ㆍ도의 조례,"① 교육부장관은 법 제28조의2제5항에 따라 다음 각 호의 업무를 수행하는 중앙다문화교육지원센터를 설치ㆍ운영할 수 있다.
1. 다문화교육 정책 수립을 위한 연구ㆍ개발 및 분석
2. 각급 학교, 시ㆍ도 교육청 및 그 밖의 다문화교육 관련 기관ㆍ법인ㆍ단체의 다문화교육 사업 운영 지원
3. 다문화학생등의 학습 지원을 위한 자료 개발 및 보급
4. 학부모 및 교직원에 대한 다문화교육 관련 연수ㆍ홍보 및 자료 개발
5. 그 밖에 다문화학생등의 교육지원에 관한 사항으로서 교육부장관이 필요하다고 인정하는 사항
② 교육감은 법 제28조의2제5항에 따라 다음 각 호의 업무를 수행하는 지역다문화교육지원센터를 설치ㆍ운영할 수 있다.
1. 지역 특성에 적합한 다문화교육 프로그램 운영
2. 각급 학교의 다문화교육 운영 지원
3. 다문화교육을 담당하는 교원의 역량 강화를 위한 연수 지원
4. 지역 내 다문화교육 관계 기관과의 협력체계 구축
5. 그 밖에 다문화학생등의 교육지원에 관한 사항으로서 교육감이 필요하다고 인정하는 사항
③ 교육부장관 및 교육감은 법 제28조의2제5항에 따라 제1항 각 호 또는 제2항 각 호에 따른 업무의 전부 또는 일부를 다음 각 호의 어느 하나에 해당하는 기관, 법인 또는 단체 중에서 위탁 업무를 수행할 수 있는 인력과 시설을 갖춘 자를 지정하여 위탁할 수 있다.
1. 「공공기관의 운영에 관한 법률」 제4조에 따른 공공기관
2. 「정부출연연구기관 등의 설립ㆍ운영 및 육성에 관한 법률」 제2조에 따른 정부출연연구기관
3. 그 밖에 다문화학생등의 교육지원 업무 수행에 필요한 인력과 시설을 갖추었다고 교육부장관 및 교육감이 인정하는 기관, 법인 또는 단체
④ 교육부장관 및 교육감은 제3항에 따라 업무를 위탁하는 경우에는 위탁받는 자와 위탁 업무의 내용을 교육부 또는 해당 시ㆍ도 교육청의 인터넷 홈페이지에 공고해야 한다.
⑤ 제1항에서 제4항까지에서 규정한 사항 외에 다문화교육지원센터의 설치ㆍ운영 및 지정ㆍ위탁의 방법과 기준 등에 필요한 세부 사항은 다음 각 호의 구분에 따라 정한다.
1. 제1항에 따른 중앙다문화교육지원센터의 경우: 교육부장관 고시
2. 제2항에 따른 지역다문화교육지원센터의 경우: 해당 시ㆍ도의 조례
제54조의5(다문화교육지원센터의 설치ㆍ운영 등)"
P00293,,조각·패널비위임,,교육부장관이 따로 정하여 고시하는 교과목의 경우에는 인정을 신청할 때,"①교육부장관이 정하여 고시하는 교과목에 대하여 인정도서를 선정ㆍ사용하려는 경우에는 학교장, 저작자, 발행자 또는 저작자와 발행자가 공동으로 해당 도서를 선정ㆍ사용하려는 학기가 시작되는 날의 6개월 전까지 교육부장관에게 인정도서의 인정을 신청하여야 한다. 다만, 교육부장관은 교육과정의 개정 등 부득이한 사유가 있는 경우에는 인정도서의 인정신청기한을 달리 정하여 공고할 수 있다. <개정 2008.2.29, 2010.5.4, 2012.4.16, 2013.3.23, 2014.10.8>
② 삭제 <2012.4.16>
③교육부장관이 정하여 고시하는 교과목 외의 교과목에 대하여 인정도서를 선정ㆍ사용하려는 경우에는 학교의 장이 해당 교과목의 교원자격을 가진 교원 중에서 지정 또는 위촉하는 3명 이상의 위원으로 구성되는 학교인정도서추천위원회 및 학교운영위원회의 심의를 거쳐 학기가 시작되는 날의 3개월 전까지 교육부장관에게 인정을 신청할 수 있다. 다만, 공립ㆍ사립의 초등학교 및 중학교의 경우에는 교육장을 거쳐 인정을 신청해야 한다. <개정 2008.2.29, 2009.8.18, 2012.4.16, 2013.3.23, 2014.10.8, 2015.12.15, 2020.1.7, 2023.10.24>
④ 교육부장관은 제3항 본문에도 불구하고 교육과정의 개정 등 부득이한 사유가 있는 경우에는 인정도서의 인정신청기한을 달리 정하여 공고할 수 있다. <신설 2023.10.24>
⑤ 제1항 및 제3항에 따라 인정도서의 인정을 신청하는 교과목 중 교육부장관이 따로 정하여 고시하는 교과목의 경우에는 인정을 신청할 때 교육부장관이 정하여 고시하는 바에 따라 실시한 해당 도서의 내용 오류, 표기ㆍ표현 오류 등에 대한 검증 결과를 제출해야 한다. <신설 2020.1.7, 2023.10.24>
제14조(인정도서의 신청)"
P07266,,조각·패널비위임,,포함하여 대통령령으로,"① 교육감은 국민의 알권리를 보장하고 학원 과 교습소 운영의 투명성을 높이기 위하여 교육감에게 등록 또는 신고한 교습비등을 학원 종류별, 교습과정별, 지역교육청별 또는 시(「제주특별자치도 설치 및 국제자유도시 조성을 위한 특별법」 제10조제2항에 따른 행정시를 포함한다)ㆍ군ㆍ구별로 분류하여 시ㆍ도교육청 홈페이지 등에 공개하여야 한다. <개정 2015.7.24>
② 제1항에 따른 정보공개의 범위는 학원 또는 교습소의 명칭, 위치, 교습과정, 교습과목, 정원, 교습기간, 교습시간 및 교습비등에 관한 사항을 포함하여 대통령령으로 정한다.
제15조의5(정보의 공개)"
P06797,,조각·패널비위임,,할 사항은 대통령령으로,"① 학교시설사업을 시행하려는 자(국가와 지방자치단체는 제외한다)는 대통령령으로 정하는 바에 따라 학교시설사업의 시행지ㆍ규모 및 재원 등이 포함된 학교시설사업 시행계획(이하 ""시행계획""이라 한다)을 작성하여 「초ㆍ중등교육법」 제6조에 따른 감독기관(이하 ""감독청""이라 한다)의 승인을 받아야 한다. 다만, 이미 학교시설사업을 마치고 제13조제2항에 따른 준공검사에서 합격한 학교시설사업의 시행지 안에서 학교시설의 건축ㆍ축조ㆍ대수선(大修繕) 또는 용도변경(이하 ""건축등""이라 한다)을 하려는 경우의 시행계획에 대하여는 그러하지 아니하다.
② 제1항 본문에 따른 승인을 받은 시행계획을 변경하려는 자는 감독청의 변경승인을 받아야 한다. 다만, 대통령령으로 정하는 경미한 사항을 변경하려는 경우에는 그러하지 아니하다.
③ 감독청은 제1항이나 제2항에 따라 시행계획을 승인하거나 변경승인을 하려면 대통령령으로 정하는 바에 따라 미리 제5조 각 호의 해당 사항의 소관 행정기관의 장과 협의하여야 한다.
④ 국가나 지방자치단체는 학교시설사업을 시행하려면 시행계획을 작성하여 대통령령으로 정하는 바에 따라 미리 제5조 각 호의 해당 사항의 소관 행정기관의 장과 협의하여야 한다. 다만, 이미 학교시설사업을 마친 학교시설사업의 시행지에서 학교시설의 건축등을 하려는 경우의 시행계획에 대하여는 그러하지 아니하다.
⑤ 제1항과 제4항에 따른 시행계획에 포함되어야 할 사항은 대통령령으로 정한다.
⑥ 감독청이 제1항이나 제2항에 따라 시행계획을 승인 또는 변경승인하려고 하거나 국가나 지방자치단체가 제4항에 따라 시행계획을 작성하려는 경우 그 시행지 안에 제10조에 따라 수용 또는 사용이 필요한 토지, 건축물, 그 밖에 토지의 정착물이나 그에 관한 소유권 외의 권리가 있으면 그 토지의 소유자 등 이해관계인의 의견을 들어야 한다.
⑦ 감독청은 제1항이나 제2항에 따라 시행계획을 승인하거나 변경승인한 경우에는 대통령령으로 정하는 바에 따라 지체 없이 제3항과 제6항에 따른 협의기관과 이해관계인에게 각각 통보하고 고시하여야 한다. 국가나 지방자치단체가 제4항에 따른 협의를 마친 경우에도 또한 같다.
⑧ 학교시설사업을 시행하려는 자는 제1항이나 제2항에 따른 시행계획의 승인 또는 변경승인과 제5조의2제1항에 따른 학교시설의 건축등에 관한 승인을 동시에 신청할 수 있다.
제4조(학교시설사업 시행계획의 승인 등)"
P03070,,조각·패널비위임,,보건복지부령으로 정하는 사항이,"① 보건복지부장관(제32조에 따른 장애영유아 어린이집에 대해서는 교육부장관을 말한다), 시ㆍ도지사 또는 시장ㆍ군수ㆍ구청장은 복지지원 제공기관 및 지역센터를 운영하는 자로 하여금 그 시설에 관하여 필요한 자료제출과 보고를 하게 할 수 있으며, 관계 공무원으로 하여금 그 시설의 운영상황을 조사하게 하거나 장부와 그 밖의 서류를 검사하게 할 수 있다. <개정 2023.12.26>
② 제1항에 따라 관계 공무원이 그 직무를 수행할 때에는 그 권한을 표시하는 증표 및 조사기간, 조사범위, 조사담당자, 관계 법령 등 보건복지부령으로 정하는 사항이 기재된 서류를 지니고 이를 관계인에게 내보여야 한다. <개정 2016.2.3>
제35조(보고와 검사)"
P01730,,조각·패널비위임,,대통령령으로 정하는,"① 교육부장관은 산업체의 수요와 미래의 산업발전에 따르는 인력을 양성하기 위하여 산업교육기관(제2조제2호의 산업교육기관 중 다목에 해당하는 대학을 말한다. 이하 이 조에서 같다)이 실시하는 현장실습(「고등교육법」 제22조에 따른 현장실습수업을 말한다. 이하 이 조에서 같다)에 관한 표준화된 운영기준을 수립하여야 하며, 산업교육기관은 이에 따라 현장실습을 운영하여야 한다.
② 제1항에 따른 운영기준은 다음 각 호의 사항을 포함하여야 한다.
1. 현장실습 산업체(이하 이 조에서 ""실습기관""이라 한다)의 선정 절차 및 방법에 관한 사항
2. 현장실습에 참여하는 학생의 선발, 직무수행 실습시간, 직무 관련 교육시간 및 실습내용에 관한 사항
3. 현장실습 지원비(현장실습과 관련하여 실습기관에서 현장실습에 참여하는 학생에게 지급하는 비용을 말한다)에 관한 사항
4. 그 밖에 현장실습의 운영에 필요한 사항
③ 실습기관은 제2항제3호에 따른 현장실습 지원비를 직무수행 실습시간, 직무 관련 교육시간과 「최저임금법」 제5조제1항에 따른 시간급 최저임금액 등을 고려하여 대통령령으로 정하는 기준에 따라 지급하여야 한다.
④ 관계 중앙행정기관의 장과 지방자치단체의 장은 제1항에 따른 운영기준을 지키며 제5조제3항제3호에 따른 현장 실습계획을 수립하여야 한다. <개정 2022.12.13>
⑤ 그 밖에 현장실습 운영에 필요한 사항은 대통령령으로 정한다.
제11조의3(현장실습 운영)"
P06227,,조각·패널비위임,,사항은 교육부령으로,"① 제31조부터 제33조까지, 제35조부터 제38조까지의 규정에 따라 평생교육시설 인가를 받거나 등록ㆍ신고를 한 자가 인가 또는 등록ㆍ신고한 사항을 변경하고자 하는 때에는 대통령령으로 정하는 바에 따라 변경인가를 받거나 변경등록ㆍ변경신고를 하여야 한다. <개정 2023.4.18, 2025.11.11>
② 제1항에 따른 변경인가 및 변경등록ㆍ변경신고의 방법ㆍ절차 등에 필요한 사항은 교육부령으로 정한다.
제38조의2(평생교육시설의 변경인가ㆍ변경등록 등)"
P02109,,조각·패널비위임,,교육부령,"① 국가나 지방자치단체, 사회복지법인, 그 밖의 비영리법인이 설치한 어린이집과 대통령령으로 정하는 어린이집의 원장은 다음 각 호의 어느 하나에 해당하는 자가 우선적으로 어린이집을 이용할 수 있도록 하여야 한다. 다만, 「고용정책 기본법」 제40조제2항에 따라 고용촉진시설의 설치ㆍ운영을 위탁받은 공공단체 또는 비영리법인이 설치ㆍ운영하는 어린이집의 원장은 근로자의 자녀가 우선적으로 어린이집을 이용하게 할 수 있다. <개정 2007.10.17, 2008.2.29, 2009.10.9, 2010.1.18, 2011.6.7, 2013.8.13, 2016.2.3, 2017.3.14, 2017.12.19, 2018.12.11, 2023.8.8, 2023.12.26>
1. 「국민기초생활 보장법」에 따른 수급자
2. 「한부모가족지원법」 제5조에 따른 지원대상자의 자녀
2의2. 「한부모가족지원법」 제5조의2제2항에 따른 지원대상자의 손자녀
3. 「국민기초생활 보장법」 제24조에 따른 차상위계층의 자녀
4. 「장애인복지법」 제2조에 따른 장애인 중 교육부령으로 정하는 장애 정도에 해당하는 자의 자녀
4의2. 「장애인복지법」 제2조에 따른 장애인 중 교육부령으로 정하는 장애 정도에 해당하는 자가 형제자매인 영유아
5. 「다문화가족지원법」 제2조제1호에 따른 다문화가족의 자녀
6. 「국가유공자 등 예우 및 지원에 관한 법률」 제4조제1항에 따른 국가유공자 중 제3호의 전몰군경, 제4호ㆍ제6호ㆍ제12호ㆍ제15호ㆍ제17호의 상이자로서 교육부령으로 정하는 자, 제5호ㆍ제14호ㆍ제16호의 순직자의 자녀
7. 제1형 당뇨를 가진 경우로서 의학적 조치가 용이하고 일상생활이 가능하여 보육에 지장이 없는 영유아
8. 그 밖에 소득수준 및 보육수요 등을 고려하여 교육부령으로 정하는 자의 자녀
② 사업주는 사업장 근로자의 자녀가 우선적으로 직장어린이집을 이용할 수 있도록 하여야 한다. <개정 2011.6.7>
③ 제1항에 따른 보육의 우선제공 대상에 대한 적용 방법ㆍ기준 등에 필요한 사항은 교육부령으로 정한다. <신설 2017.3.14, 2023.12.26>
제28조(보육의 우선 제공)"
P01552,,조각·패널비위임,,아니한 경우에는 대통령령으로,"① 국가부담금은 다음 각 호의 금액의 합계액으로 한다. <개정 2012.1.26>
1. 제44조제4항에 따라 교원이 부담하는 개인부담금의 합계액 중 대통령령으로 정하는 금액
2. 제48조의3에 따라 교직원이 내는 소급개인부담금 합계액과 같은 금액
3. 퇴직수당 지급에 드는 비용 중 제47조제3항 단서에 따라 부담하는 금액
② 국가는 제1항의 부담금을 공단에 내야 한다.
③ 국가부담금을 더 내거나 덜 냈을 때에는 다음 기(期)의 국가부담금을 낼 때에 가감한다.
④ 제3항에 따라 더 내거나 덜 낸 국가부담금을 다음 기의 국가부담금을 낼 때에 정산하지 아니한 경우(해당 회계연도 내에 전액을 공단에 납입하지 아니한 경우를 포함한다)에는 그 금액을 원금으로 하고 대통령령으로 정하는 바에 따라 이자를 가산한 금액으로 정산하여야 한다. 다만, 퇴직수당 지급에 드는 비용에 대한 국가부담액에 대하여는 해당 회계연도 말까지 국가가 납입한 금액이 실제 든  비용보다 적거나 많은 경우에는 대통령령으로 정하는 바에 따라 다음 해 1월 31일까지 정산하여야 하며, 다음 해 1월 31일까지 정산하지 아니한 경우에는 대통령령으로 정하는 바에 따라 이자를 가산한 금액으로 정산하여야 한다. <개정 2021.3.23>
제46조(국가부담금)"
P07231,,조각·패널비위임,,대통령령으로 정하는,"1. 범죄경력조회서
2. 건강진단서(1개월 이내에 받은 것으로서 대마 및 약물 검사 결과를 포함한다)
3. 학력증명서
4. 그 밖에 대통령령으로 정하는 서류
제13조의2(외국인강사의 채용) 학원설립ㆍ운영자는 외국어교습을 담당하게 하기 위하여 외국인강사(대한민국 국민이 아닌 사람으로서 학원에서 교습을 담당하는 강사를 말한다. 이하 같다)를 채용하려는 경우에는 강사가 되고자 하는 사람으로부터 다음 각 호의 서류를 제출받아 그에 대한 검증 후 채용하여야 한다. 다만, 「출입국관리법」 제18조에 따라 취업활동을 할 수 있는 체류자격을 받은 사람 중 회화지도 체류자격을 받은 사람에 대하여는 제1호의 범죄경력조회서를 제출받지 아니할 수 있다. <개정 2016.12.20>"
P01724,,조각·패널비위임,,대통령령으로 정하는,"① 교육부장관은 산업교육기관이 제8조를 위반하여 계약학과등을 설치ㆍ운영하거나 폐지하는 경우에는 대통령령으로 정하는 기간 동안 계약학과등의 신규 설치를 제한할 수 있다.
② 교육부장관은 산업체등이 제8조제4항을 위반하여 계약학과등의 설치기준을 지키지 아니한 경우 대통령령으로 정하는 기간 동안 해당 산업체등에 의한 신규 계약학과등의 설치를 제한할 수 있다. <개정 2022.12.13>
③ 제1항 및 제2항에 따른 계약학과등의 설치 제한 등에 필요한 사항은 대통령령으로 정한다.
제8조의2(계약학과등의 설치 제한 등)"
P07534,,조각·패널비위임,,대통령령으로 정하는,"① 교육부장관 및 재단은 다음 각 호의 사항을 확인하기 위하여 해당 기관 또는 단체에 해당 정보를 제공할 것을 요청할 수 있다. <개정 2014.1.7, 2014.11.19, 2016.5.29, 2017.7.26, 2018.12.18, 2020.12.22>
1. 학자금 지원을 받고 있거나 받으려는 사람과 그 부모, 형제ㆍ자매, 배우자 및 자녀의 가족관계: 법원행정처장에 대하여 가족관계 등록사항에 관한 전산정보자료
2. 학자금 지원을 받고 있거나 받으려는 사람과 그 부모 또는 배우자의 주소 및 주민등록 말소 여부 등: 행정안전부장관, 시장ㆍ군수ㆍ구청장에 대하여 주민등록사항에 관한 전산정보자료
3. 학자금 지원을 받고 있거나 받으려는 사람과 그 부모 또는 배우자의 소득정보: 국세청장에 대하여 국세에 관한 전산정보자료
4. 학자금 지원을 받고 있거나 받으려는 사람과 그 부모 또는 배우자의 재산정보: 국토교통부장관에 대하여 지적대장 및 건축물대장에 관한 전산정보자료
5. 학자금 지원을 받고 있거나 받으려는 사람과 그 부모 또는 배우자의 재산정보: 시장ㆍ군수ㆍ구청장에 대하여 지방세, 자동차세에 관한 전산정보자료
6. 학자금 지원을 받고 있거나 받으려는 사람과 그 부모 또는 배우자의 자동차 보유 현황: 국토교통부장관에 대하여 차적정보 등에 관한 전산정보자료
7. 학자금 지원을 받고 있거나 받으려는 사람과 그 부모 또는 배우자의 소득정보: 농림축산식품부장관에 대하여 농업직불금에 관한 전산정보자료
8. 학자금 지원을 받고 있거나 받으려는 사람과 그 부모 또는 배우자의 소득정보: 국민건강보험공단 이사장에 대하여 보수월액 등 건강보험료 부과정보에 관한 전산정보자료
9. 학자금 지원을 받은 사람이 「병역법」에 따라 입영 중인지의 여부: 병무청장에 대하여 군복무에 관한 전산정보자료
10. 학자금 지원을 받고 있거나 받으려는 사람의 학사정보: 고등교육기관에 대하여 고등교육기관이 보유하고 있는 학업 성적 등에 관한 학사정보 자료 및 「초ㆍ중등교육법」 제2조에 따른 학교에 대하여 학교가 보유하고 있는 학업 성적 등에 관한 학사정보 자료
11. 학자금 지원을 받고 있거나 받으려는 사람과 그 부모 또는 배우자의 복지급여 수혜이력: 보건복지부장관에 대하여 「국민기초생활 보장법」 제2조제2호에 따른 수급자 관련 전산정보자료
12. 학자금 지원을 받고 있거나 받으려는 사람과 그 부모 또는 배우자의 금융 재산 정보: 「금융실명거래 및 비밀보장에 관한 법률」 제2조제1호에 따른 금융회사등에 대하여 금융정보에 관한 전산정보자료
13. 학자금 지원을 받고 있거나 받으려는 사람과 그 부모 또는 배우자의 신용정보: 「신용정보의 이용 및 보호에 관한 법률」 제2조제6호에 따른 신용정보집중기관에 대하여 신용정보에 관한 전산정보자료
14. 학자금 지원을 받고 있거나 받으려는 사람과 그 부모 또는 배우자의 보험정보: 보험회사에 대하여 「보험업법」 제4조제1항 각 호에 따른 보험에 가입하여 납부한 보험료에 관한 전산정보자료
15. 그 밖에 학자금 지원에 필요한 소득ㆍ재산 등을 확인하기 위하여 필요한 범위에서 대통령령으로 정하는 자료
② 교육부장관 및 재단은 학자금 지원체제를 구축하기 위하여 대통령령으로 정하는 비영리 장학법인에 해당 법인의 설립 목적, 사업 내용 및 실적 등에 관한 자료의 제출을 요청할 수 있다. <개정 2014.1.7>
③ 제1항 및 제2항에 따라 정보제공을 요청받은 기관 또는 단체는 정당한 사유가 없으면 이에 따라야 한다. <신설 2014.1.7>
④ 교육부장관 및 재단은 제1항 및 제2항에 따라 얻은 정보를 「개인정보 보호법」에 따라 보호하여야 한다. <개정 2014.1.7>
⑤ 교육부장관 및 재단은 제1항에 따른 자료의 확인을 위하여 「사회보장기본법」 제37조에 따른 사회보장정보시스템, 「초ㆍ중등교육법」 제30조의4에 따른 교육정보시스템 및 「평생교육법」 제18조의2에 따른 평생교육 종합정보시스템을 연계하여 사용할 수 있다. <신설 2014.1.7, 2018.12.18, 2021.12.28>
⑥ 제1항에 따라 요청받은 자료를 제출하는 기관은 교육부장관 및 재단에 대하여 제출하는 자료에 대한 사용료, 수수료 등을 면제하여야 한다. <신설 2014.1.7>
⑦교육부장관 및 재단은 고등교육기관의 학자금 지원 사업을 지원하기 위하여 대학생의 소득분위 정보를 해당 고등교육기관에 제공할 수 있으며, 정보를 제공받은 고등교육기관은 재단으로부터 받은 소득분위 정보를 「개인정보 보호법」에 따라 보호하여야 한다. <신설 2014.1.7>
제50조의2(자료 제출의 요청)"
P06178,,조각·패널비위임,,사항은 대통령령으로,"① 다음 각 호의 어느 하나에 해당하는 자는 교육부장관의 인가를 받아 전문대학 또는 대학졸업자와 동등한 학력ㆍ학위가 인정되는 평생교육시설을 설치ㆍ운영하거나 「고등교육법」 제2조에 따른 학교에 위탁하여 운영할 수 있다. <개정 2008.2.29, 2009.5.8, 2013.3.23, 2023.4.18>
1. 대통령령으로 정하는 규모 이상의 사업장(공동으로 참여하는 사업장도 포함한다)의 경영자
2. 「산업입지 및 개발에 관한 법률」에 따라 설립된 산업단지 입주기업의 연합체(이하 ""산업단지 기업연합체""라 한다). 이 경우 산업단지 기업연합체는 제1호에서 대통령령으로 정하는 규모 이상이어야 한다.
3. 「산업발전법」 제12조제2항에 따라 구성된 산업부문별 인적자원개발협의체(이하 ""산업별 협의체""라 한다). 이 경우 산업별 협의체는 제1호에서 대통령령으로 정하는 규모 이상이어야 한다.
② 제1항에 따른 사내대학형태의 평생교육시설은 다음 각 호의 어느 하나에 해당하는 사람을 대상으로 한다. <개정 2013.12.30, 2023.4.18>
1. 해당 사업장 또는 산업단지 기업연합체에 속한 사업장에 고용된 종업원
2. 해당 사업장 또는 산업단지 기업연합체에 속한 사업장에서 일하는 다른 업체의 종업원
3. 해당 사업장 또는 산업단지 기업연합체에 속한 사업장과 하도급 관계에 있는 업체 또는 부품ㆍ재료 공급 등을 통하여 해당 사업장 또는 산업단지 기업연합체에 속한 사업장과 협력관계에 있는 업체의 종업원
4. 해당 사업장 또는 산업단지 기업연합체에 속한 사업장과 동종 업종 또는 관련 분야에 속하는 업체의 종업원
5. 산업별 협의체의 해당 업종 또는 관련 분야에 속하는 업체의 종업원
③ 제1항에 따른 사내대학형태의 평생교육시설에서의 교육에 필요한 비용은 제2항 각 호에 해당하는 사람을 고용한 고용주가 부담하는 것을 원칙으로 한다. <신설 2013.12.30>
④ 제1항에 따른 사내대학형태의 평생교육시설의 설치기준ㆍ학점제등 운영에 필요한 사항은 대통령령으로 정한다. <개정 2013.12.30>
⑤ 제1항에 따른 사내대학형태의 평생교육시설을 폐쇄하고자 하는 경우에는 재학생 보호방안 등 대통령령으로 정하는 사항을 갖추어 교육부장관에게 신고하여야 한다. <개정 2008.2.29, 2013.3.23, 2013.12.30, 2023.4.18>
제32조(사내대학형태의 평생교육시설)"
P00420,,조각·패널비위임,,자격증에 교육부령이,"①중등학교 및 특수학교의 정교사 및 준교사와, 실기교사의 자격증에 표시할 담당과목은 교육부령으로 정한다. <개정 1993.2.16, 2001.1.29, 2008.2.29, 2013.3.23>
② 삭제 <2007.12.20>
③ 제1항에 따라 자격증에 표시할 담당과목은 재학 중 전공과목을 50학점 이상 이수한 자에 한한다. 다만, 특수학교 교사자격증을 받으려는 자가 이수하여야 하는 전공과목의 학점은 교육부령으로 정한다. <개정 2007.12.20, 2008.2.29, 2013.3.23>
④중등학교의 현직교사(특수학교의 중등학교과정을 담당하는 현직교사를 포함한다)로서 다음 각 호의 어느 하나에 해당하는 사람에 대해서는 그 자격증에 그가 이수한 과목을 부전공과목으로 표시할 수 있다. <개정 1998.8.11, 2001.1.29, 2001.12.19, 2004.9.17, 2006.4.6, 2007.12.20, 2008.2.29, 2013.3.23, 2021.2.9>
1. 「교육공무원법」 제38조 또는 제40조에 따른 교원연수계획에 따라 교육감이 지정하는 교육기관(교원연수기관을 포함한다)에서 교육감이 인정하는 교육과정을 30학점 이상 이수한 사람
2. 교육대학원 또는 교육부장관이 지정하는 대학원 교육과에서 교육부장관이 정하는 학점 및 과목을 이수하고 석사학위를 받은 사람
⑤「초ㆍ중등교육법」 별표 2에 따라 임시 교원양성기관을 수료하거나 필요한 보수교육을 받고 교사자격증을 취득한 자에 대하여는 그 자격증에 교육부령이 정하는 바에 따라 담당과목을 표시할 수 있다. <신설 1999.5.10, 2001.1.29, 2006.4.6, 2007.12.20, 2008.2.29, 2013.3.23>
⑥ 교사양성특별과정을 이수한 사람 및 「초ㆍ중등교육법」 별표 2의 실기교사란 제5호에 따른 교육과정을 이수한 사람의 자격증에 표시할 담당과목은 제1항을 따르되, 표시과목 뒤에 교육감이 정하는 전문 분야의 세부 항목을 병기(倂記)할 수 있다. <신설 2011.12.30, 2019.6.18>
제4조(자격증표시과목)"
P01373,,조각·패널비위임,,대통령령으로 정하는,"① 국가와 지방자치단체[특별시ㆍ광역시ㆍ특별자치시ㆍ도ㆍ특별자치도ㆍ시ㆍ군ㆍ구(자치구를 말한다. 이하 같다) 및 특별시ㆍ광역시ㆍ특별자치시ㆍ도ㆍ특별자치도의 교육청을 말한다. 이하 같다]는 원격교육에 관한 정책을 수립ㆍ시행하며 원격교육의 질을 향상시키기 위한 정책을 추진하기 위하여 필요한 예산상의 조치를 하여야 한다.
② 국가와 지방자치단체는 「장애인 등에 대한 특수교육법」에 따른 장애학생, 「국민기초생활 보장법」에 따른 수급자의 자녀 등 대통령령으로 정하는 원격교육 취약계층 학생이 원격교육에 참여할 수 있도록 필요한 지원을 하여야 한다.
③ 국가와 지방자치단체는 미래 변화에 대응하여 디지털 기반의 원격교육의 효과와 필요성에 대한 국민의 인식을 제고하고 생애주기별 디지털 역량 개발을 위하여 노력하여야 한다.
제4조(국가와 지방자치단체의 책무)"
P01771,,조각·패널비위임,,대통령령으로 정하는,"① 산학협력단 및 제2조제2호다목에 해당하는 산업교육기관 중 대통령령으로 정하는 산업교육기관(이하 ""산학협력단등""이라 한다)은 단독으로 또는 다음 각 호의 어느 하나에 해당하는 기관과 공동으로 기술지주회사를 설립할 수 있다. <개정 2011.7.25, 2013.12.30>
1. 다른 대학의 산학협력단
2. 학교법인(그 학교에 산학협력단이 없는 경우만 해당한다)
3. 연구기관
② 기술지주회사는 다음 각 호의 요건을 갖추어 교육부장관의 설립인가를 받아야 한다. 설립인가에 필요한 절차에 관하여는 교육부령으로 정한다. <개정 2008.2.29, 2011.7.25, 2013.3.23, 2013.12.30, 2024.12.20>
1. 주식회사일 것
2. 임원이 「국가공무원법」 제33조제1항 각 호에 따른 결격사유에 해당하지 아니할 것
3. 산학협력단등(제1항 각 호의 기관과 공동으로 기술지주회사를 설립하는 경우에는 제1항 각 호의 기관을 포함한다. 이하 같다)이 자본금의 100분의 30을 초과하여 기술을 현물출자할 것
4. 산학협력단등이 발행 주식 총수의 100분의 50을 초과하여 보유할 것
5. 그 밖에 대통령령으로 정하는 기준을 갖출 것
③ 산학협력단등이 기술지주회사에 기술을 현물출자하는 경우에 「기술의 이전 및 사업화 촉진에 관한 법률」 제35조제1항에 따라 지정된 기술평가기관이 그 가치를 평가하여 법원에 보고한 경우에는 이로써 「상법」 제299조, 제299조의2 및 제310조에 따른 조사ㆍ보고 또는 감정을 갈음할 수 있다. <개정 2013.12.30>
④ 기술지주회사는 자회사의 설립ㆍ경영관리 및 이에 딸린 업무와 기술지주회사 운영을 위한 업무로서 대통령령으로 정하는 업무를 할 수 있다. <개정 2011.7.25>
⑤ 국가 또는 지방자치단체는 기술지주회사 등의 설립ㆍ운영에 필요한 비용의 전부 또는 일부를 예산의 범위에서 지원할 수 있다. <신설 2011.7.25>
⑥ 제2항에 따른 설립인가를 받은 기술지주회사는 기술지주회사의 분할ㆍ합병 등으로 출자내역 및 비율 등 대통령령으로 정한 인가받은 사항을 변경하려는 경우 교육부령으로 정하는 바에 따라 교육부장관의 변경인가를 받아야 한다. <신설 2024.12.20>
제36조의2(기술지주회사의 설립ㆍ운영)"
P04069,,조각·패널비위임,,사항은 대통령령으로,"① 모든 국민은 보호하는 자녀 또는 아동이 6세가 된 날이 속하는 해의 다음 해 3월 1일에 그 자녀 또는 아동을 초등학교에 입학시켜야 하고, 초등학교를 졸업할 때까지 다니게 하여야 한다.
② 모든 국민은 제1항에도 불구하고 그가 보호하는 자녀 또는 아동이 5세가 된 날이 속하는 해의 다음 해 또는 7세가 된 날이 속하는 해의 다음 해에 그 자녀 또는 아동을 초등학교에 입학시킬 수 있다. 이 경우에도 그 자녀 또는 아동이 초등학교에 입학한 해의 3월 1일부터 졸업할 때까지 초등학교에 다니게 하여야 한다.
③ 모든 국민은 보호하는 자녀 또는 아동이 초등학교를 졸업한 학년의 다음 학년 초에 그 자녀 또는 아동을 중학교에 입학시켜야 하고, 중학교를 졸업할 때까지 다니게 하여야 한다.
④ 제1항부터 제3항까지의 규정에 따른 취학 의무의 이행과 이행 독려 등에 필요한 사항은 대통령령으로 정한다.
제13조(취학 의무)"
P07501,,조각·패널비위임,,사항은 대통령령으로,"① 재단은 이사회의 의결을 거쳐 교육부장관의 승인을 받아 학자금 지원 재원(財源)을 조성하기 위한 채권(債券)을 발행할 수 있다. <개정 2013.3.23>
② 교육부장관은 제1항에 따른 채권 발행을 승인하려면 미리 재정경제부장관과 협의하여야 한다. <개정 2013.3.23, 2025.10.1>
③ 삭제 <2010.1.22>
④ 삭제 <2010.1.22>
⑤ 정부는 재단이 발행하는 채권 원리금의 상환을 보증할 수 있다.
⑥ 재단이 발행하는 채권은 「자본시장과 금융투자업에 관한 법률」 제4조제3항에 따른 특수채증권으로 본다. <신설 2010.1.22>
⑦ 제1항ㆍ제2항ㆍ제5항 및 제6항에서 규정한 사항 외에 채권의 발행에 필요한 사항은 대통령령으로 정한다. <개정 2010.1.22>
제18조(채권의 발행)"
P03325,,조각·패널비위임,,사항은 대통령령으로,"①교육감 소속하에 국가공무원으로 보하는 부교육감 1인(인구 800만명 이상이고 학생 150만명 이상인 시ㆍ도는 2인)을 두되, 대통령령으로 정하는 바에 따라 「국가공무원법」 제2조의2의 규정에 따른 고위공무원단에 속하는 일반직공무원 또는 장학관으로 보한다. <개정 2020.12.22, 2021.3.23>
②부교육감은 해당 시ㆍ도의 교육감이 추천한 사람을 교육부장관의 제청으로 국무총리를 거쳐 대통령이 임명한다. <개정 2008.2.29, 2013.3.23, 2021.3.23>
③부교육감은 교육감을 보좌하여 사무를 처리한다.
④제1항의 규정에 따라 부교육감 2인을 두는 경우에 그 사무 분장에 관한 사항은 대통령령으로 정한다. 이 경우 그중 1인으로 하여금 특정 지역의 사무를 담당하게 할 수 있다.
⑤교육감 소속하에 보조기관을 두되, 그 설치ㆍ운영 등에 관하여 필요한 사항은 대통령령으로 정한 범위 안에서 조례로 정한다. <개정 2021.3.23>
⑥교육감은 제5항의 규정에 따른 보조기관의 설치ㆍ운영에 있어서 합리화를 도모하고 다른 시ㆍ도와의 균형을 유지하여야 한다.
제30조(보조기관)"
P04274,,조각·패널비위임,,사항은 교육부령으로,"① ""각종학교""란 제2조제1호부터 제4호까지의 학교와 유사한 교육기관을 말한다.
② 각종학교는 그 학교의 이름에 제2조제1호부터 제4호까지의 학교와 유사한 이름을 사용할 수 없다. 다만, 관계 법령에 따라 학력이 인정되는 각종학교(제60조의2에 따른 외국인학교와 제60조의3에 따른 대안학교를 포함한다)와 제60조의4에 따른 온라인학교는 그러하지 아니하다. <개정 2014.1.28, 2025.3.18>
③ 각종학교의 수업연한, 입학자격, 학력인정, 그 밖에 운영에 필요한 사항은 교육부령으로 정한다. <개정 2013.3.23>
제60조(각종학교)"
P00549,,조각·패널비위임,,사항은 대통령령으로,"제16조(신체검사) 교육공무원을 신규채용할 때에는 신체검사를 하여야 하며, 임용권자나 임용제청권자는 신체검사 합격기준에 미달하는 사람을 임용하거나 임용제청하여서는 아니 된다. 이 경우 신체검사에 필요한 사항은 대통령령으로 정한다."
P07165,,조각·패널비위임,,이내에 대통령령으로,"① 이 법에 따른 처분에 이의가 있는 자는 그 처분을 받은 날부터 30일 이내에 대통령령으로 정하는 바에 따라 교육부장관에게 이의신청을 할 수 있다. <개정 2013.3.23>
② 제1항에 따른 이의신청을 받은 교육부장관은 30일 이내에 이의신청에 대하여 결정하고 신청인에게 지체 없이 그 결과를 통보하여야 한다. <개정 2013.3.23>
제21조(이의신청)"
P00475,,조각·패널비위임,,2. 영 제17조제1항제3호 후단에 따른 지방자치단체의 인사규칙에서 정하는 바에 따라 자격증 소지를 의무화하는 특수직급의 신규임용시험 또는 전직시험에 응시하여 임용된 사람의 해당 자격증,"① 임용권자는 5급 이하 공무원ㆍ연구사 및 지도사가 다음 각 호의 어느 하나에 해당하는 자격증 또는 검정시험 합격확인서 등(이하 ""자격증등""이라 한다)을 소지한 경우에는 영 제32조제2항 및 연구ㆍ지도직규정 제14조제2항에 따라 가산점을 줄 수 있다. <개정 2022.9.1>
1. 「자격기본법」 제12조에 따른 국가자격증 및 같은 법 제23조에 따른 공인자격증 중 임용권자가 직무수행과 밀접한 관련이 있다고 인정하여 지정하는 자격증
2. 외국에서 취득한 자격증 중 임용권자가 제1호에 따른 자격증과 동일하거나 동등하다고 인정하는 자격증
3. 그 밖에 임용권자가 직무수행과 밀접한 관련이 있다고 인정하여 지정하는 자격증 또는 검증시험 합격확인서 등
② 삭제 <2022.9.1>
③ 제1항에도 불구하고 다음 각 호의 어느 하나에 해당하는 자격증등(제1호, 제2호 및 제5호의 경우에는 해당 자격증 종목의 하위 등급 자격증을 포함한다)을 소지한 경우에는 가산점을 줄 수 없다. <개정 2022.9.1>
1. 「지방공무원법」 제27조제2항제2호에 따른 자격증 소지자로서 영 제55조제1항제1호에 따라 경력경쟁임용시험의 필기시험을 실시하지 아니하고 임용된 사람의 해당 자격증
2. 영 제17조제1항제3호 후단에 따른 지방자치단체의 인사규칙에서 정하는 바에 따라 자격증 소지를 의무화하는 특수직급의 신규임용시험 또는 전직시험에 응시하여 임용된 사람의 해당 자격증
3. 공무원으로 재직함으로써 시험과목의 전부를 면제받거나 자동적으로 취득한 자격증
4. 유효기간이 지난 자격증등
5. 승진임용 시 이미 가산점이 반영된 자격증등
④ 가산점을 줄 수 있는 자격증등이 둘 이상인 경우에는 그 중 가산점이 높은 하나에 대해서만 가산점을 줄 수 있다.
⑤ 삭제 <2022.9.1>
⑥ 삭제 <2022.9.1>
제23조(자격증 등의 가산점)"
P04913,,조각·패널비위임,,사항은 교육부령으로,"① 교육부장관의 자문에 응하여 특성화중학교, 특수목적고등학교 및 자율형 사립고등학교의 지정 또는 지정 취소에 관한 다음 각 호의 사항을 심의하기 위하여 교육부장관 소속으로 특수목적고등학교 등 지정위원회를 둔다. <개정 2020.2.28, 2024.1.23>
1. 특성화중학교, 특수목적고등학교 및 자율형 사립고등학교의 지정 또는 지정 취소에 관한 사항
2. 특성화중학교, 특수목적고등학교 및 자율형 사립고등학교의 중장기적인 발전에 관한 사항
② 제1항에서 규정한 사항 외에 특수목적고등학교 등 지정위원회의 구성 및 운영에 필요한 사항은 교육부령으로 정한다.
제105조의3(특수목적고등학교 등 지정위원회)"
P07067,,조각·패널비위임,,사항은 대통령령으로,"① 교육감 또는 교육장은 피해학생 지원을 위하여 피해학생이 필요로 하는 법률, 상담, 보호 등을 위한 서비스 및 지원기관을 연계하는 조력인(이하 ""피해학생 지원 조력인""이라 한다)을 지정할 수 있다.
② 교육감 또는 교육장은 피해학생 지원 조력인의 운영을 위한 행정적ㆍ재정적 지원을 하여야 한다.
③ 피해학생 지원 조력인의 지정 및 운영에 관한 사항은 대통령령으로 정한다.
제16조의3(피해학생 지원 조력인)"
P07013,,조각·패널비위임,,"사항은 대통령령으로, 학교체육진흥지역위원회의","① 학교체육 진흥에 관한 중요 사항을 심의하기 위하여 교육부장관과 문화체육관광부장관 소속으로 학교체육진흥중앙위원회를, 시ㆍ도 및 시ㆍ도교육청과 시ㆍ군ㆍ구 및 교육지원청 소속으로 학교체육진흥지역위원회를 설치하여 운영한다. <개정 2013.3.23>
② 학교체육진흥중앙위원회 및 학교체육진흥지역위원회는 직무수행을 위하여 필요한 경우 관계 공무원 또는 전문적인 지식이나 경험이 있는 관계 전문가를 참석하게 하여 의견을 듣거나 관련 기관ㆍ단체 등에 자료 또는 의견 제출 등 협조를 요청할 수 있다.
③ 학교체육진흥중앙위원회 및 학교체육진흥지역위원회 위원의 일정 비율 이상은 여성으로 한다. <신설 2016.2.3>
④ 학교체육진흥중앙위원회의 구성 및 운영 등에 필요한 사항은 대통령령으로, 학교체육진흥지역위원회의 구성 및 운영 등에 필요한 사항은 해당 시ㆍ도의 조례로 정한다. <개정 2016.2.3>
제16조(학교체육진흥위원회 등)"
P01333,,조각·패널비위임,,교육부령으로 정하는,"① 설립 이후 최초 편제완성연도를 경과하여 운영 중인 대학(대학원대학을 포함하며, 이하 ""운영 중인 대학""이라 한다)은 교육 및 연구 여건 개선을 위하여 필요한 경우로서 다음 각 호의 요건을 모두 갖춘 경우에는 제2조제6항 및 제7항에도 불구하고 건축물 또는 토지를 임차하여 교사 또는 교지로 사용할 수 있다. 이 경우 건축물은 제4조에 따라 산정된 면적 이상의 교사를 확보한 경우에만 임차할 수 있다.
1. 해당 건축물 또는 토지에 지상권, 전세권 또는 등기되는 임차권을 설정했을 것. 이 경우 전세권 또는 임차권은 5년 이상 계속해서 유지되어야 한다.
2. 해당 건축물 또는 토지가 다음 각 목의 요건을 모두 갖출 것
가. 해당 대학의 교지경계선(제5조제4항에 따라 교지가 분리되지 않는 것으로 보는 경우 그 교지의 경계선을 포함하며, 교지가 분리된 경우에는 각각의 교지의 경계선을 말한다)으로부터의 최단거리가 20킬로미터 이하일 것
나. 해당 대학의 교지와 동일한 지방자치단체(「지방자치법」 제2조제1항제2호의 시, 군, 구인 지방자치단체를 말한다) 내에 있을 것
② 운영 중인 대학은 제4조에 따라 산정된 면적을 초과하여 교사를 확보한 경우에는 해당 초과 교사 중 유휴교사를 「고등교육법」 제19조의2에 따른 대학평의원회의 심의 등 학칙으로 정하는 절차를 거쳐 임대할 수 있다. 이 경우 임대하려는 시설은 다음 각 호의 요건을 모두 갖추어야 한다.
1. 교육 및 연구 활동에 지장이 없는 시설일 것
2. 교육부령으로 정하는 바에 따라 학교에 설치할 수 있는 시설일 것
③ 운영 중인 대학이 그 대학의 일부 또는 전부를 그 주된 위치가 아닌 국내의 다른 위치에서 운영하려는 경우 새로운 편제완성연도까지 해당 다른 위치의 학생정원에 따른 별표 3의 교사기준면적을 충족하면 주된 위치의 교사에 대해서는 제4조제3항 전단을 적용하지 않는다. 이 경우 다른 위치의 교육기본시설등의 면적은 같은 항 후단에도 불구하고 학생정원이 400명(대학원대학 및 장애인만을 입학대상으로 하는 대학의 경우에는 200명) 미만일 경우에는 그 정원을 400명(대학원대학 및 장애인만을 입학대상으로 하는 대학의 경우에는 200명)을 기준으로 그 면적을 산정한다.
④ 운영 중인 대학이 다음 각 호의 어느 하나에 해당하는 경우 새로운 편제완성연도까지는 학생정원 조정 직전 학년도의 교사확보율(교사확보율이 100퍼센트 이상인 경우에는 100퍼센트) 이상으로 교육기본시설등의 면적을 확보하면 제4조제3항 전단의 기준을 충족한 것으로 본다.
1. 주간과 야간과정의 학생정원을 조정하는 경우(조정 후 학생정원이 많은 과정의 학생정원이 조정 전 학생정원이 많은 과정의 학생정원보다 큰 경우만 해당하며, 이 항 각 호 외의 부분에 따른 교육기본시설등의 면적과 교사확보율은 각각 제4조제4항에 따라 학생정원이 많은 과정을 기준으로 산정한다)
2. 교지가 분리되어 있는 대학으로서 교지 간에 학생정원을 조정하는 경우(조정 후 학생정원이 증가하는 교지의 학생정원을 기준으로 이 항 각 호 외의 부분에 따른 교육기본시설등의 면적과 교사확보율을 각각 산정한다)
⑤ 운영 중인 대학(산업대학, 전문대학, 전문대학원으로서의 대학원대학 및 이에 준하는 각종학교를 제외한다)은 제6조제4항 후단에도 불구하고 같은 조 제1항에 따라 확보해야 하는 교원 정원의 3분의 1의 범위에서 겸임교원등을 둘 수 있다.
⑥ 운영 중인 대학에 대하여 제4조에 따른 교사 기준 또는 제6조에 따른 교원 기준을 적용하는 경우 매년 제10조제1항 후단에 따른 평가의 기준일 현재 재학생 수가 학생정원보다 적은 경우에는 재학생 수를 적용한다.
⑦ 운영 중인 대학(국가가 출연하여 설립한 학교법인이 설립ㆍ경영하는 대학은 제외한다)의 학교법인이 대학의 연간 학교회계 운영수익총액 중 학생의 등록금 및 수강료 수입에 해당하는 가액의 2.8퍼센트 이상을 해당 대학의 교비회계로 전출하는 경우에는 제7조제1항 각 호 외의 부분 본문에도 불구하고 수익용기본재산을 확보한 것으로 본다.
⑧ 운영 중인 대학의 학교법인으로서 다음 각 호의 어느 하나에 해당하는 학교법인은 「사립학교법」 제10조제1항에 따라 학교법인을 새로 설립하여 당초 학교법인의 학교 중 일부 학교를 새로 설립한 학교법인에 두는 경우 당초 학교법인의 수익용기본재산을 교육부장관이 정하여 고시하는 기준에 따라 새로 설립한 학교법인에 배분할 수 있다.
1. 2개 이상의 대학을 운영하는 학교법인
2. 1개 이상의 대학과 1개 이상의 「고등학교 이하 각급 학교 설립ㆍ운영 규정」 제2조에 따른 각급학교를 함께 운영하는 학교법인
제9조(운영 중인 대학에 대한 특례)"
P01742,,조각·패널비위임,,대통령령으로 정하는,"① 국가와 지방자치단체는 그가 설립ㆍ경영하는 산업교육기관에서 산업교육을 위한 실험ㆍ실습에 필요한 시설ㆍ설비를 확보ㆍ유지하는 데에 드는 경비를 예산의 범위에서 부담한다.
② 국가는 제1항에 따라 지방자치단체가 부담하는 경비의 전부 또는 일부를 대통령령으로 정하는 바에 따라 보조한다.
제18조(실험ㆍ실습시설 설치비의 부담 등)"
P00374,,조각·패널비위임,,사항은 대통령령으로,"① 「유아교육법」에 따른 유치원 및 「초ㆍ중등교육법」에 따른 학교(이하 ""고등학교 이하 각급학교""라 한다) 교원의 교육활동 보호에 관한 다음 각 호의 사항을 심의하기 위하여 시ㆍ도 교육청에 교권보호위원회(이하 ""시ㆍ도교권보호위원회""라 한다)를 둔다. <개정 2023.9.27>
1. 제15조에 따른 시행계획의 수립
2. 제2항에 따른 지역교권보호위원회에서 조정되지 아니한 분쟁의 조정
3. 그 밖에 교육감이 교원의 교육활동 보호를 위하여 시ㆍ도교권보호위원회의 심의가 필요하다고 인정하는 사항
② 고등학교 이하 각급학교 교원의 교육활동 보호에 관한 다음 각 호의 사항을 심의하기 위하여 「지방교육자치에 관한 법률」 제34조 및 「제주특별자치도 설치 및 국제자유도시 조성을 위한 특별법」 제80조에 따른 교육지원청(교육지원청이 없는 경우 해당 시ㆍ도의 조례로 정하는 기관으로 한다. 이하 같다)에 지역교권보호위원회(이하 ""지역교권보호위원회""라 한다)를 둔다. <개정 2023.9.27>
1. 교육활동 침해 기준 마련 및 예방 대책 수립
2. 제25조제2항 각 호에 따른 교육활동 침해학생에 대한 조치
3. 제26조제2항 각 호에 따른 교육활동 침해 보호자 등에 대한 조치
4. 교원의 교육활동과 관련된 분쟁의 조정
5. 그 밖에 교육장이 교원의 교육활동 보호를 위하여 지역교권보호위원회의 심의가 필요하다고 인정하는 사항
③ 그 밖에 시ㆍ도교권보호위원회와 지역교권보호위원회의 설치ㆍ운영 등에 필요한 사항은 대통령령으로 정한다. <개정 2023.9.27>
제18조(교권보호위원회의 설치ㆍ운영)"
P07513,,조각·패널비위임,,대통령령으로 정하는,"① 이 법에 따른 취업 후 상환 학자금대출의 규모와 상환계획은 대출계정이 장기적으로 균형을 유지할 수 있도록 조정되어야 한다. <개정 2010.12.27>
② 교육부장관은 대통령령으로 정하는 바에 따라 3년마다 대출계정의 수지를 계산하고, 대출계정의 재정 전망과 대출원리금의 상환계획 조정, 고등교육기관별 대출한도 수립 및 대출계정의 운용 계획 등이 포함된 취업 후 상환 학자금대출 및 상환사업의 운영 전반에 관한 계획을 수립할 수 있다. <개정 2013.3.23>
제24조의11(대출계정의 조정)"
P01797,,조각·패널비위임,,그 밖에 설립인가와 관련하여 교육부장관이 필요하다고 인정하는 서류,"① 법 제36조의2제2항에 따라 산학연협력기술지주회사(이하 ""기술지주회사""라 한다)의 설립인가를 받으려는 산학협력단 및 영 제42조제1항에 따른 산업교육기관(이하 ""산학협력단등""이라 한다)은 별지 제3호서식의 기술지주회사 설립인가 신청서를 교육부장관에게 제출해야 한다. 법 제36조의2제1항에 따라 두 개 이상의 기관이 공동으로 기술지주회사를 설립하는 경우에는 대표기관을 정하여 설립인가 신청서를 제출해야 한다. <개정 2025.6.20>
② 제1항에 따른 기술지주회사 설립인가 신청서에는 다음 각 호의 서류를 첨부해야 한다. <개정 2025.6.20>
1. 다음 각 목의 사항이 포함된 기술지주회사 설립ㆍ운영 계획서
가. 설립목적
나. 출자내역 및 출자비율
다. 사업계획서(기술지주회사가 보유하게 될 인력 및 시설에 관한 사항을 포함한다)
2. 임원의 이력서
3. 정관(「공증인법」에 따른 공증인의 인증을 받은 것이어야 한다)
4. 그 밖에 설립인가와 관련하여 교육부장관이 필요하다고 인정하는 서류
③ 교육부장관은 제1항 및 제2항에 따라 제출된 기술지주회사 설립인가 신청서와 첨부 서류에 빠진 사항이 있거나 그 내용이 분명하지 않을 때에는 일정한 기간을 정하여 해당 신청인에게 보완을 요구할 수 있다. <신설 2025.6.20>
④ 교육부장관은 제1항에 따라 산학협력단등이 제출한 기술지주회사 설립인가 신청서를 접수한 날부터 30일 이내에 그 결과를 신청인에게 통지하여야 한다. 다만, 부득이한 사유로 그 기간 내에 통지하지 못할 경우에는 1회에 한하여 20일의 범위에서 그 기간을 연장할 수 있다. <개정 2008.12.31, 2013.3.23, 2025.6.20>
⑤ 교육부장관은 기술지주회사의 설립을 인가할 때에는 별지 제4호서식의 기술지주회사 설립인가서를 신청인에게 발급하여야 하며, 인가하지 않을 때에는 그 사유를 명시하여 신청인에게 통지하여야 한다. <개정 2012.1.26, 2013.3.23, 2025.6.20>
⑥ 제1항부터 제5항까지의 규정에서 정한 사항 외에 기술지주회사 설립인가에 필요한 사항은 교육부장관이 정하여 고시한다. <개정 2008.12.31, 2013.3.23, 2025.6.20>
제3조(기술지주회사 설립인가의 절차)"
P04548,,조각·패널비위임,,사항은 교육부령으로,"①교육감은 교육과정의 운영 등을 특성화하기 위한 중학교(이하 ""특성화중학교""라 한다)를 지정ㆍ고시할 수 있다. 이 경우 미리 교육부장관의 동의를 받아야 한다. <개정 2001.1.29, 2001.10.20, 2007.5.16, 2008.2.29, 2013.3.23, 2014.12.9>
② 특성화중학교로 지정을 받으려는 법인 또는 학교의 장은 다음 각 호의 사항이 포함된 신청서를 작성하여 교육감에게 제출하여야 한다. <개정 2010.6.29>
1. 학교운영에 관한 계획
2. 교육과정 운영에 관한 계획
3. 입학전형 실시에 관한 계획
4. 교원배치에 관한 계획
5. 그 밖에 특성화중학교의 운영 등에 관하여 교육감이 정하여 고시하는 사항
③특성화중학교의 장은 제68조의 규정에 불구하고 학생의 지원에 의하여 학생을 선발할 수 있다.
④특성화중학교의 장은 제3항의 규정에 의하여 학생을 선발하는 경우 필기시험에 의한 전형을 실시하여서는 아니된다.
⑤ 교육감은 특성화중학교가 다음 각 호의 어느 하나에 해당하는 경우에는 그 지정을 취소할 수 있다. <개정 2014.2.18>
1. 거짓이나 그 밖의 부정한 방법으로 회계를 집행한 경우
2. 부정한 방법으로 학생을 선발한 경우
3. 교육과정을 부당하게 운영하는 등 지정 목적을 위반한 중대한 사유가 발생한 경우
4. 지정 목적 달성이 불가능한 사유의 발생 등으로 인하여 학교의 신청이 있는 경우
5. 교육감이 5년마다 시ㆍ도 교육규칙으로 정하는 바에 따라 해당 학교 운영 성과 등을 평가하여 지정 목적의 달성이 불가능하다고 인정되는 경우
⑥ 교육감이 특성화중학교의 지정을 취소하는 경우에는 미리 교육부장관의 동의를 받아야 한다. <신설 2011.6.7, 2013.3.23, 2014.12.9>
⑦ 교육부장관은 제1항 후단 또는 제6항에 따른 특성화중학교의 지정 또는 지정 취소에 대한 동의 여부를 결정하려는 경우에는 제105조의3에 따른 특수목적고등학교 등 지정위원회의 심의를 거쳐야 한다. <신설 2014.12.9>
⑧ 교육감은 제5항에 따라 특성화중학교의 지정을 취소하는 경우 해당 학교의 장과 협의하여 지정 취소 당시 재학 중인 학생에 대해서는 해당 학교를 졸업할 때까지 당초 계획된 교육과정이 운영되도록 하여야 한다. <신설 2014.2.18, 2014.12.9>
⑨ 제1항부터 제8항까지에서 규정한 사항 외에 특성화중학교의 지정, 지정 취소 및 운영에 필요한 사항은 교육부령으로 정한다. <신설 2010.6.29, 2011.6.7, 2014.2.18, 2014.12.9>
제76조(특성화중학교)"
P04542,,조각·패널비위임,,사항은 교육부령으로,"①교육감은 교육과정의 운영 등을 특성화하기 위한 중학교(이하 ""특성화중학교""라 한다)를 지정ㆍ고시할 수 있다. 이 경우 미리 교육부장관의 동의를 받아야 한다. <개정 2001.1.29, 2001.10.20, 2007.5.16, 2008.2.29, 2013.3.23, 2014.12.9>
② 특성화중학교로 지정을 받으려는 법인 또는 학교의 장은 다음 각 호의 사항이 포함된 신청서를 작성하여 교육감에게 제출하여야 한다. <개정 2010.6.29>
1. 학교운영에 관한 계획
2. 교육과정 운영에 관한 계획
3. 입학전형 실시에 관한 계획
4. 교원배치에 관한 계획
5. 그 밖에 특성화중학교의 운영 등에 관하여 교육감이 정하여 고시하는 사항
③특성화중학교의 장은 제68조의 규정에 불구하고 학생의 지원에 의하여 학생을 선발할 수 있다.
④특성화중학교의 장은 제3항의 규정에 의하여 학생을 선발하는 경우 필기시험에 의한 전형을 실시하여서는 아니된다.
⑤ 교육감은 특성화중학교가 다음 각 호의 어느 하나에 해당하는 경우에는 그 지정을 취소할 수 있다. <개정 2014.2.18>
1. 거짓이나 그 밖의 부정한 방법으로 회계를 집행한 경우
2. 부정한 방법으로 학생을 선발한 경우
3. 교육과정을 부당하게 운영하는 등 지정 목적을 위반한 중대한 사유가 발생한 경우
4. 지정 목적 달성이 불가능한 사유의 발생 등으로 인하여 학교의 신청이 있는 경우
5. 교육감이 5년마다 시ㆍ도 교육규칙으로 정하는 바에 따라 해당 학교 운영 성과 등을 평가하여 지정 목적의 달성이 불가능하다고 인정되는 경우
⑥ 교육감이 특성화중학교의 지정을 취소하는 경우에는 미리 교육부장관의 동의를 받아야 한다. <신설 2011.6.7, 2013.3.23, 2014.12.9>
⑦ 교육부장관은 제1항 후단 또는 제6항에 따른 특성화중학교의 지정 또는 지정 취소에 대한 동의 여부를 결정하려는 경우에는 제105조의3에 따른 특수목적고등학교 등 지정위원회의 심의를 거쳐야 한다. <신설 2014.12.9>
⑧ 교육감은 제5항에 따라 특성화중학교의 지정을 취소하는 경우 해당 학교의 장과 협의하여 지정 취소 당시 재학 중인 학생에 대해서는 해당 학교를 졸업할 때까지 당초 계획된 교육과정이 운영되도록 하여야 한다. <신설 2014.2.18, 2014.12.9>
⑨ 제1항부터 제8항까지에서 규정한 사항 외에 특성화중학교의 지정, 지정 취소 및 운영에 필요한 사항은 교육부령으로 정한다. <신설 2010.6.29, 2011.6.7, 2014.2.18, 2014.12.9>
제76조(특성화중학교)"
P04140,,조각·패널비위임,,대통령령,"① 이 법에서 ""교과용 도서""란 제1호에 따른 교과서와 제2호에 따른 지도서를 말한다. <신설 2025.8.14>
1. 교과서: 학교에서 학생들의 교육을 위하여 사용하는 학생용의 도서로서 국가가 저작권을 가지고 있거나 교육부장관이 검정 또는 인정한 것
2. 지도서: 학교에서 학생들의 교육을 위하여 사용하는 교사용의 도서로서 국가가 저작권을 가지고 있거나 교육부장관이 검정 또는 인정한 것
② 제1항에도 불구하고 교육부장관은 필요한 경우 전자적 매체에 실어 학생이 컴퓨터 등 정보처리장치를 이용하여 그 내용을 읽거나 보거나 들을 수 있게 발행한 전자책, 음반 또는 영상(이하 ""전자책등""이라 한다)을 교과용 도서로 검정ㆍ인정하거나 편찬할 수 있다. 다만, 제29조의2제1항제2호에 따른 학습지원 소프트웨어는 교과용 도서로 검정ㆍ인정하거나 편찬할 수 없다. <신설 2025.8.14>
③ 학교에서는 교과용 도서를 사용하여야 한다. 다만, 제2항에 따라 교과용 도서로 검정ㆍ인정되거나 편찬된 전자책등은 학교의 장이 제32조제1항에 따라 학교운영위원회의 심의를 거쳐 사용할 수 있다. <개정 2013.3.23, 2025.8.14>
④ 교육부장관 및 교육감은 장애인 학생 및 장애인 교원을 위한 교과용 도서가 점자 등 접근 가능한 방식으로 학기 시작 전 적시에 제작ㆍ보급될 수 있도록 하여야 한다. <신설 2026.4.28>
⑤ 교육부장관은 제4항에서 규정한 업무를 수행하기 위하여 필요한 경우 교과용 도서를 발행 또는 제작한 자에게 교과용 도서의 디지털 파일을 제출하도록 요청할 수 있다. 이 경우 요청을 받은 자는 대통령령으로 정하는 정당한 사유가 없으면 요청받은 날부터 30일 이내에 디지털 파일을 제출하여야 한다. <신설 2026.4.28>
⑥ 교과용 도서의 저작ㆍ검정ㆍ인정ㆍ발행ㆍ공급ㆍ선정 및 가격 사정(査定), 제5항에 따른 디지털 파일의 제출 형식 및 절차 등에 필요한 사항은 대통령령으로 정한다. <개정 2025.8.14, 2026.4.28>
제29조(교과용 도서)"
P06352,,조각·패널비위임,,대통령령으로 정하는,"① 시ㆍ도 교육감은 폐교재산을 교육용시설, 사회복지시설, 문화시설, 공공체육시설, 귀농어ㆍ귀촌 지원시설로 활용하려는 자 또는 소득증대시설로 활용하려는 다음 각 호의 어느 하나에 해당하는 자에게는 그 폐교재산의 용도와 사용 기간을 정하여 수의계약(隨意契約)으로 대부 또는 매각할 수 있다. <개정 2019.8.20>
1. 대통령령으로 정하는 지역주민
2. 해당 폐교가 있는 시ㆍ군ㆍ구(자치구를 말한다. 이하 같다)에 소재한 「농어업경영체 육성 및 지원에 관한 법률」에 따른 농업법인ㆍ어업법인
3. 해당 폐교가 있는 시ㆍ군ㆍ구에 소재한 「농업협동조합법」에 따른 조합 및 「수산업협동조합법」에 따른 조합ㆍ어촌계
② 제1항에 따라 폐교재산을 대부하는 경우 그 대부요율, 대부기간 및 가격평정(價格評定) 등에 필요한 사항과 매각하는 경우 그 절차 등에 필요한 사항은 대통령령으로 정한다.
③ 시ㆍ도 교육감은 다음 각 호의 어느 하나에 해당하는 경우에는 사용료를 대통령령으로 정하는 바에 따라 감액하여 대부할 수 있다. <개정 2012.3.21, 2019.8.20>
1. 국가 또는 지방자치단체가 폐교재산을 교육용시설, 사회복지시설, 문화시설, 공공체육시설, 소득증대시설 또는 귀농어ㆍ귀촌 지원시설로 사용하려는 경우
2. 단체 또는 사인(私人)이 폐교재산을 교육용시설, 사회복지시설, 문화시설, 공공체육시설 또는 귀농어ㆍ귀촌 지원시설로 사용하려는 경우
3. 대통령령으로 정하는 지역주민이 공동으로 폐교재산을 소득증대시설로 사용하려는 경우
4. 대통령령으로 정하는 지역주민이 「농어업경영체 육성 및 지원에 관한 법률」에 따른 농업법인ㆍ어업법인, 「농업협동조합법」에 따른 조합, 「수산업협동조합법」에 따른 조합ㆍ어촌계와 공동으로 폐교재산을 소득증대시설로 사용하려는 경우
④ 시ㆍ도 교육감은 다음 각 호의 어느 하나에 해당하는 경우에는 무상으로 대부한다. <개정 2012.3.21>
1. 폐교재산을 전부 기부한 자(그 상속인과 그 밖의 포괄승계인을 포함한다) 또는 그 일부를 소유하고 있는 자가 사용하고자 하는 경우
2. 폐교재산이 소재한 지역으로서 대통령령으로 정하는 지역주민의 100분의 50 이상이 공동으로 폐교재산을 소득증대시설 및 공동이용시설로 사용하고자 하는 경우
⑤ 시ㆍ도 교육감은 다음 각 호의 어느 하나에 해당하는 경우에는 폐교재산을 무상으로 대부할 수 있다. <개정 2019.8.20, 2025.1.21>
1. 폐교재산이 5년 이상 활용되지 아니한 상태로 3회 이상 대부 또는 매각 공고를 하였으나 대부 또는 매수하려는 자가 없는 경우로서 다음 각 목의 어느 하나에 해당하는 자가 그 폐교재산을 사용하려는 경우
가. 국가 또는 지방자치단체
나. 해당 폐교가 있는 지역의 「농어업경영체 육성 및 지원에 관한 법률」에 따른 농업법인ㆍ어업법인
다. 해당 폐교가 있는 지역의 「농업협동조합법」에 따른 조합, 「수산업협동조합법」에 따른 조합ㆍ어촌계
2. 해당 폐교가 있는 지역을 관할하는 지방자치단체의 장이 시ㆍ도 교육감과 사전에 협의하여 그 폐교재산을 귀농어ㆍ귀촌 지원시설로 사용하려는 경우
3. 「초ㆍ중등교육법」 제28조제1항에 따라 시ㆍ도 교육감이 학업에 어려움을 겪는 학생에 대한 교육을 위탁하여 실시하기에 적합하다고 인정한 교육기관이 폐교재산을 교육용시설로 사용하려는 경우
4. 「대안교육기관에 관한 법률」 제2조제2호에 따른 대안교육기관이 폐교재산을 교육용시설로 사용하려는 경우
제5조(대부 등에 관한 특례)"
P06224,,조각·패널비위임,,사항은 교육부령으로,"① 제31조부터 제33조까지, 제35조부터 제38조까지의 규정에 따라 평생교육시설 인가를 받거나 등록ㆍ신고를 한 자가 인가 또는 등록ㆍ신고한 사항을 변경하고자 하는 때에는 대통령령으로 정하는 바에 따라 변경인가를 받거나 변경등록ㆍ변경신고를 하여야 한다. <개정 2023.4.18, 2025.11.11>
② 제1항에 따른 변경인가 및 변경등록ㆍ변경신고의 방법ㆍ절차 등에 필요한 사항은 교육부령으로 정한다.
제38조의2(평생교육시설의 변경인가ㆍ변경등록 등)"
P04201,,조각·패널비위임,,사항은 대통령령으로,"① 제31조에 따른 학교운영위원회는 학교발전기금을 조성할 수 있다.
② 제1항에 따른 학교발전기금의 조성과 운용방법 등에 필요한 사항은 대통령령으로 정한다.
제33조(학교발전기금)"
P04741,,조각·패널비위임,,사항은 교육부령으로,"①교육감은 다음 각 호의 어느 하나에 해당하는 학교중에서 특수분야의 전문적인 교육을 목적으로 하는 고등학교(이하 ""특수목적고등학교""라 한다)를 지정ㆍ고시할 수 있다. 다만, 제10호의 학교 중 국립의 고등학교는 교육부장관이 지정ㆍ고시한다. <개정 2001.1.29, 2001.3.2, 2007.5.16, 2010.6.29, 2013.3.23, 2020.2.28, 2024.1.23>
1. 삭제<2010.6.29>
2. 삭제<2010.6.29>
3. 삭제<2010.6.29>
4. 삭제<2010.6.29>
5. 과학 인재 양성을 위한 과학계열의 고등학교
6. 외국어에 능숙한 국제적인 인재양성을 위한 외국어ㆍ국제계열의 고등학교
7. 예술인 양성을 위한 예술계열의 고등학교와 체육인 양성을 위한 체육계열의 고등학교
8. 삭제<2010.6.29>
9. 삭제<2010.6.29>
10. 산업계의 수요에 직접 연계된 맞춤형 교육과정을 운영하는 고등학교(이하 ""산업수요 맞춤형 고등학교""라 한다)
② 특수목적고등학교로 지정받으려는 법인 또는 학교의 장은 다음 각 호의 사항이 포함된 신청서를 작성하여 교육부장관 또는 교육감에게 제출하여야 한다. <개정 2010.6.29, 2013.3.23, 2013.10.30>
1. 학교운영에 관한 계획
2. 교육과정 운영에 관한 계획(산업수요 맞춤형 고등학교는 산학연계에 관한 계획을 포함한다)
3. 학과를 두려는 학교의 경우 학과 설치에 관한 계획
4. 입학전형 실시에 관한 계획
5. 교원배치에 관한 계획
5의2. 교장 공모에 관한 계획(산업수요 맞춤형 고등학교만 해당한다)
6. 그 밖에 특수목적고등학교의 운영 등에 관하여 교육부장관 또는 교육감이 정하여 고시하는 사항
③ 교육감이 제1항제5호, 제6호 및 제10호(공립ㆍ사립의 고등학교만 해당한다)의 특수목적고등학교를 지정ㆍ고시하고자 하는 경우에는 미리 교육부장관의 동의를 받아야 한다. <신설 2007.5.16, 2008.2.29, 2010.6.29, 2013.3.23, 2014.12.9, 2020.2.28, 2024.1.23>
④ 교육감은 특수목적고등학교가 다음 각 호의 어느 하나에 해당하는 경우에는 그 지정을 취소할 수 있다. 다만, 제1항 각 호 외의 부분 단서에 따라 교육부장관이 지정ㆍ고시한 국립학교인 경우에는 교육부장관이 관계 중앙행정기관의 장과 협의하여 지정을 취소할 수 있다. <개정 2014.2.18, 2020.2.28, 2024.1.23>
1. 거짓이나 그 밖의 부정한 방법으로 회계를 집행한 경우
2. 부정한 방법으로 학생을 선발한 경우
3. 교육과정을 부당하게 운영하는 등 지정 목적을 위반한 중대한 사유가 발생한 경우
4. 지정 목적 달성이 불가능한 사유의 발생 등으로 인하여 학교의 신청이 있는 경우
5. 교육감이 5년마다 시ㆍ도 교육규칙으로 정하는 바에 따라 해당 학교 운영 성과 등을 평가하여 지정 목적의 달성이 불가능하다고 인정되는 경우
⑤ 교육감은 제4항제5호에 따라 학교 운영 성과 등을 평가한 결과 개선이 필요하다고 판단되는 학교에 대해서는 그 개선 계획을 수립하여 시행하도록 요청할 수 있다. <신설 2024.1.23>
⑥ 교육감이 제1항제5호, 제6호 및 제10호(공립ㆍ사립의 고등학교만 해당한다)의 특수목적고등학교의 지정을 취소하는 경우에는 미리 교육부장관의 동의를 받아야 한다. <신설 2011.6.7, 2013.3.23, 2014.12.9, 2020.2.28, 2024.1.23>
⑦ 교육부장관은 제3항 또는 제6항에 따른 특수목적고등학교의 지정 또는 지정 취소에 대한 동의 여부를 결정하려는 경우에는 제105조의3에 따른 특수목적고등학교 등 지정위원회의 심의를 거쳐야 한다. 이 경우 교육부장관은 제3항에 따른 특수목적고등학교의 지정에 대한 동의 여부를 결정할 때에는 지정 신청을 한 학교가 속한 지역의 해당 특수목적고등학교의 지정 필요성 및 지역별 해당 특수목적고등학교의 지정 현황 등 지역간 균형발전을 고려해야 한다. <신설 2014.12.9, 2024.1.23, 2026.5.26>
⑧ 교육감은 제4항 본문에 따라 특수목적고등학교의 지정을 취소하는 경우 해당 학교의 장과 협의하여 지정 취소 당시 재학 중인 학생에 대해서는 해당 학교를 졸업할 때까지 당초 계획된 교육과정이 운영되도록 하여야 한다. 다만, 해당 학교가 제1항 단서에 따라 교육부장관이 지정ㆍ고시한 국립학교인 경우에는 교육부장관이 관계 중앙행정기관의 장 및 해당 학교의 장과 협의하여 당초 계획된 교육과정이 운영되도록 하여야 한다. <신설 2014.2.18, 2014.12.9, 2024.1.23>
⑨ 교육감이 지정하는 특수목적고등학교의 학급 수, 학생 수 및 시설기준 등 특수목적고등학교의 지정 기준은 교육감이 정하여 고시한다. <신설 2010.6.29, 2011.6.7, 2014.2.18, 2014.12.9, 2024.1.23>
⑩ 제1항부터 제9항까지에서 규정한 사항 외에 특수목적고등학교의 지정, 지정 취소 및 운영에 필요한 사항은 교육부령으로 정한다. <신설 2010.6.29, 2011.6.7, 2013.3.23, 2014.2.18, 2014.12.9, 2024.1.23>
제90조(특수목적고등학교)"
P01721,,조각·패널비위임,,사항은 대통령령으로,"① 산업교육기관은 다음 각 호의 어느 하나의 경우에는 국가, 지방자치단체 또는 산업체등과의 계약에 의하여 권역별로, 산업교육기관간 또는 산업교육기관별로 직업교육훈련 과정 또는 학과 등을 설치ㆍ운영할 수 있다. 이 경우 새로운 학과ㆍ학부를 설치할 필요가 있는 때에는 그에 앞서 이미 설치되어 있는 학과ㆍ학부나 유사한 학과ㆍ학부를 우선 활용하여야 한다. <개정 2017.11.28>
1. 국가, 지방자치단체 또는 산업체등이 채용을 조건으로 학자금 지원계약을 체결하고, 특별한 교육과정의 운영을 요구하는 경우
2. 국가, 지방자치단체 또는 산업체등이 그 소속 직원의 재교육이나 직무능력 향상 또는 전직(轉職) 교육을 위하여 그 경비의 전부 또는 일부를 부담하면서 교육을 의뢰하는 경우
3. 국가, 지방자치단체 또는 산업체등이 산업사회의 요구에 부응하는 인력 양성을 위하여 학생 선발기준의 공동 마련, 교육과정ㆍ교재의 공동개발 및 산업체등 인사의 교육 참여 등을 통한 교육과정의 운영을 요구하는 경우
② 산업교육기관의 장은 제1항에 따라 계약에 의한 학과 및 학부(이하 ""계약학과등""이라 한다)를 설치ㆍ운영하는 경우 대통령령으로 정하는 바에 따라 그 설치ㆍ운영계획을 교육부장관에게 신고하여야 한다. <신설 2015.3.27>
③ 산업교육기관의 장은 계약학과등을 폐지하는 경우 대통령령으로 정하는 바에 따라 그 폐지계획을 교육부장관에게 신고하여야 한다. <신설 2015.3.27>
④ 산업교육기관과 산업체등은 제1항 각 호의 계약학과등의 설치기준을 지켜야 한다. <신설 2015.3.27, 2022.12.13>
⑤ 국가와 지방자치단체는 제1항에 따른 직업교육훈련과정 등의 설치ㆍ운영에 필요한 비용의 전부 또는 일부를 지원할 수 있다. <신설 2017.11.28>
⑥ 제1항에 따른 직업교육훈련과정 등의 설치ㆍ운영 및 학생선발방법, 정원, 납부금, 제5항에 따른 비용 지원 등에 필요한 사항은 대통령령으로 정한다. <개정 2015.3.27, 2017.11.28>
제8조(계약에 의한 직업교육훈련과정 등의 설치ㆍ운영)"
P00901,,조각·패널비위임,,대통령령으로 정하는,"1. 「대기환경보전법」 제16조제1항에 따른 배출허용기준을 초과하여 대기오염물질을 배출하는 시설
2. 「물환경보전법」 제32조제1항에 따른 배출허용기준을 초과하여 수질오염물질을 배출하는 시설과 제48조에 따른 폐수종말처리시설
3. 「가축분뇨의 관리 및 이용에 관한 법률」 제11조에 따른 배출시설, 제12조에 따른 처리시설 및 제24조에 따른 공공처리시설
4. 「하수도법」 제2조제11호에 따른 분뇨처리시설
5. 「악취방지법」 제7조에 따른 배출허용기준을 초과하여 악취를 배출하는 시설
6. 「소음ㆍ진동관리법」 제7조 및 제21조에 따른 배출허용기준을 초과하여 소음ㆍ진동을 배출하는 시설
7. 「폐기물관리법」 제2조제8호에 따른 폐기물처리시설(규모, 용도, 기간 및 학습과 학교보건위생에 대한 영향 등을 고려하여 대통령령으로 정하는 시설은 제외한다)
8. 「가축전염병 예방법」 제11조제1항ㆍ제20조제1항ㆍ제2항에 따른 가축 사체, 제23조제1항에 따른 오염물건 및 제33조제1항에 따른 수입금지 물건의 소각ㆍ매몰지
9. 「장사 등에 관한 법률」 제2조제8호에 따른 화장시설ㆍ제9호에 따른 봉안시설 및 제13호에 따른 자연장지(같은 법 제16조제1항제1호에 따른 개인ㆍ가족자연장지와 제2호에 따른 종중ㆍ문중자연장지는 제외한다)
10. 「축산물 위생관리법」 제21조제1항제1호에 따른 도축업 시설
11. 「축산법」 제34조제1항에 따른 가축시장
12. 「영화 및 비디오물의 진흥에 관한 법률」 제2조제11호의 제한상영관
13. 「청소년 보호법」 제2조제5호가목7)에 해당하는 업소와 같은 호 가목8), 가목9) 및 나목7)에 따라 성평등가족부장관이 고시한 영업에 해당하는 업소
14. 「고압가스 안전관리법」 제2조에 따른 고압가스, 「도시가스사업법」 제2조제1호에 따른 도시가스 또는 「액화석유가스의 안전관리 및 사업법」 제2조제1호에 따른 액화석유가스의 제조, 충전 및 저장하는 시설(관계 법령에서 정한 허가 또는 신고 이하의 시설이라 하더라도 동일 건축물 내에 설치되는 각각의 시설용량의 총량이 허가 또는 신고 규모 이상이 되는 시설은 포함하되, 규모, 용도 및 학습과 학교보건위생에 대한 영향 등을 고려하여 대통령령으로 정하는 시설의 전부 또는 일부는 제외한다)
15. 「폐기물관리법」 제2조제1호에 따른 폐기물을 수집ㆍ보관ㆍ처분하는 장소(규모, 용도, 기간 및 학습과 학교보건위생에 대한 영향 등을 고려하여 대통령령으로 정하는 장소는 제외한다)
16. 「총포ㆍ도검ㆍ화약류 등의 안전관리에 관한 법률」 제2조에 따른 총포 또는 화약류의 제조소 및 저장소
17. 「감염병의 예방 및 관리에 관한 법률」 제37조제1항제2호에 따른 격리소ㆍ요양소 또는 진료소
18. 「담배사업법」에 의한 지정소매인, 그 밖에 담배[연초(煙草)나 니코틴을 원료의 전부 또는 일부로 하여 피우거나, 빨거나, 증기로 흡입하거나, 씹거나, 냄새 맡기에 적합한 상태로 제조한 것을 포함한다. 이하 이 호에서 같다]를 판매하는 자가 설치하는 담배자동판매기(「고등교육법」 제2조 각 호에 따른 학교의 교육환경보호구역은 제외한다)
19. 「게임산업진흥에 관한 법률」 제2조제6호, 제7호 또는 제8호에 따른 게임제공업, 인터넷컴퓨터게임시설제공업 및 복합유통게임제공업(「유아교육법」 제2조제2호에 따른 유치원 및 「고등교육법」 제2조 각 호에 따른 학교의 교육환경보호구역은 제외한다)
20. 「게임산업진흥에 관한 법률」 제2조제6호다목에 따라 제공되는 게임물 시설(「고등교육법」 제2조 각 호에 따른 학교의 교육환경보호구역은 제외한다)
21. 「체육시설의 설치ㆍ이용에 관한 법률」 제3조에 따른 체육시설 중 무도학원 및 무도장(「유아교육법」 제2조제2호에 따른 유치원, 「초ㆍ중등교육법」 제2조제1호에 따른 초등학교, 같은 법 제60조의3에 따라 초등학교 과정만을 운영하는 대안학교 및 「고등교육법」 제2조 각 호에 따른 학교의 교육환경보호구역은 제외한다)
22. 「한국마사회법」 제4조에 따른 경마장 및 제6조제2항에 따른 장외발매소, 「경륜ㆍ경정법」 제5조에 따른 경주장 및 제9조제2항에 따른 장외매장
23. 「사행행위 등 규제 및 처벌 특례법」 제2조제1항제2호에 따른 사행행위영업
24. 「음악산업진흥에 관한 법률」 제2조제13호에 따른 노래연습장업(「유아교육법」 제2조제2호에 따른 유치원 및 「고등교육법」 제2조 각 호에 따른 학교의 교육환경보호구역은 제외한다)
25. 「영화 및 비디오물의 진흥에 관한 법률」 제2조제16호가목 및 라목에 해당하는 비디오물감상실업 및 복합영상물제공업의 시설(「유아교육법」 제2조제2호에 따른 유치원 및 「고등교육법」 제2조 각 호에 따른 학교의 교육환경보호구역은 제외한다)
26. 「식품위생법」 제36조제1항제3호에 따른 식품접객업 중 단란주점영업 및 유흥주점영업
27. 「공중위생관리법」 제2조제1항제2호에 따른 숙박업 및 「관광진흥법」 제3조제1항제2호에 따른 관광숙박업(「국제회의산업 육성에 관한 법률」 제2조제3호에 따른 국제회의시설에 부속된 숙박시설과 규모, 용도, 기간 및 학습과 학교보건위생에 대한 영향 등을 고려하여 대통령령으로 정하는 숙박업 또는 관광숙박업은 제외한다)
28. 삭제<2021.9.24>
29. 「화학물질관리법」 제39조에 따른 사고대비물질의 취급시설 중 대통령령으로 정하는 수량 이상으로 취급하는 시설
30. 「통계법」 제22조제1항에 따라 국가데이터처장이 고시하는 한국표준산업분류에 따른 제조업 중 레미콘 제조업(시멘트와 모래, 자갈 등의 광물성 물질 혼합물에 물을 첨가하여 굳지 아니한 상태로 구매자에게 공급하는 콘크리트용 비내화 혼합물을 제조하는 산업활동)
31. 「정신건강증진 및 정신질환자 복지서비스 지원에 관한 법률」 제3조제7호에 따른 정신재활시설 중 중독자재활시설(알코올 중독, 약물 중독 또는 게임 중독 등으로 인한 정신질환자등을 치유하거나 재활을 돕는 시설)
32. 「관광진흥법」 제3조제1항제5호에 따른 카지노업
제9조(교육환경보호구역에서의 금지행위 등) 누구든지 학생의 보건ㆍ위생, 안전, 학습과 교육환경 보호를 위하여 교육환경보호구역에서는 다음 각 호의 어느 하나에 해당하는 행위 및 시설을 하여서는 아니 된다. 다만, 상대보호구역에서는 제14호부터 제27호까지 및 제29호부터 제32호까지에 규정된 행위 및 시설 중 교육감이나 교육감이 위임한 자가 지역위원회의 심의를 거쳐 학습과 교육환경에 나쁜 영향을 주지 아니한다고 인정하는 행위 및 시설은 제외한다. <개정 2017.1.17, 2017.12.19, 2019.12.3, 2020.3.24, 2021.9.24, 2024.2.6, 2024.10.22, 2025.7.22, 2025.8.14, 2025.10.1>"
P07065,,조각·패널비위임,,대통령령으로 정하는 특별한,"① 심의위원회는 피해학생의 보호를 위하여 필요하다고 인정하는 때에는 피해학생에 대하여 다음 각 호의 어느 하나에 해당하는 조치(수 개의 조치를 동시에 부과하는 경우를 포함한다)를 할 것을 교육장(교육장이 없는 경우 제12조제1항에 따라 조례로 정한 기관의 장으로 한다. 이하 같다)에게 요청할 수 있다. 다만, 학교의 장은 학교폭력사건을 인지한 경우 피해학생의 반대의사 등 대통령령으로 정하는 특별한 사정이 없으면 지체 없이 가해자(교사를 포함한다)와 피해학생을 분리하여야 하며, 피해학생이 긴급보호를 요청하는 경우에는 제1호부터 제3호까지 및 제6호의 조치를 할 수 있다. 이 경우 학교의 장은 심의위원회에 즉시 보고하여야 한다. <개정 2012.3.21, 2017.4.18, 2019.8.20, 2020.12.22, 2021.3.23, 2023.10.24>
1. 학내외 전문가에 의한 심리상담 및 조언
2. 일시보호
3. 치료 및 치료를 위한 요양
4. 학급교체
5. 삭제<2012.3.21>
6. 그 밖에 피해학생의 보호를 위하여 필요한 조치
② 심의위원회는 제1항에 따른 조치를 요청하기 전에 피해학생 및 그 보호자에게 의견진술의 기회를 부여하는 등 적정한 절차를 거쳐야 한다. <신설 2012.3.21, 2019.8.20>
③ 제1항에 따른 요청이 있는 때에는 교육장은 피해학생의 보호자의 동의를 받아 7일 이내에 해당 조치를 하여야 한다. <개정 2012.3.21, 2019.8.20>
④ 제1항의 조치 등 보호가 필요한 학생에 대하여 학교의 장이 인정하는 경우 그 조치에 필요한 결석을 출석일수에 포함하여 계산할 수 있다. <개정 2012.3.21, 2021.3.23>
⑤ 학교의 장은 성적 등을 평가하는 경우 제3항에 따른 조치로 인하여 학생에게 불이익을 주지 아니하도록 노력하여야 한다. <개정 2012.3.21, 2021.3.23>
⑥ 피해학생이 전문단체나 전문가로부터 제1항제1호부터 제3호까지의 규정에 따른 상담 등을 받는 데에 사용되는 비용은 가해학생의 보호자가 부담하여야 한다. 다만, 피해학생의 신속한 치료를 위하여 학교의 장 또는 피해학생의 보호자가 원하는 경우에는 「학교안전사고 예방 및 보상에 관한 법률」제15조에 따른 학교안전공제회 또는 시ㆍ도교육청이 부담하고 이에 대한 상환청구권을 행사할 수 있다. <개정 2012.1.26, 2012.3.21, 2021.3.23>
1. 삭제<2012.3.21>
2. 삭제<2012.3.21>
⑦ 학교의 장 또는 피해학생의 보호자는 필요한 경우 「학교안전사고 예방 및 보상에 관한 법률」 제34조의 공제급여를 학교안전공제회에 직접 청구할 수 있다. <신설 2012.1.26, 2012.3.21>
⑧ 피해학생의 보호 및 제6항에 따른 지원범위, 상환청구범위, 지급절차 등에 필요한 사항은 대통령령으로 정한다. <신설 2012.3.21, 2021.3.23>
제16조(피해학생의 보호)"
P00115,,조각·패널비위임,,못하는 경우 등 대통령령으로,"① 제34조제1항에 따른 대학의 장(이하 이 조에서 ""대학의 장""이라 한다)은 같은 항에 따른 입학전형에 응시하는 사람에게 입학전형료를 받을 수 있다. <개정 2019.4.23>
② 대학의 장은 전년도 입학전형 관련 수입ㆍ지출 내역 및 모집인원 대비 지원인원 등을 고려하여 입학전형료를 정한다. 이 경우 입학전형료 결정의 기준이 되는 입학전형 관련 수입ㆍ지출의 항목 및  산정방법은 교육부령으로 정한다.
③ 대학의 장은 입학전형에 응시한 사람 중 국가유공자, 국민기초생활수급자 등 대통령령으로 정하는 사람에 대하여 입학전형료를 면제하거나 감액할 수 있다.
④ 대학의 장은 입학전형에 응시한 사람이 착오로 인하여 입학전형료를 납부하거나 부득이한 사유로 인하여 입학전형에 응시하지 못하는 경우 등 대통령령으로 정하는 사유가 발생한 때에는 대통령령으로 정하는 바에 따라 입학전형료의 전부 또는 일부를 반환하여야 한다.
⑤ 대학의 장은 입학전형을 마친 후 입학전형 관련 수입ㆍ지출에 따른 잔액을 대통령령으로 정하는 바에 따라 입학전형에 응시한 사람에게 반환하여야 한다.
제34조의4(입학전형료)"
P03522,,조각·패널비위임,,대통령령,"① 국가는 「초ㆍ중등교육법」 제10조의2에 따른 고등학교 등의 무상교육에 필요한 비용 중 1,000분의 475 이내에 해당하는 금액을 제3조제4항에 따라 따로 증액교부하여야 한다.
② 시ㆍ도 및 시ㆍ군ㆍ자치구는 「초ㆍ중등교육법」 제10조의2에 따른 고등학교 등의 무상교육에 필요한 비용 중 1,000분의 50에 해당하는 금액을 대통령령으로 정하는 바에 따라 교육비특별회계로 전출하여야 한다.
제14조의2(고등학교 등의 무상교육 경비 부담에 관한 특례)"
P03130,,조각·패널비위임,,사항은 대통령령으로,"① 교육감은 특수교육대상자와 그 가족에 대하여 가족상담, 부모교육 등 가족지원을 제공하여야 한다. <개정 2019.12.10>
② 교육감은 특수교육대상자에게 필요한 경우 물리치료, 작업치료 등 치료지원을 제공하여야 한다. 이 경우 특수교육대상자의 장애유형과 장애정도를 고려한 맞춤형 치료지원이 제공될 수 있도록 하여야 한다. <개정 2021.3.23, 2021.12.28>
③ 교육감은 각급학교의 장이 특수교육대상자를 위하여 필요한 경우 지원인력을 제공할 수 있도록 지원하여야 한다. <개정 2021.12.28>
④ 각급학교의 장은 특수교육대상자의 교육을 위하여 필요한 장애인용 각종 교구, 각종 학습보조기, 보조공학기기 등의 설비를 제공하여야 한다.
⑤ 각급학교의 장은 특수교육대상자의 취학 편의를 위하여 통학차량 지원, 통학비 지원, 통학 지원인력의 배치 등 통학 지원 대책을 마련하여야 한다. <개정 2021.12.28>
⑥ 각급학교의 장은 특수교육대상자의 생활지도 및 보호를 위하여 기숙사를 설치ㆍ운영할 수 있다. 기숙사를 설치ㆍ운영하는 특수학교에는 특수교육대상자의 생활지도 및 보호를 위하여 교육부령으로 정하는 자격이 있는 생활지도원을 두는 외에 간호사 또는 간호조무사를 두어야 한다. <개정 2008.2.29, 2013.3.23, 2013.4.5>
⑦ 제6항의 생활지도원과 간호사 또는 간호조무사의 배치기준은 국립학교의 경우 교육부령으로, 공립 및 사립 학교의 경우에는 시ㆍ도 교육규칙으로 각각 정한다. <신설 2013.4.5>
⑧ 각급학교의 장은 각급학교에서 제공하는 각종 정보(교육기관에서 운영하는 인터넷 홈페이지를 포함한다)를 특수교육대상자에게 제공하는 경우 특수교육대상자의 장애유형에 적합한 방식으로 제공하여야 한다. <개정 2013.4.5>
⑨ 교육감(국립학교의 경우에는 해당 학교의 장을 말한다)은 「의료법」 제3조에 따른 의료기관과 협의하여 해당 의료기관에 소속된 같은 법 제2조에 따른 의료인으로 하여금 학교 내에서 특수교육대상자에게 의료적 지원을 제공하도록 할 수 있다. 이 경우 의료인이 제공하는 의료적 지원의 구체적 범위는 대통령령으로 정한다. <신설 2024.2.27>
⑩ 제1항부터 제9항까지의 규정에 따른 특수교육 관련서비스의 제공을 위하여 필요한 사항은 대통령령으로 정한다. <개정 2013.4.5, 2024.2.27>
제28조(특수교육 관련서비스)"
P00791,,조각·패널비위임,,대통령령으로 정하는,"① 감독기관의 장 또는 교육시설의 장은 「소방시설 설치 및 관리에 관한 법률」 제12조제1항에도 불구하고 다음 각 호의 어느 하나에 해당하는 교육시설이 신설(신축ㆍ증축ㆍ개축ㆍ재축ㆍ이전 중인 교육시설을 말한다)되는 경우에는 대통령령으로 정하는 바에 따라 스프링클러설비 또는 간이스프링클러설비 등의 화재 안전관리 강화를 위한 소방시설을 설치하여야 한다.
1. 「유아교육법」 제2조제2호에 따른 유치원
2. 「초ㆍ중등교육법」 제2조 각 호에 따른 학교의 기숙사 또는 합숙소 및 「초ㆍ중등교육법」 제2조제4호에 따른 특수학교
3. 「고등교육법」 제2조 각 호에 따른 학교의 기숙사 또는 합숙소
4. 제2조제11호에 따른 임시교실
5. 그 밖에 교육부장관이 화재 안전관리 강화를 위한 소방시설을 설치할 필요가 있다고 인정하는 교육시설
② 감독기관의 장 또는 교육시설의 장이 제1항에 따라 소방시설을 설치하는 경우에는 「소방시설 설치 및 관리에 관한 법률」 제7조에 따른 내진설계기준을 준수하여야 한다.
③ 감독기관의 장 또는 교육시설의 장이 제1항에 따라 소방시설을 설치하는 경우 국가 또는 지방자치단체는 필요한 비용의 일부를 대통령령으로 정하는 바에 따라 지원할 수 있다.
④ 제1항부터 제3항까지에서 규정한 사항 외에 소방시설의 설치 등에 필요한 사항은 「소방시설 설치 및 관리에 관한 법률」 및 「화재의 예방 및 안전관리에 관한 법률」에 따른다.
제10조의3(소방시설 설치지원 등)"
P01638,,조각·패널비위임,,사항은 대통령령으로,"① 고등학교 이하 각급 학교를 설치ㆍ경영하는 학교법인은 학생 수가 크게 감소하여 그 목적을 달성하기 곤란한 경우에는 제34조제1항에도 불구하고 시ㆍ도 교육감의 인가를 받아 해산할 수 있다.
② 제1항에 따라 시ㆍ도 교육감의 인가를 받으려는 학교법인은 해산인가신청서에 잔여재산 처분계획서를 첨부하여 시ㆍ도 교육감에게 제출하여야 한다.
③ 제1항에 따른 해산과 제2항에 따른 잔여재산 처분계획은 이사 정수의 3분의 2 이상의 동의를 받아야 한다.
④ 국가 또는 지방자치단체는 제1항에 따라 해산하는 학교법인이 원활하게 해산할 수 있도록 다음 각 호의 어느 하나에 해당하는 지원을 할 수 있다.
1. 해산인가 신청 당시 학교법인이 보유하고 있는 기본재산 감정평가액의 100분의 30 이내의 범위에서 해산장려금의 지급
2. 해산인가 신청 당시 학교법인이 보유하고 있는 기본재산 중 학교교육에 직접 사용되었던 재산의 매입
⑤ 제1항에 따른 학교법인의 해산, 제2항에 따른 잔여재산의 처분 및 제4항에 따른 재정지원에 관한 사항을 심사하기 위하여 시ㆍ도 교육감 소속으로 사학정비심사위원회를 둔다.
⑥ 제5항에 따른 사학정비심사위원회의 구성 및 운영 등에 관한 사항은 대통령령으로 정한다.
⑦ 제1항부터 제5항까지의 규정에 따라 해산한 학교법인은 그 잔여재산의 전부 또는 일부를 제35조제1항에도 불구하고 제2항에 따른 잔여재산 처분계획서에서 정한 자에게 귀속시키거나 「공익법인의 설립ㆍ운영에 관한 법률」 제2조에 따른 공익법인을 설립하기 위한 재산으로 출연할 수 있다.
제35조의2(해산 및 잔여재산 귀속에 관한 특례)"
P04446,,조각·패널비위임,,"2. 그 밖에 국립학교의 경우에는 학칙으로, 공립학교의 경우에는 시·도의 조례로 미리 학부모의 의견을 수렴하도록 정한 사항","① 국ㆍ공립학교에 두는 운영위원회는 다음 각 호의 어느 하나에 해당하는 사항을 심의하려는 경우 국립학교의 경우에는 학칙으로, 공립학교의 경우에는 시ㆍ도의 조례로 정하는 바에 따라 미리 학부모의 의견을 수렴해야 한다. <개정 2017.12.29, 2022.3.22>
1. 법 제32조제1항제1호, 제5호, 제6호, 제9호 또는 제10호에 해당하는 사항
2. 그 밖에 국립학교의 경우에는 학칙으로, 공립학교의 경우에는 시ㆍ도의 조례로 미리 학부모의 의견을 수렴하도록 정한 사항
② 국ㆍ공립학교에 두는 운영위원회는 다음 각 호의 어느 하나에 해당하는 사항을 심의하기 위하여 필요하다고 인정하는 경우 학생 대표 등을 회의에 참석하게 하여 의견을 들을 수 있다. <개정 2017.12.29, 2022.3.22>
1. 법 제32조제1항제1호, 제6호 또는 제10호에 해당하는 사항
2. 그 밖에 학생의 학교생활에 밀접하게 관련된 사항
③ 국ㆍ공립학교에 두는 운영위원회는 국립학교의 경우에는 학칙으로, 공립학교의 경우에는 시ㆍ도의 조례로 정하는 바에 따라 학생 대표가 학생의 학교생활에 관련된 사항에 관하여 학생들의 의견을 수렴하여 운영위원회에 제안하게 할 수 있다.
제59조의4(의견 수렴 등)"
P07556,,조각·패널비위임,,사항은 대통령령으로,"① 국가 또는 지방자치단체는 연구원의 설치와 육성을 위하여 필요한 국유재산이나 공유재산을 「국유재산법」 또는 「공유재산 및 물품 관리법」에도 불구하고 연구원에 무상으로 대부 또는 양여(讓與)하거나 무상으로 사용ㆍ수익하게 할 수 있다.
② 제1항에 따른 국유재산ㆍ공유재산의 무상 대부ㆍ양여 또는 무상 사용ㆍ수익의 내용, 그 조건 및 절차 등에 필요한 사항은 대통령령으로 정한다.
제3조(국유재산ㆍ공유재산의 대부 등)"
P04384,,조각·패널비위임,,교육부령으로 정하는,"① 법 제31조의3제1항 및 제2항에 따른 범죄경력 등 조회 요청의 범위는 다음 각 호의 구분에 따른다.
1. 경찰관서 등 수사기관의 장: 「국가공무원법」 제33조제3호부터 제6호까지, 제6호의2, 제6호의3 및 같은 조 제6호의4가목부터 다목까지의 규정에 따른 범죄경력
2. 그 밖에 관계 기관의 장: 「국가공무원법」 제33조제1호, 제2호, 제6호의4라목ㆍ마목, 제7호 및 제8호에 따른 결격사유
② 학교의 장은 법 제31조의3제1항 및 제2항에 따라 운영위원회 위원 후보자 또는 운영위원회 위원에 대한 범죄경력 등의 조회를 경찰관서 등 관계 기관의 장에게 요청하려면 교육부령으로 정하는 범죄경력 등 조회 대상자의 동의서를 첨부해야 한다. <개정 2026.4.14>
③ 법 제31조의3제1항 및 제2항에 따라 범죄경력 등의 조회를 요청받은 경찰관서 등 관계 기관의 장은 범죄경력 등 조회 대상자가 법 제31조의2제1항에 따른 결격사유 또는 같은 조 제2항에 따른 당연퇴직 사유에 해당하는지 여부를 확인하기 위하여 필요한 자료를 회신해야 한다.
제57조의3(운영위원회 위원 후보자 등에 대한 범죄경력 조회 등)"
P02868,,조각·패널비위임,,그 밖에 교육부장관 및 교육감이 유아교육에 필요하다고 인정하는 비용,"① 교육부장관은 법 제24조제2항에 따라 국가 및 지방자치단체가 매년 부담하는 유아교육에 드는 비용을 전년도 10월 말까지 고시하여야 한다. <개정 2013.3.23>
② 제1항에 따라 교육부장관이 고시하는 비용의 범위는 다음 각 호와 같다. <개정 2013.3.23>
1. 입학금
2. 수업료
3. 급식비
4. 그 밖에 교육부장관 및 교육감이 유아교육에 필요하다고 인정하는 비용
제4조의2(국가 및 지방자치단체가 부담하는 비용의 고시)"
P00911,,조각·패널비위임,,교육부령으로 정하는 평가 기준 이상이,"① 법 제6조제1항에 따라 제출하는 교육환경에 미치는 영향에 관한 평가서(이하 ""교육환경평가서""라 한다)는 다음 각 호의 내용을 포함하여야 한다.
1. 시행하려는 사업 등의 개요
2. 교육환경 영향평가 대상별 조사자료 및 현황
3. 교육환경 영향평가 결과
4. 교육환경 보호를 위한 조치 계획
② 제1항에도 불구하고 법 제6조제4항 각 호의 어느 하나에 해당하는 경우의 교육환경평가서는 다음 각 호의 내용을 포함하여야 한다.
1. 제1항제1호의 내용
2. 제1항제2호의 내용 중 교육규칙으로 정하는 것
③ 교육환경평가서의 내용별 작성방법 및 작성기준은 다음 각 호와 같다.
1. 제1항제1호의 내용: 목적, 규모 및 사업 등을 위한 공사의 예상 기간 등을 기재
2. 제1항제2호의 내용: 평가 대상에 관한 조사자료 및 현황 등을 도표 등을 사용하여 기재하고 관련 자료를 첨부
3. 제1항제3호의 내용: 평가 대상별로 교육부령으로 정하는 평가 기준에 따라 평가한 결과를 기재
4. 제1항제4호의 내용: 평가 대상별로 교육부령으로 정하는 평가 기준 이상이 되도록 할 수 있는 구체적인 방안 및 계획 등을 기재
④ 교육부장관은 필요한 경우 제3항에 따른 교육환경평가서의 작성방법 및 작성기준의 구체적인 내용을 정하여 고시할 수 있다.
⑤ 교육환경평가서의 제출 기한은 다음 각 호의 구분에 따른다. <개정 2017.12.12, 2018.2.9, 2024.7.30>
1. 법 제6조제1항제1호에 해당하는 경우: 학교설립계획 수립 완료 전
2. 법 제6조제1항제2호 또는 제3호에 해당하는 경우: 해당 계획 또는 사업을 위한 계획 수립 완료 전. 다만, 교육감이 부득이한 사정이 있다고 인정한 경우에는 「국토의 계획 및 이용에 관한 법률」 제43조제1항에 따른 도시ㆍ군관리계획 결정 전으로 한다.
2의2. 법 제6조제1항제4호에 해당하는 경우: 다음 각 목의 구분에 따른 기한. 다만, 교육감이 부득이한 사정이 있다고 인정한 경우에는 「국토의 계획 및 이용에 관한 법률」 제43조제1항에 따른 도시ㆍ군관리계획 결정 전으로 한다.
가. 정비사업을 시행하려는 자가 「도시 및 주거환경정비법」 제2조제11호다목에 따른 시장ㆍ군수등인 경우: 정비사업을 위한 계획 수립 완료 전
나. 가목 외의 경우: 「도시 및 주거환경정비법」 제50조제1항 본문에 따른 사업시행계획인가 신청 예정일 60일 전
3. 법 제6조제1항제5호에 해당하는 경우: 「건축법 시행령」 제9조제1항에 따른 건축허가 신청 예정일 60일 전. 다만, 교육감이 부득이한 사정이 있다고 인정한 경우에는 건축허가 신청 전으로 한다.
⑥ 법 제6조제1항 각 호의 어느 하나에 해당하는 자(이하 ""평가서작성자""라 한다)는 교육환경평가서를 작성ㆍ제출한 후 다음 각 호의 어느 하나에 해당하게 된 경우에는 그 사실을 즉시 교육감에게 통보하고, 해당 사유가 발생한 날부터 45일 이내에 교육환경평가서를 다시 작성하여 교육감에게 제출해야 한다. 이 경우 교육환경평가서의 내용 등은 제1항 및 제3항에 따르되, 교육규칙으로 정하는 바에 따라 그 내용의 일부를 생략할 수 있다. <개정 2024.7.30, 2026.6.2>
1. 학교용지(학교설립예정지를 포함한다. 이하 이 항 및 제20조제1항제3호에서 같다)의 위치가 변경되는 경우
2. 학교용지의 면적이 100분의 10 이상 증감되는 경우
3. 학교용지와 인접하는 도로 등 기반시설, 건축물, 주거용지 또는 상업용지의 위치 또는 용도의 변경이 있는 경우
⑦ 교육감은 제출된 교육환경평가서가 제1항부터 제6항까지의 규정에 따라 작성ㆍ제출되지 아니한 경우에는 해당 평가서작성자에게 이를 보완하여 작성ㆍ제출하게 할 수 있다.
⑧ 교육감은 교육환경평가서가 제출된 경우 그 사실을 관련 행정기관의 장에게 통보할 수 있다. <신설 2017.12.12>
제16조(교육환경평가서의 작성 및 제출)"
P02111,,조각·패널비위임,,교육부령으로 정하는,"① 보육과정은 영유아의 신체ㆍ정서ㆍ언어ㆍ사회성 및 인지적 발달을 도모할 수 있는 내용을 포함하여야 한다.
② 교육부장관은 표준보육과정을 개발ㆍ보급하여야 하며 필요하면 그 내용을 검토하여 수정ㆍ보완하여야 한다. <개정 2008.2.29, 2010.1.18, 2023.12.26>
③ 어린이집의 원장은 제2항의 표준보육과정에 따라 영유아를 보육하도록 노력하여야 한다. <개정 2011.6.7>
④ 어린이집의 원장은 보호자의 동의를 받아 일정 연령 이상의 영유아에게 교육부령으로 정하는 특정한 시간대에 한정하여 보육과정 외에 어린이집 내외에서 이루어지는 특별활동프로그램(이하 ""특별활동""이라 한다)을 실시할 수 있다. 이 경우 어린이집의 원장은 특별활동에 참여하지 아니하는 영유아를 위하여 특별활동을 대체할 수 있는 프로그램을 함께 마련하여야 한다. <신설 2013.8.13, 2023.12.26>
⑤ 제1항에 따른 보육과정, 제4항에 따른 특별활동 대상 영유아의 연령 및 특별활동의 내용 등에 필요한 사항은 교육부령으로 정한다. <개정 2008.2.29, 2010.1.18, 2013.8.13, 2023.12.26>
제29조(보육과정)"
P01592,,조각·패널비위임,,작성하여 대통령령으로,"① 학교법인을 설립하려는 자는 일정한 재산을 출연하고, 다음 각 호의 사항을 적은 정관을 작성하여 대통령령으로 정하는 바에 따라 교육부장관의 허가를 받아야 한다. 이 경우 기술대학을 설치ㆍ경영하는 학교법인을 설립할 때에는 대통령령으로 정하는 바에 따라 미리 산업체가 일정한 재산을 출연하여야 한다.
1. 목적
2. 명칭
3. 설치ㆍ경영하려는 사립학교의 종류와 명칭
4. 사무소 소재지
5. 자산 및 회계에 관한 사항
6. 임원의 정원 및 그 임면(任免)에 관한 사항
7. 이사회에 관한 사항
8. 수익사업을 경영하려는 경우에는 그 사업의 종류, 그 밖에 사업에 관한 사항
9. 정관 변경에 관한 사항
10. 해산에 관한 사항
11. 공고에 관한 사항과 그 방법
12. 그 밖에 이 법에 따라 정관에 적어야 할 사항
② 학교법인의 설립 당초의 임원은 정관으로 정하여야 한다.
③ 제1항제6호의 사항을 정할 때 기술대학을 설치ㆍ경영하는 학교법인의 경우에는 대통령령으로 정하는 바에 따라 산업체에 근무하는 사람을 임원으로 포함하여야 한다.
제10조(설립허가)"
P02516,,조각·패널비위임,,8. 그 밖에 법령이나 시ㆍ도의 조례에서 운영위원회의 심의를 거치도록 한 사항,"① 운영위원회는 다음 각 호의 사항을 심의한다.
1. 온라인학교 헌장과 학칙의 제정 또는 개정
2. 온라인학교의 예산안 및 결산
3. 온라인학교 교육과정의 운영 방법
4. 교과용 도서와 교육 자료의 선정
5. 「교육공무원법」 제29조의3제8항에 따른 공모를 통하여 선발되는 온라인학교의 장의 공모 방법, 임용, 평가 등
6. 「교육공무원법」 제31조제2항에 따른 초빙교사의 추천
7. 온라인학교 운영에 대한 제안 및 건의 사항
8. 그 밖에 법령이나 시ㆍ도의 조례에서 운영위원회의 심의를 거치도록 한 사항
② 운영위원회의 회의는 위원장이 소집한다.
③ 운영위원회는 회의를 개최한 경우 회의 일시, 장소, 참석자, 안건, 발언 요지 및 결정 사항 등이 포함된 회의록을 작성해야 한다.
④ 제3항에 따른 회의록은 공개한다. 다만, 다음 각 호의 어느 하나에 해당하는 사항은 운영위원회의 의결로 공개하지 않을 수 있다.
1. 회의록에 포함되어 있는 이름, 주민등록번호 등 개인에 관한 사항으로서 공개될 경우 개인의 사생활의 비밀 또는 자유를 침해할 우려가 있다고 인정하는 사항
2. 공개될 경우 운영위원회 심의의 공정성을 크게 저해할 우려가 있다고 인정하는 사항
3. 수강학생 교육 또는 교권 보호를 위하여 공개하기에 적당하지 않다고 인정하는 사항
⑤ 운영위원회는 제1항 각 호의 사항을 심의하기 위하여 필요하다고 인정하는 경우에는 수강학생 또는 학부모의 의견을 수렴할 수 있다.
⑥ 운영위원회의 의사정족수ㆍ의결정족수, 회의 소집의 일정ㆍ방법 및 의견 수렴 방법 등에 관한 사항은 시ㆍ도의 조례로 정하는 범위에서 위원회규정으로 정한다.
제14조(운영위원회의 운영)"
P00481,,조각·패널비위임,,2. 영 제17조제1항제3호 후단에 따른 지방자치단체의 인사규칙에서 정하는 바에 따라 자격증 소지를 의무화하는 특수직급의 신규임용시험 또는 전직시험에 응시하여 임용된 사람의 해당 자격증,"① 임용권자는 5급 이하 공무원ㆍ연구사 및 지도사가 다음 각 호의 어느 하나에 해당하는 자격증 또는 검정시험 합격확인서 등(이하 ""자격증등""이라 한다)을 소지한 경우에는 영 제32조제2항 및 연구ㆍ지도직규정 제14조제2항에 따라 가산점을 줄 수 있다. <개정 2022.9.1>
1. 「자격기본법」 제12조에 따른 국가자격증 및 같은 법 제23조에 따른 공인자격증 중 임용권자가 직무수행과 밀접한 관련이 있다고 인정하여 지정하는 자격증
2. 외국에서 취득한 자격증 중 임용권자가 제1호에 따른 자격증과 동일하거나 동등하다고 인정하는 자격증
3. 그 밖에 임용권자가 직무수행과 밀접한 관련이 있다고 인정하여 지정하는 자격증 또는 검증시험 합격확인서 등
② 삭제 <2022.9.1>
③ 제1항에도 불구하고 다음 각 호의 어느 하나에 해당하는 자격증등(제1호, 제2호 및 제5호의 경우에는 해당 자격증 종목의 하위 등급 자격증을 포함한다)을 소지한 경우에는 가산점을 줄 수 없다. <개정 2022.9.1>
1. 「지방공무원법」 제27조제2항제2호에 따른 자격증 소지자로서 영 제55조제1항제1호에 따라 경력경쟁임용시험의 필기시험을 실시하지 아니하고 임용된 사람의 해당 자격증
2. 영 제17조제1항제3호 후단에 따른 지방자치단체의 인사규칙에서 정하는 바에 따라 자격증 소지를 의무화하는 특수직급의 신규임용시험 또는 전직시험에 응시하여 임용된 사람의 해당 자격증
3. 공무원으로 재직함으로써 시험과목의 전부를 면제받거나 자동적으로 취득한 자격증
4. 유효기간이 지난 자격증등
5. 승진임용 시 이미 가산점이 반영된 자격증등
④ 가산점을 줄 수 있는 자격증등이 둘 이상인 경우에는 그 중 가산점이 높은 하나에 대해서만 가산점을 줄 수 있다.
⑤ 삭제 <2022.9.1>
⑥ 삭제 <2022.9.1>
제23조(자격증 등의 가산점)"
P04434,,조각·패널비위임,,"2. 그 밖에 국립학교의 경우에는 학칙으로, 공립학교의 경우에는 시·도의 조례로 미리 학부모의 의견을 수렴하도록 정한 사항","① 국ㆍ공립학교에 두는 운영위원회는 다음 각 호의 어느 하나에 해당하는 사항을 심의하려는 경우 국립학교의 경우에는 학칙으로, 공립학교의 경우에는 시ㆍ도의 조례로 정하는 바에 따라 미리 학부모의 의견을 수렴해야 한다. <개정 2017.12.29, 2022.3.22>
1. 법 제32조제1항제1호, 제5호, 제6호, 제9호 또는 제10호에 해당하는 사항
2. 그 밖에 국립학교의 경우에는 학칙으로, 공립학교의 경우에는 시ㆍ도의 조례로 미리 학부모의 의견을 수렴하도록 정한 사항
② 국ㆍ공립학교에 두는 운영위원회는 다음 각 호의 어느 하나에 해당하는 사항을 심의하기 위하여 필요하다고 인정하는 경우 학생 대표 등을 회의에 참석하게 하여 의견을 들을 수 있다. <개정 2017.12.29, 2022.3.22>
1. 법 제32조제1항제1호, 제6호 또는 제10호에 해당하는 사항
2. 그 밖에 학생의 학교생활에 밀접하게 관련된 사항
③ 국ㆍ공립학교에 두는 운영위원회는 국립학교의 경우에는 학칙으로, 공립학교의 경우에는 시ㆍ도의 조례로 정하는 바에 따라 학생 대표가 학생의 학교생활에 관련된 사항에 관하여 학생들의 의견을 수렴하여 운영위원회에 제안하게 할 수 있다.
제59조의4(의견 수렴 등)"
P06655,,조각·패널비위임,,교육부령이 정하는,"①법 제4조에 따라 학교급식을 실시하려는 학교의 장은 법 제6조에 따른 급식시설ㆍ설비를 갖추고 교육부령이 정하는 바에 따라 교육부장관 또는 교육감에게 학교급식의 개시보고를 하여야 한다. 다만, 교내에 급식시설을 갖추지 못하여 외부에서 제조ㆍ가공한 식품을 운반하여 급식을 실시하는 경우 등에는 급식시설ㆍ설비를 갖추지 않고 학교급식의 개시보고를 할 수 있다. <개정 2008.2.29, 2013.3.23>
②제1항에 따른 학교급식의 개시보고 후 급식운영방식의 변경, 급식시설 대수선 또는 증ㆍ개축, 급식시설의 운영중단 또는 폐지 등 중요한 사항이 변경된 경우에는 그 내용을 교육부장관 또는 교육감에게 보고하여야 한다. <개정 2008.2.29, 2013.3.23>
제3조(학교급식의 개시보고 등)"
P04911,,조각·패널비위임,,사항은 교육부령으로,"① 교육부장관의 자문에 응하여 특성화중학교, 특수목적고등학교 및 자율형 사립고등학교의 지정 또는 지정 취소에 관한 다음 각 호의 사항을 심의하기 위하여 교육부장관 소속으로 특수목적고등학교 등 지정위원회를 둔다. <개정 2020.2.28, 2024.1.23>
1. 특성화중학교, 특수목적고등학교 및 자율형 사립고등학교의 지정 또는 지정 취소에 관한 사항
2. 특성화중학교, 특수목적고등학교 및 자율형 사립고등학교의 중장기적인 발전에 관한 사항
② 제1항에서 규정한 사항 외에 특수목적고등학교 등 지정위원회의 구성 및 운영에 필요한 사항은 교육부령으로 정한다.
제105조의3(특수목적고등학교 등 지정위원회)"
P04067,,조각·패널비위임,,사항은 대통령령으로,"① 모든 국민은 보호하는 자녀 또는 아동이 6세가 된 날이 속하는 해의 다음 해 3월 1일에 그 자녀 또는 아동을 초등학교에 입학시켜야 하고, 초등학교를 졸업할 때까지 다니게 하여야 한다.
② 모든 국민은 제1항에도 불구하고 그가 보호하는 자녀 또는 아동이 5세가 된 날이 속하는 해의 다음 해 또는 7세가 된 날이 속하는 해의 다음 해에 그 자녀 또는 아동을 초등학교에 입학시킬 수 있다. 이 경우에도 그 자녀 또는 아동이 초등학교에 입학한 해의 3월 1일부터 졸업할 때까지 초등학교에 다니게 하여야 한다.
③ 모든 국민은 보호하는 자녀 또는 아동이 초등학교를 졸업한 학년의 다음 학년 초에 그 자녀 또는 아동을 중학교에 입학시켜야 하고, 중학교를 졸업할 때까지 다니게 하여야 한다.
④ 제1항부터 제3항까지의 규정에 따른 취학 의무의 이행과 이행 독려 등에 필요한 사항은 대통령령으로 정한다.
제13조(취학 의무)"
P04487,,조각·패널비위임,,사항은 교육부령으로,"①법 제33조의 규정에 의한 학교발전기금(이하 ""발전기금""이라 한다)은 다음 각호의 방법에 의하여 조성한다.
1. 기부자가 기부한 금품의 접수
2. 학부모 등으로 구성된 학교내ㆍ외의 조직ㆍ단체 등이 그 구성원으로부터 자발적으로 갹출하거나 구성원외의 자로부터 모금한 금품의 접수
②발전기금은 다음 각호의 목적을 위하여 사용한다.
1. 학교교육시설의 보수 및 확충
2. 교육용 기자재 및 도서의 구입
3. 학교체육활동 기타 학예활동의 지원
4. 학생복지 및 학생자치활동의 지원
③운영위원회는 교육부령이 정하는 바에 따라 발전기금을 운영위원회 위원장의 명의로 조성ㆍ운용하여야 한다. <개정 2001.1.29, 2008.2.29, 2013.3.23>
④운영위원회는 발전기금의 관리 및 집행과 그 부수된 업무의 일부를 당해 학교의 장에게 위탁할 수 있다.
⑤제4항의 규정에 의하여 업무를 위탁받은 학교의 장은 발전기금을 별도회계를 통하여 관리하고, 매 분기마다 발전기금의 집행계획 및 집행내역을 운영위원회에 서면으로 보고하여야 한다.
⑥운영위원회는 제5항의 보고를 받은 경우에는 이를 검토하여 그 결과를 학부모에게 통지하여야 한다.
⑦운영위원회는 제4항의 규정에 의하여 발전기금에 관한 업무를 당해 학교의 장에게 위탁한 경우에는 발전기금의 집행상황 등에 관하여 감사할 수 있다.
⑧ 운영위원회는 학교 회계연도 종료 후 3개월 이내에 다음 각 호의 업무를 완료하여야 한다. <개정 2015.9.15>
1. 발전기금에 대한 결산
2. 제1호에 따른 결산 결과의 관할청 보고 및 학부모 통지
⑨발전기금의 조성ㆍ운용 및 회계관리 등에 관하여 기타 필요한 사항은 교육부령으로 정한다. <개정 2001.1.29, 2008.2.29, 2013.3.23>
제64조(학교발전기금)"
P06405,,조각·패널비위임,,대통령령으로 정하는 바에,"1. 「유아교육법」 제2조제2호에 따른 유치원. 다만, 대통령령으로 정하는 규모 이하의 유치원은 제외한다.
2.「초ㆍ중등교육법」 제2조제1호부터 제4호까지의 어느 하나에 해당하는 학교
3.「초ㆍ중등교육법」 제52조의 규정에 따른 근로청소년을 위한 특별학급 및 산업체부설 중ㆍ고등학교
4. 「초ㆍ중등교육법」 제60조의3에 따른 대안학교
5. 그 밖에 교육감이 필요하다고 인정하는 학교
제4조(학교급식 대상) 학교급식은 대통령령으로 정하는 바에 따라 다음 각 호의 어느 하나에 해당하는 학교 또는 학급에 재학하는 학생을 대상으로 실시한다. <개정 2012.3.21, 2019.12.10, 2020.1.29, 2021.3.23>"
P07033,,조각·패널비위임,,사항은 대통령령으로,"① 학교체육 진흥을 위한 다음 각 호의 사업과 활동을 위하여 교육부장관 소속으로 학교체육진흥원을 설립할 수 있다. <개정 2013.3.23, 2016.2.3>
1. 학교체육 진흥을 위한 정책연구
2. 체육활동 프로그램의 개발 및 보급
3. 학생 체력통계의 체계적 수집 및 분석
4. 제8조에 따른 학생건강체력평가의 종목ㆍ평가기준 및 시스템 개발ㆍ운영
5. 여학생의 체육활동 활성화 지원
6. 그 밖에 학교체육 진흥에 필요한 사항
② 제1항에 따른 학교체육진흥원의 구성ㆍ운영 등에 필요한 사항은 대통령령으로 정한다.
제17조(학교체육진흥원)"
P00130,,조각·패널비위임,,사항은 대통령령으로,"① 대학(산업대학ㆍ교육대학을 포함하며, 대학원대학은 제외한다)에서 학칙으로 정하는 과정을 마친 사람에게는 학사학위를 수여한다.
② 대학원에서 학칙으로 정하는 과정을 마친 사람에게는 해당 과정의 석사학위나 박사학위를 수여한다.
③ 석사학위와 박사학위의 과정이 통합된 과정에 있는 사람 또는 같은 과정을 수료하거나 중도에 퇴학한 사람 중 박사학위를 취득하지 못한 사람으로서 학칙으로 정하는 석사학위의 수여기준을 충족한 사람에게는 석사학위를 수여할 수 있다. <개정 2017.11.28>
④ 학사학위와 석사학위의 과정이 통합된 과정에 있는 사람 또는 같은 과정을 수료하거나 중도에 퇴학한 사람 중 석사학위를 취득하지 못한 사람으로서 학칙으로 정하는 학사학위의 수여기준을 충족한 사람에게는 학사학위를 수여할 수 있다. <개정 2017.11.28>
⑤ 박사학위과정이 있는 대학원을 둔 학교에서는 명예박사학위를 수여할 수 있다.
⑥ 학위의 종류와 수여에 필요한 사항은 대통령령으로 정한다.
제35조(학위의 수여)"
P00794,,조각·패널비위임,,대통령령으로 정하는,"① 교육시설 중 대통령령으로 정하는 규모 이상의 교육시설의 장은 교육부장관의 교육시설안전인증을 받아야 한다.
② 교육부장관은 제1항에 따라 교육시설안전인증을 받아야 하는 교육시설을 대통령령으로 정하는 바에 따라 평가하고, 평가 결과 해당 교육시설이 인증기준을 충족하는 경우에는 교육시설안전인증을 하여야 한다.
③ 교육부장관은 다음 각 호의 어느 하나에 해당하는 경우에는 교육시설안전인증을 취소하여야 한다.
1. 거짓이나 그 밖의 부정한 방법으로 교육시설안전인증을 받은 경우
2. 교육시설안전인증을 받은 교육시설이 인증기준에 미치지 못하게 된 경우
④ 그 밖에 교육시설안전인증의 기준, 주기, 등급, 유효기간, 인증절차 및 비용 등에 필요한 사항은 대통령령으로 정한다.
제11조(교육시설안전인증 등)"
P06144,,조각·패널비위임,,사항은 대통령령으로,"① 학교형태의 평생교육시설을 설치ㆍ운영하고자 하는 자는 대통령령으로 정하는 시설ㆍ설비를 갖추어 교육감에게 등록하여야 한다.
② 교육감은 제1항에 따른 학교형태의 평생교육시설 중 일정 기준 이상의 요건을 갖춘 평생교육시설에 대하여는 이를 고등학교졸업 이하의 학력이 인정되는 시설로 지정할 수 있다. 다만, 제6항에 따라 지방자치단체로부터 지원받은 보조금을 목적 외 사용, 부당집행하였을 경우에는 그 지정을 취소할 수 있다. <개정 2015.3.27>
③ 제2항에 따른 학력인정 평생교육시설에는 「초ㆍ중등교육법」 제19조제1항의 교원을 둘 수 있고, 제4항에 따른 학력ㆍ학위 인정 평생교육시설에는 「고등교육법」 제14조제2항의 교원을 둘 수 있다. 이 경우 교원의 복무ㆍ국내연수와 재교육에 관하여는 국ㆍ공립학교의 교원에 관한 규정을 준용한다. <개정 2025.11.11>
④「초ㆍ중등교육법」제54조제4항에 따라 전공과를 설치ㆍ운영하는 고등기술학교는 교육부장관의 인가를 받아 전문대학졸업자와 동등한 학력ㆍ학위가 인정되는 평생교육시설로 전환ㆍ운영할 수 있다. 이 경우 전공대학의 명칭을 사용할 수 있다. <개정 2013.3.23>
⑤ 제2항에 따른 학력인정 평생교육시설의 지정 및 지정취소 기준ㆍ절차, 입학자격, 교원자격 등과 제4항에 따른 학력ㆍ학위 인정 평생교육시설의 인가 기준ㆍ절차, 학사관리 등의 운영 방법 등에 필요한 사항은 대통령령으로 정한다. <개정 2015.3.27, 2025.11.11>
⑥ 지방자치단체는 해당 지방자치단체의 조례로 정하는 바에 따라 예산의 범위 내에서 「초ㆍ중등교육법」 제2조의 학교에 준하여 제2항에 따른 학력인정 평생교육시설에 필요한 보조금을 교부하거나 그 밖의 지원을 할 수 있다. <개정 2015.3.27>
⑦ 제2항에 따른 학력인정 평생교육시설 또는 제4항에 따른 학력ㆍ학위 인정 평생교육시설로 지정 또는 인가를 받은 자가 그 시설을 폐쇄하고자 하는 때에는 재학생 보호방안 등 대통령령으로 정하는 사항을 갖추어 교육부장관 또는 시ㆍ도교육감의 인가를 받아야 한다. <개정 2023.4.18, 2025.11.11>
⑧ 제2항에 따른 학력인정 평생교육시설의 재산관리, 회계 및 교원 등의 신규채용에 관한 사항은 각각 「사립학교법」 제28조, 제29조 및 제53조의2제10항을 준용하고, 장학지도 및 학생의 학교생활기록 관리는 각각 「초ㆍ중등교육법」 제7조 및 제25조제1항을 준용하며, 보건ㆍ위생ㆍ학습환경 등에 관한 사항은 각각 「학교보건법」 제4조, 제9조, 제9조의2 및 제12조를 준용한다. 다만, 교비회계에 속하는 예산ㆍ결산 및 회계 업무는 교육부령으로 정하는 방식으로 처리하여야 한다. <신설 2015.3.27, 2023.4.18>
제31조(학교형태의 평생교육시설)"
P06145,,조각·패널비위임,,사항은 대통령령으로,"① 학교형태의 평생교육시설을 설치ㆍ운영하고자 하는 자는 대통령령으로 정하는 시설ㆍ설비를 갖추어 교육감에게 등록하여야 한다.
② 교육감은 제1항에 따른 학교형태의 평생교육시설 중 일정 기준 이상의 요건을 갖춘 평생교육시설에 대하여는 이를 고등학교졸업 이하의 학력이 인정되는 시설로 지정할 수 있다. 다만, 제6항에 따라 지방자치단체로부터 지원받은 보조금을 목적 외 사용, 부당집행하였을 경우에는 그 지정을 취소할 수 있다. <개정 2015.3.27>
③ 제2항에 따른 학력인정 평생교육시설에는 「초ㆍ중등교육법」 제19조제1항의 교원을 둘 수 있고, 제4항에 따른 학력ㆍ학위 인정 평생교육시설에는 「고등교육법」 제14조제2항의 교원을 둘 수 있다. 이 경우 교원의 복무ㆍ국내연수와 재교육에 관하여는 국ㆍ공립학교의 교원에 관한 규정을 준용한다. <개정 2025.11.11>
④「초ㆍ중등교육법」제54조제4항에 따라 전공과를 설치ㆍ운영하는 고등기술학교는 교육부장관의 인가를 받아 전문대학졸업자와 동등한 학력ㆍ학위가 인정되는 평생교육시설로 전환ㆍ운영할 수 있다. 이 경우 전공대학의 명칭을 사용할 수 있다. <개정 2013.3.23>
⑤ 제2항에 따른 학력인정 평생교육시설의 지정 및 지정취소 기준ㆍ절차, 입학자격, 교원자격 등과 제4항에 따른 학력ㆍ학위 인정 평생교육시설의 인가 기준ㆍ절차, 학사관리 등의 운영 방법 등에 필요한 사항은 대통령령으로 정한다. <개정 2015.3.27, 2025.11.11>
⑥ 지방자치단체는 해당 지방자치단체의 조례로 정하는 바에 따라 예산의 범위 내에서 「초ㆍ중등교육법」 제2조의 학교에 준하여 제2항에 따른 학력인정 평생교육시설에 필요한 보조금을 교부하거나 그 밖의 지원을 할 수 있다. <개정 2015.3.27>
⑦ 제2항에 따른 학력인정 평생교육시설 또는 제4항에 따른 학력ㆍ학위 인정 평생교육시설로 지정 또는 인가를 받은 자가 그 시설을 폐쇄하고자 하는 때에는 재학생 보호방안 등 대통령령으로 정하는 사항을 갖추어 교육부장관 또는 시ㆍ도교육감의 인가를 받아야 한다. <개정 2023.4.18, 2025.11.11>
⑧ 제2항에 따른 학력인정 평생교육시설의 재산관리, 회계 및 교원 등의 신규채용에 관한 사항은 각각 「사립학교법」 제28조, 제29조 및 제53조의2제10항을 준용하고, 장학지도 및 학생의 학교생활기록 관리는 각각 「초ㆍ중등교육법」 제7조 및 제25조제1항을 준용하며, 보건ㆍ위생ㆍ학습환경 등에 관한 사항은 각각 「학교보건법」 제4조, 제9조, 제9조의2 및 제12조를 준용한다. 다만, 교비회계에 속하는 예산ㆍ결산 및 회계 업무는 교육부령으로 정하는 방식으로 처리하여야 한다. <신설 2015.3.27, 2023.4.18>
제31조(학교형태의 평생교육시설)"
P07233,,조각·패널비위임,,대통령령으로 정하는 바에,"① 교습소를 설립ㆍ운영하려는 자는 대통령령으로 정하는 바에 따라 신고자 및 교습자의 인적사항, 교습소의 명칭 및 위치, 교습과목, 교습비등을 교습소설립ㆍ운영신고서에 기재하여 교육감에게 신고하여야 한다. 신고한 사항 중 교습자의 인적사항, 교습소의 명칭 및 위치, 교습과목, 교습비등, 그 밖에 대통령령으로 정하는 사항을 변경하려는 경우에도 또한 같다. <개정 2011.7.25>
② 교육감은 제1항에 따른 신고 또는 변경신고를 받은 날부터 8일 이내에 신고수리 여부를 신고인에게 통지하여야 한다. <신설 2018.12.18>
③ 교육감이 제2항에서 정한 기간 내에 신고수리 여부 또는 민원 처리 관련 법령에 따른 처리기간의 연장 여부를 신고인에게 통지하지 아니하면 그 기간(민원 처리 관련 법령에 따라 처리기간이 연장 또는 재연장된 경우에는 해당 처리기간을 말한다)이 끝난 날의 다음 날에 신고를 수리한 것으로 본다. <신설 2018.12.18>
④ 교육감은 제1항에 따른 신고를 수리한 경우에는 교육부령으로 정하는 바에 따라 신고증명서를 발급하여야 한다. <개정 2011.7.25, 2013.3.23, 2018.12.18>
⑤ 교습자는 제4항에 따라 발급받은 신고증명서를 교습소에 게시하여야 한다. <개정 2011.7.25, 2018.12.18>
⑥ 교습자가 제4항에 따라 발급받은 신고증명서를 잃어버리거나 그 신고증명서가 못쓰게 된 경우에는 교육부령으로 정하는 바에 따라 교육감에게 재발급을 신청하여야 한다. <개정 2011.7.25, 2013.3.23, 2018.12.18>
⑦ 교습소는 교습자 1명이 한 장소에서 1과목만을 교습하여야 한다. <개정 2011.7.25, 2018.12.18>
⑧ 교습자의 자격, 교습소의 장소ㆍ시설ㆍ설비, 학습자의 수, 그 밖에 필요한 사항은 대통령령으로 정한다. <신설 2011.7.25, 2018.12.18>
⑨ 교습자는 교습소를 폐소하거나 1개월 이상 휴소(休所)하려면 교육부령으로 정하는 바에 따라 지체 없이 교육감에게 신고하여야 한다. <신설 2011.7.25, 2013.3.23, 2018.12.18>
⑩ 제17조제2항에 따라 교습소의 폐지처분을 받은 자는 그 처분을 받은 날부터 1년 이내 또는 교습정지처분을 받은 자는 그 정지 기간이 지나지 아니한 경우에는 교육부령으로 정하는 바에 따라 같은 종류의 교습소를 신고할 수 없다. <신설 2011.7.25, 2013.3.23, 2016.5.29, 2018.12.18>
⑪ 교육감은 교습자가 「부가가치세법」 제8조에 따라 관할 세무서장에게 폐업신고를 하거나 관할 세무서장이 사업자등록을 말소한 경우에는 신고 사항을 직권으로 말소할 수 있다. <신설 2017.12.19, 2018.12.18>
⑫ 교육감은 제11항의 직권말소를 위하여 필요한 경우 관할 세무서장에게 교습자의 폐업여부에 대한 정보 제공을 요청할 수 있다. 이 경우 요청을 받은 관할 세무서장은 「전자정부법」 제36조제1항에 따라 교습자의 폐업여부에 대한 정보를 제공하여야 한다. <신설 2017.12.19, 2018.12.18>
⑬ 교습자는 제17조제2항에 따른 행정처분 기간과 그 처분을 위한 절차가 진행 중인 기간(「행정절차법」 제21조에 따른 처분의 사전 통지 시점부터 처분이 확정되기 전까지의 기간을 말한다) 중에는 제9항에 따른 폐소신고를 할 수 없다. <신설 2023.4.18>
제14조(교습소 설립ㆍ운영의 신고 등)"
P01541,,조각·패널비위임,,사항은 대통령령으로,"① 각종 급여는 그 권리를 가질 사람의 신청을 받아 공단이 결정한다. 다만, 대통령령으로 정하는 종류의 급여를 결정할 때에는 사립학교교직원 연금급여심의회(이하 ""급여심의회""라 한다)의 심의를 거쳐야 한다.
② 급여를 받을 권리를 가질 사람이 제1항에 따른 급여 중 다음 각 호의 급여를 신청할 때에는 그 교직원이 소속되었던 학교경영기관의 장(학교에 근무하는 교직원의 경우에는 학교의 장)의 확인을 받아야 한다. <개정 2019.12.10>
1. 「공무원 재해보상법」 제8조제1호에 따른 요양급여
2. 「공무원 재해보상법」 제8조제3호에 따른 장해급여
3. 「공무원 재해보상법」 제8조제5호나목에 따른 순직유족급여
③ 제1항 단서에 따른 급여심의회의 조직과 운영에 관한 사항은 대통령령으로 정한다.
제34조(급여의 결정)"
P00471,,조각·패널비위임,,2. 영 제17조제1항제3호 후단에 따른 지방자치단체의 인사규칙에서 정하는 바에 따라 자격증 소지를 의무화하는 특수직급의 신규임용시험 또는 전직시험에 응시하여 임용된 사람의 해당 자격증,"① 임용권자는 5급 이하 공무원ㆍ연구사 및 지도사가 다음 각 호의 어느 하나에 해당하는 자격증 또는 검정시험 합격확인서 등(이하 ""자격증등""이라 한다)을 소지한 경우에는 영 제32조제2항 및 연구ㆍ지도직규정 제14조제2항에 따라 가산점을 줄 수 있다. <개정 2022.9.1>
1. 「자격기본법」 제12조에 따른 국가자격증 및 같은 법 제23조에 따른 공인자격증 중 임용권자가 직무수행과 밀접한 관련이 있다고 인정하여 지정하는 자격증
2. 외국에서 취득한 자격증 중 임용권자가 제1호에 따른 자격증과 동일하거나 동등하다고 인정하는 자격증
3. 그 밖에 임용권자가 직무수행과 밀접한 관련이 있다고 인정하여 지정하는 자격증 또는 검증시험 합격확인서 등
② 삭제 <2022.9.1>
③ 제1항에도 불구하고 다음 각 호의 어느 하나에 해당하는 자격증등(제1호, 제2호 및 제5호의 경우에는 해당 자격증 종목의 하위 등급 자격증을 포함한다)을 소지한 경우에는 가산점을 줄 수 없다. <개정 2022.9.1>
1. 「지방공무원법」 제27조제2항제2호에 따른 자격증 소지자로서 영 제55조제1항제1호에 따라 경력경쟁임용시험의 필기시험을 실시하지 아니하고 임용된 사람의 해당 자격증
2. 영 제17조제1항제3호 후단에 따른 지방자치단체의 인사규칙에서 정하는 바에 따라 자격증 소지를 의무화하는 특수직급의 신규임용시험 또는 전직시험에 응시하여 임용된 사람의 해당 자격증
3. 공무원으로 재직함으로써 시험과목의 전부를 면제받거나 자동적으로 취득한 자격증
4. 유효기간이 지난 자격증등
5. 승진임용 시 이미 가산점이 반영된 자격증등
④ 가산점을 줄 수 있는 자격증등이 둘 이상인 경우에는 그 중 가산점이 높은 하나에 대해서만 가산점을 줄 수 있다.
⑤ 삭제 <2022.9.1>
⑥ 삭제 <2022.9.1>
제23조(자격증 등의 가산점)"
P01720,,조각·패널비위임,,사항은 대통령령으로,"① 산업교육기관은 다음 각 호의 어느 하나의 경우에는 국가, 지방자치단체 또는 산업체등과의 계약에 의하여 권역별로, 산업교육기관간 또는 산업교육기관별로 직업교육훈련 과정 또는 학과 등을 설치ㆍ운영할 수 있다. 이 경우 새로운 학과ㆍ학부를 설치할 필요가 있는 때에는 그에 앞서 이미 설치되어 있는 학과ㆍ학부나 유사한 학과ㆍ학부를 우선 활용하여야 한다. <개정 2017.11.28>
1. 국가, 지방자치단체 또는 산업체등이 채용을 조건으로 학자금 지원계약을 체결하고, 특별한 교육과정의 운영을 요구하는 경우
2. 국가, 지방자치단체 또는 산업체등이 그 소속 직원의 재교육이나 직무능력 향상 또는 전직(轉職) 교육을 위하여 그 경비의 전부 또는 일부를 부담하면서 교육을 의뢰하는 경우
3. 국가, 지방자치단체 또는 산업체등이 산업사회의 요구에 부응하는 인력 양성을 위하여 학생 선발기준의 공동 마련, 교육과정ㆍ교재의 공동개발 및 산업체등 인사의 교육 참여 등을 통한 교육과정의 운영을 요구하는 경우
② 산업교육기관의 장은 제1항에 따라 계약에 의한 학과 및 학부(이하 ""계약학과등""이라 한다)를 설치ㆍ운영하는 경우 대통령령으로 정하는 바에 따라 그 설치ㆍ운영계획을 교육부장관에게 신고하여야 한다. <신설 2015.3.27>
③ 산업교육기관의 장은 계약학과등을 폐지하는 경우 대통령령으로 정하는 바에 따라 그 폐지계획을 교육부장관에게 신고하여야 한다. <신설 2015.3.27>
④ 산업교육기관과 산업체등은 제1항 각 호의 계약학과등의 설치기준을 지켜야 한다. <신설 2015.3.27, 2022.12.13>
⑤ 국가와 지방자치단체는 제1항에 따른 직업교육훈련과정 등의 설치ㆍ운영에 필요한 비용의 전부 또는 일부를 지원할 수 있다. <신설 2017.11.28>
⑥ 제1항에 따른 직업교육훈련과정 등의 설치ㆍ운영 및 학생선발방법, 정원, 납부금, 제5항에 따른 비용 지원 등에 필요한 사항은 대통령령으로 정한다. <개정 2015.3.27, 2017.11.28>
제8조(계약에 의한 직업교육훈련과정 등의 설치ㆍ운영)"
P07504,,조각·패널비위임,,사항은 대통령령으로,"① 재단은 이사회의 의결을 거쳐 교육부장관의 승인을 받아 학자금 지원 재원(財源)을 조성하기 위한 채권(債券)을 발행할 수 있다. <개정 2013.3.23>
② 교육부장관은 제1항에 따른 채권 발행을 승인하려면 미리 재정경제부장관과 협의하여야 한다. <개정 2013.3.23, 2025.10.1>
③ 삭제 <2010.1.22>
④ 삭제 <2010.1.22>
⑤ 정부는 재단이 발행하는 채권 원리금의 상환을 보증할 수 있다.
⑥ 재단이 발행하는 채권은 「자본시장과 금융투자업에 관한 법률」 제4조제3항에 따른 특수채증권으로 본다. <신설 2010.1.22>
⑦ 제1항ㆍ제2항ㆍ제5항 및 제6항에서 규정한 사항 외에 채권의 발행에 필요한 사항은 대통령령으로 정한다. <개정 2010.1.22>
제18조(채권의 발행)"
P04268,,조각·패널비위임,,사항은 대통령령으로,"① 고등학교에 관할청의 인가를 받아 전일제 과정 외에 시간제 또는 통신제 과정을 둘 수 있다.
② 고등학교과정의 설치에 필요한 사항은 대통령령으로 정한다.
제49조(과정)"
P06225,,조각·패널비위임,,사항은 교육부령으로,"① 제31조부터 제33조까지, 제35조부터 제38조까지의 규정에 따라 평생교육시설 인가를 받거나 등록ㆍ신고를 한 자가 인가 또는 등록ㆍ신고한 사항을 변경하고자 하는 때에는 대통령령으로 정하는 바에 따라 변경인가를 받거나 변경등록ㆍ변경신고를 하여야 한다. <개정 2023.4.18, 2025.11.11>
② 제1항에 따른 변경인가 및 변경등록ㆍ변경신고의 방법ㆍ절차 등에 필요한 사항은 교육부령으로 정한다.
제38조의2(평생교육시설의 변경인가ㆍ변경등록 등)"
P07159,,조각·패널비위임,,대통령령으로 정하는,"① 교육부장관은 연구자나 대학등이 제19조제1항 각 호 또는 제2항 각 호의 어느 하나에 해당하여 사업비 지급이 중지되거나 지급한 사업비의 전부 또는 일부가 환수된 경우에는 대통령령으로 정하는 바에 따라 1년 이상 10년 이하의 범위에서 제6조제1항에 따른 학술지원 대상자 선정에서 제외하여야 한다. <개정 2013.3.23, 2020.12.22>
② 교육부장관은 제1항에 따라 학술지원 대상자 선정을 제한하는 경우에는 그 제한을 한 날부터 15일 이내에 연구자 및 연구자가 소속된 대학등의 장과 관계 중앙행정기관의 장에게 그 제한 사실 및 사유를 통보하여야 한다. <개정 2013.3.23>
제20조(학술지원 대상자 선정 제외)"
P01508,,조각·패널비위임,,사항은 대통령령으로,"① 위원회는 한국사에 대한 관심을 확산시키고 역사에 대한 지식 및 사고력과 문제해결 능력을 육성하기 위하여 한국사 능력을 검정할 수 있다.
② 제1항에 따른 한국사 능력 검정의 방법ㆍ절차ㆍ내용ㆍ대상에 필요한 사항은 대통령령으로 정한다.
제18조(한국사 능력의 검정)"
P07052,,조각·패널비위임,,대통령령,"① 교육감은 시ㆍ도교육청에 학교폭력의 예방ㆍ대책 및 법률지원을 포함한 통합지원을 담당하는 전담부서를 설치ㆍ운영하여야 한다. <개정 2023.10.24>
② 교육감은 관할 구역 안에서 학교폭력이 발생한 때에는 해당 학교의 장 및 관련 학교의 장에게 그 경과 및 결과의 보고를 요구할 수 있다.
③ 교육감은 관할 구역 안의 학교폭력이 관할 구역 외의 학교폭력과 관련이 있는 때에는 그 관할 교육감과 협의하여 적절한 조치를 취하여야 한다.
④ 교육감은 학교의 장으로 하여금 학교폭력의 예방 및 대책에 관한 실시계획을 수립ㆍ시행하도록 하여야 한다.
⑤ 교육감은 제12조에 따른 심의위원회가 처리한 학교의 학교폭력빈도를 학교의 장에 대한 업무수행 평가에 부정적 자료로 사용하여서는 아니 된다. <개정 2019.8.20>
⑥ 교육감은 제17조제1항제8호에 따른 전학의 경우 그 실현을 위하여 필요한 조치를 취하여야 하며, 제17조제1항제9호에 따른 퇴학처분의 경우 해당 학생의 건전한 성장을 위하여 다른 학교 재입학 등의 적절한 대책을 강구하여야 한다. <개정 2012.1.26, 2012.3.21>
⑦ 교육감은 대책위원회 및 지역위원회에 관할 구역 안의 학교폭력의 실태 및 대책에 관한 사항을 보고하고 공표하여야 한다. 관할 구역 밖의 학교폭력 관련 사항 중 관할 구역 안의 학교와 관련된 경우에도 또한 같다. <개정 2012.1.26, 2012.3.21>
⑧ 교육감은 학교폭력의 실태를 파악하고 학교폭력에 대한 효율적인 예방대책을 수립하기 위하여 학교폭력 실태조사를 연 2회 이상 실시하고, 각 학교폭력 실태조사가 완료된 날부터 120일 이내에 그 결과를 공표하여야 한다. <신설 2012.3.21, 2015.12.22, 2025.11.11>
⑨ 교육감은 학교폭력 등에 관한 조사, 상담, 치유프로그램 운영, 학생 치유ㆍ회복을 위한 보호시설 운영, 법률지원을 포함한 통합지원 등을 위한 전문기관을 설치ㆍ운영하여야 한다. <신설 2012.3.21, 2023.10.24>
⑩ 교육감은 제14조제3항에 따른 전담기구 구성원의 학교폭력 관련 전문성 향상을 위한 교육 등을 실시할 수 있다. <신설 2023.10.24>
⑪ 교육감은 관할 구역에서 학교폭력이 발생한 때에 해당 학교의 장 또는 소속 교원이 그 경과 및 결과를 보고하면서 축소 및 은폐를 시도한 경우에는 「교육공무원법」 제50조 및 「사립학교법」 제62조에 따른 징계위원회에 징계의결을 요구하여야 한다. <신설 2012.3.21, 2021.3.23, 2023.10.24>
⑫ 교육감은 관할 구역에서 학교폭력의 예방 및 대책 마련에 기여한 바가 큰 학교 또는 소속 교원에게 상훈을 수여하거나 소속 교원의 근무성적 평정에 가산점을 부여할 수 있다. <신설 2012.3.21, 2023.10.24>
⑬ 교육감은 학교의 장 및 교감을 대상으로 학교폭력 예방 및 대책 등에 관한 교육을 매년 1회 이상 실시하여야 한다. <신설 2023.10.24>
⑭ 제1항에 따라 설치되는 전담부서의 구성과 제8항에 따라 실시하는 학교폭력 실태조사, 제9항에 따른 전문기관의 설치 및 제13항에 따른 교육의 실시에 필요한 사항은 대통령령으로 정한다. <개정 2012.3.21, 2023.10.24>
제11조(교육감의 임무)"
P04288,,조각·패널비위임,,대통령령으로 정하는,"① 제60조의5제1항에 따른 지원을 받으려는 경우에는 해당 학생 또는 그 학생을 법률상ㆍ사실상 보호하고 있는 사람은 교육부장관 또는 교육감에게 교육비 지원을 신청하여야 한다. <개정 2013.3.23, 2016.2.3, 2025.3.18>
② 제1항에 따른 신청을 하는 경우에는 다음 각 호의 자료 또는 정보의 제공에 대한 지원 대상 학생 및 그 가구원(해당 학생과 생계 또는 주거를 같이 하는 사람으로서 대통령령으로 정하는 사람을 말한다. 이하 같다)의 동의 서면을 제출하여야 한다. <개정 2016.2.3>
1. 「금융실명거래 및 비밀보장에 관한 법률」 제2조제2호에 따른 금융자산 및 제3호에 따른 금융거래의 내용에 대한 자료 또는 정보 중 예금의 평균잔액과 그 밖에 대통령령으로 정하는 자료 또는 정보(이하 ""금융정보""라 한다)
2. 「신용정보의 이용 및 보호에 관한 법률」 제2조제1호에 따른 신용정보 중 채무액과 그 밖에 대통령령으로 정하는 자료 또는 정보(이하 ""신용정보""라 한다)
3. 「보험업법」 제4조제1항 각 호에 따른 보험에 가입하여 납부한 보험료와 그 밖에 대통령령으로 정하는 보험 관련 자료 또는 정보(이하 ""보험정보""라 한다)
③ 제1항에 따른 교육비 지원의 신청 방법ㆍ절차 및 제2항에 따른 동의의 방법ㆍ절차 등에 필요한 사항은 교육부령으로 정한다. <개정 2013.3.23>
제60조의6(교육비 지원의 신청)"
P06287,,조각·패널비위임,,사항은 교육부령으로,"① 법 제23조제2항에 따른 학습과정의 평가인정(이하 ""평가인정""이라 한다)을 받으려는 평생교육기관은 교육부령으로 정하는 바에 따라 평가인정신청서와 관련 서류를 갖춰 교육부장관에게 제출하여야 한다. <개정 2013.3.23>
② 평가인정의 기준은 다음 각 호와 같다. 이 경우 교육부장관은 평가인정 대상의 특성을 고려하여 평가인정의 기준을 세분하여 적용할 수 있다. <개정 2013.3.23>
1. 교육시설 및 설비
2. 교수과정
3. 교원ㆍ강사
4. 학습자 지원 및 관리 체제
5. 그 밖에 교육부장관이 학습과정 운영에 필요하다고 인정하는 사항
③ 교육부장관은 평가인정을 실시하는 경우에는 그 기준, 대상, 절차, 방법 등 평가인정에 필요한 구체적인 사항을 정하여 평가인정신청서 접수일의 1개월 전까지 공고하여야 한다. <개정 2013.3.23>
④ 교육부장관은 제1항에 따라 평가인정을 신청한 학습과정이 제2항에 따른 기준에 적합한지를 검토하여 그 결과를 신청인에게 통보하여야 한다. <개정 2013.3.23>
⑤ 평가인정의 유효기간은 평가인정을 통보받은 날부터 5년으로 한다.
⑥ 제1항부터 제5항까지에서 규정한 사항 외에 평가인정 및 변경평가인정의 절차 및 방법에 관하여 필요한 사항은 교육부령으로 정한다. <개정 2013.3.23>
제14조의2(평가인정)"
P01511,,조각·패널비위임,,대통령령,"① 이 법에서 사용하는 용어의 뜻은 다음과 같다. <개정 2016.5.29, 2018.3.20, 2018.4.17, 2021.3.23>
1. ""교직원""이란 「사립학교법」 제54조에 따라 그 임명에 관한 사항이 관할청에 보고된 교원과, 「사립학교법」 제70조의2에 따라 임명된 사무직원을 말한다. 다만, 임시로 임명된 사람, 조건부로 임명된 사람 및 보수를 받지 아니하는 사람은 제외한다.
2. ""유족""이란 교직원이거나 교직원이었던 사람이 사망할 당시 그가 부양하고 있던 다음 각 목의 어느 하나에 해당하는 사람을 말한다.
가. 배우자(재직 당시에 혼인관계에 있던 사람으로 한정하며, 사실상 혼인관계에 있던 사람을 포함한다)
나. 자녀(퇴직일 이후에 출생하거나 입양한 자녀는 제외하되 퇴직 당시의 태아는 재직 중 출생한 자녀로 본다. 이하 같다)
다. 부모(퇴직일 이후에 입양된 경우의 부모는 제외한다)
라. 손자녀(孫子女)(퇴직일 이후에 출생하거나 입양한 손자녀는 제외하되 퇴직 당시의 태아는 재직 중 출생한 손자녀로 본다. 이하 같다)
마. 조부모(퇴직일 이후에 입양된 경우의 조부모는 제외한다)
3. ""퇴직""이란 면직(免職), 사직(辭職), 그 밖의 사망 외의 모든 해직(解職)을 말한다. 다만, 교직원의 신분이 소멸된 날 또는 그 다음 날에 다시 교직원으로 임명되고 이 법에 따른 퇴직급여 및 퇴직수당을 받지 아니한 경우는 예외로 한다.
4. ""기준소득월액""이란 부담금 및 급여 산정의 기준이 되는 것으로서 일정기간 재직하고 얻은 소득에서 비과세소득을 제외한 금액의 연지급합계액을 12개월로 평균한 금액을 말한다. 이 경우 소득 및 비과세소득의 범위, 기준소득월액의 결정방법 및 적용기간 등에 관한 사항은 대통령령으로 정한다.
5. ""평균기준소득월액""이란 재직기간(제31조제3항 및 제4항에 따라 재직기간에서 제외되는 기간이 있는 경우에는 해당 기간을 재직기간에 포함한다. 이하 이 조에서 같다) 중 매년 기준소득월액을 공무원보수인상률 등을 고려하여 대통령령으로 정하는 바에 따라 급여의 사유가 발생한 날(퇴직으로 급여의 사유가 발생하거나 퇴직 후에 급여의 사유가 발생한 경우에는 퇴직한 날의 전날을 말한다. 이하 같다)의 현재가치로 환산한 후 합한 금액을 재직기간으로 나눈 금액을 말한다. 다만, 제42조제1항에 따라 준용되는 「공무원연금법」 제43조제1항 및 제2항에 따른 퇴직연금ㆍ조기퇴직연금 및 같은 법 제54조제1항에 따른 퇴직유족연금(교직원이었던 사람이 퇴직연금이나 조기퇴직연금을 받다가 사망하여 그 유족이 퇴직유족연금을 받게 되는 경우는 제외한다) 산정의 기초가 되는 평균기준소득월액은 급여의 사유가 발생한 당시의 평균기준소득월액을 공무원보수인상률 등을 고려하여 대통령령으로 정하는 바에 따라 연금 지급이 시작되는 시점의 현재가치로 환산한 금액을 말한다.
6. ""학교경영기관""이란 제3조에 규정된 사립학교를 설치ㆍ경영하는 학교법인 또는 사립학교 경영자를 말한다.
7. ""부담금""이란 국가부담금ㆍ개인부담금ㆍ법인부담금 및 재해보상부담금을 합한 금액을 말한다.
8. ""개인부담금""이란 급여에 드는 비용으로 교직원이 부담하는 금액을 말한다.
9. ""국가부담금""이란 급여에 드는 비용으로 국가가 부담하는 금액을 말한다.
10. ""법인부담금""이란 급여에 드는 비용으로 학교경영기관이 부담하는 금액을 말한다.
11. ""재해보상부담금""이란 제42조제1항에 따라 준용되는 「공무원 재해보상법」 제8조에 따른 급여 중 제48조의2제3항에 따라 재해보상급여 준비금에서 지급되는 급여에 드는 비용에 충당하기 위하여 학교기관이 이 법에 따라 따로 부담하는 금액을 말한다.
② 제1항제2호나목에 따른 자녀는 19세 미만인 사람과 대통령령으로 정하는 정도의 장해(제42조제1항에 따라 준용하는 「공무원 재해보상법」 제3조제1항제7호에 따른 장해를 말한다. 이하 같다) 상태에 있는 19세 이상인 사람으로 한정한다. <개정 2013.4.5, 2018.4.17>
③ 제1항제2호라목에 따른 손자녀는 아버지가 없거나 아버지가 대통령령으로 정하는 정도의 장해 상태에 있는 경우로서 다음 각 호의 어느 하나에 해당되는 사람으로 한정한다. <개정 2013.4.5, 2018.4.17>
1. 19세 미만인 사람
2. 19세 이상인 사람으로서 대통령령으로 정하는 정도의 장해 상태에 있는 사람
④ 제42조제1항에 따라 준용하는 「공무원 재해보상법」 제8조의 재해유족급여에 대해서는 제2항 및 제3항 각 호 중 ""19세""를 각각 ""25세""로 한다. <신설 2025.11.11>
⑤ 교직원인 사람 또는 교직원이었던 사람의 사망 당시의 태아는 이 법에 따른 급여를 지급할 때에는 이미 출생한 것으로 본다. <개정 2025.11.11>
제2조(정의)"
P04269,,조각·패널비위임,,사항은 대통령령으로,"① 고등학교에 방송통신고등학교를 부설할 수 있다.
② 방송통신고등학교의 설치, 교육방법, 수업연한, 그 밖에 그 운영에 필요한 사항은 대통령령으로 정한다.
제51조(방송통신고등학교)"
P07069,,조각·패널비위임,,사항은 대통령령으로,"① 국가는 사이버폭력에 해당하는 촬영물, 영상물, 음성물, 복제물, 편집물, 합성물, 가공물, 개인정보, 허위사실 등(이하 이 조에서 ""촬영물등""이라 한다)이 정보통신망에 유포되어 피해(촬영물등의 대상자가 되어 입은 피해를 말한다)를 입은 학생에 대하여 촬영물등의 삭제를 위한 지원을 할 수 있다. <개정 2025.1.31>
② 제1항에 따른 피해학생, 그 보호자 또는 피해학생이나 보호자가 지정하는 대리인(이하 이 조에서 ""삭제지원요청자""라 한다)은 국가에 촬영물등의 삭제를 위한 지원을 요청할 수 있다. 이 경우 삭제지원요청자는 대통령령으로 정하는 요건을 갖추어 삭제지원을 요청하여야 한다. <개정 2025.3.18>
③ 제2항에도 불구하고 교육감 또는 교육장은 「아동ㆍ청소년의 성보호에 관한 법률」 제2조제5호에 따른 아동ㆍ청소년성착취물에 대해서는 삭제지원요청자의 요청 없이도 「성폭력방지 및 피해자보호 등에 관한 법률」 제7조의3제3항에 따라 국가와 지방자치단체에 삭제를 위한 지원을 요청할 수 있다. <신설 2025.3.18>
④ 제1항에 따른 촬영물등 삭제지원에 소요되는 비용은 사이버폭력의 가해학생 또는 그 보호자가 부담한다. <개정 2025.3.18>
⑤ 국가가 제1항에 따라 촬영물등 삭제지원에 소요되는 비용을 지출한 경우 사이버폭력의 가해학생 또는 그 보호자에게 상환청구권을 행사할 수 있다. <개정 2025.3.18>
⑥ 제1항 및 제2항에 따른 촬영물등 삭제지원의 내용ㆍ방법, 제5항에 따른 상환청구권 행사의 절차ㆍ방법 등에 필요한 사항은 대통령령으로 정한다. <개정 2025.3.18>
제16조의4(사이버폭력의 피해자 지원)"
P00466,,조각·패널비위임,,2. 영 제17조제1항제3호 후단에 따른 지방자치단체의 인사규칙에서 정하는 바에 따라 자격증 소지를 의무화하는 특수직급의 신규임용시험 또는 전직시험에 응시하여 임용된 사람의 해당 자격증,"① 임용권자는 5급 이하 공무원ㆍ연구사 및 지도사가 다음 각 호의 어느 하나에 해당하는 자격증 또는 검정시험 합격확인서 등(이하 ""자격증등""이라 한다)을 소지한 경우에는 영 제32조제2항 및 연구ㆍ지도직규정 제14조제2항에 따라 가산점을 줄 수 있다. <개정 2022.9.1>
1. 「자격기본법」 제12조에 따른 국가자격증 및 같은 법 제23조에 따른 공인자격증 중 임용권자가 직무수행과 밀접한 관련이 있다고 인정하여 지정하는 자격증
2. 외국에서 취득한 자격증 중 임용권자가 제1호에 따른 자격증과 동일하거나 동등하다고 인정하는 자격증
3. 그 밖에 임용권자가 직무수행과 밀접한 관련이 있다고 인정하여 지정하는 자격증 또는 검증시험 합격확인서 등
② 삭제 <2022.9.1>
③ 제1항에도 불구하고 다음 각 호의 어느 하나에 해당하는 자격증등(제1호, 제2호 및 제5호의 경우에는 해당 자격증 종목의 하위 등급 자격증을 포함한다)을 소지한 경우에는 가산점을 줄 수 없다. <개정 2022.9.1>
1. 「지방공무원법」 제27조제2항제2호에 따른 자격증 소지자로서 영 제55조제1항제1호에 따라 경력경쟁임용시험의 필기시험을 실시하지 아니하고 임용된 사람의 해당 자격증
2. 영 제17조제1항제3호 후단에 따른 지방자치단체의 인사규칙에서 정하는 바에 따라 자격증 소지를 의무화하는 특수직급의 신규임용시험 또는 전직시험에 응시하여 임용된 사람의 해당 자격증
3. 공무원으로 재직함으로써 시험과목의 전부를 면제받거나 자동적으로 취득한 자격증
4. 유효기간이 지난 자격증등
5. 승진임용 시 이미 가산점이 반영된 자격증등
④ 가산점을 줄 수 있는 자격증등이 둘 이상인 경우에는 그 중 가산점이 높은 하나에 대해서만 가산점을 줄 수 있다.
⑤ 삭제 <2022.9.1>
⑥ 삭제 <2022.9.1>
제23조(자격증 등의 가산점)"
P00704,,조각·패널비위임,,대통령령으로 정하는 중요한,"① 교육부장관은 5년마다 특구의 육성에 관한 특구육성종합계획(이하 ""특구육성종합계획""이라 한다)을 수립ㆍ추진하여야 한다. <개정 2013.3.23>
② 특구육성종합계획에는 다음 각 호의 사항이 포함되어야 한다.
1. 특구 육성의 기본방향
2. 특구 안의 각급학교 및 그 밖의 교육기관의 교육활동 관리 및 통합적 지원체계 구축 방안
3. 특구 안의 각급학교 및 그 밖의 교육기관의 전문인력 양성
4. 특구 안의 각급학교 및 그 밖의 교육기관 간 교류와 협력 활성화
5. 특구 운영성과의 확산
6. 특구 육성을 위한 투자의 확대 및 재원 조달 방안
7. 특구에서 실시되는 도로ㆍ용수 등 기반시설의 설치, 교육시설용지의 조성
8. 그 밖에 특구의 육성을 위하여 대통령령으로 정하는 사항
③ 교육부장관은 특구육성종합계획을 수립하는 때에는 관계 중앙행정기관의 장 및 특구 시ㆍ도지사와 미리 협의하고, 제7조의 교육국제화특구위원회의 심의를 거쳐야 한다. 특구육성종합계획 중 대통령령으로 정하는 중요한 사항을 변경하려는 때에도 또한 같다. <개정 2013.3.23>
④ 교육부장관은 제3항에 따라 확정되거나 변경된 특구육성종합계획을 관계 중앙행정기관의 장 및 특구 시ㆍ도지사에게 통지하여야 한다. <개정 2013.3.23>
⑤ 교육부장관은 특구육성종합계획을 수립하기 위하여 특구의 육성에 관한 실태조사를 실시할 수 있다. <신설 2019.8.20>
⑥ 교육부장관은 제5항에 따른 실태조사를 위하여 관계 중앙행정기관의 장, 특구 시ㆍ도지사 및 관련 기관ㆍ단체의 장에게 필요한 자료 제출을 요청할 수 있다. 이 경우 요청을 받은 자는 특별한 사유가 없으면 이에 협조하여야 한다. <신설 2019.8.20>
⑦ 관계 중앙행정기관의 장은 특구육성종합계획에 따라 해당 부처의 지원계획을 수립하여야 하며, 정당한 사유가 없으면 교육부장관의 지원계획 실행 요청에 협조하여야 한다. <개정 2013.3.23, 2019.8.20, 2021.3.23>
⑧ 특구육성종합계획의 수립ㆍ시행과 실태조사의 방법 등에 필요한 사항은 대통령령으로 정한다. <신설 2019.8.20>
제6조(특구육성종합계획의 수립)"
P04330,,조각·패널비위임,,대통령령으로 정하는,"① 이 법에 따른 교육부장관의 권한은 그 일부를 대통령령으로 정하는 바에 따라 교육감에게 위임하거나 국립대학법인 서울대학교 및 국립대학법인 인천대학교에 위탁할 수 있다. <개정 2012.3.21, 2013.3.23>
② 이 법에 따른 교육부장관의 권한 중 국립학교의 설립ㆍ운영에 관한 권한은 대통령령으로 정하는 바에 따라 관계 중앙행정기관의 장에게 위임할 수 있다. <개정 2013.3.23>
③ 이 법에 따른 교육부장관 및 교육감의 업무 중 제60조의6부터 제60조의8까지에 따른 교육지원 업무는 대통령령으로 정하는 바에 따라 그 일부를 보건복지부장관 또는 지방자치단체의 장에게 위임할 수 있다. <개정 2013.3.23, 2025.3.18>
제62조(권한의 위임)"
P00903,,조각·패널비위임,,"업소와 같은 호 가목8), 가목9) 및 나목7)에 따라 성평등가족부장관이 고시한 영업에 해당하는 업소","1. 「대기환경보전법」 제16조제1항에 따른 배출허용기준을 초과하여 대기오염물질을 배출하는 시설
2. 「물환경보전법」 제32조제1항에 따른 배출허용기준을 초과하여 수질오염물질을 배출하는 시설과 제48조에 따른 폐수종말처리시설
3. 「가축분뇨의 관리 및 이용에 관한 법률」 제11조에 따른 배출시설, 제12조에 따른 처리시설 및 제24조에 따른 공공처리시설
4. 「하수도법」 제2조제11호에 따른 분뇨처리시설
5. 「악취방지법」 제7조에 따른 배출허용기준을 초과하여 악취를 배출하는 시설
6. 「소음ㆍ진동관리법」 제7조 및 제21조에 따른 배출허용기준을 초과하여 소음ㆍ진동을 배출하는 시설
7. 「폐기물관리법」 제2조제8호에 따른 폐기물처리시설(규모, 용도, 기간 및 학습과 학교보건위생에 대한 영향 등을 고려하여 대통령령으로 정하는 시설은 제외한다)
8. 「가축전염병 예방법」 제11조제1항ㆍ제20조제1항ㆍ제2항에 따른 가축 사체, 제23조제1항에 따른 오염물건 및 제33조제1항에 따른 수입금지 물건의 소각ㆍ매몰지
9. 「장사 등에 관한 법률」 제2조제8호에 따른 화장시설ㆍ제9호에 따른 봉안시설 및 제13호에 따른 자연장지(같은 법 제16조제1항제1호에 따른 개인ㆍ가족자연장지와 제2호에 따른 종중ㆍ문중자연장지는 제외한다)
10. 「축산물 위생관리법」 제21조제1항제1호에 따른 도축업 시설
11. 「축산법」 제34조제1항에 따른 가축시장
12. 「영화 및 비디오물의 진흥에 관한 법률」 제2조제11호의 제한상영관
13. 「청소년 보호법」 제2조제5호가목7)에 해당하는 업소와 같은 호 가목8), 가목9) 및 나목7)에 따라 성평등가족부장관이 고시한 영업에 해당하는 업소
14. 「고압가스 안전관리법」 제2조에 따른 고압가스, 「도시가스사업법」 제2조제1호에 따른 도시가스 또는 「액화석유가스의 안전관리 및 사업법」 제2조제1호에 따른 액화석유가스의 제조, 충전 및 저장하는 시설(관계 법령에서 정한 허가 또는 신고 이하의 시설이라 하더라도 동일 건축물 내에 설치되는 각각의 시설용량의 총량이 허가 또는 신고 규모 이상이 되는 시설은 포함하되, 규모, 용도 및 학습과 학교보건위생에 대한 영향 등을 고려하여 대통령령으로 정하는 시설의 전부 또는 일부는 제외한다)
15. 「폐기물관리법」 제2조제1호에 따른 폐기물을 수집ㆍ보관ㆍ처분하는 장소(규모, 용도, 기간 및 학습과 학교보건위생에 대한 영향 등을 고려하여 대통령령으로 정하는 장소는 제외한다)
16. 「총포ㆍ도검ㆍ화약류 등의 안전관리에 관한 법률」 제2조에 따른 총포 또는 화약류의 제조소 및 저장소
17. 「감염병의 예방 및 관리에 관한 법률」 제37조제1항제2호에 따른 격리소ㆍ요양소 또는 진료소
18. 「담배사업법」에 의한 지정소매인, 그 밖에 담배[연초(煙草)나 니코틴을 원료의 전부 또는 일부로 하여 피우거나, 빨거나, 증기로 흡입하거나, 씹거나, 냄새 맡기에 적합한 상태로 제조한 것을 포함한다. 이하 이 호에서 같다]를 판매하는 자가 설치하는 담배자동판매기(「고등교육법」 제2조 각 호에 따른 학교의 교육환경보호구역은 제외한다)
19. 「게임산업진흥에 관한 법률」 제2조제6호, 제7호 또는 제8호에 따른 게임제공업, 인터넷컴퓨터게임시설제공업 및 복합유통게임제공업(「유아교육법」 제2조제2호에 따른 유치원 및 「고등교육법」 제2조 각 호에 따른 학교의 교육환경보호구역은 제외한다)
20. 「게임산업진흥에 관한 법률」 제2조제6호다목에 따라 제공되는 게임물 시설(「고등교육법」 제2조 각 호에 따른 학교의 교육환경보호구역은 제외한다)
21. 「체육시설의 설치ㆍ이용에 관한 법률」 제3조에 따른 체육시설 중 무도학원 및 무도장(「유아교육법」 제2조제2호에 따른 유치원, 「초ㆍ중등교육법」 제2조제1호에 따른 초등학교, 같은 법 제60조의3에 따라 초등학교 과정만을 운영하는 대안학교 및 「고등교육법」 제2조 각 호에 따른 학교의 교육환경보호구역은 제외한다)
22. 「한국마사회법」 제4조에 따른 경마장 및 제6조제2항에 따른 장외발매소, 「경륜ㆍ경정법」 제5조에 따른 경주장 및 제9조제2항에 따른 장외매장
23. 「사행행위 등 규제 및 처벌 특례법」 제2조제1항제2호에 따른 사행행위영업
24. 「음악산업진흥에 관한 법률」 제2조제13호에 따른 노래연습장업(「유아교육법」 제2조제2호에 따른 유치원 및 「고등교육법」 제2조 각 호에 따른 학교의 교육환경보호구역은 제외한다)
25. 「영화 및 비디오물의 진흥에 관한 법률」 제2조제16호가목 및 라목에 해당하는 비디오물감상실업 및 복합영상물제공업의 시설(「유아교육법」 제2조제2호에 따른 유치원 및 「고등교육법」 제2조 각 호에 따른 학교의 교육환경보호구역은 제외한다)
26. 「식품위생법」 제36조제1항제3호에 따른 식품접객업 중 단란주점영업 및 유흥주점영업
27. 「공중위생관리법」 제2조제1항제2호에 따른 숙박업 및 「관광진흥법」 제3조제1항제2호에 따른 관광숙박업(「국제회의산업 육성에 관한 법률」 제2조제3호에 따른 국제회의시설에 부속된 숙박시설과 규모, 용도, 기간 및 학습과 학교보건위생에 대한 영향 등을 고려하여 대통령령으로 정하는 숙박업 또는 관광숙박업은 제외한다)
28. 삭제<2021.9.24>
29. 「화학물질관리법」 제39조에 따른 사고대비물질의 취급시설 중 대통령령으로 정하는 수량 이상으로 취급하는 시설
30. 「통계법」 제22조제1항에 따라 국가데이터처장이 고시하는 한국표준산업분류에 따른 제조업 중 레미콘 제조업(시멘트와 모래, 자갈 등의 광물성 물질 혼합물에 물을 첨가하여 굳지 아니한 상태로 구매자에게 공급하는 콘크리트용 비내화 혼합물을 제조하는 산업활동)
31. 「정신건강증진 및 정신질환자 복지서비스 지원에 관한 법률」 제3조제7호에 따른 정신재활시설 중 중독자재활시설(알코올 중독, 약물 중독 또는 게임 중독 등으로 인한 정신질환자등을 치유하거나 재활을 돕는 시설)
32. 「관광진흥법」 제3조제1항제5호에 따른 카지노업
제9조(교육환경보호구역에서의 금지행위 등) 누구든지 학생의 보건ㆍ위생, 안전, 학습과 교육환경 보호를 위하여 교육환경보호구역에서는 다음 각 호의 어느 하나에 해당하는 행위 및 시설을 하여서는 아니 된다. 다만, 상대보호구역에서는 제14호부터 제27호까지 및 제29호부터 제32호까지에 규정된 행위 및 시설 중 교육감이나 교육감이 위임한 자가 지역위원회의 심의를 거쳐 학습과 교육환경에 나쁜 영향을 주지 아니한다고 인정하는 행위 및 시설은 제외한다. <개정 2017.1.17, 2017.12.19, 2019.12.3, 2020.3.24, 2021.9.24, 2024.2.6, 2024.10.22, 2025.7.22, 2025.8.14, 2025.10.1>"
P06192,,조각·패널비위임,,경우에는 대통령령으로,"① 누구든지 정보통신매체를 이용하여 특정 또는 불특정 다수인에게 원격교육을 실시하거나 다양한 정보를 제공하는 등의 평생교육을 실시할 수 있다.
② 제1항에 따라 불특정 다수인을 대상으로 학습비를 받고 교육을 실시하고자 하는 경우(「학원의 설립ㆍ운영 및 과외교습에 관한 법률」 제2조의2제1항제1호의 학교교과교습학원에 해당하는 경우는 제외한다)에는 대통령령으로 정하는 바에 따라 교육감에게 신고하여야 한다. 이를 폐쇄하고자 하는 경우에는 그 사실을 교육감에게 통보하여야 한다. <개정 2008.2.29, 2011.7.25, 2013.3.23, 2013.12.30>
③ 제1항에 따라 전문대학 또는 대학졸업자와 동등한 학력ㆍ학위가 인정되는 원격대학형태의 평생교육시설을 설치하고자 하는 경우에는 대통령령으로 정하는 바에 따라 교육부장관의 인가를 받아야 한다. 이를 폐쇄하고자 하는 경우에는 교육부장관에게 신고하여야 한다. <개정 2008.2.29, 2013.3.23>
④ 교육부장관은 제3항에 따라 인가한 원격대학형태의 평생교육시설에 대하여는 평가를 실시하고 그 결과를 공개하여야 한다. <개정 2008.2.29, 2013.3.23>
⑤ 제3항에 따른 원격대학형태의 평생교육시설의 설치기준, 학사관리 등 운영방법과 제4항에 따른 평가에 필요한 사항은 대통령령으로 정한다.
⑥ 제28조제2항 각 호의 어느 하나에 해당하는 자는 원격대학형태의 평생교육시설의 설치자가 될 수 없다.
제33조(원격대학형태의 평생교육시설)"
P06806,,조각·패널비위임,,교육부령이 정하는,"①제8조제1항의 규정에 의하여 감독청의 승인을 얻어야 하는 학교시설외의 학교시설과 「건축법」 제83조에 따라 그 축조에 관하여 「건축법」이 준용되는 옹벽등 학교시설인 공작물의 축조를 하고자 하는 자는 법 제5조의2제1항의 규정에 의하여 교육부령이 정하는 바에 의하여 신고서에 관계서류를 첨부하여 감독청에 신고하여야 한다. <개정 2001.1.29, 2003.8.21, 2008.2.29, 2008.10.29, 2013.3.23>
②감독청은 제1항의 규정에 의한 신고서를 접수한 때에는 그 신고내용을 확인한 후 신고확인증을 신고인에게 교부하여야 한다. <개정 2003.8.21, 2019.7.2>
제9조(축조 등의 신고)"
P07497,,조각·패널비위임,,사항은 대통령령으로,"① 재단은 이사회의 의결을 거쳐 교육부장관의 승인을 받아 학자금 지원 재원(財源)을 조성하기 위한 채권(債券)을 발행할 수 있다. <개정 2013.3.23>
② 교육부장관은 제1항에 따른 채권 발행을 승인하려면 미리 재정경제부장관과 협의하여야 한다. <개정 2013.3.23, 2025.10.1>
③ 삭제 <2010.1.22>
④ 삭제 <2010.1.22>
⑤ 정부는 재단이 발행하는 채권 원리금의 상환을 보증할 수 있다.
⑥ 재단이 발행하는 채권은 「자본시장과 금융투자업에 관한 법률」 제4조제3항에 따른 특수채증권으로 본다. <신설 2010.1.22>
⑦ 제1항ㆍ제2항ㆍ제5항 및 제6항에서 규정한 사항 외에 채권의 발행에 필요한 사항은 대통령령으로 정한다. <개정 2010.1.22>
제18조(채권의 발행)"
P06231,,조각·패널비위임,,대통령령으로 정하는,"① 국가 및 지방자치단체는 성인의 사회생활에 필요한 문해능력 등 기초능력을 높이기 위하여 노력하여야 한다. <개정 2023.4.18>
② 교육감은 대통령령으로 정하는 바에 따라 관할 구역 안에 있는 초ㆍ중학교에 성인을 위한 문해교육 프로그램을 설치ㆍ운영하거나 지방자치단체ㆍ법인 등이 운영하는 문해교육 프로그램을 지정할 수 있다. <개정 2014.1.28>
③ 국가 및 지방자치단체는 문해교육 프로그램을 위하여 대통령령으로 정하는 바에 따라 우선하여 재정적 지원을 할 수 있다. <개정 2014.1.28>
제39조(문해교육의 실시 등)"
P07236,,조각·패널비위임,,교육부령으로 정하는,"① 교습소를 설립ㆍ운영하려는 자는 대통령령으로 정하는 바에 따라 신고자 및 교습자의 인적사항, 교습소의 명칭 및 위치, 교습과목, 교습비등을 교습소설립ㆍ운영신고서에 기재하여 교육감에게 신고하여야 한다. 신고한 사항 중 교습자의 인적사항, 교습소의 명칭 및 위치, 교습과목, 교습비등, 그 밖에 대통령령으로 정하는 사항을 변경하려는 경우에도 또한 같다. <개정 2011.7.25>
② 교육감은 제1항에 따른 신고 또는 변경신고를 받은 날부터 8일 이내에 신고수리 여부를 신고인에게 통지하여야 한다. <신설 2018.12.18>
③ 교육감이 제2항에서 정한 기간 내에 신고수리 여부 또는 민원 처리 관련 법령에 따른 처리기간의 연장 여부를 신고인에게 통지하지 아니하면 그 기간(민원 처리 관련 법령에 따라 처리기간이 연장 또는 재연장된 경우에는 해당 처리기간을 말한다)이 끝난 날의 다음 날에 신고를 수리한 것으로 본다. <신설 2018.12.18>
④ 교육감은 제1항에 따른 신고를 수리한 경우에는 교육부령으로 정하는 바에 따라 신고증명서를 발급하여야 한다. <개정 2011.7.25, 2013.3.23, 2018.12.18>
⑤ 교습자는 제4항에 따라 발급받은 신고증명서를 교습소에 게시하여야 한다. <개정 2011.7.25, 2018.12.18>
⑥ 교습자가 제4항에 따라 발급받은 신고증명서를 잃어버리거나 그 신고증명서가 못쓰게 된 경우에는 교육부령으로 정하는 바에 따라 교육감에게 재발급을 신청하여야 한다. <개정 2011.7.25, 2013.3.23, 2018.12.18>
⑦ 교습소는 교습자 1명이 한 장소에서 1과목만을 교습하여야 한다. <개정 2011.7.25, 2018.12.18>
⑧ 교습자의 자격, 교습소의 장소ㆍ시설ㆍ설비, 학습자의 수, 그 밖에 필요한 사항은 대통령령으로 정한다. <신설 2011.7.25, 2018.12.18>
⑨ 교습자는 교습소를 폐소하거나 1개월 이상 휴소(休所)하려면 교육부령으로 정하는 바에 따라 지체 없이 교육감에게 신고하여야 한다. <신설 2011.7.25, 2013.3.23, 2018.12.18>
⑩ 제17조제2항에 따라 교습소의 폐지처분을 받은 자는 그 처분을 받은 날부터 1년 이내 또는 교습정지처분을 받은 자는 그 정지 기간이 지나지 아니한 경우에는 교육부령으로 정하는 바에 따라 같은 종류의 교습소를 신고할 수 없다. <신설 2011.7.25, 2013.3.23, 2016.5.29, 2018.12.18>
⑪ 교육감은 교습자가 「부가가치세법」 제8조에 따라 관할 세무서장에게 폐업신고를 하거나 관할 세무서장이 사업자등록을 말소한 경우에는 신고 사항을 직권으로 말소할 수 있다. <신설 2017.12.19, 2018.12.18>
⑫ 교육감은 제11항의 직권말소를 위하여 필요한 경우 관할 세무서장에게 교습자의 폐업여부에 대한 정보 제공을 요청할 수 있다. 이 경우 요청을 받은 관할 세무서장은 「전자정부법」 제36조제1항에 따라 교습자의 폐업여부에 대한 정보를 제공하여야 한다. <신설 2017.12.19, 2018.12.18>
⑬ 교습자는 제17조제2항에 따른 행정처분 기간과 그 처분을 위한 절차가 진행 중인 기간(「행정절차법」 제21조에 따른 처분의 사전 통지 시점부터 처분이 확정되기 전까지의 기간을 말한다) 중에는 제9항에 따른 폐소신고를 할 수 없다. <신설 2023.4.18>
제14조(교습소 설립ㆍ운영의 신고 등)"
P05124,,조각·패널비위임,,교육부령으로 정하는,"① 원천공제의무자의 사업장 소재지 관할 세무서장은 법 제24조제1항에 따라 근로소득자의 대출원리금 상환을 위하여 채무자와 원천공제의무자에게 원천공제금액을 통지하는 경우 다음 각 호의 기한 이내에 교육부령으로 정하는 원천공제통지서에 의하여 이를 통지하여야 한다. <개정 2013.3.23, 2016.7.19>
1. 연말정산 신고: 신고연도의 6월 30일
2. 대출원리금을 결정 또는 경정하는 경우: 그 결정일 또는 경정일부터 15일 이내
3. 채무자가 이직을 한 경우: 다음 각 목에 따른 날 중 먼저 도래하는 날. 다만, 다음 각 목에 따른 날이 같은 경우에는 그 날로 한다.
가. 채무자가 이직신고를 한 날이 속하는 달의 다음 달 말일
나. 원천공제의무자의 사업장 소재지 관할 세무서장이 채무자의 이직 사실을 알게 된 날이 속하는 달의 다음 달 말일
② 제1항에 따른 원천공제통지서에는 다음 각 호의 사항이 포함되어야 한다. <개정 2013.3.23>
1. 매년 근로소득의 변동에 연계하여 의무상환액을 상환하여야 한다는 사실
2. 채무자가 퇴직 또는 이직하는 경우 그 사실의 신고의무
3. 퇴직소득이 발생하는 경우 퇴직소득에 따른 의무상환액의 상환의무
4. 원천공제의무자가 상환원리금의 원천공제를 한다는 사실
5. 그 밖에 대출원리금의 원천공제를 위하여 교육부장관이 정하는 사항
③법 제24조제2항에 따라 원천공제의무자가 매월 납부하여야 하는 금액은 법 제18조제2항에 따라 근로소득금액 또는 연금소득금액에 기초하여 산정되는 의무상환액을 12개월로 나눈 금액으로 하되, 채무자의 이직 등으로 해당 원천공제기간 중에 직장이 변경되는 경우에는 변경 후 원천공제의무자는 다음 계산식에 따른 금액을 원천공제한다. <개정 2016.7.19>월별 원천공제금액 = (근로소득 또는 연금소득의 연간 의무상환액 - 이미 납부한 의무상환액)/해당 원천공제기간의 남은 기간 월 수
④ 원천공제의무자는 제1항에 따른 원천공제통지서를 받은 날이 속하는 달의 다음 달 급여지급분부터 원천공제한다.
⑤ 제3항 및 제4항에도 불구하고 제1항제2호의 경우에는 교육부령으로 정하는 바에 따라 의무상환액을 통지받은 달의 다음 달 급여지급분에서 무납부 또는 과소납부한 의무상환액을 원천공제하여야 한다. <개정 2013.3.23>
⑥ 원천공제의무자가 법 제24조제2항에 따라 원천공제한 의무상환액의 납부지는 「소득세법」 제7조 및 「법인세법」 제9조를 준용한다. 다만, 법인이 지점ㆍ영업소, 그 밖의 사업장에서 지급하는 소득에 대한 원천공제금액을 본점등에서 전자계산조직 등을 통하여 일괄계산하는 경우로서 「법인세법」 제9조에 따라 일괄납부승인을 받은 사업자는 본점등에서 일괄하여 납부할 수 있으며, 이 경우 원천공제한 의무상환액은 교육부령으로 정하는 납부서를 첨부하여 교육부장관이 정하는 수납기관에 납부하여야 한다. <개정 2013.3.23>
⑦ 법 제24조제3항에서 ""대통령령으로 정하는 귀책사유""란 채무자가 본인의 근로소득에서 원천공제의무자가 의무상환액을 공제한 사실을 입증하지 못하는 경우와 그 밖에 이에 준하는 사유로서 교육부령으로 정하는 경우를 말한다. <개정 2013.3.23>
⑧ 법 제24조제4항에서 ""퇴직 등 대통령령으로 정하는 사유로 원천공제의무자가 없는 경우""란 채무자의 이직ㆍ퇴직, 원천공제의무자의 폐업 등으로 원천공제의무자가 없는 경우를 말한다.
⑨ 법 제24조제4항에 따라 채무자가 의무상환액을 직접 납부하는 경우 제3항에 따른 해당 원천공제기간 종료일까지 교육부령으로 정하는 납부서를 첨부하여 교육부장관이 정하는 수납기관에 납부하여야 한다. <개정 2013.3.23>
⑩ 제3항 및 제4항에 따라 원천공제를 하는 경우 공제하여야 할 의무상환액이 지급할 근로소득 또는 연금소득의 금액을 초과할 때에는 그 초과하는 금액은 그 다음 달의 근로소득 또는 연금소득을 지급할 때에 원천공제한다.
⑪ 제1항부터 제10항까지에서 규정한 사항 외에 대출원리금의 원천공제와 관련하여 필요한 사항은 교육부령으로 정한다. <개정 2013.3.23>
제21조(근로소득이 있는 채무자에 대한 대출원리금 원천공제)"
P03010,,조각·패널비위임,,공인자격관리자가 대통령령으로,"①공인기간 내에 취득한 공인자격은 공인기간의 만료와 관계없이 공인자격으로서의 효력을 가진다. 다만, 공인자격의 유효기간이 만료된 때에는 그러하지 아니하다. <개정 2021.3.23>
②제19조에 따른 민간자격의 공인을 받기 전에 취득한 민간자격은 공인자격으로서의 효력이 없다. 다만, 공인자격관리자가 대통령령으로 정하는 바에 따라 주무부장관의 승인을 받아 시행하는 자격검정에 합격한 사람 또는 대통령령으로 정하는 바에 따라 교육훈련과정을 마친 사람의 경우에는 그러하지 아니하다. <개정 2013.4.5>
제21조(공인자격의 효력)"
P00592,,조각·패널비위임,,사항은 대통령령으로,"① 교육공무원으로 20년 이상 근속한 사람이 정년 전에 스스로 퇴직하는 경우에는 예산의 범위에서 명예퇴직수당을 지급할 수 있다.
② 제1항에 따른 교육공무원 중 교장ㆍ원장이 임기가 끝나기 전에 스스로 퇴직하는 경우 그 정년은 제47조에 따른 연령으로 본다. <개정 2012.3.21>
③ 제1항의 명예퇴직수당의 지급대상 범위, 지급액 및 지급절차와 그 밖에 필요한 사항은 대통령령으로 정한다.
제36조(명예퇴직)"
P06150,,조각·패널비위임,,사항은 대통령령으로,"① 학교형태의 평생교육시설을 설치ㆍ운영하고자 하는 자는 대통령령으로 정하는 시설ㆍ설비를 갖추어 교육감에게 등록하여야 한다.
② 교육감은 제1항에 따른 학교형태의 평생교육시설 중 일정 기준 이상의 요건을 갖춘 평생교육시설에 대하여는 이를 고등학교졸업 이하의 학력이 인정되는 시설로 지정할 수 있다. 다만, 제6항에 따라 지방자치단체로부터 지원받은 보조금을 목적 외 사용, 부당집행하였을 경우에는 그 지정을 취소할 수 있다. <개정 2015.3.27>
③ 제2항에 따른 학력인정 평생교육시설에는 「초ㆍ중등교육법」 제19조제1항의 교원을 둘 수 있고, 제4항에 따른 학력ㆍ학위 인정 평생교육시설에는 「고등교육법」 제14조제2항의 교원을 둘 수 있다. 이 경우 교원의 복무ㆍ국내연수와 재교육에 관하여는 국ㆍ공립학교의 교원에 관한 규정을 준용한다. <개정 2025.11.11>
④「초ㆍ중등교육법」제54조제4항에 따라 전공과를 설치ㆍ운영하는 고등기술학교는 교육부장관의 인가를 받아 전문대학졸업자와 동등한 학력ㆍ학위가 인정되는 평생교육시설로 전환ㆍ운영할 수 있다. 이 경우 전공대학의 명칭을 사용할 수 있다. <개정 2013.3.23>
⑤ 제2항에 따른 학력인정 평생교육시설의 지정 및 지정취소 기준ㆍ절차, 입학자격, 교원자격 등과 제4항에 따른 학력ㆍ학위 인정 평생교육시설의 인가 기준ㆍ절차, 학사관리 등의 운영 방법 등에 필요한 사항은 대통령령으로 정한다. <개정 2015.3.27, 2025.11.11>
⑥ 지방자치단체는 해당 지방자치단체의 조례로 정하는 바에 따라 예산의 범위 내에서 「초ㆍ중등교육법」 제2조의 학교에 준하여 제2항에 따른 학력인정 평생교육시설에 필요한 보조금을 교부하거나 그 밖의 지원을 할 수 있다. <개정 2015.3.27>
⑦ 제2항에 따른 학력인정 평생교육시설 또는 제4항에 따른 학력ㆍ학위 인정 평생교육시설로 지정 또는 인가를 받은 자가 그 시설을 폐쇄하고자 하는 때에는 재학생 보호방안 등 대통령령으로 정하는 사항을 갖추어 교육부장관 또는 시ㆍ도교육감의 인가를 받아야 한다. <개정 2023.4.18, 2025.11.11>
⑧ 제2항에 따른 학력인정 평생교육시설의 재산관리, 회계 및 교원 등의 신규채용에 관한 사항은 각각 「사립학교법」 제28조, 제29조 및 제53조의2제10항을 준용하고, 장학지도 및 학생의 학교생활기록 관리는 각각 「초ㆍ중등교육법」 제7조 및 제25조제1항을 준용하며, 보건ㆍ위생ㆍ학습환경 등에 관한 사항은 각각 「학교보건법」 제4조, 제9조, 제9조의2 및 제12조를 준용한다. 다만, 교비회계에 속하는 예산ㆍ결산 및 회계 업무는 교육부령으로 정하는 방식으로 처리하여야 한다. <신설 2015.3.27, 2023.4.18>
제31조(학교형태의 평생교육시설)"
P05041,,조각·패널비위임,,사항은 대통령령으로,"① 채무자는 수시로 대출금의 원금과 이자를 상환할 수 있다.
② 제1항에도 불구하고 채무자의 연간소득금액이 상환기준소득을 초과하는 경우에는 연간소득금액에서 상환기준소득을 차감한 금액에 100분의 20에서 100분의 40 사이에서 채무자의 학위 과정별 학자금 대출기간과 대출금액 등을 고려하여 대통령령으로 정하는 비율(이하 ""상환율""이라 한다)을 곱하여 산정한 금액(이하 ""의무상환액""이라 하며, 계산한 금액이 대통령령으로 정하는 최소부담의무상환액에 미달하는 경우에는 최소부담의무상환액을 말한다)을 상환하여야 한다. 다만, 퇴직소득에 대하여는 퇴직소득금액에 상환율을 곱하여 산정한 금액을 상환하여야 한다. <개정 2021.6.8, 2023.12.26>
③ 제2항에도 불구하고 채무자에게 「상속세 및 증여세법」에 따른 상속재산가액(같은 법 제13조제1항 각 호의 금액은 포함하지 아니한다) 또는 증여재산가액(같은 법 제45조의2의 금액 및 같은 법 제47조제2항의 금액은 포함하지 아니한다)이 있는 경우에는 대통령령으로 정하는 바에 따라 상속세 과세표준(채무자의 상속지분에 상당하는 과세표준 가액을 말한다) 또는 증여세 과세표준에 상환율을 곱하여 산정한 금액을 상환하여야 한다.
④ 제2항을 적용하는 경우 소득의 범위는 「소득세법」 제4조제1항 각 호의 소득으로 한다. 다만, 같은 법 제14조제3항에 따라 종합소득금액에 포함되지 아니하는 금액은 제외한다. <개정 2021.3.23>
⑤ 상환기준소득은 교육부장관이 「국민기초생활 보장법」 제2조제11호에 따른 기준 중위소득 및 물가상승률 등을 고려하여 매년 고시한다. <개정 2013.3.23, 2016.5.29, 2021.3.23>
⑥ 제2항과 제3항의 상환율은 취업 후 상환 학자금대출제도의 건전한 운용을 위하여 학자금 대출사업에 따른 재정 부담 및 재정 전망, 대출원리금 상환실적, 평균 상환기간 등을 고려하여 그 상환율의 100분의 50의 범위에서 대통령령으로 조정할 수 있다. <개정 2021.3.23>
⑦ 제2항에도 불구하고 다음 각 호의 어느 하나에 해당하는 채무자가 「소득세법」 제19조제2항에 따른 사업소득금액과 같은 법 제20조제2항에 따른 근로소득금액으로 인하여 제2항에 따른 상환의무를 부담하는 경우에는 대통령령으로 정하는 바에 따라 신청을 받아 그 상환을 유예할 수 있다. 다만, 제2호부터 제5호까지는 경제적 사정이 곤란한 경우에 한정하며, 그 기준은 제4항에서 규정한 소득의 범위에서 「소득세법」 제19조제2항에 따른 사업소득금액과 같은 법 제20조제2항에 따른 근로소득금액을 제외한 소득을 고려하여 대통령령으로 정한다. <신설 2015.6.22, 2018.3.13, 2018.12.31, 2020.12.22, 2023.12.26>
1. 대학생
2. 「부가가치세법」 제8조제8항에 따른 폐업을 신고한 자
3. 「근로기준법」 제2조제1항제1호에 따른 근로자로서 근무한 후 실직한 자나 「국가공무원법」 제2조 또는 「지방공무원법」 제2조에 따른 공무원으로서 재직한 후 퇴직한 자
4. 「남녀고용평등과 일ㆍ가정 양립 지원에 관한 법률」 제19조, 「국가공무원법」 제71조제2항제4호 또는 「지방공무원법」 제63조제2항제4호에 따라 육아휴직을 한 자
5. 「재난 및 안전관리 기본법」 제3조제1호에 따른 재난으로 인하여 같은 법 제36조에 따라 재난사태가 선포되거나 같은 법 제60조에 따라 특별재난지역으로 선포된 지역의 거주자
⑧ 제2항에도 불구하고 다음 각 호의 소득금액이 있는 채무자의 의무상환액은 제2항에 따라 계산한 의무상환액에서 채무자가 해당 소득 귀속연도에 제1항에 따라 상환한 금액(제39조제6항에 따라 반환한 금액은 제외한다)을 차감한 금액으로 할 수 있다. 이 경우 차감할 금액은 다음 각 호의 소득금액에 대하여 제2항에 따라 계산한 의무상환액을 한도로 한다. <신설 2018.3.13>
1. 「소득세법」 제19조제2항에 따른 사업소득금액
2. 「소득세법」 제20조제2항에 따른 근로소득금액
⑨ 의무상환액의 계산 및 그 밖에 상환에 관하여 필요한 사항은 대통령령으로 정한다. <개정 2015.6.22, 2018.3.13>
제18조(대출원리금의 상환원칙)"
P07308,,조각·패널비위임,,교육부령으로 정하는 봉사활동에,"① 법 제2조제4호다목에서 ""대통령령으로 정하는 봉사활동에 속하는 교습행위""란 다음 각 호의 어느 하나에 해당하는 교습행위를 말한다. <개정 2013.3.23>
1. 근로청소년에 대한 교습행위
2. 장애인의 재활을 위한 교습행위
3. 그 밖에 교육부령으로 정하는 봉사활동에 속하는 교습행위
제3조(과외교습에 해당하지 아니하는 교습행위)"
P01722,,조각·패널비위임,,사항은 대통령령으로,"① 산업교육기관은 다음 각 호의 어느 하나의 경우에는 국가, 지방자치단체 또는 산업체등과의 계약에 의하여 권역별로, 산업교육기관간 또는 산업교육기관별로 직업교육훈련 과정 또는 학과 등을 설치ㆍ운영할 수 있다. 이 경우 새로운 학과ㆍ학부를 설치할 필요가 있는 때에는 그에 앞서 이미 설치되어 있는 학과ㆍ학부나 유사한 학과ㆍ학부를 우선 활용하여야 한다. <개정 2017.11.28>
1. 국가, 지방자치단체 또는 산업체등이 채용을 조건으로 학자금 지원계약을 체결하고, 특별한 교육과정의 운영을 요구하는 경우
2. 국가, 지방자치단체 또는 산업체등이 그 소속 직원의 재교육이나 직무능력 향상 또는 전직(轉職) 교육을 위하여 그 경비의 전부 또는 일부를 부담하면서 교육을 의뢰하는 경우
3. 국가, 지방자치단체 또는 산업체등이 산업사회의 요구에 부응하는 인력 양성을 위하여 학생 선발기준의 공동 마련, 교육과정ㆍ교재의 공동개발 및 산업체등 인사의 교육 참여 등을 통한 교육과정의 운영을 요구하는 경우
② 산업교육기관의 장은 제1항에 따라 계약에 의한 학과 및 학부(이하 ""계약학과등""이라 한다)를 설치ㆍ운영하는 경우 대통령령으로 정하는 바에 따라 그 설치ㆍ운영계획을 교육부장관에게 신고하여야 한다. <신설 2015.3.27>
③ 산업교육기관의 장은 계약학과등을 폐지하는 경우 대통령령으로 정하는 바에 따라 그 폐지계획을 교육부장관에게 신고하여야 한다. <신설 2015.3.27>
④ 산업교육기관과 산업체등은 제1항 각 호의 계약학과등의 설치기준을 지켜야 한다. <신설 2015.3.27, 2022.12.13>
⑤ 국가와 지방자치단체는 제1항에 따른 직업교육훈련과정 등의 설치ㆍ운영에 필요한 비용의 전부 또는 일부를 지원할 수 있다. <신설 2017.11.28>
⑥ 제1항에 따른 직업교육훈련과정 등의 설치ㆍ운영 및 학생선발방법, 정원, 납부금, 제5항에 따른 비용 지원 등에 필요한 사항은 대통령령으로 정한다. <개정 2015.3.27, 2017.11.28>
제8조(계약에 의한 직업교육훈련과정 등의 설치ㆍ운영)"
P06181,,조각·패널비위임,,사항은 대통령령으로,"① 다음 각 호의 어느 하나에 해당하는 자는 교육부장관의 인가를 받아 전문대학 또는 대학졸업자와 동등한 학력ㆍ학위가 인정되는 평생교육시설을 설치ㆍ운영하거나 「고등교육법」 제2조에 따른 학교에 위탁하여 운영할 수 있다. <개정 2008.2.29, 2009.5.8, 2013.3.23, 2023.4.18>
1. 대통령령으로 정하는 규모 이상의 사업장(공동으로 참여하는 사업장도 포함한다)의 경영자
2. 「산업입지 및 개발에 관한 법률」에 따라 설립된 산업단지 입주기업의 연합체(이하 ""산업단지 기업연합체""라 한다). 이 경우 산업단지 기업연합체는 제1호에서 대통령령으로 정하는 규모 이상이어야 한다.
3. 「산업발전법」 제12조제2항에 따라 구성된 산업부문별 인적자원개발협의체(이하 ""산업별 협의체""라 한다). 이 경우 산업별 협의체는 제1호에서 대통령령으로 정하는 규모 이상이어야 한다.
② 제1항에 따른 사내대학형태의 평생교육시설은 다음 각 호의 어느 하나에 해당하는 사람을 대상으로 한다. <개정 2013.12.30, 2023.4.18>
1. 해당 사업장 또는 산업단지 기업연합체에 속한 사업장에 고용된 종업원
2. 해당 사업장 또는 산업단지 기업연합체에 속한 사업장에서 일하는 다른 업체의 종업원
3. 해당 사업장 또는 산업단지 기업연합체에 속한 사업장과 하도급 관계에 있는 업체 또는 부품ㆍ재료 공급 등을 통하여 해당 사업장 또는 산업단지 기업연합체에 속한 사업장과 협력관계에 있는 업체의 종업원
4. 해당 사업장 또는 산업단지 기업연합체에 속한 사업장과 동종 업종 또는 관련 분야에 속하는 업체의 종업원
5. 산업별 협의체의 해당 업종 또는 관련 분야에 속하는 업체의 종업원
③ 제1항에 따른 사내대학형태의 평생교육시설에서의 교육에 필요한 비용은 제2항 각 호에 해당하는 사람을 고용한 고용주가 부담하는 것을 원칙으로 한다. <신설 2013.12.30>
④ 제1항에 따른 사내대학형태의 평생교육시설의 설치기준ㆍ학점제등 운영에 필요한 사항은 대통령령으로 정한다. <개정 2013.12.30>
⑤ 제1항에 따른 사내대학형태의 평생교육시설을 폐쇄하고자 하는 경우에는 재학생 보호방안 등 대통령령으로 정하는 사항을 갖추어 교육부장관에게 신고하여야 한다. <개정 2008.2.29, 2013.3.23, 2013.12.30, 2023.4.18>
제32조(사내대학형태의 평생교육시설)"
P00904,,조각·패널비위임,,국가데이터처장이 고시하는 한국표준산업분류에 따른 제조업 중 레미콘 제조업,"1. 「대기환경보전법」 제16조제1항에 따른 배출허용기준을 초과하여 대기오염물질을 배출하는 시설
2. 「물환경보전법」 제32조제1항에 따른 배출허용기준을 초과하여 수질오염물질을 배출하는 시설과 제48조에 따른 폐수종말처리시설
3. 「가축분뇨의 관리 및 이용에 관한 법률」 제11조에 따른 배출시설, 제12조에 따른 처리시설 및 제24조에 따른 공공처리시설
4. 「하수도법」 제2조제11호에 따른 분뇨처리시설
5. 「악취방지법」 제7조에 따른 배출허용기준을 초과하여 악취를 배출하는 시설
6. 「소음ㆍ진동관리법」 제7조 및 제21조에 따른 배출허용기준을 초과하여 소음ㆍ진동을 배출하는 시설
7. 「폐기물관리법」 제2조제8호에 따른 폐기물처리시설(규모, 용도, 기간 및 학습과 학교보건위생에 대한 영향 등을 고려하여 대통령령으로 정하는 시설은 제외한다)
8. 「가축전염병 예방법」 제11조제1항ㆍ제20조제1항ㆍ제2항에 따른 가축 사체, 제23조제1항에 따른 오염물건 및 제33조제1항에 따른 수입금지 물건의 소각ㆍ매몰지
9. 「장사 등에 관한 법률」 제2조제8호에 따른 화장시설ㆍ제9호에 따른 봉안시설 및 제13호에 따른 자연장지(같은 법 제16조제1항제1호에 따른 개인ㆍ가족자연장지와 제2호에 따른 종중ㆍ문중자연장지는 제외한다)
10. 「축산물 위생관리법」 제21조제1항제1호에 따른 도축업 시설
11. 「축산법」 제34조제1항에 따른 가축시장
12. 「영화 및 비디오물의 진흥에 관한 법률」 제2조제11호의 제한상영관
13. 「청소년 보호법」 제2조제5호가목7)에 해당하는 업소와 같은 호 가목8), 가목9) 및 나목7)에 따라 성평등가족부장관이 고시한 영업에 해당하는 업소
14. 「고압가스 안전관리법」 제2조에 따른 고압가스, 「도시가스사업법」 제2조제1호에 따른 도시가스 또는 「액화석유가스의 안전관리 및 사업법」 제2조제1호에 따른 액화석유가스의 제조, 충전 및 저장하는 시설(관계 법령에서 정한 허가 또는 신고 이하의 시설이라 하더라도 동일 건축물 내에 설치되는 각각의 시설용량의 총량이 허가 또는 신고 규모 이상이 되는 시설은 포함하되, 규모, 용도 및 학습과 학교보건위생에 대한 영향 등을 고려하여 대통령령으로 정하는 시설의 전부 또는 일부는 제외한다)
15. 「폐기물관리법」 제2조제1호에 따른 폐기물을 수집ㆍ보관ㆍ처분하는 장소(규모, 용도, 기간 및 학습과 학교보건위생에 대한 영향 등을 고려하여 대통령령으로 정하는 장소는 제외한다)
16. 「총포ㆍ도검ㆍ화약류 등의 안전관리에 관한 법률」 제2조에 따른 총포 또는 화약류의 제조소 및 저장소
17. 「감염병의 예방 및 관리에 관한 법률」 제37조제1항제2호에 따른 격리소ㆍ요양소 또는 진료소
18. 「담배사업법」에 의한 지정소매인, 그 밖에 담배[연초(煙草)나 니코틴을 원료의 전부 또는 일부로 하여 피우거나, 빨거나, 증기로 흡입하거나, 씹거나, 냄새 맡기에 적합한 상태로 제조한 것을 포함한다. 이하 이 호에서 같다]를 판매하는 자가 설치하는 담배자동판매기(「고등교육법」 제2조 각 호에 따른 학교의 교육환경보호구역은 제외한다)
19. 「게임산업진흥에 관한 법률」 제2조제6호, 제7호 또는 제8호에 따른 게임제공업, 인터넷컴퓨터게임시설제공업 및 복합유통게임제공업(「유아교육법」 제2조제2호에 따른 유치원 및 「고등교육법」 제2조 각 호에 따른 학교의 교육환경보호구역은 제외한다)
20. 「게임산업진흥에 관한 법률」 제2조제6호다목에 따라 제공되는 게임물 시설(「고등교육법」 제2조 각 호에 따른 학교의 교육환경보호구역은 제외한다)
21. 「체육시설의 설치ㆍ이용에 관한 법률」 제3조에 따른 체육시설 중 무도학원 및 무도장(「유아교육법」 제2조제2호에 따른 유치원, 「초ㆍ중등교육법」 제2조제1호에 따른 초등학교, 같은 법 제60조의3에 따라 초등학교 과정만을 운영하는 대안학교 및 「고등교육법」 제2조 각 호에 따른 학교의 교육환경보호구역은 제외한다)
22. 「한국마사회법」 제4조에 따른 경마장 및 제6조제2항에 따른 장외발매소, 「경륜ㆍ경정법」 제5조에 따른 경주장 및 제9조제2항에 따른 장외매장
23. 「사행행위 등 규제 및 처벌 특례법」 제2조제1항제2호에 따른 사행행위영업
24. 「음악산업진흥에 관한 법률」 제2조제13호에 따른 노래연습장업(「유아교육법」 제2조제2호에 따른 유치원 및 「고등교육법」 제2조 각 호에 따른 학교의 교육환경보호구역은 제외한다)
25. 「영화 및 비디오물의 진흥에 관한 법률」 제2조제16호가목 및 라목에 해당하는 비디오물감상실업 및 복합영상물제공업의 시설(「유아교육법」 제2조제2호에 따른 유치원 및 「고등교육법」 제2조 각 호에 따른 학교의 교육환경보호구역은 제외한다)
26. 「식품위생법」 제36조제1항제3호에 따른 식품접객업 중 단란주점영업 및 유흥주점영업
27. 「공중위생관리법」 제2조제1항제2호에 따른 숙박업 및 「관광진흥법」 제3조제1항제2호에 따른 관광숙박업(「국제회의산업 육성에 관한 법률」 제2조제3호에 따른 국제회의시설에 부속된 숙박시설과 규모, 용도, 기간 및 학습과 학교보건위생에 대한 영향 등을 고려하여 대통령령으로 정하는 숙박업 또는 관광숙박업은 제외한다)
28. 삭제<2021.9.24>
29. 「화학물질관리법」 제39조에 따른 사고대비물질의 취급시설 중 대통령령으로 정하는 수량 이상으로 취급하는 시설
30. 「통계법」 제22조제1항에 따라 국가데이터처장이 고시하는 한국표준산업분류에 따른 제조업 중 레미콘 제조업(시멘트와 모래, 자갈 등의 광물성 물질 혼합물에 물을 첨가하여 굳지 아니한 상태로 구매자에게 공급하는 콘크리트용 비내화 혼합물을 제조하는 산업활동)
31. 「정신건강증진 및 정신질환자 복지서비스 지원에 관한 법률」 제3조제7호에 따른 정신재활시설 중 중독자재활시설(알코올 중독, 약물 중독 또는 게임 중독 등으로 인한 정신질환자등을 치유하거나 재활을 돕는 시설)
32. 「관광진흥법」 제3조제1항제5호에 따른 카지노업
제9조(교육환경보호구역에서의 금지행위 등) 누구든지 학생의 보건ㆍ위생, 안전, 학습과 교육환경 보호를 위하여 교육환경보호구역에서는 다음 각 호의 어느 하나에 해당하는 행위 및 시설을 하여서는 아니 된다. 다만, 상대보호구역에서는 제14호부터 제27호까지 및 제29호부터 제32호까지에 규정된 행위 및 시설 중 교육감이나 교육감이 위임한 자가 지역위원회의 심의를 거쳐 학습과 교육환경에 나쁜 영향을 주지 아니한다고 인정하는 행위 및 시설은 제외한다. <개정 2017.1.17, 2017.12.19, 2019.12.3, 2020.3.24, 2021.9.24, 2024.2.6, 2024.10.22, 2025.7.22, 2025.8.14, 2025.10.1>"
P00853,,조각·패널비위임,,대통령령으로 정하는,"① 제21조를 위반하여 감독기관의 장의 시정명령을 이행하지 않은 자는 2천만원 이하의 과태료를 부과한다.
② 다음 각 호의 어느 하나에 해당하는 자는 1천만원 이하의 과태료를 부과한다.
1. 제9조에 따른 교육시설 관리실태 등의 평가ㆍ점검을 특별한 이유 없이 거부ㆍ방해 또는 기피한 자
2. 제19조제1항을 위반하여 안전성평가를 실시하지 아니한 자
3. 제24조제2항에 따른 교육시설안전사고 조사를 특별한 사유 없이 거부ㆍ방해 또는 기피한 자
③ 다음 각 호의 어느 하나에 해당하는 자는 500만원 이하의 과태료를 부과한다.
1. 제13조제2항 및 제14조제2항을 위반하여 감독기관의 장에게 결과보고서를 제출하지 아니한 자
2. 제16조제2항을 위반하여 특별한 사유 없이 자료를 제출하지 아니한 자
3. 제19조제2항을 위반하여 안전성평가 결과를 보고하지 아니하거나 거짓으로 보고한 자
4. 제24조제1항을 위반하여 교육시설안전사고 보고를 하지 아니하거나 거짓으로 보고한 자
5. 제47조를 위반하여 한국교육시설안전원 또는 이와 유사한 명칭을 사용한 자
④ 제1항부터 제3항까지에 따른 과태료는 대통령령으로 정하는 바에 따라 감독기관의 장이 부과ㆍ징수한다.
제54조(과태료)"
P06799,,조각·패널비위임,,대통령령,"① 제4조제1항 본문 또는 제2항에 따라 시행계획의 승인 또는 변경승인을 받은 자는 학교시설의 건축등을 하려면 「건축법」 제11조 및 제14조에도 불구하고 대통령령으로 정하는 바에 따라 감독청의 승인을 받거나 감독청에 신고하여야 한다. 제4조제1항 단서에 따라 학교시설의 건축등을 하려는 경우에도 또한 같다. <개정 2008.3.21>
② 감독청은 제1항에 따른 신고를 받은 경우 그 내용을 검토하여 이 법에 적합하면 신고를 수리하여야 한다. <신설 2020.12.22>
③ 감독청은 제1항에 따라 승인을 하거나 제2항에 따라 신고를 수리하면 이에 관한 사항을 해당 특별자치시장ㆍ특별자치도지사ㆍ시장ㆍ군수ㆍ구청장(구청장은 자치구의 구청장을 말하며, 이하 ""시장ㆍ군수ㆍ구청장""이라 한다)에게 통보하여야 한다. <개정 2020.12.22>
④ 국가나 지방자치단체는 학교시설의 건축등을 하려면 「건축법」 제29조제1항에도 불구하고 이에 관한 사항을 해당 시장ㆍ군수ㆍ구청장에게 통보하여야 한다. <개정 2008.3.21, 2020.12.22>
⑤ 제3항이나 제4항에 따라 국가ㆍ지방자치단체 또는 감독청이 학교시설의 건축등에 관한 사항을 시장ㆍ군수ㆍ구청장에게 통보한 경우에는 「건축법」 제11조 또는 제14조에 따른 건축허가 또는 건축신고가 있거나 「건축법」 제29조제1항에 따라 시장ㆍ군수ㆍ구청장과 협의한 것으로 본다. 학교시설사업을 시행하려는 자가 이미 학교시설사업을 마친 학교시설사업의 시행지 안에서 학교시설을 건축하려는 경우에는 제3항이나 제4항에 따른 통보가 있으면 「개발제한구역의 지정 및 관리에 관한 특별조치법」 제12조제1항 단서에 따른 개발제한구역에서의 건축물의 건축허가가 있었던 것으로 본다. <개정 2008.3.21, 2020.12.22, 2025.11.11>
⑥ 제5항에 따라 건축허가 또는 건축신고가 있거나 협의한 것으로 보는 학교시설에 대해서는 「건축법」 제16조, 제17조, 제20조제1항ㆍ제2항 및 제3항(한시적 학교시설인 임시교사 축조의 경우를 포함한다), 제21조제1항, 제25조, 제27조, 제79조 및 「건축물관리법」 제30조에도 불구하고 감독청이 그 규정에 따른 허가 등을 한다. <개정 2008.3.21, 2020.12.22, 2023.4.18>
⑦ 감독청은 제1항부터 제3항까지의 규정에 따라 승인을 하거나 신고를 수리한 학교시설에 대하여 이 법, 「건축법」 및 「건축물관리법」을 위반하였는지 조사하여 필요하다고 인정하는 경우에는 시정에 필요한 조치를 명하고, 그 결과를 시장ㆍ군수ㆍ구청장에게 통보하여야 한다. <개정 2020.12.22>
제5조의2(학교시설의 건축등)"
P06152,,조각·패널비위임,,사항은 대통령령으로,"① 학교형태의 평생교육시설을 설치ㆍ운영하고자 하는 자는 대통령령으로 정하는 시설ㆍ설비를 갖추어 교육감에게 등록하여야 한다.
② 교육감은 제1항에 따른 학교형태의 평생교육시설 중 일정 기준 이상의 요건을 갖춘 평생교육시설에 대하여는 이를 고등학교졸업 이하의 학력이 인정되는 시설로 지정할 수 있다. 다만, 제6항에 따라 지방자치단체로부터 지원받은 보조금을 목적 외 사용, 부당집행하였을 경우에는 그 지정을 취소할 수 있다. <개정 2015.3.27>
③ 제2항에 따른 학력인정 평생교육시설에는 「초ㆍ중등교육법」 제19조제1항의 교원을 둘 수 있고, 제4항에 따른 학력ㆍ학위 인정 평생교육시설에는 「고등교육법」 제14조제2항의 교원을 둘 수 있다. 이 경우 교원의 복무ㆍ국내연수와 재교육에 관하여는 국ㆍ공립학교의 교원에 관한 규정을 준용한다. <개정 2025.11.11>
④「초ㆍ중등교육법」제54조제4항에 따라 전공과를 설치ㆍ운영하는 고등기술학교는 교육부장관의 인가를 받아 전문대학졸업자와 동등한 학력ㆍ학위가 인정되는 평생교육시설로 전환ㆍ운영할 수 있다. 이 경우 전공대학의 명칭을 사용할 수 있다. <개정 2013.3.23>
⑤ 제2항에 따른 학력인정 평생교육시설의 지정 및 지정취소 기준ㆍ절차, 입학자격, 교원자격 등과 제4항에 따른 학력ㆍ학위 인정 평생교육시설의 인가 기준ㆍ절차, 학사관리 등의 운영 방법 등에 필요한 사항은 대통령령으로 정한다. <개정 2015.3.27, 2025.11.11>
⑥ 지방자치단체는 해당 지방자치단체의 조례로 정하는 바에 따라 예산의 범위 내에서 「초ㆍ중등교육법」 제2조의 학교에 준하여 제2항에 따른 학력인정 평생교육시설에 필요한 보조금을 교부하거나 그 밖의 지원을 할 수 있다. <개정 2015.3.27>
⑦ 제2항에 따른 학력인정 평생교육시설 또는 제4항에 따른 학력ㆍ학위 인정 평생교육시설로 지정 또는 인가를 받은 자가 그 시설을 폐쇄하고자 하는 때에는 재학생 보호방안 등 대통령령으로 정하는 사항을 갖추어 교육부장관 또는 시ㆍ도교육감의 인가를 받아야 한다. <개정 2023.4.18, 2025.11.11>
⑧ 제2항에 따른 학력인정 평생교육시설의 재산관리, 회계 및 교원 등의 신규채용에 관한 사항은 각각 「사립학교법」 제28조, 제29조 및 제53조의2제10항을 준용하고, 장학지도 및 학생의 학교생활기록 관리는 각각 「초ㆍ중등교육법」 제7조 및 제25조제1항을 준용하며, 보건ㆍ위생ㆍ학습환경 등에 관한 사항은 각각 「학교보건법」 제4조, 제9조, 제9조의2 및 제12조를 준용한다. 다만, 교비회계에 속하는 예산ㆍ결산 및 회계 업무는 교육부령으로 정하는 방식으로 처리하여야 한다. <신설 2015.3.27, 2023.4.18>
제31조(학교형태의 평생교육시설)"
P07436,,조각·패널비위임,,과태료는 대통령령으로,"① 제3조제4항을 위반한 자에게는 500만원 이하의 과태료를 부과한다.
② 제1항에 따른 과태료는 대통령령으로 정하는 바에 따라 교육부장관이 부과ㆍ징수한다.
제13조(과태료)"
P07484,,조각·패널비위임,,사항은 대통령령으로,"① 정부는 재단의 설립, 시설, 운영 및 사업에 필요한 경비에 충당하기 위하여 예산의 범위에서 재단에 출연금(出捐金)을 지급할 수 있다.
② 제1항에 따른 출연금은 「과학기술기본법」 제22조에 따른 과학기술진흥기금에서도 지급할 수 있다.
③ 제1항에 따른 출연금의 지급ㆍ사용 및 관리에 필요한 사항은 대통령령으로 정한다.
제11조(출연금)"
P07486,,조각·패널비위임,,재단은 대통령령으로,"제14조(사업계획서 등의 제출) 재단은 대통령령으로 정하는 바에 따라 매 사업연도의 사업계획서 및 예산서를 작성하여 과학기술정보통신부장관과 교육부장관에게 제출하여야 한다. 이를 변경한 때에도 또한 같다. <개정 2013.3.23, 2014.11.19, 2017.7.26, 2025.10.1>"
P06645,,조각·패널비위임,,사항은 교육부령으로,"①학교급식에는 품질이 우수하고 안전한 식재료를 사용하여야 한다.
②식재료의 품질관리기준 그 밖에 식재료에 관하여 필요한 사항은 교육부령으로 정한다. <개정 2008.2.29, 2013.3.23>
제10조(식재료)"
P07053,,조각·패널비위임,,대통령령,"① 교육감은 시ㆍ도교육청에 학교폭력의 예방ㆍ대책 및 법률지원을 포함한 통합지원을 담당하는 전담부서를 설치ㆍ운영하여야 한다. <개정 2023.10.24>
② 교육감은 관할 구역 안에서 학교폭력이 발생한 때에는 해당 학교의 장 및 관련 학교의 장에게 그 경과 및 결과의 보고를 요구할 수 있다.
③ 교육감은 관할 구역 안의 학교폭력이 관할 구역 외의 학교폭력과 관련이 있는 때에는 그 관할 교육감과 협의하여 적절한 조치를 취하여야 한다.
④ 교육감은 학교의 장으로 하여금 학교폭력의 예방 및 대책에 관한 실시계획을 수립ㆍ시행하도록 하여야 한다.
⑤ 교육감은 제12조에 따른 심의위원회가 처리한 학교의 학교폭력빈도를 학교의 장에 대한 업무수행 평가에 부정적 자료로 사용하여서는 아니 된다. <개정 2019.8.20>
⑥ 교육감은 제17조제1항제8호에 따른 전학의 경우 그 실현을 위하여 필요한 조치를 취하여야 하며, 제17조제1항제9호에 따른 퇴학처분의 경우 해당 학생의 건전한 성장을 위하여 다른 학교 재입학 등의 적절한 대책을 강구하여야 한다. <개정 2012.1.26, 2012.3.21>
⑦ 교육감은 대책위원회 및 지역위원회에 관할 구역 안의 학교폭력의 실태 및 대책에 관한 사항을 보고하고 공표하여야 한다. 관할 구역 밖의 학교폭력 관련 사항 중 관할 구역 안의 학교와 관련된 경우에도 또한 같다. <개정 2012.1.26, 2012.3.21>
⑧ 교육감은 학교폭력의 실태를 파악하고 학교폭력에 대한 효율적인 예방대책을 수립하기 위하여 학교폭력 실태조사를 연 2회 이상 실시하고, 각 학교폭력 실태조사가 완료된 날부터 120일 이내에 그 결과를 공표하여야 한다. <신설 2012.3.21, 2015.12.22, 2025.11.11>
⑨ 교육감은 학교폭력 등에 관한 조사, 상담, 치유프로그램 운영, 학생 치유ㆍ회복을 위한 보호시설 운영, 법률지원을 포함한 통합지원 등을 위한 전문기관을 설치ㆍ운영하여야 한다. <신설 2012.3.21, 2023.10.24>
⑩ 교육감은 제14조제3항에 따른 전담기구 구성원의 학교폭력 관련 전문성 향상을 위한 교육 등을 실시할 수 있다. <신설 2023.10.24>
⑪ 교육감은 관할 구역에서 학교폭력이 발생한 때에 해당 학교의 장 또는 소속 교원이 그 경과 및 결과를 보고하면서 축소 및 은폐를 시도한 경우에는 「교육공무원법」 제50조 및 「사립학교법」 제62조에 따른 징계위원회에 징계의결을 요구하여야 한다. <신설 2012.3.21, 2021.3.23, 2023.10.24>
⑫ 교육감은 관할 구역에서 학교폭력의 예방 및 대책 마련에 기여한 바가 큰 학교 또는 소속 교원에게 상훈을 수여하거나 소속 교원의 근무성적 평정에 가산점을 부여할 수 있다. <신설 2012.3.21, 2023.10.24>
⑬ 교육감은 학교의 장 및 교감을 대상으로 학교폭력 예방 및 대책 등에 관한 교육을 매년 1회 이상 실시하여야 한다. <신설 2023.10.24>
⑭ 제1항에 따라 설치되는 전담부서의 구성과 제8항에 따라 실시하는 학교폭력 실태조사, 제9항에 따른 전문기관의 설치 및 제13항에 따른 교육의 실시에 필요한 사항은 대통령령으로 정한다. <개정 2012.3.21, 2023.10.24>
제11조(교육감의 임무)"
P03327,,조각·패널비위임,,대통령령으로 정한,"①교육감 소속하에 국가공무원으로 보하는 부교육감 1인(인구 800만명 이상이고 학생 150만명 이상인 시ㆍ도는 2인)을 두되, 대통령령으로 정하는 바에 따라 「국가공무원법」 제2조의2의 규정에 따른 고위공무원단에 속하는 일반직공무원 또는 장학관으로 보한다. <개정 2020.12.22, 2021.3.23>
②부교육감은 해당 시ㆍ도의 교육감이 추천한 사람을 교육부장관의 제청으로 국무총리를 거쳐 대통령이 임명한다. <개정 2008.2.29, 2013.3.23, 2021.3.23>
③부교육감은 교육감을 보좌하여 사무를 처리한다.
④제1항의 규정에 따라 부교육감 2인을 두는 경우에 그 사무 분장에 관한 사항은 대통령령으로 정한다. 이 경우 그중 1인으로 하여금 특정 지역의 사무를 담당하게 할 수 있다.
⑤교육감 소속하에 보조기관을 두되, 그 설치ㆍ운영 등에 관하여 필요한 사항은 대통령령으로 정한 범위 안에서 조례로 정한다. <개정 2021.3.23>
⑥교육감은 제5항의 규정에 따른 보조기관의 설치ㆍ운영에 있어서 합리화를 도모하고 다른 시ㆍ도와의 균형을 유지하여야 한다.
제30조(보조기관)"
