id,조문문장,T3_L1,T3_L2,T3_확신도,T3_근거
P00001,대통령령으로 정하는,판단불가,대통령령,3,문장이 '대통령령으로 정하는'에서 잘려 무엇을 위임하는지 확인할 수 없어 판정이 불가하나 문언상 지정 형식은 대통령령이다.
P00002,대통령령으로 정하는,판단불가,미특정,4,문장이 잘려 규율 대상과 종결 형태를 확인할 수 없다.
P00003,대통령령으로 정하는,판단불가,대통령령,3,문장이 '대통령령으로 정하는'에서 끊겨 위임 대상과 종결형을 확인할 수 없다.
P00004,대통령령으로 정하는,판단불가,대통령령,2,문장이 '대통령령으로 정하는'에서 잘려 무엇을 위임하는지 확인할 수 없어 판정이 불가하나 표지어구는 대통령령이다.
P00005,대통령령으로 정한다,위임,대통령령,4,문말 '대통령령으로 정한다'는 대통령령에 규율권한을 넘기는 위임이다.
P00006,대통령령으로 정한다,위임,대통령령,4,문말 '대통령령으로 정한다'는 대통령령에 규율권한을 넘기는 위임 문언이다.
P00007,대통령령으로 정한다,위임,대통령령,4,문언이 대통령령에 규율권한을 넘기는 위임 종결형이다.
P00008,대통령령으로 정한다,위임,대통령령,4,문말 종결형 '대통령령으로 정한다'로 대통령령에 규율권한을 넘기는 위임이다.
P00009,대통령령으로 정한다,위임,대통령령,4,'대통령령으로 정한다'는 종결형으로 대통령령에 규율권한을 넘기는 위임이다.
P00010,대통령령으로 정한다,위임,대통령령,4,문장이 축약되었으나 '대통령령으로 정한다'는 종결형으로 대통령령에 규율권한을 넘기는 위임이다.
P00011,대통령령으로 정하는,판단불가,대통령령,3,문장이 '대통령령으로 정하는'에서 잘려 수식 대상과 종결 형태를 알 수 없어 위임 여부를 판정할 수 없다.
P00012,대통령령으로 정하는 비율의,판단불가,대통령령,3,문장이 '대통령령으로 정하는 비율의'라는 구 단편으로 잘려 있어 규율권한 이전 여부를 확정할 수 없으나 대통령령 표지어구는 확인된다.
P00013,대통령령으로 정하는 인력의 양성과,위임,대통령령,3,문장이 절단되었으나 '대통령령으로 정하는 인력'이라는 부분 위임 표지가 명확하다.
P00014,내국인의 수는 대통령령으로 정하는,위임,대통령령,3,문장이 잘려 있으나 '대통령령으로 정하는'이라는 부분 위임 문언이 명확하다.
P00015,대통령령으로 정하는,판단불가,대통령령,3,문장이 '대통령령으로 정하는'에서 절단되어 무엇을 위임하는지 확인할 수 없으나 표지어구는 대통령령이다.
P00016,대통령령으로 정한다,위임,대통령령,4,종결형 '대통령령으로 정한다'로 학력인정 관련 사항의 규율권한을 대통령령에 넘긴다.
P00017,교육부장관이 정하는 회계기준 등에 따라 처리한다.,위임,미특정,4,교육부장관이 정하는 회계기준에 규율권한을 넘기지만 법형식을 지정하지 않았다.
P00018,대통령령으로 정하는 바에 따라 외국교육기관의 신청을,판단불가,대통령령,3,문장이 중간에 잘려 서술어가 없어 위임 여부를 확정할 수 없으나 '대통령령으로 정하는 바에 따라'라는 표지만 확인된다.
P00019,대통령령으로 정하는,판단불가,대통령령,2,문장이 '대통령령으로 정하는'에서 잘려 규율 대상과 종결형을 확인할 수 없어 위임 여부를 확정할 수 없다.
P00020,③ 법 제10조제1항 단서에 따라 외국교육기관에 입학할 수 있는 내국인 학생 수의 비율은 해당 외국교육기관 학생정원의 30퍼센트의 범위에서 위원회가 조정하는 비율로 한다. 이 경우 교육감이 특별시·광역시 또는 도의 교육여건을 고려하여 학생정원의 20퍼센트의 범위에서 특별시·광역시 또는 도의 교육규칙으로 입학비율을 추가로 높일 수 있다.,위임,교육규칙,4,교육감이 교육규칙으로 내국인 입학비율을 추가 상향할 수 있도록 규율권한을 넘기므로 교육규칙 위임이다.
P00021,③ 법 제10조제1항 단서에 따라 외국교육기관에 입학할 수 있는 내국인 학생 수의 비율은 해당 외국교육기관 학생정원의 30퍼센트의 범위에서 위원회가 조정하는 비율로 한다. 이 경우 교육감이 특별시·광역시 또는 도의 교육여건을 고려하여 학생정원의 20퍼센트의 범위에서 특별시·광역시 또는 도의 교육규칙으로 입학비율을 추가로 높일 수 있다.,위임,교육규칙,4,교육감이 시·도 교육규칙으로 내국인 입학비율을 추가 상향할 수 있도록 규율권한을 넘기는 부분 위임이다.
P00022,③ 법 제10조제1항 단서에 따라 외국교육기관에 입학할 수 있는 내국인 학생 수의 비율은 해당 외국교육기관 학생정원의 30퍼센트의 범위에서 위원회가 조정하는 비율로 한다. 이 경우 교육감이 특별시·광역시 또는 도의 교육여건을 고려하여 학생정원의 20퍼센트의 범위에서 특별시·광역시 또는 도의 교육규칙으로 입학비율을 추가로 높일 수 있다.,위임,교육규칙,4,교육감이 교육규칙으로 입학비율을 추가 조정할 수 있도록 규율권한을 넘기므로 교육규칙 위임이다.
P00023,"② 제1항제1호, 제1호의2, 제2호 및 제3호의 기준에 대한 구체적인 내용은 교육부장관이 정한다.",위임,미특정,5,교육부장관에게 구체적 내용 규율권한을 넘기나 법형식은 지정하지 않았다.
P00024,8. 그 밖에 신청기관의 지정 여부를 심의하기 위하여 교육부장관이 정하는 자료,위임,미특정,4,'교육부장관이 정하는'으로 제출자료 범위 결정권을 넘기지만 법형식을 특정하지 않았다.
P00025,대통령령으로 정하는,판단불가,해당없음,,PARSE_FAIL
P00026,대통령령으로 정하는,판단불가,대통령령,3,문장이 '대통령령으로 정하는'에서 잘려 규율 대상과 종결 구조를 확인할 수 없어 위임 여부를 확정할 수 없다.
P00027,대통령령으로 정하는,판단불가,대통령령,3,문장이 '대통령령으로 정하는'에서 잘려 수식 대상과 종결형이 없어 위임 여부를 확정할 수 없다.
P00028,필요한 사항은 대통령령으로,판단불가,대통령령,3,문장이 '대통령령으로'에서 잘려 종결부(정한다 등)가 없어 위임 여부를 확정할 수 없으나 표지어구는 대통령령이다.
P00029,대통령령으로 정한다,위임,대통령령,4,문장이 다소 잘려 있으나 '대통령령으로 정한다'는 종결형 위임 문언이다.
P00030,대통령령으로 정한다,위임,대통령령,5,'대통령령으로 정한다'는 종결형으로 대통령령에 규율권한을 넘기는 위임이다.
P00031,대통령령으로 정한다,위임,대통령령,4,문장이 단편이지만 '대통령령으로 정한다'는 종결형 위임 문언이다.
P00032,대통령령으로 정한다,위임,대통령령,5,문말 종결형 '대통령령으로 정한다'로 대통령령에 규율권한을 넘긴다.
P00033,따로 법률로 정한다,인용,해당없음,3,하위 규범이 아닌 별도의 법률에 규율을 유보한 것이어서 하위 규범 위임에 해당하지 않는다.
P00034,따로 법률로 정한다,인용,해당없음,3,하위 규범이 아닌 별도 법률에 규율을 맡기는 문언이므로 위임입법이 아니라 다른 법률을 가리키는 인용으로 본다.
P00035,교육부령으로 정한다,위임,부령,4,'교육부령으로 정한다'는 종결형 위임으로 부령에 규율권한을 넘긴다.
P00036,대통령령으로 정하는,판단불가,대통령령,3,문장이 '대통령령으로 정하는'에서 잘려 있어 무엇을 위임하는지 확인할 수 없다.
P00037,대통령령으로 정하는 사항,위임,대통령령,4,호 형식의 단편이지만 '대통령령으로 정하는 사항'으로 규율권한을 대통령령에 넘기는 부분 위임이다.
P00038,대통령령으로 정하는 바에,판단불가,대통령령,2,문장이 중간에서 잘려 종결부가 없어 위임인지 인용인지 확정할 수 없으나 문언상 대통령령이 적시되어 있다.
P00039,교육부령으로 정하는,판단불가,부령,3,문장이 '교육부령으로 정하는'에서 잘려 있어 위임 종결인지 인용 수식인지 확정할 수 없다.
P00040,대통령령으로 정하는,판단불가,대통령령,2,문장이 '대통령령으로 정하는'에서 잘려 무엇을 위임하는지 확인할 수 없어 판정이 불가하다.
P00041,대통령령으로 정한다,위임,대통령령,4,'대통령령으로 정한다'는 종결형으로 대통령령에 규율권한을 넘기는 위임이다.
P00042,대통령령으로 정하는,판단불가,대통령령,3,문장이 '대통령령으로 정하는'에서 잘려 무엇을 위임하는지 확인할 수 없다.
P00043,대통령령으로 정한다,위임,대통령령,4,문말 종결형 '대통령령으로 정한다'로 규율권한을 대통령령에 넘긴다.
P00044,대통령령으로 정한다,위임,대통령령,4,문말 종결형 '대통령령으로 정한다'로 대통령령에 규율권한을 넘긴다.
P00045,대통령령으로 정하는 임용기준과,위임,대통령령,3,문장이 불완전하나 '대통령령으로 정하는 임용기준'이라는 부분 위임 문언이 명확하다.
P00046,대통령령으로 정하는 사항을,판단불가,대통령령,3,문장이 중간에 절단되어 규율권한 이전 여부를 확정할 수 없으나 '대통령령'이라는 법형식 표지만 확인된다.
P00047,대통령령으로 정하는,판단불가,대통령령,3,문장이 '대통령령으로 정하는'에서 잘려 있어 위임인지 인용인지 확정할 수 없으나 문언상 법형식은 대통령령이다.
P00048,사항은 대통령령으로,판단불가,대통령령,3,문장이 중간에서 잘려 종결부가 없어 위임 여부를 확정할 수 없으나 표지어구는 대통령령이다.
P00049,사항은 대통령령으로,판단불가,대통령령,3,문장이 '대통령령으로'에서 끊겨 종결 서술어가 없어 위임 여부를 확정할 수 없다.
P00050,대통령령으로 정하는,판단불가,대통령령,2,문장이 '대통령령으로 정하는'에서 절단되어 위임 여부를 확정할 수 없으나 문언상 지정 형식은 대통령령이다.
P00051,대통령령으로 정하고,위임,대통령령,4,문장이 조각이지만 '대통령령으로 정하고'는 국립학교 명칭에 관한 규율권한을 대통령령에 넘기는 위임 문언이다.
P00052,대통령령으로 정하고,위임,대통령령,3,절 단위로 잘린 조각이나 '대통령령으로 정하고'라는 문언상 대통령령에 규율권한을 넘기는 위임으로 판단된다.
P00053,대통령령으로 정하고,위임,대통령령,3,문장이 잘린 단편이나 '대통령령으로 정하고'는 대통령령에 규율권한을 넘기는 위임 문언이다.
P00054,대통령령으로 정하고,위임,대통령령,3,문장이 조각이나 '대통령령으로 정하고'는 대통령령에 규율권한을 넘기는 위임 문언으로 읽힌다.
P00055,대통령령으로 정하고,위임,대통령령,3,문장이 조각이지만 '대통령령으로 정하고'라는 표현으로 대통령령에 규율권한을 넘기고 있음이 드러난다.
P00056,"① 학교의 명칭은 국립학교는 대통령령으로 정하고, 공립학교는 해당 지방자치단체의 조례로 정하며, 사립학교는 해당 학교법인의 정관으로 정한다.",위임,대통령령|조례,5,학교 명칭을 대통령령과 조례(및 정관)로 정하도록 규율권한을 넘기는 위임 규정이다.
P00057,"① 학교의 명칭은 국립학교는 대통령령으로 정하고, 공립학교는 해당 지방자치단체의 조례로 정하며, 사립학교는 해당 학교법인의 정관으로 정한다.",위임,대통령령|조례,4,"학교 명칭 결정 권한을 국립은 대통령령, 공립은 조례에 넘기는 병기 위임이다(정관은 법형식 목록에 없어 제외)."
P00058,"① 학교의 명칭은 국립학교는 대통령령으로 정하고, 공립학교는 해당 지방자치단체의 조례로 정하며, 사립학교는 해당 학교법인의 정관으로 정한다.",위임,대통령령|조례,5,"국립학교는 대통령령, 공립학교는 조례로 명칭을 정하도록 규율권한을 넘기는 병기 위임이다(정관은 법형식 아님)."
P00059,"① 학교의 명칭은 국립학교는 대통령령으로 정하고, 공립학교는 해당 지방자치단체의 조례로 정하며, 사립학교는 해당 학교법인의 정관으로 정한다.",위임,대통령령|조례,4,"학교 명칭 결정 권한을 대통령령과 조례(및 정관)에 넘기는 위임으로, 법형식은 대통령령과 조례가 병기되어 있다."
P00060,대통령령으로 정하는,판단불가,대통령령,2,문장이 '대통령령으로 정하는'에서 잘려 있어 무엇을 위임하는지 확인할 수 없으나 표지어구상 법형식은 대통령령이다.
P00061,대통령령으로 정하는,판단불가,대통령령,3,문장이 '대통령령으로 정하는'에서 잘려 무엇을 위임하는지 확인할 수 없어 판정이 불가하다.
P00062,대통령령과 학칙으로,판단불가,해당없음,4,문장이 '대통령령과 학칙으로'에서 잘려 있어 위임 여부와 규율 대상을 확인할 수 없다.
P00063,대통령령과 학칙으로,판단불가,해당없음,3,문장이 '대통령령과 학칙으로'에서 잘려 종결부가 없어 위임 여부를 확정할 수 없다.
P00064,대통령령과 학칙으로,판단불가,해당없음,4,문장이 '대통령령과 학칙으로'에서 잘려 있어 규율권한 이전 여부를 확정할 수 없다.
P00065,대통령령과 학칙으로,판단불가,해당없음,3,문장이 '대통령령과 학칙으로'에서 절단되어 규율권한 이전 여부를 확정할 수 없다.
P00066,"② 학교의 조직에 관한 기본적 사항은 국립학교는 대통령령과 학칙으로 정하고, 공립학교는 해당 지방자치단체의 조례와 학칙으로 정하며, 사립학교는 해당 학교법인의 정관과 학칙으로 정한다.",위임,대통령령|조례,4,"국립·공립·사립별로 대통령령·조례(및 학칙·정관)에 조직 기본사항의 규율권한을 넘기는 위임이며, 지정된 법형식 목록 중 대통령령과 조례가 병기되어 있다."
P00067,"② 학교의 조직에 관한 기본적 사항은 국립학교는 대통령령과 학칙으로 정하고, 공립학교는 해당 지방자치단체의 조례와 학칙으로 정하며, 사립학교는 해당 학교법인의 정관과 학칙으로 정한다.",위임,대통령령|조례,4,"설립주체별로 대통령령·조례(및 학칙·정관)에 조직 규율권한을 넘기는 위임 규정으로, 지정된 법형식 중 대통령령과 조례를 병기한다."
P00068,"② 학교의 조직에 관한 기본적 사항은 국립학교는 대통령령과 학칙으로 정하고, 공립학교는 해당 지방자치단체의 조례와 학칙으로 정하며, 사립학교는 해당 학교법인의 정관과 학칙으로 정한다.",위임,대통령령|조례,4,"설립 주체별로 대통령령·조례(및 학칙·정관)에 조직 규율권한을 넘기는 위임이며, 지정 목록상 법형식은 대통령령과 조례이다."
P00069,"② 학교의 조직에 관한 기본적 사항은 국립학교는 대통령령과 학칙으로 정하고, 공립학교는 해당 지방자치단체의 조례와 학칙으로 정하며, 사립학교는 해당 학교법인의 정관과 학칙으로 정한다.",위임,대통령령|조례,4,"학교 조직의 기본적 사항을 대통령령·조례(및 학칙·정관)에 넘기는 위임으로, 지정된 법형식 중 대통령령과 조례가 병기되었다."
P00070,"② 학교의 조직에 관한 기본적 사항은 국립학교는 대통령령과 학칙으로 정하고, 공립학교는 해당 지방자치단체의 조례와 학칙으로 정하며, 사립학교는 해당 학교법인의 정관과 학칙으로 정한다.",위임,대통령령|조례,4,"학교 조직의 기본적 사항을 대통령령·조례(및 학칙·정관)에 정하도록 넘기는 위임으로, 지정된 법형식 중 대통령령과 조례를 병기한다."
P00071,"② 학교의 조직에 관한 기본적 사항은 국립학교는 대통령령과 학칙으로 정하고, 공립학교는 해당 지방자치단체의 조례와 학칙으로 정하며, 사립학교는 해당 학교법인의 정관과 학칙으로 정한다.",위임,대통령령|조례,4,국립·공립·사립 구분에 따라 대통령령과 조례(및 학칙·정관)에 조직의 기본적 사항 규율권한을 넘기는 위임 규정이다.
P00072,"② 학교의 조직에 관한 기본적 사항은 국립학교는 대통령령과 학칙으로 정하고, 공립학교는 해당 지방자치단체의 조례와 학칙으로 정하며, 사립학교는 해당 학교법인의 정관과 학칙으로 정한다.",위임,대통령령|조례,4,"설립주체별로 대통령령·조례(및 학칙·정관)에 조직에 관한 기본적 사항의 규율권한을 넘기는 위임이며, 지정 법형식 중 대통령령과 조례를 병기한다."
P00073,"② 학교의 조직에 관한 기본적 사항은 국립학교는 대통령령과 학칙으로 정하고, 공립학교는 해당 지방자치단체의 조례와 학칙으로 정하며, 사립학교는 해당 학교법인의 정관과 학칙으로 정한다.",위임,대통령령|조례,4,"학교 조직의 기본적 사항을 대통령령·조례(및 학칙·정관)에 넘기는 위임으로, 지정 법형식은 대통령령과 조례이다."
P00074,심의에 필요한 경우 대통령령으로,판단불가,대통령령,3,문장이 중간에서 끊겨 서술어가 없어 위임인지 인용인지 확정할 수 없다.
P00075,대통령령으로 정하는 사항에 대해서는 대학평의원회의,위임,대통령령,3,문장이 중간에 끊겼으나 '대통령령으로 정하는 사항'이라는 부분 위임 문언이 명확하다.
P00076,대통령령으로 정하는 바에 따라 해당 학교법인의,판단불가,대통령령,3,문장이 '해당 학교법인의'에서 절단되어 서술어가 없어 규율권한 이전 여부를 확정할 수 없으나 '대통령령'은 명시되어 있다.
P00077,대통령령으로 정하는 기준에 따라 학칙,판단불가,해당없음,3,문장이 '학칙'에서 잘려 있어 위임 여부와 학칙 병기 여부를 확정할 수 없다.
P00078,대통령령으로 정하는,판단불가,대통령령,3,문장이 '대통령령으로 정하는'에서 잘려 수식 대상과 규율 범위를 확인할 수 없어 위임 여부를 판정할 수 없다.
P00079,대통령령으로 정하는,판단불가,대통령령,2,문장이 '대통령령으로 정하는'에서 잘려 있어 위임 종결 여부를 확정할 수 없으나 표지어구는 대통령령을 가리킨다.
P00080,대통령령으로 정하는,위임,대통령령,3,문장이 단편이지만 '대통령령으로 정하는' 형태의 부분 위임 표지가 명확하다.
P00081,대통령령으로 정한다,위임,대통령령,4,문말 종결형 '대통령령으로 정한다'로 대통령령에 규율권한을 넘기는 위임이다.
P00082,대통령령으로 정하는,판단불가,대통령령,2,문장이 '대통령령으로 정하는'에서 잘려 규율 대상이 드러나지 않아 위임 여부를 확정할 수 없다.
P00083,대통령령으로 정한다,위임,대통령령,4,문말 종결형 '대통령령으로 정한다'로 대통령령에 규율권한을 넘기는 위임이다.
P00084,대통령령으로 정하는,판단불가,대통령령,2,문장이 '대통령령으로 정하는'에서 잘려 있어 위임 대상과 종결 구조를 확인할 수 없다.
P00085,대통령령으로 정하는,판단불가,대통령령,3,문장이 '대통령령으로 정하는'에서 잘려 규율 대상과 종결형을 확인할 수 없다.
P00086,사항은 대통령령으로,판단불가,대통령령,2,문장이 '사항은 대통령령으로'로 잘려 종결 문형을 확인할 수 없어 위임 여부를 확정할 수 없다.
P00087,필요한 사항은 대통령령으로,판단불가,대통령령,3,문장이 '대통령령으로'에서 잘려 종결 술어가 없어 위임 여부를 확정할 수 없으나 표지어구는 대통령령이다.
P00088,대통령령으로 정하는,판단불가,대통령령,2,문장이 '대통령령으로 정하는'에서 절단되어 무엇을 위임하는지 확인할 수 없으나 표지어구는 대통령령이다.
P00089,대통령령으로 정하는,판단불가,미특정,3,문장이 '대통령령으로 정하는'에서 잘려 무엇을 위임하는지 확인할 수 없다.
P00090,대통령령으로 정한다,위임,대통령령,4,'대통령령으로 정한다'는 종결형 위임 문언으로 대통령령에 규율권한을 넘긴다.
P00091,대통령령으로 정하는,판단불가,해당없음,4,문장이 '대통령령으로 정하는'에서 잘려 수식 대상과 종결부를 알 수 없어 위임 여부를 판정할 수 없다.
P00092,대통령령으로 정하는,판단불가,해당없음,4,문장이 '대통령령으로 정하는'에서 잘려 수식 대상과 규율 내용을 알 수 없다.
P00093,대통령령으로 정하는,판단불가,대통령령,2,문장이 '대통령령으로 정하는'에서 잘려 있어 위임 종결인지 요건 인용인지 판정할 수 없다.
P00094,사항은 대통령령으로,판단불가,대통령령,3,문장이 중간에서 잘려 종결부가 없어 위임 여부를 확정할 수 없으나 표지어구는 대통령령이다.
P00095,사항은 대통령령으로,판단불가,대통령령,2,문장이 중간에서 잘려 종결형과 위임 대상 사항이 확인되지 않아 판정할 수 없으나 문언에는 대통령령이 표기되어 있다.
P00096,사항은 대통령령으로,판단불가,대통령령,2,문장이 '사항은 대통령령으로'에서 잘려 종결부가 없어 위임 여부를 확정할 수 없다.
P00097,사항은 대통령령으로,판단불가,대통령령,3,문장이 중간에서 잘려 위임 종결 여부를 확인할 수 없으나 명시된 법형식은 대통령령이다.
P00098,법률로 정한다,판단불가,해당없음,3,"문장이 '법률로 정한다'만으로 잘려 있어 규율대상이 불명하고, 지정된 법형식인 '법률'은 하위 규범이 아니어서 위임 여부를 확정할 수 없다."
P00099,대통령령으로 정한다,위임,대통령령,4,문장이 짧게 절단되었으나 '대통령령으로 정한다'는 종결형 위임 문언이 명확하다.
P00100,대통령령으로 정하는,판단불가,대통령령,3,문장이 '대통령령으로 정하는'에서 잘려 무엇을 위임하는지 확인할 수 없어 판정이 불가하다.
P00101,대통령령으로 정하는,판단불가,대통령령,3,문장이 '대통령령으로 정하는'에서 끊겨 있어 위임 대상과 종결 형태를 확인할 수 없다.
P00102,대통령령으로 정하는,판단불가,대통령령,3,문장이 '대통령령으로 정하는'에서 잘려 규율 대상과 종결 형태를 확인할 수 없어 위임 여부를 확정할 수 없다.
P00103,대통령령으로 정하는,판단불가,대통령령,2,문장이 '대통령령으로 정하는'에서 잘려 종결 구조와 규율 대상을 확인할 수 없어 위임 여부를 확정할 수 없다.
P00104,대통령령으로 정하는,판단불가,대통령령,2,문장이 '대통령령으로 정하는'에서 잘려 규율권한 이전 여부를 판정할 수 없으나 문언상 법형식은 대통령령이다.
P00105,대통령령으로 정하는,판단불가,대통령령,3,문장이 '대통령령으로 정하는'에서 잘려 규율권한 이전 여부를 확정할 수 없으나 문언상 법형식은 대통령령이다.
P00106,대통령령으로 정하는,위임,대통령령,3,문장이 일부 잘렸으나 '대통령령으로 정하는'은 요건 일부를 대통령령에 맡기는 부분 위임 문언이다.
P00107,대통령령으로 정하는,판단불가,대통령령,3,문장이 '대통령령으로 정하는'에서 잘려 있어 규율 대상과 종결 구조를 확인할 수 없다.
P00108,교육부령으로 정한다,위임,부령,4,'교육부령으로 정한다'는 종결형 위임으로 부령에 규율권한을 넘긴다.
P00109,교육부령으로 정하는,판단불가,부령,2,문장이 '교육부령으로 정하는'에서 잘려 있어 위임 여부를 확정할 수 없으나 문언상 법형식은 부령으로 명시되어 있다.
P00110,교육부장관이 정하는 경미한 부정행위를 한 사람에 대하여는 응시자격을 정지하지 아니한다.,위임,미특정,4,'교육부장관이 정하는 경미한 부정행위'로 요건의 일부를 하위 규범에 맡기는 부분 위임이나 법형식은 지정하지 않았다.
P00111,대통령령으로 정하는 특수한 관계에,위임,대통령령,3,문장이 잘려 있으나 '대통령령으로 정하는 특수한 관계'라는 요건 일부의 부분 위임 표지가 명확하다.
P00112,산정방법은 교육부령으로,판단불가,부령,2,문장이 종결되지 않고 잘려 있어 위임 여부를 확정할 수 없으나 문언상 교육부령이 지시되어 있다.
P00113,국민기초생활수급자 등 대통령령으로,판단불가,대통령령,2,문장이 중간에 잘려 있어 위임 종결 여부를 확인할 수 없으나 문언에는 대통령령이 명시되어 있다.
P00114,대통령령으로 정하는 바에 따라 입학전형료의,판단불가,해당없음,3,문장이 '입학전형료의'에서 잘려 있어 대통령령에 규율권한을 넘기는 취지인지 절차 원용인지 확정할 수 없다.
P00115,못하는 경우 등 대통령령으로,판단불가,대통령령,3,문장이 중간에서 잘려 규율권한 이전 여부를 확정할 수 없으나 문언에 '대통령령'이 표기되어 있다.
P00116,잔액을 대통령령으로,판단불가,미특정,3,문장이 중간에 잘려 서술어가 없어 위임 여부를 확정할 수 없다.
P00117,대통령령으로 정하는 학교협의체와,위임,대통령령,3,문장이 잘렸으나 '대통령령으로 정하는 학교협의체'라는 부분 위임 표지가 명확하다.
P00118,대통령령으로 정하는 바에,판단불가,대통령령,3,문장이 '대통령령으로 정하는 바에'에서 잘려 있어 위임인지 절차 인용인지 확정할 수 없다.
P00119,대통령령으로 정하는 사유가,위임,대통령령,3,문장이 잘려 있으나 '대통령령으로 정하는 사유'는 요건 일부를 대통령령에 맡기는 부분 위임 표현이다.
P00120,대통령령으로 정하는 바에,판단불가,대통령령,3,문장이 중간에 잘려 규율권한 이전 여부를 확정할 수 없으나 '대통령령'이라는 법형식 표지만 확인된다.
P00121,대통령령으로 정하는 사유가,위임,대통령령,3,문장이 절단되었으나 '대통령령으로 정하는 사유'라는 부분 위임 문구가 확인된다.
P00122,대통령령으로 정하는 바에,판단불가,해당없음,4,문장이 중간에 잘려 있어 위임 여부와 규율 대상을 확정할 수 없다.
P00123,대통령령으로 정하는,판단불가,대통령령,3,문장이 '대통령령으로 정하는'에서 잘려 규율 대상과 종결 형태를 확인할 수 없어 위임 여부를 확정할 수 없다.
P00124,대통령령으로 정한다,위임,대통령령,4,문장이 일부 잘렸으나 '대통령령으로 정한다'는 종결형 위임 문언이 명확하다.
P00125,대통령령으로 정한,판단불가,해당없음,4,문장이 '대통령령으로 정한'에서 잘려 있어 위임 종결인지 기존 규범 인용인지 판정할 수 없다.
P00126,대통령령으로 정한다,위임,대통령령,4,문장이 축약되었으나 '대통령령으로 정한다'는 종결형으로 대통령령에 규율권한을 위임한다.
P00127,사항은 대통령령으로,판단불가,해당없음,3,문장이 중간에서 잘려 종결부가 없어 위임 여부를 확정할 수 없다.
P00128,사항은 대통령령으로,판단불가,대통령령,3,문장이 절단되어 위임 종결 여부를 확정할 수 없으나 문언상 대통령령이 명시되어 있다.
P00129,사항은 대통령령으로,판단불가,대통령령,2,문장이 중간에서 잘려 종결부와 위임 대상 사항을 확인할 수 없어 위임 여부를 확정할 수 없다.
P00130,사항은 대통령령으로,판단불가,대통령령,3,문장이 중간에서 잘려 종결부와 위임 대상 사항을 확인할 수 없어 판정이 불가하나 문언상 대통령령이 지정되어 있다.
P00131,사항은 대통령령으로,판단불가,해당없음,4,문장이 중간에서 잘려 서술어가 없어 위임 여부를 확정할 수 없다.
P00132,사항은 대통령령으로,판단불가,대통령령,3,문장이 중간에서 잘려 종결 형태('정한다'/'정하는')를 확인할 수 없어 위임 여부를 확정할 수 없다.
P00133,사항은 대통령령으로,판단불가,대통령령,2,"문장이 '사항은 대통령령으로'에서 잘려 종결부가 없어 위임 여부를 확정할 수 없으나, 명시된 법형식은 대통령령이다."
P00134,사항은 대통령령으로,판단불가,대통령령,2,문장이 중간에서 잘려 있어 위임 종결 여부를 확인할 수 없으나 '대통령령' 표지만 확인된다.
P00135,사항은 대통령령으로,판단불가,대통령령,2,문장이 중간에 잘려 종결 구조를 확인할 수 없어 위임 여부를 판정할 수 없으나 표지어구로 대통령령이 나타난다.
P00136,대통령령으로 정한다,위임,대통령령,4,문말 '대통령령으로 정한다'로 규율권한을 대통령령에 넘기는 위임이다.
P00137,대통령령으로 정하는,판단불가,대통령령,3,문장이 '대통령령으로 정하는'에서 잘려 규율권한 이전 여부를 확정할 수 없으나 명시된 법형식은 대통령령이다.
P00138,필요가 있는 경우에 대통령령으로 정하는 바에,판단불가,대통령령,3,문장이 중간에서 절단되어 규율 대상과 종결형을 확인할 수 없으나 '대통령령' 표지만 나타난다.
P00139,필요가 있는 경우에 대통령령으로 정하는 바에,판단불가,대통령령,3,문장이 중간에 잘려 종결부가 없어 위임 여부를 확정할 수 없으나 '대통령령으로 정하는 바에'라는 법형식 표지는 확인된다.
P00140,필요한 경우에는 대통령령으로 정하는 바에 따라 임시교원 양성기관과,판단불가,대통령령,3,문장이 '임시교원 양성기관과'에서 잘려 종결부가 없어 위임 대상·범위를 확정할 수 없으나 '대통령령으로 정하는 바에 따라'라는 표지는 나타난다.
P00141,필요한 경우에는 대통령령으로 정하는 바에 따라 임시교원 양성기관과,위임,대통령령,3,문장이 절단되어 있으나 '대통령령으로 정하는 바에 따라'로 임시교원 양성기관 관련 사항의 규율권한을 대통령령에 넘기고 있다.
P00142,대통령령으로 정한다,위임,대통령령,4,문말 '대통령령으로 정한다'는 대통령령에 규율권한을 넘기는 위임이다.
P00143,대통령령으로 정하는,판단불가,대통령령,2,문장이 '대통령령으로 정하는'에서 잘려 무엇을 어느 범위로 맡기는지 확인할 수 없어 위임 여부를 확정할 수 없다.
P00144,대통령령으로 정하는,판단불가,대통령령,3,문장이 '대통령령으로 정하는'에서 잘려 수식 대상과 종결부가 없어 위임 여부를 확정할 수 없으나 법형식은 대통령령으로 명시되어 있다.
P00145,대통령령으로 정하는,판단불가,대통령령,3,문장이 '대통령령으로 정하는'에서 잘려 무엇을 위임하는지 확인할 수 없다.
P00146,대통령령으로 정하는,판단불가,대통령령,3,"문장이 '대통령령으로 정하는'에서 잘려 무엇을 위임하는지 확인할 수 없어 판정이 불가하나, 표지어구상 법형식은 대통령령이다."
P00147,대통령령으로 정한다,위임,대통령령,4,문장이 축약되었으나 '대통령령으로 정한다'는 종결형으로 대통령령에 규율권한을 넘기는 위임이다.
P00148,대통령령으로 정한다,위임,대통령령,4,'대통령령으로 정한다'는 종결형으로 대통령령에 규율권한을 넘기는 위임이다.
P00149,대통령령으로 정하는 요건,위임,대통령령,3,문장이 단편이지만 '대통령령으로 정하는 요건'은 요건 내용을 대통령령에 맡기는 부분 위임이다.
P00150,대통령령으로 정하는 과,판단불가,미특정,4,문장이 '대통령령으로 정하는 과'에서 잘려 위임 대상과 종결 구조를 확인할 수 없다.
P00151,대통령령으로 정하는,위임,대통령령,3,문장이 단편이지만 '대통령령으로 정하는'이라는 부분위임 문구로 대통령령에 규율권한을 넘긴다.
P00152,대통령령으로 정한다,위임,대통령령,4,문장이 축약되어 있으나 '대통령령으로 정한다'는 종결형 위임 문언이다.
P00153,대통령령으로 정한다,위임,대통령령,4,문말 종결형 '대통령령으로 정한다'로 대통령령에 규율권한을 넘기는 위임이다.
P00154,대통령령으로 정하는,판단불가,대통령령,2,문장이 '대통령령으로 정하는'에서 잘려 있어 위임 여부를 확정할 수 없으나 문언상 법형식은 대통령령이다.
P00155,대통령령으로 정한다,위임,대통령령,4,문말 종결형 '대통령령으로 정한다'로 규율권한을 대통령령에 넘기는 위임이다.
P00156,대통령령으로 정하는,판단불가,대통령령,3,문장이 '대통령령으로 정하는'에서 잘려 있어 위임 종결인지 요건 인용인지 확정할 수 없으나 표지 법형식은 대통령령이다.
P00157,대통령령으로 정하는,판단불가,대통령령,2,문장이 '대통령령으로 정하는'에서 잘려 무엇을 위임하는지 확인할 수 없으나 대통령령 표지만 드러난다.
P00158,대통령령으로 정한다,위임,대통령령,4,문말 종결형 '대통령령으로 정한다'로 규율권한을 대통령령에 넘기는 위임이다.
P00159,대통령령으로 정한다,위임,대통령령,5,'대통령령으로 정한다'는 종결형으로 대통령령에 규율권한을 넘기는 위임이다.
P00160,대통령령으로 정하는,판단불가,대통령령,3,문장이 '대통령령으로 정하는'에서 잘려 규율 대상과 종결 형태를 확인할 수 없어 위임 여부를 확정할 수 없다.
P00161,대통령령으로 정하는,판단불가,대통령령,3,문장이 '대통령령으로 정하는'에서 잘려 있어 위임 대상과 종결 구조를 확인할 수 없다.
P00162,대통령령으로 정하는,판단불가,대통령령,2,문장이 '대통령령으로 정하는'에서 잘려 무엇을 위임하는지 확인할 수 없어 판정이 불가하나 표지어구는 대통령령이다.
P00163,대통령령으로 정하는,판단불가,대통령령,3,문장이 '대통령령으로 정하는'에서 잘려 있어 위임 종결 여부를 확인할 수 없으나 표지어구는 대통령령이다.
P00164,대통령령으로 정한다,위임,대통령령,5,문말 종결형 '대통령령으로 정한다'로 대통령령에 규율권한을 넘긴다.
P00165,대통령령으로 정하는 요건을,위임,대통령령,3,문장이 잘려 있으나 '대통령령으로 정하는 요건'이라는 부분위임 표지가 명확하다.
P00166,대통령령으로 정하는 과의,판단불가,대통령령,3,문장이 '대통령령으로 정하는 과의'에서 잘려 규율권한 이전 여부를 확정할 수 없으나 표지어구는 대통령령이다.
P00167,대통령령으로 정하는,판단불가,대통령령,3,문장이 '대통령령으로 정하는'에서 잘려 수여 대상·요건 등 위임 내용을 확인할 수 없다.
P00168,대통령령으로 정한다,위임,대통령령,4,종결형 '대통령령으로 정한다'로 규율권한을 대통령령에 넘기는 위임이다.
P00169,대통령령으로 정한다,위임,대통령령,5,'대통령령으로 정한다'는 종결형으로 대통령령에 규율권한을 넘기는 위임이다.
P00170,대통령령으로 정하는 기간 이상,위임,대통령령,3,문장이 단편이지만 '대통령령으로 정하는 기간'이라는 부분 위임 문언이 명확하다.
P00171,대통령령으로 정하는 기간,위임,대통령령,3,문장 조각이지만 '대통령령으로 정하는 기간'은 기간 설정을 대통령령에 맡기는 부분 위임 표현이다.
P00172,대통령령으로 정하는 바에 따라,위임,대통령령,3,문장이 단편이나 '대통령령으로 정하는 바에 따라'는 대통령령에 규율사항을 맡기는 위임 표지어구다.
P00173,대통령령으로 정한다,위임,대통령령,4,문말 '대통령령으로 정한다'로 규율권한을 대통령령에 넘기는 위임 문언이다.
P00174,대통령령으로 정하는,판단불가,대통령령,3,문장이 '대통령령으로 정하는'에서 잘려 위임 내용과 종결 형태를 확인할 수 없어 판정이 불가하다.
P00175,교육부장관의 지정을 받아 상급 학위과정에의 입학학력이 인정되는 각종학교의 학위 수여에 관하여는 제35조제1항·제6항과 제50조를 준용한다.,인용,해당없음,5,제35조·제50조를 준용하는 규정이며 교육부장관의 지정은 개별 처분 권한이므로 인용이다.
P00176,대통령령으로 정하는,판단불가,대통령령,2,문장이 '대통령령으로 정하는'에서 잘려 무엇을 위임하는지 확인할 수 없으나 문언상 법형식은 대통령령으로 표시되어 있다.
P00177,대통령령으로 정하는,판단불가,대통령령,2,문장이 '대통령령으로 정하는'에서 잘려 있어 위임 종결인지 인용구인지 판정할 수 없으나 문언상 법형식은 대통령령으로 표시되어 있다.
P00178,대통령령으로 정한다,위임,대통령령,4,'대통령령으로 정한다'는 종결형 문언으로 대통령령에 규율권한을 넘기는 위임이다.
P00179,대통령령으로 정한다,위임,대통령령,4,문말 종결형 '대통령령으로 정한다'로 대통령령에 규율권한을 넘기는 위임이다.
P00180,대통령령으로 정한다,위임,대통령령,4,문말 위임 종결형 '대통령령으로 정한다'로 대통령령에 규율권한을 넘긴다.
P00181,대통령령으로 정하는,판단불가,대통령령,3,문장이 '대통령령으로 정하는'에서 잘려 규율 대상과 종결 형태를 확인할 수 없어 위임 여부를 판정할 수 없다.
P00182,대통령령으로 정하는,판단불가,대통령령,3,문장이 '대통령령으로 정하는'에서 잘려 규율권한 이전 여부를 확정할 수 없으나 표지어구는 대통령령이다.
P00183,대통령령으로 정한다,위임,대통령령,4,조문 제목상 지원위원회의 구성·운영에 관한 사항을 대통령령에 넘기는 종결형 위임이다.
P00184,대통령령으로 정한다,위임,대통령령,4,문장이 단편이나 '대통령령으로 정한다'는 종결형으로 대통령령에 규율권한을 넘기는 위임이다.
P00185,대통령령으로 정한다,위임,대통령령,4,문말 종결형 '대통령령으로 정한다'로 대통령령에 규율권한을 넘기는 위임이다.
P00186,대통령령으로 정한다,위임,대통령령,4,주어부가 생략되었으나 '대통령령으로 정한다'는 종결형으로 대통령령에 규율권한을 넘기는 위임이다.
P00187,대통령령으로 정한다,위임,대통령령,4,주어부가 생략되어 있으나 '대통령령으로 정한다'는 위임 종결형으로 대통령령에 규율권한을 넘긴다.
P00188,대통령령으로 정하는,판단불가,대통령령,2,문장이 '대통령령으로 정하는'에서 잘려 규율 대상과 종결 형태를 확인할 수 없어 위임 여부를 판정할 수 없다.
P00189,대통령령으로 정하는,판단불가,대통령령,3,문장이 '대통령령으로 정하는'에서 잘려 무엇을 정하는지와 위임 여부를 확정할 수 없다.
P00190,대통령령으로 정한다,위임,대통령령,4,주어부가 생략되었으나 '대통령령으로 정한다'는 종결형 위임 문언이다.
P00191,대통령령으로 정한다,위임,대통령령,4,문장이 축약되었으나 '대통령령으로 정한다'는 종결형 위임 문언이다.
P00192,대통령령으로 정하는,판단불가,대통령령,2,문장이 '대통령령으로 정하는'에서 잘려 있어 규율권한 이전 여부를 확정할 수 없으나 문언상 지정된 형식은 대통령령이다.
P00193,대통령령으로 정한다,위임,대통령령,3,문장이 단편적이나 '대통령령으로 정한다'는 종결형으로 대통령령에 규율권한을 넘기는 위임 문언이다.
P00194,대통령령으로 정한다,위임,대통령령,3,문장이 잘려 대상 사항은 불명확하나 '대통령령으로 정한다'는 종결형 위임 문언이 명확하다.
P00195,대통령령으로 정한다,위임,대통령령,3,문장이 단편적이나 '대통령령으로 정한다'는 종결형 위임 문언이다.
P00196,대통령령으로 정한다,위임,대통령령,3,문장이 단편이지만 '대통령령으로 정한다'는 종결형 위임 문언으로 대통령령에 규율권한을 넘긴다.
P00197,교육통계조사에 관하여 필요한 사항은 교육부장관이 정한다.,위임,미특정,5,교육부장관에게 규율권한을 넘기지만 법형식을 지정하지 않았다.
P00198,대통령령으로 정한다,위임,대통령령,3,문장이 짧게 잘렸으나 종결형 '대통령령으로 정한다'로 규율권한을 대통령령에 넘기는 위임 문언이다.
P00199,교육부령으로 정하는,판단불가,부령,2,문장이 '교육부령으로 정하는'에서 잘려 규율권한 이전 여부를 확정할 수 없으나 지정된 법형식은 부령이다.
P00200,그 밖에 교육부장관이 정하는 사항에 관하여 교육부장관이 정하는 기준에 따라야 한다,위임,미특정,4,교육부장관이 정하는 사항과 기준에 규율권한을 넘기지만 법형식을 지정하지 않았다.
P00201,그 밖에 교육부장관이 정하는 사항에 관하여 교육부장관이 정하는 기준에 따라야 한다,위임,미특정,4,교육부장관이 정하는 기준에 규율권한을 넘기지만 법형식을 지정하지 않았다.
P00202,그 밖에 교육부장관이 정하는 사항에 관하여 교육부장관이 정하는 기준에 따라야 한다,위임,미특정,4,교육부장관이 정할 사항·기준에 규율권한을 넘기되 법형식을 지정하지 않았다.
P00203,대통령령으로 정한다,위임,대통령령,4,문말 '대통령령으로 정한다'는 종결형으로 대통령령에 규율권한을 넘기는 위임이다.
P00204,교육부령이 정하는,판단불가,부령,2,문장이 '교육부령이 정하는'에서 잘려 있어 위임 여부를 확정할 수 없으나 지정된 법형식은 교육부령(부령)이다.
P00205,교육환경 변화에 대응하기 위한 학과등 간의 정원 조정이 필요한 경우 등 교육부장관이 정하는 사유가 있는 경우에는 교육부장관이 정하는,위임,미특정,3,문장이 일부 잘렸으나 '교육부장관이 정하는 사유'로 요건 일부를 하위 규범에 맡기는 부분 위임이며 법형식은 지정되지 않았다.
P00206,교육환경 변화에 대응하기 위한 학과등 간의 정원 조정이 필요한 경우 등 교육부장관이 정하는 사유가 있는 경우에는 교육부장관이 정하는,위임,미특정,3,문장이 다소 잘렸으나 '교육부장관이 정하는 사유'로 요건 일부를 하위 규율에 맡기는 부분 위임이며 법형식은 지정되지 않았다.
P00207,교육부령으로 정하는,판단불가,부령,4,문장이 '교육부령으로 정하는'에서 잘려 규율권한 이전 여부를 확정할 수 없으나 표지된 법형식은 부령이다.
P00208,교육부장관이 정하는 사유가 있는 경우에는 교육부장관이 정하는,위임,미특정,4,'교육부장관이 정하는'으로 규율권한을 넘기나 법형식을 지정하지 않았다.
P00209,교육부령으로 정하는,판단불가,미특정,3,문장이 '교육부령으로 정하는'에서 잘려 있어 위임 대상과 종결 형태를 확인할 수 없다.
P00210,대학수학능력시험에 응시하려는 사람은 교육부장관이 정하는 응시수수료를 내야 한다,위임,미특정,4,응시수수료 결정 권한을 교육부장관에게 넘기나 법형식을 지정하지 않았다.
P00211,교육부장관이 정하는 바에 따라 납부한 응시수수료의 전부 또는 일부를 반환받을 수 있다,위임,미특정,4,응시수수료 반환 기준을 교육부장관이 정하도록 맡기면서 법형식은 지정하지 않았다.
P00212,교육의 위탁을 받은 때에는 교육부장관이 정하는 기간내에,위임,미특정,3,문장이 불완전하나 '교육부장관이 정하는 기간'이라는 부분 위임 문언이 있고 법형식은 지정되지 않았다.
P00213,위탁교육의 실시에 관하여 필요한 사항은 교육부장관이 정한다.,위임,미특정,5,교육부장관에게 규율권한을 넘기지만 법형식을 지정하지 않았다.
P00214,대통령령으로 정한다,위임,대통령령,4,'대통령령으로 정한다'는 종결형 위임 문언으로 규율권한을 대통령령에 넘긴다.
P00215,설치에 관한 사항은 따로 대통령령으로,위임,대통령령,3,문장이 일부 잘렸으나 설치에 관한 사항을 따로 대통령령에 맡기는 위임 취지가 명확하다.
P00216,대통령령으로 정한다,위임,대통령령,3,주어부가 잘려 대상은 불분명하나 '대통령령으로 정한다'는 종결형 위임 문언이다.
P00217,대통령령으로 정한다,위임,대통령령,4,문언이 단편적이나 종결형 '대통령령으로 정한다'로 대통령령에 규율권한을 넘기는 위임이다.
P00218,사업성과 평가등의 기준·절차에 관한 세부사항 및 법 제59조의8제4항에 따른 평가결과별 행정적·재정적 지원의 방법 등은 교육부장관이 정한다.,위임,미특정,5,'교육부장관이 정한다'로 규율권한을 넘기지만 법형식을 지정하지 않았다.
P00219,교육부장관이 정하는 규제특례신청서에 다음 각 호의 자료를 첨부하여 규제특례 적용 학년도의 직전,위임,미특정,4,'교육부장관이 정하는 규제특례신청서'로 법형식을 지정하지 않고 서식 결정 권한을 넘긴다.
P00220,규제특례 부여 여부를 심의하기 위하여 필요한 사항으로서 교육부장관이 정하여 고시하는 자료,위임,고시,5,교육부장관이 고시로 정할 사항을 지시하는 부분 위임이다.
P00221,규정한 사항 외에 규제특례의 신청 등에 필요한 사항은 교육부장관이 정하여 고시한다.,위임,고시,5,'교육부장관이 정하여 고시한다'로 고시에 규율권한을 넘긴다.
P00222,규제특례의 목적 달성에 영향을 미치지 않는다고 교육부장관이 인정하여 고시하는 사항을 변경하는 경우,위임,고시,4,'교육부장관이 인정하여 고시하는 사항'으로 요건 일부를 고시에 맡기는 부분 위임이다.
P00223,교육부장관이 정하는 연장신청서에 다음 각 호의 자료를 첨부하여,위임,미특정,4,'교육부장관이 정하는 연장신청서'로 법형식을 지정하지 않은 채 규율권한을 넘긴다.
P00224,규제특례의 연장 등에 필요한 사항은 교육부장관이 정하여 고시한다,위임,고시,5,'교육부장관이 정하여 고시한다'로 고시에 규율권한을 넘긴다.
P00225,"③ 각급학교의 교사 기준면적(연면적을 말한다. 이하 같다)은 별표 1과 같다. 다만, 별표 1에 따른 기준면적(유치원 교사 중 교실 총면적 기준은 제외한다)은 특별시·광역시·특별자치시·도 및 특별자치도 (이하 ""시·도""라 한다)의 교육감(이하 ""시·도교육감""이라 한다)이 각급학교의 학교별 특성을 고려하여 교육상 지장이 없는 범위에서 시·도 조례로 정하는 바에 따라 3분의 1의 범위 안에서 완화할 수 있다.",위임,조례,5,기준면적 완화 사항을 시·도 조례로 정하도록 규율권한을 넘긴다.
P00226,"③ 각급학교의 교사 기준면적(연면적을 말한다. 이하 같다)은 별표 1과 같다. 다만, 별표 1에 따른 기준면적(유치원 교사 중 교실 총면적 기준은 제외한다)은 특별시·광역시·특별자치시·도 및 특별자치도 (이하 ""시·도""라 한다)의 교육감(이하 ""시·도교육감""이라 한다)이 각급학교의 학교별 특성을 고려하여 교육상 지장이 없는 범위에서 시·도 조례로 정하는 바에 따라 3분의 1의 범위 안에서 완화할 수 있다.",위임,조례,4,기준면적 완화의 구체적 사항을 시·도 조례로 정하도록 규율권한을 넘기는 부분 위임이다.
P00227,"③ 각급학교의 교사 기준면적(연면적을 말한다. 이하 같다)은 별표 1과 같다. 다만, 별표 1에 따른 기준면적(유치원 교사 중 교실 총면적 기준은 제외한다)은 특별시·광역시·특별자치시·도 및 특별자치도 (이하 ""시·도""라 한다)의 교육감(이하 ""시·도교육감""이라 한다)이 각급학교의 학교별 특성을 고려하여 교육상 지장이 없는 범위에서 시·도 조례로 정하는 바에 따라 3분의 1의 범위 안에서 완화할 수 있다.",위임,조례,5,기준면적 완화의 구체적 사항을 시·도 조례로 정하도록 규율권한을 넘긴다.
P00228,교육부령이 정하는,판단불가,미특정,3,문장이 '교육부령이 정하는'에서 잘려 규율 대상이나 종결 형태를 확인할 수 없다.
P00229,교육부령으로 정한다,위임,부령,4,'교육부령으로 정한다'는 종결형으로 부령에 규율권한을 넘기는 위임이다.
P00230,교육부령으로 정한다,위임,부령,4,종결형 '교육부령으로 정한다'로 부령에 규율권한을 넘기는 위임이다.
P00231,교육부령으로 정한다,위임,부령,4,'교육부령으로 정한다'는 종결형으로 부령에 규율권한을 넘기는 위임이다.
P00232,교육부령으로 정하는,판단불가,부령,2,문장이 '교육부령으로 정하는'에서 잘려 있어 위임 종결 여부를 확정할 수 없으나 지시된 법형식은 교육부령이다.
P00233,교육부령이 정하는,판단불가,부령,3,문장이 '교육부령이 정하는'에서 잘려 규율 대상과 종결 형태를 확인할 수 없어 위임 여부를 확정할 수 없다.
P00234,시·도교육감은 부득이한 사유가 있는 경우에는 제2조부터 제5조까지에 규정된 기간을 해당 시·도 교육규칙으로 정하는 바에 따라 조정할 수 있다.,위임,교육규칙,4,기간 조정의 구체적 사항을 시·도 교육규칙에 정하도록 규율권한을 넘긴다.
P00235,대통령령으로 정하는,판단불가,대통령령,3,문장이 '대통령령으로 정하는'에서 잘려 있어 규율권한 이전의 대상과 범위를 확정할 수 없다.
P00236,대통령령으로 정하는,판단불가,대통령령,2,문장이 '대통령령으로 정하는'에서 잘려 무엇을 위임하는지 확인할 수 없어 판정이 불가하다.
P00237,대통령령으로 정하는,판단불가,대통령령,2,문장이 '대통령령으로 정하는'에서 잘려 규율 대상과 종결 형태를 확인할 수 없다.
P00238,대통령령으로 정하는,판단불가,대통령령,3,문장이 '대통령령으로 정하는'에서 잘려 있어 무엇을 위임하는지 확인할 수 없다.
P00239,⑥ 교육감은 제5항에 따라 제출받은 영향평가 결과 및 다음 연도 입학전형에의 반영 계획을 시·도의 교육규칙으로 정하는 바에 따라 공표할 수 있다.,위임,교육규칙,5,공표 방법을 시·도 교육규칙에 정하도록 규율권한을 넘긴다.
P00240,⑥ 교육감은 제5항에 따라 제출받은 영향평가 결과 및 다음 연도 입학전형에의 반영 계획을 시·도의 교육규칙으로 정하는 바에 따라 공표할 수 있다.,위임,교육규칙,4,공표 방법을 시·도 교육규칙으로 정하도록 규율권한을 넘기는 부분 위임이다.
P00241,⑥ 교육감은 제5항에 따라 제출받은 영향평가 결과 및 다음 연도 입학전형에의 반영 계획을 시·도의 교육규칙으로 정하는 바에 따라 공표할 수 있다.,위임,교육규칙,5,공표 방법에 관한 사항을 시·도 교육규칙으로 정하도록 규율권한을 넘긴다.
P00242,⑥ 교육감은 제5항에 따라 제출받은 영향평가 결과 및 다음 연도 입학전형에의 반영 계획을 시·도의 교육규칙으로 정하는 바에 따라 공표할 수 있다.,위임,교육규칙,5,공표의 방법·절차를 시·도 교육규칙으로 정하도록 규율권한을 넘긴다.
P00243,⑥ 교육감은 제5항에 따라 제출받은 영향평가 결과 및 다음 연도 입학전형에의 반영 계획을 시·도의 교육규칙으로 정하는 바에 따라 공표할 수 있다.,위임,교육규칙,4,공표 방법에 관한 사항을 시·도 교육규칙으로 정하도록 규율권한을 넘긴 부분 위임이다.
P00244,⑥ 교육감은 제5항에 따라 제출받은 영향평가 결과 및 다음 연도 입학전형에의 반영 계획을 시·도의 교육규칙으로 정하는 바에 따라 공표할 수 있다.,위임,교육규칙,5,공표 방법 등을 시·도 교육규칙으로 정하도록 규율권한을 넘긴다.
P00245,⑥ 교육감은 제5항에 따라 제출받은 영향평가 결과 및 다음 연도 입학전형에의 반영 계획을 시·도의 교육규칙으로 정하는 바에 따라 공표할 수 있다.,위임,교육규칙,4,공표 방법을 시·도 교육규칙에 정하도록 규율권한을 넘기는 부분 위임이다.
P00246,⑥ 교육감은 제5항에 따라 제출받은 영향평가 결과 및 다음 연도 입학전형에의 반영 계획을 시·도의 교육규칙으로 정하는 바에 따라 공표할 수 있다.,위임,교육규칙,4,공표 방법 등을 시·도 교육규칙에 정하도록 규율권한을 넘기는 부분 위임이다.
P00247,⑥ 교육감은 제5항에 따라 제출받은 영향평가 결과 및 다음 연도 입학전형에의 반영 계획을 시·도의 교육규칙으로 정하는 바에 따라 공표할 수 있다.,위임,교육규칙,5,공표 방법을 시·도 교육규칙으로 정하도록 규율권한을 넘긴다.
P00248,대통령령으로 정한다,위임,대통령령,4,문말 종결형으로 대통령령에 규율권한을 넘기는 위임 문언이다.
P00249,대통령령으로 정한다,위임,대통령령,4,문장이 단편적이나 '대통령령으로 정한다'는 종결형 위임 문언이다.
P00250,대통령령으로 정한다,위임,대통령령,4,문말 종결형 '대통령령으로 정한다'로 대통령령에 규율권한을 넘기는 위임이다.
P00251,대통령령으로 정한다,위임,대통령령,4,문말 '대통령령으로 정한다'로 위원회 관련 사항의 규율권한을 대통령령에 넘긴다.
P00252,대통령령으로 정한다,위임,대통령령,4,문말 '대통령령으로 정한다'로 대통령령에 규율권한을 넘기는 위임이다.
P00253,대통령령으로 정한다,위임,대통령령,4,문언이 대통령령에 규율권한을 넘기는 종결형 위임이다.
P00254,대통령령으로 정한다,위임,대통령령,4,문말 종결형 '대통령령으로 정한다'로 대통령령에 규율권한을 넘기는 위임이다.
P00255,대통령령으로 정하는,판단불가,해당없음,3,문장이 '대통령령으로 정하는'에서 절단되어 규율 대상과 종결 형태를 확인할 수 없다.
P00256,이행하지 아니하면 대통령령으로 정하는 바에 따라 ,위임,대통령령,3,문장이 중간에서 끊겼으나 '대통령령으로 정하는 바에 따라'라는 위임 표지가 명확하여 대통령령에 규율권한을 넘기는 것으로 본다.
P00257,대통령령으로 정하는,위임,대통령령,3,문장이 잘린 조각이나 '대통령령으로 정하는'이라는 부분 위임 문구가 명시되어 대통령령에 규율권한을 넘기는 것으로 볼 수 있다.
P00258,대통령령으로 정하는,판단불가,대통령령,3,문장이 '대통령령으로 정하는'에서 잘려 무엇을 위임하는지 확인할 수 없어 판정이 불가하나 문언상 지정 형식은 대통령령이다.
P00259,대통령령으로 정하는 경우,위임,대통령령,4,호 형식의 '대통령령으로 정하는 경우'는 적용 배제 요건의 일부를 대통령령에 맡기는 부분 위임이다.
P00260,"④ 법 제9조제4항에 따른 영향평가를 실시하기 위한 방법, 절차 등에 관하여 필요한 사항은 특별시·광역시·특별자치시·도·특별자치도(이하 ""시·도""라 한다)의 교육규칙으로 정한다.",위임,교육규칙,5,영향평가 방법·절차 등 필요한 사항을 시·도 교육규칙에 정하도록 규율권한을 넘긴다.
P00261,"④ 법 제9조제4항에 따른 영향평가를 실시하기 위한 방법, 절차 등에 관하여 필요한 사항은 특별시·광역시·특별자치시·도·특별자치도(이하 ""시·도""라 한다)의 교육규칙으로 정한다.",위임,교육규칙,5,영향평가 방법·절차 등 필요한 사항을 시·도 교육규칙에 규율권한을 넘기는 위임이다.
P00262,"④ 법 제9조제4항에 따른 영향평가를 실시하기 위한 방법, 절차 등에 관하여 필요한 사항은 특별시·광역시·특별자치시·도·특별자치도(이하 ""시·도""라 한다)의 교육규칙으로 정한다.",위임,교육규칙,5,영향평가 방법·절차에 관한 사항을 시·도 교육규칙에 정하도록 규율권한을 넘긴다.
P00263,"④ 법 제9조제4항에 따른 영향평가를 실시하기 위한 방법, 절차 등에 관하여 필요한 사항은 특별시·광역시·특별자치시·도·특별자치도(이하 ""시·도""라 한다)의 교육규칙으로 정한다.",위임,교육규칙,5,영향평가 방법·절차 등 필요한 사항을 시·도 교육규칙으로 정하도록 규율권한을 넘긴다.
P00264,"④ 법 제9조제4항에 따른 영향평가를 실시하기 위한 방법, 절차 등에 관하여 필요한 사항은 특별시·광역시·특별자치시·도·특별자치도(이하 ""시·도""라 한다)의 교육규칙으로 정한다.",위임,교육규칙,5,영향평가 방법·절차에 관한 사항을 시·도 교육규칙에 정하도록 규율권한을 넘긴다.
P00265,"④ 법 제9조제4항에 따른 영향평가를 실시하기 위한 방법, 절차 등에 관하여 필요한 사항은 특별시·광역시·특별자치시·도·특별자치도(이하 ""시·도""라 한다)의 교육규칙으로 정한다.",위임,교육규칙,5,영향평가 방법·절차 등 필요한 사항을 시·도 교육규칙에 정하도록 규율권한을 넘긴다.
P00266,"④ 법 제9조제4항에 따른 영향평가를 실시하기 위한 방법, 절차 등에 관하여 필요한 사항은 특별시·광역시·특별자치시·도·특별자치도(이하 ""시·도""라 한다)의 교육규칙으로 정한다.",위임,교육규칙,5,영향평가의 방법·절차 등 필요한 사항을 시·도 교육규칙으로 정하도록 규율권한을 넘긴다.
P00267,"④ 법 제9조제4항에 따른 영향평가를 실시하기 위한 방법, 절차 등에 관하여 필요한 사항은 특별시·광역시·특별자치시·도·특별자치도(이하 ""시·도""라 한다)의 교육규칙으로 정한다.",위임,교육규칙,5,영향평가 방법·절차에 관한 사항을 시·도 교육규칙에 정하도록 규율권한을 넘긴다.
P00268,"④ 법 제9조제4항에 따른 영향평가를 실시하기 위한 방법, 절차 등에 관하여 필요한 사항은 특별시·광역시·특별자치시·도·특별자치도(이하 ""시·도""라 한다)의 교육규칙으로 정한다.",위임,교육규칙,5,영향평가의 방법·절차 등 필요한 사항을 시·도 교육규칙으로 정하도록 규율권한을 넘긴다.
P00269,"④ 법 제9조제4항에 따른 영향평가를 실시하기 위한 방법, 절차 등에 관하여 필요한 사항은 특별시·광역시·특별자치시·도·특별자치도(이하 ""시·도""라 한다)의 교육규칙으로 정한다.",위임,교육규칙,5,영향평가 방법·절차 등을 시·도 교육규칙에 정하도록 규율권한을 넘긴다.
P00270,"④ 법 제9조제4항에 따른 영향평가를 실시하기 위한 방법, 절차 등에 관하여 필요한 사항은 특별시·광역시·특별자치시·도·특별자치도(이하 ""시·도""라 한다)의 교육규칙으로 정한다.",위임,교육규칙,5,영향평가 방법·절차 등 필요한 사항을 시·도 교육규칙에 정하도록 규율권한을 넘긴다.
P00271,"④ 법 제9조제4항에 따른 영향평가를 실시하기 위한 방법, 절차 등에 관하여 필요한 사항은 특별시·광역시·특별자치시·도·특별자치도(이하 ""시·도""라 한다)의 교육규칙으로 정한다.",위임,교육규칙,5,영향평가의 방법·절차 등 필요한 사항을 시·도 교육규칙으로 정하도록 규율권한을 넘긴다.
P00272,"④ 법 제9조제4항에 따른 영향평가를 실시하기 위한 방법, 절차 등에 관하여 필요한 사항은 특별시·광역시·특별자치시·도·특별자치도(이하 ""시·도""라 한다)의 교육규칙으로 정한다.",위임,교육규칙,5,영향평가의 방법·절차 등 필요한 사항을 시·도 교육규칙에 정하도록 규율권한을 넘긴다.
P00273,"④ 법 제9조제4항에 따른 영향평가를 실시하기 위한 방법, 절차 등에 관하여 필요한 사항은 특별시·광역시·특별자치시·도·특별자치도(이하 ""시·도""라 한다)의 교육규칙으로 정한다.",위임,교육규칙,5,영향평가 방법·절차 등 필요한 사항을 시·도 교육규칙으로 정하도록 규율권한을 넘긴다.
P00274,필요한 사항은 대통령령으로,위임,대통령령,3,문장이 일부 절단되었으나 '필요한 사항은 대통령령으로'라는 문언상 대통령령에 규율권한을 넘기는 위임 규정으로 판정된다.
P00275,필요한 사항은 대통령령으로,위임,대통령령,3,문장이 잘렸으나 '필요한 사항은 대통령령으로'라는 문언상 대통령령에 규율권한을 넘기는 위임으로 읽힌다.
P00276,필요한 사항은 대통령령으로,판단불가,대통령령,3,문장이 서술어 없이 잘려 있어 위임 종결 여부를 확정할 수 없으나 문언상 대통령령이 지정되어 있다.
P00277,필요한 사항은 대통령령으로,판단불가,대통령령,3,문장이 '대통령령으로'에서 잘려 종결 서술어가 없어 위임 여부를 확정할 수 없으나 표지어구는 대통령령이다.
P00278,필요한 사항은 대통령령으로,판단불가,대통령령,3,문장이 서술어 없이 잘려 있어 위임 종결 여부를 확정할 수 없으나 표지어구로 대통령령이 지목되어 있다.
P00279,필요한 사항은 대통령령으로,위임,대통령령,3,문말이 잘렸으나 '필요한 사항은 대통령령으로'는 대통령령에 규율권한을 넘기는 전형적 위임 문언이다.
P00280,국정도서는 교육부장관이 정하여 고시하는 교과목의 교과용 도서로 한다,위임,고시,4,국정도서 대상 교과목의 결정을 교육부장관의 고시에 맡기는 부분 위임이다.
P00281,국정도서는 교육부장관이 정하여 고시하는 교과목의 교과용 도서로 한다,위임,고시,4,국정도서 대상 교과목의 결정을 교육부장관의 고시에 맡기는 부분 위임이다.
P00282,국정도서는 교육부장관이 정하여 고시하는 교과목의 교과용 도서로 한다,위임,고시,4,국정도서 대상 교과목의 지정을 교육부장관의 고시에 맡기는 부분 위임이다.
P00283,국정도서는 교육부장관이 정하여 고시하는 교과목의 교과용 도서로 한다,위임,고시,4,국정도서 대상 교과목의 결정을 교육부장관의 고시에 부분 위임한다.
P00284,국정도서는 교육부장관이 정하여 고시하는 교과목의 교과용 도서로 한다,위임,고시,4,국정도서 대상 교과목의 결정을 교육부장관 고시에 맡기는 부분 위임이다.
P00285,검정도서는 교육부장관이 정하여 고시하는 교과목의 교과용 도서로 한다,위임,고시,4,검정도서 대상 교과목의 결정을 교육부장관의 고시에 부분 위임하고 있다.
P00286,검정도서는 교육부장관이 정하여 고시하는 교과목의 교과용 도서로 한다,위임,고시,5,교과목 지정을 교육부장관의 고시에 맡기는 부분 위임이다.
P00287,검정도서는 교육부장관이 정하여 고시하는 교과목의 교과용 도서로 한다,위임,고시,5,검정도서 대상 교과목을 교육부장관 고시로 정하도록 규율권한을 넘긴다.
P00288,교육부장관이 정하여 고시하는 교과목에 대하여 인정도서를 선정·사용하려는 경우에는,위임,고시,4,'교육부장관이 정하여 고시하는 교과목'은 요건 일부를 고시에 넘기는 부분 위임이다.
P00289,교육부장관이 정하여 고시하는 교과목에 대하여 인정도서를 선정·사용하려는 경우에는,위임,고시,4,'교육부장관이 정하여 고시하는 교과목'은 요건 일부를 고시에 맡기는 부분 위임이다.
P00290,교육부장관이 정하여 고시하는 교과목 외의 교과목에 대하여 인정도서를 선정·사용하려는 경우에는,위임,고시,4,문장이 종결되지 않았으나 '교육부장관이 정하여 고시하는 교과목'이라는 요건 일부를 고시에 맡기는 부분 위임 표지가 명확하다.
P00291,교육부장관이 정하여 고시하는 교과목 외의 교과목에 대하여 인정도서를 선정·사용하려는 경우에는,위임,고시,4,문장이 종결되지 않았으나 '교육부장관이 정하여 고시하는 교과목'이라는 부분 위임 문언이 명확히 고시에 규율권한을 넘긴다.
P00292,교육부장관이 따로 정하여 고시하는 교과목의 경우에는 인정을 신청할 때,위임,고시,4,'교육부장관이 따로 정하여 고시하는 교과목'은 대상 확정을 고시에 맡기는 부분 위임이다.
P00293,교육부장관이 따로 정하여 고시하는 교과목의 경우에는 인정을 신청할 때,위임,고시,4,'교육부장관이 따로 정하여 고시하는 교과목'은 요건 일부를 고시에 맡기는 부분 위임이다.
P00294,"교육부장관이 정하여 고시하는 바에 따라 실시한 해당 도서의 내용 오류, 표기·표현 오류 등에 대한 검증 결과를 제출해야 한다.",위임,고시,4,'정하여 고시하는 바에 따라'는 검증 실시 방법에 관한 규율권한을 장관 고시에 넘기는 위임이다.
P00295,"교육부장관이 정하여 고시하는 바에 따라 실시한 해당 도서의 내용 오류, 표기·표현 오류 등에 대한 검증 결과를 제출해야 한다.",위임,고시,4,'정하여 고시하는 바에 따라'로 검증 실시 기준을 장관 고시에 넘기는 부분 위임이다.
P00296,교육과정 개정 후에도 제14조제3항에 따라 교육부장관이 정하여 고시하는 교과목 외의 교과목의 인정도서를 계속 사용하는 데 지장이 없다고 인정되는 경우에는,인용,해당없음,3,"제14조제3항에 근거한 기존 고시 내용을 요건으로 가리키는 인용이며, 이 문장 자체가 새로 규율권한을 넘기지 않는다."
P00297,원가산정에 관한 세부사항은 교육부장관이 따로 정한다.,위임,미특정,5,교육부장관에게 세부사항 규율권한을 넘기지만 법형식을 지정하지 않았다.
P00298,항목별 세부사항은 교육부장관이 정하여 고시한다.,위임,고시,5,항목별 세부사항의 규율권한을 교육부장관의 고시에 넘긴다.
P00299,가격이 결정된 때에는 그 정가를 관보에 고시하여야 한다.,인용,해당없음,4,관보 고시는 결정된 정가를 공시하는 개별 행위일 뿐 하위 규범에 규율권한을 넘기는 위임이 아니다.
P00300,가격이 결정된 때에는 그 정가를 관보에 고시하여야 한다.,인용,해당없음,4,결정된 정가를 관보에 공시하는 행위 규정일 뿐 하위 규범에 규율권한을 넘기는 위임이 아니다.
P00301,③제1항에 따라 교육감에게 위임된 사항을 심의하기 위하여 특별시ㆍ광역시ㆍ특별자치시ㆍ도 및 특별자치도의 교육청에 인정도서심의회를 둔다. 이 경우 인정도서심의회의 구성 및 운영 등에 관하여 필요한 사항은 교육규칙으로 정한다.,위임,교육규칙,5,인정도서심의회의 구성·운영에 관한 사항을 교육규칙으로 정하도록 규율권한을 넘긴다.
P00302,③제1항에 따라 교육감에게 위임된 사항을 심의하기 위하여 특별시ㆍ광역시ㆍ특별자치시ㆍ도 및 특별자치도의 교육청에 인정도서심의회를 둔다. 이 경우 인정도서심의회의 구성 및 운영 등에 관하여 필요한 사항은 교육규칙으로 정한다.,위임,교육규칙,5,인정도서심의회의 구성·운영에 관한 사항을 교육규칙에 정하도록 규율권한을 넘긴다.
P00303,③제1항에 따라 교육감에게 위임된 사항을 심의하기 위하여 특별시ㆍ광역시ㆍ특별자치시ㆍ도 및 특별자치도의 교육청에 인정도서심의회를 둔다. 이 경우 인정도서심의회의 구성 및 운영 등에 관하여 필요한 사항은 교육규칙으로 정한다.,위임,교육규칙,5,인정도서심의회 구성·운영에 관한 사항을 교육규칙에 정하도록 규율권한을 넘긴다.
P00304,③제1항에 따라 교육감에게 위임된 사항을 심의하기 위하여 특별시ㆍ광역시ㆍ특별자치시ㆍ도 및 특별자치도의 교육청에 인정도서심의회를 둔다. 이 경우 인정도서심의회의 구성 및 운영 등에 관하여 필요한 사항은 교육규칙으로 정한다.,위임,교육규칙,5,인정도서심의회의 구성·운영에 필요한 사항을 교육규칙에 정하도록 규율권한을 넘긴다.
P00305,③제1항에 따라 교육감에게 위임된 사항을 심의하기 위하여 특별시ㆍ광역시ㆍ특별자치시ㆍ도 및 특별자치도의 교육청에 인정도서심의회를 둔다. 이 경우 인정도서심의회의 구성 및 운영 등에 관하여 필요한 사항은 교육규칙으로 정한다.,위임,교육규칙,5,인정도서심의회의 구성·운영에 관한 사항을 교육규칙에 정하도록 규율권한을 넘긴다.
P00306,③제1항에 따라 교육감에게 위임된 사항을 심의하기 위하여 특별시ㆍ광역시ㆍ특별자치시ㆍ도 및 특별자치도의 교육청에 인정도서심의회를 둔다. 이 경우 인정도서심의회의 구성 및 운영 등에 관하여 필요한 사항은 교육규칙으로 정한다.,위임,교육규칙,5,인정도서심의회의 구성·운영에 관한 사항을 교육규칙으로 정하도록 규율권한을 넘긴다.
P00307,③제1항에 따라 교육감에게 위임된 사항을 심의하기 위하여 특별시ㆍ광역시ㆍ특별자치시ㆍ도 및 특별자치도의 교육청에 인정도서심의회를 둔다. 이 경우 인정도서심의회의 구성 및 운영 등에 관하여 필요한 사항은 교육규칙으로 정한다.,위임,교육규칙,5,인정도서심의회 구성·운영에 관한 사항을 교육감이 제정하는 교육규칙에 위임한다.
P00308,③제1항에 따라 교육감에게 위임된 사항을 심의하기 위하여 특별시ㆍ광역시ㆍ특별자치시ㆍ도 및 특별자치도의 교육청에 인정도서심의회를 둔다. 이 경우 인정도서심의회의 구성 및 운영 등에 관하여 필요한 사항은 교육규칙으로 정한다.,위임,교육규칙,5,인정도서심의회 구성·운영에 관한 사항을 교육규칙으로 정하도록 규율권한을 넘긴다.
P00309,③제1항에 따라 교육감에게 위임된 사항을 심의하기 위하여 특별시ㆍ광역시ㆍ특별자치시ㆍ도 및 특별자치도의 교육청에 인정도서심의회를 둔다. 이 경우 인정도서심의회의 구성 및 운영 등에 관하여 필요한 사항은 교육규칙으로 정한다.,위임,교육규칙,5,인정도서심의회의 구성·운영에 관한 사항을 교육규칙에 정하도록 규율권한을 넘긴다.
P00310,③제1항에 따라 교육감에게 위임된 사항을 심의하기 위하여 특별시ㆍ광역시ㆍ특별자치시ㆍ도 및 특별자치도의 교육청에 인정도서심의회를 둔다. 이 경우 인정도서심의회의 구성 및 운영 등에 관하여 필요한 사항은 교육규칙으로 정한다.,위임,교육규칙,5,인정도서심의회 구성·운영에 관한 사항을 교육감이 제정하는 교육규칙에 위임한다.
P00311,③제1항에 따라 교육감에게 위임된 사항을 심의하기 위하여 특별시ㆍ광역시ㆍ특별자치시ㆍ도 및 특별자치도의 교육청에 인정도서심의회를 둔다. 이 경우 인정도서심의회의 구성 및 운영 등에 관하여 필요한 사항은 교육규칙으로 정한다.,위임,교육규칙,5,인정도서심의회의 구성·운영에 관한 사항을 교육규칙에 정하도록 규율권한을 넘긴다.
P00312,③제1항에 따라 교육감에게 위임된 사항을 심의하기 위하여 특별시ㆍ광역시ㆍ특별자치시ㆍ도 및 특별자치도의 교육청에 인정도서심의회를 둔다. 이 경우 인정도서심의회의 구성 및 운영 등에 관하여 필요한 사항은 교육규칙으로 정한다.,위임,교육규칙,5,인정도서심의회의 구성·운영에 필요한 사항을 교육감이 제정하는 교육규칙에 넘기는 위임이다.
P00313,③제1항에 따라 교육감에게 위임된 사항을 심의하기 위하여 특별시ㆍ광역시ㆍ특별자치시ㆍ도 및 특별자치도의 교육청에 인정도서심의회를 둔다. 이 경우 인정도서심의회의 구성 및 운영 등에 관하여 필요한 사항은 교육규칙으로 정한다.,위임,교육규칙,5,인정도서심의회의 구성·운영에 관한 사항을 교육감이 제정하는 교육규칙에 위임한다.
P00314,③제1항에 따라 교육감에게 위임된 사항을 심의하기 위하여 특별시ㆍ광역시ㆍ특별자치시ㆍ도 및 특별자치도의 교육청에 인정도서심의회를 둔다. 이 경우 인정도서심의회의 구성 및 운영 등에 관하여 필요한 사항은 교육규칙으로 정한다.,위임,교육규칙,5,인정도서심의회의 구성·운영에 필요한 사항을 교육규칙으로 정하도록 규율권한을 넘긴다.
P00315,③제1항에 따라 교육감에게 위임된 사항을 심의하기 위하여 특별시ㆍ광역시ㆍ특별자치시ㆍ도 및 특별자치도의 교육청에 인정도서심의회를 둔다. 이 경우 인정도서심의회의 구성 및 운영 등에 관하여 필요한 사항은 교육규칙으로 정한다.,위임,교육규칙,5,인정도서심의회의 구성·운영에 관한 사항을 교육규칙에 정하도록 규율권한을 넘긴다.
P00316,③제1항에 따라 교육감에게 위임된 사항을 심의하기 위하여 특별시ㆍ광역시ㆍ특별자치시ㆍ도 및 특별자치도의 교육청에 인정도서심의회를 둔다. 이 경우 인정도서심의회의 구성 및 운영 등에 관하여 필요한 사항은 교육규칙으로 정한다.,위임,교육규칙,5,인정도서심의회의 구성·운영에 필요한 사항을 교육규칙에 정하도록 규율권한을 넘긴다.
P00317,③제1항에 따라 교육감에게 위임된 사항을 심의하기 위하여 특별시ㆍ광역시ㆍ특별자치시ㆍ도 및 특별자치도의 교육청에 인정도서심의회를 둔다. 이 경우 인정도서심의회의 구성 및 운영 등에 관하여 필요한 사항은 교육규칙으로 정한다.,위임,교육규칙,5,인정도서심의회의 구성·운영에 필요한 사항을 교육규칙으로 정하도록 규율권한을 넘긴다.
P00318,③제1항에 따라 교육감에게 위임된 사항을 심의하기 위하여 특별시ㆍ광역시ㆍ특별자치시ㆍ도 및 특별자치도의 교육청에 인정도서심의회를 둔다. 이 경우 인정도서심의회의 구성 및 운영 등에 관하여 필요한 사항은 교육규칙으로 정한다.,위임,교육규칙,5,인정도서심의회의 구성·운영에 관한 사항을 교육규칙으로 정하도록 규율권한을 넘긴다.
P00319,교육부령으로 정하는,판단불가,미특정,3,문장이 '교육부령으로 정하는'에서 잘려 있어 규율 대상과 종결 형태를 확인할 수 없다.
P00320,교육부령으로 정하는 바에,판단불가,부령,2,문장이 중간에 잘려 규율권한 이전 여부를 확정할 수 없으나 표지어구상 법형식은 교육부령이다.
P00321,교육부령으로 정하는 중요사항을,판단불가,미특정,3,문장이 중간에서 잘려 종결부가 없어 규율권한 이전 여부를 확정할 수 없다.
P00322,교육부령으로 정하는 바에 따라,위임,부령,4,'교육부령으로 정하는 바에 따라'는 세부 사항의 규율권한을 교육부령에 넘기는 위임 문언이다.
P00323,기간을 정하여 교육부령으로,판단불가,미특정,4,문장이 중간에서 잘려 서술어가 없어 위임 여부를 확정할 수 없다.
P00324,세부기준은 교육부령으로,판단불가,부령,3,문장이 종결되지 않고 잘려 있어 위임 여부를 확정할 수 없으나 문언상 교육부령이 지정되어 있다.
P00325,2. 제2조의2제1항에 따른 평가결과가 교육부장관이 정하여 고시하는 기준에 미달하는 경우,위임,고시,4,'교육부장관이 정하여 고시하는 기준'으로 기준 설정 권한을 고시에 넘기는 부분 위임이다.
P00326,교육부령으로 정한다,위임,부령,4,종결형 '교육부령으로 정한다'로 부령에 규율권한을 넘기는 위임이다.
P00327,교육부령으로 정한다,위임,부령,5,'교육부령으로 정한다'는 종결형으로 부령에 규율권한을 넘기는 위임이다.
P00328,교육부령으로 정한다,위임,부령,4,'교육부령으로 정한다'는 종결형으로 부령에 규율권한을 넘기는 위임이다.
P00329,교육부령으로 정하는 바에 따라,위임,부령,3,문장이 단편이지만 '교육부령으로 정하는 바에 따라'는 교육부령에 규율사항을 넘기는 위임 표지이다.
P00330,교육부령으로 정한다,위임,부령,4,'교육부령으로 정한다'는 종결형 위임으로 부령에 규율권한을 넘긴다.
P00331,"교육부장관이 정하는 기준에 따라 교육감, 해당 유치원의 장 및 해당 학교의 장이 각각 정한다.",위임,미특정,4,교육부장관이 정하는 기준과 교육감·유치원장·학교장이 각각 정하도록 규율권한을 넘기지만 법형식을 지정하지 않았다.
P00332,교육부장관이 정하는 기준과 절차에 따라 교육감이 정한다.,위임,미특정,4,교육부장관이 정하는 기준·절차에 따라 교육감이 정하도록 규율권한을 넘기나 법형식은 명시되지 않았다.
P00333,연수 대상자를 지명할 때에는 교육부장관이 정하는 기준 및 인원의 범위에서 지명한다.,위임,미특정,4,교육부장관이 정할 기준과 인원의 범위를 지시하여 규율권한을 넘기나 법형식은 지정하지 않았다.
P00334,"교육부장관이 정하는 기준에 따라 관할 교육감이 지명한다. 다만, 국립학교등에 근무하는 사람에 대해서는 그 소속 기관의 장이 교육부장관이 정하는",위임,미특정,3,'교육부장관이 정하는 기준'으로 기준 설정 권한을 넘기나 법형식은 지정하지 않았고 문장 후단이 잘려 있다.
P00335,"자격연수의 연수과정은 별표 2와 같고, 자격연수별 세부 주제, 세부 주제별 이수시간 등은 교육부장관이 정하여 고시할 수 있으며,",위임,고시,5,세부 주제 및 이수시간 등을 교육부장관 고시로 정하도록 규율권한을 넘긴다.
P00336,법률로 정한다,판단불가,해당없음,3,"문장이 '법률로 정한다'만으로 잘려 주체·대상이 불명확하며, 법률은 하위 규범이 아니어서 위임으로 볼 수 없다."
P00337,법률로 정한다,판단불가,해당없음,3,"문장이 '법률로 정한다'만 남아 잘려 있고, 법률은 하위 규범이 아니어서 위임 여부를 확정할 수 없다."
P00338,법률로 정한다,인용,해당없음,3,'따로 법률로 정한다'는 별도 입법을 예정한 것으로 하위 규범에 규율권한을 넘기는 위임이 아니다.
P00339,법률로 정한다,판단불가,해당없음,3,"문장이 '법률로 정한다'만 남아 잘린 단편이며, 지정 대상이 하위 규범이 아닌 법률이어서 위임 여부를 확정할 수 없다."
P00340,법률로 정한다,인용,해당없음,2,문장이 잘려 있으나 '법률로 정한다'는 별도 법률에 의한 규율을 지시하는 것으로 하위 규범에 대한 위임이 아니다.
P00341,법률로 정한다,판단불가,해당없음,3,"문장이 '법률로 정한다'만 남아 잘려 있고, 지시 대상이 하위 규범이 아닌 별도 법률이어서 하위 규범 위임으로 판정할 수 없다."
P00342,법률로 정한다,판단불가,해당없음,3,"문장이 '법률로 정한다'만 잘려 있어 주어·대상이 없고, 법률은 하위 규범 법형식 목록에 해당하지 않아 위임 여부를 판정할 수 없다."
P00343,법률로 정한다,인용,해당없음,3,하위 규범이 아닌 별도 '법률'에 맡기는 법률유보 문언이므로 하위 규범에 대한 위임으로 볼 수 없다.
P00344,법률로 정한다,판단불가,해당없음,3,"문장이 '법률로 정한다'만으로 잘려 있어 대상 사항이 불명확하고, 법률은 하위 규범 위임에 해당하지 않아 판정할 수 없다."
P00345,법률로 정한다,인용,해당없음,3,하위 규범이 아닌 별도의 '법률'에 맡기는 문언이어서 하위 규범에 대한 위임으로 볼 수 없고 다른 법률을 가리키는 인용에 해당한다.
P00346,법률로 정한다,판단불가,해당없음,3,"문장이 '법률로 정한다'만으로 잘려 있어 대상과 취지를 알 수 없고, 법률유보는 하위 규범 위임에도 해당하지 않는다."
P00347,법률로 정한다,판단불가,해당없음,3,"문장이 '법률로 정한다'만 남아 잘려 있고, 지정된 형식도 하위 규범이 아닌 동위의 법률이어서 위임 여부를 판정할 수 없다."
P00348,법률로 정한다,인용,해당없음,3,하위 규범이 아닌 별도의 '법률'에 맡기는 문언이므로 하위 규범 위임에 해당하지 않는다.
P00349,대통령령으로 정하는,판단불가,대통령령,2,문장이 '대통령령으로 정하는'에서 잘려 규율 대상과 종결 구조를 확인할 수 없다.
P00350,사항은 대통령령으로,판단불가,대통령령,3,문장이 중간에서 잘려 종결부가 없어 위임 여부를 확정할 수 없으나 표지어구는 대통령령이다.
P00351,사항은 대통령령으로,판단불가,대통령령,2,문장이 중간에서 잘려 주어와 서술어가 불완전하여 위임 여부를 확정할 수 없으나 문언상 대통령령이 지정되어 있다.
P00352,사항은 대통령령으로,판단불가,미특정,3,문장이 '사항은 대통령령으로'에서 잘려 종결부가 없어 위임 여부를 확정할 수 없다.
P00353,사항은 대통령령으로,판단불가,대통령령,3,문장이 중간에서 잘려 종결부(정한다 등)가 없어 위임 여부를 확정할 수 없으나 표지어구로 대통령령이 언급된다.
P00354,대통령령으로 정하는,판단불가,대통령령,3,문장이 '대통령령으로 정하는'에서 잘려 무엇을 위임하는지 확인할 수 없어 판정이 불가하다.
P00355,필요한 사항은 대통령령으로,판단불가,대통령령,3,문장이 종결부 없이 잘려 있어 위임 문언의 완결 여부를 확정할 수 없으나 표지어구는 대통령령이다.
P00356,대통령령으로 정한다,위임,대통령령,4,종결형 '대통령령으로 정한다'로 규율권한을 대통령령에 넘기는 위임이다.
P00357,대통령령으로 정한다,위임,대통령령,5,종결형 '대통령령으로 정한다'로 대통령령에 규율권한을 넘기는 위임이다.
P00358,대통령령으로 정한다,위임,대통령령,4,문말 '대통령령으로 정한다'로 규율권한을 대통령령에 넘긴다.
P00359,대통령령으로 정한다,위임,대통령령,4,종결형 '대통령령으로 정한다'로 규율권한을 대통령령에 넘기는 위임이다.
P00360,필요한 사항은 대통령령으로,판단불가,대통령령,3,문장이 종결부 없이 잘려 있어 위임 여부를 확정할 수 없으나 표지어구는 대통령령이다.
P00361,필요한 사항은 대통령령으로,위임,대통령령,3,문말이 절단되었으나 '필요한 사항은 대통령령으로 (정한다)'는 전형적 위임 문형으로 대통령령에 규율권한을 넘긴다.
P00362,필요한 사항은 대통령령으로,판단불가,대통령령,3,문장이 종결부 없이 잘려 있어 위임 여부를 확정할 수 없으나 표지어구는 대통령령이다.
P00363,필요한 사항은 대통령령으로,판단불가,대통령령,3,문장이 중간에 잘려 종결 서술어가 없어 위임 여부를 확정할 수 없으나 '대통령령'이 명시되어 있다.
P00364,필요한 사항은 대통령령으로,판단불가,대통령령,3,문장이 종결부 없이 잘려 있어 위임 종결형인지 확정할 수 없으나 표지어구는 대통령령이다.
P00365,필요한 사항은 대통령령으로,판단불가,해당없음,3,문장이 '대통령령으로'에서 잘려 서술어가 없어 위임 종결 여부를 확정할 수 없다.
P00366,필요한 사항은 대통령령으로,판단불가,대통령령,3,문장이 종결부 없이 절단되어 위임 여부를 확정할 수 없으나 '대통령령으로'라는 법형식 표지만 확인된다.
P00367,필요한 사항은 대통령령으로,판단불가,해당없음,3,문장이 '대통령령으로'에서 끊겨 서술어가 없어 위임 종결 여부를 확정할 수 없다.
P00368,대통령령으로 정하는,판단불가,대통령령,3,문장이 '대통령령으로 정하는'에서 잘려 있어 위임 대상과 종결 형태를 확인할 수 없다.
P00369,사항은 대통령령으로,판단불가,대통령령,3,문장이 중간에 잘려 있어 위임 종결 여부를 확정할 수 없으나 표지어구로 대통령령이 나타난다.
P00370,대통령령으로 정한다,위임,대통령령,4,문말 종결형 '대통령령으로 정한다'로 대통령령에 규율권한을 넘기는 위임이다.
P00371,대통령령으로 정한다,위임,대통령령,4,실태조사에 관한 사항의 규율권한을 대통령령에 넘기는 종결형 위임이다.
P00372,대통령령으로 정한다,위임,대통령령,5,문말 종결형 '대통령령으로 정한다'로 대통령령에 규율권한을 넘긴다.
P00373,사항은 대통령령으로,판단불가,대통령령,2,문장이 중간에서 잘려 종결 서술어가 없어 위임 여부를 확정할 수 없으나 문언상 대통령령이 명시되어 있다.
P00374,사항은 대통령령으로,판단불가,대통령령,3,문장이 '사항은 대통령령으로'에서 잘려 서술어가 없어 위임 종결인지 확정할 수 없으나 표지어구는 대통령령이다.
P00375,사항은 대통령령으로,판단불가,대통령령,3,문장이 잘려 주어와 서술어가 불완전하여 위임 여부를 확정할 수 없으나 문언상 대통령령이 지시되어 있다.
P00376,사항은 대통령령으로,판단불가,대통령령,3,문장이 '사항은 대통령령으로'에서 잘려 종결 서술어가 없어 위임 여부를 확정할 수 없으나 명시된 법형식은 대통령령이다.
P00377,사항은 대통령령으로,판단불가,대통령령,3,문장이 중간에서 잘려 종결부가 없어 위임 여부를 확정할 수 없으나 '대통령령으로'라는 법형식 표지는 드러나 있다.
P00378,사항은 대통령령으로,판단불가,대통령령,3,문장이 중간에서 잘려 서술어가 없어 위임 종결 여부를 확정할 수 없으나 '대통령령'이라는 법형식은 명시되어 있다.
P00379,대통령령으로 정한다,위임,대통령령,4,문장이 축약되었으나 '대통령령으로 정한다'는 종결형으로 대통령령에 규율권한을 넘기는 위임이다.
P00380,대통령령으로 정한다,위임,대통령령,4,문장이 축약되었으나 '대통령령으로 정한다'는 종결형으로 대통령령에 규율권한을 넘기는 위임이다.
P00381,대통령령으로 정한다,위임,대통령령,4,문말 종결형 '대통령령으로 정한다'로 대통령령에 규율권한을 넘기는 위임이다.
P00382,대통령령으로 정한다,위임,대통령령,4,문말 종결형 '대통령령으로 정한다'로 규율권한을 대통령령에 넘기는 위임이다.
P00383,대통령령으로 정한다,위임,대통령령,4,문말 '대통령령으로 정한다'로 대통령령에 규율권한을 넘기는 위임이다.
P00384,교육부장관이 정하여 고시하는 행위,위임,고시,5,'정하여 고시하는'은 교육부장관 고시에 규율 내용을 넘기는 위임이다.
P00385,대통령령으로 정하는,판단불가,대통령령,2,문장이 '대통령령으로 정하는'에서 잘려 있어 규율권한 이전 여부를 확정할 수 없으나 표지어구는 대통령령이다.
P00386,대통령령으로 정한다,위임,대통령령,4,문말 '대통령령으로 정한다'로 규율권한을 대통령령에 넘기는 위임이다.
P00387,대통령령으로 정한다,위임,대통령령,4,문말 '대통령령으로 정한다'로 대통령령에 규율권한을 넘기는 위임이다.
P00388,교육부령 또는,판단불가,부령,2,문장이 '교육부령 또는'에서 끊겨 위임 여부를 확정할 수 없으나 언급된 법형식은 부령이다.
P00389,② 제1항에 따른 법률지원단의 구성 및 운영에 필요한 사항은 교육부령 또는 시ㆍ도의 교육규칙으로 정한다.,위임,부령|교육규칙,5,교육부령과 시·도 교육규칙 두 법형식에 규율권한을 병기 위임한다.
P00390,② 제1항에 따른 법률지원단의 구성 및 운영에 필요한 사항은 교육부령 또는 시ㆍ도의 교육규칙으로 정한다.,위임,부령|교육규칙,5,교육부령과 시·도 교육규칙 두 법형식에 규율권한을 병기하여 위임한다.
P00391,② 제1항에 따른 법률지원단의 구성 및 운영에 필요한 사항은 교육부령 또는 시ㆍ도의 교육규칙으로 정한다.,위임,부령|교육규칙,5,교육부령과 시·도 교육규칙 두 법형식에 구성·운영 사항의 규율권한을 넘기는 위임이다.
P00392,② 제1항에 따른 법률지원단의 구성 및 운영에 필요한 사항은 교육부령 또는 시ㆍ도의 교육규칙으로 정한다.,위임,부령|교육규칙,5,교육부령과 시·도 교육규칙 두 법형식에 규율권한을 병기하여 위임한다.
P00393,② 제1항에 따른 법률지원단의 구성 및 운영에 필요한 사항은 교육부령 또는 시ㆍ도의 교육규칙으로 정한다.,위임,부령|교육규칙,5,교육부령과 시·도 교육규칙 두 법형식에 구성·운영 사항의 규율권한을 병기하여 넘긴다.
P00394,② 제1항에 따른 법률지원단의 구성 및 운영에 필요한 사항은 교육부령 또는 시ㆍ도의 교육규칙으로 정한다.,위임,부령|교육규칙,5,교육부령과 시·도 교육규칙 두 법형식에 구성·운영 사항의 규율권한을 병기하여 넘긴다.
P00395,② 제1항에 따른 법률지원단의 구성 및 운영에 필요한 사항은 교육부령 또는 시ㆍ도의 교육규칙으로 정한다.,위임,부령|교육규칙,5,교육부령과 시·도 교육규칙 두 법형식에 규율권한을 병기하여 위임한다.
P00396,② 제1항에 따른 법률지원단의 구성 및 운영에 필요한 사항은 교육부령 또는 시ㆍ도의 교육규칙으로 정한다.,위임,부령|교육규칙,5,교육부령과 시·도 교육규칙 두 법형식에 구성·운영 사항의 규율권한을 넘기는 위임이다.
P00397,② 제1항에 따른 법률지원단의 구성 및 운영에 필요한 사항은 교육부령 또는 시ㆍ도의 교육규칙으로 정한다.,위임,부령|교육규칙,5,교육부령과 시·도 교육규칙 두 법형식에 구성·운영 사항의 규율권한을 넘기는 위임이다.
P00398,② 제1항에 따른 법률지원단의 구성 및 운영에 필요한 사항은 교육부령 또는 시ㆍ도의 교육규칙으로 정한다.,위임,부령|교육규칙,5,교육부령과 시·도 교육규칙 두 법형식에 구성·운영 사항의 규율권한을 병기하여 넘긴다.
P00399,② 제1항에 따른 법률지원단의 구성 및 운영에 필요한 사항은 교육부령 또는 시ㆍ도의 교육규칙으로 정한다.,위임,부령|교육규칙,5,교육부령과 시·도 교육규칙에 구성·운영 사항의 규율권한을 병기하여 위임한다.
P00400,② 제1항에 따른 법률지원단의 구성 및 운영에 필요한 사항은 교육부령 또는 시ㆍ도의 교육규칙으로 정한다.,위임,부령|교육규칙,5,교육부령과 시·도 교육규칙에 구성·운영 사항의 규율권한을 병기하여 넘긴다.
P00401,② 제1항에 따른 법률지원단의 구성 및 운영에 필요한 사항은 교육부령 또는 시ㆍ도의 교육규칙으로 정한다.,위임,부령|교육규칙,5,교육부령과 시·도 교육규칙에 구성·운영 사항의 규율권한을 병기하여 넘긴다.
P00402,② 제1항에 따른 법률지원단의 구성 및 운영에 필요한 사항은 교육부령 또는 시ㆍ도의 교육규칙으로 정한다.,위임,부령|교육규칙,5,교육부령과 시·도 교육규칙에 구성·운영 사항의 규율권한을 병기하여 넘긴다.
P00403,② 제1항에 따른 법률지원단의 구성 및 운영에 필요한 사항은 교육부령 또는 시ㆍ도의 교육규칙으로 정한다.,위임,부령|교육규칙,5,교육부령과 시·도 교육규칙 두 법형식에 구성·운영 사항의 규율권한을 넘기는 위임이다.
P00404,② 제1항에 따른 법률지원단의 구성 및 운영에 필요한 사항은 교육부령 또는 시ㆍ도의 교육규칙으로 정한다.,위임,부령|교육규칙,5,교육부령과 시·도 교육규칙이 병기된 위임 규정이다.
P00405,대통령령으로 정한다,위임,대통령령,4,주어가 생략되었으나 '대통령령으로 정한다'는 종결형 위임 문언이므로 대통령령에 규율권한을 넘긴다.
P00406,피해교원은 교육부장관이 정하는 바에 따라 특별휴가를 사용할 수 있다.,위임,미특정,4,특별휴가 사용 기준을 교육부장관이 정하도록 위임하나 법형식을 지정하지 않았다.
P00407,대통령령으로 정한다,위임,대통령령,5,문말 종결형 '대통령령으로 정한다'로 규율권한을 대통령령에 넘긴다.
P00408,대통령령으로 정한다,위임,대통령령,4,종결형 '대통령령으로 정한다'로 대통령령에 규율권한을 넘기는 위임이다.
P00409,대통령령으로 정하는,판단불가,대통령령,3,문장이 '대통령령으로 정하는'에서 잘려 위임 대상과 종결 구조를 확인할 수 없다.
P00410,대통령령으로 정하는,판단불가,대통령령,3,문장이 '대통령령으로 정하는'에서 잘려 무엇을 위임하는지 확인할 수 없어 판정이 불가하나 표지어구는 대통령령이다.
P00411,대통령령으로 정한다,위임,대통령령,4,주어부가 생략되었으나 '대통령령으로 정한다'는 종결형으로 대통령령에 규율권한을 넘기는 위임이다.
P00412,대통령령으로 정한다,위임,대통령령,5,'대통령령으로 정한다'는 종결형으로 대통령령에 규율권한을 넘기는 위임이다.
P00413,대통령령으로 정하는,판단불가,해당없음,4,문장이 '대통령령으로 정하는'에서 절단되어 위임 대상과 종결 구조를 확인할 수 없다.
P00414,대통령령으로 정하는,판단불가,대통령령,3,문장이 '대통령령으로 정하는'에서 잘려 있어 규율 대상과 위임 여부를 확정할 수 없다.
P00415,지방교육행정기관의 교원의 경우에는 교육감이 교육부장관과 협의하여 정한다.,위임,미특정,4,교육감이 협의하여 정하도록 규율권한을 넘기되 법형식은 명시하지 않았다.
P00416,조치별 적용 기준은 다음 각 호의 사항을 고려하여 교육부장관이 정하여 고시한다.,위임,고시,5,조치별 적용 기준의 규율권한을 교육부장관 고시에 넘기는 위임이다.
P00417,교육부령이 정하는 교원자격증,위임,부령,3,'교육부령이 정하는'은 자격증 서식·종류 등 요건 일부를 교육부령에 맡기는 부분 위임 문언이다.
P00418,담당과목은 교육부령으로,판단불가,부령,3,문장이 중간에 잘려 서술어가 없어 위임 여부를 확정할 수 없으나 표지어구는 교육부령을 지정한다.
P00419,전공과목의 학점은 교육부령으로,판단불가,부령,3,문장이 '교육부령으로'에서 잘려 종결어(정한다/정한 등)를 확인할 수 없어 위임 여부를 판정할 수 없으나 명시된 법형식은 교육부령이다.
P00420,자격증에 교육부령이,판단불가,해당없음,4,문장이 '자격증에 교육부령이'에서 잘려 있어 위임 여부를 판정할 수 없다.
P00421,교육부장관이 정하는 학점 및 과목을 이수하고 석사학위를 받은 사람,위임,미특정,4,'교육부장관이 정하는 학점 및 과목'은 요건 일부를 하위 규범에 맡긴 부분 위임이나 법형식은 지정되지 않았다.
P00422,교육부령이 정하는 바에 의하여,위임,부령,3,문장이 조각이나 '교육부령이 정하는 바에 의하여'는 교육부령에 규율권한을 넘기는 위임 문언이다.
P00423,교육부령이 정하는 바에 의하여,위임,부령,3,문장이 단편이나 '교육부령이 정하는 바에 의하여'는 재교부·정정 절차의 규율권한을 교육부령에 넘기는 위임 문언이다.
P00424,교육부령이 정하는 바에 의하여,위임,부령,3,문장이 일부 절단되었으나 수수료에 관한 사항을 교육부령이 정하도록 규율권한을 넘기는 위임 문언이다.
P00425,교육부령으로 정한다,위임,부령,4,'교육부령으로 정한다'는 종결형 위임으로 부령에 규율권한을 넘긴다.
P00426,교육부령으로 정한다,위임,부령,4,'교육부령으로 정한다'는 종결형 위임 문언으로 부령에 규율권한을 넘긴다.
P00427,교육부령으로 정한다,위임,부령,4,'교육부령으로 정한다'는 종결형 위임 문언으로 교육부령에 규율권한을 넘긴다.
P00428,교육부령으로 정하는,판단불가,부령,2,문장이 '교육부령으로 정하는'에서 잘려 있어 규율권한 이전 여부를 확정할 수 없으나 표지어구는 부령을 지시한다.
P00429,교육부장관이 정하는 기간동안 임용예정학교에 근무하도록 하면서,위임,미특정,3,문장이 조각이지만 '교육부장관이 정하는 기간'으로 법형식을 지정하지 않은 부분 위임에 해당한다.
P00430,교육부령으로 정한다,위임,부령,4,'교육부령으로 정한다'는 종결형 위임으로 부령에 규율권한을 넘긴다.
P00431,교사자격종별·표시과목별 기본이수과목 및 교직과목의 과목별 이수학점은 교육부장관이 정한다,위임,미특정,5,교육부장관에게 이수과목·학점 기준 규율권한을 넘기되 법형식을 지정하지 않았다.
P00432,각 분야의 세부 과목은 교육부장관이 정한다.,위임,미특정,5,세부 과목 결정 권한을 교육부장관에게 넘기나 법형식은 지정하지 않았다.
P00433,표시과목의 관련 학과와 그 기본이수영역은 교육부장관이 정한다.,위임,미특정,5,교육부장관에게 규율권한을 넘기나 법형식을 지정하지 않았다.
P00434,교육부장관이 정한 기본이수영역에 대하여 120분간 실시한다.,인용,해당없음,4,완료형 '정한'은 이미 정해진 기준을 가리키는 인용이며 새로운 규율권한 위임이 아니다.
P00435,말소 방법·절차 등에 관하여 필요한 사항은 교육부장관이 정한다.,위임,미특정,5,교육부장관에게 규율권한을 넘기지만 법형식은 지정하지 않았다.
P00436,"영 별표 3 및 연구·지도직 규정 별표 4에 따른 특정직공무원 또는 별정직공무원 경력의 일반직공무원의 상당 계급과 일반직공무원 경력 상호간의 상당 계급은 별표 1과 같다. 다만, 별표 1에 규정되지 아니한 특정직공무원 경력 및 영 별표 3 제2호다목 및 연구·지도직 규정 별표 4 제2호다목에 따른 정부투자기관·민간기업 등의 경력의 상당 계급은 해당 지방자치단체의 교육규칙으로 정하는 바에 따른다.",위임,교육규칙,4,단서에서 별표에 규정되지 않은 경력의 상당 계급을 지방자치단체 교육규칙으로 정하도록 규율권한을 넘긴다.
P00437,"영 별표 3 및 연구·지도직 규정 별표 4에 따른 특정직공무원 또는 별정직공무원 경력의 일반직공무원의 상당 계급과 일반직공무원 경력 상호간의 상당 계급은 별표 1과 같다. 다만, 별표 1에 규정되지 아니한 특정직공무원 경력 및 영 별표 3 제2호다목 및 연구·지도직 규정 별표 4 제2호다목에 따른 정부투자기관·민간기업 등의 경력의 상당 계급은 해당 지방자치단체의 교육규칙으로 정하는 바에 따른다.",위임,교육규칙,4,단서에서 별표에 규정되지 않은 경력의 상당 계급을 교육규칙으로 정하도록 규율권한을 넘긴다.
P00438,"영 별표 3 및 연구·지도직 규정 별표 4에 따른 특정직공무원 또는 별정직공무원 경력의 일반직공무원의 상당 계급과 일반직공무원 경력 상호간의 상당 계급은 별표 1과 같다. 다만, 별표 1에 규정되지 아니한 특정직공무원 경력 및 영 별표 3 제2호다목 및 연구·지도직 규정 별표 4 제2호다목에 따른 정부투자기관·민간기업 등의 경력의 상당 계급은 해당 지방자치단체의 교육규칙으로 정하는 바에 따른다.",위임,교육규칙,4,별표에 규정되지 않은 경력의 상당 계급을 교육규칙으로 정하도록 규율권한을 넘긴다.
P00439,"영 별표 3 및 연구·지도직 규정 별표 4에 따른 특정직공무원 또는 별정직공무원 경력의 일반직공무원의 상당 계급과 일반직공무원 경력 상호간의 상당 계급은 별표 1과 같다. 다만, 별표 1에 규정되지 아니한 특정직공무원 경력 및 영 별표 3 제2호다목 및 연구·지도직 규정 별표 4 제2호다목에 따른 정부투자기관·민간기업 등의 경력의 상당 계급은 해당 지방자치단체의 교육규칙으로 정하는 바에 따른다.",위임,교육규칙,4,별표에 규정되지 않은 경력의 상당 계급을 해당 지방자치단체 교육규칙에 정하도록 규율권한을 넘긴다.
P00440,"영 별표 3 및 연구·지도직 규정 별표 4에 따른 특정직공무원 또는 별정직공무원 경력의 일반직공무원의 상당 계급과 일반직공무원 경력 상호간의 상당 계급은 별표 1과 같다. 다만, 별표 1에 규정되지 아니한 특정직공무원 경력 및 영 별표 3 제2호다목 및 연구·지도직 규정 별표 4 제2호다목에 따른 정부투자기관·민간기업 등의 경력의 상당 계급은 해당 지방자치단체의 교육규칙으로 정하는 바에 따른다.",위임,교육규칙,5,별표에 규정되지 않은 경력의 상당 계급 결정을 해당 지방자치단체 교육규칙에 맡기는 부분 위임이다.
P00441,"영 별표 3 및 연구·지도직 규정 별표 4에 따른 특정직공무원 또는 별정직공무원 경력의 일반직공무원의 상당 계급과 일반직공무원 경력 상호간의 상당 계급은 별표 1과 같다. 다만, 별표 1에 규정되지 아니한 특정직공무원 경력 및 영 별표 3 제2호다목 및 연구·지도직 규정 별표 4 제2호다목에 따른 정부투자기관·민간기업 등의 경력의 상당 계급은 해당 지방자치단체의 교육규칙으로 정하는 바에 따른다.",위임,교육규칙,5,별표에 규정되지 않은 경력의 상당 계급을 교육규칙으로 정하도록 규율권한을 넘긴다.
P00442,"영 별표 3 및 연구·지도직 규정 별표 4에 따른 특정직공무원 또는 별정직공무원 경력의 일반직공무원의 상당 계급과 일반직공무원 경력 상호간의 상당 계급은 별표 1과 같다. 다만, 별표 1에 규정되지 아니한 특정직공무원 경력 및 영 별표 3 제2호다목 및 연구·지도직 규정 별표 4 제2호다목에 따른 정부투자기관·민간기업 등의 경력의 상당 계급은 해당 지방자치단체의 교육규칙으로 정하는 바에 따른다.",위임,교육규칙,4,별표에 규정되지 않은 경력의 상당 계급 결정을 해당 지방자치단체의 교육규칙에 맡기는 부분 위임이다.
P00443,"영 별표 3 및 연구·지도직 규정 별표 4에 따른 특정직공무원 또는 별정직공무원 경력의 일반직공무원의 상당 계급과 일반직공무원 경력 상호간의 상당 계급은 별표 1과 같다. 다만, 별표 1에 규정되지 아니한 특정직공무원 경력 및 영 별표 3 제2호다목 및 연구·지도직 규정 별표 4 제2호다목에 따른 정부투자기관·민간기업 등의 경력의 상당 계급은 해당 지방자치단체의 교육규칙으로 정하는 바에 따른다.",위임,교육규칙,5,별표 1에 없는 경력의 상당 계급을 교육규칙으로 정하도록 규율권한을 넘긴다.
P00444,"영 별표 3 및 연구·지도직 규정 별표 4에 따른 특정직공무원 또는 별정직공무원 경력의 일반직공무원의 상당 계급과 일반직공무원 경력 상호간의 상당 계급은 별표 1과 같다. 다만, 별표 1에 규정되지 아니한 특정직공무원 경력 및 영 별표 3 제2호다목 및 연구·지도직 규정 별표 4 제2호다목에 따른 정부투자기관·민간기업 등의 경력의 상당 계급은 해당 지방자치단체의 교육규칙으로 정하는 바에 따른다.",위임,교육규칙,5,단서에서 별표에 규정되지 않은 경력의 상당 계급을 교육규칙으로 정하도록 규율권한을 넘긴다.
P00445,"영 별표 3 및 연구·지도직 규정 별표 4에 따른 특정직공무원 또는 별정직공무원 경력의 일반직공무원의 상당 계급과 일반직공무원 경력 상호간의 상당 계급은 별표 1과 같다. 다만, 별표 1에 규정되지 아니한 특정직공무원 경력 및 영 별표 3 제2호다목 및 연구·지도직 규정 별표 4 제2호다목에 따른 정부투자기관·민간기업 등의 경력의 상당 계급은 해당 지방자치단체의 교육규칙으로 정하는 바에 따른다.",위임,교육규칙,4,별표 1에 없는 경력의 상당 계급을 해당 지방자치단체의 교육규칙으로 정하도록 규율권한을 넘기는 부분 위임이다.
P00446,"영 별표 3 및 연구·지도직 규정 별표 4에 따른 특정직공무원 또는 별정직공무원 경력의 일반직공무원의 상당 계급과 일반직공무원 경력 상호간의 상당 계급은 별표 1과 같다. 다만, 별표 1에 규정되지 아니한 특정직공무원 경력 및 영 별표 3 제2호다목 및 연구·지도직 규정 별표 4 제2호다목에 따른 정부투자기관·민간기업 등의 경력의 상당 계급은 해당 지방자치단체의 교육규칙으로 정하는 바에 따른다.",위임,교육규칙,4,별표에 규정되지 않은 경력의 상당 계급 결정을 교육규칙에 넘기는 부분 위임이다.
P00447,"영 별표 3 및 연구·지도직 규정 별표 4에 따른 특정직공무원 또는 별정직공무원 경력의 일반직공무원의 상당 계급과 일반직공무원 경력 상호간의 상당 계급은 별표 1과 같다. 다만, 별표 1에 규정되지 아니한 특정직공무원 경력 및 영 별표 3 제2호다목 및 연구·지도직 규정 별표 4 제2호다목에 따른 정부투자기관·민간기업 등의 경력의 상당 계급은 해당 지방자치단체의 교육규칙으로 정하는 바에 따른다.",위임,교육규칙,5,단서에서 별표에 없는 경력의 상당 계급을 해당 지방자치단체 교육규칙에 정하도록 규율권한을 넘긴다.
P00448,"영 별표 3 및 연구·지도직 규정 별표 4에 따른 특정직공무원 또는 별정직공무원 경력의 일반직공무원의 상당 계급과 일반직공무원 경력 상호간의 상당 계급은 별표 1과 같다. 다만, 별표 1에 규정되지 아니한 특정직공무원 경력 및 영 별표 3 제2호다목 및 연구·지도직 규정 별표 4 제2호다목에 따른 정부투자기관·민간기업 등의 경력의 상당 계급은 해당 지방자치단체의 교육규칙으로 정하는 바에 따른다.",위임,교육규칙,5,별표 1에 규정되지 않은 경력의 상당 계급을 교육감이 제정하는 교육규칙에 정하도록 규율권한을 넘긴다.
P00449,"영 별표 3 및 연구·지도직 규정 별표 4에 따른 특정직공무원 또는 별정직공무원 경력의 일반직공무원의 상당 계급과 일반직공무원 경력 상호간의 상당 계급은 별표 1과 같다. 다만, 별표 1에 규정되지 아니한 특정직공무원 경력 및 영 별표 3 제2호다목 및 연구·지도직 규정 별표 4 제2호다목에 따른 정부투자기관·민간기업 등의 경력의 상당 계급은 해당 지방자치단체의 교육규칙으로 정하는 바에 따른다.",위임,교육규칙,4,단서에서 별표에 규정되지 않은 경력의 상당 계급을 교육규칙으로 정하도록 규율권한을 넘긴다.
P00450,"영 별표 3 및 연구·지도직 규정 별표 4에 따른 특정직공무원 또는 별정직공무원 경력의 일반직공무원의 상당 계급과 일반직공무원 경력 상호간의 상당 계급은 별표 1과 같다. 다만, 별표 1에 규정되지 아니한 특정직공무원 경력 및 영 별표 3 제2호다목 및 연구·지도직 규정 별표 4 제2호다목에 따른 정부투자기관·민간기업 등의 경력의 상당 계급은 해당 지방자치단체의 교육규칙으로 정하는 바에 따른다.",위임,교육규칙,5,별표에 규정되지 않은 경력의 상당 계급을 교육규칙으로 정하도록 규율권한을 넘긴다.
P00451,"영 별표 3 및 연구·지도직 규정 별표 4에 따른 특정직공무원 또는 별정직공무원 경력의 일반직공무원의 상당 계급과 일반직공무원 경력 상호간의 상당 계급은 별표 1과 같다. 다만, 별표 1에 규정되지 아니한 특정직공무원 경력 및 영 별표 3 제2호다목 및 연구·지도직 규정 별표 4 제2호다목에 따른 정부투자기관·민간기업 등의 경력의 상당 계급은 해당 지방자치단체의 교육규칙으로 정하는 바에 따른다.",위임,교육규칙,4,단서에서 별표에 규정되지 않은 경력의 상당 계급을 교육규칙으로 정하도록 규율권한을 넘긴다.
P00452,"영 별표 3 및 연구·지도직 규정 별표 4에 따른 특정직공무원 또는 별정직공무원 경력의 일반직공무원의 상당 계급과 일반직공무원 경력 상호간의 상당 계급은 별표 1과 같다. 다만, 별표 1에 규정되지 아니한 특정직공무원 경력 및 영 별표 3 제2호다목 및 연구·지도직 규정 별표 4 제2호다목에 따른 정부투자기관·민간기업 등의 경력의 상당 계급은 해당 지방자치단체의 교육규칙으로 정하는 바에 따른다.",위임,교육규칙,4,단서에서 별표에 규정되지 않은 경력의 상당 계급을 해당 지방자치단체 교육규칙에 정하도록 규율권한을 넘긴다.
P00453,④ 교육감은 경력평정을 할 때 해당 지방자치단체의 운용 여건을 고려하여 가산점을 부여할 특별한 사유가 있는 직위를 교육규칙으로 정할 수 있다.,위임,교육규칙,5,가산점 부여 직위를 교육규칙으로 정할 수 있도록 규율권한을 넘긴다.
P00454,④ 교육감은 경력평정을 할 때 해당 지방자치단체의 운용 여건을 고려하여 가산점을 부여할 특별한 사유가 있는 직위를 교육규칙으로 정할 수 있다.,위임,교육규칙,5,가산점 부여 직위를 교육규칙으로 정할 수 있다고 하여 교육규칙에 규율권한을 넘긴다.
P00455,④ 교육감은 경력평정을 할 때 해당 지방자치단체의 운용 여건을 고려하여 가산점을 부여할 특별한 사유가 있는 직위를 교육규칙으로 정할 수 있다.,위임,교육규칙,5,가산점 부여 직위를 교육규칙으로 정할 수 있게 하여 교육감 제정 규범에 규율권한을 넘긴다.
P00456,④ 교육감은 경력평정을 할 때 해당 지방자치단체의 운용 여건을 고려하여 가산점을 부여할 특별한 사유가 있는 직위를 교육규칙으로 정할 수 있다.,위임,교육규칙,5,가산점 부여 직위를 교육규칙으로 정할 수 있게 하여 교육감 제정 규범에 규율권한을 넘긴다.
P00457,④ 교육감은 경력평정을 할 때 해당 지방자치단체의 운용 여건을 고려하여 가산점을 부여할 특별한 사유가 있는 직위를 교육규칙으로 정할 수 있다.,위임,교육규칙,5,가산점 부여 직위를 교육규칙으로 정할 수 있도록 규율권한을 넘긴다.
P00458,④ 교육감은 경력평정을 할 때 해당 지방자치단체의 운용 여건을 고려하여 가산점을 부여할 특별한 사유가 있는 직위를 교육규칙으로 정할 수 있다.,위임,교육규칙,5,가산점 부여 직위를 교육규칙으로 정할 수 있게 하여 교육규칙에 규율권한을 넘긴다.
P00459,④ 교육감은 경력평정을 할 때 해당 지방자치단체의 운용 여건을 고려하여 가산점을 부여할 특별한 사유가 있는 직위를 교육규칙으로 정할 수 있다.,위임,교육규칙,5,가산점 부여 직위를 교육규칙으로 정할 수 있게 규율권한을 넘긴다.
P00460,④ 교육감은 경력평정을 할 때 해당 지방자치단체의 운용 여건을 고려하여 가산점을 부여할 특별한 사유가 있는 직위를 교육규칙으로 정할 수 있다.,위임,교육규칙,5,가산점 부여 직위를 교육규칙으로 정할 수 있도록 규율권한을 넘긴다.
P00461,④ 교육감은 경력평정을 할 때 해당 지방자치단체의 운용 여건을 고려하여 가산점을 부여할 특별한 사유가 있는 직위를 교육규칙으로 정할 수 있다.,위임,교육규칙,5,가산점 부여 직위를 교육규칙으로 정할 수 있도록 규율권한을 넘긴다.
P00462,④ 교육감은 경력평정을 할 때 해당 지방자치단체의 운용 여건을 고려하여 가산점을 부여할 특별한 사유가 있는 직위를 교육규칙으로 정할 수 있다.,위임,교육규칙,5,가산점 부여 직위를 교육규칙으로 정할 수 있도록 규율권한을 넘긴다.
P00463,④ 교육감은 경력평정을 할 때 해당 지방자치단체의 운용 여건을 고려하여 가산점을 부여할 특별한 사유가 있는 직위를 교육규칙으로 정할 수 있다.,위임,교육규칙,5,가산점 부여 직위를 교육규칙으로 정할 수 있게 하여 교육감의 교육규칙에 규율권한을 넘긴다.
P00464,④ 교육감은 경력평정을 할 때 해당 지방자치단체의 운용 여건을 고려하여 가산점을 부여할 특별한 사유가 있는 직위를 교육규칙으로 정할 수 있다.,위임,교육규칙,5,가산점 부여 대상 직위를 교육규칙으로 정하도록 규율권한을 넘긴다.
P00465,④ 교육감은 경력평정을 할 때 해당 지방자치단체의 운용 여건을 고려하여 가산점을 부여할 특별한 사유가 있는 직위를 교육규칙으로 정할 수 있다.,위임,교육규칙,5,가산점 부여 직위를 교육규칙으로 정할 수 있도록 규율권한을 넘긴다.
P00466,2. 영 제17조제1항제3호 후단에 따른 지방자치단체의 인사규칙에서 정하는 바에 따라 자격증 소지를 의무화하는 특수직급의 신규임용시험 또는 전직시험에 응시하여 임용된 사람의 해당 자격증,인용,해당없음,3,영의 위임에 따라 이미 존재하는 지방자치단체 인사규칙을 가리켜 가산점 대상 요건을 설명하는 인용이다.
P00467,2. 영 제17조제1항제3호 후단에 따른 지방자치단체의 인사규칙에서 정하는 바에 따라 자격증 소지를 의무화하는 특수직급의 신규임용시험 또는 전직시험에 응시하여 임용된 사람의 해당 자격증,인용,해당없음,4,"영 조항 및 지방자치단체 인사규칙의 내용을 요건으로 원용하는 인용이며, 이 규칙이 인사규칙에 규율권한을 새로 넘기는 것은 아니다."
P00468,2. 영 제17조제1항제3호 후단에 따른 지방자치단체의 인사규칙에서 정하는 바에 따라 자격증 소지를 의무화하는 특수직급의 신규임용시험 또는 전직시험에 응시하여 임용된 사람의 해당 자격증,인용,해당없음,3,영 제17조 및 지방자치단체 인사규칙의 내용을 가리켜 가산점 대상 자격증을 특정하는 인용에 해당한다.
P00469,2. 영 제17조제1항제3호 후단에 따른 지방자치단체의 인사규칙에서 정하는 바에 따라 자격증 소지를 의무화하는 특수직급의 신규임용시험 또는 전직시험에 응시하여 임용된 사람의 해당 자격증,인용,해당없음,3,영 조항에 근거해 이미 존재하는 지방자치단체 인사규칙의 내용을 원용하여 가산점 대상을 서술한 것이므로 인용이다.
P00470,2. 영 제17조제1항제3호 후단에 따른 지방자치단체의 인사규칙에서 정하는 바에 따라 자격증 소지를 의무화하는 특수직급의 신규임용시험 또는 전직시험에 응시하여 임용된 사람의 해당 자격증,인용,해당없음,3,"영 제17조제1항제3호 후단과 그에 따른 인사규칙을 원용하여 가산 대상 자격증을 특정하는 서술로, 이 조문 자체가 하위규범에 규율권한을 넘기지 않는다."
P00471,2. 영 제17조제1항제3호 후단에 따른 지방자치단체의 인사규칙에서 정하는 바에 따라 자격증 소지를 의무화하는 특수직급의 신규임용시험 또는 전직시험에 응시하여 임용된 사람의 해당 자격증,인용,해당없음,3,영 후단이 이미 위임한 지방자치단체 인사규칙의 내용을 가산점 요건 확정을 위해 원용하는 인용 형태이다.
P00472,2. 영 제17조제1항제3호 후단에 따른 지방자치단체의 인사규칙에서 정하는 바에 따라 자격증 소지를 의무화하는 특수직급의 신규임용시험 또는 전직시험에 응시하여 임용된 사람의 해당 자격증,인용,해당없음,3,영의 위임에 따라 이미 존재하는 지방자치단체 인사규칙의 내용을 가리켜 원용하는 인용이다.
P00473,2. 영 제17조제1항제3호 후단에 따른 지방자치단체의 인사규칙에서 정하는 바에 따라 자격증 소지를 의무화하는 특수직급의 신규임용시험 또는 전직시험에 응시하여 임용된 사람의 해당 자격증,인용,해당없음,3,이 문장은 영의 위임에 따라 이미 존재하는 지방자치단체 인사규칙의 내용을 가산점 대상 요건 서술에 원용하는 것으로 규율권한을 새로 넘기지 않는다.
P00474,2. 영 제17조제1항제3호 후단에 따른 지방자치단체의 인사규칙에서 정하는 바에 따라 자격증 소지를 의무화하는 특수직급의 신규임용시험 또는 전직시험에 응시하여 임용된 사람의 해당 자격증,인용,해당없음,4,상위 영 조항과 지방자치단체 인사규칙이 정한 바를 가리키기만 하는 인용이며 이 조문이 규율권한을 넘기지는 않는다.
P00475,2. 영 제17조제1항제3호 후단에 따른 지방자치단체의 인사규칙에서 정하는 바에 따라 자격증 소지를 의무화하는 특수직급의 신규임용시험 또는 전직시험에 응시하여 임용된 사람의 해당 자격증,인용,해당없음,4,영 조항 및 이미 존재하는 지방자치단체 인사규칙을 가리켜 요건을 특정하는 원용 표현이므로 인용이다.
P00476,2. 영 제17조제1항제3호 후단에 따른 지방자치단체의 인사규칙에서 정하는 바에 따라 자격증 소지를 의무화하는 특수직급의 신규임용시험 또는 전직시험에 응시하여 임용된 사람의 해당 자격증,인용,해당없음,4,영 조항과 지방자치단체 인사규칙을 가리켜 요건을 서술하는 인용이며 새로 규율권한을 넘기지 않는다.
P00477,2. 영 제17조제1항제3호 후단에 따른 지방자치단체의 인사규칙에서 정하는 바에 따라 자격증 소지를 의무화하는 특수직급의 신규임용시험 또는 전직시험에 응시하여 임용된 사람의 해당 자격증,인용,해당없음,3,"영 제17조제1항제3호 후단에 따른 인사규칙의 내용을 요건 서술로 원용한 것으로, 이 규칙이 새로 규율권한을 넘기는 것이 아니다."
P00478,2. 영 제17조제1항제3호 후단에 따른 지방자치단체의 인사규칙에서 정하는 바에 따라 자격증 소지를 의무화하는 특수직급의 신규임용시험 또는 전직시험에 응시하여 임용된 사람의 해당 자격증,인용,해당없음,3,이미 상위 영에 근거해 존재하는 지방자치단체 인사규칙을 원용하는 참조 문언이므로 인용이다.
P00479,2. 영 제17조제1항제3호 후단에 따른 지방자치단체의 인사규칙에서 정하는 바에 따라 자격증 소지를 의무화하는 특수직급의 신규임용시험 또는 전직시험에 응시하여 임용된 사람의 해당 자격증,인용,해당없음,3,영 규정에 근거해 이미 존재하는 지방자치단체 인사규칙의 내용을 가산점 대상 요건 특정을 위해 원용하는 인용이다.
P00480,2. 영 제17조제1항제3호 후단에 따른 지방자치단체의 인사규칙에서 정하는 바에 따라 자격증 소지를 의무화하는 특수직급의 신규임용시험 또는 전직시험에 응시하여 임용된 사람의 해당 자격증,인용,해당없음,4,영 제17조에 근거해 이미 존재하는 지방자치단체 인사규칙의 내용을 원용하여 대상자를 특정하는 인용 형태이다.
P00481,2. 영 제17조제1항제3호 후단에 따른 지방자치단체의 인사규칙에서 정하는 바에 따라 자격증 소지를 의무화하는 특수직급의 신규임용시험 또는 전직시험에 응시하여 임용된 사람의 해당 자격증,인용,해당없음,3,영 조항과 지방자치단체 인사규칙이 이미 정한 내용을 가산점 대상 요건 서술에 원용한 것으로 규율권한을 새로 넘기지 않는다.
P00482,2. 영 제17조제1항제3호 후단에 따른 지방자치단체의 인사규칙에서 정하는 바에 따라 자격증 소지를 의무화하는 특수직급의 신규임용시험 또는 전직시험에 응시하여 임용된 사람의 해당 자격증,인용,해당없음,4,영 조항과 지방자치단체 인사규칙이 정한 내용을 가리켜 가산점 대상을 특정하는 인용이며 새로 규율권한을 넘기지 않는다.
P00483,2. 영 제32조제2항제5호에 따라 해당 지방자치단체의 교육규칙으로 정하는 재난 및 안전관리 업무에 근무한 경력,위임,교육규칙,4,'교육규칙으로 정하는 재난 및 안전관리 업무'로 요건 일부를 교육규칙에 맡기는 부분 위임이다.
P00484,2. 영 제32조제2항제5호에 따라 해당 지방자치단체의 교육규칙으로 정하는 재난 및 안전관리 업무에 근무한 경력,위임,교육규칙,4,'교육규칙으로 정하는 재난 및 안전관리 업무'로 요건 일부를 교육규칙에 맡기는 부분 위임이다.
P00485,2. 영 제32조제2항제5호에 따라 해당 지방자치단체의 교육규칙으로 정하는 재난 및 안전관리 업무에 근무한 경력,위임,교육규칙,4,재난 및 안전관리 업무의 범위를 교육규칙으로 정하도록 부분 위임하고 있다.
P00486,2. 영 제32조제2항제5호에 따라 해당 지방자치단체의 교육규칙으로 정하는 재난 및 안전관리 업무에 근무한 경력,위임,교육규칙,4,재난 및 안전관리 업무의 범위를 교육규칙으로 정하도록 맡기는 부분 위임이다.
P00487,"① 제23조, 제24조 및 제25조의2에 따른 가산점의 부여 기준ㆍ요건 및 가산점 평정대상기간 등 가산점 부여에 필요한 사항은 해당 지방자치단체의 교육규칙으로 정한다.",위임,교육규칙,5,가산점 부여에 필요한 사항을 해당 지방자치단체의 교육규칙에 정하도록 규율권한을 넘긴다.
P00488,"① 제23조, 제24조 및 제25조의2에 따른 가산점의 부여 기준ㆍ요건 및 가산점 평정대상기간 등 가산점 부여에 필요한 사항은 해당 지방자치단체의 교육규칙으로 정한다.",위임,교육규칙,5,가산점 부여에 필요한 사항을 해당 지방자치단체의 교육규칙으로 정하도록 규율권한을 넘긴다.
P00489,"① 제23조, 제24조 및 제25조의2에 따른 가산점의 부여 기준ㆍ요건 및 가산점 평정대상기간 등 가산점 부여에 필요한 사항은 해당 지방자치단체의 교육규칙으로 정한다.",위임,교육규칙,5,가산점 부여에 필요한 사항을 교육감 제정 교육규칙에 정하도록 규율권한을 넘긴다.
P00490,"① 제23조, 제24조 및 제25조의2에 따른 가산점의 부여 기준ㆍ요건 및 가산점 평정대상기간 등 가산점 부여에 필요한 사항은 해당 지방자치단체의 교육규칙으로 정한다.",위임,교육규칙,5,가산점 부여에 필요한 사항을 교육규칙으로 정하도록 규율권한을 넘긴다.
P00491,"① 제23조, 제24조 및 제25조의2에 따른 가산점의 부여 기준ㆍ요건 및 가산점 평정대상기간 등 가산점 부여에 필요한 사항은 해당 지방자치단체의 교육규칙으로 정한다.",위임,교육규칙,5,가산점 부여 기준 등 필요한 사항을 해당 지방자치단체의 교육규칙에 정하도록 규율권한을 넘긴다.
P00492,"① 제23조, 제24조 및 제25조의2에 따른 가산점의 부여 기준ㆍ요건 및 가산점 평정대상기간 등 가산점 부여에 필요한 사항은 해당 지방자치단체의 교육규칙으로 정한다.",위임,교육규칙,5,가산점 부여에 필요한 사항의 규율권한을 해당 지방자치단체 교육규칙에 넘긴다.
P00493,"① 제23조, 제24조 및 제25조의2에 따른 가산점의 부여 기준ㆍ요건 및 가산점 평정대상기간 등 가산점 부여에 필요한 사항은 해당 지방자치단체의 교육규칙으로 정한다.",위임,교육규칙,5,가산점 부여에 필요한 사항을 해당 지방자치단체 교육규칙에 정하도록 규율권한을 넘긴다.
P00494,"① 제23조, 제24조 및 제25조의2에 따른 가산점의 부여 기준ㆍ요건 및 가산점 평정대상기간 등 가산점 부여에 필요한 사항은 해당 지방자치단체의 교육규칙으로 정한다.",위임,교육규칙,5,가산점 부여에 필요한 사항을 해당 지방자치단체의 교육규칙으로 정하도록 규율권한을 넘긴다.
P00495,"① 제23조, 제24조 및 제25조의2에 따른 가산점의 부여 기준ㆍ요건 및 가산점 평정대상기간 등 가산점 부여에 필요한 사항은 해당 지방자치단체의 교육규칙으로 정한다.",위임,교육규칙,5,가산점 부여에 필요한 사항을 해당 지방자치단체의 교육규칙으로 정하도록 규율권한을 넘긴다.
P00496,"① 제23조, 제24조 및 제25조의2에 따른 가산점의 부여 기준ㆍ요건 및 가산점 평정대상기간 등 가산점 부여에 필요한 사항은 해당 지방자치단체의 교육규칙으로 정한다.",위임,교육규칙,5,가산점 부여에 필요한 사항을 교육규칙으로 정하도록 규율권한을 넘긴다.
P00497,"① 제23조, 제24조 및 제25조의2에 따른 가산점의 부여 기준ㆍ요건 및 가산점 평정대상기간 등 가산점 부여에 필요한 사항은 해당 지방자치단체의 교육규칙으로 정한다.",위임,교육규칙,5,가산점 부여에 필요한 사항의 규율권한을 교육규칙에 넘기는 위임 규정이다.
P00498,"① 제23조, 제24조 및 제25조의2에 따른 가산점의 부여 기준ㆍ요건 및 가산점 평정대상기간 등 가산점 부여에 필요한 사항은 해당 지방자치단체의 교육규칙으로 정한다.",위임,교육규칙,5,가산점 부여에 필요한 사항을 교육규칙으로 정하도록 규율권한을 넘긴다.
P00499,"① 제23조, 제24조 및 제25조의2에 따른 가산점의 부여 기준ㆍ요건 및 가산점 평정대상기간 등 가산점 부여에 필요한 사항은 해당 지방자치단체의 교육규칙으로 정한다.",위임,교육규칙,5,가산점 부여 기준 등 필요한 사항을 해당 지방자치단체 교육규칙으로 정하도록 규율권한을 넘긴다.
P00500,"① 제23조, 제24조 및 제25조의2에 따른 가산점의 부여 기준ㆍ요건 및 가산점 평정대상기간 등 가산점 부여에 필요한 사항은 해당 지방자치단체의 교육규칙으로 정한다.",위임,교육규칙,5,가산점 부여에 필요한 사항을 교육규칙으로 정하도록 규율권한을 넘긴다.
P00501,"① 제23조, 제24조 및 제25조의2에 따른 가산점의 부여 기준ㆍ요건 및 가산점 평정대상기간 등 가산점 부여에 필요한 사항은 해당 지방자치단체의 교육규칙으로 정한다.",위임,교육규칙,5,가산점 부여에 필요한 사항의 규율권한을 교육규칙에 넘기는 종결형 위임이다.
P00502,"① 제23조, 제24조 및 제25조의2에 따른 가산점의 부여 기준ㆍ요건 및 가산점 평정대상기간 등 가산점 부여에 필요한 사항은 해당 지방자치단체의 교육규칙으로 정한다.",위임,교육규칙,5,가산점 부여에 필요한 사항을 해당 지방자치단체의 교육규칙으로 정하도록 규율권한을 넘긴다.
P00503,"① 제23조, 제24조 및 제25조의2에 따른 가산점의 부여 기준ㆍ요건 및 가산점 평정대상기간 등 가산점 부여에 필요한 사항은 해당 지방자치단체의 교육규칙으로 정한다.",위임,교육규칙,5,가산점 부여에 필요한 사항을 교육규칙으로 정하도록 규율권한을 넘긴다.
P00504,대통령령으로 정한다,위임,대통령령,4,'대통령령으로 정한다'는 종결형으로 대통령령에 규율권한을 넘기는 위임이다.
P00505,대통령령으로 정한다,위임,대통령령,4,'대통령령으로 정한다'는 종결형으로 대통령령에 규율권한을 넘기는 위임이다.
P00506,대통령령으로 정한다,위임,대통령령,5,인사위원회 설치에 관한 사항을 대통령령에 정하도록 규율권한을 넘기는 문언이다.
P00507,대통령령으로 정한다,위임,대통령령,5,'대통령령으로 정한다'는 종결형으로 대통령령에 규율권한을 넘기는 위임이다.
P00508,대통령령으로 정한다,위임,대통령령,4,종결형 '대통령령으로 정한다'로 규율권한을 대통령령에 넘기는 위임 문언이다.
P00509,대통령령으로 정한다,위임,대통령령,5,'대통령령으로 정한다'는 종결형으로 대통령령에 규율권한을 위임한다.
P00510,대통령령으로 정한다,위임,대통령령,4,'대통령령으로 정한다'는 종결형으로 대통령령에 규율권한을 넘기는 위임이다.
P00511,대통령령으로 정한다,위임,대통령령,4,문말 종결형 '대통령령으로 정한다'로 대통령령에 규율권한을 넘기는 위임이다.
P00512,대통령령으로 정한다,위임,대통령령,4,문언이 단편적이나 '대통령령으로 정한다'는 종결형 위임 문구로 규율권한을 대통령령에 넘긴다.
P00513,사항은 대통령령으로,판단불가,대통령령,2,문장이 잘려 서술어와 위임 대상이 확인되지 않으나 '대통령령으로' 표지만 남아 있어 규율권한 이전 여부를 확정할 수 없다.
P00514,사항은 대통령령으로,판단불가,대통령령,2,문장이 '사항은 대통령령으로'에서 잘려 서술어가 없어 위임 여부를 확정할 수 없으나 표지어구는 대통령령이다.
P00515,사항은 대통령령으로,판단불가,대통령령,3,문장이 중간에서 잘려 있어 위임 종결 여부를 확정할 수 없으나 표지어구로 대통령령이 언급된다.
P00516,사항은 대통령령으로,판단불가,대통령령,3,문장이 '사항은 대통령령으로'에서 끊겨 종결부(정한다 등)가 없어 위임 여부를 확정할 수 없으나 표지어구는 대통령령이다.
P00517,사항은 대통령령으로,판단불가,대통령령,3,문장이 중간에서 잘려 서술어가 없어 위임 여부를 확정할 수 없으나 표지어구로 대통령령이 언급된다.
P00518,사항은 대통령령으로,판단불가,대통령령,2,문장이 중간에서 잘려 종결부가 없어 위임 여부를 확정할 수 없으나 문언상 대통령령이 명시되어 있다.
P00519,사항은 대통령령으로,판단불가,대통령령,2,문장이 중간에서 잘려 종결부가 없어 위임 여부를 확정할 수 없으나 문언상 대통령령이 지정되어 있다.
P00520,사항은 대통령령으로,판단불가,대통령령,2,문장이 중간에서 잘려 종결 서술어가 없어 위임 여부를 확정할 수 없으나 문언상 '대통령령'이 명시되어 있다.
P00521,대통령령으로 정하는,판단불가,대통령령,3,문장이 '대통령령으로 정하는'에서 잘려 대상과 종결 형태를 알 수 없어 위임 여부를 확정할 수 없다.
P00522,대통령령으로 정한다,위임,대통령령,5,문말 종결형 '대통령령으로 정한다'로 대통령령에 규율권한을 넘긴다.
P00523,대통령령으로 정한다,위임,대통령령,4,문말 종결형 '대통령령으로 정한다'로 규율권한을 대통령령에 넘기는 위임이다.
P00524,대통령령으로 정한다,위임,대통령령,4,문말 종결형 '대통령령으로 정한다'로 규율권한을 대통령령에 넘기는 위임이다.
P00525,대통령령으로 정한다,위임,대통령령,4,'대통령령으로 정한다'는 종결형으로 대통령령에 규율권한을 넘기는 위임이다.
P00526,대통령령으로 정한다,위임,대통령령,3,문장이 일부 잘렸으나 '대통령령으로 정한다'는 종결형 위임 문언이 명확하다.
P00527,대통령령으로 정한다,위임,대통령령,4,문말 종결형 '대통령령으로 정한다'로 하위 규범인 대통령령에 규율권한을 넘긴다.
P00528,대통령령으로 정하는,판단불가,대통령령,2,문장이 '대통령령으로 정하는'에서 잘려 규율 대상과 종결 형태를 확인할 수 없어 위임 여부를 판정할 수 없다.
P00529,대통령령으로 정하는,판단불가,대통령령,3,문장이 '대통령령으로 정하는'에서 잘려 무엇을 위임하는지 확인할 수 없다.
P00530,대통령령으로 정한다,위임,대통령령,4,문말 종결형 '대통령령으로 정한다'로 대통령령에 규율권한을 넘기는 위임이다.
P00531,대통령령으로 정한다,위임,대통령령,4,종결형 '대통령령으로 정한다'로 대통령령에 규율권한을 넘기는 위임이다.
P00532,대통령령으로 정한다,위임,대통령령,4,문말 종결형 '대통령령으로 정한다'로 하위 규범에 규율권한을 넘기는 위임이다.
P00533,④ 지방자치단체는 해당 지방자치단체가 설립·경영하는 전체 대학 교원 중 특정 성별이 4분의 3을 초과하지 아니하도록 노력하여야 한다. 이 경우 교원의 성별 구성에 관한 연도별 목표 비율은 해당 지방자치단체의 조례로 정한다.,위임,조례,5,연도별 목표 비율을 해당 지방자치단체의 조례로 정하도록 규율권한을 넘긴다.
P00534,대통령령으로 정하는 바에,판단불가,대통령령,2,문장이 중간에 잘려 종결부가 없어 위임 여부를 확정할 수 없으나 표지어구는 대통령령이다.
P00535,대통령령으로 정하는 경우,위임,대통령령,4,'대통령령으로 정하는 경우'는 요건 일부를 대통령령에 맡기는 부분 위임이다.
P00536,대통령령으로 정하는,판단불가,대통령령,3,문장이 '대통령령으로 정하는'에서 잘려 규율 대상과 종결 형식을 확인할 수 없어 위임 여부를 판정할 수 없다.
P00537,대통령령으로 정하는 바에 따라,위임,대통령령,3,문장이 절 형태로 잘려 있으나 '대통령령으로 정하는 바에 따라'라는 위임 표지가 명확하여 대통령령 위임으로 본다.
P00538,대통령령으로 정하는,판단불가,대통령령,2,문장이 '대통령령으로 정하는'에서 잘려 종결 구조와 위임 여부를 확인할 수 없다.
P00539,대통령령으로 정하는,판단불가,대통령령,3,문장이 '대통령령으로 정하는'에서 잘려 무엇을 위임하는지 확인할 수 없어 판정이 불가하나 표지어구는 대통령령이다.
P00540,대통령령으로 정하는,판단불가,대통령령,2,문장이 '대통령령으로 정하는'에서 잘려 무엇을 위임하는지 확인할 수 없어 위임 여부를 확정할 수 없다.
P00541,대통령령으로 정하는,판단불가,대통령령,3,문장이 '대통령령으로 정하는'에서 잘려 무엇을 위임하는지 확인할 수 없으나 대통령령 표지어구는 명시되어 있다.
P00542,대통령령으로 정하는,판단불가,대통령령,2,문장이 '대통령령으로 정하는'에서 잘려 있어 규율 대상과 위임 여부를 확정할 수 없다.
P00543,대통령령으로 정하는,판단불가,해당없음,3,'대통령령으로 정하는'이라는 단편만 제시되어 무엇을 위임하는지 확인할 수 없어 잘린 문장으로 판단된다.
P00544,대통령령으로 정하는,판단불가,대통령령,3,문장이 '대통령령으로 정하는'에서 절단되어 무엇을 위임하는지 확인할 수 없으나 법형식 표지는 대통령령이다.
P00545,대통령령으로 정하는,판단불가,대통령령,3,문장이 '대통령령으로 정하는'에서 잘려 무엇을 위임하는지 확인할 수 없으나 표지어구는 대통령령이다.
P00546,대통령령으로 정하는,판단불가,대통령령,2,문장이 '대통령령으로 정하는'에서 잘려 수식 대상과 위임 사항을 확인할 수 없다.
P00547,대통령령으로 정하는,판단불가,해당없음,3,문장이 '대통령령으로 정하는'에서 잘려 서술어와 위임사항이 확인되지 않는다.
P00548,대통령령으로 정한다,위임,대통령령,4,문말 종결형 '대통령령으로 정한다'로 대통령령에 규율권한을 넘기는 위임이다.
P00549,사항은 대통령령으로,판단불가,대통령령,2,문장이 '사항은 대통령령으로'에서 잘려 종결부가 없어 위임 여부를 확정할 수 없으나 표지어구는 대통령령이다.
P00550,대통령령으로 정하는 기간,위임,대통령령,3,문장이 단편이지만 '대통령령으로 정하는 기간'은 요건 일부를 대통령령에 맡기는 부분 위임이다.
P00551,대통령령으로 정하는 사유에,판단불가,대통령령,3,문장이 중간에서 잘려 종결부가 없어 위임 구조를 확정할 수 없으나 '대통령령으로 정하는' 표지만 확인된다.
P00552,대통령령으로 정한다,위임,대통령령,4,종결형 '대통령령으로 정한다'로 대통령령에 규율권한을 넘기는 위임이다.
P00553,대통령령으로 정하는,판단불가,대통령령,3,문장이 '대통령령으로 정하는'에서 잘려 있어 위임 종결인지 요건 원용인지 확정할 수 없다.
P00554,대통령령으로 정한다,위임,대통령령,4,문말 '대통령령으로 정한다'는 대통령령에 규율권한을 넘기는 위임 종결형이다.
P00555,대통령령으로 정하는,판단불가,대통령령,2,문장이 '대통령령으로 정하는'에서 잘려 있어 위임 대상과 종결 형태를 확인할 수 없다.
P00556,필요한 사항은 교육부령으로,판단불가,부령,2,문장이 종결부 없이 잘려 위임 여부를 확정할 수 없으나 표지어구는 교육부령(부령)이다.
P00557,대통령령으로 정한다,위임,대통령령,4,문언이 '대통령령으로 정한다'는 종결형으로 대통령령에 규율권한을 넘기고 있다.
P00558,대통령령으로 정하되,위임,대통령령,3,문장이 절단된 형태이나 '대통령령으로 정하되'는 대통령령에 규율권한을 넘기는 위임 문언이다.
P00559,중앙선거관리위원회규칙으로,판단불가,미특정,3,문장이 '중앙선거관리위원회규칙으로'에서 잘려 종결부의 위임 여부를 확인할 수 없다.
P00560,대통령령으로 정하는,판단불가,대통령령,2,문장이 '대통령령으로 정하는'에서 잘려 위임 대상과 종결 구조를 확인할 수 없다.
P00561,사항은 대통령령으로,판단불가,대통령령,3,문장이 중간에서 잘려 서술어가 없어 위임 종결 여부를 확정할 수 없으나 문언상 대통령령이 지정되어 있다.
P00562,사항은 대통령령으로,판단불가,대통령령,3,문장이 잘려 종결부가 없어 위임 여부를 확정할 수 없으나 문언상 대통령령이 명시되어 있다.
P00563,사항은 대통령령으로,판단불가,대통령령,2,문장이 중간에서 잘려 종결부가 없어 위임 여부를 확정할 수 없으나 문언에 나타난 법형식은 대통령령이다.
P00564,대통령령으로 정하는 업적평가 및 연수실적 등을 반영한 재심사를,위임,대통령령,4,문장이 일부 잘렸으나 '대통령령으로 정하는 업적평가 및 연수실적'은 요건 일부를 대통령령에 맡기는 부분 위임이다.
P00565,심사기준을 충족하지 못한 경우 대통령령으로,판단불가,해당없음,3,문장이 중간에 잘려 종결부가 없어 위임 여부를 확정할 수 없다.
P00566,"대통령령으로 정하는 바에 따라 수업부담 경감, 수당 지급",위임,대통령령,4,'대통령령으로 정하는 바에 따라'로 수업부담 경감·수당 지급의 구체적 사항을 대통령령에 넘기는 위임이다.
P00567,대통령령으로 정한다,위임,대통령령,4,문말 종결형 '대통령령으로 정한다'로 규율권한을 대통령령에 넘기는 위임이다.
P00568,필요한 사항은 대통령령으로,위임,대통령령,4,문장이 다소 잘렸으나 '필요한 사항은 대통령령으로 (정한다)'는 대통령령에 규율권한을 넘기는 전형적 위임 문언이다.
P00569,대통령령으로 정하는,판단불가,미특정,2,문장이 '대통령령으로 정하는'에서 잘려 있어 무엇을 위임하는지 확인할 수 없다.
P00570,"④ 교육감은 제2항에 따라 장학금을 받고 있거나 받은 사람이 다음 각 호의 어느 하나에 해당하는 경우에는 시ㆍ도의 조례로 정하는 바에 따라 본인에게 장학금의 전부 또는 일부를 반납할 것을 명할 수 있고, 본인이 반납하지 아니할 경우 그의 보증인(「보험업법」에 따라 보증보험증권을 발행한 보험회사를 포함한다)에게 보증채무의 이행을 청구할 수 있으며 반납하지 아니하면 지방세 체납처분의 예에 따라 징수할 수 있다. 다만, 의무복무기간 중 공무상 질병으로 퇴직한 경우 등 시ㆍ도의 조례로 정하는 불가피한 사유가 있는 경우에는 그러하지 아니하다.",위임,조례,5,장학금 반납 명령의 절차·사유를 시·도 조례로 정하도록 규율권한을 넘긴다.
P00571,③ 교육감은 제2항에 따라 장학금을 받는 사람에 대하여 교육대학을 졸업한 후 4년의 범위에서 해당 관할지역에서 실시되는 교사 공개전형에 응시하여 합격한 경우에는 장학금을 받은 기간의 2배의 범위에서 시·도의 조례로 정하는 기간 동안 교육감이 정하는 지역에서 복무하도록 의무를 부과할 수 있다.,위임,조례,4,의무복무 기간을 시·도 조례로 정하도록 부분 위임하고 있다(복무지역 지정은 개별 처분 권한에 가깝다).
P00572,③ 교육감은 제2항에 따라 장학금을 받는 사람에 대하여 교육대학을 졸업한 후 4년의 범위에서 해당 관할지역에서 실시되는 교사 공개전형에 응시하여 합격한 경우에는 장학금을 받은 기간의 2배의 범위에서 시·도의 조례로 정하는 기간 동안 교육감이 정하는 지역에서 복무하도록 의무를 부과할 수 있다.,위임,조례,4,복무 의무기간을 시·도 조례로 정하도록 부분 위임하고 있다(복무지역 지정은 개별 처분 권한).
P00573,"④ 교육감은 제2항에 따라 장학금을 받고 있거나 받은 사람이 다음 각 호의 어느 하나에 해당하는 경우에는 시ㆍ도의 조례로 정하는 바에 따라 본인에게 장학금의 전부 또는 일부를 반납할 것을 명할 수 있고, 본인이 반납하지 아니할 경우 그의 보증인(「보험업법」에 따라 보증보험증권을 발행한 보험회사를 포함한다)에게 보증채무의 이행을 청구할 수 있으며 반납하지 아니하면 지방세 체납처분의 예에 따라 징수할 수 있다. 다만, 의무복무기간 중 공무상 질병으로 퇴직한 경우 등 시ㆍ도의 조례로 정하는 불가피한 사유가 있는 경우에는 그러하지 아니하다.",위임,조례,5,장학금 반납 명령의 기준·불가피 사유를 시·도 조례로 정하도록 규율권한을 넘긴다.
P00574,"④ 교육감은 제2항에 따라 장학금을 받고 있거나 받은 사람이 다음 각 호의 어느 하나에 해당하는 경우에는 시ㆍ도의 조례로 정하는 바에 따라 본인에게 장학금의 전부 또는 일부를 반납할 것을 명할 수 있고, 본인이 반납하지 아니할 경우 그의 보증인(「보험업법」에 따라 보증보험증권을 발행한 보험회사를 포함한다)에게 보증채무의 이행을 청구할 수 있으며 반납하지 아니하면 지방세 체납처분의 예에 따라 징수할 수 있다. 다만, 의무복무기간 중 공무상 질병으로 퇴직한 경우 등 시ㆍ도의 조례로 정하는 불가피한 사유가 있는 경우에는 그러하지 아니하다.",위임,조례,5,반납 명령의 방법과 예외 사유를 시·도 조례로 정하도록 규율권한을 넘긴다.
P00575,대통령령으로 정하는,판단불가,미특정,3,문장이 '대통령령으로 정하는'에서 절단되어 위임 대상·종결 형태를 확인할 수 없다.
P00576,대통령령으로 정하는,판단불가,대통령령,3,문장이 '대통령령으로 정하는'에서 절단되어 무엇을 위임하는지 확인할 수 없으나 법형식 표지는 대통령령이다.
P00577,대통령령으로 정하는,판단불가,대통령령,3,문장이 '대통령령으로 정하는'에서 절단되어 위임 종결 구조인지 기존 규범 인용인지 확정할 수 없다.
P00578,대통령령으로 정하는,판단불가,해당없음,4,문장이 '대통령령으로 정하는'에서 잘려 있어 위임 여부와 대상 사항을 확정할 수 없다.
P00579,대통령령으로 정한다,위임,대통령령,4,문장이 축약되어 있으나 '대통령령으로 정한다'는 종결형 위임 문언이다.
P00580,대통령령으로 정한다,위임,대통령령,4,주어부가 생략되었으나 '대통령령으로 정한다'는 종결형으로 규율권한을 대통령령에 넘긴다.
P00581,대통령령에는,판단불가,미특정,4,문장이 '대통령령에는'에서 잘려 있어 위임 여부와 규율 내용을 판정할 수 없다.
P00582,대통령령에는,판단불가,미특정,4,문장이 '대통령령에는'에서 잘려 있어 위임 여부와 규율 범위를 판정할 수 없다.
P00583,대통령령으로 정하는,판단불가,대통령령,3,"문장이 '대통령령으로 정하는'에서 끊겨 무엇을 위임하는지 확인할 수 없어 판정이 불가하나, 표지어구상 지정 형식은 대통령령이다."
P00584,대통령령으로 정하는,판단불가,대통령령,2,문장이 '대통령령으로 정하는'에서 잘려 종결부와 위임 대상이 확인되지 않아 위임 여부를 확정할 수 없다.
P00585,사항은 대통령령으로,판단불가,대통령령,3,문장이 중간에서 잘려 서술어가 없어 위임 여부를 확정할 수 없으나 문언상 대통령령이 지정되어 있다.
P00586,사항은 대통령령으로,판단불가,대통령령,2,문장이 중간에서 잘려 종결부가 없어 위임 여부를 확정할 수 없으나 표지어구로 대통령령이 나타난다.
P00587,사항은 대통령령으로,판단불가,대통령령,3,문장이 중간에서 잘려 종결부가 없어 위임 여부를 확정할 수 없으나 문언상 대통령령이 지시되어 있다.
P00588,사항은 대통령령으로,판단불가,대통령령,3,문장이 중간에서 잘려 종결 형태를 확인할 수 없어 위임 여부를 확정할 수 없으나 표지어구는 대통령령이다.
P00589,사항은 대통령령으로,판단불가,대통령령,3,문장이 중간에서 잘려 종결부가 없어 위임 여부를 확정할 수 없으나 표지어구는 대통령령이다.
P00590,사항은 대통령령으로,판단불가,대통령령,3,문장이 중간에서 잘려 종결형과 위임 대상 사항을 확인할 수 없어 규율권한 이전 여부를 판정할 수 없으나 문언상 대통령령이 명시되어 있다.
P00591,사항은 대통령령으로,판단불가,대통령령,3,문장이 중간에서 잘려 종결부가 없어 위임 여부를 확정할 수 없으나 문언에는 대통령령이 명시되어 있다.
P00592,사항은 대통령령으로,판단불가,대통령령,2,문장이 중간에서 잘려 종결부가 없어 위임 여부를 확정할 수 없으나 표지어구는 대통령령이다.
P00593,사항은 대통령령으로,판단불가,대통령령,3,문장이 '사항은 대통령령으로'에서 잘려 종결 문언(정한다 등)이 없어 위임 여부를 확정할 수 없으나 표지어구는 대통령령이다.
P00594,사항은 대통령령으로,판단불가,대통령령,3,문장이 중간에서 잘려 종결 형태와 위임 대상 사항을 확인할 수 없으나 문언상 대통령령이 지정되어 있다.
P00595,사항은 대통령령으로,판단불가,대통령령,2,문장이 중간에서 잘려 종결부와 주체가 없어 위임 여부를 확정할 수 없으나 '대통령령'이라는 법형식만 확인된다.
P00596,사항은 대통령령으로,판단불가,대통령령,3,문장이 중간에서 잘려 종결부가 없어 위임 여부를 확정할 수 없으나 문언상 대통령령이 명시되어 있다.
P00597,대통령령으로 정하는,판단불가,대통령령,3,문장이 '대통령령으로 정하는'에서 잘려 있어 위임 여부를 확정할 수 없으나 표지어구는 대통령령이다.
P00598,필요한 사항은 대통령령으로,위임,대통령령,3,문장이 절단되었으나 '필요한 사항은 대통령령으로'라는 표지로 대통령령에 규율권한을 넘기는 위임으로 판정된다.
P00599,대통령령으로 정한다,위임,대통령령,4,문말 종결형 '대통령령으로 정한다'로 대통령령에 규율권한을 넘긴다.
P00600,대통령령으로 정한다,위임,대통령령,4,문장이 축약되었으나 '대통령령으로 정한다'는 종결형 위임 문언이다.
P00601,대통령령으로 정하는,판단불가,대통령령,3,문장이 '대통령령으로 정하는'에서 잘려 수식 대상과 규율 범위를 확인할 수 없어 위임 여부를 확정할 수 없다.
P00602,대통령령으로 정한다,위임,대통령령,4,종결형 '대통령령으로 정한다'로 대통령령에 규율권한을 넘기는 위임이다.
P00603,사항은 대통령령으로,판단불가,대통령령,3,문장이 중간에서 잘려 종결부가 없어 위임 여부를 확정할 수 없으나 표지어구로 대통령령이 언급된다.
P00604,사항은 대통령령으로,판단불가,대통령령,3,문장이 중간에서 잘려 있어 위임 종결 여부를 확정할 수 없으나 문언상 대통령령이 지정되어 있다.
P00605,사항은 대통령령으로,판단불가,대통령령,2,문장이 '사항은 대통령령으로'에서 잘려 종결부가 없어 위임 여부를 확정할 수 없으나 문언에는 대통령령이 명시되어 있다.
P00606,사항은 대통령령으로,판단불가,해당없음,3,문장이 '사항은 대통령령으로'에서 잘려 종결부가 없어 위임 여부를 확정할 수 없다.
P00607,사항은 대통령령으로,판단불가,대통령령,2,문장이 중간에서 잘려 종결부가 없어 위임 여부를 확정할 수 없으나 표지어구상 대통령령이 언급된다.
P00608,사항은 대통령령으로,판단불가,대통령령,3,문장이 '사항은 대통령령으로'에서 잘려 종결부가 없어 위임 여부를 확정할 수 없으나 표지어구는 대통령령이다.
P00609,사항은 대통령령으로,판단불가,대통령령,2,문장이 절단되어 위임 종결 여부를 확인할 수 없으나 문언에 대통령령이 명시되어 있다.
P00610,사항은 대통령령으로,판단불가,해당없음,3,문장이 '사항은 대통령령으로'에서 잘려 서술어가 없어 위임 여부를 확정할 수 없다.
P00611,사항은 대통령령으로,판단불가,대통령령,2,문장이 중간에서 잘려 서술어가 없어 위임 여부를 확정할 수 없으나 법형식은 대통령령으로 표기되어 있다.
P00612,사항은 대통령령으로,판단불가,해당없음,3,문장이 '사항은 대통령령으로'에서 잘려 종결 서술어가 없어 위임 여부를 확정할 수 없다.
P00613,사항은 대통령령으로,판단불가,대통령령,3,문장이 '사항은 대통령령으로'에서 잘려 서술어가 없어 위임 종결 여부를 확정할 수 없으나 지정 법형식은 대통령령으로 표시되어 있다.
P00614,사항은 대통령령으로,판단불가,대통령령,2,문장이 중간에서 잘려 종결 문언이 없어 위임 여부를 확정할 수 없으나 표지어구로 대통령령이 언급된다.
P00615,사항은 대통령령으로,판단불가,대통령령,3,문장이 '사항은 대통령령으로'에서 잘려 종결부가 없어 위임인지 인용인지 확정할 수 없다.
P00616,사항은 대통령령으로,판단불가,대통령령,2,문장이 '사항은 대통령령으로'에서 잘려 종결부가 없어 위임 여부를 확정할 수 없으나 표지어구는 대통령령이다.
P00617,사항은 대통령령으로,판단불가,대통령령,3,문장이 '사항은 대통령령으로'에서 잘려 종결부가 없어 위임 여부를 확정할 수 없으나 표지어구는 대통령령이다.
P00618,사항은 대통령령으로,판단불가,대통령령,2,문장이 중간에서 잘려 서술어가 없어 위임 여부를 확정할 수 없으나 '대통령령으로'라는 법형식 표지만 확인된다.
P00619,사항은 대통령령으로,판단불가,대통령령,2,문장이 중간에서 잘려 종결부가 없어 위임 여부를 확정할 수 없으나 표지어구상 대통령령이 지시되어 있다.
P00620,사항은 대통령령으로,판단불가,해당없음,3,문장이 중간에서 잘려 종결 형태와 위임 대상 사항을 확인할 수 없다.
P00621,사항은 대통령령으로,판단불가,해당없음,3,문장이 '사항은 대통령령으로'에서 잘려 종결부가 없어 위임 여부를 확정할 수 없다.
P00622,사항은 대통령령으로,판단불가,대통령령,3,문장이 '사항은 대통령령으로'에서 잘려 종결 서술어가 없어 위임 여부를 확정할 수 없으나 문언상 대통령령이 명시되어 있다.
P00623,사항은 대통령령으로,판단불가,미특정,4,문장이 중간에서 잘려 있어 위임 여부를 확정할 수 없다.
P00624,사항은 대통령령으로,판단불가,대통령령,3,문장이 '사항은 대통령령으로'에서 잘려 종결 문언(정한다/정하는)이 없어 위임 여부를 확정할 수 없다.
P00625,사항은 대통령령으로,판단불가,대통령령,2,문장이 중간에서 잘려 서술어와 규율 대상이 불완전하므로 위임 여부를 확정할 수 없으나 표지어구는 대통령령이다.
P00626,사항은 대통령령으로,판단불가,대통령령,3,문장이 '사항은 대통령령으로'에서 절단되어 종결 형태(정한다/정한)를 확인할 수 없어 위임 여부를 확정할 수 없다.
P00627,사항은 대통령령으로,판단불가,대통령령,3,문장이 중간에서 잘려 종결 표현이 없어 위임 여부를 확정할 수 없으나 표지어구는 대통령령이다.
P00628,사항은 대통령령으로,판단불가,대통령령,3,문장이 중간에서 잘려 종결부와 위임 대상 사항이 확인되지 않아 위임 여부를 확정할 수 없으나 문언상 대통령령이 지시되어 있다.
P00629,사항은 대통령령으로,판단불가,대통령령,3,문장이 중간에서 잘려 종결부가 없어 위임 여부를 확정할 수 없으나 표지어구는 대통령령이다.
P00630,사항은 대통령령으로,판단불가,대통령령,3,문장이 '사항은 대통령령으로'에서 끊겨 종결부가 없어 위임 여부를 확정할 수 없으나 표지어구는 대통령령이다.
P00631,사항은 대통령령으로,판단불가,대통령령,2,문장이 '사항은 대통령령으로'에서 잘려 종결부가 없어 위임 여부를 확정할 수 없으나 표지어구는 대통령령이다.
P00632,사항은 대통령령으로,판단불가,대통령령,3,문장이 '사항은 대통령령으로'에서 절단되어 종결 문언(정한다 등)을 확인할 수 없어 위임 여부를 확정할 수 없다.
P00633,사항은 대통령령으로,판단불가,대통령령,3,문장이 중간에서 잘려 서술어가 없어 위임 여부를 확정할 수 없으나 문언상 대통령령이 명시되어 있다.
P00634,사항은 대통령령으로,판단불가,대통령령,2,문장이 중간에서 잘려 종결부가 없어 위임 여부를 확정할 수 없으나 문언상 대통령령이 지시되어 있다.
P00635,대통령령으로 정하는,판단불가,대통령령,2,문장이 '대통령령으로 정하는'에서 잘려 수식 대상과 종결 형태를 확인할 수 없어 위임 여부를 확정할 수 없다.
P00636,대통령령으로 정하는,판단불가,대통령령,2,문장이 '대통령령으로 정하는'에서 잘려 있어 위임 종결 여부를 판정할 수 없다.
P00637,사항은 대통령령으로,판단불가,대통령령,3,문장이 중간에서 잘려 종결부가 없어 위임 여부를 확정할 수 없으나 문언상 대통령령이 지시되어 있다.
P00638,사항은 대통령령으로,판단불가,미특정,4,문장이 중간에서 잘려 있어 위임 여부와 대상 사항을 확정할 수 없다.
P00639,8. 교육부장관 또는 교육감이 지정하는 연구기관이나 교육기관 등에서 연수하게 된 경우,인용,해당없음,3,특정 기관을 지정하는 개별 처분 권한 부여에 해당하여 규범 제정 위임으로 보기 어렵다.
P00640,대통령령으로 정하는,위임,대통령령,3,문장이 단편이나 '대통령령으로 정하는'이라는 부분 위임 표지가 명확하다.
P00641,대통령령으로 정하는,판단불가,대통령령,2,문장이 '대통령령으로 정하는'에서 잘려 규율 대상이나 종결 형태를 알 수 없어 위임 여부를 확정할 수 없다.
P00642,대통령령으로 정한다,위임,대통령령,4,문장이 축약되었으나 '대통령령으로 정한다'는 종결형 위임 문언이다.
P00643,대통령령으로 정하는,판단불가,대통령령,3,문장이 '대통령령으로 정하는'에서 잘려 있어 위임 종결 여부를 확인할 수 없으나 법형식은 대통령령으로 명시되어 있다.
P00644,대통령령으로 정하는,판단불가,대통령령,3,문장이 '대통령령으로 정하는'에서 잘려 있어 위임 여부를 확정할 수 없으나 지정 법형식은 대통령령으로 나타난다.
P00645,대통령령으로 정하는,판단불가,대통령령,2,문장이 '대통령령으로 정하는'에서 잘려 규율 대상과 종결 형태를 확인할 수 없어 위임 여부를 확정할 수 없다.
P00646,사항은 대통령령으로,판단불가,대통령령,2,문장이 중간에서 잘려 서술어가 없어 위임 여부를 확정할 수 없으나 문언상 대통령령이 적시되어 있다.
P00647,대통령령으로 정하는 부단체장을,판단불가,해당없음,3,문장이 '부단체장을'에서 절단되어 서술부가 없어 위임 여부를 확정할 수 없다.
P00648,대통령령으로 정한다,위임,대통령령,4,문말 종결형 '대통령령으로 정한다'로 대통령령에 규율권한을 넘기는 위임이다.
P00649,대통령령으로 정하는 바에 따라 해당 공립대학의 추천을,판단불가,대통령령,3,문장이 중간에서 절단되어 종결 구조와 위임 대상을 확정할 수 없으나 '대통령령으로 정하는 바에 따라'라는 표지만 확인된다.
P00650,⑧ 공립대학고충위원회의 구성·권한 및 심사절차와 그 밖에 필요한 사항은 조례로 정한다.,위임,조례,5,고충위원회 구성·권한 등에 관한 사항을 조례에 정하도록 규율권한을 넘긴다.
P00651,대통령령으로 정하는 부교육감을,판단불가,대통령령,3,문장이 중간에 잘려 술어가 없어 위임 구조를 확정할 수 없으나 '대통령령으로 정하는'이라는 표지만 보인다.
P00652,필요하다고 인정하는 경우에는 교육부장관이 정하는 범위에서,위임,미특정,3,'교육부장관이 정하는 범위에서'로 법형식을 지정하지 않은 하위 규율권한 위임이나 문장이 종결되지 않아 확신도는 낮다.
P00653,교육부장관이 정하는 범위 안에서 조정위원회의 심의를 거쳐 근무성적평정표 및 다면평가표의 요소별 점수를 조정할 수 있다.,위임,미특정,4,'교육부장관이 정하는 범위 안에서'는 법형식을 지정하지 않은 부분 위임이다.
P00654,교육부장관이 인정하는 전국규모의 연구대회,위임,미특정,3,'교육부장관이 인정하는 전국규모의 연구대회'는 평정 대상 요건의 구체화를 장관에게 맡긴 부분 위임이나 법형식은 지정되지 않았다.
P00655,교육부장관이 인정하는 전국규모의 연구대회,위임,미특정,3,평정 대상 연구대회의 범위 확정을 교육부장관에게 맡긴 부분 위임이나 법형식을 지정하지 않았다.
P00656,임용권자 또는 임용제청권자중에서 교육부장관이 지정한다.,인용,해당없음,3,명부 작성권자를 개별적으로 지정하는 처분 권한 부여일 뿐 하위 규범 제정권을 넘기는 위임이 아니다.
P00657,"직위해제처분의 말소방법, 절차 등에 관한 사항은 교육부장관이 정한다.",위임,미특정,5,교육부장관에게 규율권한을 넘기되 법형식을 지정하지 않았다.
P00658,⑧제7항에 따른 위원회의 구성 및 운영 그 밖에 지방자치단체의 양성평등조치계획 및 그 추진실적의 평가에 필요한 사항은 해당 지방자치단체의 조례로 정한다.,위임,조례,5,위원회 구성·운영 등 필요한 사항을 해당 지방자치단체 조례에 규율권한을 넘기는 위임이다.
P00659,교사의 임용에 필요한 사항은 교육부장관이 정한다.,위임,미특정,5,교육부장관에게 규율권한을 넘기지만 법형식을 지정하지 않았다.
P00660,교육부령으로 정한다,위임,부령,4,종결형 '교육부령으로 정한다'로 부령에 규율권한을 넘기는 위임이다.
P00661,교육부령이 정하는 바에 따라,위임,부령,3,문장이 절 형태로 잘려 있으나 '교육부령이 정하는 바에 따라'는 채용순위 관련 사항의 규율권한을 교육부령에 넘기는 위임 표지이다.
P00662,교육부령으로 정한다,위임,부령,4,'교육부령으로 정한다'는 종결형으로 부령에 규율권한을 넘기는 위임이다.
P00663,7. 당해 직위나 근무지에 계속하여 근무하는 것이 교육상 심히 부적당하다고 인정되는 사유로서 교육부장관이 정하는 경우,위임,미특정,4,제한의 예외 사유를 교육부장관이 정하도록 규율권한을 넘기되 법형식을 지정하지 않았다.
P00664,교육부장관이 정하는 과목의 자격증을 소지하거나 해당 학과를 졸업한 사람을 말한다.,위임,미특정,4,'교육부장관이 정하는 과목'으로 요건 일부를 하위 규범에 맡기나 법형식은 지정하지 않았다.
P00665,질병휴직위원회의 구성·운영 등 질병휴직 제도의 운영에 필요한 사항은 교육부장관이 정한다,위임,미특정,5,교육부장관에게 규율권한을 넘기되 법형식을 지정하지 않았다.
P00666,시간선택제 전환교사의 지정 기준 등에 관하여 필요한 사항은 교육부장관이 정한다.,위임,미특정,5,교육부장관에게 규율권한을 넘기나 법형식을 지정하지 않았다.
P00667,① 시험에 응시하려는 사람은 시ㆍ도의 조례로 정하는 바에 따라 응시수수료를 내야 한다.,위임,조례,4,응시수수료 사항을 시·도 조례로 정하도록 규율권한을 넘긴다.
P00668,① 시험에 응시하려는 사람은 시ㆍ도의 조례로 정하는 바에 따라 응시수수료를 내야 한다.,위임,조례,4,응시수수료 산정·납부 사항을 시·도 조례가 정하도록 규율권한을 넘긴다.
P00669,① 시험에 응시하려는 사람은 시ㆍ도의 조례로 정하는 바에 따라 응시수수료를 내야 한다.,위임,조례,5,응시수수료에 관한 사항을 시·도 조례로 정하도록 규율권한을 넘긴다.
P00670,① 시험에 응시하려는 사람은 시ㆍ도의 조례로 정하는 바에 따라 응시수수료를 내야 한다.,위임,조례,4,응시수수료에 관한 사항을 시·도 조례로 정하도록 규율권한을 넘기고 있다.
P00671,① 시험에 응시하려는 사람은 시ㆍ도의 조례로 정하는 바에 따라 응시수수료를 내야 한다.,위임,조례,4,응시수수료 결정을 시·도 조례에 맡기는 위임 문언이다.
P00672,① 시험에 응시하려는 사람은 시ㆍ도의 조례로 정하는 바에 따라 응시수수료를 내야 한다.,위임,조례,5,응시수수료에 관한 사항을 시·도 조례로 정하도록 규율권한을 넘긴다.
P00673,① 시험에 응시하려는 사람은 시ㆍ도의 조례로 정하는 바에 따라 응시수수료를 내야 한다.,위임,조례,5,응시수수료에 관한 사항을 시·도 조례로 정하도록 규율권한을 넘긴다.
P00674,① 시험에 응시하려는 사람은 시ㆍ도의 조례로 정하는 바에 따라 응시수수료를 내야 한다.,위임,조례,4,응시수수료에 관한 사항을 시·도 조례로 정하도록 규율권한을 넘긴다.
P00675,① 시험에 응시하려는 사람은 시ㆍ도의 조례로 정하는 바에 따라 응시수수료를 내야 한다.,위임,조례,5,응시수수료에 관한 사항을 시·도 조례로 정하도록 규율권한을 넘긴다.
P00676,① 시험에 응시하려는 사람은 시ㆍ도의 조례로 정하는 바에 따라 응시수수료를 내야 한다.,위임,조례,4,응시수수료에 관한 사항을 시ㆍ도 조례로 정하도록 규율권한을 넘긴다.
P00677,① 시험에 응시하려는 사람은 시ㆍ도의 조례로 정하는 바에 따라 응시수수료를 내야 한다.,위임,조례,4,응시수수료 사항을 시·도 조례가 정하도록 규율권한을 넘기는 위임이다.
P00678,① 시험에 응시하려는 사람은 시ㆍ도의 조례로 정하는 바에 따라 응시수수료를 내야 한다.,위임,조례,4,응시수수료에 관한 사항을 시·도 조례로 정하도록 규율권한을 넘긴다.
P00679,① 시험에 응시하려는 사람은 시ㆍ도의 조례로 정하는 바에 따라 응시수수료를 내야 한다.,위임,조례,4,응시수수료 납부 기준을 시·도 조례로 정하도록 규율권한을 넘긴다.
P00680,① 시험에 응시하려는 사람은 시ㆍ도의 조례로 정하는 바에 따라 응시수수료를 내야 한다.,위임,조례,4,응시수수료 결정 사항을 시·도 조례에 맡기는 위임이다.
P00681,① 시험에 응시하려는 사람은 시ㆍ도의 조례로 정하는 바에 따라 응시수수료를 내야 한다.,위임,조례,4,응시수수료에 관한 사항을 시·도 조례로 정하도록 규율권한을 넘긴다.
P00682,① 시험에 응시하려는 사람은 시ㆍ도의 조례로 정하는 바에 따라 응시수수료를 내야 한다.,위임,조례,5,응시수수료에 관한 사항을 시·도 조례로 정하도록 규율권한을 넘긴다.
P00683,① 시험에 응시하려는 사람은 시ㆍ도의 조례로 정하는 바에 따라 응시수수료를 내야 한다.,위임,조례,5,응시수수료에 관한 사항을 시·도 조례로 정하도록 규율권한을 넘기는 위임이다.
P00684,한다)은 교육부령으로,판단불가,해당없음,4,문장이 절단되어 규율 대상과 종결형이 없어 위임 여부를 판정할 수 없다.
P00685,대통령령으로 정하는 학교는,위임,대통령령,3,문장이 불완전하나 '대통령령으로 정하는 학교'라는 부분 위임 형식이 명시되어 있다.
P00686,대통령령으로 정한다,위임,대통령령,4,문말 종결형 '대통령령으로 정한다'로 규율권한을 대통령령에 넘긴다.
P00687,대통령령으로 정한다,위임,대통령령,4,'대통령령으로 정한다'는 종결형으로 대통령령에 규율권한을 넘기는 위임이다.
P00688,대통령령으로 정한다,위임,대통령령,5,'대통령령으로 정한다'는 종결형으로 대통령령에 규율권한을 넘기는 위임이다.
P00689,대통령령으로 정한다,위임,대통령령,4,문말 종결형 '대통령령으로 정한다'로 대통령령에 규율권한을 넘기는 위임이다.
P00690,대통령령으로 정한다,위임,대통령령,5,'대통령령으로 정한다'는 종결형으로 대통령령에 규율권한을 넘기는 위임이다.
P00691,대통령령으로 정한다,위임,대통령령,5,문말 종결형 '대통령령으로 정한다'로 대통령령에 규율권한을 위임한다.
P00692,대통령령으로 정한다,위임,대통령령,4,문말 종결형 '대통령령으로 정한다'로 대통령령에 규율권한을 넘기는 위임이다.
P00693,대통령령으로 정한다,위임,대통령령,4,'대통령령으로 정한다'는 종결형으로 대통령령에 규율권한을 넘기는 위임이다.
P00694,대통령령으로 정하는 바에 따라,판단불가,대통령령,3,문장이 '대통령령으로 정하는 바에 따라'라는 단편으로 잘려 규율 대상과 종결형을 확인할 수 없어 위임 여부를 확정할 수 없다.
P00695,대통령령으로 정하는 바에 따라,위임,대통령령,4,문장이 단편이지만 '대통령령으로 정하는 바에 따라'는 대통령령에 규율권한을 넘기는 위임 문구이다.
P00696,대통령령으로 정한다,위임,대통령령,4,문말 종결형 '대통령령으로 정한다'로 규율권한을 대통령령에 넘긴다.
P00697,대통령령으로 정한다,위임,대통령령,4,'대통령령으로 정한다'는 종결형 위임 문언이다.
P00698,대통령령으로 정하는,판단불가,대통령령,2,문장이 '대통령령으로 정하는'에서 잘려 규율 대상과 종결 형태를 알 수 없어 위임 여부를 확정할 수 없다.
P00699,대통령령으로 정한다,위임,대통령령,5,문말 종결형 '대통령령으로 정한다'로 대통령령에 규율권한을 넘기는 위임이다.
P00700,대통령령으로 정한다,위임,대통령령,5,문말 종결형 '대통령령으로 정한다'로 대통령령에 규율권한을 넘긴다.
P00701,특구를 지정한 때에는 대통령령으로 정하는 바에 따라 그 내용을 관보에 고시하고,위임,대통령령,4,고시 절차의 구체적 사항을 대통령령에 넘기는 부분 위임이며 '관보에 고시'는 공고행위이므로 법형식이 아니다.
P00702,대통령령으로 정한다,위임,대통령령,4,문말 종결형 '대통령령으로 정한다'로 대통령령에 규율권한을 넘기는 위임이다.
P00703,대통령령으로 정하는 사항,위임,대통령령,4,계획 포함사항의 일부를 대통령령에 맡기는 부분 위임이다.
P00704,대통령령으로 정하는 중요한,위임,대통령령,3,문장이 일부 잘렸으나 '대통령령으로 정하는'이라는 부분 위임 표지가 명확하다.
P00705,필요한 사항은 대통령령으로,판단불가,대통령령,3,문장이 '대통령령으로'에서 절단되어 종결 서술어가 없어 위임 여부를 확정할 수 없으나 표지어구상 대통령령이 지시되어 있다.
P00706,대통령령으로 정하는 사항,위임,대통령령,4,심의사항 중 일부를 대통령령이 정하도록 맡기는 부분 위임이다.
P00707,대통령령으로 정하는 사람이,위임,대통령령,4,문장이 불완전하나 '대통령령으로 정하는 사람'은 위원 자격 요건을 대통령령에 넘기는 부분 위임이다.
P00708,대통령령으로 정한다,위임,대통령령,4,문말 '대통령령으로 정한다'로 위원회 관련 사항의 규율권한을 대통령령에 넘기는 위임이다.
P00709,대통령령으로 정한다,위임,대통령령,4,문말 '대통령령으로 정한다'로 위원회 관련 사항의 규율권한을 대통령령에 넘긴다.
P00710,대통령령으로 정한다,위임,대통령령,4,문장이 축약되었으나 종결형 '대통령령으로 정한다'로 대통령령에 규율권한을 넘기는 위임이다.
P00711,대통령령으로 정하는,판단불가,대통령령,2,문장이 '대통령령으로 정하는'에서 끊겨 무엇을 위임하는지 확인할 수 없다.
P00712,필요한 사항은 대통령령으로,위임,대통령령,3,문장이 절단되었으나 '필요한 사항은 대통령령으로'라는 전형적 위임 문형으로 대통령령에 규율권한을 넘기는 취지가 인정된다.
P00713,필요한 사항은 대통령령으로,판단불가,대통령령,3,문장이 종결부 없이 잘려 있어 위임 종결 여부를 확정할 수 없으나 표지어구로 대통령령이 지시된다.
P00714,④ 실시계획심의위원회의 조직·운영 등에 관하여 필요한 사항은 조례로 정한다.,위임,조례,5,필요한 사항의 규율권한을 조례에 넘기는 문말 위임이다.
P00715,3. 그 밖에 특구 조성사업에 필요한 사항으로서 조례로 정하는 사항,위임,조례,5,'조례로 정하는 사항'으로 규율권한을 조례에 넘기는 부분 위임이다.
P00716,④ 실시계획심의위원회의 조직·운영 등에 관하여 필요한 사항은 조례로 정한다.,위임,조례,5,실시계획심의위원회의 조직·운영에 관한 사항을 조례로 정하도록 규율권한을 넘긴다.
P00717,3. 그 밖에 특구 조성사업에 필요한 사항으로서 조례로 정하는 사항,위임,조례,5,심의 대상 사항의 범위를 조례에 정하도록 넘기는 부분 위임이다.
P00718,3. 그 밖에 특구 조성사업에 필요한 사항으로서 조례로 정하는 사항,위임,조례,4,심의사항의 범위를 조례가 정하도록 맡기는 부분 위임이다.
P00719,④ 실시계획심의위원회의 조직·운영 등에 관하여 필요한 사항은 조례로 정한다.,위임,조례,5,위원회 조직·운영 사항을 조례에 규율권한으로 넘기는 문말 위임이다.
P00720,3. 그 밖에 특구 조성사업에 필요한 사항으로서 조례로 정하는 사항,위임,조례,4,심의 대상 사항의 일부를 조례가 정하도록 맡기는 부분 위임이다.
P00721,④ 실시계획심의위원회의 조직·운영 등에 관하여 필요한 사항은 조례로 정한다.,위임,조례,5,위원회 조직·운영에 관한 사항을 조례에 규율권한으로 넘긴다.
P00722,④ 실시계획심의위원회의 조직·운영 등에 관하여 필요한 사항은 조례로 정한다.,위임,조례,5,위원회 조직·운영 사항의 규율권한을 조례에 넘기는 종결형 위임이다.
P00723,3. 그 밖에 특구 조성사업에 필요한 사항으로서 조례로 정하는 사항,위임,조례,4,심의 대상 사항의 일부를 조례가 정하도록 맡기는 부분 위임이다.
P00724,④ 실시계획심의위원회의 조직·운영 등에 관하여 필요한 사항은 조례로 정한다.,위임,조례,5,위원회 조직·운영에 관한 사항을 조례에 규율권한으로 넘긴다.
P00725,3. 그 밖에 특구 조성사업에 필요한 사항으로서 조례로 정하는 사항,위임,조례,4,심의사항의 일부를 조례가 정하도록 규율권한을 넘기는 부분 위임이다.
P00726,④ 실시계획심의위원회의 조직·운영 등에 관하여 필요한 사항은 조례로 정한다.,위임,조례,5,문말 종결형으로 조례에 조직·운영 사항의 규율권한을 넘긴다.
P00727,3. 그 밖에 특구 조성사업에 필요한 사항으로서 조례로 정하는 사항,위임,조례,5,'조례로 정하는 사항'으로 규율 사항을 조례에 넘기는 부분 위임이다.
P00728,그 밖에 대통령령으로 정하는 사업,위임,대통령령,5,사업의 범위를 대통령령이 정하도록 맡긴 부분 위임이다.
P00729,대통령령으로 정한다,위임,대통령령,4,문말 '대통령령으로 정한다'는 대통령령에 규율권한을 넘기는 위임이다.
P00730,대통령령으로 정한다,위임,대통령령,4,문말 종결형 '대통령령으로 정한다'로 대통령령에 규율권한을 넘긴다.
P00731,대통령령으로 정하는 바에 따라,위임,대통령령,3,문장이 단편이지만 '대통령령으로 정하는 바에 따라'는 대통령령에 규율권한을 넘기는 위임 표지이다.
P00732,다음 각 호의 사항을 관보 및 교육부 인터넷 홈페이지에 고시하여야 한다.,인용,해당없음,4,지정 사실을 관보·홈페이지에 공시하라는 공고 의무이지 하위 규범에 규율권한을 넘기는 위임이 아니다.
P00733,따로 법률로 정한다,위임,미특정,3,별도 법률에 규율을 넘기는 문언이나 목록상 법형식이 없어 미특정으로 처리한다.
P00734,따로 법률로 정한다,인용,해당없음,3,"동위 규범인 별도 법률에 규율을 맡기는 법률유보 문언으로, 하위 규범에 대한 위임이 아니다."
P00735,따로 법률로 정한다,인용,해당없음,3,하위 규범이 아닌 별도 법률에 규율을 맡기는 법률유보 문언이므로 위임이 아니라 다른 법률을 가리키는 인용으로 본다.
P00736,따로 법률로 정한다,위임,미특정,2,규율권한을 다른 규범(법률)에 넘기는 문언이지만 지정 형식이 '법률'이어서 목록상 하위법형식으로 특정되지 않아 미특정으로 처리했다.
P00737,법률로 정한다,인용,해당없음,3,'법률로 정한다'는 하위 규범이 아닌 동위의 별도 법률에 맡기는 표현이므로 하위 규범에 대한 위임으로 볼 수 없다.
P00738,법률로 정하는,판단불가,해당없음,4,문장이 '법률로 정하는'에서 잘려 술어와 대상이 없어 위임 여부를 판정할 수 없다.
P00739,법률로 정하는,판단불가,해당없음,4,"문장이 '법률로 정하는'에서 잘려 종결부가 없어 위임인지 인용인지 판정할 수 없고, '법률'은 하위 법형식 목록에도 해당하지 않는다."
P00740,법률로 정한다,인용,해당없음,3,하위 규범이 아닌 '법률'로 정하도록 한 법률유보 문언이므로 하위 규범에 대한 위임이 아니다.
P00741,법률로 정한다,인용,해당없음,3,법률 유보 문언으로 하위 규범에 규율권한을 넘기는 위임이 아니며 별도 법률을 가리키는 데 그친다.
P00742,대통령령으로 정하는,위임,대통령령,3,문장이 절단되어 있으나 '대통령령으로 정하는'이라는 부분위임 표지가 명확해 대통령령에 규율권한을 넘기는 위임으로 본다.
P00743,대통령령으로 정한다,위임,대통령령,4,문말 종결형 '대통령령으로 정한다'로 대통령령에 규율권한을 넘기는 위임이다.
P00744,따로 법률로 정한다,인용,해당없음,3,하위 규범이 아닌 별도의 법률에 맡기는 법률유보 문언이므로 하위 규범에 대한 위임으로 보지 않는다.
P00745,대통령령으로 정한다,위임,대통령령,4,문말 종결형 '대통령령으로 정한다'로 대통령령에 규율권한을 넘긴다.
P00746,교육부령으로 정한다,위임,부령,4,위임규정 조문에서 교육부령에 규율권한을 넘기는 종결형 위임이다.
P00747,교육부령으로 정한다,위임,부령,5,'교육부령으로 정한다'는 종결형으로 부령에 규율권한을 넘기는 위임이다.
P00748,교육부령으로 정한다,위임,부령,4,위임규정 조문에서 교육부령에 규율권한을 넘기는 문언이다.
P00749,교육부령으로 정한다,위임,부령,5,문말 종결형 '교육부령으로 정한다'로 부령에 규율권한을 넘기는 위임이다.
P00750,교육부령으로 정한다,위임,부령,4,종결형 '교육부령으로 정한다'로 부령에 규율권한을 넘기는 위임규정이다.
P00751,교육부령으로 정한다,위임,부령,4,문말 종결형으로 교육부령에 규율권한을 넘기는 위임 규정이다.
P00752,교육부령으로 정한다,위임,부령,5,'교육부령으로 정한다'는 종결형으로 부령에 규율권한을 넘기는 위임이다.
P00753,교육부령으로 정한다,위임,부령,5,위임규정 조문에서 교육부령에 규율권한을 넘기는 종결 문언이다.
P00754,교육부령으로 정한다,위임,부령,5,문말 종결형 '교육부령으로 정한다'로 부령에 규율권한을 넘기는 위임이다.
P00755,교육부령으로 정한다,위임,부령,4,문말 종결형 '교육부령으로 정한다'로 부령에 규율권한을 넘기는 위임이다.
P00756,교육부령으로 정한다,위임,부령,5,문말 종결형으로 교육부령에 규율권한을 넘기는 위임규정이다.
P00757,교육부령으로 정한다,위임,부령,4,'교육부령으로 정한다'는 문말 종결형으로 부령에 규율권한을 넘기는 위임이다.
P00758,교육부령으로 정한다,위임,부령,5,위임규정 조문에서 '교육부령으로 정한다'는 종결형으로 부령에 규율권한을 넘긴다.
P00759,교육부령으로 정한다,위임,부령,5,문말 종결형 '교육부령으로 정한다'로 부령에 규율권한을 넘기는 위임이다.
P00760,교육부령으로 정한다,위임,부령,4,'교육부령으로 정한다'는 종결형으로 부령에 규율권한을 넘기는 위임이다.
P00761,교육부령으로 정한다,위임,부령,4,종결형 '교육부령으로 정한다'로 하부조직 사항의 규율권한을 부령에 넘긴다.
P00762,교육부령으로 정한다,위임,부령,4,'교육부령으로 정한다'는 종결형으로 부령에 규율권한을 넘기는 위임이다.
P00763,교육부령으로 정한다,위임,부령,4,하부조직에 관한 사항의 규율권한을 교육부령에 넘기는 종결형 위임이다.
P00764,교육부령으로 정한다,위임,부령,4,하부조직에 관한 사항의 규율권한을 교육부령에 넘기는 종결형 위임이다.
P00765,교육부령으로 정한다,위임,부령,4,하부조직에 관한 사항을 교육부령에 정하도록 규율권한을 넘기는 문말 위임이다.
P00766,교육부령으로 정하고,위임,부령,4,하부조직 관련 사항의 규율권한을 교육부령에 넘기는 위임 문언이다.
P00767,교육부령으로 정한다,위임,부령,4,하부조직 설치 등에 관한 사항을 교육부령에 정하도록 규율권한을 넘기는 종결형 위임이다.
P00768,교육부령으로 정원,판단불가,해당없음,4,문장이 '교육부령으로 정원'에서 잘려 있어 위임 여부를 확정할 수 없다.
P00769,교육부령으로 정한다,위임,부령,5,종결형 '교육부령으로 정한다'로 부령에 규율권한을 넘기는 위임이다.
P00770,교육부령으로 정한다,위임,부령,5,'교육부령으로 정한다'는 종결형으로 부령에 규율권한을 위임한다.
P00771,교육부령으로 정하는,판단불가,부령,3,문장이 '교육부령으로 정하는'에서 잘려 있어 규율권한 위임인지 기존 규범 인용인지 확정할 수 없으나 표지 법형식은 부령이다.
P00772,사항은 교육부령으로,판단불가,부령,2,문장이 '사항은 교육부령으로'에서 잘려 종결 형태를 확인할 수 없어 위임 여부를 확정할 수 없으나 표지어구는 부령을 가리킨다.
P00773,교육부령으로 정한다,위임,부령,4,문장이 다소 잘려 있으나 '교육부령으로 정한다'는 종결형 위임으로 부령에 규율권한을 넘긴다.
P00774,대통령령으로 정하는,위임,대통령령,3,문장이 단편이지만 '대통령령으로 정하는'이라는 부분 위임 표지가 명확하여 대통령령에 규율권한을 넘기는 것으로 본다.
P00775,대통령령으로 정하는 학교는,위임,대통령령,4,정의 조항에서 적용 대상 학교의 범위를 대통령령에 맡기는 부분 위임이다.
P00776,대통령령으로 정하는 교육,위임,대통령령,3,문장이 단편이지만 '대통령령으로 정하는 ○○' 형태의 부분 위임으로 볼 수 있다.
P00777,대통령령으로 정하는,판단불가,대통령령,3,문장이 '대통령령으로 정하는'에서 잘려 있어 위임 여부를 확정할 수 없으나 문언상 법형식은 대통령령이다.
P00778,대통령령으로 정한다,위임,대통령령,4,문언이 단편적이나 '대통령령으로 정한다'는 종결형으로 대통령령에 규율권한을 넘기는 위임이다.
P00779,대통령령으로 정하는,판단불가,대통령령,2,문장이 '대통령령으로 정하는'에서 잘려 있어 위임 여부를 확정할 수 없으나 문언상 지정 형식은 대통령령이다.
P00780,대통령령으로 정하는,판단불가,미특정,4,문장이 '대통령령으로 정하는'에서 잘려 무엇을 위임하는지 확인할 수 없다.
P00781,대통령령으로 정하는,판단불가,대통령령,2,문장이 '대통령령으로 정하는'에서 잘려 있어 무엇을 위임하는지 확인할 수 없다.
P00782,대통령령으로 정한다,위임,대통령령,5,문말 '대통령령으로 정한다'로 하위 규범에 규율권한을 넘기는 위임이다.
P00783,대통령령으로 정한다,위임,대통령령,4,문말 '대통령령으로 정한다'로 대통령령에 규율권한을 넘기는 위임이다.
P00784,대통령령으로 정한다,위임,대통령령,4,문장이 일부 잘렸으나 '대통령령으로 정한다'는 종결형 위임 문언이 명확하다.
P00785,대통령령으로 정한다,위임,대통령령,4,문말 종결형 '대통령령으로 정한다'로 대통령령에 규율권한을 넘기는 위임이다.
P00786,대통령령으로 정한다,위임,대통령령,4,'대통령령으로 정한다'는 종결형으로 대통령령에 규율권한을 넘기는 위임이다.
P00787,대통령령으로 정하는,판단불가,미특정,3,문장이 '대통령령으로 정하는'에서 잘려 규율 대상과 종결부를 알 수 없어 위임 여부를 확정할 수 없다.
P00788,대통령령으로 정한다,위임,대통령령,4,문말 종결형 '대통령령으로 정한다'로 규율권한을 대통령령에 넘기는 위임이다.
P00789,대통령령으로 정한다,위임,대통령령,4,문말 종결형 '대통령령으로 정한다'로 대통령령에 규율권한을 넘기는 위임이다.
P00790,대통령령으로 정한다,위임,대통령령,4,문말 종결형 '대통령령으로 정한다'로 대통령령에 규율권한을 넘기는 위임이다.
P00791,대통령령으로 정하는,판단불가,미특정,4,문장이 '대통령령으로 정하는'에서 잘려 있어 수식 대상과 규율 범위를 확인할 수 없다.
P00792,대통령령으로 정하는,판단불가,대통령령,2,문장이 '대통령령으로 정하는'에서 잘려 규율 대상과 종결 형태를 알 수 없어 위임 여부를 확정할 수 없다.
P00793,교육부령으로 정하는,판단불가,부령,2,문장이 '교육부령으로 정하는'에서 잘려 규율권한 이전 여부를 확정할 수 없으나 문언상 지정 형식은 교육부령이다.
P00794,대통령령으로 정하는,판단불가,대통령령,2,문장이 '대통령령으로 정하는'에서 잘려 무엇을 위임하는지 확인할 수 없다.
P00795,대통령령으로 정하는,판단불가,해당없음,3,문장이 '대통령령으로 정하는'에서 잘려 있어 위임 대상과 범위를 확인할 수 없다.
P00796,대통령령으로 정한다,위임,대통령령,4,'대통령령으로 정한다'는 종결형으로 대통령령에 규율권한을 넘기는 위임이다.
P00797,대통령령으로 정하는,판단불가,미특정,4,문장이 '대통령령으로 정하는'에서 잘려 있어 무엇을 위임하는지 맥락 없이 판정할 수 없다.
P00798,교육부령으로 정하는,판단불가,부령,2,"문장이 '교육부령으로 정하는'에서 잘려 무엇을 위임하는지 확인할 수 없어 판정이 불가하나, 표지어구상 법형식은 교육부령이다."
P00799,대통령령으로 정한다,위임,대통령령,5,문말 '대통령령으로 정한다'로 대통령령에 규율권한을 넘기는 위임이다.
P00800,교육부령으로 정하는,판단불가,부령,2,문장이 '교육부령으로 정하는'에서 잘려 무엇을 위임하는지 확인할 수 없어 판정이 불가하나 표지어구는 교육부령이다.
P00801,대통령령으로 정한다,위임,대통령령,4,'대통령령으로 정한다'는 종결형으로 대통령령에 규율권한을 넘기는 위임이다.
P00802,대통령령으로 정한다,위임,대통령령,4,문말 종결형 '대통령령으로 정한다'로 대통령령에 규율권한을 넘기는 위임이다.
P00803,대통령령으로 정하는,판단불가,대통령령,2,문장이 '대통령령으로 정하는'에서 잘려 규율 대상과 종결 형태를 확인할 수 없어 위임 여부를 확정할 수 없다.
P00804,대통령령으로 정한다,위임,대통령령,4,문말 종결형 '대통령령으로 정한다'로 대통령령에 규율권한을 넘기는 위임이다.
P00805,대통령령으로 정하는,판단불가,미특정,4,문장이 '대통령령으로 정하는'에서 잘려 규율 대상과 종결 형태를 알 수 없어 위임 여부를 확정할 수 없다.
P00806,대통령령으로 정하는,판단불가,대통령령,2,문장이 '대통령령으로 정하는'에서 잘려 규율 대상과 종결 형태를 확인할 수 없어 위임 여부를 확정할 수 없다.
P00807,대통령령으로 정하는,판단불가,대통령령,3,문장이 '대통령령으로 정하는'에서 잘려 무엇을 위임하는지 확인할 수 없다.
P00808,대통령령으로 정하는,판단불가,대통령령,2,문장이 '대통령령으로 정하는'에서 잘려 무엇을 위임하는지 확인할 수 없어 판정이 불가하나 표지어구는 대통령령이다.
P00809,대통령령으로 정한다,위임,대통령령,4,문말 종결형 '대통령령으로 정한다'로 대통령령에 규율권한을 넘기는 위임이다.
P00810,대통령령으로 정하는,판단불가,대통령령,2,문장이 '대통령령으로 정하는'에서 잘려 위임 종결 여부를 확인할 수 없으나 표지어구상 법형식은 대통령령이다.
P00811,대통령령으로 정하는,판단불가,대통령령,3,문장이 '대통령령으로 정하는'에서 잘려 무엇을 위임하는지 확인할 수 없다.
P00812,대통령령으로 정한다,위임,대통령령,4,문장이 축약되어 있으나 '대통령령으로 정한다'는 종결형 위임 문언으로 대통령령에 규율권한을 넘긴다.
P00813,대통령령으로 정한다,위임,대통령령,4,문말 '대통령령으로 정한다'로 규율권한을 대통령령에 넘기는 위임이다.
P00814,교육부령으로 정한다,위임,부령,5,문말 종결형으로 교육부령에 규율권한을 넘기는 위임이다.
P00815,대통령령으로 정하는,판단불가,미특정,3,문장이 '대통령령으로 정하는'에서 잘려 무엇을 위임하는지 확인할 수 없다.
P00816,교육부령으로 정하는,위임,부령,3,문장이 절단되어 있으나 '교육부령으로 정하는'이라는 부분위임 문구로 교육부령에 규율권한을 넘기고 있다.
P00817,대통령령으로 정하는,판단불가,대통령령,2,문장이 '대통령령으로 정하는'에서 잘려 규율 대상과 종결형이 없어 위임 여부를 확정할 수 없으나 문언상 법형식은 대통령령이다.
P00818,대통령령으로 정하는,판단불가,대통령령,2,문장이 '대통령령으로 정하는'에서 잘려 수식 대상과 규율 내용을 알 수 없어 위임 여부를 확정할 수 없다.
P00819,④ 그 밖에 사전기획에 관하여 필요한 세부적인 사항은 교육부장관이 정하여 고시한다.,위임,고시,5,교육부장관의 고시로 세부사항을 정하도록 규율권한을 넘긴다.
P00820,대통령령으로 정한다,위임,대통령령,4,문말 종결형 '대통령령으로 정한다'로 대통령령에 규율권한을 넘기는 위임이다.
P00821,대통령령으로 정한다,위임,대통령령,5,문말 종결형 '대통령령으로 정한다'로 대통령령에 규율권한을 넘긴다.
P00822,④ 기금의 설치ㆍ운용에 관하여 필요한 사항은 조례로 정한다.,위임,조례,5,기금 설치·운용에 필요한 사항의 규율권한을 조례에 넘기는 위임이다.
P00823,5. 그 밖에 시ㆍ도 조례로 정하는 수입금,위임,조례,5,기금 수입금의 범위를 시·도 조례로 정하도록 맡기는 부분 위임이다.
P00824,④ 기금의 설치ㆍ운용에 관하여 필요한 사항은 조례로 정한다.,위임,조례,5,기금 설치·운용에 필요한 사항의 규율권한을 조례에 넘기는 위임 규정이다.
P00825,5. 그 밖에 시ㆍ도 조례로 정하는 수입금,위임,조례,5,'시·도 조례로 정하는 수입금'으로 기금 수입 항목의 구체적 결정을 조례에 넘기는 부분 위임이다.
P00826,④ 기금의 설치ㆍ운용에 관하여 필요한 사항은 조례로 정한다.,위임,조례,5,문말 종결형으로 조례에 기금 설치·운용에 관한 규율권한을 넘긴다.
P00827,④ 기금의 설치ㆍ운용에 관하여 필요한 사항은 조례로 정한다.,위임,조례,5,기금 설치·운용에 필요한 사항의 규율권한을 조례에 넘기는 종결형 위임이다.
P00828,④ 기금의 설치ㆍ운용에 관하여 필요한 사항은 조례로 정한다.,위임,조례,5,필요한 사항의 규율권한을 조례에 넘기는 종결형 위임이다.
P00829,④ 기금의 설치ㆍ운용에 관하여 필요한 사항은 조례로 정한다.,위임,조례,5,필요한 사항의 규율권한을 조례에 넘기는 문말 종결형 위임이다.
P00830,④ 기금의 설치ㆍ운용에 관하여 필요한 사항은 조례로 정한다.,위임,조례,5,필요한 사항의 규율권한을 조례에 넘기는 문말 종결형 위임이다.
P00831,④ 기금의 설치ㆍ운용에 관하여 필요한 사항은 조례로 정한다.,위임,조례,5,기금 설치·운용에 필요한 사항의 규율권한을 조례에 넘기는 위임 규정이다.
P00832,5. 그 밖에 시ㆍ도 조례로 정하는 수입금,위임,조례,4,기금 수입금의 범위를 시·도 조례가 정하도록 맡긴 부분 위임이다.
P00833,④ 기금의 설치ㆍ운용에 관하여 필요한 사항은 조례로 정한다.,위임,조례,5,기금 설치·운용에 필요한 사항의 규율권한을 조례에 넘기는 위임 규정이다.
P00834,④ 기금의 설치ㆍ운용에 관하여 필요한 사항은 조례로 정한다.,위임,조례,5,필요한 사항의 규율권한을 조례에 넘기는 종결형 위임이다.
P00835,④ 기금의 설치ㆍ운용에 관하여 필요한 사항은 조례로 정한다.,위임,조례,5,기금 설치·운용에 필요한 사항의 규율권한을 조례에 넘기는 위임 규정이다.
P00836,④ 기금의 설치ㆍ운용에 관하여 필요한 사항은 조례로 정한다.,위임,조례,5,기금 설치·운용에 필요한 사항의 규율권한을 조례에 넘기는 위임 규정이다.
P00837,④ 기금의 설치ㆍ운용에 관하여 필요한 사항은 조례로 정한다.,위임,조례,5,기금 설치·운용에 필요한 사항을 조례로 정하도록 규율권한을 넘긴다.
P00838,5. 그 밖에 시ㆍ도 조례로 정하는 수입금,위임,조례,4,기금 수입금의 범위를 시·도 조례에 정하도록 맡기는 부분 위임이다.
P00839,④ 기금의 설치ㆍ운용에 관하여 필요한 사항은 조례로 정한다.,위임,조례,5,문말 종결형으로 조례에 기금 설치·운용 사항의 규율권한을 넘긴다.
P00840,④ 기금의 설치ㆍ운용에 관하여 필요한 사항은 조례로 정한다.,위임,조례,5,문말 종결형으로 조례에 규율권한을 넘긴다.
P00841,5. 그 밖에 시ㆍ도 조례로 정하는 수입금,위임,조례,5,기금 수입금의 범위를 시·도 조례로 정하도록 맡기는 부분 위임이다.
P00842,④ 기금의 설치ㆍ운용에 관하여 필요한 사항은 조례로 정한다.,위임,조례,5,필요한 사항의 규율권한을 조례에 넘기는 문말 위임이다.
P00843,④ 기금의 설치ㆍ운용에 관하여 필요한 사항은 조례로 정한다.,위임,조례,5,문말 종결형으로 조례에 기금 설치·운용 사항의 규율권한을 넘긴다.
P00844,6. 그 밖에 교육시설의 안전점검과 유지보수를 위하여 조례로 정한 사업,인용,해당없음,3,완료형 '정한 사업'으로 이미 조례에 규정된 사업을 가리키는 인용에 해당한다.
P00845,6. 그 밖에 교육시설의 안전점검과 유지보수를 위하여 조례로 정한 사업,위임,조례,4,기금 사용 대상 사업의 나머지 범위를 조례가 정하도록 넘기는 보충적 위임이다.
P00846,대통령령으로 정하는,판단불가,미특정,3,문장이 '대통령령으로 정하는'에서 잘려 무엇을 위임하는지 확인할 수 없다.
P00847,대통령령으로 정하는,판단불가,해당없음,3,'대통령령으로 정하는'이라는 위임 표지만 있고 문장이 절단되어 규율 대상과 종결형을 확인할 수 없다.
P00848,대통령령으로 정한다,위임,대통령령,4,문말 종결형 '대통령령으로 정한다'로 대통령령에 규율권한을 넘기는 위임이다.
P00849,대통령령으로 정한다,위임,대통령령,4,문말 종결형 '대통령령으로 정한다'로 대통령령에 규율권한을 넘기는 위임이다.
P00850,대통령령으로 정하는,판단불가,대통령령,3,문장이 '대통령령으로 정하는'에서 잘려 무엇을 위임하는지 확인할 수 없어 판정이 불가하다.
P00851,대통령령으로 정하는,판단불가,대통령령,3,문장이 '대통령령으로 정하는'에서 잘려 있어 규율권한 이전의 대상과 종결 형태를 확인할 수 없다.
P00852,대통령령으로 정하는,판단불가,대통령령,3,문장이 '대통령령으로 정하는'에서 잘려 있어 위임인지 인용인지 확정할 수 없으나 문언상 법형식은 대통령령으로 드러난다.
P00853,대통령령으로 정하는,판단불가,해당없음,4,문장이 '대통령령으로 정하는'에서 잘려 있어 위임 여부와 대상을 확정할 수 없다.
P00854,소방시설실태조사의 절차 및 방법 등에 필요한 사항은 교육부장관이 정하여 고시한다.,위임,고시,5,교육부장관이 고시로 정하도록 규율권한을 넘기는 위임이다.
P00855,소방시설실태조사 결과에 따른 조치의 절차 및 방법 등에 필요한 사항은 교육부장관이 정하여 고시한다.,위임,고시,5,필요한 사항을 교육부장관이 정하여 고시하도록 규율권한을 넘기며 법형식으로 고시를 명시했다.
P00856,제2조제2항에 따른 교육기관의 시설 중 학생이 주로 이용하는 시설로서 교육부장관이 정하여 고시하는 시설의 경우,위임,고시,5,인증 대상 시설의 구체적 범위를 교육부장관 고시로 정하도록 위임한다.
P00857,교육부령으로 정하는,판단불가,부령,2,문장이 '교육부령으로 정하는'에서 잘려 규율 대상과 종결 형태를 확인할 수 없다.
P00858,교육부령으로 정하는 규모,위임,부령,4,'교육부령으로 정하는 규모'는 요건 일부를 교육부령에 맡기는 부분 위임이다.
P00859,교육부령으로 정하는 바에,판단불가,부령,3,문장이 중간에 잘려 종결부가 없어 위임 여부를 확정할 수 없으나 문언상 교육부령이 지정되어 있다.
P00860,교육부장관이 정하여 고시하는 기준에 따라 최우수와 우수의 2개 등급으로 구분한다.,위임,고시,4,등급 구분 기준을 교육부장관의 고시로 정하도록 규율권한을 넘기는 부분 위임이다.
P00861,교육시설안전인증에 필요한 세부 사항은 교육부장관이 정하여 고시한다.,위임,고시,5,세부 사항의 규율권한을 교육부장관의 고시에 넘기는 위임 규정이다.
P00862,안전성평가에 필요한 세부 사항은 교육부장관이 정하여 고시한다.,위임,고시,5,교육부장관이 정하여 고시하도록 규율권한을 넘기는 위임 규정이다.
P00863,교육부장관이 교육시설의 안전에 중대한 영향을 미칠 수 있다고 인정하여 고시하는 건설공사를 하려는 자를 말한다.,위임,고시,4,적용 대상 건설공사의 범위를 교육부장관 고시에 맡기는 부분 위임이다.
P00864,교육부장관이 정하여 고시하는 교육과정을 이수한 사람을 말한다.,위임,고시,4,'교육부장관이 정하여 고시하는 교육과정'으로 요건 일부를 고시에 맡긴 부분 위임이다.
P00865,교육부장관이 정하여 고시하는 사전기획검토요청서에 법 제26조의2제1항 각 호의 내용을 포함한 사업계획서를 첨부하여,위임,고시,4,사전기획검토요청서의 내용·서식을 교육부장관 고시로 정하도록 규율권한을 넘긴다.
P00866,사전기획 결과의 적정성 검토에 필요한 사항은 교육부장관이 정하여 고시한다.,위임,고시,5,문말 종결형으로 교육부장관의 고시에 규율권한을 넘긴다.
P00867,교육부령으로 정하는,판단불가,미특정,3,문장이 잘려 있어 '교육부령으로 정하는' 이후 대상과 종결부가 없어 판정할 수 없다.
P00868,어렵다고 대통령령으로 정하는 학교는,위임,대통령령,3,문장이 일부 잘렸으나 '대통령령으로 정하는 학교'라는 요건 일부의 부분 위임이 명확하다.
P00869,그 밖에 필요한 사항은 대통령령으로,위임,대통령령,3,문장이 잘렸으나 '그 밖에 필요한 사항은 대통령령으로 (정한다)'는 대통령령에 대한 위임 형식이 명확하다.
P00870,그 밖에 필요한 사항은 대통령령으로,위임,대통령령,3,문장이 잘려 있으나 '그 밖에 필요한 사항은 대통령령으로'라는 전형적 위임 문형으로 대통령령에 규율권한을 넘기는 취지가 명확하다.
P00871,대통령령으로 정한다,위임,대통령령,5,문말 종결형 '대통령령으로 정한다'로 대통령령에 규율권한을 위임한다.
P00872,대통령령으로 정한다,위임,대통령령,4,문말 종결형 '대통령령으로 정한다'로 대통령령에 규율권한을 넘기는 위임이다.
P00873,대통령령으로 정한다,위임,대통령령,4,'대통령령으로 정한다'는 종결형으로 대통령령에 규율권한을 넘기는 위임이다.
P00874,대통령령으로 정한다,위임,대통령령,4,'대통령령으로 정한다'는 종결형으로 대통령령에 규율권한을 넘기는 위임이다.
P00875,대통령령으로 정한다,위임,대통령령,4,문말 '대통령령으로 정한다'로 대통령령에 규율권한을 넘기는 위임이다.
P00876,대통령령으로 정한다,위임,대통령령,4,대상 사항이 생략되어 있으나 '대통령령으로 정한다'는 종결형 위임 문언이다.
P00877,대통령령으로 정한다,위임,대통령령,5,'대통령령으로 정한다'는 대통령령에 규율권한을 넘기는 위임이다.
P00878,대통령령으로 정한다,위임,대통령령,4,문장이 일부 잘렸으나 '대통령령으로 정한다'는 종결형 위임 문형으로 규율권한을 대통령령에 넘긴다.
P00879,대통령령으로 정한다,위임,대통령령,4,문말 종결형 '대통령령으로 정한다'로 대통령령에 규율권한을 넘기는 위임이다.
P00880,대통령령으로 정한다,위임,대통령령,4,문장이 축약되었으나 '대통령령으로 정한다'는 종결형 위임 문언이다.
P00881,대통령령으로 정한다,위임,대통령령,4,문말 종결형으로 대통령령에 규율권한을 넘기는 위임 문장이다.
P00882,대통령령으로 정하는,판단불가,대통령령,3,'대통령령으로 정하는'이라는 단편만 제시되어 문장이 절단되었고 무엇을 위임하는지 확인할 수 없다.
P00883,대통령령으로 정하는,판단불가,대통령령,2,문장이 '대통령령으로 정하는'에서 잘려 무엇을 위임하는지 확인할 수 없어 판정이 불가하나 표지어구는 대통령령이다.
P00884,대통령령으로 정하는,판단불가,대통령령,3,문장이 '대통령령으로 정하는'에서 끊겨 무엇을 위임하는지 확인할 수 없어 판정이 불가하나 문언상 법형식은 대통령령이다.
P00885,또는 대통령령으로,판단불가,미특정,4,문장이 조각으로 잘려 있어 위임 여부와 규율 대상을 확인할 수 없다.
P00886,또는 대통령령으로,판단불가,미특정,4,문장이 조각으로 잘려 있어 규율권한 이전 여부를 판정할 수 없다.
P00887,대통령령으로 정하는,판단불가,대통령령,2,"문장이 '대통령령으로 정하는'에서 잘려 규율 대상과 종결 형태를 알 수 없어 위임 여부를 확정할 수 없으나, 문언상 지정된 법형식은 대통령령이다."
P00888,대통령령으로 정하는,판단불가,미특정,3,문장이 '대통령령으로 정하는'에서 잘려 있어 무엇을 위임하는지 확인할 수 없다.
P00889,사항은 대통령령으로,판단불가,대통령령,3,문장이 중간에서 잘려 종결부가 없어 위임 여부를 확정할 수 없으나 표지어구는 대통령령이다.
P00890,사항은 대통령령으로,판단불가,대통령령,2,문장이 중간에서 잘려 종결부가 없어 위임 여부를 확정할 수 없으나 표지어구는 대통령령이다.
P00891,대통령령으로 정하는,판단불가,대통령령,3,문장이 '대통령령으로 정하는'에서 잘려 있어 무엇을 위임하는지 확인할 수 없다.
P00892,조사한 결과 대통령령으로 정하는 바에 따라 교육환경에,판단불가,대통령령,3,문장이 중간에서 절단되어 '대통령령으로 정하는 바에 따라'의 규율 대상과 종결 구조를 확인할 수 없다.
P00893,그 밖에 필요한 사항은 대통령령으로,위임,대통령령,4,"'그 밖에 필요한 사항은 대통령령으로 (정한다)' 형태의 잔여사항 위임으로, 서술어가 잘렸으나 대통령령에 규율권한을 넘기는 취지가 명확하다."
P00894,대통령령으로 정하는 바에 따른 학교설립계획 등이,위임,대통령령,3,문장이 잘려 있으나 '대통령령으로 정하는 바에 따른'이라는 부분 위임 표지가 명시되어 대통령령에 규율권한을 넘긴다.
P00895,교육감의 권한은 대통령령으로,판단불가,대통령령,2,문장이 중간에 잘려 종결부(위임 여부)를 확인할 수 없으나 표지어구로 대통령령이 언급되어 있다.
P00896,대통령령으로 정한다,위임,대통령령,4,문말 종결형 '대통령령으로 정한다'로 규율권한을 대통령령에 넘긴다.
P00897,대통령령으로 정하는,판단불가,대통령령,3,문장이 '대통령령으로 정하는'에서 잘려 규율 대상과 종결 형태를 확인할 수 없어 위임 여부를 확정할 수 없다.
P00898,대통령령으로 정하는,판단불가,대통령령,3,문장이 '대통령령으로 정하는'에서 잘려 대상 사항이 없어 위임 여부를 확정할 수 없다.
P00899,대통령령으로 정하는,판단불가,대통령령,3,문장이 '대통령령으로 정하는'에서 절단되어 규율 대상이나 종결 형태를 확인할 수 없어 위임 여부를 확정할 수 없다.
P00900,대통령령으로 정하는,판단불가,해당없음,3,문장이 '대통령령으로 정하는'에서 잘려 있어 무엇을 위임하는지 확인할 수 없다.
P00901,대통령령으로 정하는,판단불가,대통령령,2,문장이 '대통령령으로 정하는'에서 잘려 무엇을 위임하는지 확인할 수 없다.
P00902,"업소와 같은 호 가목8), 가목9) 및 나목7)에 따라 성평등가족부장관이 고시한 영업에 해당하는 업소",인용,해당없음,4,완료형 '고시한'은 이미 존재하는 고시를 가리키는 인용이다.
P00903,"업소와 같은 호 가목8), 가목9) 및 나목7)에 따라 성평등가족부장관이 고시한 영업에 해당하는 업소",인용,해당없음,4,완료형 '고시한'은 이미 존재하는 고시를 가리키는 인용이다.
P00904,국가데이터처장이 고시하는 한국표준산업분류에 따른 제조업 중 레미콘 제조업,인용,해당없음,3,이미 고시되어 있는 한국표준산업분류를 기준으로 원용하는 것이므로 새로운 규율권한 부여가 아닌 인용이다.
P00905,교육감의 권한은 대통령령으로 정하는,판단불가,대통령령,3,문장이 '대통령령으로 정하는'에서 끊겨 서술어가 없어 위임인지 인용인지 확정할 수 없다.
P00906,대통령령으로 지정하는 기관에,판단불가,대통령령,3,술어가 없는 잘린 구절이어서 규율권한 이전 여부를 확정할 수 없으나 표지어구로 대통령령이 명시되어 있다.
P00907,공개에 관한 사항은 교육부령으로,위임,부령,3,문장이 일부 잘렸으나 공개에 관한 사항을 교육부령에 맡기는 위임 구조가 드러난다.
P00908,설립하거나 대통령령으로 정하는 기관,위임,대통령령,4,문장이 일부 조각이지만 '대통령령으로 정하는 기관'이라는 부분 위임 문언이 명시되어 있다.
P00909,과태료는 대통령령으로 정하는,판단불가,대통령령,3,문장이 '대통령령으로 정하는'에서 잘려 종결부가 없어 규율권한 이전 여부를 확정할 수 없으나 문언상 대통령령이 명시되어 있다.
P00910,평가 대상별로 교육부령으로,판단불가,부령,2,문장이 중간에 잘려 서술어가 없어 위임 여부를 확정할 수 없으나 문언상 법형식은 교육부령이다.
P00911,교육부령으로 정하는 평가 기준 이상이,판단불가,부령,3,문장이 중간에 잘려 규율권한 이전 여부를 확정할 수 없으나 문언상 법형식은 교육부령(부령)이다.
P00912,교육환경평가서의 작성방법 및 작성기준의 구체적인 내용을 정하여 고시할 수 있다.,위임,고시,5,작성방법·작성기준의 구체적 내용을 고시로 정하도록 규율권한을 넘긴다.
P00913,"⑥ 법 제6조제1항 각 호의 어느 하나에 해당하는 자(이하 “평가서작성자”라 한다)는 교육환경평가서를 작성ㆍ제출한 후 다음 각 호의 어느 하나에 해당하게 된 경우에는 그 사실을 즉시 교육감에게 통보하고, 해당 사유가 발생한 날부터 45일 이내에 교육환경평가서를 다시 작성하여 교육감에게 제출해야 한다. 이 경우 교육환경평가서의 내용 등은 제1항 및 제3항에 따르되, 교육규칙으로 정하는 바에 따라 그 내용의 일부를 생략할 수 있다.",위임,교육규칙,4,교육환경평가서 내용 일부 생략에 관한 사항을 교육규칙으로 정하도록 규율권한을 넘긴다.
P00914,2. 제1항제2호의 내용 중 교육규칙으로 정하는 것,위임,교육규칙,4,'교육규칙으로 정하는 것'이라는 부분 위임 형식으로 교육감의 교육규칙에 규율권한을 넘긴다.
P00915,2. 제1항제2호의 내용 중 교육규칙으로 정하는 것,위임,교육규칙,4,'교육규칙으로 정하는 것'은 대상 범위 확정을 교육규칙에 맡기는 부분 위임이다.
P00916,"⑥ 법 제6조제1항 각 호의 어느 하나에 해당하는 자(이하 “평가서작성자”라 한다)는 교육환경평가서를 작성ㆍ제출한 후 다음 각 호의 어느 하나에 해당하게 된 경우에는 그 사실을 즉시 교육감에게 통보하고, 해당 사유가 발생한 날부터 45일 이내에 교육환경평가서를 다시 작성하여 교육감에게 제출해야 한다. 이 경우 교육환경평가서의 내용 등은 제1항 및 제3항에 따르되, 교육규칙으로 정하는 바에 따라 그 내용의 일부를 생략할 수 있다.",위임,교육규칙,4,교육환경평가서 내용 일부 생략의 기준을 교육규칙에 정하도록 규율권한을 넘긴다.
P00917,2. 제1항제2호의 내용 중 교육규칙으로 정하는 것,위임,교육규칙,4,'교육규칙으로 정하는 것'으로 대상 범위를 교육감의 교육규칙에 맡기는 부분 위임이다.
P00918,"⑥ 법 제6조제1항 각 호의 어느 하나에 해당하는 자(이하 “평가서작성자”라 한다)는 교육환경평가서를 작성ㆍ제출한 후 다음 각 호의 어느 하나에 해당하게 된 경우에는 그 사실을 즉시 교육감에게 통보하고, 해당 사유가 발생한 날부터 45일 이내에 교육환경평가서를 다시 작성하여 교육감에게 제출해야 한다. 이 경우 교육환경평가서의 내용 등은 제1항 및 제3항에 따르되, 교육규칙으로 정하는 바에 따라 그 내용의 일부를 생략할 수 있다.",위임,교육규칙,4,교육환경평가서 내용 일부 생략의 기준을 교육규칙에 맡기는 부분 위임이다.
P00919,2. 제1항제2호의 내용 중 교육규칙으로 정하는 것,위임,교육규칙,4,제1항제2호의 내용 중 일부를 교육규칙이 정하도록 맡기는 부분 위임이다.
P00920,"⑥ 법 제6조제1항 각 호의 어느 하나에 해당하는 자(이하 “평가서작성자”라 한다)는 교육환경평가서를 작성ㆍ제출한 후 다음 각 호의 어느 하나에 해당하게 된 경우에는 그 사실을 즉시 교육감에게 통보하고, 해당 사유가 발생한 날부터 45일 이내에 교육환경평가서를 다시 작성하여 교육감에게 제출해야 한다. 이 경우 교육환경평가서의 내용 등은 제1항 및 제3항에 따르되, 교육규칙으로 정하는 바에 따라 그 내용의 일부를 생략할 수 있다.",위임,교육규칙,4,교육환경평가서 내용 일부 생략에 관한 사항을 교육규칙에 정하도록 위임한다.
P00921,2. 제1항제2호의 내용 중 교육규칙으로 정하는 것,위임,교육규칙,4,'교육규칙으로 정하는 것'이라는 부분 위임 형태로 교육감의 교육규칙에 규율권한을 넘긴다.
P00922,"⑥ 법 제6조제1항 각 호의 어느 하나에 해당하는 자(이하 “평가서작성자”라 한다)는 교육환경평가서를 작성ㆍ제출한 후 다음 각 호의 어느 하나에 해당하게 된 경우에는 그 사실을 즉시 교육감에게 통보하고, 해당 사유가 발생한 날부터 45일 이내에 교육환경평가서를 다시 작성하여 교육감에게 제출해야 한다. 이 경우 교육환경평가서의 내용 등은 제1항 및 제3항에 따르되, 교육규칙으로 정하는 바에 따라 그 내용의 일부를 생략할 수 있다.",위임,교육규칙,4,교육환경평가서 내용 일부 생략에 관한 사항을 교육규칙으로 정하도록 규율권한을 넘긴다.
P00923,2. 제1항제2호의 내용 중 교육규칙으로 정하는 것,위임,교육규칙,4,제1항제2호 내용 중 일부 사항을 교육규칙이 정하도록 규율권한을 넘긴 부분 위임이다.
P00924,"⑥ 법 제6조제1항 각 호의 어느 하나에 해당하는 자(이하 “평가서작성자”라 한다)는 교육환경평가서를 작성ㆍ제출한 후 다음 각 호의 어느 하나에 해당하게 된 경우에는 그 사실을 즉시 교육감에게 통보하고, 해당 사유가 발생한 날부터 45일 이내에 교육환경평가서를 다시 작성하여 교육감에게 제출해야 한다. 이 경우 교육환경평가서의 내용 등은 제1항 및 제3항에 따르되, 교육규칙으로 정하는 바에 따라 그 내용의 일부를 생략할 수 있다.",위임,교육규칙,4,교육환경평가서 내용 일부 생략에 관한 사항을 교육규칙에 정하도록 위임한다.
P00925,2. 제1항제2호의 내용 중 교육규칙으로 정하는 것,위임,교육규칙,4,'교육규칙으로 정하는 것'은 구체적 내용의 확정을 교육감의 교육규칙에 맡기는 부분 위임이다.
P00926,"⑥ 법 제6조제1항 각 호의 어느 하나에 해당하는 자(이하 “평가서작성자”라 한다)는 교육환경평가서를 작성ㆍ제출한 후 다음 각 호의 어느 하나에 해당하게 된 경우에는 그 사실을 즉시 교육감에게 통보하고, 해당 사유가 발생한 날부터 45일 이내에 교육환경평가서를 다시 작성하여 교육감에게 제출해야 한다. 이 경우 교육환경평가서의 내용 등은 제1항 및 제3항에 따르되, 교육규칙으로 정하는 바에 따라 그 내용의 일부를 생략할 수 있다.",위임,교육규칙,4,재작성 교육환경평가서 내용의 일부 생략에 관한 사항을 교육규칙으로 정하도록 규율권한을 넘긴다.
P00927,2. 제1항제2호의 내용 중 교육규칙으로 정하는 것,위임,교육규칙,4,'교육규칙으로 정하는 것'은 교육감의 교육규칙에 구체적 사항을 맡기는 부분 위임이다.
P00928,"⑥ 법 제6조제1항 각 호의 어느 하나에 해당하는 자(이하 “평가서작성자”라 한다)는 교육환경평가서를 작성ㆍ제출한 후 다음 각 호의 어느 하나에 해당하게 된 경우에는 그 사실을 즉시 교육감에게 통보하고, 해당 사유가 발생한 날부터 45일 이내에 교육환경평가서를 다시 작성하여 교육감에게 제출해야 한다. 이 경우 교육환경평가서의 내용 등은 제1항 및 제3항에 따르되, 교육규칙으로 정하는 바에 따라 그 내용의 일부를 생략할 수 있다.",위임,교육규칙,4,교육환경평가서 내용 일부 생략에 관한 사항을 교육규칙에 정하도록 규율권한을 넘긴다.
P00929,2. 제1항제2호의 내용 중 교육규칙으로 정하는 것,위임,교육규칙,4,'교육규칙으로 정하는 것'이라는 부분 위임으로 교육감 제정 규칙에 규율권한을 넘긴다.
P00930,"⑥ 법 제6조제1항 각 호의 어느 하나에 해당하는 자(이하 “평가서작성자”라 한다)는 교육환경평가서를 작성ㆍ제출한 후 다음 각 호의 어느 하나에 해당하게 된 경우에는 그 사실을 즉시 교육감에게 통보하고, 해당 사유가 발생한 날부터 45일 이내에 교육환경평가서를 다시 작성하여 교육감에게 제출해야 한다. 이 경우 교육환경평가서의 내용 등은 제1항 및 제3항에 따르되, 교육규칙으로 정하는 바에 따라 그 내용의 일부를 생략할 수 있다.",위임,교육규칙,4,교육환경평가서 내용의 일부 생략에 관한 사항을 교육규칙에 정하도록 규율권한을 넘긴다.
P00931,2. 제1항제2호의 내용 중 교육규칙으로 정하는 것,위임,교육규칙,4,'교육규칙으로 정하는 것'이라는 부분 위임 형태로 교육감 제정 규칙에 규율권한을 넘긴다.
P00932,"⑥ 법 제6조제1항 각 호의 어느 하나에 해당하는 자(이하 “평가서작성자”라 한다)는 교육환경평가서를 작성ㆍ제출한 후 다음 각 호의 어느 하나에 해당하게 된 경우에는 그 사실을 즉시 교육감에게 통보하고, 해당 사유가 발생한 날부터 45일 이내에 교육환경평가서를 다시 작성하여 교육감에게 제출해야 한다. 이 경우 교육환경평가서의 내용 등은 제1항 및 제3항에 따르되, 교육규칙으로 정하는 바에 따라 그 내용의 일부를 생략할 수 있다.",위임,교육규칙,4,교육환경평가서 내용의 일부 생략에 관한 사항을 교육규칙으로 정하도록 규율권한을 넘긴다.
P00933,2. 제1항제2호의 내용 중 교육규칙으로 정하는 것,위임,교육규칙,4,'교육규칙으로 정하는 것'은 대상 범위 확정을 교육감의 교육규칙에 넘기는 부분 위임이다.
P00934,2. 제1항제2호의 내용 중 교육규칙으로 정하는 것,위임,교육규칙,4,'교육규칙으로 정하는 것'이라는 관형형 부분위임으로 교육감의 교육규칙에 규율권한을 넘긴다.
P00935,"⑥ 법 제6조제1항 각 호의 어느 하나에 해당하는 자(이하 “평가서작성자”라 한다)는 교육환경평가서를 작성ㆍ제출한 후 다음 각 호의 어느 하나에 해당하게 된 경우에는 그 사실을 즉시 교육감에게 통보하고, 해당 사유가 발생한 날부터 45일 이내에 교육환경평가서를 다시 작성하여 교육감에게 제출해야 한다. 이 경우 교육환경평가서의 내용 등은 제1항 및 제3항에 따르되, 교육규칙으로 정하는 바에 따라 그 내용의 일부를 생략할 수 있다.",위임,교육규칙,4,교육환경평가서 내용 일부 생략에 관한 사항을 교육규칙으로 정하도록 규율권한을 넘긴다.
P00936,2. 제1항제2호의 내용 중 교육규칙으로 정하는 것,위임,교육규칙,4,'교육규칙으로 정하는 것'은 대상 범위의 확정을 교육감의 교육규칙에 맡기는 부분 위임이다.
P00937,"⑥ 법 제6조제1항 각 호의 어느 하나에 해당하는 자(이하 “평가서작성자”라 한다)는 교육환경평가서를 작성ㆍ제출한 후 다음 각 호의 어느 하나에 해당하게 된 경우에는 그 사실을 즉시 교육감에게 통보하고, 해당 사유가 발생한 날부터 45일 이내에 교육환경평가서를 다시 작성하여 교육감에게 제출해야 한다. 이 경우 교육환경평가서의 내용 등은 제1항 및 제3항에 따르되, 교육규칙으로 정하는 바에 따라 그 내용의 일부를 생략할 수 있다.",위임,교육규칙,4,교육환경평가서 내용 일부 생략에 관한 사항을 교육규칙에 정하도록 규율권한을 넘긴다.
P00938,"⑥ 법 제6조제1항 각 호의 어느 하나에 해당하는 자(이하 “평가서작성자”라 한다)는 교육환경평가서를 작성ㆍ제출한 후 다음 각 호의 어느 하나에 해당하게 된 경우에는 그 사실을 즉시 교육감에게 통보하고, 해당 사유가 발생한 날부터 45일 이내에 교육환경평가서를 다시 작성하여 교육감에게 제출해야 한다. 이 경우 교육환경평가서의 내용 등은 제1항 및 제3항에 따르되, 교육규칙으로 정하는 바에 따라 그 내용의 일부를 생략할 수 있다.",위임,교육규칙,4,생략 가능한 내용의 범위를 교육규칙으로 정하도록 규율권한을 넘긴다.
P00939,2. 제1항제2호의 내용 중 교육규칙으로 정하는 것,위임,교육규칙,4,'교육규칙으로 정하는 것'은 대상 범위의 확정을 교육규칙에 맡기는 부분 위임이다.
P00940,"⑥ 법 제6조제1항 각 호의 어느 하나에 해당하는 자(이하 “평가서작성자”라 한다)는 교육환경평가서를 작성ㆍ제출한 후 다음 각 호의 어느 하나에 해당하게 된 경우에는 그 사실을 즉시 교육감에게 통보하고, 해당 사유가 발생한 날부터 45일 이내에 교육환경평가서를 다시 작성하여 교육감에게 제출해야 한다. 이 경우 교육환경평가서의 내용 등은 제1항 및 제3항에 따르되, 교육규칙으로 정하는 바에 따라 그 내용의 일부를 생략할 수 있다.",위임,교육규칙,4,교육환경평가서 내용 일부 생략에 관한 사항을 교육규칙으로 정하도록 규율권한을 넘긴다.
P00941,2. 제1항제2호의 내용 중 교육규칙으로 정하는 것,위임,교육규칙,4,'교육규칙으로 정하는 것'이라는 부분 위임 형식으로 교육감의 교육규칙에 규율권한을 넘긴다.
P00942,"⑥ 법 제6조제1항 각 호의 어느 하나에 해당하는 자(이하 “평가서작성자”라 한다)는 교육환경평가서를 작성ㆍ제출한 후 다음 각 호의 어느 하나에 해당하게 된 경우에는 그 사실을 즉시 교육감에게 통보하고, 해당 사유가 발생한 날부터 45일 이내에 교육환경평가서를 다시 작성하여 교육감에게 제출해야 한다. 이 경우 교육환경평가서의 내용 등은 제1항 및 제3항에 따르되, 교육규칙으로 정하는 바에 따라 그 내용의 일부를 생략할 수 있다.",위임,교육규칙,4,교육환경평가서 내용 일부 생략에 관한 사항을 교육규칙으로 정하도록 규율권한을 넘긴다.
P00943,"⑥ 법 제6조제1항 각 호의 어느 하나에 해당하는 자(이하 “평가서작성자”라 한다)는 교육환경평가서를 작성ㆍ제출한 후 다음 각 호의 어느 하나에 해당하게 된 경우에는 그 사실을 즉시 교육감에게 통보하고, 해당 사유가 발생한 날부터 45일 이내에 교육환경평가서를 다시 작성하여 교육감에게 제출해야 한다. 이 경우 교육환경평가서의 내용 등은 제1항 및 제3항에 따르되, 교육규칙으로 정하는 바에 따라 그 내용의 일부를 생략할 수 있다.",위임,교육규칙,4,교육환경평가서 내용 일부 생략 사항을 교육규칙으로 정하도록 규율권한을 넘긴다.
P00944,2. 제1항제2호의 내용 중 교육규칙으로 정하는 것,위임,교육규칙,4,교육규칙으로 정할 사항을 지시하는 부분 위임이다.
P00945,"⑥ 법 제6조제1항 각 호의 어느 하나에 해당하는 자(이하 “평가서작성자”라 한다)는 교육환경평가서를 작성ㆍ제출한 후 다음 각 호의 어느 하나에 해당하게 된 경우에는 그 사실을 즉시 교육감에게 통보하고, 해당 사유가 발생한 날부터 45일 이내에 교육환경평가서를 다시 작성하여 교육감에게 제출해야 한다. 이 경우 교육환경평가서의 내용 등은 제1항 및 제3항에 따르되, 교육규칙으로 정하는 바에 따라 그 내용의 일부를 생략할 수 있다.",위임,교육규칙,4,교육환경평가서 내용 일부 생략에 관한 사항을 교육규칙에 정하도록 맡기는 부분 위임이다.
P00946,2. 제1항제2호의 내용 중 교육규칙으로 정하는 것,위임,교육규칙,4,'교육규칙으로 정하는 것'이라는 부분 위임 형식으로 교육감의 교육규칙에 규율권한을 넘긴다.
P00947,교육감은 보호구역임을 알리기 위하여 교육부령으로,판단불가,미특정,3,문장이 '교육부령으로'에서 끊겨 규율권한 부여인지 기존 규범 원용인지 확정할 수 없다.
P00948,대통령령으로 정한다,위임,대통령령,4,문장이 일부 잘렸으나 '대통령령으로 정한다'는 종결형 위임 문언이 명확하다.
P00949,대통령령으로 정한다,위임,대통령령,3,주어부가 잘렸으나 '대통령령으로 정한다'는 종결형 위임 문언이다.
P00950,대통령령으로 정한다,위임,대통령령,4,문말 '대통령령으로 정한다'로 대통령령에 규율권한을 넘기는 위임이다.
P00951,대통령령으로 정한다,위임,대통령령,4,문말 종결형 '대통령령으로 정한다'로 대통령령에 규율권한을 넘기는 위임이다.
P00952,대통령령으로 정한다,위임,대통령령,4,문말 종결형 '대통령령으로 정한다'로 대통령령에 규율권한을 넘긴다.
P00953,대통령령으로 정하는 사유로 학교 경영에,위임,대통령령,3,문장이 잘려 있으나 '대통령령으로 정하는 사유'라는 부분 위임 문언이 명확하다.
P00954,보고의 방법·절차 등은 대통령령으로,위임,대통령령,3,문장이 일부 잘렸으나 보고의 방법·절차를 대통령령에 맡기는 위임 취지가 명확하다.
P00955,대통령령으로 정한다,위임,대통령령,4,'대통령령으로 정한다'는 종결형으로 대통령령에 규율권한을 넘기는 위임이다.
P00956,양도받은 재산을 대통령령으로 정하는 교육·연구에,위임,대통령령,3,문장이 잘려 있으나 '대통령령으로 정하는 교육·연구'라는 부분 위임 표지가 명확하다.
P00957,대통령령으로 정하는 것은 매도,위임,대통령령,3,문장이 다소 잘렸으나 '대통령령으로 정하는 것'이라는 부분 위임 형식이 확인된다.
P00958,대통령령으로 정하는 가액,위임,대통령령,3,문장이 짧게 잘린 형태이나 '대통령령으로 정하는 가액'은 요건 일부를 대통령령에 맡기는 부분 위임이다.
P00959,대통령령으로 정하는 것은,위임,대통령령,3,문장이 잘려 있으나 '대통령령으로 정하는 것'은 요건 일부를 대통령령에 맡기는 부분 위임 표지이다.
P00960,대통령령으로 정한다,위임,대통령령,4,문장이 다소 절단되었으나 '대통령령으로 정한다'는 종결형으로 대통령령에 규율권한을 넘기는 위임이다.
P00961,대통령령으로 정한다,위임,대통령령,4,문말 종결형 '대통령령으로 정한다'로 대통령령에 규율권한을 넘기는 위임이다.
P00962,대통령령으로 정하는 바에 따라 이사회의 의결을,판단불가,해당없음,3,문장이 중간에 잘려 종결되지 않아 위임 여부를 확정할 수 없다.
P00963,총장은 대통령령으로 정하는 바에 따라,판단불가,해당없음,3,문장이 종결되지 않고 잘려 있어 대통령령에 무엇을 맡기는지 확인할 수 없다.
P00964,대통령령으로 정하는 바에 따라 공시하여야,위임,대통령령,4,공시의 방법·절차를 '대통령령으로 정하는 바에 따라'로 하위 규범에 맡기는 위임이다.
P00965,대통령령으로 정하는 바에 따라 공시하여야,위임,대통령령,4,문장이 일부 잘렸으나 공시 방법에 관한 사항을 대통령령에 맡기는 위임 문언이다.
P00966,대통령령으로 정한다,위임,대통령령,4,문말 종결형 '대통령령으로 정한다'로 규율권한을 대통령령에 넘긴다.
P00967,대통령령으로 정한다,위임,대통령령,4,문말 '대통령령으로 정한다'로 대통령령에 규율권한을 넘기는 위임이다.
P00968,교육부령으로 정하는 예산부속명세서를,위임,부령,4,문장이 일부 잘렸으나 '교육부령으로 정하는 예산부속명세서'라는 현재형 부분위임 문언이 확인된다.
P00969,교육부령으로 정하는 결산부속명세서를,위임,부령,3,문장이 일부 잘렸으나 '교육부령으로 정하는 결산부속명세서'라는 부분위임 어구가 명확하다.
P00970,대통령령으로 정한다,위임,대통령령,5,설립등기 사항을 대통령령으로 정하도록 규율권한을 넘긴다.
P00971,대통령령으로 정한다,위임,대통령령,5,설립등기에 관한 사항을 대통령령에 정하도록 규율권한을 넘기는 위임 문언이다.
P00972,대통령령으로 정한다,위임,대통령령,4,설립등기에 관한 사항을 대통령령에 정하도록 규율권한을 넘기는 위임 문언이다.
P00973,대통령령으로 정한다,위임,대통령령,5,문말 종결형 '대통령령으로 정한다'로 설립등기 사항의 규율권한을 대통령령에 넘긴다.
P00974,대통령령으로 정한다,위임,대통령령,4,설립등기에 관한 사항의 규율권한을 대통령령에 넘기는 종결형 위임이다.
P00975,대통령령으로 정한다,위임,대통령령,5,'대통령령으로 정한다'는 종결형으로 대통령령에 규율권한을 위임한다.
P00976,대통령령으로 정한다,위임,대통령령,4,문말 '대통령령으로 정한다'로 대통령령에 규율권한을 넘기는 위임이다.
P00977,대통령령으로 정하는 사유로,위임,대통령령,3,문장이 잘린 조각이나 '대통령령으로 정하는 사유'라는 부분 위임 문언이 확인된다.
P00978,대통령령으로 정한다,위임,대통령령,4,문말 종결형 '대통령령으로 정한다'로 대통령령에 규율권한을 넘기는 위임이다.
P00979,대통령령으로 정한다,위임,대통령령,4,문장이 일부 잘렸으나 '대통령령으로 정한다'는 종결형 위임 문언이 명확하다.
P00980,"수 있다. 다만, 대통령령으로 정하는 경미한 사항은 교육부장관에게 신",위임,대통령령,3,문장이 잘려 있으나 '대통령령으로 정하는 경미한 사항'이라는 부분 위임 문언이 확인된다.
P00981,대통령령으로 정하는 바에 따라 이사회의 의결을,판단불가,미특정,4,문장이 중간에서 잘려 종결부가 없어 위임 여부를 확정할 수 없다.
P00982,총장은 대통령령으로 정하는 바에 따라 예산안을,위임,대통령령,4,문장이 절단되었으나 '대통령령으로 정하는 바에 따라'로 예산안 관련 사항의 규율권한을 대통령령에 넘기는 위임 표지가 명확하다.
P00983,결산의 명세를 대통령령으로 정하는 바에 따라,위임,대통령령,3,문장이 일부 잘렸으나 '대통령령으로 정하는 바에 따라'로 결산 명세의 구체적 사항을 대통령령에 넘기는 위임 형식이다.
P00984,결산의 명세를 대통령령으로 정하는 바에 따라,위임,대통령령,3,문장이 종결되지 않아 불완전하나 '대통령령으로 정하는 바에 따라'로 결산 명세에 관한 사항의 규율권한을 대통령령에 넘기고 있다.
P00985,교육부령으로 정하는 예산부속명세서를,위임,부령,3,문장이 잘려 있으나 '교육부령으로 정하는 예산부속명세서'라는 부분 위임 형식이 명확하다.
P00986,교육부령으로 정하는 결산부속명세서를,위임,부령,3,문장이 잘렸으나 '교육부령으로 정하는 결산부속명세서'라는 부분 위임 어구가 명확하다.
P00987,대통령령으로 정한다,위임,대통령령,4,'대통령령으로 정한다'는 종결형으로 대통령령에 규율권한을 넘기는 위임이다.
P00988,대통령령으로 정한다,위임,대통령령,4,문장이 축약되었으나 '대통령령으로 정한다'는 종결형 위임 문언으로 등기 관련 사항의 규율권한을 대통령령에 넘긴다.
P00989,사항은 대통령령으로,판단불가,대통령령,3,문장이 중간에서 잘려 서술어가 없어 위임 여부를 확정할 수 없으나 문언에는 대통령령이 명시되어 있다.
P00990,필요한 사항은 대통령령으로,판단불가,대통령령,3,문장이 '대통령령으로'에서 끊겨 종결 서술어가 없어 위임 여부를 확정할 수 없으나 표지어구는 대통령령이다.
P00991,필요한 사항은 대통령령으로,판단불가,대통령령,3,문장이 종결되지 않고 잘려 있어 위임 여부를 확정할 수 없으나 문언상 대통령령이 명시되어 있다.
P00992,필요한 사항은 대통령령으로,판단불가,대통령령,3,문장이 종결부 없이 잘려 있어 위임 여부를 확정할 수 없으나 '대통령령'이라는 법형식은 명시되어 있다.
P00993,대통령령으로 정하는,판단불가,대통령령,2,문장이 '대통령령으로 정하는'에서 잘려 규율 대상과 위임 여부를 확정할 수 없으나 문언상 지정된 형식은 대통령령이다.
P00994,대통령령으로 정하는 서류,위임,대통령령,4,제출 서류의 구체적 범위를 대통령령에 맡기는 부분 위임이다.
P00995,대통령령으로 정하는 바에 따라,판단불가,대통령령,3,문장이 '대통령령으로 정하는 바에 따라'라는 부사구 단편으로 끊겨 있어 규율권한 이전 여부를 종결부 없이 확정할 수 없다.
P00996,세부적인 기준은 교육부령으로 정한다,위임,부령,5,문말 종결형으로 교육부령(부령)에 세부 기준의 규율권한을 넘긴다.
P00997,교육부령으로 정하는 절차에 따라,위임,부령,3,문장이 절 단위로 잘렸으나 '교육부령으로 정하는 절차'는 부령에 규율사항을 맡기는 부분 위임이다.
P00998,교육부령으로 정한다,위임,부령,4,종결형 '교육부령으로 정한다'로 부령에 규율권한을 넘기는 위임이다.
P00999,교육부령으로 정한다,위임,부령,5,'교육부령으로 정한다'는 종결형으로 교육부령에 규율권한을 넘기는 위임이다.
P01000,교육부령으로 정한다,위임,부령,4,'교육부령으로 정한다'는 문말 종결형 위임으로 부령에 규율권한을 넘긴다.
P01001,교육부령으로 정하는 사항에 대해서는,위임,부령,3,문장이 잘려 있으나 '교육부령으로 정하는 사항'이라는 부분 위임 문언이 명확하다.
P01002,교육부령으로 정한다,위임,부령,5,'교육부령으로 정한다'는 종결형으로 부령에 규율권한을 위임한다.
P01003,교육부령으로 정하는,위임,부령,3,문장이 잘려 있으나 '교육부령으로 정하는' 형태의 부분 위임 문구로 부령에 규율권한을 넘긴다.
P01004,교육부령으로 정하는,위임,부령,3,문장이 잘려 대상은 불명하나 '교육부령으로 정하는'은 교육부령에 규율권한을 넘기는 부분 위임 표지이다.
P01005,교육부령으로 정하는,판단불가,부령,2,문장이 '교육부령으로 정하는'에서 끊겨 수식 대상과 종결 형태를 알 수 없어 위임 여부를 확정할 수 없다.
P01006,교육부령으로 정하는,판단불가,미특정,3,문장이 '교육부령으로 정하는'에서 끊겨 수식 대상과 종결부가 없어 위임 여부를 확정할 수 없다.
P01007,교육부령으로 정하는,판단불가,부령,3,문장이 '교육부령으로 정하는'에서 잘려 규율 대상과 종결 형태를 확인할 수 없어 위임 여부를 확정할 수 없다.
P01008,교육부령으로 정하는,판단불가,부령,3,문장이 '교육부령으로 정하는'에서 잘려 규율 대상이 드러나지 않아 위임 여부를 확정할 수 없으나 문언상 법형식은 부령이다.
P01009,교육부령으로 정하는,판단불가,부령,3,문장이 '교육부령으로 정하는'에서 잘려 규율 대상과 종결 형태를 확인할 수 없어 위임 여부를 확정할 수 없다.
P01010,교육부령으로 정하는 잡종금의,위임,부령,3,문장이 잘려 있으나 '교육부령으로 정하는 잡종금'은 요건 일부를 교육부령에 맡기는 부분위임 형식이다.
P01011,교육부령으로 정하는 바에 따라 거래의 발생사실과,위임,부령,3,문장이 일부 잘렸으나 '교육부령으로 정하는 바에 따라'라는 문언으로 교육부령에 회계처리 사항의 규율권한을 넘기는 위임이다.
P01012,교육부령으로 정한다,위임,부령,4,'교육부령으로 정한다'는 종결형으로 부령에 규율권한을 넘기는 위임이다.
P01013,교육부령으로 정하고,위임,부령,3,문장이 절 단위로 잘렸으나 '교육부령으로 정하고'는 교육부령에 규율권한을 넘기는 위임 표현이다.
P01014,교육부령으로 정하는 범위에서 세부적인 사항을,판단불가,부령,3,"문장이 중간에서 잘려 종결 부분(누가 정하는지)이 없어 위임 여부를 확정할 수 없으나, 표지어구로 교육부령이 언급되어 있다."
P01015,대통령령으로 정한다,위임,대통령령,4,문말 '대통령령으로 정한다'로 대통령령에 규율권한을 넘기는 위임이다.
P01016,대통령령으로 정한다,위임,대통령령,4,문장이 축약되었으나 '대통령령으로 정한다'는 종결형 위임 문언이다.
P01017,대통령령으로 정한다,위임,대통령령,4,문말 종결형 '대통령령으로 정한다'로 대통령령에 규율권한을 넘긴다.
P01018,대통령령으로 정하는 요건을,판단불가,대통령령,3,문장이 중간에서 절단되어 종결 구조를 확인할 수 없으나 '대통령령으로 정하는 요건'이라는 표지어구는 나타난다.
P01019,필요한 사항은 대통령령으로,위임,대통령령,3,문장이 일부 절단되었으나 이사회 관련 필요사항을 대통령령에 넘기는 위임 문언으로 판단된다.
P01020,대통령령으로 정하는,위임,대통령령,3,문장이 조각이지만 '대통령령으로 정하는' 형태의 부분 위임으로 대통령령에 규율권한을 넘기는 것으로 보인다.
P01021,사항은 대통령령으로,판단불가,대통령령,3,문장이 '사항은 대통령령으로'에서 잘려 서술어가 없어 위임 종결 여부를 확정할 수 없다.
P01022,필요한 사항은 대통령령으로,판단불가,대통령령,3,문장이 종결부 없이 잘려 있어 위임 종결 여부를 확정할 수 없으나 '대통령령'이라는 법형식은 문언상 명시되어 있다.
P01023,필요한 사항은 대통령령으로,판단불가,대통령령,3,문장이 종결부 없이 잘려 있어 대통령령에 규율권한을 넘기는지 확정할 수 없다.
P01024,대통령령으로 정하는,판단불가,대통령령,3,문장이 '대통령령으로 정하는'에서 잘려 위임 대상과 종결 구조를 확인할 수 없다.
P01025,대통령령으로 정하는 서류,위임,대통령령,4,제출 서류의 범위를 대통령령에 맡기는 부분 위임이다.
P01026,과태료는 대통령령으로,판단불가,해당없음,3,문장이 '대통령령으로'에서 잘려 있어 위임인지 부과·징수 절차 인용인지 확정할 수 없다.
P01027,교육부령으로 정원,판단불가,해당없음,4,문장이 '교육부령으로 정원'에서 잘려 있어 위임인지 인용인지 판정할 수 없다.
P01028,교육부령으로 정하되,위임,부령,4,문장이 일부 잘렸으나 '교육부령으로 정하되'는 부령에 규율권한을 넘기는 위임 문언이다.
P01029,교육부령으로 정한다,위임,부령,4,'교육부령으로 정한다'는 종결형 위임으로 부령에 규율권한을 넘긴다.
P01030,대통령령으로 정한다,위임,대통령령,4,문말 종결형 '대통령령으로 정한다'로 대통령령에 규율권한을 넘긴다.
P01031,대학의 해사대학의 졸업자가 해양수산부장관이 정하여 고시하는 직무에 취업 및 종사할 수 있도록 취업정보를 제공하고,위임,고시,4,'해양수산부장관이 정하여 고시하는 직무'로 규율 대상을 고시에 넘기는 부분 위임이다.
P01032,각 호 외의 부분 및 같은 조 제2항 각 호 외의 부분에도 불구하고 교육부장관이 정하여 고시하는 절차에 따른다,위임,고시,4,교육부장관이 정하여 고시하는 절차에 따르도록 하여 고시에 규율권한을 넘긴다.
P01033,교육부령으로 정한다,위임,부령,4,'교육부령으로 정한다'는 종결형 위임으로 부령에 규율권한을 넘긴다.
P01034,교육부령이 정하는 바에 의하여,위임,부령,3,문장이 절 형태로 잘려 있으나 '교육부령이 정하는 바에 의하여'는 교육부령에 규율사항을 넘기는 위임 문언이다.
P01035,필요한 사항은 교육부령으로,판단불가,부령,3,문장이 '교육부령으로'에서 잘려 서술어가 없어 위임 종결 여부를 확정할 수 없으나 표지어구는 교육부령이다.
P01036,필요한 사항은 교육부령으로,위임,부령,3,문장 말미가 잘려 있으나 '필요한 사항은 교육부령으로'는 교육부령에 규율권한을 넘기는 위임 문언으로 읽힌다.
P01037,필요한 사항은 교육부령으로,위임,부령,3,문장 끝 서술어가 잘렸으나 '필요한 사항은 교육부령으로'라는 문언상 교육부령에 규율권한을 넘기는 위임으로 판단된다.
P01038,필요한 사항은 교육부령으로,위임,부령,3,문말이 절단되었으나 '필요한 사항은 교육부령으로'라는 표지로 교육부령에 규율권한을 넘기는 위임 문장으로 판단된다.
P01039,필요한 사항은 교육부령으로,위임,부령,3,문말이 잘렸으나 '필요한 사항은 교육부령으로 (정한다)'라는 위임 문언이 드러나 교육부령에 규율권한을 넘기는 위임으로 본다.
P01040,교육부령으로 정한다,위임,부령,4,'교육부령으로 정한다'는 종결형으로 부령에 규율권한을 넘기는 위임이다.
P01041,교육부령으로 정한다,위임,부령,4,'교육부령으로 정한다'는 종결형 위임으로 부령에 규율권한을 넘긴다.
P01042,산정하는 기준은 교육부령으로 정한다,위임,부령,4,'교육부령으로 정한다'는 문말 종결형으로 부령에 규율권한을 넘기는 위임이다.
P01043,교육부령으로 정한다,위임,부령,5,'교육부령으로 정한다'는 부령에 규율권한을 넘기는 위임 종결형이다.
P01044,소득의 범위는 교육부령으로 정한다,위임,부령,5,소득의 범위 규율권한을 교육부령에 넘기는 문말 종결형 위임이다.
P01045,대통령령으로 정하는,판단불가,대통령령,3,문장이 '대통령령으로 정하는'에서 잘려 규율 대상이 없어 위임 여부를 확정할 수 없으나 표지어구는 대통령령이다.
P01046,대통령령으로 정하는,판단불가,대통령령,2,문장이 잘린 조각이어서 규율권한 위임 여부를 확정할 수 없으나 문언상 대통령령을 지목한다.
P01047,대통령령으로 정하는,판단불가,대통령령,3,문장이 '대통령령으로 정하는'에서 잘려 규율 대상과 종결 형태를 확인할 수 없어 위임 여부를 확정할 수 없다.
P01048,대통령령으로 정한다,위임,대통령령,4,문말 종결형 '대통령령으로 정한다'로 규율권한을 대통령령에 넘긴다.
P01049,대통령령으로 정한다,위임,대통령령,5,'대통령령으로 정한다'는 종결형으로 대통령령에 규율권한을 넘기는 위임이다.
P01050,대통령령으로 정한다,위임,대통령령,5,문말 종결형 '대통령령으로 정한다'로 규율권한을 대통령령에 넘긴다.
P01051,대통령령으로 정한다,위임,대통령령,4,문말 '대통령령으로 정한다'는 대통령령에 규율권한을 넘기는 위임이다.
P01052,대통령령으로 정한다,위임,대통령령,4,문말 종결형 '대통령령으로 정한다'로 규율권한을 대통령령에 넘기는 위임이다.
P01053,대통령령으로 정한다,위임,대통령령,5,'대통령령으로 정한다'는 종결형으로 대통령령에 규율권한을 넘기는 위임이다.
P01054,대통령령으로 정한다,위임,대통령령,4,문말 '대통령령으로 정한다'로 규율권한을 대통령령에 넘기는 위임이다.
P01055,대통령령으로 정한다,위임,대통령령,4,종결형 '대통령령으로 정한다'로 하위 규범에 규율권한을 넘기는 위임이다.
P01056,대통령령으로 정한다,위임,대통령령,4,문장이 축약되어 있으나 '대통령령으로 정한다'는 종결형 위임 문언이다.
P01057,국가기초학력지원센터의 지정 및 운영 등에 필요한 사항은 교육부장관이 정하여 고시한다.,위임,고시,5,교육부장관이 정하여 고시하도록 규율권한을 넘기며 법형식으로 고시를 명시했다.
P01058,대통령령으로 정하는,판단불가,대통령령,3,문장이 '대통령령으로 정하는'에서 잘려 있어 규율 대상과 종결형을 확인할 수 없다.
P01059,대통령령으로 정하는,판단불가,대통령령,3,문장이 '대통령령으로 정하는'에서 절단되어 위임 대상과 종결 형태를 확인할 수 없다.
P01060,대통령령으로 정하는,판단불가,대통령령,2,문장이 '대통령령으로 정하는'에서 잘려 있어 위임 종결 여부를 확인할 수 없다.
P01061,대통령령으로 정한다,위임,대통령령,5,'대통령령으로 정한다'는 종결형으로 대통령령에 규율권한을 넘기는 위임이다.
P01062,대통령령으로 정한다,위임,대통령령,5,문말 종결형 '대통령령으로 정한다'로 대통령령에 규율권한을 넘기는 위임이다.
P01063,대통령령으로 정한다,위임,대통령령,4,문말 '대통령령으로 정한다'로 대통령령에 규율권한을 넘기는 위임이다.
P01064,대통령령으로 정한다,위임,대통령령,5,'대통령령으로 정한다'는 문말 종결형 위임으로 대통령령에 규율권한을 넘긴다.
P01065,대통령령으로 정한다,위임,대통령령,5,종결형 '대통령령으로 정한다'로 대통령령에 규율권한을 넘기는 위임이다.
P01066,대통령령으로 정하는,판단불가,대통령령,3,문장이 '대통령령으로 정하는'에서 잘려 무엇을 위임하는지 확인할 수 없어 판정이 불가하나 표지어구는 대통령령이다.
P01067,대통령령으로 정하는,판단불가,대통령령,3,문장이 '대통령령으로 정하는'에서 잘려 무엇을 위임하는지 확인할 수 없으나 표지어구는 대통령령이다.
P01068,대통령령으로 정한다,위임,대통령령,4,문장 일부가 생략되었으나 '대통령령으로 정한다'는 종결형으로 대통령령에 규율권한을 넘기는 위임이다.
P01069,대통령령으로 정한다,위임,대통령령,4,문말 종결형 '대통령령으로 정한다'로 규율권한을 대통령령에 넘긴다.
P01070,대통령령으로 정하는,판단불가,대통령령,2,문장이 '대통령령으로 정하는'에서 잘려 무엇을 위임하는지 확인할 수 없어 판정이 불가하다.
P01071,대통령령으로 정한다,위임,대통령령,4,문말 종결형 '대통령령으로 정한다'로 대통령령에 규율권한을 넘기는 위임이다.
P01072,대통령령으로 정한다,위임,대통령령,4,문언이 대통령령에 규율권한을 넘기는 종결형 위임이다.
P01073,대통령령으로 정한다,위임,대통령령,4,문말 종결형 '대통령령으로 정한다'로 대통령령에 규율권한을 넘기는 위임이다.
P01074,"② 교육감 및 지방자치단체의 장이 제1항에 따른 지도ㆍ감독을 위하여 필요하면 조례로 정하는 바에 따라 해당 대안교육기관의 설립ㆍ운영자에게 제1항과 관련된 자료의 제출을 요구하거나 관계 공무원에게 해당 시설에 출입하여 그 시설ㆍ설비, 장부 등을 검사하게 할 수 있다.",위임,조례,4,자료 제출 요구 및 검사의 절차·방법을 조례로 정하도록 규율권한을 넘긴 부분 위임이다.
P01075,"② 교육감 및 지방자치단체의 장이 제1항에 따른 지도ㆍ감독을 위하여 필요하면 조례로 정하는 바에 따라 해당 대안교육기관의 설립ㆍ운영자에게 제1항과 관련된 자료의 제출을 요구하거나 관계 공무원에게 해당 시설에 출입하여 그 시설ㆍ설비, 장부 등을 검사하게 할 수 있다.",위임,조례,4,자료 제출 요구·검사의 절차와 방법을 조례로 정하도록 규율권한을 넘기는 부분 위임이다.
P01076,"② 교육감 및 지방자치단체의 장이 제1항에 따른 지도ㆍ감독을 위하여 필요하면 조례로 정하는 바에 따라 해당 대안교육기관의 설립ㆍ운영자에게 제1항과 관련된 자료의 제출을 요구하거나 관계 공무원에게 해당 시설에 출입하여 그 시설ㆍ설비, 장부 등을 검사하게 할 수 있다.",위임,조례,4,자료 제출 요구·검사의 절차와 방법을 조례로 정하도록 규율권한을 넘긴 부분 위임이다.
P01077,"② 교육감 및 지방자치단체의 장이 제1항에 따른 지도ㆍ감독을 위하여 필요하면 조례로 정하는 바에 따라 해당 대안교육기관의 설립ㆍ운영자에게 제1항과 관련된 자료의 제출을 요구하거나 관계 공무원에게 해당 시설에 출입하여 그 시설ㆍ설비, 장부 등을 검사하게 할 수 있다.",위임,조례,4,자료 제출 요구·검사의 절차와 방법을 조례로 정하도록 규율권한을 넘긴다.
P01078,"② 교육감 및 지방자치단체의 장이 제1항에 따른 지도ㆍ감독을 위하여 필요하면 조례로 정하는 바에 따라 해당 대안교육기관의 설립ㆍ운영자에게 제1항과 관련된 자료의 제출을 요구하거나 관계 공무원에게 해당 시설에 출입하여 그 시설ㆍ설비, 장부 등을 검사하게 할 수 있다.",위임,조례,4,자료제출 요구·검사의 절차와 방법을 조례가 정하도록 규율권한을 넘긴 부분 위임이다.
P01079,"② 교육감 및 지방자치단체의 장이 제1항에 따른 지도ㆍ감독을 위하여 필요하면 조례로 정하는 바에 따라 해당 대안교육기관의 설립ㆍ운영자에게 제1항과 관련된 자료의 제출을 요구하거나 관계 공무원에게 해당 시설에 출입하여 그 시설ㆍ설비, 장부 등을 검사하게 할 수 있다.",위임,조례,4,자료 제출 요구·검사의 절차와 방법을 조례로 정하도록 규율권한을 넘긴 부분 위임이다.
P01080,"② 교육감 및 지방자치단체의 장이 제1항에 따른 지도ㆍ감독을 위하여 필요하면 조례로 정하는 바에 따라 해당 대안교육기관의 설립ㆍ운영자에게 제1항과 관련된 자료의 제출을 요구하거나 관계 공무원에게 해당 시설에 출입하여 그 시설ㆍ설비, 장부 등을 검사하게 할 수 있다.",위임,조례,4,자료 제출 요구 및 검사의 절차·방법을 조례로 정하도록 규율권한을 넘긴다.
P01081,"② 교육감 및 지방자치단체의 장이 제1항에 따른 지도ㆍ감독을 위하여 필요하면 조례로 정하는 바에 따라 해당 대안교육기관의 설립ㆍ운영자에게 제1항과 관련된 자료의 제출을 요구하거나 관계 공무원에게 해당 시설에 출입하여 그 시설ㆍ설비, 장부 등을 검사하게 할 수 있다.",위임,조례,4,자료 제출 요구·검사의 방법과 절차를 조례로 정하도록 규율권한을 넘긴 부분 위임이다.
P01082,"② 교육감 및 지방자치단체의 장이 제1항에 따른 지도ㆍ감독을 위하여 필요하면 조례로 정하는 바에 따라 해당 대안교육기관의 설립ㆍ운영자에게 제1항과 관련된 자료의 제출을 요구하거나 관계 공무원에게 해당 시설에 출입하여 그 시설ㆍ설비, 장부 등을 검사하게 할 수 있다.",위임,조례,4,'조례로 정하는 바에 따라' 형태로 자료제출 요구·검사의 구체적 사항을 조례에 맡기는 부분 위임이다.
P01083,"② 교육감 및 지방자치단체의 장이 제1항에 따른 지도ㆍ감독을 위하여 필요하면 조례로 정하는 바에 따라 해당 대안교육기관의 설립ㆍ운영자에게 제1항과 관련된 자료의 제출을 요구하거나 관계 공무원에게 해당 시설에 출입하여 그 시설ㆍ설비, 장부 등을 검사하게 할 수 있다.",위임,조례,4,자료 제출 요구·검사의 절차와 방법을 조례로 정하도록 규율권한을 넘기는 부분 위임이다.
P01084,"② 교육감 및 지방자치단체의 장이 제1항에 따른 지도ㆍ감독을 위하여 필요하면 조례로 정하는 바에 따라 해당 대안교육기관의 설립ㆍ운영자에게 제1항과 관련된 자료의 제출을 요구하거나 관계 공무원에게 해당 시설에 출입하여 그 시설ㆍ설비, 장부 등을 검사하게 할 수 있다.",위임,조례,4,자료 제출 요구·검사의 절차와 방법을 조례로 정하도록 규율권한을 넘긴 부분 위임이다.
P01085,"② 교육감 및 지방자치단체의 장이 제1항에 따른 지도ㆍ감독을 위하여 필요하면 조례로 정하는 바에 따라 해당 대안교육기관의 설립ㆍ운영자에게 제1항과 관련된 자료의 제출을 요구하거나 관계 공무원에게 해당 시설에 출입하여 그 시설ㆍ설비, 장부 등을 검사하게 할 수 있다.",위임,조례,4,자료 제출 요구 및 검사의 절차·방법을 조례로 정하도록 규율권한을 넘긴다.
P01086,"② 교육감 및 지방자치단체의 장이 제1항에 따른 지도ㆍ감독을 위하여 필요하면 조례로 정하는 바에 따라 해당 대안교육기관의 설립ㆍ운영자에게 제1항과 관련된 자료의 제출을 요구하거나 관계 공무원에게 해당 시설에 출입하여 그 시설ㆍ설비, 장부 등을 검사하게 할 수 있다.",위임,조례,4,자료 제출 요구 및 검사의 절차·방법을 조례로 정하도록 규율권한을 넘긴다.
P01087,"② 교육감 및 지방자치단체의 장이 제1항에 따른 지도ㆍ감독을 위하여 필요하면 조례로 정하는 바에 따라 해당 대안교육기관의 설립ㆍ운영자에게 제1항과 관련된 자료의 제출을 요구하거나 관계 공무원에게 해당 시설에 출입하여 그 시설ㆍ설비, 장부 등을 검사하게 할 수 있다.",위임,조례,4,자료 제출 요구·검사의 절차·방법을 조례로 정하도록 규율권한을 넘기는 부분 위임이다.
P01088,"② 교육감 및 지방자치단체의 장이 제1항에 따른 지도ㆍ감독을 위하여 필요하면 조례로 정하는 바에 따라 해당 대안교육기관의 설립ㆍ운영자에게 제1항과 관련된 자료의 제출을 요구하거나 관계 공무원에게 해당 시설에 출입하여 그 시설ㆍ설비, 장부 등을 검사하게 할 수 있다.",위임,조례,4,자료 제출 요구·검사의 절차와 방법을 조례로 정하도록 규율권한을 넘긴다.
P01089,"② 교육감 및 지방자치단체의 장이 제1항에 따른 지도ㆍ감독을 위하여 필요하면 조례로 정하는 바에 따라 해당 대안교육기관의 설립ㆍ운영자에게 제1항과 관련된 자료의 제출을 요구하거나 관계 공무원에게 해당 시설에 출입하여 그 시설ㆍ설비, 장부 등을 검사하게 할 수 있다.",위임,조례,4,자료 제출 요구·검사의 구체적 절차를 조례로 정하도록 규율권한을 넘긴 부분 위임이다.
P01090,"② 교육감 및 지방자치단체의 장이 제1항에 따른 지도ㆍ감독을 위하여 필요하면 조례로 정하는 바에 따라 해당 대안교육기관의 설립ㆍ운영자에게 제1항과 관련된 자료의 제출을 요구하거나 관계 공무원에게 해당 시설에 출입하여 그 시설ㆍ설비, 장부 등을 검사하게 할 수 있다.",위임,조례,4,자료 제출 요구·검사의 절차 등을 '조례로 정하는 바에 따라'로 조례에 규율권한을 넘기는 부분 위임이다.
P01091,"② 교육감 및 지방자치단체의 장이 제1항에 따른 지도ㆍ감독을 위하여 필요하면 조례로 정하는 바에 따라 해당 대안교육기관의 설립ㆍ운영자에게 제1항과 관련된 자료의 제출을 요구하거나 관계 공무원에게 해당 시설에 출입하여 그 시설ㆍ설비, 장부 등을 검사하게 할 수 있다.",위임,조례,4,자료 제출 요구 및 검사의 절차·방법을 조례로 정하도록 규율권한을 넘긴 부분 위임이다.
P01092,"② 교육감 및 지방자치단체의 장이 제1항에 따른 지도ㆍ감독을 위하여 필요하면 조례로 정하는 바에 따라 해당 대안교육기관의 설립ㆍ운영자에게 제1항과 관련된 자료의 제출을 요구하거나 관계 공무원에게 해당 시설에 출입하여 그 시설ㆍ설비, 장부 등을 검사하게 할 수 있다.",위임,조례,4,자료 제출 요구 및 검사의 절차·방법을 조례로 정하도록 규율권한을 넘긴 부분 위임이다.
P01093,"② 교육감 및 지방자치단체의 장이 제1항에 따른 지도ㆍ감독을 위하여 필요하면 조례로 정하는 바에 따라 해당 대안교육기관의 설립ㆍ운영자에게 제1항과 관련된 자료의 제출을 요구하거나 관계 공무원에게 해당 시설에 출입하여 그 시설ㆍ설비, 장부 등을 검사하게 할 수 있다.",위임,조례,4,자료 제출 요구·검사의 절차와 방법을 조례로 정하도록 규율권한을 넘긴 부분 위임이다.
P01094,"② 교육감 및 지방자치단체의 장이 제1항에 따른 지도ㆍ감독을 위하여 필요하면 조례로 정하는 바에 따라 해당 대안교육기관의 설립ㆍ운영자에게 제1항과 관련된 자료의 제출을 요구하거나 관계 공무원에게 해당 시설에 출입하여 그 시설ㆍ설비, 장부 등을 검사하게 할 수 있다.",위임,조례,4,자료제출 요구·검사의 절차·방법을 조례로 정하도록 규율권한을 넘기는 부분 위임이다.
P01095,"② 교육감 및 지방자치단체의 장이 제1항에 따른 지도ㆍ감독을 위하여 필요하면 조례로 정하는 바에 따라 해당 대안교육기관의 설립ㆍ운영자에게 제1항과 관련된 자료의 제출을 요구하거나 관계 공무원에게 해당 시설에 출입하여 그 시설ㆍ설비, 장부 등을 검사하게 할 수 있다.",위임,조례,4,자료 제출 요구·검사의 방법과 절차를 조례로 정하도록 규율권한을 넘기는 부분 위임이다.
P01096,"② 교육감 및 지방자치단체의 장이 제1항에 따른 지도ㆍ감독을 위하여 필요하면 조례로 정하는 바에 따라 해당 대안교육기관의 설립ㆍ운영자에게 제1항과 관련된 자료의 제출을 요구하거나 관계 공무원에게 해당 시설에 출입하여 그 시설ㆍ설비, 장부 등을 검사하게 할 수 있다.",위임,조례,4,자료제출 요구 및 검사의 절차·기준을 조례로 정하도록 규율권한을 넘긴다.
P01097,"② 교육감 및 지방자치단체의 장이 제1항에 따른 지도ㆍ감독을 위하여 필요하면 조례로 정하는 바에 따라 해당 대안교육기관의 설립ㆍ운영자에게 제1항과 관련된 자료의 제출을 요구하거나 관계 공무원에게 해당 시설에 출입하여 그 시설ㆍ설비, 장부 등을 검사하게 할 수 있다.",위임,조례,4,자료 제출 요구·검사의 절차 사항을 조례로 정하도록 규율권한을 넘긴다.
P01098,"② 교육감 및 지방자치단체의 장이 제1항에 따른 지도ㆍ감독을 위하여 필요하면 조례로 정하는 바에 따라 해당 대안교육기관의 설립ㆍ운영자에게 제1항과 관련된 자료의 제출을 요구하거나 관계 공무원에게 해당 시설에 출입하여 그 시설ㆍ설비, 장부 등을 검사하게 할 수 있다.",위임,조례,4,자료 제출 요구·검사의 절차·방법을 조례로 정하도록 규율권한을 넘긴 부분 위임이다.
P01099,"② 교육감 및 지방자치단체의 장이 제1항에 따른 지도ㆍ감독을 위하여 필요하면 조례로 정하는 바에 따라 해당 대안교육기관의 설립ㆍ운영자에게 제1항과 관련된 자료의 제출을 요구하거나 관계 공무원에게 해당 시설에 출입하여 그 시설ㆍ설비, 장부 등을 검사하게 할 수 있다.",위임,조례,4,자료 제출 요구·검사의 절차·기준을 조례로 정하도록 규율권한을 넘기는 부분 위임이다.
P01100,"② 교육감 및 지방자치단체의 장이 제1항에 따른 지도ㆍ감독을 위하여 필요하면 조례로 정하는 바에 따라 해당 대안교육기관의 설립ㆍ운영자에게 제1항과 관련된 자료의 제출을 요구하거나 관계 공무원에게 해당 시설에 출입하여 그 시설ㆍ설비, 장부 등을 검사하게 할 수 있다.",위임,조례,4,자료 제출 요구·검사의 절차를 '조례로 정하는 바에 따라'로 조례에 규율권한을 넘기는 부분 위임이다.
P01101,"② 교육감 및 지방자치단체의 장이 제1항에 따른 지도ㆍ감독을 위하여 필요하면 조례로 정하는 바에 따라 해당 대안교육기관의 설립ㆍ운영자에게 제1항과 관련된 자료의 제출을 요구하거나 관계 공무원에게 해당 시설에 출입하여 그 시설ㆍ설비, 장부 등을 검사하게 할 수 있다.",위임,조례,4,자료 제출 요구·검사의 절차와 방법을 조례로 정하도록 규율권한을 넘긴 부분 위임이다.
P01102,"② 교육감 및 지방자치단체의 장이 제1항에 따른 지도ㆍ감독을 위하여 필요하면 조례로 정하는 바에 따라 해당 대안교육기관의 설립ㆍ운영자에게 제1항과 관련된 자료의 제출을 요구하거나 관계 공무원에게 해당 시설에 출입하여 그 시설ㆍ설비, 장부 등을 검사하게 할 수 있다.",위임,조례,4,자료 제출 요구 및 검사의 절차·방법을 조례로 정하도록 규율권한을 넘긴다.
P01103,"② 교육감 및 지방자치단체의 장이 제1항에 따른 지도ㆍ감독을 위하여 필요하면 조례로 정하는 바에 따라 해당 대안교육기관의 설립ㆍ운영자에게 제1항과 관련된 자료의 제출을 요구하거나 관계 공무원에게 해당 시설에 출입하여 그 시설ㆍ설비, 장부 등을 검사하게 할 수 있다.",위임,조례,4,자료 제출 요구 및 검사의 절차·방법을 조례로 정하도록 규율권한을 넘긴다.
P01104,"② 교육감 및 지방자치단체의 장이 제1항에 따른 지도ㆍ감독을 위하여 필요하면 조례로 정하는 바에 따라 해당 대안교육기관의 설립ㆍ운영자에게 제1항과 관련된 자료의 제출을 요구하거나 관계 공무원에게 해당 시설에 출입하여 그 시설ㆍ설비, 장부 등을 검사하게 할 수 있다.",위임,조례,4,자료 제출 요구·검사의 절차와 방법을 조례로 정하도록 규율권한을 넘긴 부분 위임이다.
P01105,"② 교육감 및 지방자치단체의 장이 제1항에 따른 지도ㆍ감독을 위하여 필요하면 조례로 정하는 바에 따라 해당 대안교육기관의 설립ㆍ운영자에게 제1항과 관련된 자료의 제출을 요구하거나 관계 공무원에게 해당 시설에 출입하여 그 시설ㆍ설비, 장부 등을 검사하게 할 수 있다.",위임,조례,4,자료 제출 요구·검사의 절차와 방법을 조례로 정하도록 규율권한을 넘긴 부분 위임이다.
P01106,"② 교육감 및 지방자치단체의 장이 제1항에 따른 지도ㆍ감독을 위하여 필요하면 조례로 정하는 바에 따라 해당 대안교육기관의 설립ㆍ운영자에게 제1항과 관련된 자료의 제출을 요구하거나 관계 공무원에게 해당 시설에 출입하여 그 시설ㆍ설비, 장부 등을 검사하게 할 수 있다.",위임,조례,4,자료 제출 요구·검사의 절차와 방법을 조례로 정하도록 규율권한을 넘긴다.
P01107,"② 교육감 및 지방자치단체의 장이 제1항에 따른 지도ㆍ감독을 위하여 필요하면 조례로 정하는 바에 따라 해당 대안교육기관의 설립ㆍ운영자에게 제1항과 관련된 자료의 제출을 요구하거나 관계 공무원에게 해당 시설에 출입하여 그 시설ㆍ설비, 장부 등을 검사하게 할 수 있다.",위임,조례,4,자료 제출 요구·검사의 방법과 절차를 조례로 정하도록 규율권한을 넘긴다.
P01108,"② 교육감 및 지방자치단체의 장이 제1항에 따른 지도ㆍ감독을 위하여 필요하면 조례로 정하는 바에 따라 해당 대안교육기관의 설립ㆍ운영자에게 제1항과 관련된 자료의 제출을 요구하거나 관계 공무원에게 해당 시설에 출입하여 그 시설ㆍ설비, 장부 등을 검사하게 할 수 있다.",위임,조례,4,자료 제출 요구 및 검사의 절차·방법을 '조례로 정하는 바에 따라'로 조례에 맡기는 부분 위임이다.
P01109,"② 교육감 및 지방자치단체의 장이 제1항에 따른 지도ㆍ감독을 위하여 필요하면 조례로 정하는 바에 따라 해당 대안교육기관의 설립ㆍ운영자에게 제1항과 관련된 자료의 제출을 요구하거나 관계 공무원에게 해당 시설에 출입하여 그 시설ㆍ설비, 장부 등을 검사하게 할 수 있다.",위임,조례,4,자료 제출 요구·검사의 절차와 방법을 조례로 정하도록 규율권한을 넘긴다.
P01110,"② 교육감 및 지방자치단체의 장이 제1항에 따른 지도ㆍ감독을 위하여 필요하면 조례로 정하는 바에 따라 해당 대안교육기관의 설립ㆍ운영자에게 제1항과 관련된 자료의 제출을 요구하거나 관계 공무원에게 해당 시설에 출입하여 그 시설ㆍ설비, 장부 등을 검사하게 할 수 있다.",위임,조례,4,자료 제출 요구·검사의 절차와 방법을 '조례로 정하는 바에 따라'로 조례에 맡기는 부분 위임이다.
P01111,"② 교육감 및 지방자치단체의 장이 제1항에 따른 지도ㆍ감독을 위하여 필요하면 조례로 정하는 바에 따라 해당 대안교육기관의 설립ㆍ운영자에게 제1항과 관련된 자료의 제출을 요구하거나 관계 공무원에게 해당 시설에 출입하여 그 시설ㆍ설비, 장부 등을 검사하게 할 수 있다.",위임,조례,4,자료 제출 요구·검사의 절차와 방법을 조례로 정하도록 규율권한을 넘긴다.
P01112,"② 교육감 및 지방자치단체의 장이 제1항에 따른 지도ㆍ감독을 위하여 필요하면 조례로 정하는 바에 따라 해당 대안교육기관의 설립ㆍ운영자에게 제1항과 관련된 자료의 제출을 요구하거나 관계 공무원에게 해당 시설에 출입하여 그 시설ㆍ설비, 장부 등을 검사하게 할 수 있다.",위임,조례,4,자료 제출 요구·검사의 절차를 조례로 정하도록 규율권한을 넘긴다.
P01113,"② 교육감 및 지방자치단체의 장이 제1항에 따른 지도ㆍ감독을 위하여 필요하면 조례로 정하는 바에 따라 해당 대안교육기관의 설립ㆍ운영자에게 제1항과 관련된 자료의 제출을 요구하거나 관계 공무원에게 해당 시설에 출입하여 그 시설ㆍ설비, 장부 등을 검사하게 할 수 있다.",위임,조례,4,자료 제출 요구·검사의 절차와 방법을 조례로 정하도록 규율권한을 넘긴다.
P01114,"② 교육감 및 지방자치단체의 장이 제1항에 따른 지도ㆍ감독을 위하여 필요하면 조례로 정하는 바에 따라 해당 대안교육기관의 설립ㆍ운영자에게 제1항과 관련된 자료의 제출을 요구하거나 관계 공무원에게 해당 시설에 출입하여 그 시설ㆍ설비, 장부 등을 검사하게 할 수 있다.",위임,조례,4,자료 제출 요구 및 검사의 구체적 절차를 조례로 정하도록 규율권한을 넘긴다.
P01115,"② 교육감 및 지방자치단체의 장이 제1항에 따른 지도ㆍ감독을 위하여 필요하면 조례로 정하는 바에 따라 해당 대안교육기관의 설립ㆍ운영자에게 제1항과 관련된 자료의 제출을 요구하거나 관계 공무원에게 해당 시설에 출입하여 그 시설ㆍ설비, 장부 등을 검사하게 할 수 있다.",위임,조례,4,자료 제출 요구 및 검사의 절차·방법을 조례로 정하도록 규율권한을 넘긴다.
P01116,"② 교육감 및 지방자치단체의 장이 제1항에 따른 지도ㆍ감독을 위하여 필요하면 조례로 정하는 바에 따라 해당 대안교육기관의 설립ㆍ운영자에게 제1항과 관련된 자료의 제출을 요구하거나 관계 공무원에게 해당 시설에 출입하여 그 시설ㆍ설비, 장부 등을 검사하게 할 수 있다.",위임,조례,4,자료 제출 요구·검사의 절차와 방법을 조례로 정하도록 규율권한을 넘긴다.
P01117,"② 교육감 및 지방자치단체의 장이 제1항에 따른 지도ㆍ감독을 위하여 필요하면 조례로 정하는 바에 따라 해당 대안교육기관의 설립ㆍ운영자에게 제1항과 관련된 자료의 제출을 요구하거나 관계 공무원에게 해당 시설에 출입하여 그 시설ㆍ설비, 장부 등을 검사하게 할 수 있다.",위임,조례,4,자료 제출 요구 및 검사의 절차·방법을 조례로 정하도록 규율권한을 넘긴 부분 위임이다.
P01118,"② 교육감 및 지방자치단체의 장이 제1항에 따른 지도ㆍ감독을 위하여 필요하면 조례로 정하는 바에 따라 해당 대안교육기관의 설립ㆍ운영자에게 제1항과 관련된 자료의 제출을 요구하거나 관계 공무원에게 해당 시설에 출입하여 그 시설ㆍ설비, 장부 등을 검사하게 할 수 있다.",위임,조례,4,자료 제출 요구·검사의 방법과 절차를 조례로 정하도록 규율권한을 넘긴다.
P01119,"② 교육감 및 지방자치단체의 장이 제1항에 따른 지도ㆍ감독을 위하여 필요하면 조례로 정하는 바에 따라 해당 대안교육기관의 설립ㆍ운영자에게 제1항과 관련된 자료의 제출을 요구하거나 관계 공무원에게 해당 시설에 출입하여 그 시설ㆍ설비, 장부 등을 검사하게 할 수 있다.",위임,조례,4,자료 제출 요구·검사의 절차와 방법을 조례로 정하도록 규율권한을 넘긴 부분 위임이다.
P01120,"② 교육감 및 지방자치단체의 장이 제1항에 따른 지도ㆍ감독을 위하여 필요하면 조례로 정하는 바에 따라 해당 대안교육기관의 설립ㆍ운영자에게 제1항과 관련된 자료의 제출을 요구하거나 관계 공무원에게 해당 시설에 출입하여 그 시설ㆍ설비, 장부 등을 검사하게 할 수 있다.",위임,조례,4,자료 제출 요구·검사의 절차와 방법을 조례로 정하도록 규율권한을 넘기는 부분 위임이다.
P01121,"② 교육감 및 지방자치단체의 장이 제1항에 따른 지도ㆍ감독을 위하여 필요하면 조례로 정하는 바에 따라 해당 대안교육기관의 설립ㆍ운영자에게 제1항과 관련된 자료의 제출을 요구하거나 관계 공무원에게 해당 시설에 출입하여 그 시설ㆍ설비, 장부 등을 검사하게 할 수 있다.",위임,조례,4,자료 제출 요구·검사의 방법과 절차를 조례로 정하도록 규율권한을 넘긴다.
P01122,"② 교육감 및 지방자치단체의 장이 제1항에 따른 지도ㆍ감독을 위하여 필요하면 조례로 정하는 바에 따라 해당 대안교육기관의 설립ㆍ운영자에게 제1항과 관련된 자료의 제출을 요구하거나 관계 공무원에게 해당 시설에 출입하여 그 시설ㆍ설비, 장부 등을 검사하게 할 수 있다.",위임,조례,4,자료 제출 요구·검사의 절차와 방법을 조례로 정하도록 규율권한을 넘기는 부분 위임이다.
P01123,"② 교육감 및 지방자치단체의 장이 제1항에 따른 지도ㆍ감독을 위하여 필요하면 조례로 정하는 바에 따라 해당 대안교육기관의 설립ㆍ운영자에게 제1항과 관련된 자료의 제출을 요구하거나 관계 공무원에게 해당 시설에 출입하여 그 시설ㆍ설비, 장부 등을 검사하게 할 수 있다.",위임,조례,4,자료 제출 요구·검사의 절차를 '조례로 정하는 바에 따라'로 조례에 규율권한을 넘기는 부분 위임이다.
P01124,대통령령으로 정하는,판단불가,미특정,2,문장이 '대통령령으로 정하는'에서 잘려 있어 규율 대상과 종결 형태를 확인할 수 없다.
P01125,④ 제1항부터 제3항까지의 규정에서 정한 사항 외에 대안교육기관에 대한 경비 지원에 필요한 사항은 해당 지방자치단체의 조례로 정한다.,위임,조례,5,경비 지원에 필요한 사항을 지방자치단체 조례로 정하도록 규율권한을 넘긴다.
P01126,④ 제1항부터 제3항까지의 규정에서 정한 사항 외에 대안교육기관에 대한 경비 지원에 필요한 사항은 해당 지방자치단체의 조례로 정한다.,위임,조례,5,잔여 사항의 규율권한을 지방자치단체 조례에 넘기는 위임 규정이다.
P01127,④ 제1항부터 제3항까지의 규정에서 정한 사항 외에 대안교육기관에 대한 경비 지원에 필요한 사항은 해당 지방자치단체의 조례로 정한다.,위임,조례,5,나머지 필요한 사항의 규율권한을 지방자치단체 조례에 넘기는 위임 규정이다.
P01128,④ 제1항부터 제3항까지의 규정에서 정한 사항 외에 대안교육기관에 대한 경비 지원에 필요한 사항은 해당 지방자치단체의 조례로 정한다.,위임,조례,5,경비 지원에 필요한 나머지 사항을 지방자치단체 조례에 규율권한을 넘긴다.
P01129,④ 제1항부터 제3항까지의 규정에서 정한 사항 외에 대안교육기관에 대한 경비 지원에 필요한 사항은 해당 지방자치단체의 조례로 정한다.,위임,조례,5,경비 지원에 필요한 사항을 지방자치단체 조례로 정하도록 규율권한을 넘긴다.
P01130,④ 제1항부터 제3항까지의 규정에서 정한 사항 외에 대안교육기관에 대한 경비 지원에 필요한 사항은 해당 지방자치단체의 조례로 정한다.,위임,조례,5,잔여 사항의 규율권한을 지방자치단체 조례에 넘기는 문말 위임이다.
P01131,④ 제1항부터 제3항까지의 규정에서 정한 사항 외에 대안교육기관에 대한 경비 지원에 필요한 사항은 해당 지방자치단체의 조례로 정한다.,위임,조례,5,경비 지원에 필요한 사항을 지방자치단체 조례로 정하도록 규율권한을 넘긴다.
P01132,④ 제1항부터 제3항까지의 규정에서 정한 사항 외에 대안교육기관에 대한 경비 지원에 필요한 사항은 해당 지방자치단체의 조례로 정한다.,위임,조례,5,경비 지원에 필요한 세부 사항을 지방자치단체 조례에 위임하는 종결형 문장이다.
P01133,④ 제1항부터 제3항까지의 규정에서 정한 사항 외에 대안교육기관에 대한 경비 지원에 필요한 사항은 해당 지방자치단체의 조례로 정한다.,위임,조례,5,나머지 필요사항의 규율권한을 지방자치단체 조례에 넘기는 위임 규정이다.
P01134,④ 제1항부터 제3항까지의 규정에서 정한 사항 외에 대안교육기관에 대한 경비 지원에 필요한 사항은 해당 지방자치단체의 조례로 정한다.,위임,조례,5,경비 지원에 필요한 사항을 지방자치단체 조례로 정하도록 규율권한을 넘긴다.
P01135,④ 제1항부터 제3항까지의 규정에서 정한 사항 외에 대안교육기관에 대한 경비 지원에 필요한 사항은 해당 지방자치단체의 조례로 정한다.,위임,조례,5,경비 지원에 필요한 나머지 사항을 지방자치단체 조례에 위임한다.
P01136,④ 제1항부터 제3항까지의 규정에서 정한 사항 외에 대안교육기관에 대한 경비 지원에 필요한 사항은 해당 지방자치단체의 조례로 정한다.,위임,조례,5,경비 지원에 필요한 세부 사항을 지방자치단체 조례에 정하도록 규율권한을 넘긴다.
P01137,④ 제1항부터 제3항까지의 규정에서 정한 사항 외에 대안교육기관에 대한 경비 지원에 필요한 사항은 해당 지방자치단체의 조례로 정한다.,위임,조례,5,경비 지원에 필요한 세부 사항의 규율권한을 지방자치단체 조례에 넘긴다.
P01138,④ 제1항부터 제3항까지의 규정에서 정한 사항 외에 대안교육기관에 대한 경비 지원에 필요한 사항은 해당 지방자치단체의 조례로 정한다.,위임,조례,5,경비 지원에 필요한 사항을 지방자치단체 조례에 정하도록 규율권한을 넘긴다.
P01139,④ 제1항부터 제3항까지의 규정에서 정한 사항 외에 대안교육기관에 대한 경비 지원에 필요한 사항은 해당 지방자치단체의 조례로 정한다.,위임,조례,5,경비 지원에 필요한 세부 사항의 규율권한을 지방자치단체 조례에 넘긴다.
P01140,④ 제1항부터 제3항까지의 규정에서 정한 사항 외에 대안교육기관에 대한 경비 지원에 필요한 사항은 해당 지방자치단체의 조례로 정한다.,위임,조례,5,잔여 사항의 규율권한을 지방자치단체 조례에 넘기는 문말 위임이다.
P01141,④ 제1항부터 제3항까지의 규정에서 정한 사항 외에 대안교육기관에 대한 경비 지원에 필요한 사항은 해당 지방자치단체의 조례로 정한다.,위임,조례,5,경비 지원에 필요한 사항을 지방자치단체 조례로 정하도록 규율권한을 넘긴다.
P01142,④ 제1항부터 제3항까지의 규정에서 정한 사항 외에 대안교육기관에 대한 경비 지원에 필요한 사항은 해당 지방자치단체의 조례로 정한다.,위임,조례,5,잔여 사항의 규율권한을 지방자치단체 조례에 넘기는 위임 규정이다.
P01143,④ 제1항부터 제3항까지의 규정에서 정한 사항 외에 대안교육기관에 대한 경비 지원에 필요한 사항은 해당 지방자치단체의 조례로 정한다.,위임,조례,5,잔여 사항의 규율권한을 해당 지방자치단체 조례에 넘기는 위임 규정이다.
P01144,④ 제1항부터 제3항까지의 규정에서 정한 사항 외에 대안교육기관에 대한 경비 지원에 필요한 사항은 해당 지방자치단체의 조례로 정한다.,위임,조례,5,경비 지원에 필요한 사항을 지방자치단체 조례에 위임하는 종결형 규정이다.
P01145,④ 제1항부터 제3항까지의 규정에서 정한 사항 외에 대안교육기관에 대한 경비 지원에 필요한 사항은 해당 지방자치단체의 조례로 정한다.,위임,조례,5,경비 지원에 필요한 세부사항을 지방자치단체 조례로 정하도록 규율권한을 넘긴다.
P01146,④ 제1항부터 제3항까지의 규정에서 정한 사항 외에 대안교육기관에 대한 경비 지원에 필요한 사항은 해당 지방자치단체의 조례로 정한다.,위임,조례,5,경비 지원에 필요한 세부사항을 지방자치단체 조례로 정하도록 규율권한을 넘긴다.
P01147,④ 제1항부터 제3항까지의 규정에서 정한 사항 외에 대안교육기관에 대한 경비 지원에 필요한 사항은 해당 지방자치단체의 조례로 정한다.,위임,조례,5,경비 지원에 필요한 나머지 사항을 지방자치단체 조례에 정하도록 규율권한을 넘긴다.
P01148,④ 제1항부터 제3항까지의 규정에서 정한 사항 외에 대안교육기관에 대한 경비 지원에 필요한 사항은 해당 지방자치단체의 조례로 정한다.,위임,조례,5,나머지 필요한 사항의 규율권한을 지방자치단체 조례에 넘기는 위임 규정이다.
P01149,④ 제1항부터 제3항까지의 규정에서 정한 사항 외에 대안교육기관에 대한 경비 지원에 필요한 사항은 해당 지방자치단체의 조례로 정한다.,위임,조례,5,나머지 필요한 사항의 규율권한을 지방자치단체 조례에 넘기는 위임이다.
P01150,④ 제1항부터 제3항까지의 규정에서 정한 사항 외에 대안교육기관에 대한 경비 지원에 필요한 사항은 해당 지방자치단체의 조례로 정한다.,위임,조례,5,경비 지원에 필요한 잔여 사항의 규율권한을 지방자치단체 조례에 넘긴다.
P01151,④ 제1항부터 제3항까지의 규정에서 정한 사항 외에 대안교육기관에 대한 경비 지원에 필요한 사항은 해당 지방자치단체의 조례로 정한다.,위임,조례,5,나머지 필요한 사항의 규율권한을 지방자치단체 조례에 넘기는 위임이다.
P01152,④ 제1항부터 제3항까지의 규정에서 정한 사항 외에 대안교육기관에 대한 경비 지원에 필요한 사항은 해당 지방자치단체의 조례로 정한다.,위임,조례,5,잔여 사항의 규율권한을 지방자치단체 조례에 넘기는 위임 규정이다.
P01153,④ 제1항부터 제3항까지의 규정에서 정한 사항 외에 대안교육기관에 대한 경비 지원에 필요한 사항은 해당 지방자치단체의 조례로 정한다.,위임,조례,5,경비 지원에 필요한 나머지 사항을 지방자치단체 조례로 정하도록 규율권한을 넘긴다.
P01154,④ 제1항부터 제3항까지의 규정에서 정한 사항 외에 대안교육기관에 대한 경비 지원에 필요한 사항은 해당 지방자치단체의 조례로 정한다.,위임,조례,5,경비 지원에 필요한 나머지 사항을 지방자치단체 조례에 규율권한으로 넘긴다.
P01155,④ 제1항부터 제3항까지의 규정에서 정한 사항 외에 대안교육기관에 대한 경비 지원에 필요한 사항은 해당 지방자치단체의 조례로 정한다.,위임,조례,5,잔여 사항을 지방자치단체 조례로 정하도록 규율권한을 넘긴다.
P01156,④ 제1항부터 제3항까지의 규정에서 정한 사항 외에 대안교육기관에 대한 경비 지원에 필요한 사항은 해당 지방자치단체의 조례로 정한다.,위임,조례,5,경비 지원에 필요한 사항을 지방자치단체 조례로 정하도록 규율권한을 넘긴다.
P01157,④ 제1항부터 제3항까지의 규정에서 정한 사항 외에 대안교육기관에 대한 경비 지원에 필요한 사항은 해당 지방자치단체의 조례로 정한다.,위임,조례,5,나머지 필요사항을 지방자치단체 조례로 정하도록 규율권한을 넘긴다.
P01158,④ 제1항부터 제3항까지의 규정에서 정한 사항 외에 대안교육기관에 대한 경비 지원에 필요한 사항은 해당 지방자치단체의 조례로 정한다.,위임,조례,5,경비 지원에 필요한 세부 사항을 지방자치단체 조례에 위임한다.
P01159,④ 제1항부터 제3항까지의 규정에서 정한 사항 외에 대안교육기관에 대한 경비 지원에 필요한 사항은 해당 지방자치단체의 조례로 정한다.,위임,조례,5,경비 지원에 필요한 나머지 사항을 지방자치단체 조례로 정하도록 규율권한을 넘긴다.
P01160,④ 제1항부터 제3항까지의 규정에서 정한 사항 외에 대안교육기관에 대한 경비 지원에 필요한 사항은 해당 지방자치단체의 조례로 정한다.,위임,조례,5,경비 지원에 필요한 사항의 규율권한을 지방자치단체 조례에 넘긴다.
P01161,④ 제1항부터 제3항까지의 규정에서 정한 사항 외에 대안교육기관에 대한 경비 지원에 필요한 사항은 해당 지방자치단체의 조례로 정한다.,위임,조례,5,나머지 필요한 사항의 규율권한을 지방자치단체 조례에 넘긴다.
P01162,④ 제1항부터 제3항까지의 규정에서 정한 사항 외에 대안교육기관에 대한 경비 지원에 필요한 사항은 해당 지방자치단체의 조례로 정한다.,위임,조례,5,나머지 필요한 사항의 규율권한을 지방자치단체 조례에 넘기는 위임이다.
P01163,④ 제1항부터 제3항까지의 규정에서 정한 사항 외에 대안교육기관에 대한 경비 지원에 필요한 사항은 해당 지방자치단체의 조례로 정한다.,위임,조례,5,필요한 사항을 지방자치단체 조례로 정하도록 규율권한을 넘긴다.
P01164,④ 제1항부터 제3항까지의 규정에서 정한 사항 외에 대안교육기관에 대한 경비 지원에 필요한 사항은 해당 지방자치단체의 조례로 정한다.,위임,조례,5,경비 지원에 필요한 세부 사항의 규율권한을 지방자치단체 조례에 넘긴다.
P01165,④ 제1항부터 제3항까지의 규정에서 정한 사항 외에 대안교육기관에 대한 경비 지원에 필요한 사항은 해당 지방자치단체의 조례로 정한다.,위임,조례,5,경비 지원에 필요한 세부 사항을 지방자치단체 조례에 규율권한을 넘긴다.
P01166,④ 제1항부터 제3항까지의 규정에서 정한 사항 외에 대안교육기관에 대한 경비 지원에 필요한 사항은 해당 지방자치단체의 조례로 정한다.,위임,조례,5,경비 지원에 필요한 세부사항을 지방자치단체 조례에 위임한다.
P01167,④ 제1항부터 제3항까지의 규정에서 정한 사항 외에 대안교육기관에 대한 경비 지원에 필요한 사항은 해당 지방자치단체의 조례로 정한다.,위임,조례,5,경비 지원에 필요한 사항을 지방자치단체 조례로 정하도록 규율권한을 넘긴다.
P01168,④ 제1항부터 제3항까지의 규정에서 정한 사항 외에 대안교육기관에 대한 경비 지원에 필요한 사항은 해당 지방자치단체의 조례로 정한다.,위임,조례,5,경비 지원에 필요한 잔여 사항의 규율권한을 지방자치단체 조례에 넘긴다.
P01169,④ 제1항부터 제3항까지의 규정에서 정한 사항 외에 대안교육기관에 대한 경비 지원에 필요한 사항은 해당 지방자치단체의 조례로 정한다.,위임,조례,5,경비 지원에 필요한 나머지 사항을 지방자치단체 조례에 정하도록 규율권한을 넘긴다.
P01170,④ 제1항부터 제3항까지의 규정에서 정한 사항 외에 대안교육기관에 대한 경비 지원에 필요한 사항은 해당 지방자치단체의 조례로 정한다.,위임,조례,5,경비 지원에 필요한 사항을 지방자치단체 조례에 규율권한을 넘기는 위임이다.
P01171,④ 제1항부터 제3항까지의 규정에서 정한 사항 외에 대안교육기관에 대한 경비 지원에 필요한 사항은 해당 지방자치단체의 조례로 정한다.,위임,조례,5,경비 지원에 필요한 나머지 사항의 규율권한을 지방자치단체 조례에 넘긴다.
P01172,④ 제1항부터 제3항까지의 규정에서 정한 사항 외에 대안교육기관에 대한 경비 지원에 필요한 사항은 해당 지방자치단체의 조례로 정한다.,위임,조례,5,경비 지원에 필요한 세부사항의 규율권한을 지방자치단체 조례에 넘긴다.
P01173,④ 제1항부터 제3항까지의 규정에서 정한 사항 외에 대안교육기관에 대한 경비 지원에 필요한 사항은 해당 지방자치단체의 조례로 정한다.,위임,조례,5,경비 지원에 필요한 사항을 지방자치단체 조례로 정하도록 규율권한을 넘긴다.
P01174,④ 제1항부터 제3항까지의 규정에서 정한 사항 외에 대안교육기관에 대한 경비 지원에 필요한 사항은 해당 지방자치단체의 조례로 정한다.,위임,조례,5,경비 지원에 필요한 세부사항을 지방자치단체 조례에 규율권한으로 넘긴다.
P01175,④ 제1항부터 제3항까지의 규정에서 정한 사항 외에 대안교육기관에 대한 경비 지원에 필요한 사항은 해당 지방자치단체의 조례로 정한다.,위임,조례,5,나머지 필요사항의 규율권한을 지방자치단체 조례에 넘기는 위임 규정이다.
P01176,④ 제1항부터 제3항까지의 규정에서 정한 사항 외에 대안교육기관에 대한 경비 지원에 필요한 사항은 해당 지방자치단체의 조례로 정한다.,위임,조례,5,잔여 사항의 규율권한을 지방자치단체 조례에 넘기는 문말 위임이다.
P01177,④ 제1항부터 제3항까지의 규정에서 정한 사항 외에 대안교육기관에 대한 경비 지원에 필요한 사항은 해당 지방자치단체의 조례로 정한다.,위임,조례,5,경비 지원에 필요한 나머지 사항을 지방자치단체 조례에 규율권한을 넘기는 위임이다.
P01178,④ 제1항부터 제3항까지의 규정에서 정한 사항 외에 대안교육기관에 대한 경비 지원에 필요한 사항은 해당 지방자치단체의 조례로 정한다.,위임,조례,5,경비 지원에 필요한 사항을 지방자치단체 조례로 정하도록 규율권한을 넘긴다.
P01179,④ 제1항부터 제3항까지의 규정에서 정한 사항 외에 대안교육기관에 대한 경비 지원에 필요한 사항은 해당 지방자치단체의 조례로 정한다.,위임,조례,5,잔여 사항의 규율권한을 지방자치단체 조례에 넘기는 위임 규정이다.
P01180,④ 제1항부터 제3항까지의 규정에서 정한 사항 외에 대안교육기관에 대한 경비 지원에 필요한 사항은 해당 지방자치단체의 조례로 정한다.,위임,조례,5,잔여 사항의 규율권한을 지방자치단체 조례에 넘기는 위임 규정이다.
P01181,④ 제1항부터 제3항까지의 규정에서 정한 사항 외에 대안교육기관에 대한 경비 지원에 필요한 사항은 해당 지방자치단체의 조례로 정한다.,위임,조례,5,잔여 사항의 규율권한을 지방자치단체 조례로 넘기는 위임 규정이다.
P01182,④ 제1항부터 제3항까지의 규정에서 정한 사항 외에 대안교육기관에 대한 경비 지원에 필요한 사항은 해당 지방자치단체의 조례로 정한다.,위임,조례,5,경비 지원에 필요한 세부 사항의 규율권한을 지방자치단체 조례에 넘기는 위임 규정이다.
P01183,④ 제1항부터 제3항까지의 규정에서 정한 사항 외에 대안교육기관에 대한 경비 지원에 필요한 사항은 해당 지방자치단체의 조례로 정한다.,위임,조례,5,경비 지원에 필요한 나머지 사항의 규율권한을 지방자치단체 조례에 넘긴다.
P01184,④ 제1항부터 제3항까지의 규정에서 정한 사항 외에 대안교육기관에 대한 경비 지원에 필요한 사항은 해당 지방자치단체의 조례로 정한다.,위임,조례,5,나머지 필요한 사항의 규율권한을 지방자치단체 조례에 넘기는 위임 규정이다.
P01185,④ 제1항부터 제3항까지의 규정에서 정한 사항 외에 대안교육기관에 대한 경비 지원에 필요한 사항은 해당 지방자치단체의 조례로 정한다.,위임,조례,5,잔여 사항의 규율권한을 지방자치단체 조례에 넘기는 위임 규정이다.
P01186,④ 제1항부터 제3항까지의 규정에서 정한 사항 외에 대안교육기관에 대한 경비 지원에 필요한 사항은 해당 지방자치단체의 조례로 정한다.,위임,조례,5,경비 지원에 필요한 나머지 사항의 규율권한을 지방자치단체 조례에 넘긴다.
P01187,④ 제1항부터 제3항까지의 규정에서 정한 사항 외에 대안교육기관에 대한 경비 지원에 필요한 사항은 해당 지방자치단체의 조례로 정한다.,위임,조례,5,필요한 사항을 지방자치단체 조례로 정하도록 규율권한을 넘긴다.
P01188,④ 제1항부터 제3항까지의 규정에서 정한 사항 외에 대안교육기관에 대한 경비 지원에 필요한 사항은 해당 지방자치단체의 조례로 정한다.,위임,조례,5,잔여 사항의 규율권한을 지방자치단체 조례에 넘기는 위임 규정이다.
P01189,④ 제1항부터 제3항까지의 규정에서 정한 사항 외에 대안교육기관에 대한 경비 지원에 필요한 사항은 해당 지방자치단체의 조례로 정한다.,위임,조례,5,경비 지원에 필요한 나머지 사항의 규율권한을 지방자치단체 조례에 넘긴다.
P01190,④ 제1항부터 제3항까지의 규정에서 정한 사항 외에 대안교육기관에 대한 경비 지원에 필요한 사항은 해당 지방자치단체의 조례로 정한다.,위임,조례,5,경비 지원에 필요한 세부사항의 규율권한을 지방자치단체 조례에 넘긴다.
P01191,④ 제1항부터 제3항까지의 규정에서 정한 사항 외에 대안교육기관에 대한 경비 지원에 필요한 사항은 해당 지방자치단체의 조례로 정한다.,위임,조례,5,경비 지원에 필요한 사항의 규율권한을 지방자치단체 조례에 넘긴다.
P01192,④ 제1항부터 제3항까지의 규정에서 정한 사항 외에 대안교육기관에 대한 경비 지원에 필요한 사항은 해당 지방자치단체의 조례로 정한다.,위임,조례,5,경비 지원에 필요한 세부사항을 지방자치단체 조례에 규율권한을 넘기는 위임 규정이다.
P01193,④ 제1항부터 제3항까지의 규정에서 정한 사항 외에 대안교육기관에 대한 경비 지원에 필요한 사항은 해당 지방자치단체의 조례로 정한다.,위임,조례,5,잔여 사항의 규율권한을 지방자치단체 조례에 넘기는 위임 규정이다.
P01194,④ 제1항부터 제3항까지의 규정에서 정한 사항 외에 대안교육기관에 대한 경비 지원에 필요한 사항은 해당 지방자치단체의 조례로 정한다.,위임,조례,5,경비 지원에 필요한 세부사항을 지방자치단체 조례에 위임한다.
P01195,④ 제1항부터 제3항까지의 규정에서 정한 사항 외에 대안교육기관에 대한 경비 지원에 필요한 사항은 해당 지방자치단체의 조례로 정한다.,위임,조례,5,잔여 사항의 규율권한을 지방자치단체 조례에 넘기는 위임 규정이다.
P01196,④ 제1항부터 제3항까지의 규정에서 정한 사항 외에 대안교육기관에 대한 경비 지원에 필요한 사항은 해당 지방자치단체의 조례로 정한다.,위임,조례,5,나머지 필요사항을 지방자치단체 조례로 정하도록 규율권한을 넘긴다.
P01197,④ 제1항부터 제3항까지의 규정에서 정한 사항 외에 대안교육기관에 대한 경비 지원에 필요한 사항은 해당 지방자치단체의 조례로 정한다.,위임,조례,5,경비 지원에 필요한 나머지 사항을 지방자치단체 조례에 규율권한으로 넘긴다.
P01198,④ 제1항부터 제3항까지의 규정에서 정한 사항 외에 대안교육기관에 대한 경비 지원에 필요한 사항은 해당 지방자치단체의 조례로 정한다.,위임,조례,5,경비 지원에 필요한 사항을 지방자치단체 조례에 위임한다.
P01199,④ 제1항부터 제3항까지의 규정에서 정한 사항 외에 대안교육기관에 대한 경비 지원에 필요한 사항은 해당 지방자치단체의 조례로 정한다.,위임,조례,5,경비 지원에 필요한 나머지 사항의 규율권한을 지방자치단체 조례에 넘긴다.
P01200,④ 제1항부터 제3항까지의 규정에서 정한 사항 외에 대안교육기관에 대한 경비 지원에 필요한 사항은 해당 지방자치단체의 조례로 정한다.,위임,조례,5,나머지 필요사항의 규율권한을 지방자치단체 조례에 넘기는 위임이다.
P01201,④ 제1항부터 제3항까지의 규정에서 정한 사항 외에 대안교육기관에 대한 경비 지원에 필요한 사항은 해당 지방자치단체의 조례로 정한다.,위임,조례,5,경비 지원에 필요한 사항을 지방자치단체 조례로 정하도록 규율권한을 넘긴다.
P01202,④ 제1항부터 제3항까지의 규정에서 정한 사항 외에 대안교육기관에 대한 경비 지원에 필요한 사항은 해당 지방자치단체의 조례로 정한다.,위임,조례,5,경비 지원에 필요한 사항의 규율권한을 지방자치단체 조례에 넘긴다.
P01203,④ 제1항부터 제3항까지의 규정에서 정한 사항 외에 대안교육기관에 대한 경비 지원에 필요한 사항은 해당 지방자치단체의 조례로 정한다.,위임,조례,5,경비 지원에 필요한 사항을 지방자치단체 조례에 규율권한으로 넘긴다.
P01204,④ 제1항부터 제3항까지의 규정에서 정한 사항 외에 대안교육기관에 대한 경비 지원에 필요한 사항은 해당 지방자치단체의 조례로 정한다.,위임,조례,5,잔여 사항의 규율권한을 지방자치단체 조례에 넘기는 위임 규정이다.
P01205,④ 제1항부터 제3항까지의 규정에서 정한 사항 외에 대안교육기관에 대한 경비 지원에 필요한 사항은 해당 지방자치단체의 조례로 정한다.,위임,조례,5,경비 지원에 필요한 사항을 지방자치단체 조례로 정하도록 규율권한을 넘긴다.
P01206,④ 제1항부터 제3항까지의 규정에서 정한 사항 외에 대안교육기관에 대한 경비 지원에 필요한 사항은 해당 지방자치단체의 조례로 정한다.,위임,조례,5,경비 지원에 필요한 사항을 지방자치단체 조례에 규율권한으로 넘긴다.
P01207,④ 제1항부터 제3항까지의 규정에서 정한 사항 외에 대안교육기관에 대한 경비 지원에 필요한 사항은 해당 지방자치단체의 조례로 정한다.,위임,조례,5,경비 지원에 필요한 나머지 사항의 규율권한을 지방자치단체 조례에 넘긴다.
P01208,④ 제1항부터 제3항까지의 규정에서 정한 사항 외에 대안교육기관에 대한 경비 지원에 필요한 사항은 해당 지방자치단체의 조례로 정한다.,위임,조례,5,경비 지원에 필요한 잔여 사항의 규율권한을 지방자치단체 조례에 넘긴다.
P01209,④ 제1항부터 제3항까지의 규정에서 정한 사항 외에 대안교육기관에 대한 경비 지원에 필요한 사항은 해당 지방자치단체의 조례로 정한다.,위임,조례,5,경비 지원에 필요한 사항을 지방자치단체 조례로 정하도록 규율권한을 넘긴다.
P01210,④ 제1항부터 제3항까지의 규정에서 정한 사항 외에 대안교육기관에 대한 경비 지원에 필요한 사항은 해당 지방자치단체의 조례로 정한다.,위임,조례,5,잔여 사항의 규율권한을 지방자치단체 조례에 넘기는 위임 규정이다.
P01211,④ 제1항부터 제3항까지의 규정에서 정한 사항 외에 대안교육기관에 대한 경비 지원에 필요한 사항은 해당 지방자치단체의 조례로 정한다.,위임,조례,5,경비 지원에 필요한 잔여 사항의 규율권한을 지방자치단체 조례에 넘긴다.
P01212,④ 제1항부터 제3항까지의 규정에서 정한 사항 외에 대안교육기관에 대한 경비 지원에 필요한 사항은 해당 지방자치단체의 조례로 정한다.,위임,조례,5,경비 지원에 필요한 사항을 지방자치단체 조례로 정하도록 규율권한을 넘긴다.
P01213,④ 제1항부터 제3항까지의 규정에서 정한 사항 외에 대안교육기관에 대한 경비 지원에 필요한 사항은 해당 지방자치단체의 조례로 정한다.,위임,조례,5,경비 지원에 필요한 나머지 사항의 규율권한을 지방자치단체 조례에 넘긴다.
P01214,④ 제1항부터 제3항까지의 규정에서 정한 사항 외에 대안교육기관에 대한 경비 지원에 필요한 사항은 해당 지방자치단체의 조례로 정한다.,위임,조례,5,경비 지원에 필요한 사항을 지방자치단체 조례로 정하도록 규율권한을 넘긴다.
P01215,④ 제1항부터 제3항까지의 규정에서 정한 사항 외에 대안교육기관에 대한 경비 지원에 필요한 사항은 해당 지방자치단체의 조례로 정한다.,위임,조례,5,경비 지원에 필요한 사항을 지방자치단체 조례로 정하도록 규율권한을 넘긴다.
P01216,④ 제1항부터 제3항까지의 규정에서 정한 사항 외에 대안교육기관에 대한 경비 지원에 필요한 사항은 해당 지방자치단체의 조례로 정한다.,위임,조례,5,경비 지원에 필요한 세부사항을 지방자치단체 조례에 정하도록 규율권한을 넘긴다.
P01217,④ 제1항부터 제3항까지의 규정에서 정한 사항 외에 대안교육기관에 대한 경비 지원에 필요한 사항은 해당 지방자치단체의 조례로 정한다.,위임,조례,5,경비 지원에 필요한 세부 사항을 지방자치단체 조례로 정하도록 규율권한을 넘긴다.
P01218,④ 제1항부터 제3항까지의 규정에서 정한 사항 외에 대안교육기관에 대한 경비 지원에 필요한 사항은 해당 지방자치단체의 조례로 정한다.,위임,조례,5,경비 지원에 필요한 세부 사항의 규율권한을 지방자치단체 조례에 넘긴다.
P01219,④ 제1항부터 제3항까지의 규정에서 정한 사항 외에 대안교육기관에 대한 경비 지원에 필요한 사항은 해당 지방자치단체의 조례로 정한다.,위임,조례,5,경비 지원에 필요한 사항을 지방자치단체 조례로 정하도록 규율권한을 넘긴다.
P01220,④ 제1항부터 제3항까지의 규정에서 정한 사항 외에 대안교육기관에 대한 경비 지원에 필요한 사항은 해당 지방자치단체의 조례로 정한다.,위임,조례,5,문말 종결형으로 지방자치단체 조례에 규율권한을 넘긴다.
P01221,④ 제1항부터 제3항까지의 규정에서 정한 사항 외에 대안교육기관에 대한 경비 지원에 필요한 사항은 해당 지방자치단체의 조례로 정한다.,위임,조례,5,잔여 사항의 규율권한을 지방자치단체 조례에 넘기는 위임 규정이다.
P01222,④ 제1항부터 제3항까지의 규정에서 정한 사항 외에 대안교육기관에 대한 경비 지원에 필요한 사항은 해당 지방자치단체의 조례로 정한다.,위임,조례,5,경비 지원에 필요한 사항을 지방자치단체 조례로 정하도록 규율권한을 넘긴다.
P01223,④ 제1항부터 제3항까지의 규정에서 정한 사항 외에 대안교육기관에 대한 경비 지원에 필요한 사항은 해당 지방자치단체의 조례로 정한다.,위임,조례,5,경비 지원에 필요한 세부 사항의 규율권한을 지방자치단체 조례에 넘긴다.
P01224,④ 제1항부터 제3항까지의 규정에서 정한 사항 외에 대안교육기관에 대한 경비 지원에 필요한 사항은 해당 지방자치단체의 조례로 정한다.,위임,조례,5,경비 지원에 필요한 사항을 지방자치단체 조례에 정하도록 규율권한을 넘긴다.
P01225,④ 제1항부터 제3항까지의 규정에서 정한 사항 외에 대안교육기관에 대한 경비 지원에 필요한 사항은 해당 지방자치단체의 조례로 정한다.,위임,조례,5,문말 종결형으로 지방자치단체 조례에 규율권한을 넘긴다.
P01226,④ 제1항부터 제3항까지의 규정에서 정한 사항 외에 대안교육기관에 대한 경비 지원에 필요한 사항은 해당 지방자치단체의 조례로 정한다.,위임,조례,5,잔여 사항의 규율권한을 지방자치단체 조례에 넘기는 문말 위임이다.
P01227,④ 제1항부터 제3항까지의 규정에서 정한 사항 외에 대안교육기관에 대한 경비 지원에 필요한 사항은 해당 지방자치단체의 조례로 정한다.,위임,조례,5,나머지 필요한 사항의 규율권한을 지방자치단체 조례에 넘기는 위임이다.
P01228,④ 제1항부터 제3항까지의 규정에서 정한 사항 외에 대안교육기관에 대한 경비 지원에 필요한 사항은 해당 지방자치단체의 조례로 정한다.,위임,조례,5,경비 지원에 필요한 사항을 지방자치단체 조례로 정하도록 규율권한을 넘긴다.
P01229,④ 제1항부터 제3항까지의 규정에서 정한 사항 외에 대안교육기관에 대한 경비 지원에 필요한 사항은 해당 지방자치단체의 조례로 정한다.,위임,조례,5,경비 지원에 필요한 세부 사항을 지방자치단체 조례에 위임하는 종결 규정이다.
P01230,④ 제1항부터 제3항까지의 규정에서 정한 사항 외에 대안교육기관에 대한 경비 지원에 필요한 사항은 해당 지방자치단체의 조례로 정한다.,위임,조례,5,경비 지원에 필요한 세부사항의 규율권한을 지방자치단체 조례에 넘긴다.
P01231,④ 제1항부터 제3항까지의 규정에서 정한 사항 외에 대안교육기관에 대한 경비 지원에 필요한 사항은 해당 지방자치단체의 조례로 정한다.,위임,조례,5,잔여 사항의 규율권한을 지방자치단체 조례에 넘기는 위임 규정이다.
P01232,④ 제1항부터 제3항까지의 규정에서 정한 사항 외에 대안교육기관에 대한 경비 지원에 필요한 사항은 해당 지방자치단체의 조례로 정한다.,위임,조례,5,나머지 필요사항의 규율권한을 지방자치단체 조례에 넘기는 위임 규정이다.
P01233,④ 제1항부터 제3항까지의 규정에서 정한 사항 외에 대안교육기관에 대한 경비 지원에 필요한 사항은 해당 지방자치단체의 조례로 정한다.,위임,조례,5,경비 지원에 필요한 사항을 지방자치단체 조례로 정하도록 규율권한을 넘긴다.
P01234,④ 제1항부터 제3항까지의 규정에서 정한 사항 외에 대안교육기관에 대한 경비 지원에 필요한 사항은 해당 지방자치단체의 조례로 정한다.,위임,조례,5,경비 지원에 필요한 나머지 사항의 규율권한을 지방자치단체 조례에 넘긴다.
P01235,④ 제1항부터 제3항까지의 규정에서 정한 사항 외에 대안교육기관에 대한 경비 지원에 필요한 사항은 해당 지방자치단체의 조례로 정한다.,위임,조례,5,경비 지원에 필요한 나머지 사항의 규율권한을 지방자치단체 조례에 넘긴다.
P01236,④ 제1항부터 제3항까지의 규정에서 정한 사항 외에 대안교육기관에 대한 경비 지원에 필요한 사항은 해당 지방자치단체의 조례로 정한다.,위임,조례,5,잔여 사항의 규율권한을 지방자치단체 조례에 넘기는 위임 규정이다.
P01237,④ 제1항부터 제3항까지의 규정에서 정한 사항 외에 대안교육기관에 대한 경비 지원에 필요한 사항은 해당 지방자치단체의 조례로 정한다.,위임,조례,5,경비 지원에 필요한 사항을 지방자치단체 조례로 정하도록 규율권한을 넘긴다.
P01238,④ 제1항부터 제3항까지의 규정에서 정한 사항 외에 대안교육기관에 대한 경비 지원에 필요한 사항은 해당 지방자치단체의 조례로 정한다.,위임,조례,5,나머지 필요 사항을 지방자치단체 조례로 정하도록 규율권한을 넘긴다.
P01239,④ 제1항부터 제3항까지의 규정에서 정한 사항 외에 대안교육기관에 대한 경비 지원에 필요한 사항은 해당 지방자치단체의 조례로 정한다.,위임,조례,5,경비 지원에 필요한 사항을 지방자치단체 조례로 정하도록 규율권한을 넘긴다.
P01240,④ 제1항부터 제3항까지의 규정에서 정한 사항 외에 대안교육기관에 대한 경비 지원에 필요한 사항은 해당 지방자치단체의 조례로 정한다.,위임,조례,5,경비 지원에 필요한 사항을 지방자치단체 조례로 정하도록 규율권한을 넘긴다.
P01241,④ 제1항부터 제3항까지의 규정에서 정한 사항 외에 대안교육기관에 대한 경비 지원에 필요한 사항은 해당 지방자치단체의 조례로 정한다.,위임,조례,5,경비 지원에 필요한 세부 사항을 지방자치단체 조례에 규율권한으로 넘긴다.
P01242,④ 제1항부터 제3항까지의 규정에서 정한 사항 외에 대안교육기관에 대한 경비 지원에 필요한 사항은 해당 지방자치단체의 조례로 정한다.,위임,조례,5,문말 종결형으로 지방자치단체 조례에 규율권한을 넘긴다.
P01243,④ 제1항부터 제3항까지의 규정에서 정한 사항 외에 대안교육기관에 대한 경비 지원에 필요한 사항은 해당 지방자치단체의 조례로 정한다.,위임,조례,5,경비 지원에 필요한 사항의 규율권한을 지방자치단체 조례에 넘기는 위임 규정이다.
P01244,④ 제1항부터 제3항까지의 규정에서 정한 사항 외에 대안교육기관에 대한 경비 지원에 필요한 사항은 해당 지방자치단체의 조례로 정한다.,위임,조례,5,문말 종결형으로 지방자치단체 조례에 규율권한을 넘긴다.
P01245,④ 제1항부터 제3항까지의 규정에서 정한 사항 외에 대안교육기관에 대한 경비 지원에 필요한 사항은 해당 지방자치단체의 조례로 정한다.,위임,조례,5,경비 지원에 필요한 사항을 해당 지방자치단체 조례에 위임한다.
P01246,④ 제1항부터 제3항까지의 규정에서 정한 사항 외에 대안교육기관에 대한 경비 지원에 필요한 사항은 해당 지방자치단체의 조례로 정한다.,위임,조례,5,잔여 사항의 규율권한을 지방자치단체 조례에 넘기는 위임 규정이다.
P01247,④ 제1항부터 제3항까지의 규정에서 정한 사항 외에 대안교육기관에 대한 경비 지원에 필요한 사항은 해당 지방자치단체의 조례로 정한다.,위임,조례,5,경비 지원에 필요한 사항을 지방자치단체 조례로 정하도록 규율권한을 넘긴다.
P01248,④ 제1항부터 제3항까지의 규정에서 정한 사항 외에 대안교육기관에 대한 경비 지원에 필요한 사항은 해당 지방자치단체의 조례로 정한다.,위임,조례,5,경비 지원에 필요한 나머지 사항의 규율권한을 지방자치단체 조례에 넘긴다.
P01249,④ 제1항부터 제3항까지의 규정에서 정한 사항 외에 대안교육기관에 대한 경비 지원에 필요한 사항은 해당 지방자치단체의 조례로 정한다.,위임,조례,5,나머지 필요한 사항의 규율권한을 지방자치단체 조례에 넘기는 위임이다.
P01250,④ 제1항부터 제3항까지의 규정에서 정한 사항 외에 대안교육기관에 대한 경비 지원에 필요한 사항은 해당 지방자치단체의 조례로 정한다.,위임,조례,5,잔여 사항의 규율권한을 지방자치단체 조례에 넘기는 위임 규정이다.
P01251,④ 제1항부터 제3항까지의 규정에서 정한 사항 외에 대안교육기관에 대한 경비 지원에 필요한 사항은 해당 지방자치단체의 조례로 정한다.,위임,조례,5,경비 지원에 필요한 세부사항을 지방자치단체 조례로 정하도록 규율권한을 넘긴다.
P01252,④ 제1항부터 제3항까지의 규정에서 정한 사항 외에 대안교육기관에 대한 경비 지원에 필요한 사항은 해당 지방자치단체의 조례로 정한다.,위임,조례,5,경비 지원에 필요한 사항을 지방자치단체 조례에 정하도록 규율권한을 넘긴다.
P01253,④ 제1항부터 제3항까지의 규정에서 정한 사항 외에 대안교육기관에 대한 경비 지원에 필요한 사항은 해당 지방자치단체의 조례로 정한다.,위임,조례,5,경비 지원에 필요한 사항을 지방자치단체 조례에 정하도록 규율권한을 넘긴다.
P01254,④ 제1항부터 제3항까지의 규정에서 정한 사항 외에 대안교육기관에 대한 경비 지원에 필요한 사항은 해당 지방자치단체의 조례로 정한다.,위임,조례,5,잔여 사항을 지방자치단체 조례로 정하도록 규율권한을 넘긴다.
P01255,④ 제1항부터 제3항까지의 규정에서 정한 사항 외에 대안교육기관에 대한 경비 지원에 필요한 사항은 해당 지방자치단체의 조례로 정한다.,위임,조례,5,잔여 사항의 규율권한을 지방자치단체 조례에 넘기는 문말 위임이다.
P01256,④ 제1항부터 제3항까지의 규정에서 정한 사항 외에 대안교육기관에 대한 경비 지원에 필요한 사항은 해당 지방자치단체의 조례로 정한다.,위임,조례,5,경비 지원에 필요한 나머지 사항의 규율권한을 지방자치단체 조례에 넘긴다.
P01257,④ 제1항부터 제3항까지의 규정에서 정한 사항 외에 대안교육기관에 대한 경비 지원에 필요한 사항은 해당 지방자치단체의 조례로 정한다.,위임,조례,5,잔여 사항의 규율권한을 지방자치단체 조례로 넘기는 위임 규정이다.
P01258,④ 제1항부터 제3항까지의 규정에서 정한 사항 외에 대안교육기관에 대한 경비 지원에 필요한 사항은 해당 지방자치단체의 조례로 정한다.,위임,조례,5,잔여 사항의 규율권한을 지방자치단체 조례에 넘기는 위임 규정이다.
P01259,④ 제1항부터 제3항까지의 규정에서 정한 사항 외에 대안교육기관에 대한 경비 지원에 필요한 사항은 해당 지방자치단체의 조례로 정한다.,위임,조례,5,나머지 필요사항의 규율권한을 지방자치단체 조례에 넘기는 위임 규정이다.
P01260,④ 제1항부터 제3항까지의 규정에서 정한 사항 외에 대안교육기관에 대한 경비 지원에 필요한 사항은 해당 지방자치단체의 조례로 정한다.,위임,조례,5,경비 지원에 필요한 사항을 지방자치단체 조례로 정하도록 규율권한을 넘긴다.
P01261,④ 제1항부터 제3항까지의 규정에서 정한 사항 외에 대안교육기관에 대한 경비 지원에 필요한 사항은 해당 지방자치단체의 조례로 정한다.,위임,조례,5,경비 지원에 필요한 나머지 사항의 규율권한을 지방자치단체 조례에 넘긴다.
P01262,④ 제1항부터 제3항까지의 규정에서 정한 사항 외에 대안교육기관에 대한 경비 지원에 필요한 사항은 해당 지방자치단체의 조례로 정한다.,위임,조례,5,경비 지원에 필요한 잔여 사항의 규율권한을 지방자치단체 조례에 넘긴다.
P01263,④ 제1항부터 제3항까지의 규정에서 정한 사항 외에 대안교육기관에 대한 경비 지원에 필요한 사항은 해당 지방자치단체의 조례로 정한다.,위임,조례,5,잔여 사항의 규율권한을 지방자치단체 조례에 넘기는 위임이다.
P01264,④ 제1항부터 제3항까지의 규정에서 정한 사항 외에 대안교육기관에 대한 경비 지원에 필요한 사항은 해당 지방자치단체의 조례로 정한다.,위임,조례,5,경비 지원에 필요한 나머지 사항의 규율권한을 지방자치단체 조례에 넘긴다.
P01265,④ 제1항부터 제3항까지의 규정에서 정한 사항 외에 대안교육기관에 대한 경비 지원에 필요한 사항은 해당 지방자치단체의 조례로 정한다.,위임,조례,5,잔여 사항의 규율권한을 지방자치단체 조례에 넘기는 위임 규정이다.
P01266,④ 제1항부터 제3항까지의 규정에서 정한 사항 외에 대안교육기관에 대한 경비 지원에 필요한 사항은 해당 지방자치단체의 조례로 정한다.,위임,조례,5,잔여 사항의 규율권한을 지방자치단체 조례로 넘기는 위임이다.
P01267,④ 제1항부터 제3항까지의 규정에서 정한 사항 외에 대안교육기관에 대한 경비 지원에 필요한 사항은 해당 지방자치단체의 조례로 정한다.,위임,조례,5,나머지 필요한 사항의 규율권한을 지방자치단체 조례에 넘기는 위임 규정이다.
P01268,④ 제1항부터 제3항까지의 규정에서 정한 사항 외에 대안교육기관에 대한 경비 지원에 필요한 사항은 해당 지방자치단체의 조례로 정한다.,위임,조례,5,잔여 사항의 규율권한을 지방자치단체 조례에 넘기는 위임이다.
P01269,④ 제1항부터 제3항까지의 규정에서 정한 사항 외에 대안교육기관에 대한 경비 지원에 필요한 사항은 해당 지방자치단체의 조례로 정한다.,위임,조례,5,나머지 필요사항의 규율권한을 지방자치단체 조례에 넘기는 위임 규정이다.
P01270,④ 제1항부터 제3항까지의 규정에서 정한 사항 외에 대안교육기관에 대한 경비 지원에 필요한 사항은 해당 지방자치단체의 조례로 정한다.,위임,조례,5,경비 지원에 필요한 나머지 사항의 규율권한을 지방자치단체 조례로 넘긴다.
P01271,④ 제1항부터 제3항까지의 규정에서 정한 사항 외에 대안교육기관에 대한 경비 지원에 필요한 사항은 해당 지방자치단체의 조례로 정한다.,위임,조례,5,경비 지원에 필요한 나머지 사항의 규율권한을 지방자치단체 조례에 넘긴다.
P01272,④ 제1항부터 제3항까지의 규정에서 정한 사항 외에 대안교육기관에 대한 경비 지원에 필요한 사항은 해당 지방자치단체의 조례로 정한다.,위임,조례,5,경비 지원에 필요한 세부사항을 지방자치단체 조례에 위임한다.
P01273,④ 제1항부터 제3항까지의 규정에서 정한 사항 외에 대안교육기관에 대한 경비 지원에 필요한 사항은 해당 지방자치단체의 조례로 정한다.,위임,조례,5,잔여 사항의 규율권한을 지방자치단체 조례에 넘기는 위임이다.
P01274,④ 제1항부터 제3항까지의 규정에서 정한 사항 외에 대안교육기관에 대한 경비 지원에 필요한 사항은 해당 지방자치단체의 조례로 정한다.,위임,조례,5,경비 지원에 필요한 사항을 지방자치단체 조례로 정하도록 규율권한을 넘긴다.
P01275,④ 제1항부터 제3항까지의 규정에서 정한 사항 외에 대안교육기관에 대한 경비 지원에 필요한 사항은 해당 지방자치단체의 조례로 정한다.,위임,조례,5,경비 지원에 필요한 사항을 지방자치단체 조례로 정하도록 규율권한을 넘긴다.
P01276,④ 제1항부터 제3항까지의 규정에서 정한 사항 외에 대안교육기관에 대한 경비 지원에 필요한 사항은 해당 지방자치단체의 조례로 정한다.,위임,조례,5,나머지 필요한 사항의 규율권한을 지방자치단체 조례에 넘기는 위임 규정이다.
P01277,④ 제1항부터 제3항까지의 규정에서 정한 사항 외에 대안교육기관에 대한 경비 지원에 필요한 사항은 해당 지방자치단체의 조례로 정한다.,위임,조례,5,경비 지원에 필요한 세부 사항의 규율권한을 지방자치단체 조례에 넘긴다.
P01278,④ 제1항부터 제3항까지의 규정에서 정한 사항 외에 대안교육기관에 대한 경비 지원에 필요한 사항은 해당 지방자치단체의 조례로 정한다.,위임,조례,5,경비 지원에 필요한 사항을 지방자치단체 조례에 정하도록 규율권한을 넘긴다.
P01279,④ 제1항부터 제3항까지의 규정에서 정한 사항 외에 대안교육기관에 대한 경비 지원에 필요한 사항은 해당 지방자치단체의 조례로 정한다.,위임,조례,5,경비 지원에 필요한 사항을 지방자치단체 조례로 정하도록 규율권한을 넘긴다.
P01280,④ 제1항부터 제3항까지의 규정에서 정한 사항 외에 대안교육기관에 대한 경비 지원에 필요한 사항은 해당 지방자치단체의 조례로 정한다.,위임,조례,5,경비 지원에 필요한 나머지 사항을 지방자치단체 조례에 위임한다.
P01281,④ 제1항부터 제3항까지의 규정에서 정한 사항 외에 대안교육기관에 대한 경비 지원에 필요한 사항은 해당 지방자치단체의 조례로 정한다.,위임,조례,5,경비 지원에 필요한 잔여 사항의 규율권한을 지방자치단체 조례에 넘긴다.
P01282,④ 제1항부터 제3항까지의 규정에서 정한 사항 외에 대안교육기관에 대한 경비 지원에 필요한 사항은 해당 지방자치단체의 조례로 정한다.,위임,조례,5,나머지 필요한 사항의 규율권한을 지방자치단체 조례에 넘기는 위임 규정이다.
P01283,④ 제1항부터 제3항까지의 규정에서 정한 사항 외에 대안교육기관에 대한 경비 지원에 필요한 사항은 해당 지방자치단체의 조례로 정한다.,위임,조례,5,경비 지원에 필요한 사항을 지방자치단체 조례에 규율권한으로 넘긴다.
P01284,④ 제1항부터 제3항까지의 규정에서 정한 사항 외에 대안교육기관에 대한 경비 지원에 필요한 사항은 해당 지방자치단체의 조례로 정한다.,위임,조례,5,경비 지원에 필요한 나머지 사항의 규율권한을 지방자치단체 조례에 넘기는 위임이다.
P01285,④ 제1항부터 제3항까지의 규정에서 정한 사항 외에 대안교육기관에 대한 경비 지원에 필요한 사항은 해당 지방자치단체의 조례로 정한다.,위임,조례,5,경비 지원에 필요한 나머지 사항을 지방자치단체 조례로 정하도록 규율권한을 넘긴다.
P01286,④ 제1항부터 제3항까지의 규정에서 정한 사항 외에 대안교육기관에 대한 경비 지원에 필요한 사항은 해당 지방자치단체의 조례로 정한다.,위임,조례,5,경비 지원에 필요한 사항을 지방자치단체 조례로 정하도록 규율권한을 넘긴다.
P01287,④ 제1항부터 제3항까지의 규정에서 정한 사항 외에 대안교육기관에 대한 경비 지원에 필요한 사항은 해당 지방자치단체의 조례로 정한다.,위임,조례,5,잔여 사항의 규율권한을 지방자치단체 조례에 넘기는 문말 위임이다.
P01288,④ 제1항부터 제3항까지의 규정에서 정한 사항 외에 대안교육기관에 대한 경비 지원에 필요한 사항은 해당 지방자치단체의 조례로 정한다.,위임,조례,5,경비 지원에 필요한 사항을 지방자치단체 조례에 위임하는 종결형 문장이다.
P01289,④ 제1항부터 제3항까지의 규정에서 정한 사항 외에 대안교육기관에 대한 경비 지원에 필요한 사항은 해당 지방자치단체의 조례로 정한다.,위임,조례,5,경비 지원에 필요한 세부사항의 규율권한을 지방자치단체 조례에 넘긴다.
P01290,④ 제1항부터 제3항까지의 규정에서 정한 사항 외에 대안교육기관에 대한 경비 지원에 필요한 사항은 해당 지방자치단체의 조례로 정한다.,위임,조례,5,나머지 필요 사항의 규율권한을 지방자치단체 조례에 넘기는 위임이다.
P01291,④ 제1항부터 제3항까지의 규정에서 정한 사항 외에 대안교육기관에 대한 경비 지원에 필요한 사항은 해당 지방자치단체의 조례로 정한다.,위임,조례,5,경비 지원에 필요한 세부 사항을 지방자치단체 조례에 위임하는 종결형 문언이다.
P01292,④ 제1항부터 제3항까지의 규정에서 정한 사항 외에 대안교육기관에 대한 경비 지원에 필요한 사항은 해당 지방자치단체의 조례로 정한다.,위임,조례,5,경비 지원에 필요한 잔여 사항의 규율권한을 지방자치단체 조례에 넘긴다.
P01293,④ 제1항부터 제3항까지의 규정에서 정한 사항 외에 대안교육기관에 대한 경비 지원에 필요한 사항은 해당 지방자치단체의 조례로 정한다.,위임,조례,5,경비 지원에 필요한 나머지 사항을 지방자치단체 조례에 정하도록 규율권한을 넘긴다.
P01294,④ 제1항부터 제3항까지의 규정에서 정한 사항 외에 대안교육기관에 대한 경비 지원에 필요한 사항은 해당 지방자치단체의 조례로 정한다.,위임,조례,5,경비 지원에 필요한 사항의 규율권한을 지방자치단체 조례에 넘긴다.
P01295,④ 제1항부터 제3항까지의 규정에서 정한 사항 외에 대안교육기관에 대한 경비 지원에 필요한 사항은 해당 지방자치단체의 조례로 정한다.,위임,조례,5,경비 지원에 필요한 사항을 지방자치단체 조례에 규율권한을 넘기는 위임이다.
P01296,④ 제1항부터 제3항까지의 규정에서 정한 사항 외에 대안교육기관에 대한 경비 지원에 필요한 사항은 해당 지방자치단체의 조례로 정한다.,위임,조례,5,경비 지원에 필요한 나머지 사항의 규율권한을 지방자치단체 조례에 넘긴다.
P01297,④ 제1항부터 제3항까지의 규정에서 정한 사항 외에 대안교육기관에 대한 경비 지원에 필요한 사항은 해당 지방자치단체의 조례로 정한다.,위임,조례,5,경비 지원에 필요한 사항을 지방자치단체 조례에 규율권한을 넘기는 위임이다.
P01298,④ 제1항부터 제3항까지의 규정에서 정한 사항 외에 대안교육기관에 대한 경비 지원에 필요한 사항은 해당 지방자치단체의 조례로 정한다.,위임,조례,5,잔여 사항의 규율권한을 지방자치단체 조례로 넘기는 위임 규정이다.
P01299,④ 제1항부터 제3항까지의 규정에서 정한 사항 외에 대안교육기관에 대한 경비 지원에 필요한 사항은 해당 지방자치단체의 조례로 정한다.,위임,조례,5,경비 지원에 필요한 사항의 규율권한을 지방자치단체 조례에 넘기는 위임이다.
P01300,④ 제1항부터 제3항까지의 규정에서 정한 사항 외에 대안교육기관에 대한 경비 지원에 필요한 사항은 해당 지방자치단체의 조례로 정한다.,위임,조례,5,잔여 사항의 규율권한을 지방자치단체 조례에 넘기는 위임 규정이다.
P01301,④ 제1항부터 제3항까지의 규정에서 정한 사항 외에 대안교육기관에 대한 경비 지원에 필요한 사항은 해당 지방자치단체의 조례로 정한다.,위임,조례,5,잔여 사항의 규율권한을 지방자치단체 조례에 넘기는 위임 규정이다.
P01302,④ 제1항부터 제3항까지의 규정에서 정한 사항 외에 대안교육기관에 대한 경비 지원에 필요한 사항은 해당 지방자치단체의 조례로 정한다.,위임,조례,5,경비 지원에 필요한 사항을 지방자치단체 조례로 정하도록 규율권한을 넘긴다.
P01303,④ 제1항부터 제3항까지의 규정에서 정한 사항 외에 대안교육기관에 대한 경비 지원에 필요한 사항은 해당 지방자치단체의 조례로 정한다.,위임,조례,5,경비 지원에 필요한 나머지 사항의 규율권한을 지방자치단체 조례에 넘긴다.
P01304,④ 제1항부터 제3항까지의 규정에서 정한 사항 외에 대안교육기관에 대한 경비 지원에 필요한 사항은 해당 지방자치단체의 조례로 정한다.,위임,조례,5,경비 지원에 필요한 사항을 지방자치단체 조례로 정하도록 규율권한을 넘긴다.
P01305,필요한 사항은 대통령령으로 정한다,위임,대통령령,5,필요한 사항의 규율권한을 대통령령에 넘기는 전형적 위임 문언이다.
P01306,필요한 사항은 대통령령으로 정한다,위임,대통령령,5,문말 종결형으로 필요한 사항의 규율권한을 대통령령에 넘긴다.
P01307,필요한 사항은 대통령령으로 정한다,위임,대통령령,5,필요한 사항의 규율권한을 대통령령에 넘기는 전형적 위임 문언이다.
P01308,필요한 사항은 대통령령으로 정한다,위임,대통령령,5,필요한 사항의 규율권한을 대통령령에 넘기는 전형적 위임 문장이다.
P01309,공공단체가 설치한 연구기관이나 교육부장관이 인정하는 연구기관,인용,해당없음,3,'교육부장관이 인정하는 연구기관'은 규범 제정 위임이 아니라 개별 기관에 대한 인정 처분 권한을 전제한 표현이다.
P01310,공공단체의 기관이나 교육부장관이 정하는 기준에 적합한 기관,위임,미특정,4,'교육부장관이 정하는 기준'으로 요건 일부를 하위 규범에 맡기나 법형식을 지정하지 않았다.
P01311,"교육부장관이 정하는 기준에 적합한 산업체, 기관 또는 시설에서 전공학과 및 그에 관련되는 학과의 학문분야에",위임,미특정,3,문장이 중간에 잘렸으나 '교육부장관이 정하는 기준'은 법형식을 지정하지 않은 부분 위임에 해당한다.
P01312,"교육부장관이 정하는 기준에 적합한 산업체, 기관 또는 시설에서 「의료법」 제2조제1항에 따른 의료인이",위임,미특정,3,문장이 미완결이나 '교육부장관이 정하는 기준'으로 법형식을 지정하지 않은 부분 위임에 해당한다.
P01313,대통령령으로 정하는 범위에서 학칙으로 정한다,위임,대통령령|미특정,3,"대통령령이 정한 범위 내에서 학칙으로 정하도록 규율권한을 넘기는 위임이며, 학칙은 열거된 법형식에 없어 미특정으로 병기한다."
P01314,필요한 사항은 대통령령으로,판단불가,대통령령,2,문장이 종결어미 없이 잘려 있어 위임 여부를 확정할 수 없으나 '대통령령'이라는 법형식은 명시되어 있다.
P01315,대통령령으로 정하는 범위에서 학칙으로 정한다,위임,대통령령|미특정,4,"대통령령이 정하는 범위 내에서 학칙에 규율권한을 넘기는 병기 위임이며, 학칙은 지정된 법형식 목록에 없어 미특정으로 본다."
P01316,대통령령으로 정하는,판단불가,해당없음,4,문장이 '대통령령으로 정하는'에서 잘려 규율 대상과 종결 형태를 확인할 수 없다.
P01317,대통령령으로 정하는 범위에서 학칙으로 정한다,위임,대통령령|미특정,3,"대통령령이 정한 범위 내에서 학칙으로 정하도록 한 병기 위임이며, 학칙은 열거된 법형식에 없어 미특정으로 처리한다."
P01318,필요한 사항은 대통령령으로 정한다,위임,대통령령,5,필요한 사항의 규율권한을 대통령령에 넘기는 전형적 위임 문장이다.
P01319,필요한 사항은 대통령령으로,판단불가,대통령령,3,문장이 '대통령령으로'에서 잘려 종결 서술어가 없어 위임 여부를 확정할 수 없으나 표지어구는 대통령령이다.
P01320,교육부령으로 정하는,판단불가,부령,3,문장이 '교육부령으로 정하는'에서 잘려 규율 대상과 종결 형태를 확인할 수 없어 위임 여부를 확정할 수 없다.
P01321,교육부장관이 제1항 및 제2항의 기준을 조정하여 고시하는 기준에 따른다.,위임,고시,4,교육부장관이 기준을 조정하여 고시하도록 하여 고시에 규율권한을 넘긴다.
P01322,연구 실적에 대한 인정범위와 구체적인 기준은 교육부장관이 정하여 고시한다.,위임,고시,5,인정범위와 기준을 교육부장관의 고시로 정하도록 규율권한을 넘긴다.
P01323,② 대학이 인공지능·빅데이터 등 교육부장관이 정하여 고시하는 첨단산업 분야의 인력을 양성하거나,위임,고시,4,첨단산업 분야의 범위를 교육부장관 고시에 맡기는 부분 위임이다.
P01324,교육과정 및 교육여건 등을 고려하여 교육부장관이 정하여 고시하는 기준을 충족할 것,위임,고시,4,현재형 '정하여 고시하는'으로 기준 설정 권한을 교육부장관 고시에 넘긴 부분 위임이다.
P01325,교육부장관이 정하여 고시하는 특정 분야(제2항 각 호 외의 부분에 따라 교육부장관이 정하여 고시하는 첨단산업 분야는 제외한다)의 인력을 양성하기 위하여,위임,고시,4,'교육부장관이 정하여 고시하는 특정 분야'로 요건 일부를 고시에 맡기는 부분 위임이다.
P01326,③ 그 밖에 대학의 통·폐합의 절차 및 세부기준 등에 관한 사항은 교육부장관이 정하여 고시한다.,위임,고시,5,절차 및 세부기준을 교육부장관이 정하여 고시하도록 규율권한을 넘기므로 고시 형식의 위임이다.
P01327,교육부장관이 정하여 고시하는 기준에 따라 대학의 일부를 그 주된 위치에서 변경하여,위임,고시,4,'교육부장관이 정하여 고시하는 기준'은 고시에 기준 설정 권한을 넘기는 부분 위임이다.
P01328,교육부령으로 정한다,위임,부령,4,'교육부령으로 정한다'는 종결형으로 부령에 규율권한을 넘기는 위임이다.
P01329,교육부령으로 정한다,위임,부령,4,종결형으로 교육부령에 규율권한을 넘기는 위임이다.
P01330,교육부령으로 정한다,위임,부령,4,문말 종결형 '교육부령으로 정한다'로 부령에 규율권한을 넘기는 위임이다.
P01331,교육부령으로 정한다,위임,부령,5,'교육부령으로 정한다'는 종결형으로 부령에 규율권한을 넘기는 위임이다.
P01332,소득의 범위는 교육부령으로 정한다,위임,부령,5,문말 종결형으로 소득의 범위를 교육부령에 위임한다.
P01333,교육부령으로 정하는,판단불가,부령,2,문장이 '교육부령으로 정하는'에서 끊겨 규율 대상과 종결 형태를 확인할 수 없어 위임 여부를 확정할 수 없다.
P01334,당초 학교법인의 수익용기본재산을 교육부장관이 정하여 고시하는 기준에 따라 새로 설립한 학교법인에 배분할 수 있다,위임,고시,5,배분 기준을 교육부장관의 고시로 정하도록 규율권한을 넘긴다.
P01335,대통령령으로 정하는 바에 따라 수당이나 연금을,판단불가,대통령령,3,서술어가 없이 문장이 절단되어 위임 종결 여부를 확정할 수 없으나 '대통령령으로 정하는 바에 따라'라는 표지만 확인된다.
P01336,필요한 사항은 대통령령으로 정한다,위임,대통령령,5,필요한 사항의 규율권한을 대통령령에 넘기는 전형적 위임 문언이다.
P01337,조직 및 정원은 대통령령으로 정한다,위임,대통령령,5,사무국의 조직 및 정원에 관한 사항을 대통령령에 위임하는 종결형 문장이다.
P01338,교육부령으로 정하는 지역을 말한다,위임,부령,5,정의 대상 지역의 범위를 교육부령이 정하도록 규율권한을 넘기는 부분 위임이다.
P01339,대통령령으로 정하는,위임,대통령령,3,문장이 잘려 있으나 '대통령령으로 정하는'은 도서·벽지수당의 구체적 사항을 대통령령에 맡기는 부분 위임으로 볼 수 있다.
P01340,② 교육감은 지역 여건과 학생배치계획을 고려하여 도시형캠퍼스 설립 기준을 시ㆍ도 조례로 정할 수 있다.,위임,조례,5,설립 기준이라는 규율사항을 시·도 조례로 정할 수 있도록 규율권한을 넘긴다.
P01341,"③ 교육감은 도시형캠퍼스의 교사(교실, 도서실 등 교수ㆍ학습 활동에 직접적ㆍ간접적으로 필요한 시설물을 말한다) 및 체육장 시설 기준을 시ㆍ도 조례로 정할 수 있다.",위임,조례,5,교사·체육장 시설 기준을 시·도 조례로 정하도록 규율권한을 넘긴다.
P01342,② 교육감은 지역 여건과 학생배치계획을 고려하여 도시형캠퍼스 설립 기준을 시ㆍ도 조례로 정할 수 있다.,위임,조례,5,설립 기준을 시·도 조례로 정할 수 있도록 규율권한을 조례에 넘긴다.
P01343,"③ 교육감은 도시형캠퍼스의 교사(교실, 도서실 등 교수ㆍ학습 활동에 직접적ㆍ간접적으로 필요한 시설물을 말한다) 및 체육장 시설 기준을 시ㆍ도 조례로 정할 수 있다.",위임,조례,5,시설 기준을 시·도 조례로 정할 수 있도록 규율권한을 넘긴다.
P01344,② 교육감은 지역 여건과 학생배치계획을 고려하여 도시형캠퍼스 설립 기준을 시ㆍ도 조례로 정할 수 있다.,위임,조례,5,설립 기준이라는 규율사항을 시·도 조례에 정할 수 있도록 권한을 넘기는 위임이다.
P01345,"③ 교육감은 도시형캠퍼스의 교사(교실, 도서실 등 교수ㆍ학습 활동에 직접적ㆍ간접적으로 필요한 시설물을 말한다) 및 체육장 시설 기준을 시ㆍ도 조례로 정할 수 있다.",위임,조례,5,교사 및 체육장 시설 기준을 시·도 조례로 정할 수 있게 하여 조례에 규율권한을 넘긴다.
P01346,필요한 사항은 대통령령으로 정한다,위임,대통령령,5,필요한 사항의 규율권한을 대통령령에 넘기는 전형적 위임 문언이다.
P01347,관한 응시자격은 대통령령으로 정한다. &lt;개정 2015.3.27,위임,대통령령,4,문장 앞부분이 일부 잘렸으나 '응시자격은 대통령령으로 정한다'는 종결형 위임 구조가 명확하다.
P01348,대통령령으로 정하는 바에 따라 일정한 학력,위임,대통령령,3,문장이 절 단위로 잘려 있으나 '대통령령으로 정하는 바에 따라 일정한 학력'은 응시자격 요건의 일부를 대통령령에 맡기는 부분 위임으로 읽힌다.
P01349,응시하는 사람은 교육부령으로 정하는 수수료를 내야 한다,위임,부령,5,수수료 금액을 교육부령에 정하도록 맡기는 부분 위임이다.
P01350,② 제1항에 따른 과정별 시험과목은 교육부장관이 정한다.,위임,미특정,5,시험과목 결정 권한을 교육부장관에게 넘기나 법형식을 지정하지 않았다.
P01351,절차 등은 대통령령으로 정한다,위임,대통령령,5,절차 등에 관한 사항을 대통령령에 정하도록 규율권한을 넘기는 위임 문장이다.
P01352,필요한 사항은 교육부령으로 정한다,위임,부령,5,문말 종결형으로 교육부령에 규율권한을 넘기는 위임이다.
P01353,필요한 사항은 교육부령으로 정한다,위임,부령,5,문말 종결형으로 교육부령에 규율권한을 넘기는 위임이다.
P01354,필요한 사항은 대통령령으로 정한다,위임,대통령령,5,필요한 사항의 규율권한을 대통령령에 넘기는 전형적 위임 문언이다.
P01355,교육부장관은 대통령령으로 정하는 바에 따라,위임,대통령령,3,문장이 중도에 잘렸으나 '권한의 위임' 조문에서 '대통령령으로 정하는 바에 따라'로 위임 범위를 대통령령에 맡기는 구조로 보인다.
P01356,교육부령으로 정하는,판단불가,부령,3,"문장이 '교육부령으로 정하는'에서 잘려 규율 대상과 종결 형태를 알 수 없어 위임 여부를 확정할 수 없으나, 표지어구는 교육부령이다."
P01357,교육부령으로 정하는,판단불가,부령,3,'교육부령으로 정하는'에서 문장이 끊겨 무엇을 정하도록 하는지 확인할 수 없어 위임 여부를 확정할 수 없다.
P01358,교육부령으로 정하는,판단불가,부령,2,문장이 '교육부령으로 정하는'에서 잘려 규율 대상과 종결 형태를 확인할 수 없어 위임 여부를 확정할 수 없다.
P01359,교육부령으로 정한다,위임,부령,4,종결형 '교육부령으로 정한다'로 부령에 규율권한을 넘긴다.
P01360,교육부령으로 정한다,위임,부령,5,문말 종결형 '교육부령으로 정한다'로 부령에 규율권한을 넘긴다.
P01361,교육부령으로 정한다,위임,부령,4,'교육부령으로 정한다'는 종결형으로 부령에 규율권한을 넘기는 위임이다.
P01362,교육부령으로 정한다,위임,부령,4,'교육부령으로 정한다'는 종결형 위임으로 부령에 규율권한을 넘긴다.
P01363,교육부령으로 정한다,위임,부령,4,문말 종결형 '교육부령으로 정한다'로 부령에 규율권한을 넘긴다.
P01364,교육부령으로 정한다,위임,부령,5,종결형 '교육부령으로 정한다'로 부령에 규율권한을 넘긴다.
P01365,교육부령으로 정한다,위임,부령,4,'교육부령으로 정한다'는 종결형으로 부령에 규율권한을 넘기는 위임이다.
P01366,교육부령으로 정한다,위임,부령,4,문말 종결형 '교육부령으로 정한다'로 부령에 규율권한을 넘긴다.
P01367,필요한 사항은 교육부령으로 정한다,위임,부령,5,필요한 사항의 규율권한을 교육부령에 넘기는 위임이다.
P01368,대통령령으로 정하는 당연직 이사를,위임,대통령령,3,문장이 잘려 있으나 '대통령령으로 정하는 당연직 이사'라는 부분위임 문구가 명확히 포함되어 있다.
P01369,필요한 사항은 대통령령으로,위임,대통령령,3,문장이 일부 잘렸으나 '필요한 사항은 대통령령으로'라는 전형적 위임 문구로 대통령령에 규율권한을 넘기는 취지가 확인된다.
P01370,필요한 사항은 대통령령으로,위임,대통령령,3,문장이 절단되었으나 '필요한 사항은 대통령령으로'는 대통령령에 규율권한을 넘기는 위임 문형이다.
P01371,대통령령이 정하는 바에 따라 다음 각 호의 서류를,위임,대통령령,3,문장이 중간에 끊겼으나 '대통령령이 정하는 바에 따라' 제출서류 관련 사항을 대통령령에 넘기는 위임 문언으로 판단된다.
P01372,과태료는 대통령령으로 정하는,판단불가,대통령령,3,문장이 '대통령령으로 정하는'에서 잘려 있어 위임의 대상·범위를 확정할 수 없으나 대통령령이 표지되어 있다.
P01373,대통령령으로 정하는,판단불가,대통령령,3,문장이 '대통령령으로 정하는'에서 잘려 규율 대상과 종결 형태를 확인할 수 없어 위임 여부를 확정할 수 없다.
P01374,대통령령으로 정하는,판단불가,해당없음,3,문장이 '대통령령으로 정하는'에서 잘려 있어 규율 대상과 종결 형태를 확인할 수 없다.
P01375,대통령령으로 정하는,판단불가,대통령령,3,"문장이 '대통령령으로 정하는'에서 끊겨 위임 대상과 종결 형태를 확인할 수 없어 판정이 불가하나, 표지어구는 대통령령이다."
P01376,대통령령으로 정한다,위임,대통령령,5,'대통령령으로 정한다'는 종결형으로 대통령령에 규율권한을 넘기는 위임이다.
P01377,대통령령으로 정하는,판단불가,대통령령,3,문장이 '대통령령으로 정하는'에서 잘려 규율 대상과 종결 형태를 확인할 수 없어 위임 여부를 확정할 수 없다.
P01378,대통령령으로 정한다,위임,대통령령,5,'대통령령으로 정한다'는 종결형 위임 문언이다.
P01379,대통령령으로 정하는,위임,대통령령,2,문장이 절단되어 있으나 '대통령령으로 정하는'이라는 부분위임 표지가 확인된다.
P01380,대통령령으로 정하는,판단불가,대통령령,2,문장이 '대통령령으로 정하는'에서 잘려 있어 규율권한 이전 여부를 확정할 수 없으나 표지어구는 대통령령이다.
P01381,대통령령으로 정하는,판단불가,대통령령,2,문장이 '대통령령으로 정하는'에서 잘려 수식 대상과 종결 구조를 알 수 없어 위임 여부를 확정할 수 없다.
P01382,대통령령으로 정한다,위임,대통령령,3,문장이 단편적이나 '대통령령으로 정한다'는 종결형으로 규율권한을 대통령령에 넘기는 위임이다.
P01383,대통령령으로 정하는,판단불가,대통령령,2,문장이 '대통령령으로 정하는'에서 잘려 무엇을 위임하는지 확인할 수 없다.
P01384,대통령령으로 정한다,위임,대통령령,4,문장이 단축되어 있으나 '대통령령으로 정한다'는 종결형으로 대통령령에 규율권한을 넘기는 위임이다.
P01385,대통령령으로 정하는,판단불가,대통령령,2,문장이 '대통령령으로 정하는'에서 잘려 있어 규율권한 이전 여부를 확정할 수 없으나 표지어구는 대통령령이다.
P01386,"② 방송통신중학교와 방송통신고등학교의 교과에 관하여는 「초·중등교육법 시행령」 제43조를 준용한다. 이 경우 각 교과의 교수(敎授) 요지, 과목, 수업시간수, 그 밖에 학습활동에 관한 사항은 국립 방송통신중학교 및 방송통신고등학교는 교육부장관이 정하고, 공립 방송통신중학교 및 방송통신고등학교는 시·도의 교육규칙으로 정한다.",위임,미특정|교육규칙,4,준용 부분 외에 학습활동 사항을 교육부장관이 정하도록(형식 미특정) 하고 공립은 시·도 교육규칙에 위임하므로 두 형식을 병기한다.
P01387,"② 방송통신중학교와 방송통신고등학교의 교과에 관하여는 「초·중등교육법 시행령」 제43조를 준용한다. 이 경우 각 교과의 교수(敎授) 요지, 과목, 수업시간수, 그 밖에 학습활동에 관한 사항은 국립 방송통신중학교 및 방송통신고등학교는 교육부장관이 정하고, 공립 방송통신중학교 및 방송통신고등학교는 시·도의 교육규칙으로 정한다.",위임,미특정|교육규칙,4,준용 부분은 인용이나 후단에서 교육부장관이 정하는 것(형식 미특정)과 시·도 교육규칙에 규율권한을 넘긴다.
P01388,"① 국립 방송통신고등학교에 두는 학과는 교육부장관이 정하고, 공립 방송통신고등학교에 두는 학과는 특별시·광역시·특별자치시·도 및 특별자치도(이하 ""시·도""라 한다)의 교육규칙으로 정한다.",위임,미특정|교육규칙,4,학과 설치를 교육부장관이 정하는 형식 미특정 방식과 시·도 교육규칙에 각각 넘기는 위임이다.
P01389,"② 방송통신중학교와 방송통신고등학교의 교과에 관하여는 「초·중등교육법 시행령」 제43조를 준용한다. 이 경우 각 교과의 교수(敎授) 요지, 과목, 수업시간수, 그 밖에 학습활동에 관한 사항은 국립 방송통신중학교 및 방송통신고등학교는 교육부장관이 정하고, 공립 방송통신중학교 및 방송통신고등학교는 시·도의 교육규칙으로 정한다.",위임,미특정|교육규칙,4,"준용 부분 외에 국립은 교육부장관이 정하는 형식 미특정 위임, 공립은 시·도 교육규칙으로 위임하고 있다."
P01390,"① 국립 방송통신고등학교에 두는 학과는 교육부장관이 정하고, 공립 방송통신고등학교에 두는 학과는 특별시·광역시·특별자치시·도 및 특별자치도(이하 ""시·도""라 한다)의 교육규칙으로 정한다.",위임,미특정|교육규칙,4,"국립은 장관이 정하도록(형식 미특정), 공립은 시·도 교육규칙으로 정하도록 규율권한을 넘기므로 두 형식을 병기한다."
P01391,"② 방송통신중학교와 방송통신고등학교의 교과에 관하여는 「초·중등교육법 시행령」 제43조를 준용한다. 이 경우 각 교과의 교수(敎授) 요지, 과목, 수업시간수, 그 밖에 학습활동에 관한 사항은 국립 방송통신중학교 및 방송통신고등학교는 교육부장관이 정하고, 공립 방송통신중학교 및 방송통신고등학교는 시·도의 교육규칙으로 정한다.",위임,미특정|교육규칙,4,준용 부분과 별도로 교과 세부사항을 교육부장관이 정하는 형식 미특정 규범과 시·도 교육규칙에 병기하여 위임한다.
P01392,"① 국립 방송통신고등학교에 두는 학과는 교육부장관이 정하고, 공립 방송통신고등학교에 두는 학과는 특별시·광역시·특별자치시·도 및 특별자치도(이하 ""시·도""라 한다)의 교육규칙으로 정한다.",위임,미특정|교육규칙,4,"국립은 교육부장관이 정하도록(형식 미특정), 공립은 시·도 교육규칙으로 정하도록 규율권한을 넘긴다."
P01393,"② 방송통신중학교와 방송통신고등학교의 교과에 관하여는 「초·중등교육법 시행령」 제43조를 준용한다. 이 경우 각 교과의 교수(敎授) 요지, 과목, 수업시간수, 그 밖에 학습활동에 관한 사항은 국립 방송통신중학교 및 방송통신고등학교는 교육부장관이 정하고, 공립 방송통신중학교 및 방송통신고등학교는 시·도의 교육규칙으로 정한다.",위임,미특정|교육규칙,4,준용 부분은 인용이지만 후단에서 교육부장관이 정하는 것(형식 미특정)과 시·도 교육규칙에 규율권한을 넘기므로 위임이며 두 형식을 병기한다.
P01394,"① 국립 방송통신고등학교에 두는 학과는 교육부장관이 정하고, 공립 방송통신고등학교에 두는 학과는 특별시·광역시·특별자치시·도 및 특별자치도(이하 ""시·도""라 한다)의 교육규칙으로 정한다.",위임,미특정|교육규칙,4,국립은 교육부장관이 정하는 형식 미특정 위임이고 공립은 시·도 교육규칙에 위임하므로 두 형식을 병기한다.
P01395,"② 방송통신중학교와 방송통신고등학교의 교과에 관하여는 「초·중등교육법 시행령」 제43조를 준용한다. 이 경우 각 교과의 교수(敎授) 요지, 과목, 수업시간수, 그 밖에 학습활동에 관한 사항은 국립 방송통신중학교 및 방송통신고등학교는 교육부장관이 정하고, 공립 방송통신중학교 및 방송통신고등학교는 시·도의 교육규칙으로 정한다.",위임,미특정|교육규칙,4,"준용 뒤에 교수요지·과목 등 학습활동 사항을 국립은 교육부장관(형식 미특정)이, 공립은 시·도 교육규칙으로 정하도록 규율권한을 넘긴다."
P01396,"① 국립 방송통신고등학교에 두는 학과는 교육부장관이 정하고, 공립 방송통신고등학교에 두는 학과는 특별시·광역시·특별자치시·도 및 특별자치도(이하 ""시·도""라 한다)의 교육규칙으로 정한다.",위임,미특정|교육규칙,4,학과 설치 사항을 교육부장관이 정하는 형식(미특정)과 시·도 교육규칙에 각각 넘기는 위임이다.
P01397,"② 방송통신중학교와 방송통신고등학교의 교과에 관하여는 「초·중등교육법 시행령」 제43조를 준용한다. 이 경우 각 교과의 교수(敎授) 요지, 과목, 수업시간수, 그 밖에 학습활동에 관한 사항은 국립 방송통신중학교 및 방송통신고등학교는 교육부장관이 정하고, 공립 방송통신중학교 및 방송통신고등학교는 시·도의 교육규칙으로 정한다.",위임,미특정|교육규칙,4,전단은 준용이지만 후단에서 교육부장관이 정하는 사항(형식 미특정)과 시·도 교육규칙에 규율권한을 넘기고 있다.
P01398,"① 국립 방송통신고등학교에 두는 학과는 교육부장관이 정하고, 공립 방송통신고등학교에 두는 학과는 특별시·광역시·특별자치시·도 및 특별자치도(이하 ""시·도""라 한다)의 교육규칙으로 정한다.",위임,미특정|교육규칙,4,"국립은 교육부장관이 정하도록 형식 미특정 위임, 공립은 시·도 교육규칙으로 위임하여 두 형식이 병기된다."
P01399,"② 방송통신중학교와 방송통신고등학교의 교과에 관하여는 「초·중등교육법 시행령」 제43조를 준용한다. 이 경우 각 교과의 교수(敎授) 요지, 과목, 수업시간수, 그 밖에 학습활동에 관한 사항은 국립 방송통신중학교 및 방송통신고등학교는 교육부장관이 정하고, 공립 방송통신중학교 및 방송통신고등학교는 시·도의 교육규칙으로 정한다.",위임,미특정|교육규칙,4,준용 부분은 인용이지만 후단에서 교육부장관이 정하는 형식 미특정 규범과 시·도 교육규칙에 규율권한을 병기하여 위임한다.
P01400,"① 국립 방송통신고등학교에 두는 학과는 교육부장관이 정하고, 공립 방송통신고등학교에 두는 학과는 특별시·광역시·특별자치시·도 및 특별자치도(이하 ""시·도""라 한다)의 교육규칙으로 정한다.",위임,미특정|교육규칙,4,국립은 교육부장관이 정하도록(형식 미지정) 하고 공립은 시·도 교육규칙에 위임하여 두 형식이 병기되었다.
P01401,"① 국립 방송통신고등학교에 두는 학과는 교육부장관이 정하고, 공립 방송통신고등학교에 두는 학과는 특별시·광역시·특별자치시·도 및 특별자치도(이하 ""시·도""라 한다)의 교육규칙으로 정한다.",위임,미특정|교육규칙,4,"국립은 교육부장관이 정하도록(형식 미지정), 공립은 시·도 교육규칙으로 정하도록 규율권한을 넘긴다."
P01402,"② 방송통신중학교와 방송통신고등학교의 교과에 관하여는 「초·중등교육법 시행령」 제43조를 준용한다. 이 경우 각 교과의 교수(敎授) 요지, 과목, 수업시간수, 그 밖에 학습활동에 관한 사항은 국립 방송통신중학교 및 방송통신고등학교는 교육부장관이 정하고, 공립 방송통신중학교 및 방송통신고등학교는 시·도의 교육규칙으로 정한다.",위임,미특정|교육규칙,4,준용 부분은 인용이지만 후단에서 교육부장관이 정하는 것(형식 미특정)과 시·도 교육규칙에 규율권한을 병기하여 위임한다.
P01403,"① 국립 방송통신고등학교에 두는 학과는 교육부장관이 정하고, 공립 방송통신고등학교에 두는 학과는 특별시·광역시·특별자치시·도 및 특별자치도(이하 ""시·도""라 한다)의 교육규칙으로 정한다.",위임,미특정|교육규칙,4,"국립은 교육부장관이 정하도록(형식 미특정), 공립은 시·도 교육규칙으로 정하도록 규율권한을 넘긴다."
P01404,"① 국립 방송통신고등학교에 두는 학과는 교육부장관이 정하고, 공립 방송통신고등학교에 두는 학과는 특별시·광역시·특별자치시·도 및 특별자치도(이하 ""시·도""라 한다)의 교육규칙으로 정한다.",위임,미특정|교육규칙,4,"국립은 교육부장관이 정하는 형식 미특정 위임, 공립은 시·도 교육규칙 위임으로 두 형식이 병기되었다."
P01405,"② 방송통신중학교와 방송통신고등학교의 교과에 관하여는 「초·중등교육법 시행령」 제43조를 준용한다. 이 경우 각 교과의 교수(敎授) 요지, 과목, 수업시간수, 그 밖에 학습활동에 관한 사항은 국립 방송통신중학교 및 방송통신고등학교는 교육부장관이 정하고, 공립 방송통신중학교 및 방송통신고등학교는 시·도의 교육규칙으로 정한다.",위임,미특정|교육규칙,4,준용 부분은 인용이나 후단에서 교수요지·과목 등을 교육부장관이 정하는 바(형식 미특정)와 시·도 교육규칙에 각각 위임한다.
P01406,"① 국립 방송통신고등학교에 두는 학과는 교육부장관이 정하고, 공립 방송통신고등학교에 두는 학과는 특별시·광역시·특별자치시·도 및 특별자치도(이하 ""시·도""라 한다)의 교육규칙으로 정한다.",위임,미특정|교육규칙,4,"국립은 교육부장관이 정하도록(형식 미특정), 공립은 시·도 교육규칙으로 정하도록 규율권한을 넘기므로 두 형식을 병기한다."
P01407,"② 방송통신중학교와 방송통신고등학교의 교과에 관하여는 「초·중등교육법 시행령」 제43조를 준용한다. 이 경우 각 교과의 교수(敎授) 요지, 과목, 수업시간수, 그 밖에 학습활동에 관한 사항은 국립 방송통신중학교 및 방송통신고등학교는 교육부장관이 정하고, 공립 방송통신중학교 및 방송통신고등학교는 시·도의 교육규칙으로 정한다.",위임,미특정|교육규칙,4,준용 부분은 인용이나 후단에서 교육부장관이 정하는 바(형식 미특정)와 시·도 교육규칙에 규율권한을 넘긴다.
P01408,"① 국립 방송통신고등학교에 두는 학과는 교육부장관이 정하고, 공립 방송통신고등학교에 두는 학과는 특별시·광역시·특별자치시·도 및 특별자치도(이하 ""시·도""라 한다)의 교육규칙으로 정한다.",위임,미특정|교육규칙,4,"국립은 교육부장관이 정하도록(형식 미특정), 공립은 시·도 교육규칙으로 정하도록 규율권한을 넘긴다."
P01409,"② 방송통신중학교와 방송통신고등학교의 교과에 관하여는 「초·중등교육법 시행령」 제43조를 준용한다. 이 경우 각 교과의 교수(敎授) 요지, 과목, 수업시간수, 그 밖에 학습활동에 관한 사항은 국립 방송통신중학교 및 방송통신고등학교는 교육부장관이 정하고, 공립 방송통신중학교 및 방송통신고등학교는 시·도의 교육규칙으로 정한다.",위임,미특정|교육규칙,4,전단은 준용이지만 후단에서 교육부장관이 정하는 것(형식 미특정)과 시·도 교육규칙에 규율권한을 넘기므로 위임이다.
P01410,"① 국립 방송통신고등학교에 두는 학과는 교육부장관이 정하고, 공립 방송통신고등학교에 두는 학과는 특별시·광역시·특별자치시·도 및 특별자치도(이하 ""시·도""라 한다)의 교육규칙으로 정한다.",위임,미특정|교육규칙,4,"국립은 교육부장관이 정하는 형식 미특정 위임, 공립은 시·도 교육규칙으로 정하도록 하는 위임이 병기되었다."
P01411,"② 방송통신중학교와 방송통신고등학교의 교과에 관하여는 「초·중등교육법 시행령」 제43조를 준용한다. 이 경우 각 교과의 교수(敎授) 요지, 과목, 수업시간수, 그 밖에 학습활동에 관한 사항은 국립 방송통신중학교 및 방송통신고등학교는 교육부장관이 정하고, 공립 방송통신중학교 및 방송통신고등학교는 시·도의 교육규칙으로 정한다.",위임,미특정|교육규칙,4,전단은 준용 인용이나 후단에서 교육부장관이 정하는 사항(형식 미지정)과 시·도 교육규칙에 규율권한을 넘기고 있다.
P01412,"① 국립 방송통신고등학교에 두는 학과는 교육부장관이 정하고, 공립 방송통신고등학교에 두는 학과는 특별시·광역시·특별자치시·도 및 특별자치도(이하 ""시·도""라 한다)의 교육규칙으로 정한다.",위임,미특정|교육규칙,4,"국립은 교육부장관이 정하도록(형식 미특정), 공립은 시·도 교육규칙으로 정하도록 규율권한을 넘긴다."
P01413,"② 방송통신중학교와 방송통신고등학교의 교과에 관하여는 「초·중등교육법 시행령」 제43조를 준용한다. 이 경우 각 교과의 교수(敎授) 요지, 과목, 수업시간수, 그 밖에 학습활동에 관한 사항은 국립 방송통신중학교 및 방송통신고등학교는 교육부장관이 정하고, 공립 방송통신중학교 및 방송통신고등학교는 시·도의 교육규칙으로 정한다.",위임,미특정|교육규칙,4,준용 부분은 인용이나 후단에서 교육부장관이 정하는 것(형식 미특정)과 시·도 교육규칙에 규율권한을 넘기고 있다.
P01414,"① 국립 방송통신고등학교에 두는 학과는 교육부장관이 정하고, 공립 방송통신고등학교에 두는 학과는 특별시·광역시·특별자치시·도 및 특별자치도(이하 ""시·도""라 한다)의 교육규칙으로 정한다.",위임,미특정|교육규칙,4,"국립은 교육부장관이 정하도록(형식 미특정), 공립은 시·도 교육규칙으로 정하도록 규율권한을 넘긴 병기 위임이다."
P01415,"② 방송통신중학교와 방송통신고등학교의 교과에 관하여는 「초·중등교육법 시행령」 제43조를 준용한다. 이 경우 각 교과의 교수(敎授) 요지, 과목, 수업시간수, 그 밖에 학습활동에 관한 사항은 국립 방송통신중학교 및 방송통신고등학교는 교육부장관이 정하고, 공립 방송통신중학교 및 방송통신고등학교는 시·도의 교육규칙으로 정한다.",위임,미특정|교육규칙,4,준용 부분은 인용이나 후단에서 교육부장관이 정하는 사항(형식 미특정)과 시·도 교육규칙에 규율권한을 넘기는 위임이 병기되어 있다.
P01416,"① 국립 방송통신고등학교에 두는 학과는 교육부장관이 정하고, 공립 방송통신고등학교에 두는 학과는 특별시·광역시·특별자치시·도 및 특별자치도(이하 ""시·도""라 한다)의 교육규칙으로 정한다.",위임,미특정|교육규칙,4,"국립은 교육부장관이 정하도록(형식 미특정), 공립은 시·도 교육규칙으로 정하도록 규율권한을 넘긴다."
P01417,"② 방송통신중학교와 방송통신고등학교의 교과에 관하여는 「초·중등교육법 시행령」 제43조를 준용한다. 이 경우 각 교과의 교수(敎授) 요지, 과목, 수업시간수, 그 밖에 학습활동에 관한 사항은 국립 방송통신중학교 및 방송통신고등학교는 교육부장관이 정하고, 공립 방송통신중학교 및 방송통신고등학교는 시·도의 교육규칙으로 정한다.",위임,미특정|교육규칙,4,준용 부분은 인용이나 후단에서 교육부장관이 정하는 사항(형식 미특정)과 시·도 교육규칙에 규율권한을 넘긴다.
P01418,시간수 및 시기는 교육부령으로 정한다,위임,부령,5,시간수 및 시기에 관한 규율권한을 교육부령에 넘기는 위임 규정이다.
P01419,"② 방송통신중학교 또는 방송통신고등학교의 입학, 재입학, 퇴학, 전학, 편입학 및 휴학의 세부절차와 방법 등에 필요한 사항은 국립 방송통신중학교 및 방송통신고등학교는 교육부장관이 정하고, 공립 방송통신중학교 및 방송통신고등학교는 시·도의 교육규칙으로 정한다.",위임,미특정|교육규칙,4,"국립은 교육부장관이 정하는 형식 미특정 위임, 공립은 시·도 교육규칙으로 정하도록 병기하여 위임한다."
P01420,"② 방송통신중학교 또는 방송통신고등학교의 입학, 재입학, 퇴학, 전학, 편입학 및 휴학의 세부절차와 방법 등에 필요한 사항은 국립 방송통신중학교 및 방송통신고등학교는 교육부장관이 정하고, 공립 방송통신중학교 및 방송통신고등학교는 시·도의 교육규칙으로 정한다.",위임,미특정|교육규칙,4,"국립은 교육부장관이 정하도록(형식 미특정), 공립은 시·도 교육규칙으로 정하도록 규율권한을 넘기는 병기 위임이다."
P01421,"② 방송통신중학교 또는 방송통신고등학교의 입학, 재입학, 퇴학, 전학, 편입학 및 휴학의 세부절차와 방법 등에 필요한 사항은 국립 방송통신중학교 및 방송통신고등학교는 교육부장관이 정하고, 공립 방송통신중학교 및 방송통신고등학교는 시·도의 교육규칙으로 정한다.",위임,미특정|교육규칙,4,"국립은 교육부장관이 정하는 형식 미특정 위임, 공립은 시·도 교육규칙으로 위임하여 두 형식이 병기되었다."
P01422,"② 방송통신중학교 또는 방송통신고등학교의 입학, 재입학, 퇴학, 전학, 편입학 및 휴학의 세부절차와 방법 등에 필요한 사항은 국립 방송통신중학교 및 방송통신고등학교는 교육부장관이 정하고, 공립 방송통신중학교 및 방송통신고등학교는 시·도의 교육규칙으로 정한다.",위임,미특정|교육규칙,4,"국립은 교육부장관이 정하도록(형식 미특정), 공립은 시·도 교육규칙으로 정하도록 위임한다."
P01423,"② 방송통신중학교 또는 방송통신고등학교의 입학, 재입학, 퇴학, 전학, 편입학 및 휴학의 세부절차와 방법 등에 필요한 사항은 국립 방송통신중학교 및 방송통신고등학교는 교육부장관이 정하고, 공립 방송통신중학교 및 방송통신고등학교는 시·도의 교육규칙으로 정한다.",위임,미특정|교육규칙,4,"국립은 교육부장관이 정하는 형식 미특정 위임, 공립은 시·도 교육규칙으로 위임하여 두 형식이 병기되었다."
P01424,"② 방송통신중학교 또는 방송통신고등학교의 입학, 재입학, 퇴학, 전학, 편입학 및 휴학의 세부절차와 방법 등에 필요한 사항은 국립 방송통신중학교 및 방송통신고등학교는 교육부장관이 정하고, 공립 방송통신중학교 및 방송통신고등학교는 시·도의 교육규칙으로 정한다.",위임,미특정|교육규칙,4,"국립은 교육부장관이 정하는 형식 미특정 위임, 공립은 시·도 교육규칙으로 정하도록 병기하여 위임한다."
P01425,"② 방송통신중학교 또는 방송통신고등학교의 입학, 재입학, 퇴학, 전학, 편입학 및 휴학의 세부절차와 방법 등에 필요한 사항은 국립 방송통신중학교 및 방송통신고등학교는 교육부장관이 정하고, 공립 방송통신중학교 및 방송통신고등학교는 시·도의 교육규칙으로 정한다.",위임,미특정|교육규칙,4,"국립은 교육부장관이 정하는(형식 미특정), 공립은 시·도 교육규칙으로 정하도록 규율권한을 넘긴다."
P01426,"② 방송통신중학교 또는 방송통신고등학교의 입학, 재입학, 퇴학, 전학, 편입학 및 휴학의 세부절차와 방법 등에 필요한 사항은 국립 방송통신중학교 및 방송통신고등학교는 교육부장관이 정하고, 공립 방송통신중학교 및 방송통신고등학교는 시·도의 교육규칙으로 정한다.",위임,미특정|교육규칙,4,"국립은 교육부장관이 정하도록(형식 미특정), 공립은 시·도 교육규칙으로 정하도록 병기하여 위임한다."
P01427,"② 방송통신중학교 또는 방송통신고등학교의 입학, 재입학, 퇴학, 전학, 편입학 및 휴학의 세부절차와 방법 등에 필요한 사항은 국립 방송통신중학교 및 방송통신고등학교는 교육부장관이 정하고, 공립 방송통신중학교 및 방송통신고등학교는 시·도의 교육규칙으로 정한다.",위임,미특정|교육규칙,4,"국립은 교육부장관이 정하도록(형식 미특정), 공립은 시·도 교육규칙으로 정하도록 규율권한을 넘기는 병기 위임이다."
P01428,"② 방송통신중학교 또는 방송통신고등학교의 입학, 재입학, 퇴학, 전학, 편입학 및 휴학의 세부절차와 방법 등에 필요한 사항은 국립 방송통신중학교 및 방송통신고등학교는 교육부장관이 정하고, 공립 방송통신중학교 및 방송통신고등학교는 시·도의 교육규칙으로 정한다.",위임,미특정|교육규칙,4,"국립은 교육부장관이 정하는 형식 미특정 위임, 공립은 시·도 교육규칙으로 정하도록 병기 위임한다."
P01429,"② 방송통신중학교 또는 방송통신고등학교의 입학, 재입학, 퇴학, 전학, 편입학 및 휴학의 세부절차와 방법 등에 필요한 사항은 국립 방송통신중학교 및 방송통신고등학교는 교육부장관이 정하고, 공립 방송통신중학교 및 방송통신고등학교는 시·도의 교육규칙으로 정한다.",위임,미특정|교육규칙,4,"국립은 교육부장관이 정하도록(형식 미특정), 공립은 시·도 교육규칙으로 정하도록 병기하여 규율권한을 넘긴다."
P01430,"② 방송통신중학교 또는 방송통신고등학교의 입학, 재입학, 퇴학, 전학, 편입학 및 휴학의 세부절차와 방법 등에 필요한 사항은 국립 방송통신중학교 및 방송통신고등학교는 교육부장관이 정하고, 공립 방송통신중학교 및 방송통신고등학교는 시·도의 교육규칙으로 정한다.",위임,미특정|교육규칙,4,세부절차 등을 국립은 교육부장관이 정하도록(법형식 미특정) 하고 공립은 시·도 교육규칙으로 정하도록 규율권한을 넘긴 병기 위임이다.
P01431,"② 방송통신중학교 또는 방송통신고등학교의 입학, 재입학, 퇴학, 전학, 편입학 및 휴학의 세부절차와 방법 등에 필요한 사항은 국립 방송통신중학교 및 방송통신고등학교는 교육부장관이 정하고, 공립 방송통신중학교 및 방송통신고등학교는 시·도의 교육규칙으로 정한다.",위임,미특정|교육규칙,4,국립은 교육부장관이 정하도록(형식 미특정) 하고 공립은 시·도 교육규칙으로 정하도록 규율권한을 병기하여 넘긴다.
P01432,"② 방송통신중학교 또는 방송통신고등학교의 입학, 재입학, 퇴학, 전학, 편입학 및 휴학의 세부절차와 방법 등에 필요한 사항은 국립 방송통신중학교 및 방송통신고등학교는 교육부장관이 정하고, 공립 방송통신중학교 및 방송통신고등학교는 시·도의 교육규칙으로 정한다.",위임,미특정|교육규칙,4,"국립은 교육부장관이 정하는 형식 미특정 위임, 공립은 시·도 교육규칙으로 위임하여 병기한다."
P01433,"② 방송통신중학교 또는 방송통신고등학교의 입학, 재입학, 퇴학, 전학, 편입학 및 휴학의 세부절차와 방법 등에 필요한 사항은 국립 방송통신중학교 및 방송통신고등학교는 교육부장관이 정하고, 공립 방송통신중학교 및 방송통신고등학교는 시·도의 교육규칙으로 정한다.",위임,미특정|교육규칙,4,"국립은 교육부장관이 정하도록(형식 미특정), 공립은 시·도 교육규칙으로 정하도록 위임하여 두 형식이 병기된다."
P01434,"② 방송통신중학교 또는 방송통신고등학교의 입학, 재입학, 퇴학, 전학, 편입학 및 휴학의 세부절차와 방법 등에 필요한 사항은 국립 방송통신중학교 및 방송통신고등학교는 교육부장관이 정하고, 공립 방송통신중학교 및 방송통신고등학교는 시·도의 교육규칙으로 정한다.",위임,미특정|교육규칙,4,"국립은 교육부장관이 정하도록(형식 미특정), 공립은 시·도 교육규칙으로 정하도록 병기 위임한다."
P01435,"② 공립 방송통신중학교 및 방송통신고등학교의 수업료등은 특별시·광역시·특별자치시·도 및 특별자치도(이하 ""시·도""라 한다)의 조례로 정한다. 다만, 수업료등의 금액은 해당 시·도의 조례에 따라 정해진 공립 고등학교의 수업료등의 금액보다 적어야 한다.",위임,조례,5,수업료등의 결정을 시·도 조례에 규율권한으로 넘기는 위임이다.
P01436,"② 공립 방송통신중학교 및 방송통신고등학교의 수업료등은 특별시·광역시·특별자치시·도 및 특별자치도(이하 ""시·도""라 한다)의 조례로 정한다. 다만, 수업료등의 금액은 해당 시·도의 조례에 따라 정해진 공립 고등학교의 수업료등의 금액보다 적어야 한다.",위임,조례,5,수업료등을 시·도 조례로 정하도록 규율권한을 넘긴다.
P01437,"② 공립 방송통신중학교 및 방송통신고등학교의 수업료등은 특별시·광역시·특별자치시·도 및 특별자치도(이하 ""시·도""라 한다)의 조례로 정한다. 다만, 수업료등의 금액은 해당 시·도의 조례에 따라 정해진 공립 고등학교의 수업료등의 금액보다 적어야 한다.",위임,조례,5,공립 방송통신중·고등학교의 수업료등을 시·도 조례로 정하도록 규율권한을 넘긴다.
P01438,"② 공립 방송통신중학교 및 방송통신고등학교의 수업료등은 특별시·광역시·특별자치시·도 및 특별자치도(이하 ""시·도""라 한다)의 조례로 정한다. 다만, 수업료등의 금액은 해당 시·도의 조례에 따라 정해진 공립 고등학교의 수업료등의 금액보다 적어야 한다.",위임,조례,5,수업료등의 결정을 시·도 조례에 규율권한으로 넘기는 위임 규정이다.
P01439,"② 공립 방송통신중학교 및 방송통신고등학교의 수업료등은 특별시·광역시·특별자치시·도 및 특별자치도(이하 ""시·도""라 한다)의 조례로 정한다. 다만, 수업료등의 금액은 해당 시·도의 조례에 따라 정해진 공립 고등학교의 수업료등의 금액보다 적어야 한다.",위임,조례,5,공립 방송통신중·고등학교 수업료등의 결정을 시·도 조례에 위임한다.
P01440,"② 공립 방송통신중학교 및 방송통신고등학교의 수업료등은 특별시·광역시·특별자치시·도 및 특별자치도(이하 ""시·도""라 한다)의 조례로 정한다. 다만, 수업료등의 금액은 해당 시·도의 조례에 따라 정해진 공립 고등학교의 수업료등의 금액보다 적어야 한다.",위임,조례,5,공립 방송통신중·고 수업료등을 시·도 조례로 정하도록 규율권한을 넘긴다.
P01441,"② 공립 방송통신중학교 및 방송통신고등학교의 수업료등은 특별시·광역시·특별자치시·도 및 특별자치도(이하 ""시·도""라 한다)의 조례로 정한다. 다만, 수업료등의 금액은 해당 시·도의 조례에 따라 정해진 공립 고등학교의 수업료등의 금액보다 적어야 한다.",위임,조례,5,공립 방송통신중·고교의 수업료등 결정을 시·도 조례에 넘기는 위임이다.
P01442,"② 공립 방송통신중학교 및 방송통신고등학교의 수업료등은 특별시·광역시·특별자치시·도 및 특별자치도(이하 ""시·도""라 한다)의 조례로 정한다. 다만, 수업료등의 금액은 해당 시·도의 조례에 따라 정해진 공립 고등학교의 수업료등의 금액보다 적어야 한다.",위임,조례,5,공립 방송통신중·고교의 수업료등을 시·도 조례로 정하도록 규율권한을 넘긴다.
P01443,"② 공립 방송통신중학교 및 방송통신고등학교의 수업료등은 특별시·광역시·특별자치시·도 및 특별자치도(이하 ""시·도""라 한다)의 조례로 정한다. 다만, 수업료등의 금액은 해당 시·도의 조례에 따라 정해진 공립 고등학교의 수업료등의 금액보다 적어야 한다.",위임,조례,5,공립 방송통신중·고등학교의 수업료등을 시·도 조례로 정하도록 규율권한을 넘긴다.
P01444,"② 공립 방송통신중학교 및 방송통신고등학교의 수업료등은 특별시·광역시·특별자치시·도 및 특별자치도(이하 ""시·도""라 한다)의 조례로 정한다. 다만, 수업료등의 금액은 해당 시·도의 조례에 따라 정해진 공립 고등학교의 수업료등의 금액보다 적어야 한다.",위임,조례,5,공립 방송통신중·고교 수업료등의 결정을 시·도 조례에 규율권한으로 넘긴다.
P01445,"② 공립 방송통신중학교 및 방송통신고등학교의 수업료등은 특별시·광역시·특별자치시·도 및 특별자치도(이하 ""시·도""라 한다)의 조례로 정한다. 다만, 수업료등의 금액은 해당 시·도의 조례에 따라 정해진 공립 고등학교의 수업료등의 금액보다 적어야 한다.",위임,조례,5,수업료등의 결정을 시·도 조례에 규율권한으로 넘기는 위임이다.
P01446,"② 공립 방송통신중학교 및 방송통신고등학교의 수업료등은 특별시·광역시·특별자치시·도 및 특별자치도(이하 ""시·도""라 한다)의 조례로 정한다. 다만, 수업료등의 금액은 해당 시·도의 조례에 따라 정해진 공립 고등학교의 수업료등의 금액보다 적어야 한다.",위임,조례,5,공립 방송통신중·고등학교의 수업료등을 시·도 조례로 정하도록 규율권한을 넘긴다.
P01447,"② 공립 방송통신중학교 및 방송통신고등학교의 수업료등은 특별시·광역시·특별자치시·도 및 특별자치도(이하 ""시·도""라 한다)의 조례로 정한다. 다만, 수업료등의 금액은 해당 시·도의 조례에 따라 정해진 공립 고등학교의 수업료등의 금액보다 적어야 한다.",위임,조례,5,공립 방송통신중·고등학교 수업료등을 시·도 조례로 정하도록 규율권한을 넘긴다.
P01448,"② 공립 방송통신중학교 및 방송통신고등학교의 수업료등은 특별시·광역시·특별자치시·도 및 특별자치도(이하 ""시·도""라 한다)의 조례로 정한다. 다만, 수업료등의 금액은 해당 시·도의 조례에 따라 정해진 공립 고등학교의 수업료등의 금액보다 적어야 한다.",위임,조례,5,공립 방송통신중·고교의 수업료등을 시·도 조례로 정하도록 규율권한을 넘긴다.
P01449,"② 공립 방송통신중학교 및 방송통신고등학교의 수업료등은 특별시·광역시·특별자치시·도 및 특별자치도(이하 ""시·도""라 한다)의 조례로 정한다. 다만, 수업료등의 금액은 해당 시·도의 조례에 따라 정해진 공립 고등학교의 수업료등의 금액보다 적어야 한다.",위임,조례,5,공립 방송통신중·고교의 수업료등을 시·도 조례로 정하도록 규율권한을 넘긴다.
P01450,"② 공립 방송통신중학교 및 방송통신고등학교의 수업료등은 특별시·광역시·특별자치시·도 및 특별자치도(이하 ""시·도""라 한다)의 조례로 정한다. 다만, 수업료등의 금액은 해당 시·도의 조례에 따라 정해진 공립 고등학교의 수업료등의 금액보다 적어야 한다.",위임,조례,5,수업료등에 관한 규율권한을 시·도 조례에 넘기고 있다.
P01451,"② 공립 방송통신중학교 및 방송통신고등학교의 수업료등은 특별시·광역시·특별자치시·도 및 특별자치도(이하 ""시·도""라 한다)의 조례로 정한다. 다만, 수업료등의 금액은 해당 시·도의 조례에 따라 정해진 공립 고등학교의 수업료등의 금액보다 적어야 한다.",위임,조례,5,공립 방송통신중·고등학교 수업료등의 결정을 시·도 조례에 위임한다.
P01452,"② 공립 방송통신중학교 및 방송통신고등학교의 수업료등은 특별시·광역시·특별자치시·도 및 특별자치도(이하 ""시·도""라 한다)의 조례로 정한다. 다만, 수업료등의 금액은 해당 시·도의 조례에 따라 정해진 공립 고등학교의 수업료등의 금액보다 적어야 한다.",위임,조례,5,수업료등을 시·도 조례로 정하도록 규율권한을 넘기는 위임이다.
P01453,"② 공립 방송통신중학교 및 방송통신고등학교의 수업료등은 특별시·광역시·특별자치시·도 및 특별자치도(이하 ""시·도""라 한다)의 조례로 정한다. 다만, 수업료등의 금액은 해당 시·도의 조례에 따라 정해진 공립 고등학교의 수업료등의 금액보다 적어야 한다.",위임,조례,5,공립 방송통신중·고등학교 수업료등을 시·도 조례로 정하도록 규율권한을 넘긴다.
P01454,"② 공립 방송통신중학교 및 방송통신고등학교의 수업료등은 특별시·광역시·특별자치시·도 및 특별자치도(이하 ""시·도""라 한다)의 조례로 정한다. 다만, 수업료등의 금액은 해당 시·도의 조례에 따라 정해진 공립 고등학교의 수업료등의 금액보다 적어야 한다.",위임,조례,5,수업료등의 결정을 시·도 조례에 규율권한으로 넘기고 있다.
P01455,"② 공립 방송통신중학교 및 방송통신고등학교의 수업료등은 특별시·광역시·특별자치시·도 및 특별자치도(이하 ""시·도""라 한다)의 조례로 정한다. 다만, 수업료등의 금액은 해당 시·도의 조례에 따라 정해진 공립 고등학교의 수업료등의 금액보다 적어야 한다.",위임,조례,5,공립 방송통신중·고등학교 수업료등을 시·도 조례로 정하도록 규율권한을 넘긴다.
P01456,"② 공립 방송통신중학교 및 방송통신고등학교의 수업료등은 특별시·광역시·특별자치시·도 및 특별자치도(이하 ""시·도""라 한다)의 조례로 정한다. 다만, 수업료등의 금액은 해당 시·도의 조례에 따라 정해진 공립 고등학교의 수업료등의 금액보다 적어야 한다.",위임,조례,5,수업료등에 관한 규율권한을 시·도 조례에 넘기는 위임이다.
P01457,"② 공립 방송통신중학교 및 방송통신고등학교의 수업료등은 특별시·광역시·특별자치시·도 및 특별자치도(이하 ""시·도""라 한다)의 조례로 정한다. 다만, 수업료등의 금액은 해당 시·도의 조례에 따라 정해진 공립 고등학교의 수업료등의 금액보다 적어야 한다.",위임,조례,5,공립 방송통신중·고등학교 수업료등의 사항을 시·도 조례로 정하도록 규율권한을 넘긴다.
P01458,"② 공립 방송통신중학교 및 방송통신고등학교의 수업료등은 특별시·광역시·특별자치시·도 및 특별자치도(이하 ""시·도""라 한다)의 조례로 정한다. 다만, 수업료등의 금액은 해당 시·도의 조례에 따라 정해진 공립 고등학교의 수업료등의 금액보다 적어야 한다.",위임,조례,5,공립 방송통신중·고교의 수업료등을 시·도 조례로 정하도록 규율권한을 넘긴다.
P01459,"② 공립 방송통신중학교 및 방송통신고등학교의 수업료등은 특별시·광역시·특별자치시·도 및 특별자치도(이하 ""시·도""라 한다)의 조례로 정한다. 다만, 수업료등의 금액은 해당 시·도의 조례에 따라 정해진 공립 고등학교의 수업료등의 금액보다 적어야 한다.",위임,조례,5,공립 방송통신중·고등학교 수업료등을 시·도 조례로 정하도록 규율권한을 넘긴다.
P01460,"② 공립 방송통신중학교 및 방송통신고등학교의 수업료등은 특별시·광역시·특별자치시·도 및 특별자치도(이하 ""시·도""라 한다)의 조례로 정한다. 다만, 수업료등의 금액은 해당 시·도의 조례에 따라 정해진 공립 고등학교의 수업료등의 금액보다 적어야 한다.",위임,조례,5,공립 방송통신중·고교의 수업료등을 시·도 조례로 정하도록 규율권한을 넘긴다.
P01461,"② 공립 방송통신중학교 및 방송통신고등학교의 수업료등은 특별시·광역시·특별자치시·도 및 특별자치도(이하 ""시·도""라 한다)의 조례로 정한다. 다만, 수업료등의 금액은 해당 시·도의 조례에 따라 정해진 공립 고등학교의 수업료등의 금액보다 적어야 한다.",위임,조례,5,공립 방송통신중·고 수업료등을 시·도 조례로 정하도록 규율권한을 넘긴다.
P01462,"② 공립 방송통신중학교 및 방송통신고등학교의 수업료등은 특별시·광역시·특별자치시·도 및 특별자치도(이하 ""시·도""라 한다)의 조례로 정한다. 다만, 수업료등의 금액은 해당 시·도의 조례에 따라 정해진 공립 고등학교의 수업료등의 금액보다 적어야 한다.",위임,조례,5,공립 방송통신중·고교의 수업료등을 시·도 조례로 정하도록 규율권한을 넘긴다.
P01463,"② 공립 방송통신중학교 및 방송통신고등학교의 수업료등은 특별시·광역시·특별자치시·도 및 특별자치도(이하 ""시·도""라 한다)의 조례로 정한다. 다만, 수업료등의 금액은 해당 시·도의 조례에 따라 정해진 공립 고등학교의 수업료등의 금액보다 적어야 한다.",위임,조례,5,공립 방송통신중·고교의 수업료등을 시·도 조례로 정하도록 규율권한을 넘긴다.
P01464,"② 공립 방송통신중학교 및 방송통신고등학교의 수업료등은 특별시·광역시·특별자치시·도 및 특별자치도(이하 ""시·도""라 한다)의 조례로 정한다. 다만, 수업료등의 금액은 해당 시·도의 조례에 따라 정해진 공립 고등학교의 수업료등의 금액보다 적어야 한다.",위임,조례,5,수업료등의 결정을 시·도 조례에 넘기는 위임이다.
P01465,"② 공립 방송통신중학교 및 방송통신고등학교의 수업료등은 특별시·광역시·특별자치시·도 및 특별자치도(이하 ""시·도""라 한다)의 조례로 정한다. 다만, 수업료등의 금액은 해당 시·도의 조례에 따라 정해진 공립 고등학교의 수업료등의 금액보다 적어야 한다.",위임,조례,5,공립 방송통신중·고등학교 수업료등을 시·도 조례로 정하도록 규율권한을 넘긴다.
P01466,"② 공립 방송통신중학교 및 방송통신고등학교의 수업료등은 특별시·광역시·특별자치시·도 및 특별자치도(이하 ""시·도""라 한다)의 조례로 정한다. 다만, 수업료등의 금액은 해당 시·도의 조례에 따라 정해진 공립 고등학교의 수업료등의 금액보다 적어야 한다.",위임,조례,5,본문이 공립 방송통신중·고교 수업료등의 결정을 시·도 조례에 넘기는 위임이다.
P01467,대통령령으로 정하는 중요 사항을,위임,대통령령,3,문장이 잘려 있으나 '대통령령으로 정하는 중요 사항'은 요건 일부를 대통령령에 맡기는 부분 위임이다.
P01468,대통령령으로 정하는 중요 사항을,위임,대통령령,3,문장이 잘려 있으나 '대통령령으로 정하는 중요 사항'이라는 부분위임 표지가 명확하다.
P01469,필요한 사항은 대통령령으로,판단불가,대통령령,3,문장이 종결부 없이 잘려 있어 위임 문언의 완결 여부를 확정할 수 없으나 표지어구는 대통령령이다.
P01470,필요한 사항은 대통령령으로,판단불가,대통령령,3,문장이 종결부 없이 잘려 있어 위임 문언의 완결 여부를 확정할 수 없으나 대통령령이 표지되어 있다.
P01471,필요한 사항은 대통령령으로,판단불가,대통령령,3,술어가 절단되어 위임 종결 여부를 확정할 수 없으나 표지어구로 대통령령이 지정되어 있다.
P01472,필요한 사항은 대통령령으로,위임,대통령령,3,서술어가 절단되었으나 '필요한 사항은 대통령령으로 (정한다)'의 전형적 위임 문형으로 판단된다.
P01473,대통령령으로 정하는,판단불가,대통령령,2,문장이 '대통령령으로 정하는'에서 잘려 규율 대상과 종결 형태를 확인할 수 없어 위임 여부를 판정할 수 없으나 문언상 지정된 형식은 대통령령이다.
P01474,필요한 사항은 대통령령으로 정한다,위임,대통령령,5,문말 종결형으로 필요한 사항의 규율권한을 대통령령에 넘긴다.
P01475,대통령령으로 정하는,판단불가,대통령령,3,문장이 '대통령령으로 정하는'에서 잘려 규율 대상과 종결 형태를 알 수 없어 위임 여부를 확정할 수 없다.
P01476,대통령령으로 정하는 겸임교원,위임,대통령령,4,'대통령령으로 정하는 겸임교원'은 겸임교원의 요건을 대통령령에 맡기는 부분 위임이다.
P01477,대통령령으로 정하는 바에,판단불가,대통령령,3,문장이 중간에 잘려 종결부가 없어 위임인지 인용인지 확정할 수 없으나 표지어구는 대통령령이다.
P01478,대통령령으로 정하는 시설을 갖추어야 한다,위임,대통령령,5,'대통령령으로 정하는 시설'은 요건 일부를 대통령령에 맡기는 부분 위임이다.
P01479,대통령령으로 정하는,판단불가,미특정,3,문장이 '대통령령으로 정하는'에서 잘려 무엇을 위임하는지 확인할 수 없다.
P01480,대통령령으로 정하는,판단불가,대통령령,3,문장이 '대통령령으로 정하는'에서 잘려 규율 대상과 종결 형태를 확인할 수 없어 위임 여부를 확정할 수 없다.
P01481,대통령령으로 정하는,판단불가,대통령령,2,문장이 '대통령령으로 정하는'에서 잘려 서술어와 위임 대상이 없어 위임 여부를 확정할 수 없으나 문언상 지정된 법형식은 대통령령이다.
P01482,대통령령으로 정하는,판단불가,대통령령,3,문장이 '대통령령으로 정하는'에서 잘려 있어 무엇을 위임하는지 확인할 수 없다.
P01483,필요한 사항은 대통령령으로 정한다,위임,대통령령,5,필요한 사항의 규율권한을 대통령령에 넘기는 전형적 위임 문언이다.
P01484,대통령령으로 정하는,판단불가,대통령령,3,문장이 '대통령령으로 정하는'에서 잘려 있어 위임 대상과 종결 구조를 확인할 수 없다.
P01485,대통령령으로 정한다,위임,대통령령,4,문장이 축약되어 있으나 '대통령령으로 정한다'는 종결형으로 규율권한을 대통령령에 넘기는 위임이다.
P01486,대통령령으로 정한다,위임,대통령령,4,적성시험 시행에 관한 사항을 대통령령에 규율권한을 넘기는 종결형 위임이다.
P01487,대통령령으로 정한다,위임,대통령령,4,문말 '대통령령으로 정한다'로 규율권한을 대통령령에 넘기는 위임이다.
P01488,④ 적성시험에 응시하고자 하는 사람은 교육부장관이 정하는 응시수수료를 납부하여야 한다.,위임,미특정,4,응시수수료 결정을 교육부장관에게 맡기나 법형식을 지정하지 않았다.
P01489,대통령령으로 정하는 바에 따라 제28조에 따른,판단불가,해당없음,3,문장이 중간에 잘려 있어 대통령령에 규율권한을 넘기는 취지인지 단순 인용인지 확정할 수 없다.
P01490,대통령령으로 정하는,판단불가,대통령령,3,문장이 '대통령령으로 정하는'에서 잘려 있어 위임 종결 여부를 확정할 수 없으나 지시된 법형식은 대통령령이다.
P01491,필요한 사항은 대통령령으로,판단불가,대통령령,3,문장이 종결어미 없이 잘려 있어 위임 여부를 확정할 수 없으나 대통령령이 표지어구로 나타난다.
P01492,필요한 사항은 대통령령으로 정한다,위임,대통령령,5,필요한 사항의 규율권한을 대통령령에 넘기는 전형적 위임 문언이다.
P01493,대통령령으로 정하는 중요 사항을 변경한 자,위임,대통령령,4,구성요건의 일부인 '중요 사항'의 범위를 대통령령에 맡기는 부분 위임이다.
P01494,"납부한 응시수수료의 전액을, 제3호의 경우에는 교육부장관이 정하는 금액을 각각 반환한다.",위임,미특정,4,'교육부장관이 정하는 금액'으로 반환액 결정 권한을 넘기나 법형식은 지정하지 않았다.
P01495,⑥ 응시수수료의 반환 절차 및 방법 등은 교육부장관이 정하는 바에 따른다.,위임,미특정,4,응시수수료 반환 절차·방법을 교육부장관이 정하도록 위임하나 법형식은 지정하지 않았다.
P01496,교육부령으로 정한다,위임,부령,4,'교육부령으로 정한다'는 종결형으로 부령에 규율권한을 넘기는 위임이다.
P01497,교육부령으로 정한다,위임,부령,5,문말 종결형 '교육부령으로 정한다'로 부령에 규율권한을 넘기는 위임이다.
P01498,교육부령이 정하는,판단불가,부령,2,문장이 '교육부령이 정하는'에서 잘려 있어 위임인지 인용인지 확정할 수 없다.
P01499,대통령령으로 정한다,위임,대통령령,4,문말 '대통령령으로 정한다'로 대통령령에 규율권한을 넘기는 위임이다.
P01500,대통령령으로 정한다,위임,대통령령,5,대통령령에 규율권한을 넘기는 문말 위임 문구이다.
P01501,대통령령으로 정하는,판단불가,대통령령,2,문장이 '대통령령으로 정하는'에서 잘려 있어 위임 종결 여부를 확정할 수 없다.
P01502,대통령령으로 정하는,판단불가,해당없음,3,문장이 '대통령령으로 정하는'에서 잘려 무엇을 위임하는지 확인할 수 없다.
P01503,대통령령으로 정한다,위임,대통령령,4,문장이 축약되어 있으나 '대통령령으로 정한다'는 종결형 위임 문형이다.
P01504,대통령령으로 정한다,위임,대통령령,4,'대통령령으로 정한다'는 종결형 위임 문언으로 규율권한을 대통령령에 넘긴다.
P01505,대통령령으로 정한다,위임,대통령령,4,문말 종결형 '대통령령으로 정한다'로 한국사 연수에 관한 사항의 규율권한을 대통령령에 넘긴다.
P01506,사항은 대통령령으로,판단불가,대통령령,3,문장이 중간에서 잘려 종결 형태와 위임 대상 사항을 확인할 수 없으나 표지어구상 대통령령이 언급된다.
P01507,사항은 대통령령으로,판단불가,대통령령,3,문장이 중간에서 잘려 종결부(정한다 등)가 없어 위임 여부를 확정할 수 없으나 표지어구는 대통령령이다.
P01508,사항은 대통령령으로,판단불가,대통령령,3,문장이 중간에서 잘려 위임 종결 여부를 확정할 수 없으나 문언상 대통령령이 명시되어 있다.
P01509,대통령령으로 정한다,위임,대통령령,4,문말 '대통령령으로 정한다'로 대통령령에 규율권한을 넘기는 위임이다.
P01510,대통령령으로 정한다,위임,대통령령,4,문말 종결형 '대통령령으로 정한다'로 대통령령에 규율권한을 넘기는 위임이다.
P01511,대통령령,판단불가,미특정,4,문장이 '대통령령'이라는 단어만으로 잘려 있어 위임 여부를 판정할 수 없다.
P01512,대통령령,판단불가,대통령령,2,문장이 '대통령령'이라는 단어만으로 잘려 있어 위임인지 인용인지 맥락상 판정할 수 없다.
P01513,대통령령,판단불가,미특정,4,문장이 '대통령령'이라는 단어만으로 잘려 있어 위임 여부를 판정할 수 없다.
P01514,대통령령,판단불가,미특정,4,문장이 '대통령령'이라는 단어만으로 잘려 있어 위임 여부를 판정할 맥락이 없다.
P01515,대통령령,판단불가,미특정,4,문장이 '대통령령'이라는 단어만으로 잘려 있어 위임 여부를 판정할 수 없다.
P01516,대통령령으로 정하는 바에 따라 급여,위임,대통령령,3,문장이 단편이지만 '대통령령으로 정하는 바에 따라'는 급여 관련 사항의 규율권한을 대통령령에 넘기는 위임 표지이다.
P01517,대통령령으로 정하는 바에 따라 연금,판단불가,대통령령,3,문장이 중간에 잘려 규율 대상과 종결부가 없어 위임 여부를 확정할 수 없으나 문언상 대통령령을 지정하고 있다.
P01518,대통령령,판단불가,대통령령,2,문장이 '대통령령'이라는 단어 하나로 잘려 있어 위임 여부를 판정할 맥락이 없다.
P01519,대통령령,판단불가,미특정,4,문장이 '대통령령'이라는 단어만으로 잘려 있어 위임 여부를 판정할 맥락이 없다.
P01520,대통령령,판단불가,대통령령,2,문장이 '대통령령'이라는 어구만으로 잘려 있어 위임인지 인용인지 맥락을 판정할 수 없다.
P01521,대통령령으로 정한다,위임,대통령령,4,등기에 관한 사항의 규율권한을 대통령령에 넘기는 종결형 위임 문언이다.
P01522,대통령령으로 정한다,위임,대통령령,4,문장이 축약되었으나 '대통령령으로 정한다'는 종결형 위임 문언이다.
P01523,대통령령으로 정한다,위임,대통령령,4,문언이 대통령령에 규율권한을 넘기는 종결형 위임이다.
P01524,대통령령으로 정한다,위임,대통령령,4,문말 종결형 '대통령령으로 정한다'로 등기 관련 사항의 규율권한을 대통령령에 넘긴다.
P01525,대통령령으로 정한다,위임,대통령령,4,문말 종결형 '대통령령으로 정한다'로 등기에 관한 사항의 규율권한을 대통령령에 넘긴다.
P01526,대통령령으로 정한다,위임,대통령령,4,문장이 일부 잘렸으나 '대통령령으로 정한다'는 종결형으로 대통령령에 규율권한을 넘기는 위임이다.
P01527,대통령령으로 정한다,위임,대통령령,4,등기에 관한 사항의 규율권한을 대통령령에 넘기는 종결형 위임 문언이다.
P01528,대통령령으로 정한다,위임,대통령령,4,문말 종결형 '대통령령으로 정한다'로 대통령령에 규율권한을 넘긴다.
P01529,대통령령으로 정한다,위임,대통령령,4,등기에 관한 사항의 규율권한을 대통령령에 넘기는 종결형 위임 문언이다.
P01530,대통령령으로 정하는,판단불가,대통령령,3,문장이 '대통령령으로 정하는'에서 잘려 규율 대상과 종결 형태를 알 수 없어 위임 여부를 확정할 수 없다.
P01531,필요한 사항은 대통령령으로,판단불가,대통령령,3,문장이 종결되지 않고 잘려 있어 위임 여부를 확정할 수 없으나 문언상 대통령령이 명시되어 있다.
P01532,대통령령으로 정하는,판단불가,대통령령,3,문장이 '대통령령으로 정하는'에서 잘려 무엇을 위임하는지 확인할 수 없으나 법형식은 대통령령으로 표시되어 있다.
P01533,대통령령으로 정하는,판단불가,대통령령,3,문장이 '대통령령으로 정하는'에서 잘려 수식 대상과 종결부가 없어 위임 여부를 확정할 수 없다.
P01534,대통령령으로 정하는,판단불가,대통령령,3,문장이 '대통령령으로 정하는'에서 잘려 있어 규율권한 이전 여부를 확정할 수 없으나 표지어구는 대통령령이다.
P01535,대통령령으로 정하는 바에,판단불가,대통령령,3,문장이 '대통령령으로 정하는 바에'에서 잘려 종결부가 없어 위임 여부를 확정할 수 없다.
P01536,대통령령으로 정하는 이자를,위임,대통령령,3,문장이 일부 잘려 있으나 '대통령령으로 정하는 이자'라는 부분위임 문언이 명시되어 있다.
P01537,대통령령으로 정한다,위임,대통령령,4,문말 종결형 '대통령령으로 정한다'로 규율권한을 대통령령에 넘긴다.
P01538,대통령령으로 정한다,위임,대통령령,4,문말 '대통령령으로 정한다'로 규율권한을 대통령령에 넘기는 위임이다.
P01539,필요한 사항은 대통령령으로,판단불가,대통령령,3,서술어가 잘려 종결 형태를 확인할 수 없어 위임 여부를 확정할 수 없으나 문언에는 대통령령이 명시되어 있다.
P01540,대통령령으로 정하는,판단불가,대통령령,3,문장이 '대통령령으로 정하는'에서 잘려 무엇을 위임하는지 확인할 수 없다.
P01541,사항은 대통령령으로,판단불가,미특정,4,문장이 중간에서 잘려 종결부가 없어 위임 여부를 확정할 수 없다.
P01542,대통령령으로 정하는 금액을,위임,대통령령,3,문장이 일부 잘려 있으나 '대통령령으로 정하는 금액'이라는 부분위임 문언이 명확하다.
P01543,대통령령으로 정하는,판단불가,대통령령,2,문장이 '대통령령으로 정하는'에서 잘려 무엇을 위임하는지 확인할 수 없어 판정이 불가하다.
P01544,지급방법은 대통령령으로,판단불가,대통령령,3,문장이 서술어 없이 잘려 있어 위임 종결 여부를 확정할 수 없으나 표지어구로 대통령령이 지정되어 있다.
P01545,대통령령으로 정하는,판단불가,대통령령,3,문장이 '대통령령으로 정하는'에서 잘려 수식 대상과 규율 내용을 확인할 수 없어 위임 여부를 확정할 수 없다.
P01546,급여액에 대통령령으로,판단불가,대통령령,3,문장이 중간에 잘려 있어 위임인지 인용인지 확정할 수 없으나 '대통령령'이라는 법형식만 문언에 드러난다.
P01547,경우에는 대통령령으로,판단불가,대통령령,4,문장이 중간에서 잘려 종결부가 없어 위임 여부를 확정할 수 없다.
P01548,대통령령으로 정하는 금융기관에,위임,대통령령,3,문장이 잘려 있으나 '대통령령으로 정하는 금융기관'이라는 요건 일부를 대통령령에 맡기는 부분 위임 표현이다.
P01549,대통령령으로 정하는,판단불가,미특정,4,문장이 조각 형태로 잘려 있어 규율권한 이전 여부를 맥락 없이 판정할 수 없다.
P01550,대통령령으로 정하는,위임,대통령령,3,문장이 잘려 있으나 '대통령령으로 정하는'이라는 부분 위임 표지가 명확하여 대통령령 위임으로 본다.
P01551,많은 경우에는 대통령령으로,판단불가,해당없음,4,문장이 중간에서 잘려 있어 위임 여부를 판정할 수 없다.
P01552,아니한 경우에는 대통령령으로,판단불가,해당없음,4,문장이 앞뒤로 잘려 있어 대통령령에 규율권한을 넘기는지 확정할 수 없다.
P01553,원금으로 하고 대통령령으로,판단불가,해당없음,4,문장이 중간에서 잘려 있어 대통령령에 위임하는지 여부를 확정할 수 없다.
P01554,대통령령으로 정하는,판단불가,대통령령,3,문장이 '대통령령으로 정하는'에서 잘려 있어 무엇을 위임하는지 확인할 수 없다.
P01555,대통령령으로 정한다,위임,대통령령,4,종결형 '대통령령으로 정한다'로 대통령령에 규율권한을 넘기는 위임이다.
P01556,대통령령으로 정하는,판단불가,해당없음,4,문장이 '대통령령으로 정하는'에서 잘려 무엇을 정하는지 확인할 수 없어 위임 여부를 판정할 수 없다.
P01557,필요한 사항은 대통령령으로,판단불가,대통령령,3,"문장이 '대통령령으로'에서 잘려 종결 문언(정한다 등)이 없어 위임 여부를 확정할 수 없으나, 문언상 지정된 법형식은 대통령령이다."
P01558,대통령령으로 정하는,판단불가,대통령령,3,문장이 '대통령령으로 정하는'에서 잘려 수식 대상과 규율 내용을 확인할 수 없어 위임 여부를 확정할 수 없다.
P01559,대통령령으로 정하는,판단불가,대통령령,3,문장이 '대통령령으로 정하는'에서 잘려 있어 규율권한 이전 여부를 확정할 수 없다.
P01560,대통령령으로 정한다,위임,대통령령,4,문말 '대통령령으로 정한다'로 대통령령에 규율권한을 넘기는 위임이다.
P01561,대통령령으로 정하는,판단불가,대통령령,3,문장이 '대통령령으로 정하는'에서 잘려 무엇을 위임하는지 확인할 수 없으나 대통령령 표지만 드러난다.
P01562,필요한 사항은 대통령령으로,판단불가,해당없음,3,문장이 '대통령령으로'에서 잘려 종결 서술어가 없어 위임 여부를 확정할 수 없다.
P01563,필요한 사항은 대통령령으로,판단불가,해당없음,3,문장이 종결부 없이 잘려 있어 위임 여부를 확정할 수 없다.
P01564,필요한 사항은 대통령령으로,위임,대통령령,3,문장이 일부 잘렸으나 '필요한 사항은 대통령령으로'라는 전형적 위임 문형으로 대통령령에 규율권한을 넘기는 취지가 확인된다.
P01565,필요한 사항은 대통령령으로,판단불가,대통령령,3,문장이 종결부 없이 잘려 있어 위임 종결 여부를 확정할 수 없으나 '대통령령으로'라는 표지만 확인된다.
P01566,필요한 사항은 대통령령으로,판단불가,대통령령,3,문장이 종결부 없이 잘려 있어 위임 종결 여부를 확정할 수 없으나 문언상 대통령령이 명시되어 있다.
P01567,필요한 사항은 대통령령으로,판단불가,대통령령,3,문말이 잘려 규율권한 이전 여부를 확정할 수 없으나 표지어구는 대통령령이다.
P01568,필요한 사항은 대통령령으로,위임,대통령령,3,문장이 절단되었으나 '필요한 사항은 대통령령으로'라는 문언상 대통령령에 규율권한을 넘기는 위임으로 판단된다.
P01569,필요한 사항은 대통령령으로,판단불가,대통령령,3,문장이 종결부 없이 잘려 있어 위임 종결 여부를 확정할 수 없으나 '대통령령'이 명시되어 있다.
P01570,필요한 사항은 대통령령으로,판단불가,대통령령,3,문장이 종결부 없이 잘려 있어 위임 여부를 확정할 수 없으나 문언상 대통령령이 지목되어 있다.
P01571,필요한 사항은 대통령령으로,판단불가,대통령령,3,문장이 종결부 없이 잘려 있어 위임 취지의 완결 여부를 확정할 수 없으나 표지어구로 대통령령이 언급된다.
P01572,필요한 사항은 대통령령으로,판단불가,대통령령,3,문장이 종결 없이 잘려 있어 위임 여부를 확정할 수 없으나 '대통령령'이라는 법형식은 명시되어 있다.
P01573,대통령령으로 정하는,판단불가,대통령령,2,문장이 '대통령령으로 정하는'에서 잘려 규율 대상과 종결 형태를 확인할 수 없어 위임 여부를 확정할 수 없다.
P01574,대통령령으로 정하는,판단불가,대통령령,3,문장이 '대통령령으로 정하는'에서 끊겨 규율 대상과 서술어가 없어 위임 여부를 확정할 수 없다.
P01575,대통령령으로 정하는,판단불가,대통령령,2,문장이 '대통령령으로 정하는'에서 잘려 있어 위임 여부를 확정할 수 없다.
P01576,필요한 사항은 대통령령으로,판단불가,대통령령,3,문장이 종결되지 않고 잘려 있어 위임 종결형인지 확정할 수 없으나 표지어구는 대통령령이다.
P01577,필요한 사항은 대통령령으로,위임,대통령령,3,문장이 일부 절단되었으나 '필요한 사항은 대통령령으로' 라는 문언상 대통령령에 규율권한을 넘기는 위임으로 판정된다.
P01578,필요한 사항은 대통령령으로,판단불가,대통령령,2,문장이 '대통령령으로'에서 잘려 종결부(정한다/정하는 바에 따라)를 확인할 수 없어 위임 여부를 확정할 수 없다.
P01579,필요한 사항은 대통령령으로,위임,대통령령,3,문장이 일부 잘렸으나 '필요한 사항은 대통령령으로'는 대통령령에 규율권한을 넘기는 위임 문형으로 판단된다.
P01580,필요한 사항은 대통령령으로,판단불가,대통령령,3,문장이 종결부 없이 잘려 있어 위임 여부를 확정할 수 없으나 '대통령령으로'라는 표지어구는 나타난다.
P01581,대통령령으로 정하는,판단불가,대통령령,3,문장이 '대통령령으로 정하는'에서 잘려 있어 위임 여부를 확정할 수 없다.
P01582,교육부령으로 정한다,위임,부령,5,'교육부령으로 정한다'는 종결형으로 부령에 규율권한을 넘기는 위임이다.
P01583,④ 제1항부터 제3항까지의 규정과 관련하여 다음 각 호의 사항은 교육부장관이 정한다.,위임,미특정,5,교육부장관에게 규율권한을 넘기나 법형식을 지정하지 않았다.
P01584,"① 법 제2조제1항제4호에 따른 소득의 범위는 교직원이 소속 학교 및 학교경영기관(이하 ""학교기관""이라 한다)에서 일정기간 재직하고 지급받은 「소득세법」 제20조제1항제1호에 따른 근로소득으로서 전년도에 발생한 것을 말한다. 다만, 교육부장관은 학교기관에서 지급받은 근로소득 중 부담금 및 급여 산정을 위한 소득에 포함하는 것이 적절하지 아니하다고 인정되는 수당 등에 대하여 이를 달리 정할 수 있다. &lt;개정 2012.1.26, 2013.3.23&gt;",위임,미특정,4,단서에서 교육부장관이 소득 포함 여부를 달리 정할 수 있도록 형식을 지정하지 않은 채 규율권한을 넘긴다.
P01585,관한 기준은 대통령령으로,판단불가,대통령령,3,문장이 중간에서 잘려 종결 형태를 알 수 없어 위임인지 인용인지 확정할 수 없으나 명시된 법형식은 대통령령이다.
P01586,관한 기준은 대통령령으로,판단불가,대통령령,2,문장이 중간에서 잘려 종결부가 없어 위임 여부를 확정할 수 없으나 표지어구로 대통령령이 지목되어 있다.
P01587,관한 기준은 대통령령으로,판단불가,해당없음,3,문장이 중간에서 잘려 있어 '정한다' 등 규율권한 이전 여부를 확정할 수 없다.
P01588,관한 기준은 대통령령으로,판단불가,대통령령,3,문장이 '대통령령으로'에서 잘려 종결부(정한다/정하는)가 없어 위임인지 인용인지 확정할 수 없다.
P01589,대통령령으로 정하는 서류를,위임,대통령령,3,문장이 잘려 있으나 '대통령령으로 정하는 서류'라는 부분 위임 문언이 확인된다.
P01590,때에는 대통령령으로,판단불가,해당없음,4,문장이 잘려 있어 위임 여부와 종결 문언을 확인할 수 없다.
P01591,작성하여 대통령령으로,판단불가,해당없음,4,문장이 중간에서 잘려 있어 대통령령에 무엇을 맡기는지 확인할 수 없다.
P01592,작성하여 대통령령으로,판단불가,미특정,4,문장이 중간에서 잘려 있어 대통령령에 규율권한을 넘기는지 확정할 수 없다.
P01593,학교법인의 경우에는 대통령령으로,판단불가,대통령령,2,문장이 중간에서 잘려 종결부의 위임 여부를 확인할 수 없으나 '대통령령'이라는 법형식은 명시되어 있다.
P01594,대통령령으로 정하는 일정 금액,위임,대통령령,3,문장이 조각이지만 '대통령령으로 정하는 일정 금액'은 금액 기준을 대통령령에 맡기는 전형적 부분 위임 구문이다.
P01595,대통령령으로 정하는 종교지도자 양성만을,판단불가,대통령령,3,문장이 중간에서 잘려 종결 구조가 없어 규율권한 이전 여부를 확정할 수 없으나 '대통령령으로 정하는'이라는 표지만 확인된다.
P01596,대통령령으로 정하는,판단불가,대통령령,3,문장이 '대통령령으로 정하는'에서 끊겨 규율 대상과 종결 구조를 확인할 수 없어 위임 여부를 확정할 수 없다.
P01597,대통령령으로 정하는,판단불가,해당없음,3,문장이 '대통령령으로 정하는'에서 잘려 있어 위임 대상과 종결 형태를 확인할 수 없다.
P01598,대통령령으로 정하는 사항에,판단불가,미특정,3,문장이 중간에서 잘려 종결부가 없어 위임 여부를 확정할 수 없다.
P01599,대통령령으로 정한다,위임,대통령령,4,문말 종결형 '대통령령으로 정한다'로 대통령령에 규율권한을 넘기는 위임이다.
P01600,교육부장관이 정하는 바에 따라 인적사항을 공개하여야 한다.,위임,미특정,4,'교육부장관이 정하는 바에 따라'로 공개 방법의 규율권한을 넘기지만 법형식은 지정하지 않았다.
P01601,대통령령으로 정한다,위임,대통령령,4,문언이 '대통령령으로 정한다'는 종결형 위임이므로 대통령령에 규율권한을 넘긴다.
P01602,대통령령으로 정하는,판단불가,대통령령,3,문장이 '대통령령으로 정하는'에서 잘려 수식 대상과 종결 형태를 알 수 없어 위임 여부를 확정할 수 없다.
P01603,대통령령으로 정하는,판단불가,대통령령,3,문장이 '대통령령으로 정하는'에서 잘려 수식 대상과 규율 내용을 확인할 수 없다.
P01604,대통령령으로 정하는,판단불가,대통령령,2,문장이 '대통령령으로 정하는'에서 잘려 무엇을 위임하는지 확인할 수 없으나 지정 법형식은 대통령령이다.
P01605,대통령령으로 정한다,위임,대통령령,4,문장이 축약되었으나 조정위원회 구성 등에 관한 사항을 대통령령에 넘기는 종결형 위임이다.
P01606,대통령령으로 정한다,위임,대통령령,4,문말 종결형 '대통령령으로 정한다'로 조정위원회 구성 등에 관한 규율권한을 대통령령에 넘긴다.
P01607,대통령령으로 정한다,위임,대통령령,4,"문장이 축약되었으나 '대통령령으로 정한다'는 종결형 위임으로, 조문 표제상 조정위원회 구성 등에 관한 사항을 대통령령에 넘긴다."
P01608,대통령령으로 정한다,위임,대통령령,4,조정위원회 구성 등에 관한 사항을 대통령령으로 정하도록 규율권한을 넘긴다.
P01609,대통령령으로 정한다,위임,대통령령,4,조정위원회의 구성 등에 관한 사항을 대통령령에 넘기는 종결형 위임 문언이다.
P01610,대통령령으로 정한다,위임,대통령령,4,문장이 축약되었으나 '대통령령으로 정한다'는 종결형으로 조정위원회 구성 등에 관한 규율권한을 대통령령에 넘긴다.
P01611,대통령령으로 정한다,위임,대통령령,4,조정위원회 구성 등에 관한 사항의 규율권한을 대통령령에 넘기는 종결형 위임이다.
P01612,대통령령으로 정하는,판단불가,대통령령,3,문장이 '대통령령으로 정하는'에서 잘려 규율 대상과 종결 형태를 알 수 없어 위임 여부를 확정할 수 없다.
P01613,대통령령으로 정하는,판단불가,대통령령,3,문장이 '대통령령으로 정하는'에서 잘려 규율 대상과 종결 형태를 확인할 수 없어 위임 여부를 판정할 수 없다.
P01614,범위는 대통령령으로,판단불가,대통령령,3,문장이 중간에서 잘려 종결 문언이 없어 위임인지 인용인지 확정할 수 없으나 표지어구는 대통령령이다.
P01615,범위는 대통령령으로,판단불가,해당없음,3,문장이 '대통령령으로'에서 잘려 종결 서술어가 없어 위임인지 인용인지 확정할 수 없다.
P01616,대통령령으로 정하는,판단불가,해당없음,3,문장이 '대통령령으로 정하는'에서 잘려 무엇을 위임하는지 확인할 수 없다.
P01617,대통령령으로 정하는,판단불가,대통령령,2,문장이 '대통령령으로 정하는'에서 절단되어 수식 대상과 종결 형태를 알 수 없어 위임 여부를 확정할 수 없다.
P01618,대통령령으로 정하는,판단불가,대통령령,3,문장이 '대통령령으로 정하는'에서 잘려 무엇을 위임하는지 확인할 수 없어 판정이 불가하다.
P01619,대통령령으로 정하는,판단불가,대통령령,3,문장이 '대통령령으로 정하는'에서 잘려 있어 무엇을 위임하는지 확인할 수 없다.
P01620,대통령령으로 정하되,위임,대통령령,3,문장이 절단되었으나 '대통령령으로 정하되'는 대통령령에 규율권한을 넘기는 위임 문언이다.
P01621,대통령령으로 정하는,판단불가,대통령령,2,문장이 '대통령령으로 정하는'에서 잘려 규율 대상과 종결 형태를 확인할 수 없어 위임 여부를 판정할 수 없다.
P01622,대통령령으로 정하는,판단불가,대통령령,2,문장이 '대통령령으로 정하는'에서 끊겨 무엇을 위임하는지 확인할 수 없어 판정이 불가하다.
P01623,대통령령으로 정하는,판단불가,대통령령,2,문장이 '대통령령으로 정하는'에서 잘려 규율 대상과 종결 형태를 확인할 수 없어 위임 여부를 확정할 수 없다.
P01624,대통령령으로 정하는,판단불가,대통령령,3,문장이 '대통령령으로 정하는'에서 끊겨 있어 규율 대상과 종결 구조를 확인할 수 없다.
P01625,대통령령으로 정하는,판단불가,대통령령,3,문장이 '대통령령으로 정하는'에서 잘려 규율 대상과 종결 형태를 확인할 수 없어 위임 여부를 판정할 수 없다.
P01626,대통령령으로 정한다,위임,대통령령,4,문장이 일부 잘렸으나 '대통령령으로 정한다'는 종결형 위임 문언이 명확하다.
P01627,대통령령으로 정하는,판단불가,대통령령,3,문장이 '대통령령으로 정하는'에서 잘려 있어 규율 대상과 종결 형태를 확인할 수 없으나 지정 법형식은 대통령령이다.
P01628,대통령령으로 정한다,위임,대통령령,4,문말 종결형 '대통령령으로 정한다'로 감리에 관한 사항의 규율권한을 대통령령에 넘긴다.
P01629,종류와 서식은 교육부령으로,판단불가,부령,3,문장이 중간에 잘려 종결부가 없어 위임 여부를 확정할 수 없으나 '교육부령으로'라는 법형식 표지는 드러난다.
P01630,대통령령으로 정하는,판단불가,대통령령,2,문장이 '대통령령으로 정하는'에서 잘려 수임 대상과 사항이 확인되지 않아 위임 여부를 확정할 수 없다.
P01631,대통령령으로 정하는,판단불가,대통령령,3,문장이 '대통령령으로 정하는'에서 끊겨 무엇을 어떻게 규율하도록 맡기는지 확인할 수 없다.
P01632,대통령령으로 정하는,판단불가,대통령령,2,문장이 '대통령령으로 정하는'에서 잘려 무엇을 위임하는지 확인할 수 없다.
P01633,교육부령으로 정한다,위임,부령,4,종결형 '교육부령으로 정한다'로 교육부령에 규율권한을 넘기는 위임이다.
P01634,교육부령으로 정한다,위임,부령,4,문장이 단편적이나 '정한다' 종결형으로 교육부령에 적립금 관련 사항의 규율권한을 넘기는 위임이다.
P01635,사항은 대통령령으로,판단불가,대통령령,2,문장이 '사항은 대통령령으로'에서 잘려 종결 문언과 위임 범위를 확인할 수 없으나 법형식 표지는 대통령령이다.
P01636,사항은 대통령령으로,판단불가,대통령령,2,문장이 중간에서 잘려 서술어가 없어 위임 여부를 확정할 수 없으나 '대통령령'이라는 법형식만 확인된다.
P01637,사항은 대통령령으로,판단불가,대통령령,2,문장이 잘려 서술어가 없어 위임 종결인지 확정할 수 없으나 문언상 대통령령이 지정되어 있다.
P01638,사항은 대통령령으로,판단불가,대통령령,3,문장이 중간에서 잘려 서술어가 없어 위임 종결 여부를 확정할 수 없으나 '대통령령으로'라는 표지만 확인된다.
P01639,대통령령으로 정하는,판단불가,대통령령,3,문장이 '대통령령으로 정하는'에서 잘려 무엇을 정하도록 하는지 확인할 수 없어 위임 여부를 확정할 수 없다.
P01640,지원하기 위하여 대통령령,판단불가,대통령령,2,문장이 중간에서 잘려 규율권한 이전 여부를 확정할 수 없으나 표지어구로 대통령령이 언급되어 있다.
P01641,① 국가 또는 지방자치단체는 교육 진흥에 필요하다고 인정할 때에는 사립학교 교육을 지원하기 위하여 대통령령 또는 해당 지방자치단체의 조례로 정하는 바에 따라 보조를 신청한 학교법인 또는 사학지원단체에 보조금을 교부하거나 그 밖의 지원을 할 수 있다.,위임,대통령령|조례,5,보조금 교부 등 지원의 기준·절차를 대통령령과 조례에 병기하여 위임한다.
P01642,① 국가 또는 지방자치단체는 교육 진흥에 필요하다고 인정할 때에는 사립학교 교육을 지원하기 위하여 대통령령 또는 해당 지방자치단체의 조례로 정하는 바에 따라 보조를 신청한 학교법인 또는 사학지원단체에 보조금을 교부하거나 그 밖의 지원을 할 수 있다.,위임,대통령령|조례,5,보조금 교부 등 지원의 구체적 사항을 대통령령 또는 조례로 정하도록 병기하여 위임한다.
P01643,① 국가 또는 지방자치단체는 교육 진흥에 필요하다고 인정할 때에는 사립학교 교육을 지원하기 위하여 대통령령 또는 해당 지방자치단체의 조례로 정하는 바에 따라 보조를 신청한 학교법인 또는 사학지원단체에 보조금을 교부하거나 그 밖의 지원을 할 수 있다.,위임,대통령령|조례,5,보조금 교부 등 지원의 기준·절차를 대통령령과 조례에 병기하여 위임하고 있다.
P01644,① 국가 또는 지방자치단체는 교육 진흥에 필요하다고 인정할 때에는 사립학교 교육을 지원하기 위하여 대통령령 또는 해당 지방자치단체의 조례로 정하는 바에 따라 보조를 신청한 학교법인 또는 사학지원단체에 보조금을 교부하거나 그 밖의 지원을 할 수 있다.,위임,대통령령|조례,5,보조금 교부 등 지원의 구체적 사항을 대통령령 또는 조례로 정하도록 병기하여 위임한다.
P01645,① 국가 또는 지방자치단체는 교육 진흥에 필요하다고 인정할 때에는 사립학교 교육을 지원하기 위하여 대통령령 또는 해당 지방자치단체의 조례로 정하는 바에 따라 보조를 신청한 학교법인 또는 사학지원단체에 보조금을 교부하거나 그 밖의 지원을 할 수 있다.,위임,대통령령|조례,5,보조금 교부 등 지원의 구체적 사항을 대통령령과 조례에 병기하여 위임한다.
P01646,① 국가 또는 지방자치단체는 교육 진흥에 필요하다고 인정할 때에는 사립학교 교육을 지원하기 위하여 대통령령 또는 해당 지방자치단체의 조례로 정하는 바에 따라 보조를 신청한 학교법인 또는 사학지원단체에 보조금을 교부하거나 그 밖의 지원을 할 수 있다.,위임,대통령령|조례,5,보조금 교부 등 지원의 구체적 사항을 대통령령과 조례에 병기하여 위임한다.
P01647,① 국가 또는 지방자치단체는 교육 진흥에 필요하다고 인정할 때에는 사립학교 교육을 지원하기 위하여 대통령령 또는 해당 지방자치단체의 조례로 정하는 바에 따라 보조를 신청한 학교법인 또는 사학지원단체에 보조금을 교부하거나 그 밖의 지원을 할 수 있다.,위임,대통령령|조례,5,보조금 교부 등 지원의 방법을 대통령령과 조례에 병기하여 위임한다.
P01648,① 국가 또는 지방자치단체는 교육 진흥에 필요하다고 인정할 때에는 사립학교 교육을 지원하기 위하여 대통령령 또는 해당 지방자치단체의 조례로 정하는 바에 따라 보조를 신청한 학교법인 또는 사학지원단체에 보조금을 교부하거나 그 밖의 지원을 할 수 있다.,위임,대통령령|조례,5,보조금 교부 등 지원의 기준·절차를 대통령령과 조례에 병기하여 위임한다.
P01649,① 국가 또는 지방자치단체는 교육 진흥에 필요하다고 인정할 때에는 사립학교 교육을 지원하기 위하여 대통령령 또는 해당 지방자치단체의 조례로 정하는 바에 따라 보조를 신청한 학교법인 또는 사학지원단체에 보조금을 교부하거나 그 밖의 지원을 할 수 있다.,위임,대통령령|조례,5,보조금 교부 등 지원의 기준·절차를 대통령령과 조례에 병기하여 위임한다.
P01650,① 국가 또는 지방자치단체는 교육 진흥에 필요하다고 인정할 때에는 사립학교 교육을 지원하기 위하여 대통령령 또는 해당 지방자치단체의 조례로 정하는 바에 따라 보조를 신청한 학교법인 또는 사학지원단체에 보조금을 교부하거나 그 밖의 지원을 할 수 있다.,위임,대통령령|조례,5,보조금 교부 등 지원의 기준·절차를 대통령령과 조례에 병기하여 위임하고 있다.
P01651,① 국가 또는 지방자치단체는 교육 진흥에 필요하다고 인정할 때에는 사립학교 교육을 지원하기 위하여 대통령령 또는 해당 지방자치단체의 조례로 정하는 바에 따라 보조를 신청한 학교법인 또는 사학지원단체에 보조금을 교부하거나 그 밖의 지원을 할 수 있다.,위임,대통령령|조례,5,보조금 교부·지원 방식을 대통령령 또는 조례로 정하도록 병기하여 위임한다.
P01652,① 국가 또는 지방자치단체는 교육 진흥에 필요하다고 인정할 때에는 사립학교 교육을 지원하기 위하여 대통령령 또는 해당 지방자치단체의 조례로 정하는 바에 따라 보조를 신청한 학교법인 또는 사학지원단체에 보조금을 교부하거나 그 밖의 지원을 할 수 있다.,위임,대통령령|조례,5,보조금 교부 등 지원의 방법을 대통령령 또는 조례로 정하도록 병기하여 위임한다.
P01653,① 국가 또는 지방자치단체는 교육 진흥에 필요하다고 인정할 때에는 사립학교 교육을 지원하기 위하여 대통령령 또는 해당 지방자치단체의 조례로 정하는 바에 따라 보조를 신청한 학교법인 또는 사학지원단체에 보조금을 교부하거나 그 밖의 지원을 할 수 있다.,위임,대통령령|조례,5,보조금 교부 등 지원의 기준·절차를 대통령령과 조례에 병기하여 위임한다.
P01654,① 국가 또는 지방자치단체는 교육 진흥에 필요하다고 인정할 때에는 사립학교 교육을 지원하기 위하여 대통령령 또는 해당 지방자치단체의 조례로 정하는 바에 따라 보조를 신청한 학교법인 또는 사학지원단체에 보조금을 교부하거나 그 밖의 지원을 할 수 있다.,위임,대통령령|조례,5,보조금 교부·지원의 기준과 절차를 대통령령과 조례에 병기하여 위임한다.
P01655,① 국가 또는 지방자치단체는 교육 진흥에 필요하다고 인정할 때에는 사립학교 교육을 지원하기 위하여 대통령령 또는 해당 지방자치단체의 조례로 정하는 바에 따라 보조를 신청한 학교법인 또는 사학지원단체에 보조금을 교부하거나 그 밖의 지원을 할 수 있다.,위임,대통령령|조례,5,보조금 교부 등 지원의 구체적 사항을 대통령령 또는 조례로 정하도록 병기하여 위임한다.
P01656,① 국가 또는 지방자치단체는 교육 진흥에 필요하다고 인정할 때에는 사립학교 교육을 지원하기 위하여 대통령령 또는 해당 지방자치단체의 조례로 정하는 바에 따라 보조를 신청한 학교법인 또는 사학지원단체에 보조금을 교부하거나 그 밖의 지원을 할 수 있다.,위임,대통령령|조례,5,보조금 교부 등 지원의 방법을 대통령령과 조례에 병기하여 위임한다.
P01657,① 국가 또는 지방자치단체는 교육 진흥에 필요하다고 인정할 때에는 사립학교 교육을 지원하기 위하여 대통령령 또는 해당 지방자치단체의 조례로 정하는 바에 따라 보조를 신청한 학교법인 또는 사학지원단체에 보조금을 교부하거나 그 밖의 지원을 할 수 있다.,위임,대통령령|조례,5,보조금 교부 등 지원의 기준·절차를 대통령령과 조례에 병기하여 위임한다.
P01658,① 국가 또는 지방자치단체는 교육 진흥에 필요하다고 인정할 때에는 사립학교 교육을 지원하기 위하여 대통령령 또는 해당 지방자치단체의 조례로 정하는 바에 따라 보조를 신청한 학교법인 또는 사학지원단체에 보조금을 교부하거나 그 밖의 지원을 할 수 있다.,위임,대통령령|조례,5,보조금 교부 등 지원의 구체적 사항을 대통령령과 조례에 병기하여 위임한다.
P01659,정관을 변경한 경우에는 교육부장관이 정하여 고시하는 서류를 갖추어,위임,고시,4,제출 서류의 범위를 교육부장관이 정하여 고시하도록 규율권한을 넘기는 부분 위임이다.
P01660,대통령령으로 정하는,판단불가,대통령령,3,문장이 '대통령령으로 정하는'에서 절단되어 위임 대상과 종결형을 확인할 수 없으나 문언상 지정 형식은 대통령령이다.
P01661,대통령령으로 정한다,위임,대통령령,4,문말 종결형 '대통령령으로 정한다'로 대통령령에 규율권한을 넘기는 위임이다.
P01662,대통령령으로 정한다,위임,대통령령,4,'대통령령으로 정한다'는 종결형 위임 문언으로 대통령령에 규율권한을 넘긴다.
P01663,대통령령으로 정하는,판단불가,대통령령,3,문장이 '대통령령으로 정하는'에서 잘려 무엇을 위임하는지 확인할 수 없어 판정이 불가하다.
P01664,허가를 받아 대통령령으로,판단불가,미특정,4,문장이 중간에서 잘려 있어 위임 여부와 규율 대상을 판정할 수 없다.
P01665,필요한 사항은 대통령령으로,판단불가,대통령령,3,문장이 종결되지 않고 잘려 있어 위임 여부를 확정할 수 없으나 문언상 대통령령이 명시되어 있다.
P01666,필요한 사항은 대통령령으로,위임,대통령령,3,문장이 일부 절단되었으나 '필요한 사항은 대통령령으로'는 대통령령에 규율권한을 넘기는 위임 문형이다.
P01667,대통령령으로 정한다,위임,대통령령,4,문장이 축약되었으나 '대통령령으로 정한다'는 종결형으로 파견근무 관련 사항의 규율권한을 대통령령에 넘긴다.
P01668,대통령령으로 정한다,위임,대통령령,4,문말 종결형 '대통령령으로 정한다'로 규율권한을 대통령령에 넘긴다.
P01669,대통령령으로 정한다,위임,대통령령,4,문말 종결형 '대통령령으로 정한다'로 대통령령에 규율권한을 넘기는 위임이다.
P01670,대통령령으로 정하는,판단불가,대통령령,2,문장이 '대통령령으로 정하는'에서 잘려 서술어와 위임 대상 사항을 확인할 수 없다.
P01671,대통령령으로 정한다,위임,대통령령,4,문장이 축약되었으나 '대통령령으로 정한다'는 종결형 위임 문언으로 규율권한을 대통령령에 넘긴다.
P01672,사항은 대통령령으로,판단불가,대통령령,3,문장이 중간에서 잘려 종결 서술어가 없어 위임 여부를 확정할 수 없으나 '대통령령' 표지만 확인된다.
P01673,대통령령으로 정하는,판단불가,대통령령,3,문장이 '대통령령으로 정하는'에서 잘려 무엇을 위임하는지 확인할 수 없어 판정이 불가하나 표지어구는 대통령령이다.
P01674,대통령령으로 정한다,위임,대통령령,4,문장이 단편적이나 '대통령령으로 정한다'는 종결형 위임 문언이다.
P01675,대통령령으로 정한다,위임,대통령령,4,문말 '대통령령으로 정한다'로 규율권한을 대통령령에 넘긴다.
P01676,대통령령으로 정한다,위임,대통령령,4,대상 사항이 생략된 조각이지만 종결형 '대통령령으로 정한다'로 규율권한을 대통령령에 넘기는 위임이다.
P01677,대통령령으로 정한다,위임,대통령령,4,문말 '대통령령으로 정한다'로 대통령령에 규율권한을 넘기는 위임이다.
P01678,대통령령으로 정한다,위임,대통령령,4,문말 '대통령령으로 정한다'로 대통령령에 규율권한을 넘기는 위임이다.
P01679,대통령령으로 정하는,판단불가,대통령령,3,문장이 '대통령령으로 정하는'에서 잘려 수식 대상과 종결 형태를 알 수 없어 위임 여부를 확정할 수 없으나 표지 법형식은 대통령령이다.
P01680,대통령령으로 정하는,판단불가,대통령령,3,문장이 '대통령령으로 정하는'에서 잘려 수식 대상과 종결부가 없어 위임 여부를 확정할 수 없다.
P01681,대통령령으로 정하는 기간,위임,대통령령,3,문장 조각이지만 '대통령령으로 정하는 기간'은 기간 요건을 대통령령에 맡기는 부분 위임이다.
P01682,대통령령으로 정하는 사유에,위임,대통령령,3,문장이 잘려 있으나 '대통령령으로 정하는 사유'라는 부분 위임 문언이 확인된다.
P01683,대통령령으로 정한다,위임,대통령령,4,문말 종결형 '대통령령으로 정한다'로 규율권한을 대통령령에 넘기는 위임이다.
P01684,권한은 그 일부를 대통령령으로,판단불가,해당없음,4,문장이 중간에 절단되어 서술어가 없어 위임 여부를 확정할 수 없다.
P01685,친족관계에 있는 교직원을 교육부장관이 정하는 바에 따라 공개하여야 한다.,위임,미특정,4,공개 방법을 '교육부장관이 정하는 바'에 넘기지만 법형식을 특정하지 않았다.
P01686,대통령령으로 정한다,위임,대통령령,4,문장이 축약되어 있으나 사학기관 행동강령에 관한 사항을 대통령령에 정하도록 규율권한을 넘긴다.
P01687,대통령령으로 정하는,판단불가,대통령령,2,문장이 '대통령령으로 정하는'에서 잘려 있어 규율권한 이전 여부를 확정할 수 없으나 표지어구는 대통령령이다.
P01688,학교의 교육과정 등을 확인하여 제6항에 따른 학교법인을 고시한다.,인용,해당없음,3,특정 학교법인을 확인·공시하는 개별 처분성 고시로 하위 규범에 규율권한을 넘기는 위임이 아니다.
P01689,담보로 제공해도 교육에 지장을 주지 않는 경우로서 교육부장관이 정하여 고시하는 기준에 해당하는 재산,위임,고시,5,'교육부장관이 정하여 고시하는 기준'으로 고시에 기준 설정 권한을 넘기는 부분 위임이다.
P01690,특별한 사유 없이 선정기준일부터 2주 이내에 감사계약을 체결하지 않은 경우 등 교육부장관이 정하여 고시하는 사유에 해당하는 경우,위임,고시,5,'교육부장관이 정하여 고시하는 사유'로 요건의 일부를 고시에 위임한다.
P01691,그 밖에 지정외부감사대상학교법인의 선정 또는 지정외부감사인의 지정에 필요한 세부사항은 교육부장관이 정하여 고시한다.,위임,고시,5,세부사항을 교육부장관이 정하여 고시하도록 규율권한을 넘기며 법형식으로 고시를 명시했다.
P01692,법 제31조제4항 후단에 따른 외부감사인을 부당하게 교체하는 등 교육부장관이 정하여 고시하는 사유에 해당하는 학교법인,위임,고시,5,'교육부장관이 정하여 고시하는 사유'로 요건의 일부를 고시에 넘기는 부분 위임이다.
P01693,지정외부감사대상학교법인으로 선정하기 어려운 사정이 있다고 인정되는 경우 등 교육부장관이 정하여 고시하는 사유에 해당하는 학교법인,위임,고시,5,'교육부장관이 정하여 고시하는 사유'로 요건의 일부를 고시에 넘기는 부분 위임이다.
P01694,선정기준일 3개월 전까지 교육부장관이 정하여 고시하는 신청서류를 교육부장관에게 제출해야 한다.,위임,고시,4,신청서류의 내용을 교육부장관 고시에 맡기는 부분 위임이다.
P01695,감사대상자에게 부당한 비용 부담을 요구하는 경우 등 교육부장관이 정하여 고시하는 사유에 해당하는 자,위임,고시,5,'교육부장관이 정하여 고시하는 사유'로 고시에 요건 일부를 위임한다.
P01696,교육부장관이 금융위원회와 협의하여 고시로 정하는 기준,위임,고시,4,'고시로 정하는 기준'이라는 부분 위임 형식으로 고시에 규율권한을 넘긴다.
P01697,교육부장관이 금융위원회와 협의하여 정하고 이를 고시한다.,위임,고시,4,"교육부장관이 정하여 고시하도록 규율권한을 넘기는 위임으로, 고시 형식을 명시하고 있다."
P01698,필요한 사항은 교육부령으로,판단불가,부령,3,문장이 종결부 없이 잘려 있어 위임 여부를 확정할 수 없으나 표지어구는 교육부령을 가리킨다.
P01699,제1항제2호 및 제3호에 따른 기록물의 세부 범위는 교육부장관이 정하여 고시한다,위임,고시,5,기록물의 세부 범위를 교육부장관 고시로 정하도록 규율권한을 넘긴다.
P01700,교원의 임용 보고를 할 경우에는 교육부장관이 정하여 고시하는 서식에 따른다.,위임,고시,4,서식 결정 권한을 교육부장관의 고시에 넘기는 부분 위임이다.
P01701,교육부령으로 정하는 기준에,위임,부령,3,문장이 잘려 있으나 '교육부령으로 정하는 기준'이라는 현재형 부분위임 표지가 명확하다.
P01702,문책기준은 교육부령으로,판단불가,부령,3,문장이 '교육부령으로'에서 잘려 종결 서술어가 없어 위임 여부를 확정할 수 없으나 표지어구는 교육부령을 가리킨다.
P01703,교육부령으로 정하는,판단불가,부령,3,문장이 '교육부령으로 정하는'에서 절단되어 규율권한 이전 여부를 확정할 수 없으나 법형식은 교육부령으로 표시되어 있다.
P01704,교육부령으로 정하는,판단불가,부령,3,문장이 '교육부령으로 정하는'에서 잘려 무엇을 정하도록 하는지 확인할 수 없어 위임 여부를 확정할 수 없다.
P01705,교육부령으로 정한다,위임,부령,4,문말 종결형 '교육부령으로 정한다'로 교육부령에 규율권한을 넘긴다.
P01706,원격교육 설비의 세부 기준은 제6조제3항 각 호에 따라 산정되는 학생수를 기준으로 교육부장관이 정하여 고시한다.,위임,고시,5,원격교육 설비 세부 기준을 교육부장관 고시로 정하도록 규율권한을 넘긴다.
P01707,대통령령으로 정하는 고등학교,위임,대통령령,4,정의 조항의 요건 일부를 대통령령에 맡기는 부분 위임 문구이다.
P01708,대통령령으로 정하는 기관,위임,대통령령,5,정의 조항에서 해당 기관의 범위를 대통령령에 맡기는 부분 위임이다.
P01709,대통령령으로 정하는,판단불가,대통령령,2,문장이 '대통령령으로 정하는'에서 잘려 규율 대상과 종결 형태를 확인할 수 없어 위임 여부를 확정하기 어렵다.
P01710,대통령령으로 정하는,위임,대통령령,3,문장이 조각이나 '대통령령으로 정하는' 형태는 정의 요건의 일부를 대통령령에 맡기는 부분 위임으로 본다.
P01711,대통령령으로 정하는,판단불가,대통령령,2,문장이 '대통령령으로 정하는'이라는 수식구 조각으로 잘려 있어 위임 여부를 확정할 수 없으나 명시된 법형식은 대통령령이다.
P01712,대통령령으로 정한다,위임,대통령령,4,문장이 일부 잘렸으나 '대통령령으로 정한다'는 종결형 위임 문언이다.
P01713,세부사항은 대통령령으로,판단불가,대통령령,3,문장이 종결되지 않고 잘려 있어 위임 여부를 확정할 수 없으나 문언상 대통령령이 지정되어 있다.
P01714,교육부령으로 정하는,판단불가,부령,3,문장이 '교육부령으로 정하는'에서 잘려 있어 위임 대상과 종결 구조를 확인할 수 없으나 지정 법형식은 교육부령이다.
P01715,에 필요한 사항은 대통령령으로 정한다.,위임,대통령령,4,문장 앞부분이 잘렸으나 '필요한 사항은 대통령령으로 정한다'는 종결형으로 대통령령에 규율권한을 넘기는 위임임이 명확하다.
P01716,대통령령으로 정하는,판단불가,해당없음,3,문장이 '대통령령으로 정하는'에서 잘려 무엇을 위임하는지 확인할 수 없다.
P01717,대통령령으로 정하는,판단불가,대통령령,3,문장이 '대통령령으로 정하는'에서 잘려 있어 위임인지 인용인지 확정할 수 없으나 문언상 지정된 법형식은 대통령령이다.
P01718,사항은 대통령령으로,판단불가,대통령령,3,문장이 중간에서 잘려 서술어가 없어 위임 여부를 확정할 수 없으나 표지어구는 대통령령이다.
P01719,사항은 대통령령으로,판단불가,대통령령,3,문장이 '사항은 대통령령으로'에서 잘려 종결부가 없어 위임 여부를 확정할 수 없으나 명시된 법형식은 대통령령이다.
P01720,사항은 대통령령으로,판단불가,대통령령,3,문장이 중간에서 잘려 종결부가 없어 위임 여부를 확정할 수 없으나 문언상 대통령령이 지정되어 있다.
P01721,사항은 대통령령으로,판단불가,대통령령,3,문장이 중간에서 잘려 종결부가 없어 위임 여부를 확정할 수 없으나 명시된 법형식은 대통령령이다.
P01722,사항은 대통령령으로,판단불가,대통령령,2,문장이 중간에서 잘려 규율권한 이전 여부를 확정할 수 없으나 표지어구는 대통령령이다.
P01723,대통령령으로 정하는,판단불가,대통령령,3,문장이 '대통령령으로 정하는'에서 잘려 무엇을 위임하는지 확인할 수 없어 판정이 불가하다.
P01724,대통령령으로 정하는,판단불가,대통령령,2,문장이 '대통령령으로 정하는'에서 잘려 무엇을 위임하는지 확인할 수 없어 판정이 불가하나 표지어구는 대통령령이다.
P01725,사항은 대통령령으로,판단불가,대통령령,3,문장이 중간에서 잘려 종결부가 없어 위임 여부를 확정할 수 없으나 문언상 대통령령이 지정되어 있다.
P01726,대통령령으로 정한다,위임,대통령령,4,'대통령령으로 정한다'는 종결 문언으로 대통령령에 규율권한을 넘기는 위임이다.
P01727,대통령령으로 정한다,위임,대통령령,4,문말 '대통령령으로 정한다'로 실험·실습 시설 확보 관련 사항의 규율권한을 대통령령에 넘긴다.
P01728,대통령령으로 정하는,위임,대통령령,3,문장이 단편이지만 '대통령령으로 정하는'이라는 부분 위임 표지가 명시되어 있어 대통령령에 규율권한을 넘기는 것으로 본다.
P01729,대통령령으로 정하는,판단불가,대통령령,3,문장이 '대통령령으로 정하는'에서 잘려 규율 대상과 종결 형태를 확인할 수 없어 위임 여부를 판정하기 어렵다.
P01730,대통령령으로 정하는,판단불가,미특정,4,문장이 '대통령령으로 정하는'에서 잘려 있어 무엇을 위임하는지 판정할 수 없다.
P01731,사항은 대통령령으로,판단불가,해당없음,3,문장이 '사항은 대통령령으로'에서 잘려 종결 문형(정한다/정하는)이 확인되지 않아 위임 여부를 확정할 수 없다.
P01732,대통령령으로 정한다,위임,대통령령,4,문말 종결형 '대통령령으로 정한다'로 대통령령에 규율권한을 넘기는 위임이다.
P01733,대통령령으로 정한다,위임,대통령령,4,문장이 축약되어 있으나 '대통령령으로 정한다'는 종결형 위임 문언이다.
P01734,1. 대통령령으로 정하는 중앙행정기관의,위임,대통령령,3,호 단위로 문장이 잘렸으나 '대통령령으로 정하는 중앙행정기관'이라는 부분위임 문언이 온전히 확인된다.
P01735,필요한 사항은 대통령령으로,판단불가,대통령령,2,문장이 종결부 없이 잘려 있어 위임 종결 여부를 확정할 수 없으나 표지어구는 대통령령이다.
P01736,필요한 사항은 대통령령으로,판단불가,대통령령,3,문장이 종결부 없이 잘려 있어 위임 종결 여부를 확정할 수 없으나 문언상 대통령령을 지정하고 있다.
P01737,필요한 사항은 대통령령으로,판단불가,대통령령,3,문장이 '대통령령으로'에서 잘려 종결 형태(정한다/정한)를 확인할 수 없어 위임 여부를 확정할 수 없다.
P01738,필요한 사항은 대통령령으로,판단불가,해당없음,3,문장이 종결부 없이 잘려 있어 위임 여부를 확정할 수 없다.
P01739,필요한 사항은 대통령령으로,판단불가,대통령령,3,문장이 종결되지 않고 잘려 있어 위임 여부를 확정할 수 없으나 표지어구는 대통령령이다.
P01740,필요한 사항은 대통령령으로,위임,대통령령,3,문장이 잘렸으나 '필요한 사항은 대통령령으로'라는 문언에서 대통령령에 규율권한을 넘기는 위임임이 확인된다.
P01741,필요한 사항은 대통령령으로,위임,대통령령,3,문장이 잘려 있으나 '필요한 사항은 대통령령으로'라는 문언상 대통령령에 규율권한을 넘기는 위임 문장으로 판단된다.
P01742,대통령령으로 정하는,판단불가,미특정,4,문장이 '대통령령으로 정하는'에서 잘려 무엇을 정하는지 알 수 없어 판정할 수 없다.
P01743,대통령령으로 정하는,판단불가,대통령령,3,문장이 '대통령령으로 정하는'에서 잘려 있어 무엇을 위임하는지 확인할 수 없다.
P01744,대통령령으로 정하고,판단불가,대통령령,3,문장이 '대통령령으로 정하고'로 잘려 있어 무엇을 위임하는지 확인할 수 없으나 표지어구는 대통령령이다.
P01745,"② 제1항에 따른 보조금의 지급기준 등에 관하여 필요한 사항은 국가가 보조하는 경우에는 대통령령으로 정하고, 지방자치단체가 보조하는 경우에는 그 지방자치단체의 조례로 정한다.",위임,대통령령|조례,5,"보조금 지급기준 등을 국가는 대통령령, 지자체는 조례로 정하도록 병기 위임한다."
P01746,대통령령으로 정하는,판단불가,대통령령,3,문장이 '대통령령으로 정하는'에서 잘려 어떤 사항을 위임하는지 확인할 수 없어 판정이 불가하다.
P01747,대통령령으로 정한다,위임,대통령령,4,문말 종결형 '대통령령으로 정한다'로 대통령령에 규율권한을 넘긴다.
P01748,대통령령으로 정한다,위임,대통령령,4,문말 종결형 '대통령령으로 정한다'로 대통령령에 규율권한을 넘기는 위임 문언이다.
P01749,대통령령으로 정하는,판단불가,대통령령,3,문장이 '대통령령으로 정하는'에서 잘려 있어 규율 대상과 종결 형태를 확인할 수 없다.
P01750,대통령령으로 정하는,위임,대통령령,3,문장이 단편이지만 '대통령령으로 정하는' 형태의 부분 위임 문언으로 대통령령에 규율권한을 넘긴다.
P01751,대통령령으로 정하는,판단불가,대통령령,3,문장이 '대통령령으로 정하는'에서 잘려 수식 대상이 없어 위임 여부를 확정할 수 없다.
P01752,대통령령으로 정하는,판단불가,해당없음,4,문장이 '대통령령으로 정하는'에서 잘려 규율 대상과 종결형을 확인할 수 없다.
P01753,대통령령으로 정한다,위임,대통령령,4,'대통령령으로 정한다'는 종결형으로 규율권한을 대통령령에 넘기는 위임이다.
P01754,대통령령으로 정한다,위임,대통령령,4,문장이 축약되어 있으나 '대통령령으로 정한다'는 종결형으로 회계원칙 등에 관한 규율권한을 대통령령에 넘긴다.
P01755,대통령령으로 정한다,위임,대통령령,5,문말 종결형 '대통령령으로 정한다'로 규율권한을 대통령령에 넘긴다.
P01756,대통령령으로 정한다,위임,대통령령,4,문말 '대통령령으로 정한다'로 규율권한을 대통령령에 넘기는 위임이다.
P01757,대통령령으로 정한다,위임,대통령령,4,문말 종결형 '대통령령으로 정한다'로 규율권한을 대통령령에 넘긴다.
P01758,대통령령으로 정한다,위임,대통령령,5,'대통령령으로 정한다'는 종결형으로 대통령령에 규율권한을 넘기는 위임이다.
P01759,대통령령으로 정한다,위임,대통령령,4,문말 '대통령령으로 정한다'로 규율권한을 대통령령에 넘긴다.
P01760,대통령령으로 정한다,위임,대통령령,4,문말 종결형 '대통령령으로 정한다'로 대통령령에 규율권한을 넘기는 위임이다.
P01761,대통령령으로 정한다,위임,대통령령,5,'대통령령으로 정한다'는 종결형 위임 문언이다.
P01762,대통령령으로 정한다,위임,대통령령,5,문말 종결형 '대통령령으로 정한다'로 대통령령에 규율권한을 넘기는 위임이다.
P01763,대통령령으로 정한다,위임,대통령령,4,문말 종결형 '대통령령으로 정한다'로 대통령령에 규율권한을 넘긴다.
P01764,대통령령으로 정한다,위임,대통령령,4,문말 '대통령령으로 정한다'로 대통령령에 규율권한을 넘기는 위임이다.
P01765,대통령령으로 정한다,위임,대통령령,4,문장이 단편적이나 '대통령령으로 정한다'는 종결형 위임 문언이다.
P01766,대통령령으로 정한다,위임,대통령령,4,문장이 축약되어 있으나 '대통령령으로 정한다'는 종결형 위임 문언이다.
P01767,대통령령으로 정한다,위임,대통령령,4,문말 종결형 '대통령령으로 정한다'로 규율권한을 대통령령에 넘기는 위임이다.
P01768,대통령령으로 정하는,판단불가,대통령령,3,문장이 '대통령령으로 정하는'에서 잘려 규율 대상과 종결 구조를 알 수 없어 위임 여부를 확정할 수 없다.
P01769,교육부령으로 정한다,위임,부령,5,'교육부령으로 정한다'는 종결형으로 부령에 규율권한을 넘기는 위임이다.
P01770,교육부령으로 정한다,위임,부령,4,'교육부령으로 정한다'는 종결형 위임 문언으로 부령에 규율권한을 넘긴다.
P01771,대통령령으로 정하는,판단불가,대통령령,2,문장이 '대통령령으로 정하는'에서 잘려 있어 규율 대상과 종결 형태를 확인할 수 없으나 표지어구는 대통령령이다.
P01772,대통령령으로 정하는,판단불가,대통령령,3,문장이 '대통령령으로 정하는'에서 잘려 무엇을 위임하는지 확인할 수 없으나 표지어구상 법형식은 대통령령이다.
P01773,교육부령으로 정하는,위임,부령,3,문장이 절단되었으나 '교육부령으로 정하는'이라는 부분 위임 표지가 명확하여 교육부령(부령)에 규율권한을 넘기는 위임으로 본다.
P01774,대통령령으로 정하는,판단불가,미특정,3,문장이 '대통령령으로 정하는'에서 절단되어 무엇을 위임하는지 확인할 수 없다.
P01775,대통령령으로 정하는,판단불가,대통령령,3,문장이 '대통령령으로 정하는'에서 잘려 있어 규율권한 이전 여부를 확정할 수 없으나 문언상 법형식은 대통령령이다.
P01776,대통령령으로 정하는,판단불가,대통령령,3,문장이 '대통령령으로 정하는'에서 잘려 있어 위임 여부를 확정할 수 없으나 문언상 지정된 법형식은 대통령령이다.
P01777,대통령령으로 정한다,위임,대통령령,4,문장이 짧게 잘렸으나 '대통령령으로 정한다'는 종결형으로 대통령령에 규율권한을 넘기는 위임이다.
P01778,대통령령으로 정하는,판단불가,대통령령,2,문장이 '대통령령으로 정하는'에서 잘려 무엇을 위임하는지 확인할 수 없어 판정이 불가하다.
P01779,대통령령으로 정하는,판단불가,대통령령,3,문장이 '대통령령으로 정하는'에서 잘려 있어 규율 대상과 종결 형태를 확인할 수 없으나 법형식은 대통령령으로 명시되어 있다.
P01780,대통령령으로 정한다,위임,대통령령,5,'대통령령으로 정한다'는 종결형으로 대통령령에 규율권한을 넘기는 위임이다.
P01781,대통령령으로 정한다,위임,대통령령,5,문말 종결형 '대통령령으로 정한다'로 대통령령에 규율권한을 넘긴다.
P01782,대통령령으로 정한다,위임,대통령령,4,문말 종결형 '대통령령으로 정한다'로 대통령령에 규율권한을 넘기는 위임이다.
P01783,대통령령으로 정하는,판단불가,대통령령,2,문장이 '대통령령으로 정하는'에서 잘려 있어 위임 대상과 문말 구조를 확인할 수 없다.
P01784,대통령령으로 정하는,판단불가,미특정,4,문장이 '대통령령으로 정하는'에서 끊겨 있어 무엇을 위임하는지 판정할 수 없다.
P01785,계약학과등의 설치·운영에 필요한 사항은 교육부장관이 정하여 고시한다.,위임,고시,5,'정하여 고시한다'는 교육부장관 고시에 규율권한을 넘기는 위임이다.
P01786,교육부령으로 정하는,판단불가,부령,2,문장이 '교육부령으로 정하는'에서 잘려 규율 대상과 종결형을 확인할 수 없으나 표지어구상 부령 형식이 지시되어 있다.
P01787,교육부령으로 정하는,판단불가,부령,2,'교육부령으로 정하는'이라는 조각만 있어 무엇을 위임하는지 확인할 수 없어 문장 단위 판정이 불가하다.
P01788,③ 제1항 및 제2항에서 규정한 사항 외에 현장실습 운영에 관한 세부사항은 교육부장관이 정하여 고시한다.,위임,고시,5,현장실습 운영 세부사항을 교육부장관의 고시로 정하도록 규율권한을 넘긴다.
P01789,③ 제1항 및 제2항에서 규정한 사항 외에 현장실습 운영에 관한 세부사항은 교육부장관이 정하여 고시한다.,위임,고시,5,세부사항 규율권한을 교육부장관의 고시에 넘기는 위임이다.
P01790,교육부령으로 정하는 지정신청서에,위임,부령,3,문장이 절단되었으나 '교육부령으로 정하는 지정신청서'는 서식 사항을 교육부령에 맡기는 부분 위임이다.
P01791,4. 그 밖에 교육부령으로 정하는 서류,위임,부령,5,제출서류의 범위를 교육부령에 부분적으로 위임한다.
P01792,지정을 신청한 기관 또는 단체에 교육부령으로 ,판단불가,부령,3,문장이 '교육부령으로'에서 잘려 규율권한 이전 여부를 확정할 수 없으나 명시된 법형식은 교육부령이다.
P01793,재무제표 작성에 필요한 세부 사항은 교육부장관이 정하여 고시한다.,위임,고시,5,세부 사항의 규율권한을 교육부장관 고시에 넘기는 위임이다.
P01794,국가데이터처장이 고시하는 한국표준산업분류에 따른 사업종목 중 별표에 규정된,인용,해당없음,4,고시된 한국표준산업분류를 지시·원용하는 것에 그치므로 규율권한 위임이 아니라 인용이다.
P01795,예산 편성·집행에 필요한 세부 사항은 교육부장관이 정하여 고시한다.,위임,고시,5,교육부장관이 정하여 고시하도록 규율권한을 넘기는 위임이다.
P01796,연결재무제표의 작성에 필요한 세부 사항은 교육부장관이 정하여 고시한다.,위임,고시,5,세부 사항의 규율권한을 교육부장관의 고시에 넘기는 위임이다.
P01797,그 밖에 설립인가와 관련하여 교육부장관이 필요하다고 인정하는 서류,인용,해당없음,3,하위 규범 제정 위임이 아니라 개별 인가 심사에서 장관이 추가 서류를 요구할 재량을 부여한 것에 불과하다.
P01798,기술지주회사 설립인가에 필요한 사항은 교육부장관이 정하여 고시한다.,위임,고시,5,교육부장관이 정하여 고시하도록 규율권한을 넘기는 위임으로 법형식은 고시이다.
P01799,그 밖에 변경인가와 관련하여 교육부장관이 필요하다고 인정하는 서류,인용,해당없음,3,규범 제정 위임이 아니라 개별 심사 시 장관의 서류 요구 판단 권한에 해당한다.
P01800,대통령령으로 정한다,위임,대통령령,4,문장이 축약되어 있으나 '대통령령으로 정한다'는 종결형 위임 표지로 대통령령에 규율권한을 넘긴다.
P01801,대통령령으로 정한다,위임,대통령령,4,문장이 축약되었으나 '대통령령으로 정한다'는 종결형 위임 문언이 명확하다.
P01802,대통령령으로 정한다,위임,대통령령,4,문언이 '대통령령으로 정한다'는 종결형으로 대통령령에 규율권한을 넘기는 위임이다.
P01803,대통령령으로 정한다,위임,대통령령,4,문말 종결형 '대통령령으로 정한다'로 대통령령에 규율권한을 넘기는 위임이다.
P01804,필요한 사항은 대통령령으로,판단불가,대통령령,2,문장이 종결부 없이 잘려 있어 위임 종결 여부를 확정할 수 없으나 표지어구는 대통령령이다.
P01805,대통령령으로 정하는,판단불가,대통령령,2,문장이 '대통령령으로 정하는'에서 잘려 규율 대상과 종결 형태를 확인할 수 없어 위임 여부를 판정할 수 없다.
P01806,사항은 대통령령으로,판단불가,대통령령,3,문장이 중간에 잘려 있어 위임 종결 여부를 확정할 수 없으나 문언상 대통령령이 표시되어 있다.
P01807,대통령령으로 정하는,판단불가,대통령령,3,문장이 '대통령령으로 정하는'에서 잘려 있어 위임 종결 여부를 확정할 수 없다.
P01808,대통령령으로 정하는 바에,판단불가,해당없음,4,문장이 중간에서 잘려 완결된 규범 내용을 확인할 수 없다.
P01809,대통령령으로 정한다,위임,대통령령,3,문장이 단편적이나 '대통령령으로 정한다'는 종결형 위임 문언이다.
P01810,대통령령으로 정한다,위임,대통령령,4,문언이 대통령령에 규율권한을 넘기는 위임 형식이나 문장이 단편적이다.
P01811,대통령령으로 정한다,위임,대통령령,3,문장이 단편적이나 '대통령령으로 정한다'는 종결형으로 대통령령에 규율권한을 넘기는 위임이다.
P01812,대통령령으로 정한다,위임,대통령령,4,문말 '대통령령으로 정한다'로 대통령령에 규율권한을 넘기는 위임이다.
P01813,필요한 사항은 대통령령으로,위임,대통령령,3,문장이 절단되었으나 '필요한 사항은 대통령령으로'는 대통령령에 규율권한을 넘기는 전형적 위임 문언이다.
P01814,대통령령으로 정하는 사람의,판단불가,미특정,3,문장이 중간에서 잘려 있어 규율권한 이전 여부를 확정할 수 없으나 '대통령령으로 정하는' 표지만 확인된다.
P01815,사항은 대통령령으로,판단불가,대통령령,2,문장이 중간에서 잘려 종결 형태와 위임 대상 사항을 확인할 수 없어 판정이 불가하나 문언상 대통령령이 언급되어 있다.
P01816,대통령령으로 정하는,판단불가,해당없음,3,문장이 '대통령령으로 정하는'에서 잘려 있어 무엇을 위임하는지 확인할 수 없다.
P01817,대통령령으로 정하는 바에,판단불가,대통령령,3,문장이 중간에 잘려 종결부가 없어 위임 여부를 확정할 수 없으나 문언상 대통령령이 지정되어 있다.
P01818,대통령령으로 정하는,판단불가,대통령령,2,문장이 '대통령령으로 정하는'에서 잘려 있어 무엇을 위임하는지 확인할 수 없으나 표지어구는 대통령령이다.
P01819,대통령령으로 정한다,위임,대통령령,4,문말 종결형 '대통령령으로 정한다'로 규율권한을 대통령령에 넘기는 위임이다.
P01820,대통령령으로 정한다,위임,대통령령,4,문장이 단편이지만 '대통령령으로 정한다'는 종결형 위임 문언이다.
P01821,대통령령으로 정한다,위임,대통령령,4,문장이 짧게 잘렸으나 '대통령령으로 정한다'는 종결형 위임 문언이다.
P01822,대통령령으로 정한다,위임,대통령령,4,종결형 '대통령령으로 정한다'로 규율권한을 하위 규범에 넘기는 위임이다.
P01823,대통령령으로 정한다,위임,대통령령,4,문장이 다소 잘렸으나 '대통령령으로 정한다'는 종결형 위임 문언이 명확하다.
P01824,대통령령으로 정한다,위임,대통령령,4,문말 종결형 '대통령령으로 정한다'로 규율권한을 대통령령에 넘긴다.
P01825,대통령령으로 정한다,위임,대통령령,4,문말 종결형 '대통령령으로 정한다'로 대통령령에 규율권한을 넘기는 위임이다.
P01826,대통령령으로 정한다,위임,대통령령,4,문말 종결형 '대통령령으로 정한다'로 규율권한을 대통령령에 넘긴다.
P01827,대통령령으로 정한다,위임,대통령령,4,문말 종결형 '대통령령으로 정한다'로 대통령령에 규율권한을 넘기는 위임이다.
P01828,대통령령으로 정한다,위임,대통령령,4,문말 '대통령령으로 정한다'로 규율권한을 대통령령에 넘기는 위임이다.
P01829,대통령령으로 정한다,위임,대통령령,4,문장이 짧게 잘렸으나 '대통령령으로 정한다'는 종결형 위임 문언이다.
P01830,바. 그 밖에 어린이가 자주 왕래하는 곳으로서 조례로 정하는 시설 또는 장소,위임,조례,5,보호구역 대상 시설·장소의 범위를 조례로 정하도록 부분 위임한다.
P01831,마. 그 밖에 노인이 자주 왕래하는 곳으로서 조례로 정하는 시설 또는 장소,위임,조례,5,보호구역 대상 시설·장소의 범위 일부를 조례로 정하도록 넘기는 부분 위임이다.
P01832,바. 그 밖에 어린이가 자주 왕래하는 곳으로서 조례로 정하는 시설 또는 장소,위임,조례,5,보호구역 대상 시설·장소의 범위를 조례가 정하도록 맡기는 부분 위임이다.
P01833,마. 그 밖에 노인이 자주 왕래하는 곳으로서 조례로 정하는 시설 또는 장소,위임,조례,5,보호구역 대상 시설·장소의 구체적 지정을 조례에 맡기는 부분 위임이다.
P01834,바. 그 밖에 어린이가 자주 왕래하는 곳으로서 조례로 정하는 시설 또는 장소,위임,조례,5,보호구역 지정 대상 시설·장소의 범위를 조례에 정하도록 맡긴 부분 위임이다.
P01835,바. 그 밖에 어린이가 자주 왕래하는 곳으로서 조례로 정하는 시설 또는 장소,위임,조례,5,'조례로 정하는 시설 또는 장소'로 대상 지정 권한을 조례에 넘기는 부분 위임이다.
P01836,마. 그 밖에 노인이 자주 왕래하는 곳으로서 조례로 정하는 시설 또는 장소,위임,조례,5,보호구역 대상 시설·장소의 범위를 조례에 맡기는 부분 위임이다.
P01837,마. 그 밖에 노인이 자주 왕래하는 곳으로서 조례로 정하는 시설 또는 장소,위임,조례,5,보호구역 대상 시설·장소의 구체적 지정을 조례에 맡기는 부분 위임이다.
P01838,바. 그 밖에 어린이가 자주 왕래하는 곳으로서 조례로 정하는 시설 또는 장소,위임,조례,5,'조례로 정하는 시설 또는 장소'는 요건 일부를 조례에 맡기는 부분 위임이다.
P01839,마. 그 밖에 노인이 자주 왕래하는 곳으로서 조례로 정하는 시설 또는 장소,위임,조례,5,보호구역 대상 시설·장소의 범위를 조례로 정하도록 맡긴 부분 위임이다.
P01840,바. 그 밖에 어린이가 자주 왕래하는 곳으로서 조례로 정하는 시설 또는 장소,위임,조례,4,보호구역 지정 대상 시설·장소의 범위를 조례에 정하도록 넘기는 부분 위임이다.
P01841,바. 그 밖에 어린이가 자주 왕래하는 곳으로서 조례로 정하는 시설 또는 장소,위임,조례,5,'조례로 정하는 시설 또는 장소'로 대상 지정 권한을 조례에 넘기는 부분 위임이다.
P01842,바. 그 밖에 어린이가 자주 왕래하는 곳으로서 조례로 정하는 시설 또는 장소,위임,조례,5,보호구역 대상 시설·장소의 범위를 조례에 맡기는 부분 위임이다.
P01843,바. 그 밖에 어린이가 자주 왕래하는 곳으로서 조례로 정하는 시설 또는 장소,위임,조례,5,보호구역 대상 시설·장소의 구체적 범위를 조례로 정하도록 맡긴 부분 위임이다.
P01844,바. 그 밖에 어린이가 자주 왕래하는 곳으로서 조례로 정하는 시설 또는 장소,위임,조례,5,보호구역 대상 시설·장소의 구체적 범위를 조례에 위임하는 부분 위임이다.
P01845,바. 그 밖에 어린이가 자주 왕래하는 곳으로서 조례로 정하는 시설 또는 장소,위임,조례,5,시설·장소의 구체적 지정을 조례에 맡기는 부분 위임이다.
P01846,바. 그 밖에 어린이가 자주 왕래하는 곳으로서 조례로 정하는 시설 또는 장소,위임,조례,5,적용대상 시설·장소의 구체적 지정을 조례에 맡기는 부분 위임이다.
P01847,바. 그 밖에 어린이가 자주 왕래하는 곳으로서 조례로 정하는 시설 또는 장소,위임,조례,5,보호구역 대상 시설·장소의 구체적 지정을 조례에 맡기는 부분 위임이다.
P01848,바. 그 밖에 어린이가 자주 왕래하는 곳으로서 조례로 정하는 시설 또는 장소,위임,조례,5,'조례로 정하는 시설 또는 장소'로 대상 범위 확정을 조례에 넘기는 부분 위임이다.
P01849,마. 그 밖에 노인이 자주 왕래하는 곳으로서 조례로 정하는 시설 또는 장소,위임,조례,5,적용 대상 시설·장소의 구체적 지정을 조례에 넘기는 부분 위임이다.
P01850,바. 그 밖에 어린이가 자주 왕래하는 곳으로서 조례로 정하는 시설 또는 장소,위임,조례,5,'조례로 정하는 시설 또는 장소'로 대상 범위 확정을 조례에 맡기는 부분 위임이다.
P01851,바. 그 밖에 어린이가 자주 왕래하는 곳으로서 조례로 정하는 시설 또는 장소,위임,조례,5,보호구역 대상 시설·장소의 범위를 조례로 정하도록 부분 위임한다.
P01852,마. 그 밖에 노인이 자주 왕래하는 곳으로서 조례로 정하는 시설 또는 장소,위임,조례,5,보호구역 대상 시설·장소의 구체적 범위를 조례로 정하도록 맡긴 부분 위임이다.
P01853,바. 그 밖에 어린이가 자주 왕래하는 곳으로서 조례로 정하는 시설 또는 장소,위임,조례,5,'조례로 정하는 시설 또는 장소'로 대상 확정 권한을 조례에 넘기는 부분 위임이다.
P01854,바. 그 밖에 어린이가 자주 왕래하는 곳으로서 조례로 정하는 시설 또는 장소,위임,조례,5,'조례로 정하는 시설 또는 장소'로 대상 범위 확정을 조례에 넘기는 부분 위임이다.
P01855,바. 그 밖에 어린이가 자주 왕래하는 곳으로서 조례로 정하는 시설 또는 장소,위임,조례,5,시설·장소의 구체적 지정을 조례에 맡기는 부분 위임이다.
P01856,마. 그 밖에 노인이 자주 왕래하는 곳으로서 조례로 정하는 시설 또는 장소,위임,조례,5,시설·장소의 구체적 지정을 조례에 맡기는 부분 위임이다.
P01857,바. 그 밖에 어린이가 자주 왕래하는 곳으로서 조례로 정하는 시설 또는 장소,위임,조례,4,보호구역 지정 대상 시설·장소의 범위 일부를 조례에 넘기는 부분 위임이다.
P01858,바. 그 밖에 어린이가 자주 왕래하는 곳으로서 조례로 정하는 시설 또는 장소,위임,조례,5,'조례로 정하는 시설 또는 장소'로 대상 지정 권한을 조례에 넘기는 부분 위임이다.
P01859,바. 그 밖에 어린이가 자주 왕래하는 곳으로서 조례로 정하는 시설 또는 장소,위임,조례,5,'조례로 정하는 시설 또는 장소'로 요건 일부를 조례에 넘기는 부분 위임이다.
P01860,바. 그 밖에 어린이가 자주 왕래하는 곳으로서 조례로 정하는 시설 또는 장소,위임,조례,5,'조례로 정하는 시설 또는 장소'로 대상 지정 권한을 조례에 넘기는 부분 위임이다.
P01861,바. 그 밖에 어린이가 자주 왕래하는 곳으로서 조례로 정하는 시설 또는 장소,위임,조례,5,보호구역 지정 대상 시설·장소의 구체적 범위를 조례에 넘기는 부분 위임이다.
P01862,바. 그 밖에 어린이가 자주 왕래하는 곳으로서 조례로 정하는 시설 또는 장소,위임,조례,5,'조례로 정하는 시설 또는 장소'로 요건의 일부 규율권한을 조례에 넘기는 부분 위임이다.
P01863,바. 그 밖에 어린이가 자주 왕래하는 곳으로서 조례로 정하는 시설 또는 장소,위임,조례,5,'조례로 정하는 시설 또는 장소'로 대상 지정 권한을 조례에 넘기는 부분 위임이다.
P01864,바. 그 밖에 어린이가 자주 왕래하는 곳으로서 조례로 정하는 시설 또는 장소,위임,조례,5,시설·장소의 구체적 지정을 조례에 넘기는 부분 위임이다.
P01865,바. 그 밖에 어린이가 자주 왕래하는 곳으로서 조례로 정하는 시설 또는 장소,위임,조례,5,보호구역 대상 시설·장소의 범위를 조례로 정하도록 하는 부분 위임이다.
P01866,바. 그 밖에 어린이가 자주 왕래하는 곳으로서 조례로 정하는 시설 또는 장소,위임,조례,5,보호구역 대상 시설·장소의 범위를 조례로 정하도록 규율권한을 넘기는 부분 위임이다.
P01867,바. 그 밖에 어린이가 자주 왕래하는 곳으로서 조례로 정하는 시설 또는 장소,위임,조례,5,보호구역 대상 시설·장소의 범위를 조례가 정하도록 부분 위임한다.
P01868,바. 그 밖에 어린이가 자주 왕래하는 곳으로서 조례로 정하는 시설 또는 장소,위임,조례,5,보호구역 대상 시설·장소의 구체적 범위를 조례에 넘기는 부분 위임이다.
P01869,바. 그 밖에 어린이가 자주 왕래하는 곳으로서 조례로 정하는 시설 또는 장소,위임,조례,5,보호구역 대상 시설·장소의 구체적 범위를 조례에 정하도록 맡기는 부분 위임이다.
P01870,바. 그 밖에 어린이가 자주 왕래하는 곳으로서 조례로 정하는 시설 또는 장소,위임,조례,5,보호구역 대상 시설·장소의 구체적 범위를 조례에 넘기는 부분 위임이다.
P01871,바. 그 밖에 어린이가 자주 왕래하는 곳으로서 조례로 정하는 시설 또는 장소,위임,조례,5,보호구역 지정 대상 시설·장소의 범위를 조례에 넘기는 부분 위임이다.
P01872,바. 그 밖에 어린이가 자주 왕래하는 곳으로서 조례로 정하는 시설 또는 장소,위임,조례,5,보호구역 대상 시설·장소의 구체적 범위를 조례에 넘기는 부분 위임이다.
P01873,바. 그 밖에 어린이가 자주 왕래하는 곳으로서 조례로 정하는 시설 또는 장소,위임,조례,5,'조례로 정하는 시설 또는 장소'로 대상 지정 권한을 조례에 넘기는 부분 위임이다.
P01874,마. 그 밖에 노인이 자주 왕래하는 곳으로서 조례로 정하는 시설 또는 장소,위임,조례,5,보호구역 대상 시설의 범위를 조례로 정하도록 맡긴 부분 위임이다.
P01875,바. 그 밖에 어린이가 자주 왕래하는 곳으로서 조례로 정하는 시설 또는 장소,위임,조례,5,보호구역 대상 시설·장소의 구체적 지정을 조례에 맡기는 부분 위임이다.
P01876,바. 그 밖에 어린이가 자주 왕래하는 곳으로서 조례로 정하는 시설 또는 장소,위임,조례,5,시설·장소의 구체적 지정을 조례에 맡기는 부분 위임이다.
P01877,바. 그 밖에 어린이가 자주 왕래하는 곳으로서 조례로 정하는 시설 또는 장소,위임,조례,5,보호구역 대상 시설·장소의 범위를 조례로 정하도록 부분 위임한다.
P01878,마. 그 밖에 노인이 자주 왕래하는 곳으로서 조례로 정하는 시설 또는 장소,위임,조례,5,노인 보호구역 대상 시설·장소의 구체적 지정을 조례에 맡기는 부분 위임이다.
P01879,바. 그 밖에 어린이가 자주 왕래하는 곳으로서 조례로 정하는 시설 또는 장소,위임,조례,5,보호구역 대상 시설·장소의 구체적 범위를 조례에 정하도록 부분 위임한다.
P01880,마. 그 밖에 노인이 자주 왕래하는 곳으로서 조례로 정하는 시설 또는 장소,위임,조례,5,'조례로 정하는 시설 또는 장소'로 대상 확정을 조례에 넘기는 부분 위임이다.
P01881,바. 그 밖에 어린이가 자주 왕래하는 곳으로서 조례로 정하는 시설 또는 장소,위임,조례,5,'조례로 정하는 시설 또는 장소'로 대상 지정 권한을 조례에 넘기는 부분 위임이다.
P01882,바. 그 밖에 어린이가 자주 왕래하는 곳으로서 조례로 정하는 시설 또는 장소,위임,조례,5,시설·장소의 구체적 지정을 조례에 맡기는 부분 위임이다.
P01883,바. 그 밖에 어린이가 자주 왕래하는 곳으로서 조례로 정하는 시설 또는 장소,위임,조례,5,보호구역 대상 시설·장소의 구체적 범위를 조례에 정하도록 맡긴 부분 위임이다.
P01884,바. 그 밖에 어린이가 자주 왕래하는 곳으로서 조례로 정하는 시설 또는 장소,위임,조례,5,'조례로 정하는 시설 또는 장소'로 요건 일부를 조례에 넘기는 부분 위임이다.
P01885,바. 그 밖에 어린이가 자주 왕래하는 곳으로서 조례로 정하는 시설 또는 장소,위임,조례,4,대상 시설·장소의 구체적 지정을 조례에 넘기는 부분 위임이다.
P01886,마. 그 밖에 노인이 자주 왕래하는 곳으로서 조례로 정하는 시설 또는 장소,위임,조례,5,보호구역 대상 시설·장소의 구체적 지정을 조례에 맡기는 부분 위임이다.
P01887,바. 그 밖에 어린이가 자주 왕래하는 곳으로서 조례로 정하는 시설 또는 장소,위임,조례,5,'조례로 정하는 시설 또는 장소'로 대상 범위 확정을 조례에 넘기는 부분 위임이다.
P01888,마. 그 밖에 노인이 자주 왕래하는 곳으로서 조례로 정하는 시설 또는 장소,위임,조례,5,'조례로 정하는 시설 또는 장소'로 대상 범위 확정을 조례에 넘기는 부분 위임이다.
P01889,바. 그 밖에 어린이가 자주 왕래하는 곳으로서 조례로 정하는 시설 또는 장소,위임,조례,5,보호구역 지정 대상 시설·장소의 범위를 조례에 정하도록 넘기는 부분 위임이다.
P01890,바. 그 밖에 어린이가 자주 왕래하는 곳으로서 조례로 정하는 시설 또는 장소,위임,조례,5,보호구역 대상 시설·장소의 구체적 지정을 조례에 위임하는 부분 위임이다.
P01891,바. 그 밖에 어린이가 자주 왕래하는 곳으로서 조례로 정하는 시설 또는 장소,위임,조례,5,보호구역 대상 시설·장소의 구체적 지정을 조례에 넘기는 부분 위임이다.
P01892,바. 그 밖에 어린이가 자주 왕래하는 곳으로서 조례로 정하는 시설 또는 장소,위임,조례,5,보호구역 지정 대상 시설·장소의 범위를 조례에 정하도록 부분 위임한다.
P01893,바. 그 밖에 어린이가 자주 왕래하는 곳으로서 조례로 정하는 시설 또는 장소,위임,조례,5,'조례로 정하는 시설 또는 장소'는 대상 지정 권한을 조례에 넘기는 부분 위임이다.
P01894,마. 그 밖에 노인이 자주 왕래하는 곳으로서 조례로 정하는 시설 또는 장소,위임,조례,5,'조례로 정하는 시설 또는 장소'로 대상 범위 확정을 조례에 넘기는 부분 위임이다.
P01895,바. 그 밖에 어린이가 자주 왕래하는 곳으로서 조례로 정하는 시설 또는 장소,위임,조례,5,보호구역 대상 시설·장소의 범위를 조례로 정하도록 부분 위임한다.
P01896,바. 그 밖에 어린이가 자주 왕래하는 곳으로서 조례로 정하는 시설 또는 장소,위임,조례,5,'조례로 정하는 시설 또는 장소'로 대상 지정 권한을 조례에 넘기는 부분 위임이다.
P01897,바. 그 밖에 어린이가 자주 왕래하는 곳으로서 조례로 정하는 시설 또는 장소,위임,조례,5,보호구역 대상 시설·장소의 구체적 범위를 조례로 정하도록 부분 위임한다.
P01898,바. 그 밖에 어린이가 자주 왕래하는 곳으로서 조례로 정하는 시설 또는 장소,위임,조례,5,보호구역 대상 시설·장소의 구체적 지정을 조례에 맡기는 부분 위임이다.
P01899,바. 그 밖에 어린이가 자주 왕래하는 곳으로서 조례로 정하는 시설 또는 장소,위임,조례,5,보호구역 지정 대상 시설·장소의 구체적 범위를 조례에 정하도록 부분 위임한다.
P01900,바. 그 밖에 어린이가 자주 왕래하는 곳으로서 조례로 정하는 시설 또는 장소,위임,조례,5,보호구역 지정 대상 시설·장소의 범위를 조례에 맡기는 부분 위임이다.
P01901,바. 그 밖에 어린이가 자주 왕래하는 곳으로서 조례로 정하는 시설 또는 장소,위임,조례,5,보호구역 대상 시설·장소의 범위를 조례로 정하도록 규율권한을 넘기는 부분 위임이다.
P01902,마. 그 밖에 노인이 자주 왕래하는 곳으로서 조례로 정하는 시설 또는 장소,위임,조례,5,'조례로 정하는 시설 또는 장소'로 대상 범위 확정을 조례에 넘기는 부분 위임이다.
P01903,바. 그 밖에 어린이가 자주 왕래하는 곳으로서 조례로 정하는 시설 또는 장소,위임,조례,5,시설·장소의 구체적 지정을 조례에 맡기는 부분 위임이다.
P01904,바. 그 밖에 어린이가 자주 왕래하는 곳으로서 조례로 정하는 시설 또는 장소,위임,조례,5,보호구역 대상 시설·장소의 구체적 범위를 조례에 넘기는 부분 위임이다.
P01905,바. 그 밖에 어린이가 자주 왕래하는 곳으로서 조례로 정하는 시설 또는 장소,위임,조례,5,'조례로 정하는 시설 또는 장소'로 대상 지정 권한을 조례에 넘기는 부분 위임이다.
P01906,마. 그 밖에 노인이 자주 왕래하는 곳으로서 조례로 정하는 시설 또는 장소,위임,조례,5,'조례로 정하는 시설 또는 장소'는 대상 범위를 조례에 맡기는 부분 위임이다.
P01907,바. 그 밖에 어린이가 자주 왕래하는 곳으로서 조례로 정하는 시설 또는 장소,위임,조례,5,보호구역 대상 시설·장소의 구체적 지정을 조례에 맡기는 부분 위임이다.
P01908,바. 그 밖에 어린이가 자주 왕래하는 곳으로서 조례로 정하는 시설 또는 장소,위임,조례,5,보호구역 대상 시설·장소의 범위를 조례로 정하도록 부분 위임한다.
P01909,바. 그 밖에 어린이가 자주 왕래하는 곳으로서 조례로 정하는 시설 또는 장소,위임,조례,5,보호구역 대상 시설·장소의 범위를 조례로 정하도록 부분 위임한다.
P01910,바. 그 밖에 어린이가 자주 왕래하는 곳으로서 조례로 정하는 시설 또는 장소,위임,조례,5,시설·장소의 구체적 지정을 조례에 넘기는 부분 위임이다.
P01911,바. 그 밖에 어린이가 자주 왕래하는 곳으로서 조례로 정하는 시설 또는 장소,위임,조례,5,보호구역 대상 시설·장소의 구체적 지정을 조례에 부분 위임한다.
P01912,마. 그 밖에 노인이 자주 왕래하는 곳으로서 조례로 정하는 시설 또는 장소,위임,조례,5,시설·장소의 구체적 범위를 조례에 정하도록 맡기는 부분 위임이다.
P01913,바. 그 밖에 어린이가 자주 왕래하는 곳으로서 조례로 정하는 시설 또는 장소,위임,조례,5,보호구역 지정 대상 시설·장소의 구체적 결정을 조례에 맡기는 부분 위임이다.
P01914,바. 그 밖에 어린이가 자주 왕래하는 곳으로서 조례로 정하는 시설 또는 장소,위임,조례,5,보호구역 대상 시설·장소의 범위를 조례에 맡기는 부분 위임이다.
P01915,바. 그 밖에 어린이가 자주 왕래하는 곳으로서 조례로 정하는 시설 또는 장소,위임,조례,5,보호구역 대상 시설·장소의 구체적 범위를 조례에 넘기는 부분 위임이다.
P01916,바. 그 밖에 어린이가 자주 왕래하는 곳으로서 조례로 정하는 시설 또는 장소,위임,조례,5,시설·장소의 구체적 지정을 조례에 맡기는 부분 위임이다.
P01917,바. 그 밖에 어린이가 자주 왕래하는 곳으로서 조례로 정하는 시설 또는 장소,위임,조례,5,보호구역 대상 시설·장소의 구체적 범위를 조례에 정하도록 맡긴 부분 위임이다.
P01918,바. 그 밖에 어린이가 자주 왕래하는 곳으로서 조례로 정하는 시설 또는 장소,위임,조례,5,보호구역 지정 대상 시설·장소의 범위를 조례로 정하도록 맡긴 부분 위임이다.
P01919,바. 그 밖에 어린이가 자주 왕래하는 곳으로서 조례로 정하는 시설 또는 장소,위임,조례,5,보호구역 대상 시설·장소의 구체적 지정을 조례에 맡기는 부분 위임이다.
P01920,바. 그 밖에 어린이가 자주 왕래하는 곳으로서 조례로 정하는 시설 또는 장소,위임,조례,5,보호구역 대상 시설·장소의 범위를 조례로 정하도록 맡기는 부분 위임이다.
P01921,바. 그 밖에 어린이가 자주 왕래하는 곳으로서 조례로 정하는 시설 또는 장소,위임,조례,5,보호구역 대상 시설·장소의 범위를 조례가 정하도록 부분 위임한다.
P01922,바. 그 밖에 어린이가 자주 왕래하는 곳으로서 조례로 정하는 시설 또는 장소,위임,조례,5,시설·장소의 구체적 지정을 조례에 맡기는 부분 위임이다.
P01923,바. 그 밖에 어린이가 자주 왕래하는 곳으로서 조례로 정하는 시설 또는 장소,위임,조례,5,시설 또는 장소의 구체적 지정을 조례에 맡기는 부분 위임이다.
P01924,바. 그 밖에 어린이가 자주 왕래하는 곳으로서 조례로 정하는 시설 또는 장소,위임,조례,5,시설 또는 장소의 구체적 지정을 조례에 맡기는 부분 위임이다.
P01925,바. 그 밖에 어린이가 자주 왕래하는 곳으로서 조례로 정하는 시설 또는 장소,위임,조례,5,보호구역 대상 시설·장소의 범위를 조례에 맡기는 부분 위임이다.
P01926,마. 그 밖에 노인이 자주 왕래하는 곳으로서 조례로 정하는 시설 또는 장소,위임,조례,5,'조례로 정하는 시설 또는 장소'로 대상 범위 확정을 조례에 넘기는 부분 위임이다.
P01927,바. 그 밖에 어린이가 자주 왕래하는 곳으로서 조례로 정하는 시설 또는 장소,위임,조례,5,'조례로 정하는 시설 또는 장소'는 대상 범위 확정을 조례에 맡기는 부분 위임이다.
P01928,바. 그 밖에 어린이가 자주 왕래하는 곳으로서 조례로 정하는 시설 또는 장소,위임,조례,5,보호구역 대상 시설·장소의 구체적 범위를 조례에 맡기는 부분 위임이다.
P01929,바. 그 밖에 어린이가 자주 왕래하는 곳으로서 조례로 정하는 시설 또는 장소,위임,조례,5,'조례로 정하는 시설 또는 장소'로 대상 지정 권한을 조례에 넘기는 부분 위임이다.
P01930,바. 그 밖에 어린이가 자주 왕래하는 곳으로서 조례로 정하는 시설 또는 장소,위임,조례,5,보호구역 지정 대상 시설·장소의 범위를 조례에 맡기는 부분 위임이다.
P01931,마. 그 밖에 노인이 자주 왕래하는 곳으로서 조례로 정하는 시설 또는 장소,위임,조례,5,보호구역 대상 시설·장소의 구체적 범위를 조례에 맡기는 부분 위임이다.
P01932,바. 그 밖에 어린이가 자주 왕래하는 곳으로서 조례로 정하는 시설 또는 장소,위임,조례,5,보호구역 대상 시설·장소의 범위를 조례로 정하도록 맡긴 부분 위임이다.
P01933,마. 그 밖에 노인이 자주 왕래하는 곳으로서 조례로 정하는 시설 또는 장소,위임,조례,5,보호구역 대상 시설·장소의 범위를 조례로 정하도록 맡긴 부분 위임이다.
P01934,바. 그 밖에 어린이가 자주 왕래하는 곳으로서 조례로 정하는 시설 또는 장소,위임,조례,5,보호구역 대상 시설·장소의 구체적 범위를 조례에 맡기는 부분 위임이다.
P01935,바. 그 밖에 어린이가 자주 왕래하는 곳으로서 조례로 정하는 시설 또는 장소,위임,조례,5,시설·장소의 구체적 지정을 조례에 넘기는 부분 위임이다.
P01936,바. 그 밖에 어린이가 자주 왕래하는 곳으로서 조례로 정하는 시설 또는 장소,위임,조례,5,시설·장소의 구체적 지정을 조례에 넘기는 부분 위임이다.
P01937,마. 그 밖에 노인이 자주 왕래하는 곳으로서 조례로 정하는 시설 또는 장소,위임,조례,5,보호구역 지정 대상 시설·장소의 범위를 조례에 맡기는 부분 위임이다.
P01938,바. 그 밖에 어린이가 자주 왕래하는 곳으로서 조례로 정하는 시설 또는 장소,위임,조례,5,보호구역 대상 시설·장소의 범위를 조례로 정하도록 규율권한을 넘기는 부분 위임이다.
P01939,바. 그 밖에 어린이가 자주 왕래하는 곳으로서 조례로 정하는 시설 또는 장소,위임,조례,5,보호구역 지정 대상 시설·장소의 구체적 범위를 조례에 맡기는 부분 위임이다.
P01940,바. 그 밖에 어린이가 자주 왕래하는 곳으로서 조례로 정하는 시설 또는 장소,위임,조례,5,보호구역 대상 시설·장소의 범위를 조례로 정하도록 부분 위임한다.
P01941,바. 그 밖에 어린이가 자주 왕래하는 곳으로서 조례로 정하는 시설 또는 장소,위임,조례,5,어린이 왕래 시설·장소의 구체적 지정을 조례에 맡기는 부분 위임이다.
P01942,마. 그 밖에 노인이 자주 왕래하는 곳으로서 조례로 정하는 시설 또는 장소,위임,조례,5,보호구역 대상 시설·장소의 구체적 범위를 조례로 정하도록 부분 위임한다.
P01943,바. 그 밖에 어린이가 자주 왕래하는 곳으로서 조례로 정하는 시설 또는 장소,위임,조례,5,'조례로 정하는 시설 또는 장소'로 대상 범위 확정을 조례에 넘기는 부분 위임이다.
P01944,마. 그 밖에 노인이 자주 왕래하는 곳으로서 조례로 정하는 시설 또는 장소,위임,조례,5,보호구역 대상 시설·장소의 구체적 지정을 조례에 맡기는 부분 위임이다.
P01945,바. 그 밖에 어린이가 자주 왕래하는 곳으로서 조례로 정하는 시설 또는 장소,위임,조례,5,'조례로 정하는 시설 또는 장소'로 대상 지정 권한을 조례에 부분 위임한다.
P01946,바. 그 밖에 어린이가 자주 왕래하는 곳으로서 조례로 정하는 시설 또는 장소,위임,조례,5,'조례로 정하는 시설 또는 장소'로 대상 지정 권한을 조례에 부분 위임한다.
P01947,바. 그 밖에 어린이가 자주 왕래하는 곳으로서 조례로 정하는 시설 또는 장소,위임,조례,5,'조례로 정하는 시설 또는 장소'로 대상 지정 권한을 조례에 넘기는 부분 위임이다.
P01948,바. 그 밖에 어린이가 자주 왕래하는 곳으로서 조례로 정하는 시설 또는 장소,위임,조례,5,보호구역 지정 대상 시설·장소의 범위를 조례에 정하도록 맡긴 부분 위임이다.
P01949,마. 그 밖에 노인이 자주 왕래하는 곳으로서 조례로 정하는 시설 또는 장소,위임,조례,5,요건의 일부인 시설·장소의 지정을 조례에 맡기는 부분 위임이다.
P01950,바. 그 밖에 어린이가 자주 왕래하는 곳으로서 조례로 정하는 시설 또는 장소,위임,조례,5,보호구역 지정 대상 시설·장소의 범위를 조례로 정하도록 부분 위임한다.
P01951,바. 그 밖에 어린이가 자주 왕래하는 곳으로서 조례로 정하는 시설 또는 장소,위임,조례,4,보호구역 지정 대상 시설·장소의 범위를 조례로 정하도록 맡긴 부분 위임이다.
P01952,바. 그 밖에 어린이가 자주 왕래하는 곳으로서 조례로 정하는 시설 또는 장소,위임,조례,5,보호구역 대상 시설·장소의 구체적 범위를 조례로 정하도록 부분 위임한다.
P01953,마. 그 밖에 노인이 자주 왕래하는 곳으로서 조례로 정하는 시설 또는 장소,위임,조례,5,'조례로 정하는 시설 또는 장소'로 요건 일부를 조례에 맡기는 부분 위임이다.
P01954,바. 그 밖에 어린이가 자주 왕래하는 곳으로서 조례로 정하는 시설 또는 장소,위임,조례,5,보호구역 대상 시설·장소의 범위 일부를 조례에 맡기는 부분 위임이다.
P01955,바. 그 밖에 어린이가 자주 왕래하는 곳으로서 조례로 정하는 시설 또는 장소,위임,조례,5,보호구역 대상 시설·장소의 구체적 범위를 조례로 정하도록 맡긴 부분 위임이다.
P01956,바. 그 밖에 어린이가 자주 왕래하는 곳으로서 조례로 정하는 시설 또는 장소,위임,조례,5,보호구역 대상 시설·장소의 구체적 지정을 조례에 맡기는 부분 위임이다.
P01957,바. 그 밖에 어린이가 자주 왕래하는 곳으로서 조례로 정하는 시설 또는 장소,위임,조례,5,시설·장소의 범위를 조례로 정하도록 부분 위임한다.
P01958,바. 그 밖에 어린이가 자주 왕래하는 곳으로서 조례로 정하는 시설 또는 장소,위임,조례,5,보호구역 대상 시설·장소의 구체적 지정을 조례에 맡기는 부분 위임이다.
P01959,바. 그 밖에 어린이가 자주 왕래하는 곳으로서 조례로 정하는 시설 또는 장소,위임,조례,5,적용 대상 시설·장소의 범위를 조례에 정하도록 맡기는 부분 위임이다.
P01960,마. 그 밖에 노인이 자주 왕래하는 곳으로서 조례로 정하는 시설 또는 장소,위임,조례,5,적용 대상 시설·장소의 구체적 지정을 조례에 넘기는 부분 위임이다.
P01961,바. 그 밖에 어린이가 자주 왕래하는 곳으로서 조례로 정하는 시설 또는 장소,위임,조례,5,보호구역 대상 시설·장소의 구체적 범위를 조례로 정하도록 부분 위임한다.
P01962,바. 그 밖에 어린이가 자주 왕래하는 곳으로서 조례로 정하는 시설 또는 장소,위임,조례,5,보호구역 대상 시설·장소의 구체적 범위를 조례에 넘기는 부분 위임이다.
P01963,바. 그 밖에 어린이가 자주 왕래하는 곳으로서 조례로 정하는 시설 또는 장소,위임,조례,5,'조례로 정하는 시설 또는 장소'로 대상 지정 권한을 조례에 부분 위임한다.
P01964,바. 그 밖에 어린이가 자주 왕래하는 곳으로서 조례로 정하는 시설 또는 장소,위임,조례,5,'조례로 정하는 시설 또는 장소'는 대상 범위 확정을 조례에 넘기는 부분 위임이다.
P01965,바. 그 밖에 어린이가 자주 왕래하는 곳으로서 조례로 정하는 시설 또는 장소,위임,조례,5,보호구역 대상 시설·장소의 구체적 범위를 조례로 정하도록 넘기는 부분 위임이다.
P01966,바. 그 밖에 어린이가 자주 왕래하는 곳으로서 조례로 정하는 시설 또는 장소,위임,조례,5,보호구역 대상 시설·장소의 구체적 지정을 조례에 넘기는 부분 위임이다.
P01967,바. 그 밖에 어린이가 자주 왕래하는 곳으로서 조례로 정하는 시설 또는 장소,위임,조례,5,보호구역 지정 대상 시설·장소의 구체적 범위를 조례에 맡기는 부분 위임이다.
P01968,바. 그 밖에 어린이가 자주 왕래하는 곳으로서 조례로 정하는 시설 또는 장소,위임,조례,5,보호구역 대상 시설·장소의 구체적 지정을 조례에 넘기는 부분 위임이다.
P01969,바. 그 밖에 어린이가 자주 왕래하는 곳으로서 조례로 정하는 시설 또는 장소,위임,조례,5,시설 또는 장소의 구체적 범위를 조례로 정하도록 하는 부분 위임이다.
P01970,바. 그 밖에 어린이가 자주 왕래하는 곳으로서 조례로 정하는 시설 또는 장소,위임,조례,5,보호구역 대상 시설·장소의 범위를 조례로 정하도록 부분 위임한다.
P01971,마. 그 밖에 노인이 자주 왕래하는 곳으로서 조례로 정하는 시설 또는 장소,위임,조례,4,보호구역 지정 대상 시설의 범위를 조례에 넘기는 부분 위임이다.
P01972,바. 그 밖에 어린이가 자주 왕래하는 곳으로서 조례로 정하는 시설 또는 장소,위임,조례,4,보호구역 대상 시설·장소의 범위를 조례에 정하도록 넘기는 부분 위임이다.
P01973,마. 그 밖에 노인이 자주 왕래하는 곳으로서 조례로 정하는 시설 또는 장소,위임,조례,5,'조례로 정하는 시설 또는 장소'로 대상 지정 권한을 조례에 넘기는 부분 위임이다.
P01974,바. 그 밖에 어린이가 자주 왕래하는 곳으로서 조례로 정하는 시설 또는 장소,위임,조례,5,보호구역 지정 대상 시설·장소의 구체적 범위를 조례에 넘기는 부분 위임이다.
P01975,바. 그 밖에 어린이가 자주 왕래하는 곳으로서 조례로 정하는 시설 또는 장소,위임,조례,5,보호구역 지정 대상 시설·장소의 구체적 범위를 조례에 맡기는 부분 위임이다.
P01976,바. 그 밖에 어린이가 자주 왕래하는 곳으로서 조례로 정하는 시설 또는 장소,위임,조례,5,보호구역 대상 시설·장소의 범위를 조례로 정하도록 맡기는 부분 위임이다.
P01977,바. 그 밖에 어린이가 자주 왕래하는 곳으로서 조례로 정하는 시설 또는 장소,위임,조례,5,보호구역 지정 대상 시설·장소의 범위를 조례에 정하도록 부분 위임한다.
P01978,바. 그 밖에 어린이가 자주 왕래하는 곳으로서 조례로 정하는 시설 또는 장소,위임,조례,5,보호구역 대상 시설·장소의 범위를 조례로 정하도록 부분 위임한다.
P01979,바. 그 밖에 어린이가 자주 왕래하는 곳으로서 조례로 정하는 시설 또는 장소,위임,조례,5,보호구역 지정 대상 시설·장소의 범위를 조례로 정하도록 맡긴 부분 위임이다.
P01980,바. 그 밖에 어린이가 자주 왕래하는 곳으로서 조례로 정하는 시설 또는 장소,위임,조례,5,'조례로 정하는 시설 또는 장소'로 대상 범위 확정을 조례에 넘기는 부분 위임이다.
P01981,바. 그 밖에 어린이가 자주 왕래하는 곳으로서 조례로 정하는 시설 또는 장소,위임,조례,5,보호구역 지정 대상 시설·장소의 구체적 범위를 조례에 맡기는 부분 위임이다.
P01982,바. 그 밖에 어린이가 자주 왕래하는 곳으로서 조례로 정하는 시설 또는 장소,위임,조례,5,보호구역 대상 시설·장소의 구체적 지정을 조례에 맡기는 부분 위임이다.
P01983,바. 그 밖에 어린이가 자주 왕래하는 곳으로서 조례로 정하는 시설 또는 장소,위임,조례,5,보호구역 대상 시설·장소의 구체적 범위를 조례로 정하도록 부분 위임한다.
P01984,바. 그 밖에 어린이가 자주 왕래하는 곳으로서 조례로 정하는 시설 또는 장소,위임,조례,5,보호구역 대상 시설·장소의 구체적 범위를 조례로 정하도록 맡기는 부분 위임이다.
P01985,바. 그 밖에 어린이가 자주 왕래하는 곳으로서 조례로 정하는 시설 또는 장소,위임,조례,5,보호구역 대상 시설·장소의 구체적 범위를 조례에 맡기는 부분 위임이다.
P01986,마. 그 밖에 노인이 자주 왕래하는 곳으로서 조례로 정하는 시설 또는 장소,위임,조례,5,'조례로 정하는 시설 또는 장소'로 대상 범위 확정을 조례에 넘기는 부분 위임이다.
P01987,바. 그 밖에 어린이가 자주 왕래하는 곳으로서 조례로 정하는 시설 또는 장소,위임,조례,5,보호구역 대상 시설·장소의 범위를 조례가 정하도록 맡기는 부분 위임이다.
P01988,바. 그 밖에 어린이가 자주 왕래하는 곳으로서 조례로 정하는 시설 또는 장소,위임,조례,5,보호구역 대상 시설·장소의 범위를 조례로 정하도록 맡기는 부분 위임이다.
P01989,바. 그 밖에 어린이가 자주 왕래하는 곳으로서 조례로 정하는 시설 또는 장소,위임,조례,5,'조례로 정하는 시설 또는 장소'로 대상 지정 권한을 조례에 넘기는 부분 위임이다.
P01990,바. 그 밖에 어린이가 자주 왕래하는 곳으로서 조례로 정하는 시설 또는 장소,위임,조례,5,보호구역 대상 시설·장소의 범위를 조례로 정하도록 부분 위임한다.
P01991,바. 그 밖에 어린이가 자주 왕래하는 곳으로서 조례로 정하는 시설 또는 장소,위임,조례,5,보호구역 대상 시설·장소의 구체적 지정을 조례에 맡기는 부분 위임이다.
P01992,바. 그 밖에 어린이가 자주 왕래하는 곳으로서 조례로 정하는 시설 또는 장소,위임,조례,5,보호구역 대상 시설·장소의 범위를 조례가 정하도록 부분 위임한다.
P01993,대통령령으로 정한다,위임,대통령령,4,보육정책위원회에 관한 사항을 대통령령에 넘기는 종결형 위임이다.
P01994,대통령령으로 정한다,위임,대통령령,4,문장이 축약되었으나 '대통령령으로 정한다'는 종결형으로 대통령령에 규율권한을 넘기는 위임이다.
P01995,대통령령으로 정한다,위임,대통령령,4,문말 '대통령령으로 정한다'로 규율권한을 대통령령에 넘기는 위임이다.
P01996,대통령령으로 정한다,위임,대통령령,4,문장이 일부 절단되었으나 '대통령령으로 정한다'는 종결형으로 대통령령에 규율권한을 넘기는 위임이다.
P01997,대통령령으로 정한다,위임,대통령령,4,문말 '대통령령으로 정한다'로 대통령령에 규율권한을 넘기는 위임이다.
P01998,대통령령으로 정한다,위임,대통령령,4,문말 종결형 '대통령령으로 정한다'로 대통령령에 규율권한을 넘기는 위임이다.
P01999,대통령령으로 정한다,위임,대통령령,4,문장이 축약되었으나 '대통령령으로 정한다'는 종결형으로 대통령령에 규율권한을 넘기는 위임이다.
P02000,대통령령으로 정한다,위임,대통령령,4,문장이 일부 절단되었으나 '대통령령으로 정한다'는 종결형 위임 문언으로 보육정책위원회 관련 사항의 규율권한을 대통령령에 넘긴다.
P02001,대통령령으로 정한다,위임,대통령령,4,문장이 축약되었으나 '대통령령으로 정한다'는 종결형 위임 문언이다.
P02002,"① 보육에 관한 각종 정책ㆍ사업ㆍ보육지도 및 어린이집 평가에 관한 사항 등을 심의하기 위하여 교육부에 중앙보육정책위원회를, 특별시ㆍ광역시ㆍ특별자치시ㆍ도ㆍ특별자치도(이하 “시ㆍ도”라 한다) 및 시ㆍ군ㆍ구(자치구를 말한다. 이하 같다)에 지방보육정책위원회를 둔다. 다만, 지방보육정책위원회는 그 기능을 담당하기에 적합한 다른 위원회가 있고 그 위원회의 위원이 제2항에 따른 자격을 갖춘 경우에는 시ㆍ도 또는 시ㆍ군ㆍ구의 조례로 정하는 바에 따라 그 위원회가 지방보육정책위원회의 기능을 대신할 수 있다.",위임,조례,4,지방보육정책위원회 기능 대체 요건·방식을 시·도 또는 시·군·구 조례로 정하도록 규율권한을 넘긴다.
P02003,"① 보육에 관한 각종 정책ㆍ사업ㆍ보육지도 및 어린이집 평가에 관한 사항 등을 심의하기 위하여 교육부에 중앙보육정책위원회를, 특별시ㆍ광역시ㆍ특별자치시ㆍ도ㆍ특별자치도(이하 “시ㆍ도”라 한다) 및 시ㆍ군ㆍ구(자치구를 말한다. 이하 같다)에 지방보육정책위원회를 둔다. 다만, 지방보육정책위원회는 그 기능을 담당하기에 적합한 다른 위원회가 있고 그 위원회의 위원이 제2항에 따른 자격을 갖춘 경우에는 시ㆍ도 또는 시ㆍ군ㆍ구의 조례로 정하는 바에 따라 그 위원회가 지방보육정책위원회의 기능을 대신할 수 있다.",위임,조례,4,단서에서 지방보육정책위원회 기능 대행에 관한 사항을 시·도 또는 시·군·구 조례로 정하도록 규율권한을 넘긴다.
P02004,"① 보육에 관한 각종 정책ㆍ사업ㆍ보육지도 및 어린이집 평가에 관한 사항 등을 심의하기 위하여 교육부에 중앙보육정책위원회를, 특별시ㆍ광역시ㆍ특별자치시ㆍ도ㆍ특별자치도(이하 “시ㆍ도”라 한다) 및 시ㆍ군ㆍ구(자치구를 말한다. 이하 같다)에 지방보육정책위원회를 둔다. 다만, 지방보육정책위원회는 그 기능을 담당하기에 적합한 다른 위원회가 있고 그 위원회의 위원이 제2항에 따른 자격을 갖춘 경우에는 시ㆍ도 또는 시ㆍ군ㆍ구의 조례로 정하는 바에 따라 그 위원회가 지방보육정책위원회의 기능을 대신할 수 있다.",위임,조례,4,다른 위원회가 지방보육정책위원회 기능을 대신하는 사항을 시·도 또는 시·군·구 조례로 정하도록 규율권한을 넘긴다.
P02005,"① 보육에 관한 각종 정책ㆍ사업ㆍ보육지도 및 어린이집 평가에 관한 사항 등을 심의하기 위하여 교육부에 중앙보육정책위원회를, 특별시ㆍ광역시ㆍ특별자치시ㆍ도ㆍ특별자치도(이하 “시ㆍ도”라 한다) 및 시ㆍ군ㆍ구(자치구를 말한다. 이하 같다)에 지방보육정책위원회를 둔다. 다만, 지방보육정책위원회는 그 기능을 담당하기에 적합한 다른 위원회가 있고 그 위원회의 위원이 제2항에 따른 자격을 갖춘 경우에는 시ㆍ도 또는 시ㆍ군ㆍ구의 조례로 정하는 바에 따라 그 위원회가 지방보육정책위원회의 기능을 대신할 수 있다.",위임,조례,4,단서에서 다른 위원회가 지방보육정책위원회 기능을 대신하는 사항을 시ㆍ도 또는 시ㆍ군ㆍ구 조례로 정하도록 규율권한을 넘긴다.
P02006,"① 보육에 관한 각종 정책ㆍ사업ㆍ보육지도 및 어린이집 평가에 관한 사항 등을 심의하기 위하여 교육부에 중앙보육정책위원회를, 특별시ㆍ광역시ㆍ특별자치시ㆍ도ㆍ특별자치도(이하 “시ㆍ도”라 한다) 및 시ㆍ군ㆍ구(자치구를 말한다. 이하 같다)에 지방보육정책위원회를 둔다. 다만, 지방보육정책위원회는 그 기능을 담당하기에 적합한 다른 위원회가 있고 그 위원회의 위원이 제2항에 따른 자격을 갖춘 경우에는 시ㆍ도 또는 시ㆍ군ㆍ구의 조례로 정하는 바에 따라 그 위원회가 지방보육정책위원회의 기능을 대신할 수 있다.",위임,조례,4,단서에서 대체 위원회의 기능 수행 방식을 시ㆍ도 또는 시ㆍ군ㆍ구 조례로 정하도록 규율권한을 넘긴다.
P02007,"① 보육에 관한 각종 정책ㆍ사업ㆍ보육지도 및 어린이집 평가에 관한 사항 등을 심의하기 위하여 교육부에 중앙보육정책위원회를, 특별시ㆍ광역시ㆍ특별자치시ㆍ도ㆍ특별자치도(이하 “시ㆍ도”라 한다) 및 시ㆍ군ㆍ구(자치구를 말한다. 이하 같다)에 지방보육정책위원회를 둔다. 다만, 지방보육정책위원회는 그 기능을 담당하기에 적합한 다른 위원회가 있고 그 위원회의 위원이 제2항에 따른 자격을 갖춘 경우에는 시ㆍ도 또는 시ㆍ군ㆍ구의 조례로 정하는 바에 따라 그 위원회가 지방보육정책위원회의 기능을 대신할 수 있다.",위임,조례,4,단서에서 다른 위원회의 기능 대행 방식을 시·도 또는 시·군·구 조례로 정하도록 규율권한을 넘긴다.
P02008,"① 보육에 관한 각종 정책ㆍ사업ㆍ보육지도 및 어린이집 평가에 관한 사항 등을 심의하기 위하여 교육부에 중앙보육정책위원회를, 특별시ㆍ광역시ㆍ특별자치시ㆍ도ㆍ특별자치도(이하 “시ㆍ도”라 한다) 및 시ㆍ군ㆍ구(자치구를 말한다. 이하 같다)에 지방보육정책위원회를 둔다. 다만, 지방보육정책위원회는 그 기능을 담당하기에 적합한 다른 위원회가 있고 그 위원회의 위원이 제2항에 따른 자격을 갖춘 경우에는 시ㆍ도 또는 시ㆍ군ㆍ구의 조례로 정하는 바에 따라 그 위원회가 지방보육정책위원회의 기능을 대신할 수 있다.",위임,조례,4,단서에서 지방보육정책위원회 기능 대행에 관한 사항을 시·도 또는 시·군·구 조례로 정하도록 규율권한을 넘긴다.
P02009,"① 보육에 관한 각종 정책ㆍ사업ㆍ보육지도 및 어린이집 평가에 관한 사항 등을 심의하기 위하여 교육부에 중앙보육정책위원회를, 특별시ㆍ광역시ㆍ특별자치시ㆍ도ㆍ특별자치도(이하 “시ㆍ도”라 한다) 및 시ㆍ군ㆍ구(자치구를 말한다. 이하 같다)에 지방보육정책위원회를 둔다. 다만, 지방보육정책위원회는 그 기능을 담당하기에 적합한 다른 위원회가 있고 그 위원회의 위원이 제2항에 따른 자격을 갖춘 경우에는 시ㆍ도 또는 시ㆍ군ㆍ구의 조례로 정하는 바에 따라 그 위원회가 지방보육정책위원회의 기능을 대신할 수 있다.",위임,조례,4,단서에서 지방보육정책위원회 기능 대행 사항을 시·도 또는 시·군·구 조례로 정하도록 규율권한을 넘긴다.
P02010,대통령령으로 정하는,판단불가,대통령령,3,문장이 '대통령령으로 정하는'에서 잘려 수식 대상과 규율 내용을 확인할 수 없어 위임 여부를 확정할 수 없다.
P02011,대통령령으로 정한다,위임,대통령령,5,'대통령령으로 정한다'는 종결형으로 대통령령에 규율권한을 넘기는 위임이다.
P02012,대통령령으로 정한다,위임,대통령령,4,문말 종결형 '대통령령으로 정한다'로 규율권한을 대통령령에 넘기는 위임이다.
P02013,대통령령으로 정한다,위임,대통령령,4,문말 종결형 '대통령령으로 정한다'로 규율권한을 대통령령에 넘긴다.
P02014,대통령령으로 정한다,위임,대통령령,4,문말 종결형 '대통령령으로 정한다'로 규율권한을 대통령령에 넘기는 위임이다.
P02015,대통령령으로 정한다,위임,대통령령,4,문말 종결형 '대통령령으로 정한다'로 대통령령에 규율권한을 넘긴다.
P02016,대통령령으로 정한다,위임,대통령령,4,문말 종결형 '대통령령으로 정한다'로 규율권한을 대통령령에 넘기는 위임이다.
P02017,교육부령으로 정한다,위임,부령,4,종결형 '교육부령으로 정한다'로 부령에 규율권한을 넘기는 위임이다.
P02018,교육부령으로 정한다,위임,부령,5,'교육부령으로 정한다'는 부령에 규율권한을 넘기는 종결형 위임이다.
P02019,대통령령으로 정하는,판단불가,대통령령,3,문장이 '대통령령으로 정하는'에서 잘려 규율 대상과 종결 구조를 확인할 수 없어 위임 여부를 확정할 수 없다.
P02020,사항은 대통령령으로,판단불가,대통령령,3,문장이 '사항은 대통령령으로'에서 잘려 종결 형태를 확인할 수 없어 위임 여부를 확정할 수 없다.
P02021,대통령령으로 정하는,위임,대통령령,3,문장이 단편이나 '대통령령으로 정하는'이라는 부분위임 표지가 명확하여 대통령령에 규율권한을 넘기는 것으로 본다.
P02022,대통령령으로 정한다,위임,대통령령,4,'대통령령으로 정한다'는 종결형 위임 문언으로 대통령령에 규율권한을 넘긴다.
P02023,대통령령으로 정하는,판단불가,대통령령,3,문장이 '대통령령으로 정하는'에서 잘려 규율 대상이나 종결 형태를 확인할 수 없어 위임 여부를 확정할 수 없다.
P02024,대통령령으로 정한다,위임,대통령령,4,문장이 일부 절단되었으나 '대통령령으로 정한다'는 종결형 위임 표지가 명확하다.
P02025,교육부령으로 정한다,위임,부령,4,'교육부령으로 정한다'는 종결형으로 부령에 규율권한을 넘기는 위임이다.
P02026,교육부령으로 정한다,위임,부령,4,'교육부령으로 정한다'는 종결형 위임 문언으로 부령에 규율권한을 넘긴다.
P02027,교육부령으로 정한다,위임,부령,4,'교육부령으로 정한다'는 종결형으로 부령에 규율권한을 넘기는 위임이다.
P02028,교육부령으로 정한다,위임,부령,4,'교육부령으로 정한다'는 종결형 위임으로 부령에 규율권한을 넘긴다.
P02029,대통령령으로 정하는,판단불가,대통령령,3,문장이 '대통령령으로 정하는'에서 잘려 무엇을 위임하는지 확인할 수 없어 판정이 불가하나 표지어구는 대통령령이다.
P02030,교육부령으로 정하는,판단불가,부령,2,'교육부령으로 정하는'이라는 단편만 제시되어 무엇을 위임하는지 확인할 수 없어 판정이 불가하나 법형식은 부령으로 표시된다.
P02031,교육부령으로 정한다,위임,부령,4,문말 종결형 '교육부령으로 정한다'로 부령에 규율권한을 넘기는 위임이다.
P02032,교육부령으로 정한다,위임,부령,4,'교육부령으로 정한다'는 종결형 위임으로 부령에 규율권한을 넘긴다.
P02033,교육부령으로 정한다,위임,부령,4,'교육부령으로 정한다'는 종결형으로 부령에 규율권한을 넘기는 위임이다.
P02034,교육부령으로 정한다,위임,부령,4,'교육부령으로 정한다'는 종결형으로 부령에 규율권한을 넘기는 위임이다.
P02035,교육부령으로 정한다,위임,부령,4,문말 종결형 '교육부령으로 정한다'로 부령에 규율권한을 넘기는 위임이다.
P02036,대통령령으로 정하는,위임,대통령령,3,문장이 조각이지만 '대통령령으로 정하는' 형태의 부분 위임 표지가 명확하다.
P02037,대통령령으로 정하는,판단불가,대통령령,3,문장이 '대통령령으로 정하는'에서 잘려 규율 대상과 종결 형태를 확인할 수 없어 위임 여부를 확정할 수 없다.
P02038,대통령령으로 정하는,위임,대통령령,3,문장이 불완전하나 '대통령령으로 정하는' 형태의 부분 위임 문구로 대통령령에 규율권한을 넘긴다.
P02039,대통령령으로 정한다,위임,대통령령,4,'대통령령으로 정한다'는 종결형으로 규율권한을 대통령령에 넘기는 위임이다.
P02040,대통령령으로 정한다,위임,대통령령,4,'대통령령으로 정한다'는 종결형으로 대통령령에 규율권한을 넘기는 위임이다.
P02041,대통령령으로 정한다,위임,대통령령,4,문말 종결형 '대통령령으로 정한다'로 규율권한을 대통령령에 넘긴다.
P02042,대통령령으로 정한다,위임,대통령령,4,문말 '대통령령으로 정한다'로 규율권한을 대통령령에 넘기는 위임이다.
P02043,교육부령으로 정하는,판단불가,부령,2,문장이 '교육부령으로 정하는'에서 잘려 수식 대상과 종결 형태를 알 수 없어 위임 여부를 확정할 수 없다.
P02044,교육부령으로 정한다,위임,부령,4,'교육부령으로 정한다'는 종결형 위임이며 교육부령은 부령에 해당한다.
P02045,교육부령으로 정하는,판단불가,부령,2,문장이 '교육부령으로 정하는'에서 잘려 위임 대상과 종결 형태를 확인할 수 없으나 문언상 지정된 법형식은 교육부령이다.
P02046,교육부령으로 정한다,위임,부령,5,'교육부령으로 정한다'는 부령에 규율권한을 넘기는 위임 문언이다.
P02047,교육부령으로 정한다,위임,부령,4,'교육부령으로 정한다'는 종결형 위임으로 부령에 규율권한을 넘긴다.
P02048,교육부령으로 정한다,위임,부령,4,'교육부령으로 정한다'는 종결형 위임 문언이며 부령에 규율권한을 넘긴다.
P02049,교육부령으로 정한다,위임,부령,4,'교육부령으로 정한다'는 부령에 규율권한을 넘기는 위임 문언이다.
P02050,교육부령으로 정하는,판단불가,부령,3,문장이 '교육부령으로 정하는'에서 잘려 규율 대상과 종결 형태를 확인할 수 없어 위임 여부를 확정할 수 없다.
P02051,교육부령으로 정하는 바에,판단불가,부령,3,문장이 중간에 잘려 종결부가 없어 위임 여부를 확정할 수 없으나 표지어구는 교육부령(부령)이다.
P02052,교육부령으로 정하는 자,위임,부령,4,'교육부령으로 정하는 자'는 대상 범위를 부령에 맡기는 부분 위임이다.
P02053,교육부령으로 정하는,판단불가,부령,2,문장이 '교육부령으로 정하는'에서 잘려 무엇을 정하도록 하는지 확인할 수 없어 위임 여부를 확정할 수 없다.
P02054,대통령령으로 정하는,판단불가,대통령령,2,문장이 '대통령령으로 정하는'에서 잘려 위임 여부를 확정할 수 없으나 문언상 지목된 법형식은 대통령령이다.
P02055,교육부령으로 정하는,판단불가,부령,2,문장이 '교육부령으로 정하는'에서 절단되어 위임 대상과 종결 형태를 확인할 수 없다.
P02056,교육부령으로 정한다,위임,부령,5,'교육부령으로 정한다'는 종결형으로 부령에 규율권한을 넘기는 위임이다.
P02057,대통령령으로 정한다,위임,대통령령,4,종결형 '대통령령으로 정한다'로 규율권한을 대통령령에 넘기는 위임이다.
P02058,대통령령으로 정한다,위임,대통령령,4,'대통령령으로 정한다'는 종결형으로 대통령령에 규율권한을 위임한다.
P02059,대통령령으로 정한다,위임,대통령령,5,문말 종결형 '대통령령으로 정한다'로 대통령령에 규율권한을 넘긴다.
P02060,"② 보육교직원의 보육 활동 보호에 관한 다음 각 호의 사항을 심의하기 위하여 시·도에 시·도보육활동보호위원회를 둔다. 다만, 시·도보육활동보호위원회는 그 기능을 담당하기에 적합한 다른 위원회가 있고 그 위원회의 위원이 제3항에 따른 자격을 갖춘 경우에는 시·도의 조례로 정하는 바에 따라 그 위원회가 시·도보육활동보호위원회의 기능을 대신할 수 있다.",위임,조례,4,대체 위원회 운영에 관한 사항을 시·도 조례로 정하도록 규율권한을 넘긴다.
P02061,"② 보육교직원의 보육 활동 보호에 관한 다음 각 호의 사항을 심의하기 위하여 시·도에 시·도보육활동보호위원회를 둔다. 다만, 시·도보육활동보호위원회는 그 기능을 담당하기에 적합한 다른 위원회가 있고 그 위원회의 위원이 제3항에 따른 자격을 갖춘 경우에는 시·도의 조례로 정하는 바에 따라 그 위원회가 시·도보육활동보호위원회의 기능을 대신할 수 있다.",위임,조례,4,다른 위원회의 기능 대행 요건·절차를 시·도 조례로 정하도록 규율권한을 넘긴다.
P02062,"② 보육교직원의 보육 활동 보호에 관한 다음 각 호의 사항을 심의하기 위하여 시·도에 시·도보육활동보호위원회를 둔다. 다만, 시·도보육활동보호위원회는 그 기능을 담당하기에 적합한 다른 위원회가 있고 그 위원회의 위원이 제3항에 따른 자격을 갖춘 경우에는 시·도의 조례로 정하는 바에 따라 그 위원회가 시·도보육활동보호위원회의 기능을 대신할 수 있다.",위임,조례,4,다른 위원회가 기능을 대행하는 방식에 관한 사항을 시·도 조례로 정하도록 규율권한을 넘긴다.
P02063,"② 보육교직원의 보육 활동 보호에 관한 다음 각 호의 사항을 심의하기 위하여 시·도에 시·도보육활동보호위원회를 둔다. 다만, 시·도보육활동보호위원회는 그 기능을 담당하기에 적합한 다른 위원회가 있고 그 위원회의 위원이 제3항에 따른 자격을 갖춘 경우에는 시·도의 조례로 정하는 바에 따라 그 위원회가 시·도보육활동보호위원회의 기능을 대신할 수 있다.",위임,조례,4,다른 위원회가 시·도보육활동보호위원회의 기능을 대신하는 사항을 시·도 조례로 정하도록 규율권한을 넘긴다.
P02064,"② 보육교직원의 보육 활동 보호에 관한 다음 각 호의 사항을 심의하기 위하여 시·도에 시·도보육활동보호위원회를 둔다. 다만, 시·도보육활동보호위원회는 그 기능을 담당하기에 적합한 다른 위원회가 있고 그 위원회의 위원이 제3항에 따른 자격을 갖춘 경우에는 시·도의 조례로 정하는 바에 따라 그 위원회가 시·도보육활동보호위원회의 기능을 대신할 수 있다.",위임,조례,4,다른 위원회의 기능 대행 방식을 시·도 조례로 정하도록 규율권한을 넘긴다.
P02065,"② 보육교직원의 보육 활동 보호에 관한 다음 각 호의 사항을 심의하기 위하여 시·도에 시·도보육활동보호위원회를 둔다. 다만, 시·도보육활동보호위원회는 그 기능을 담당하기에 적합한 다른 위원회가 있고 그 위원회의 위원이 제3항에 따른 자격을 갖춘 경우에는 시·도의 조례로 정하는 바에 따라 그 위원회가 시·도보육활동보호위원회의 기능을 대신할 수 있다.",위임,조례,4,다른 위원회가 시·도보육활동보호위원회 기능을 대신하는 사항을 시·도 조례로 정하도록 규율권한을 넘긴다.
P02066,"② 보육교직원의 보육 활동 보호에 관한 다음 각 호의 사항을 심의하기 위하여 시·도에 시·도보육활동보호위원회를 둔다. 다만, 시·도보육활동보호위원회는 그 기능을 담당하기에 적합한 다른 위원회가 있고 그 위원회의 위원이 제3항에 따른 자격을 갖춘 경우에는 시·도의 조례로 정하는 바에 따라 그 위원회가 시·도보육활동보호위원회의 기능을 대신할 수 있다.",위임,조례,4,대체 위원회의 기능 수행 방식을 시·도 조례에 정하도록 규율권한을 넘긴다.
P02067,"② 보육교직원의 보육 활동 보호에 관한 다음 각 호의 사항을 심의하기 위하여 시·도에 시·도보육활동보호위원회를 둔다. 다만, 시·도보육활동보호위원회는 그 기능을 담당하기에 적합한 다른 위원회가 있고 그 위원회의 위원이 제3항에 따른 자격을 갖춘 경우에는 시·도의 조례로 정하는 바에 따라 그 위원회가 시·도보육활동보호위원회의 기능을 대신할 수 있다.",위임,조례,4,다른 위원회의 기능 대행에 관한 사항을 시·도 조례로 정하도록 규율권한을 넘긴다.
P02068,"② 보육교직원의 보육 활동 보호에 관한 다음 각 호의 사항을 심의하기 위하여 시·도에 시·도보육활동보호위원회를 둔다. 다만, 시·도보육활동보호위원회는 그 기능을 담당하기에 적합한 다른 위원회가 있고 그 위원회의 위원이 제3항에 따른 자격을 갖춘 경우에는 시·도의 조례로 정하는 바에 따라 그 위원회가 시·도보육활동보호위원회의 기능을 대신할 수 있다.",위임,조례,4,다른 위원회가 기능을 대신하는 사항을 시·도 조례로 정하도록 규율권한을 넘긴다.
P02069,"② 보육교직원의 보육 활동 보호에 관한 다음 각 호의 사항을 심의하기 위하여 시·도에 시·도보육활동보호위원회를 둔다. 다만, 시·도보육활동보호위원회는 그 기능을 담당하기에 적합한 다른 위원회가 있고 그 위원회의 위원이 제3항에 따른 자격을 갖춘 경우에는 시·도의 조례로 정하는 바에 따라 그 위원회가 시·도보육활동보호위원회의 기능을 대신할 수 있다.",위임,조례,4,다른 위원회가 기능을 대신하는 절차를 시·도 조례로 정하도록 규율권한을 넘긴다.
P02070,보육 활동을 위하여 필요한 경우에는 법령과 교육부장관이 고시하는 바에 따라 영유아를 지도할 수 있다.,위임,고시,4,영유아 지도의 기준을 교육부장관 고시에 맡기는 부분 위임이다.
P02071,교육부령으로 정하는,판단불가,부령,2,문장이 '교육부령으로 정하는'에서 끊겨 있어 위임 종결 여부를 확인할 수 없으나 표지어구상 부령 형식이 지시되어 있다.
P02072,대통령령으로 정하는,판단불가,대통령령,2,문장이 '대통령령으로 정하는'에서 잘려 수식 대상과 규율 범위를 확인할 수 없어 위임 여부를 확정할 수 없다.
P02073,교육부령으로 정하는,판단불가,부령,3,문장이 '교육부령으로 정하는'에서 잘려 규율 대상과 종결 형태를 확인할 수 없어 위임 여부를 확정할 수 없다.
P02074,교육부령으로 정하는,판단불가,부령,3,문장이 '교육부령으로 정하는'에서 잘려 있어 위임 종결 여부를 확정할 수 없으나 표지어구는 부령을 가리킨다.
P02075,대통령령으로 정한다,위임,대통령령,4,문말 종결형 '대통령령으로 정한다'로 규율권한을 대통령령에 넘긴다.
P02076,교육부령으로 정한다,위임,부령,4,'교육부령으로 정한다'는 종결형 위임 문언으로 부령에 규율권한을 넘긴다.
P02077,교육부령으로 정한다,위임,부령,4,종결형 '교육부령으로 정한다'로 부령에 규율권한을 넘기는 위임이다.
P02078,교육부령으로 정한다,위임,부령,4,'교육부령으로 정한다'는 종결형 위임 문언으로 부령에 규율권한을 넘긴다.
P02079,교육부령으로 정한다,위임,부령,4,'교육부령으로 정한다'는 종결형으로 부령에 규율권한을 넘기는 위임이다.
P02080,교육부령으로 정한다,위임,부령,5,'교육부령으로 정한다'는 부령에 규율권한을 넘기는 위임이다.
P02081,교육부령으로 정하는,판단불가,부령,3,문장이 '교육부령으로 정하는'에서 잘려 위임 여부를 확정할 수 없으나 표지어구상 법형식은 부령이다.
P02082,교육부령으로 정한다,위임,부령,4,'교육부령으로 정한다'는 종결형 위임으로 부령에 규율권한을 넘긴다.
P02083,교육부령으로 정한다,위임,부령,4,'교육부령으로 정한다'는 종결형 위임 문언으로 부령에 규율권한을 넘긴다.
P02084,교육부령으로 정하는,위임,부령,3,문장이 절단되어 있으나 '교육부령으로 정하는'은 교육부령에 요건 일부를 맡기는 부분 위임 문구로 판단된다.
P02085,교육부령으로 정한다,위임,부령,5,'교육부령으로 정한다'는 부령에 규율권한을 넘기는 위임이다.
P02086,교육부령으로 정하는,판단불가,부령,2,문장이 '교육부령으로 정하는'에서 잘려 수식 대상과 종결 형태를 알 수 없어 위임 여부를 확정할 수 없다.
P02087,교육부령으로 정한다,위임,부령,4,'교육부령으로 정한다'는 종결형 위임이며 부령이라는 법형식을 명시한다.
P02088,교육부령으로 정한다,위임,부령,4,"'교육부령으로 정한다'는 문말 종결형 위임으로, 법형식은 부령이다."
P02089,교육부령으로 정하는,판단불가,부령,2,문장이 '교육부령으로 정하는'에서 잘려 규율 대상과 종결 형태를 확인할 수 없어 위임 여부를 판정할 수 없다.
P02090,교육부령으로 정하는,판단불가,부령,2,'교육부령으로 정하는'이라는 문장 조각만 제시되어 무엇을 위임하는지 확인할 수 없어 판정이 불가하다.
P02091,교육부령으로 정한다,위임,부령,4,종결형 '교육부령으로 정한다'로 부령에 규율권한을 넘기는 위임이다.
P02092,교육부령으로 정한다,위임,부령,5,'교육부령으로 정한다'는 종결형으로 부령에 규율권한을 넘기는 위임이다.
P02093,교육부령으로 정하는,판단불가,부령,2,문장이 '교육부령으로 정하는'에서 잘려 무엇을 위임하는지 확인할 수 없어 판정이 불가하다.
P02094,교육부령으로 정한다,위임,부령,5,'교육부령으로 정한다'는 종결형으로 부령에 규율권한을 넘기는 위임이다.
P02095,대통령령으로 정하는,위임,대통령령,3,문장이 절단되었으나 '대통령령으로 정하는'은 요건 일부를 대통령령에 맡기는 부분 위임 문언이다.
P02096,대통령령으로 정한다,위임,대통령령,4,종결형 '대통령령으로 정한다'로 대통령령에 규율권한을 넘기는 위임이다.
P02097,교육부령으로 정한다,위임,부령,4,'교육부령으로 정한다'는 종결형 위임으로 부령에 규율권한을 넘긴다.
P02098,교육부령으로 정하는,판단불가,부령,3,"문장이 '교육부령으로 정하는'에서 잘려 규율 대상과 종결 형태를 알 수 없어 위임 여부를 판정할 수 없으나, 명시된 법형식은 교육부령이다."
P02099,교육부령으로 정한다,위임,부령,4,'교육부령으로 정한다'는 종결형으로 부령에 규율권한을 넘기는 위임이다.
P02100,교육부령으로 정한다,위임,부령,5,'교육부령으로 정한다'는 종결형으로 부령에 규율권한을 넘기는 위임이다.
P02101,교육부령으로 정한다,위임,부령,4,'교육부령으로 정한다'는 종결형 위임으로 부령에 규율권한을 넘긴다.
P02102,교육부령으로 정한다,위임,부령,5,'교육부령으로 정한다'는 부령에 규율권한을 넘기는 종결형 위임이다.
P02103,교육부령으로 정하는,판단불가,부령,2,문장이 '교육부령으로 정하는'에서 잘려 있어 위임 대상과 종결 구조를 확인할 수 없다.
P02104,대통령령으로 정하는,판단불가,해당없음,4,문장이 '대통령령으로 정하는'에서 잘려 무엇을 위임하는지 확인할 수 없다.
P02105,대통령령으로 정하는,판단불가,대통령령,3,문장이 '대통령령으로 정하는'에서 잘려 규율 대상과 종결 형태를 확인할 수 없어 위임 여부를 확정할 수 없다.
P02106,교육부령,판단불가,부령,2,"문장이 '교육부령'이라는 단어만으로 잘려 있어 위임 여부를 판정할 수 없으나, 문언에 나타난 법형식은 부령이다."
P02107,교육부령,판단불가,부령,2,"문장이 '교육부령'이라는 단어 조각뿐이어서 위임 여부를 판정할 수 없고, 표기된 법형식만 부령으로 확인된다."
P02108,교육부령,판단불가,미특정,4,문장이 '교육부령'이라는 어구만으로 잘려 있어 위임 여부를 판정할 수 없다.
P02109,교육부령,판단불가,미특정,4,문장이 '교육부령'이라는 단어만으로 잘려 있어 위임인지 인용인지 판정할 수 없다.
P02110,교육부령,판단불가,해당없음,4,문장이 '교육부령'이라는 단어만으로 잘려 있어 위임 여부를 판정할 수 없다.
P02111,교육부령으로 정하는,판단불가,부령,2,문장이 '교육부령으로 정하는'에서 절단되어 위임 대상과 종결 형태를 확인할 수 없다.
P02112,교육부령으로 정한다,위임,부령,4,'교육부령으로 정한다'는 문말 종결형으로 부령에 규율권한을 넘기는 위임이다.
P02113,교육부령으로 정한다,위임,부령,5,'교육부령으로 정한다'는 종결형으로 부령에 규율권한을 넘기는 위임이다.
P02114,교육부령으로 정하는,판단불가,부령,3,문장이 '교육부령으로 정하는'에서 잘려 무엇을 위임하는지 확인할 수 없어 위임 여부를 확정할 수 없다.
P02115,교육부령으로 정한다,위임,부령,4,종결형 '교육부령으로 정한다'로 부령에 규율권한을 넘기는 위임이다.
P02116,교육부령으로 정한다,위임,부령,5,'교육부령으로 정한다'는 종결형으로 부령에 규율권한을 넘기는 위임이다.
P02117,교육부령으로 정한다,위임,부령,5,'교육부령으로 정한다'는 종결형으로 부령에 규율권한을 넘기는 위임이다.
P02118,교육부령으로 정하는,판단불가,부령,2,문장이 '교육부령으로 정하는'에서 잘려 있어 위임 종결인지 인용 수식구인지 확정할 수 없다.
P02119,교육부령으로 정하는,판단불가,부령,3,문장이 '교육부령으로 정하는'에서 잘려 규율 대상·종결형이 없어 위임 여부를 확정할 수 없다(다만 지정된 법형식은 부령).
P02120,교육부령으로 정한다,위임,부령,4,'교육부령으로 정한다'는 종결형으로 부령에 규율권한을 넘기는 위임이다.
P02121,교육부령으로 정한다,위임,부령,4,'교육부령으로 정한다'는 종결형 위임으로 부령에 규율권한을 넘긴다.
P02122,교육부령으로 정한다,위임,부령,5,'교육부령으로 정한다'는 종결형 위임으로 부령에 규율권한을 넘긴다.
P02123,대통령령으로 정한다,위임,대통령령,4,문말 종결형 '대통령령으로 정한다'로 대통령령에 규율권한을 넘기는 위임이다.
P02124,대통령령으로 정한다,위임,대통령령,4,문말 종결형 '대통령령으로 정한다'로 대통령령에 규율권한을 넘기는 위임이다.
P02125,대통령령으로 정한다,위임,대통령령,4,문말 종결형 '대통령령으로 정한다'로 대통령령에 규율권한을 넘기는 위임이다.
P02126,교육부령으로 정하는,판단불가,부령,2,문장이 '교육부령으로 정하는'에서 끊겨 무엇을 위임하는지 확인할 수 없어 판정이 불가하다.
P02127,교육부령으로 정하는,판단불가,부령,2,문장이 '교육부령으로 정하는'에서 잘려 있어 규율권한 이전 여부를 확정할 수 없다.
P02128,교육부령으로 정한다,위임,부령,5,'교육부령으로 정한다'는 종결형으로 부령에 규율권한을 넘기는 위임이다.
P02129,교육부령으로 정하는,판단불가,부령,2,문장이 '교육부령으로 정하는'에서 절단되어 무엇을 위임하는지 확인할 수 없으나 표지어구상 부령 형식이 지시되어 있다.
P02130,대통령령으로 정한다,위임,대통령령,4,문말 '대통령령으로 정한다'로 무상보육 관련 사항의 규율권한을 대통령령에 넘긴다.
P02131,대통령령으로 정하는,위임,대통령령,3,문장이 조각이지만 '대통령령으로 정하는'이라는 부분위임 관용구로 대통령령에 규율권한을 넘기는 형태로 보인다.
P02132,대통령령으로 정하는,판단불가,대통령령,3,'대통령령으로 정하는'에서 문장이 절단되어 무엇을 위임하는지 확인할 수 없다.
P02133,교육부령으로 정한다,위임,부령,4,종결형 '교육부령으로 정한다'로 부령에 규율권한을 넘기는 위임이다.
P02134,대통령령으로 정한다,위임,대통령령,4,문장이 축약되었으나 '대통령령으로 정한다'는 종결형 위임 문언이다.
P02135,교육부령으로 정한다,위임,부령,4,'교육부령으로 정한다'는 종결형으로 부령에 규율권한을 넘기는 위임이다.
P02136,교육부령으로 정한다,위임,부령,4,종결형 '교육부령으로 정한다'로 부령에 규율권한을 넘기는 위임이다.
P02137,교육부령으로 정한다,위임,부령,4,문장이 단편적이나 '교육부령으로 정한다'는 종결 문언으로 부령에 규율권한을 넘기는 위임이다.
P02138,교육부령으로 정한다,위임,부령,3,문장이 일부 잘렸으나 '교육부령으로 정한다'는 종결형 위임으로 부령에 규율권한을 넘긴다.
P02139,교육부령으로 정한다,위임,부령,5,종결형 '교육부령으로 정한다'로 부령에 규율권한을 넘긴다.
P02140,대통령령으로 정하는,판단불가,대통령령,2,문장이 '대통령령으로 정하는'에서 잘려 규율 대상과 위임 여부를 확정할 수 없다.
P02141,대통령령으로 정하는,판단불가,대통령령,2,문장이 '대통령령으로 정하는'에서 잘려 규율 대상과 종결 형태를 확인할 수 없어 위임 여부를 확정할 수 없다.
P02142,교육부령으로 정한다,위임,부령,4,'교육부령으로 정한다'는 종결형 위임으로 부령에 규율권한을 넘긴다.
P02143,교육부령으로 정하는,판단불가,부령,3,"문장이 '교육부령으로 정하는'에서 잘려 무엇을 정하도록 하는지 확인할 수 없어 위임 여부를 확정할 수 없으나, 문언상 지정된 법형식은 부령이다."
P02144,교육부령이 정하는,판단불가,부령,3,문장이 '교육부령이 정하는'에서 잘려 있어 위임 여부를 확정할 수 없으나 법형식은 교육부령으로 명시되어 있다.
P02145,사항은 대통령령으로,판단불가,미특정,3,문장이 중간에서 잘려 술어가 없어 위임 종결 여부를 확정할 수 없다.
P02146,교육부령으로 정하는,판단불가,부령,3,문장이 '교육부령으로 정하는'이라는 구 조각으로 잘려 있어 위임 여부를 확정할 수 없으나 지정 법형식은 교육부령이다.
P02147,교육부령으로 정하는,판단불가,미특정,3,문장이 '교육부령으로 정하는'에서 잘려 무엇을 위임하는지 확인할 수 없다.
P02148,교육부령으로 정하는,위임,부령,3,문장이 단편이지만 '교육부령으로 정하는' 형태로 부령에 규율사항을 부분 위임하는 문언이다.
P02149,교육부령으로 정하는,판단불가,부령,2,문장이 '교육부령으로 정하는'에서 잘려 수식 대상과 규율 사항을 확인할 수 없어 위임 여부를 확정할 수 없다.
P02150,교육부령으로 정하는,판단불가,부령,2,문장이 '교육부령으로 정하는'에서 잘려 수식 대상과 종결 형태를 알 수 없어 위임 여부를 확정할 수 없다.
P02151,교육부령으로 정하는,판단불가,부령,2,"문장이 '교육부령으로 정하는'에서 잘려 있어 위임 종결인지 기존 규범 인용인지 판정할 수 없으나, 표지된 법형식은 부령이다."
P02152,교육부령으로 정하는,판단불가,부령,2,문장이 '교육부령으로 정하는'에서 끊겨 위임 대상과 종결 형태를 확인할 수 없으나 표지어구상 법형식은 교육부령이다.
P02153,교육부령으로 정한다,위임,부령,4,'교육부령으로 정한다'는 부령에 규율권한을 넘기는 위임이다.
P02154,교육부령으로 정하는,판단불가,부령,2,문장이 '교육부령으로 정하는'에서 잘려 규율 대상과 종결 형태를 확인할 수 없어 위임 여부를 확정할 수 없다.
P02155,교육부령으로 정하는,판단불가,부령,3,문장이 '교육부령으로 정하는'에서 끊겨 무엇을 위임하는지 확인할 수 없으나 문언상 부령 형식만 드러난다.
P02156,필요한 사항은 대통령령으로,판단불가,대통령령,3,문장이 서술어 없이 잘려 위임 여부를 확정할 수 없으나 '대통령령'이 표지어구로 나타난다.
P02157,교육부령으로 정하는,판단불가,부령,2,문장이 '교육부령으로 정하는'에서 잘려 규율 대상과 위임 여부를 확정할 수 없다.
P02158,교육부령으로 정한다,위임,부령,4,'교육부령으로 정한다'는 종결형으로 부령에 규율권한을 넘기는 위임이다.
P02159,사항은 대통령령으로,판단불가,대통령령,3,문장이 '사항은 대통령령으로'에서 절단되어 종결 문언이 없어 위임 여부를 확정할 수 없다.
P02160,사항은 대통령령으로,판단불가,대통령령,2,문장이 '사항은 대통령령으로'에서 잘려 종결부가 없어 위임 여부를 확정할 수 없으나 표지어구는 대통령령이다.
P02161,교육부령으로 정하는,판단불가,부령,3,문장이 '교육부령으로 정하는'에서 잘려 무엇을 정하도록 하는지 확인할 수 없어 위임 여부를 확정할 수 없다.
P02162,교육부령으로 정하는,판단불가,부령,3,문장이 '교육부령으로 정하는'에서 잘려 있어 규율권한 이전 여부를 확정할 수 없으나 표지어구는 부령을 지시한다.
P02163,교육부령으로 정한 급식기준,인용,해당없음,3,완료형 '정한'으로 이미 존재하는 교육부령상 기준을 가리키는 인용 표현이다.
P02164,교육부령으로 정한 위생관리기준,인용,해당없음,4,완료형 '정한'으로 이미 존재하는 교육부령상 기준을 가리키는 인용이다.
P02165,교육부령으로 정하는 바에,판단불가,부령,2,문장이 중간에서 잘려 규율권한 이전 여부를 확정할 수 없으나 표지어구상 교육부령(부령)이 지정되어 있다.
P02166,교육부령으로 정하는 중상해,위임,부령,4,'교육부령으로 정하는 중상해'는 요건 일부를 부령에 맡기는 부분 위임이다.
P02167,교육부령으로 정하는,판단불가,부령,2,문장이 '교육부령으로 정하는'에서 잘려 규율 대상과 종결 형태를 확인할 수 없어 위임 여부 판정이 불가하나 법형식은 부령으로 표시되어 있다.
P02168,교육부령으로 정하는,판단불가,부령,2,문장이 '교육부령으로 정하는'에서 잘려 규율 대상과 종결 형태를 확인할 수 없다.
P02169,교육부령으로 정하는 바,위임,부령,3,문장이 단편이지만 '교육부령으로 정하는 바'는 부령에 규율권한을 넘기는 위임 표지이다.
P02170,교육부령으로 정하는 중상해,위임,부령,4,'교육부령으로 정하는 중상해'는 요건의 구체화를 부령에 맡기는 부분 위임이다.
P02171,대통령령으로 정하는,판단불가,대통령령,3,문장이 '대통령령으로 정하는'에서 잘려 무엇을 위임하는지 확인할 수 없다.
P02172,대통령령으로 정한다,위임,대통령령,4,문말 종결형 '대통령령으로 정한다'로 규율권한을 대통령령에 넘기는 위임이다.
P02173,대통령령으로 정한다,위임,대통령령,4,'대통령령으로 정한다'는 문말 종결형으로 대통령령에 규율권한을 넘기는 위임이다.
P02174,대통령령으로 정하는,판단불가,대통령령,2,'대통령령으로 정하는'에서 문장이 끊겨 무엇을 위임하는지 확인할 수 없어 판정이 불가하다.
P02175,대통령령으로 정하는,판단불가,대통령령,3,문장이 '대통령령으로 정하는'에서 잘려 있어 무엇을 위임하는지 확인할 수 없으나 표지어구는 대통령령이다.
P02176,사항은 대통령령으로,판단불가,대통령령,2,문장이 잘려 종결부와 위임 대상 사항이 확인되지 않아 위임 여부를 확정할 수 없으나 문언상 대통령령이 지목되어 있다.
P02177,대통령령으로 정하는,판단불가,대통령령,3,문장이 '대통령령으로 정하는'에서 잘려 규율 대상과 종결 형태를 확인할 수 없어 위임 여부를 확정할 수 없다.
P02178,대통령령으로 정하는,판단불가,대통령령,2,문장이 '대통령령으로 정하는'에서 잘려 규율 대상과 종결 형태를 확인할 수 없어 위임 여부를 확정할 수 없다.
P02179,대통령령으로 정하는,판단불가,대통령령,3,문장이 '대통령령으로 정하는'에서 잘려 있어 규율권한 이전 여부를 확정할 수 없으나 표지어구상 대통령령이 지목된다.
P02180,교육부령으로 정한다,위임,부령,4,'교육부령으로 정한다'는 종결형으로 부령에 규율권한을 넘기는 위임이다.
P02181,교육부령으로 정한다,위임,부령,4,문말 종결형 '교육부령으로 정한다'로 부령에 규율권한을 넘기는 위임이다.
P02182,교육부령으로 정하는,판단불가,부령,3,문장이 '교육부령으로 정하는'에서 잘려 대상과 종결형을 알 수 없어 위임 여부를 확정할 수 없으나 표지어구는 부령이다.
P02183,대통령령으로 정하는,판단불가,대통령령,3,문장이 '대통령령으로 정하는'에서 잘려 무엇을 위임하는지 확인할 수 없어 판정이 불가하나 문언상 법형식은 대통령령이다.
P02184,교육부령으로 정하는,판단불가,부령,3,문장이 '교육부령으로 정하는'에서 잘려 규율 대상과 종결 형태를 확인할 수 없어 위임 여부를 확정할 수 없다.
P02185,"지도의 범위, 방법 등에 관한 기준은 교육부장관이 정하여 고시한다",위임,고시,5,기준 설정 권한을 교육부장관의 고시에 넘기는 위임이다.
P02186,교육부장관이 정하여 고시하는 부득이한 사유로 영유아가 출생한 후 출생일을 포함한 60일 이내에,위임,고시,4,문장이 다소 잘렸으나 '교육부장관이 정하여 고시하는'이라는 부분 위임 표지가 명확하여 고시에 규율권한을 넘긴다.
P02187,교육부장관이 정하여 고시하는 부득이한 사유가 발생하여 양육수당 지원 신청이 지연된 경우로서 제3항에 따라 양육수당을,위임,고시,4,'교육부장관이 정하여 고시하는 부득이한 사유'로 요건 일부를 고시에 넘기는 부분 위임이다.
P02188,교육부장관이 정하여 고시하는 사유가 발생하여 영유아의 보호자가 양육수당 지원의 정지를 신청하는 경우,위임,고시,4,'교육부장관이 정하여 고시하는 사유'로 요건의 일부를 고시에 넘기는 부분 위임이다.
P02189,양육수당의 지원 대상 및 기준 등에 관하여 필요한 사항은 교육부장관이 정하여 고시한다,위임,고시,5,'정하여 고시한다'로 고시에 규율권한을 넘기는 위임이다.
P02190,교육부령으로 정하는,판단불가,해당없음,3,'교육부령으로 정하는'이라는 구절만 남아 문장이 잘려 있어 위임 대상과 종결 형태를 확인할 수 없다.
P02191,교육부령으로 정한다,위임,부령,4,'교육부령으로 정한다'는 종결형 위임으로 부령에 규율권한을 넘긴다.
P02192,교육부령으로 정하는,위임,부령,3,문장이 조각이지만 '교육부령으로 정하는'이라는 미완료형 부분위임 문언으로 부령에 규율권한을 넘긴다.
P02193,교육부령으로 정한다,위임,부령,4,'교육부령으로 정한다'는 종결형으로 부령에 규율권한을 넘기는 위임이다.
P02194,교육부령으로 정하는,판단불가,부령,3,문장이 '교육부령으로 정하는'에서 잘려 위임 여부를 확정할 수 없으나 표지어구상 법형식은 부령이다.
P02195,교육부령으로 정한다,위임,부령,4,'교육부령으로 정한다'는 종결형 위임으로 부령에 규율권한을 넘긴다.
P02196,교육부령으로 정한다,위임,부령,4,문말 종결형 '교육부령으로 정한다'로 부령에 규율권한을 넘기는 위임이다.
P02197,어린이집의 운영 위탁에 관한 구체적인 사항은 국립어린이집의 경우 교육부장관이 정하고,위임,미특정,4,구체적 사항을 교육부장관이 정하도록 규율권한을 넘기나 법형식을 지정하지 않았다.
P02198,"⑨ 어린이집의 운영 위탁에 관한 구체적인 사항은 국립어린이집의 경우 교육부장관이 정하고, 공립어린이집의 경우 지방자치단체의 조례로 정한다.",위임,미특정|조례,4,"국립은 장관이 정하는 형식 미특정 위임, 공립은 조례 위임으로 두 형식이 병기되었다."
P02199,"⑨ 어린이집의 운영 위탁에 관한 구체적인 사항은 국립어린이집의 경우 교육부장관이 정하고, 공립어린이집의 경우 지방자치단체의 조례로 정한다.",위임,미특정|조례,4,구체적 사항을 장관이 정하도록(형식 미특정) 하고 공립은 조례로 정하도록 규율권한을 넘기므로 두 형식을 병기한다.
P02200,"⑨ 어린이집의 운영 위탁에 관한 구체적인 사항은 국립어린이집의 경우 교육부장관이 정하고, 공립어린이집의 경우 지방자치단체의 조례로 정한다.",위임,미특정|조례,4,"국립은 장관이 정하도록 형식 미특정 위임, 공립은 조례로 위임하여 두 형식을 병기한다."
P02201,"⑨ 어린이집의 운영 위탁에 관한 구체적인 사항은 국립어린이집의 경우 교육부장관이 정하고, 공립어린이집의 경우 지방자치단체의 조례로 정한다.",위임,미특정|조례,4,"국립은 장관이 정하는 형식 미특정 위임, 공립은 조례 위임으로 두 형식이 병기되었다."
P02202,"⑨ 어린이집의 운영 위탁에 관한 구체적인 사항은 국립어린이집의 경우 교육부장관이 정하고, 공립어린이집의 경우 지방자치단체의 조례로 정한다.",위임,미특정|조례,4,"국립은 장관이 정하는 미특정 형식, 공립은 조례로 정하도록 규율권한을 넘기는 위임이다."
P02203,"⑨ 어린이집의 운영 위탁에 관한 구체적인 사항은 국립어린이집의 경우 교육부장관이 정하고, 공립어린이집의 경우 지방자치단체의 조례로 정한다.",위임,미특정|조례,4,"국립은 장관이 정하는 형식 미지정 위임, 공립은 조례 위임으로 두 형식이 병기되었다."
P02204,"⑨ 어린이집의 운영 위탁에 관한 구체적인 사항은 국립어린이집의 경우 교육부장관이 정하고, 공립어린이집의 경우 지방자치단체의 조례로 정한다.",위임,미특정|조례,4,"국립은 장관이 정하는 형식 미특정 위임, 공립은 조례로 위임하여 두 형식이 병기된다."
P02205,"⑨ 어린이집의 운영 위탁에 관한 구체적인 사항은 국립어린이집의 경우 교육부장관이 정하고, 공립어린이집의 경우 지방자치단체의 조례로 정한다.",위임,미특정|조례,4,"국립은 장관이 정하도록(형식 미지정), 공립은 조례로 정하도록 규율권한을 넘기므로 두 형식을 병기한다."
P02206,"⑨ 어린이집의 운영 위탁에 관한 구체적인 사항은 국립어린이집의 경우 교육부장관이 정하고, 공립어린이집의 경우 지방자치단체의 조례로 정한다.",위임,미특정|조례,4,구체적 사항을 장관이 정하는 형식 미특정 위임과 조례 위임이 병기되어 있다.
P02207,"⑨ 어린이집의 운영 위탁에 관한 구체적인 사항은 국립어린이집의 경우 교육부장관이 정하고, 공립어린이집의 경우 지방자치단체의 조례로 정한다.",위임,미특정|조례,4,"국립은 장관이 정하도록(형식 미지정), 공립은 조례로 정하도록 규율권한을 넘기므로 두 형식을 병기한다."
P02208,"⑨ 어린이집의 운영 위탁에 관한 구체적인 사항은 국립어린이집의 경우 교육부장관이 정하고, 공립어린이집의 경우 지방자치단체의 조례로 정한다.",위임,미특정|조례,4,"국립은 장관이 정하는 형식 미특정 위임, 공립은 조례 위임으로 두 형식이 병기되었다."
P02209,"⑨ 어린이집의 운영 위탁에 관한 구체적인 사항은 국립어린이집의 경우 교육부장관이 정하고, 공립어린이집의 경우 지방자치단체의 조례로 정한다.",위임,미특정|조례,4,구체적 사항의 규율권한을 장관(형식 미지정)과 지방자치단체 조례에 각각 넘기는 위임이다.
P02210,"⑨ 어린이집의 운영 위탁에 관한 구체적인 사항은 국립어린이집의 경우 교육부장관이 정하고, 공립어린이집의 경우 지방자치단체의 조례로 정한다.",위임,미특정|조례,4,구체적 사항을 장관(형식 미지정)과 지방자치단체 조례에 각각 위임하고 있다.
P02211,"⑨ 어린이집의 운영 위탁에 관한 구체적인 사항은 국립어린이집의 경우 교육부장관이 정하고, 공립어린이집의 경우 지방자치단체의 조례로 정한다.",위임,미특정|조례,4,"국립은 장관이 정하도록(형식 미특정), 공립은 조례로 정하도록 규율권한을 넘기는 병기 위임이다."
P02212,"⑨ 어린이집의 운영 위탁에 관한 구체적인 사항은 국립어린이집의 경우 교육부장관이 정하고, 공립어린이집의 경우 지방자치단체의 조례로 정한다.",위임,미특정|조례,4,"국립은 장관이 정하도록 형식 미특정으로, 공립은 조례로 정하도록 규율권한을 넘긴 병기 위임이다."
P02213,"⑨ 어린이집의 운영 위탁에 관한 구체적인 사항은 국립어린이집의 경우 교육부장관이 정하고, 공립어린이집의 경우 지방자치단체의 조례로 정한다.",위임,미특정|조례,4,구체적 사항의 규율권한을 장관(형식 미지정)과 지방자치단체 조례에 각각 넘기는 위임이다.
P02214,"⑨ 어린이집의 운영 위탁에 관한 구체적인 사항은 국립어린이집의 경우 교육부장관이 정하고, 공립어린이집의 경우 지방자치단체의 조례로 정한다.",위임,미특정|조례,4,"국립은 장관이 정하는 형식 미특정 위임, 공립은 조례 위임으로 병기되어 있다."
P02215,"⑨ 어린이집의 운영 위탁에 관한 구체적인 사항은 국립어린이집의 경우 교육부장관이 정하고, 공립어린이집의 경우 지방자치단체의 조례로 정한다.",위임,미특정|조례,4,"국립은 교육부장관이 정하도록 형식 미특정 위임, 공립은 조례로 위임하여 병기한다."
P02216,"⑨ 어린이집의 운영 위탁에 관한 구체적인 사항은 국립어린이집의 경우 교육부장관이 정하고, 공립어린이집의 경우 지방자치단체의 조례로 정한다.",위임,미특정|조례,4,구체적 사항을 장관이 정하도록(형식 미특정) 하고 조례에도 위임하는 병기 형태이다.
P02217,"⑨ 어린이집의 운영 위탁에 관한 구체적인 사항은 국립어린이집의 경우 교육부장관이 정하고, 공립어린이집의 경우 지방자치단체의 조례로 정한다.",위임,미특정|조례,4,"국립은 장관이 정하도록(형식 미특정), 공립은 조례로 정하도록 규율권한을 넘기므로 두 형식을 병기한다."
P02218,"⑨ 어린이집의 운영 위탁에 관한 구체적인 사항은 국립어린이집의 경우 교육부장관이 정하고, 공립어린이집의 경우 지방자치단체의 조례로 정한다.",위임,미특정|조례,4,"국립은 장관이 정하도록(형식 미특정), 공립은 조례로 정하도록 규율권한을 넘기는 위임이다."
P02219,"⑨ 어린이집의 운영 위탁에 관한 구체적인 사항은 국립어린이집의 경우 교육부장관이 정하고, 공립어린이집의 경우 지방자치단체의 조례로 정한다.",위임,미특정|조례,4,"국립은 장관이 정하도록(형식 미특정), 공립은 조례로 정하도록 규율권한을 넘기므로 두 형식을 병기한다."
P02220,"⑨ 어린이집의 운영 위탁에 관한 구체적인 사항은 국립어린이집의 경우 교육부장관이 정하고, 공립어린이집의 경우 지방자치단체의 조례로 정한다.",위임,미특정|조례,4,"국립은 장관이 정하는 형식 미특정 위임, 공립은 조례 위임으로 두 형식이 병기되었다."
P02221,"⑨ 어린이집의 운영 위탁에 관한 구체적인 사항은 국립어린이집의 경우 교육부장관이 정하고, 공립어린이집의 경우 지방자치단체의 조례로 정한다.",위임,미특정|조례,4,"국립은 장관이 정하는 형식 미특정 위임, 공립은 조례 위임으로 병기된다."
P02222,"⑨ 어린이집의 운영 위탁에 관한 구체적인 사항은 국립어린이집의 경우 교육부장관이 정하고, 공립어린이집의 경우 지방자치단체의 조례로 정한다.",위임,미특정|조례,4,"국립은 장관이 정하도록(형식 미특정), 공립은 조례로 정하도록 규율권한을 넘긴다."
P02223,"⑨ 어린이집의 운영 위탁에 관한 구체적인 사항은 국립어린이집의 경우 교육부장관이 정하고, 공립어린이집의 경우 지방자치단체의 조례로 정한다.",위임,미특정|조례,4,"국립은 장관이 정하도록(형식 미특정), 공립은 조례로 정하도록 규율권한을 병기하여 넘긴다."
P02224,"⑨ 어린이집의 운영 위탁에 관한 구체적인 사항은 국립어린이집의 경우 교육부장관이 정하고, 공립어린이집의 경우 지방자치단체의 조례로 정한다.",위임,미특정|조례,4,"국립은 장관이 정하도록(형식 미특정), 공립은 조례로 정하도록 규율권한을 넘기므로 두 형식을 병기한다."
P02225,"⑨ 어린이집의 운영 위탁에 관한 구체적인 사항은 국립어린이집의 경우 교육부장관이 정하고, 공립어린이집의 경우 지방자치단체의 조례로 정한다.",위임,미특정|조례,4,"국립은 장관이 정하도록(형식 미특정), 공립은 조례로 정하도록 규율권한을 넘기는 병기 위임이다."
P02226,"⑨ 어린이집의 운영 위탁에 관한 구체적인 사항은 국립어린이집의 경우 교육부장관이 정하고, 공립어린이집의 경우 지방자치단체의 조례로 정한다.",위임,미특정|조례,4,"국립은 장관이 정하는 형식 미특정 위임, 공립은 조례 위임으로 병기되어 있다."
P02227,"⑨ 어린이집의 운영 위탁에 관한 구체적인 사항은 국립어린이집의 경우 교육부장관이 정하고, 공립어린이집의 경우 지방자치단체의 조례로 정한다.",위임,미특정|조례,4,"국립은 장관이 정하는 형식 미특정 위임, 공립은 조례 위임으로 두 형식이 병기되었다."
P02228,"⑨ 어린이집의 운영 위탁에 관한 구체적인 사항은 국립어린이집의 경우 교육부장관이 정하고, 공립어린이집의 경우 지방자치단체의 조례로 정한다.",위임,미특정|조례,4,"국립은 장관이 정하도록(형식 미특정), 공립은 조례로 정하도록 규율권한을 넘긴 병기 위임이다."
P02229,"⑨ 어린이집의 운영 위탁에 관한 구체적인 사항은 국립어린이집의 경우 교육부장관이 정하고, 공립어린이집의 경우 지방자치단체의 조례로 정한다.",위임,미특정|조례,4,구체적 사항을 장관이 정하는 형식 미특정 규범과 지방자치단체 조례에 병기하여 위임한다.
P02230,"⑨ 어린이집의 운영 위탁에 관한 구체적인 사항은 국립어린이집의 경우 교육부장관이 정하고, 공립어린이집의 경우 지방자치단체의 조례로 정한다.",위임,미특정|조례,4,"국립은 장관이 정하도록(형식 미특정), 공립은 조례로 정하도록 규율권한을 넘긴다."
P02231,"⑨ 어린이집의 운영 위탁에 관한 구체적인 사항은 국립어린이집의 경우 교육부장관이 정하고, 공립어린이집의 경우 지방자치단체의 조례로 정한다.",위임,미특정|조례,4,"국립은 장관이 정하는 형식 미특정 위임, 공립은 조례 위임으로 두 형식이 병기되었다."
P02232,"⑨ 어린이집의 운영 위탁에 관한 구체적인 사항은 국립어린이집의 경우 교육부장관이 정하고, 공립어린이집의 경우 지방자치단체의 조례로 정한다.",위임,미특정|조례,4,"국립은 장관이 정하도록(형식 미특정), 공립은 조례로 정하도록 규율권한을 넘기는 병기 위임이다."
P02233,"⑨ 어린이집의 운영 위탁에 관한 구체적인 사항은 국립어린이집의 경우 교육부장관이 정하고, 공립어린이집의 경우 지방자치단체의 조례로 정한다.",위임,미특정|조례,4,"국립은 장관이 정하는(형식 미특정), 공립은 조례로 정하도록 규율권한을 넘기는 병기 위임이다."
P02234,"⑨ 어린이집의 운영 위탁에 관한 구체적인 사항은 국립어린이집의 경우 교육부장관이 정하고, 공립어린이집의 경우 지방자치단체의 조례로 정한다.",위임,미특정|조례,4,"국립은 장관이 정하도록(형식 미특정), 공립은 조례로 정하도록 규율권한을 넘기는 병기 위임이다."
P02235,"⑨ 어린이집의 운영 위탁에 관한 구체적인 사항은 국립어린이집의 경우 교육부장관이 정하고, 공립어린이집의 경우 지방자치단체의 조례로 정한다.",위임,미특정|조례,4,"국립은 장관이 정하도록(형식 미특정), 공립은 조례로 정하도록 규율권한을 병기하여 넘긴다."
P02236,"⑨ 어린이집의 운영 위탁에 관한 구체적인 사항은 국립어린이집의 경우 교육부장관이 정하고, 공립어린이집의 경우 지방자치단체의 조례로 정한다.",위임,미특정|조례,4,"국립은 장관이 정하도록(형식 미특정), 공립은 조례로 정하도록 규율권한을 넘긴다."
P02237,"⑨ 어린이집의 운영 위탁에 관한 구체적인 사항은 국립어린이집의 경우 교육부장관이 정하고, 공립어린이집의 경우 지방자치단체의 조례로 정한다.",위임,미특정|조례,4,"국립은 교육부장관이 정하도록(형식 미특정), 공립은 조례로 정하도록 규율권한을 넘긴다."
P02238,"⑨ 어린이집의 운영 위탁에 관한 구체적인 사항은 국립어린이집의 경우 교육부장관이 정하고, 공립어린이집의 경우 지방자치단체의 조례로 정한다.",위임,미특정|조례,4,"국립은 장관이 정하도록(형식 미특정), 공립은 조례로 정하도록 규율권한을 넘기는 병기 위임이다."
P02239,"⑨ 어린이집의 운영 위탁에 관한 구체적인 사항은 국립어린이집의 경우 교육부장관이 정하고, 공립어린이집의 경우 지방자치단체의 조례로 정한다.",위임,미특정|조례,4,"국립은 장관이 정하는 형식 미특정 위임, 공립은 조례 위임으로 두 형식이 병기되었다."
P02240,"⑨ 어린이집의 운영 위탁에 관한 구체적인 사항은 국립어린이집의 경우 교육부장관이 정하고, 공립어린이집의 경우 지방자치단체의 조례로 정한다.",위임,미특정|조례,4,"국립은 장관이 정하는 형식 미지정 위임, 공립은 조례로 위임하여 두 형식을 병기한다."
P02241,"⑨ 어린이집의 운영 위탁에 관한 구체적인 사항은 국립어린이집의 경우 교육부장관이 정하고, 공립어린이집의 경우 지방자치단체의 조례로 정한다.",위임,미특정|조례,4,"국립은 장관이 정하도록 형식 미특정으로, 공립은 조례로 규율권한을 넘기는 병기 위임이다."
P02242,"⑨ 어린이집의 운영 위탁에 관한 구체적인 사항은 국립어린이집의 경우 교육부장관이 정하고, 공립어린이집의 경우 지방자치단체의 조례로 정한다.",위임,미특정|조례,4,"국립은 장관이 정하도록(형식 미특정), 공립은 조례로 정하도록 규율권한을 넘긴다."
P02243,"⑨ 어린이집의 운영 위탁에 관한 구체적인 사항은 국립어린이집의 경우 교육부장관이 정하고, 공립어린이집의 경우 지방자치단체의 조례로 정한다.",위임,미특정|조례,4,"국립은 장관이 정하도록(형식 미특정), 공립은 조례로 정하도록 규율권한을 넘기는 병기 위임이다."
P02244,"⑨ 어린이집의 운영 위탁에 관한 구체적인 사항은 국립어린이집의 경우 교육부장관이 정하고, 공립어린이집의 경우 지방자치단체의 조례로 정한다.",위임,미특정|조례,4,"국립은 장관이 정하도록(형식 미지정), 공립은 조례로 정하도록 규율권한을 넘기므로 두 형식을 병기한다."
P02245,"⑨ 어린이집의 운영 위탁에 관한 구체적인 사항은 국립어린이집의 경우 교육부장관이 정하고, 공립어린이집의 경우 지방자치단체의 조례로 정한다.",위임,미특정|조례,4,구체적 사항을 장관이 정하는 형식 미특정 규범과 지방자치단체 조례에 각각 위임하고 있다.
P02246,"⑨ 어린이집의 운영 위탁에 관한 구체적인 사항은 국립어린이집의 경우 교육부장관이 정하고, 공립어린이집의 경우 지방자치단체의 조례로 정한다.",위임,미특정|조례,4,"국립은 장관이 정하도록(형식 미특정), 공립은 조례로 정하도록 규율권한을 넘긴다."
P02247,"⑨ 어린이집의 운영 위탁에 관한 구체적인 사항은 국립어린이집의 경우 교육부장관이 정하고, 공립어린이집의 경우 지방자치단체의 조례로 정한다.",위임,미특정|조례,4,"국립은 장관이 정하도록(형식 미특정), 공립은 조례로 정하도록 규율권한을 넘기므로 두 형식을 병기한다."
P02248,"⑨ 어린이집의 운영 위탁에 관한 구체적인 사항은 국립어린이집의 경우 교육부장관이 정하고, 공립어린이집의 경우 지방자치단체의 조례로 정한다.",위임,미특정|조례,4,"국립은 장관이 정하도록(형식 미특정), 공립은 조례로 정하도록 규율권한을 넘기므로 두 형식을 병기한다."
P02249,"⑨ 어린이집의 운영 위탁에 관한 구체적인 사항은 국립어린이집의 경우 교육부장관이 정하고, 공립어린이집의 경우 지방자치단체의 조례로 정한다.",위임,미특정|조례,4,"국립은 장관이 정하도록(형식 미특정), 공립은 조례로 정하도록 규율권한을 넘기는 병기 위임이다."
P02250,"⑨ 어린이집의 운영 위탁에 관한 구체적인 사항은 국립어린이집의 경우 교육부장관이 정하고, 공립어린이집의 경우 지방자치단체의 조례로 정한다.",위임,미특정|조례,4,"국립은 교육부장관이 정하도록(형식 미특정), 공립은 조례로 정하도록 규율권한을 넘기므로 두 형식을 병기한다."
P02251,"⑨ 어린이집의 운영 위탁에 관한 구체적인 사항은 국립어린이집의 경우 교육부장관이 정하고, 공립어린이집의 경우 지방자치단체의 조례로 정한다.",위임,미특정|조례,4,"국립은 장관이 정하도록(형식 미특정), 공립은 조례로 정하도록 규율권한을 넘기는 병기 위임이다."
P02252,"⑨ 어린이집의 운영 위탁에 관한 구체적인 사항은 국립어린이집의 경우 교육부장관이 정하고, 공립어린이집의 경우 지방자치단체의 조례로 정한다.",위임,미특정|조례,4,"국립은 장관이 정하는 형식 미특정 위임, 공립은 조례 위임으로 병기된다."
P02253,"⑨ 어린이집의 운영 위탁에 관한 구체적인 사항은 국립어린이집의 경우 교육부장관이 정하고, 공립어린이집의 경우 지방자치단체의 조례로 정한다.",위임,미특정|조례,4,"국립은 장관이 정하는 형식 미특정 위임, 공립은 조례 위임으로 두 형식이 병기되어 있다."
P02254,"⑨ 어린이집의 운영 위탁에 관한 구체적인 사항은 국립어린이집의 경우 교육부장관이 정하고, 공립어린이집의 경우 지방자치단체의 조례로 정한다.",위임,미특정|조례,4,"국립은 장관이 정하는 형식 미특정 위임, 공립은 조례 위임으로 두 형식이 병기되었다."
P02255,"⑨ 어린이집의 운영 위탁에 관한 구체적인 사항은 국립어린이집의 경우 교육부장관이 정하고, 공립어린이집의 경우 지방자치단체의 조례로 정한다.",위임,미특정|조례,4,"국립은 장관이 정하도록(형식 미특정), 공립은 조례로 정하도록 규율권한을 넘기는 위임이다."
P02256,"⑨ 어린이집의 운영 위탁에 관한 구체적인 사항은 국립어린이집의 경우 교육부장관이 정하고, 공립어린이집의 경우 지방자치단체의 조례로 정한다.",위임,미특정|조례,4,"국립은 장관이 정하는 형식 미특정, 공립은 조례로 정하도록 규율권한을 넘긴다."
P02257,"⑨ 어린이집의 운영 위탁에 관한 구체적인 사항은 국립어린이집의 경우 교육부장관이 정하고, 공립어린이집의 경우 지방자치단체의 조례로 정한다.",위임,미특정|조례,4,"국립은 장관이 정하도록(형식 미특정), 공립은 조례로 정하도록 규율권한을 넘기므로 두 형식을 병기한다."
P02258,"⑨ 어린이집의 운영 위탁에 관한 구체적인 사항은 국립어린이집의 경우 교육부장관이 정하고, 공립어린이집의 경우 지방자치단체의 조례로 정한다.",위임,미특정|조례,4,"국립은 장관이 정하도록(형식 미특정), 공립은 조례로 정하도록 규율권한을 넘기므로 두 형식을 병기한다."
P02259,"⑨ 어린이집의 운영 위탁에 관한 구체적인 사항은 국립어린이집의 경우 교육부장관이 정하고, 공립어린이집의 경우 지방자치단체의 조례로 정한다.",위임,미특정|조례,4,"국립은 장관이 정하는 형식 미특정, 공립은 조례로 각각 규율권한을 넘기는 위임이다."
P02260,"⑨ 어린이집의 운영 위탁에 관한 구체적인 사항은 국립어린이집의 경우 교육부장관이 정하고, 공립어린이집의 경우 지방자치단체의 조례로 정한다.",위임,미특정|조례,4,"국립은 장관이 정하도록(형식 미특정), 공립은 조례로 정하도록 규율권한을 넘기므로 두 형식을 병기한다."
P02261,"⑨ 어린이집의 운영 위탁에 관한 구체적인 사항은 국립어린이집의 경우 교육부장관이 정하고, 공립어린이집의 경우 지방자치단체의 조례로 정한다.",위임,미특정|조례,4,구체적 사항의 규율권한을 장관(형식 미지정)과 지방자치단체 조례에 각각 넘기는 위임이다.
P02262,"⑨ 어린이집의 운영 위탁에 관한 구체적인 사항은 국립어린이집의 경우 교육부장관이 정하고, 공립어린이집의 경우 지방자치단체의 조례로 정한다.",위임,미특정|조례,4,구체적 사항을 장관이 정하는 형식 미특정 위임과 조례 위임이 병기되어 있다.
P02263,"⑨ 어린이집의 운영 위탁에 관한 구체적인 사항은 국립어린이집의 경우 교육부장관이 정하고, 공립어린이집의 경우 지방자치단체의 조례로 정한다.",위임,미특정|조례,4,"국립은 장관이 정하는 형식 미특정 위임, 공립은 조례 위임으로 두 형식이 병기되어 있다."
P02264,"⑨ 어린이집의 운영 위탁에 관한 구체적인 사항은 국립어린이집의 경우 교육부장관이 정하고, 공립어린이집의 경우 지방자치단체의 조례로 정한다.",위임,미특정|조례,4,장관이 정하는(형식 미특정)과 조례로 정한다가 병기된 위임이다.
P02265,"⑨ 어린이집의 운영 위탁에 관한 구체적인 사항은 국립어린이집의 경우 교육부장관이 정하고, 공립어린이집의 경우 지방자치단체의 조례로 정한다.",위임,미특정|조례,4,"국립은 장관이 정하도록 형식 미특정으로, 공립은 조례로 정하도록 규율권한을 넘기므로 두 형식을 병기한다."
P02266,"⑨ 어린이집의 운영 위탁에 관한 구체적인 사항은 국립어린이집의 경우 교육부장관이 정하고, 공립어린이집의 경우 지방자치단체의 조례로 정한다.",위임,미특정|조례,4,"국립은 장관이 정하도록(형식 미특정), 공립은 조례로 정하도록 규율권한을 넘기는 위임이다."
P02267,"⑨ 어린이집의 운영 위탁에 관한 구체적인 사항은 국립어린이집의 경우 교육부장관이 정하고, 공립어린이집의 경우 지방자치단체의 조례로 정한다.",위임,미특정|조례,4,"국립은 장관이 정하도록(형식 미특정), 공립은 조례로 정하도록 규율권한을 넘기므로 두 형식을 병기한다."
P02268,"⑨ 어린이집의 운영 위탁에 관한 구체적인 사항은 국립어린이집의 경우 교육부장관이 정하고, 공립어린이집의 경우 지방자치단체의 조례로 정한다.",위임,미특정|조례,4,"국립은 장관이 정하는 형식 미특정 위임, 공립은 조례 위임으로 병기되어 있다."
P02269,"⑨ 어린이집의 운영 위탁에 관한 구체적인 사항은 국립어린이집의 경우 교육부장관이 정하고, 공립어린이집의 경우 지방자치단체의 조례로 정한다.",위임,미특정|조례,4,구체적 사항의 규율권한을 장관(형식 미지정)과 지방자치단체 조례에 각각 넘기는 위임이다.
P02270,"⑨ 어린이집의 운영 위탁에 관한 구체적인 사항은 국립어린이집의 경우 교육부장관이 정하고, 공립어린이집의 경우 지방자치단체의 조례로 정한다.",위임,미특정|조례,4,장관이 정하는(형식 미특정)과 조례로 정한다가 병기된 위임이다.
P02271,"⑨ 어린이집의 운영 위탁에 관한 구체적인 사항은 국립어린이집의 경우 교육부장관이 정하고, 공립어린이집의 경우 지방자치단체의 조례로 정한다.",위임,미특정|조례,4,구체적 사항을 장관이 정하도록(형식 미특정) 하고 아울러 조례에 위임하므로 두 형식을 병기한다.
P02272,"⑨ 어린이집의 운영 위탁에 관한 구체적인 사항은 국립어린이집의 경우 교육부장관이 정하고, 공립어린이집의 경우 지방자치단체의 조례로 정한다.",위임,미특정|조례,4,"국립은 장관이 정하도록(형식 미특정), 공립은 조례로 정하도록 규율권한을 넘기므로 두 형식을 병기한다."
P02273,"⑨ 어린이집의 운영 위탁에 관한 구체적인 사항은 국립어린이집의 경우 교육부장관이 정하고, 공립어린이집의 경우 지방자치단체의 조례로 정한다.",위임,미특정|조례,4,"국립은 장관이 정하도록(법형식 미특정), 공립은 조례로 정하도록 규율권한을 병기하여 위임한다."
P02274,"⑨ 어린이집의 운영 위탁에 관한 구체적인 사항은 국립어린이집의 경우 교육부장관이 정하고, 공립어린이집의 경우 지방자치단체의 조례로 정한다.",위임,미특정|조례,4,"국립은 장관이 정하도록(형식 미특정), 공립은 조례로 정하도록 규율권한을 넘기므로 두 형식을 병기한다."
P02275,"⑨ 어린이집의 운영 위탁에 관한 구체적인 사항은 국립어린이집의 경우 교육부장관이 정하고, 공립어린이집의 경우 지방자치단체의 조례로 정한다.",위임,미특정|조례,5,"국립은 장관이 정하도록(형식 미특정), 공립은 조례로 정하도록 규율권한을 넘기므로 두 형식을 병기한다."
P02276,"⑨ 어린이집의 운영 위탁에 관한 구체적인 사항은 국립어린이집의 경우 교육부장관이 정하고, 공립어린이집의 경우 지방자치단체의 조례로 정한다.",위임,미특정|조례,4,"국립은 장관이 정하는 형식 미특정 위임, 공립은 조례 위임으로 두 형식이 병기되었다."
P02277,"⑨ 어린이집의 운영 위탁에 관한 구체적인 사항은 국립어린이집의 경우 교육부장관이 정하고, 공립어린이집의 경우 지방자치단체의 조례로 정한다.",위임,미특정|조례,4,"국립은 장관이 정하도록(형식 미특정), 공립은 조례로 정하도록 규율권한을 넘기는 위임이다."
P02278,"⑨ 어린이집의 운영 위탁에 관한 구체적인 사항은 국립어린이집의 경우 교육부장관이 정하고, 공립어린이집의 경우 지방자치단체의 조례로 정한다.",위임,미특정|조례,4,구체적 사항을 장관이 정하도록(형식 미특정) 하고 공립의 경우 조례에 위임하므로 두 형식을 병기한다.
P02279,"⑨ 어린이집의 운영 위탁에 관한 구체적인 사항은 국립어린이집의 경우 교육부장관이 정하고, 공립어린이집의 경우 지방자치단체의 조례로 정한다.",위임,미특정|조례,4,"국립은 장관이 정하도록(형식 미특정), 공립은 조례로 정하도록 규율권한을 넘기므로 두 형식을 병기한다."
P02280,"⑨ 어린이집의 운영 위탁에 관한 구체적인 사항은 국립어린이집의 경우 교육부장관이 정하고, 공립어린이집의 경우 지방자치단체의 조례로 정한다.",위임,미특정|조례,4,장관이 정하는 형식 미지정 위임과 조례 위임이 병기되어 있다.
P02281,"⑨ 어린이집의 운영 위탁에 관한 구체적인 사항은 국립어린이집의 경우 교육부장관이 정하고, 공립어린이집의 경우 지방자치단체의 조례로 정한다.",위임,미특정|조례,4,"국립은 장관이 정하는 형식 미특정 위임, 공립은 조례 위임으로 두 형식이 병기되었다."
P02282,"⑨ 어린이집의 운영 위탁에 관한 구체적인 사항은 국립어린이집의 경우 교육부장관이 정하고, 공립어린이집의 경우 지방자치단체의 조례로 정한다.",위임,미특정|조례,4,"국립은 장관이 정하는 형식 미특정 위임, 공립은 조례 위임으로 두 형식이 병기되었다."
P02283,"⑨ 어린이집의 운영 위탁에 관한 구체적인 사항은 국립어린이집의 경우 교육부장관이 정하고, 공립어린이집의 경우 지방자치단체의 조례로 정한다.",위임,미특정|조례,4,"국립은 장관이 정하는 형식 미지정 위임, 공립은 조례 위임으로 두 형식이 병기되었다."
P02284,"⑨ 어린이집의 운영 위탁에 관한 구체적인 사항은 국립어린이집의 경우 교육부장관이 정하고, 공립어린이집의 경우 지방자치단체의 조례로 정한다.",위임,미특정|조례,4,국립은 장관이 정하도록(형식 미특정) 하고 공립은 조례로 정하도록 규율권한을 넘긴다.
P02285,"⑨ 어린이집의 운영 위탁에 관한 구체적인 사항은 국립어린이집의 경우 교육부장관이 정하고, 공립어린이집의 경우 지방자치단체의 조례로 정한다.",위임,미특정|조례,4,"국립은 장관이 정하는 형식 미특정 위임, 공립은 조례 위임으로 두 형식이 병기되어 있다."
P02286,"⑨ 어린이집의 운영 위탁에 관한 구체적인 사항은 국립어린이집의 경우 교육부장관이 정하고, 공립어린이집의 경우 지방자치단체의 조례로 정한다.",위임,미특정|조례,4,"국립은 장관이 정하는 형식 미특정 위임, 공립은 조례 위임이 병기되어 있다."
P02287,"⑨ 어린이집의 운영 위탁에 관한 구체적인 사항은 국립어린이집의 경우 교육부장관이 정하고, 공립어린이집의 경우 지방자치단체의 조례로 정한다.",위임,미특정|조례,4,"국립은 장관이 정하는 형식 미특정, 공립은 조례로 정하도록 규율권한을 병기하여 넘긴다."
P02288,"⑨ 어린이집의 운영 위탁에 관한 구체적인 사항은 국립어린이집의 경우 교육부장관이 정하고, 공립어린이집의 경우 지방자치단체의 조례로 정한다.",위임,미특정|조례,4,"국립은 장관이 정하도록(형식 미특정), 공립은 조례로 정하도록 규율권한을 넘기므로 두 형식을 병기한다."
P02289,"⑨ 어린이집의 운영 위탁에 관한 구체적인 사항은 국립어린이집의 경우 교육부장관이 정하고, 공립어린이집의 경우 지방자치단체의 조례로 정한다.",위임,미특정|조례,4,"국립은 장관이 정하도록(형식 미특정), 공립은 조례로 정하도록 규율권한을 병기하여 넘긴다."
P02290,"⑨ 어린이집의 운영 위탁에 관한 구체적인 사항은 국립어린이집의 경우 교육부장관이 정하고, 공립어린이집의 경우 지방자치단체의 조례로 정한다.",위임,미특정|조례,4,"국립은 장관이 정하는 형식 미특정 위임, 공립은 조례 위임으로 병기된다."
P02291,"⑨ 어린이집의 운영 위탁에 관한 구체적인 사항은 국립어린이집의 경우 교육부장관이 정하고, 공립어린이집의 경우 지방자치단체의 조례로 정한다.",위임,미특정|조례,4,구체적 사항의 규율권한을 장관(형식 미특정)과 지방자치단체 조례에 각각 넘기므로 두 형식을 병기한다.
P02292,"⑨ 어린이집의 운영 위탁에 관한 구체적인 사항은 국립어린이집의 경우 교육부장관이 정하고, 공립어린이집의 경우 지방자치단체의 조례로 정한다.",위임,미특정|조례,4,"국립은 장관이 정하도록(형식 미특정), 공립은 조례로 정하도록 규율권한을 넘기는 병기 위임이다."
P02293,"⑨ 어린이집의 운영 위탁에 관한 구체적인 사항은 국립어린이집의 경우 교육부장관이 정하고, 공립어린이집의 경우 지방자치단체의 조례로 정한다.",위임,미특정|조례,4,"국립은 장관이 정하는 형식 미특정 위임, 공립은 조례 위임으로 두 형식이 병기되었다."
P02294,"⑨ 어린이집의 운영 위탁에 관한 구체적인 사항은 국립어린이집의 경우 교육부장관이 정하고, 공립어린이집의 경우 지방자치단체의 조례로 정한다.",위임,미특정|조례,4,"국립은 장관이 정하도록(형식 미특정), 공립은 조례로 정하도록 규율권한을 넘긴다."
P02295,"⑨ 어린이집의 운영 위탁에 관한 구체적인 사항은 국립어린이집의 경우 교육부장관이 정하고, 공립어린이집의 경우 지방자치단체의 조례로 정한다.",위임,미특정|조례,4,구체적 사항을 장관이 정하도록(형식 미특정) 하고 공립은 조례에 위임하므로 두 형식을 병기한다.
P02296,"⑨ 어린이집의 운영 위탁에 관한 구체적인 사항은 국립어린이집의 경우 교육부장관이 정하고, 공립어린이집의 경우 지방자치단체의 조례로 정한다.",위임,미특정|조례,4,"국립은 장관이 정하도록(형식 미특정), 공립은 조례로 정하도록 규율권한을 넘기므로 두 형식을 병기한다."
P02297,"⑨ 어린이집의 운영 위탁에 관한 구체적인 사항은 국립어린이집의 경우 교육부장관이 정하고, 공립어린이집의 경우 지방자치단체의 조례로 정한다.",위임,미특정|조례,4,"국립은 장관이 정하는 형식 미특정 위임, 공립은 조례 위임으로 두 형식이 병기되었다."
P02298,"⑨ 어린이집의 운영 위탁에 관한 구체적인 사항은 국립어린이집의 경우 교육부장관이 정하고, 공립어린이집의 경우 지방자치단체의 조례로 정한다.",위임,미특정|조례,4,"국립은 장관이 정하도록(형식 미특정), 공립은 조례로 정하도록 규율권한을 넘기므로 두 형식을 병기한다."
P02299,"⑨ 어린이집의 운영 위탁에 관한 구체적인 사항은 국립어린이집의 경우 교육부장관이 정하고, 공립어린이집의 경우 지방자치단체의 조례로 정한다.",위임,미특정|조례,4,"국립은 장관이 정하는 형식 미특정 위임, 공립은 조례 위임으로 두 형식이 병기되었다."
P02300,"⑨ 어린이집의 운영 위탁에 관한 구체적인 사항은 국립어린이집의 경우 교육부장관이 정하고, 공립어린이집의 경우 지방자치단체의 조례로 정한다.",위임,미특정|조례,4,"국립은 장관이 정하도록(형식 미특정), 공립은 조례로 정하도록 규율권한을 넘기므로 두 형식을 병기한다."
P02301,"⑨ 어린이집의 운영 위탁에 관한 구체적인 사항은 국립어린이집의 경우 교육부장관이 정하고, 공립어린이집의 경우 지방자치단체의 조례로 정한다.",위임,미특정|조례,4,"국립은 장관이 정하는 형식 미특정 위임, 공립은 조례 위임으로 병기된다."
P02302,"⑨ 어린이집의 운영 위탁에 관한 구체적인 사항은 국립어린이집의 경우 교육부장관이 정하고, 공립어린이집의 경우 지방자치단체의 조례로 정한다.",위임,미특정|조례,4,"국립은 장관이 정하는 형식 미특정 위임, 공립은 조례 위임으로 두 형식이 병기되었다."
P02303,"⑨ 어린이집의 운영 위탁에 관한 구체적인 사항은 국립어린이집의 경우 교육부장관이 정하고, 공립어린이집의 경우 지방자치단체의 조례로 정한다.",위임,미특정|조례,4,구체적 사항을 장관이 정하도록(형식 미특정) 하고 조례에도 규율권한을 넘기므로 두 형식을 병기한다.
P02304,"⑨ 어린이집의 운영 위탁에 관한 구체적인 사항은 국립어린이집의 경우 교육부장관이 정하고, 공립어린이집의 경우 지방자치단체의 조례로 정한다.",위임,미특정|조례,4,"국립은 장관이 정하는 형식 미특정 위임, 공립은 조례 위임으로 병기되어 있다."
P02305,"⑨ 어린이집의 운영 위탁에 관한 구체적인 사항은 국립어린이집의 경우 교육부장관이 정하고, 공립어린이집의 경우 지방자치단체의 조례로 정한다.",위임,미특정|조례,4,"국립은 장관이 정하도록(법형식 미특정), 공립은 조례로 정하도록 규율권한을 넘긴다."
P02306,"⑨ 어린이집의 운영 위탁에 관한 구체적인 사항은 국립어린이집의 경우 교육부장관이 정하고, 공립어린이집의 경우 지방자치단체의 조례로 정한다.",위임,미특정|조례,4,"국립은 장관이 정하는 형식 미지정 위임, 공립은 조례 위임으로 두 형식이 병기되었다."
P02307,"⑨ 어린이집의 운영 위탁에 관한 구체적인 사항은 국립어린이집의 경우 교육부장관이 정하고, 공립어린이집의 경우 지방자치단체의 조례로 정한다.",위임,미특정|조례,4,구체적 사항을 장관이 정하도록(형식 미지정) 하고 공립은 조례에 위임하여 두 형식을 병기한다.
P02308,"⑨ 어린이집의 운영 위탁에 관한 구체적인 사항은 국립어린이집의 경우 교육부장관이 정하고, 공립어린이집의 경우 지방자치단체의 조례로 정한다.",위임,미특정|조례,4,"국립은 장관이 정하도록(형식 미특정), 공립은 조례로 정하도록 규율권한을 넘기므로 두 형식을 병기한다."
P02309,"⑨ 어린이집의 운영 위탁에 관한 구체적인 사항은 국립어린이집의 경우 교육부장관이 정하고, 공립어린이집의 경우 지방자치단체의 조례로 정한다.",위임,미특정|조례,4,"국립은 장관이 정하는 형식 미특정 위임, 공립은 조례 위임으로 두 형식이 병기되었다."
P02310,"⑨ 어린이집의 운영 위탁에 관한 구체적인 사항은 국립어린이집의 경우 교육부장관이 정하고, 공립어린이집의 경우 지방자치단체의 조례로 정한다.",위임,미특정|조례,4,구체적 사항을 장관이 정하는 형식 미특정 위임과 지방자치단체 조례 위임이 병기되어 있다.
P02311,"⑨ 어린이집의 운영 위탁에 관한 구체적인 사항은 국립어린이집의 경우 교육부장관이 정하고, 공립어린이집의 경우 지방자치단체의 조례로 정한다.",위임,미특정|조례,4,장관이 정하는(형식 미특정)과 조례로 정한다가 병기된 위임이다.
P02312,"⑨ 어린이집의 운영 위탁에 관한 구체적인 사항은 국립어린이집의 경우 교육부장관이 정하고, 공립어린이집의 경우 지방자치단체의 조례로 정한다.",위임,미특정|조례,4,구체적 사항을 장관이 정하도록(형식 미특정) 하고 공립은 조례로 정하도록 규율권한을 넘기므로 두 형식을 병기한다.
P02313,"⑨ 어린이집의 운영 위탁에 관한 구체적인 사항은 국립어린이집의 경우 교육부장관이 정하고, 공립어린이집의 경우 지방자치단체의 조례로 정한다.",위임,미특정|조례,4,"국립은 장관이 정하도록(형식 미지정), 공립은 조례로 정하도록 규율권한을 넘기는 병기 위임이다."
P02314,"⑨ 어린이집의 운영 위탁에 관한 구체적인 사항은 국립어린이집의 경우 교육부장관이 정하고, 공립어린이집의 경우 지방자치단체의 조례로 정한다.",위임,미특정|조례,4,"국립은 장관이 정하도록(형식 미특정), 공립은 조례로 정하도록 규율권한을 넘기는 병기 위임이다."
P02315,"⑨ 어린이집의 운영 위탁에 관한 구체적인 사항은 국립어린이집의 경우 교육부장관이 정하고, 공립어린이집의 경우 지방자치단체의 조례로 정한다.",위임,미특정|조례,4,"국립은 장관이 정하도록(형식 미특정), 공립은 조례로 정하도록 규율권한을 넘기므로 두 형식을 병기한다."
P02316,"⑨ 어린이집의 운영 위탁에 관한 구체적인 사항은 국립어린이집의 경우 교육부장관이 정하고, 공립어린이집의 경우 지방자치단체의 조례로 정한다.",위임,미특정|조례,4,"국립은 장관이 정하도록(형식 미특정), 공립은 조례로 정하도록 규율권한을 넘긴다."
P02317,"⑨ 어린이집의 운영 위탁에 관한 구체적인 사항은 국립어린이집의 경우 교육부장관이 정하고, 공립어린이집의 경우 지방자치단체의 조례로 정한다.",위임,미특정|조례,4,국립은 장관이 정하도록(법형식 미특정) 하고 공립은 조례로 정하도록 규율권한을 병기하여 넘긴다.
P02318,"⑨ 어린이집의 운영 위탁에 관한 구체적인 사항은 국립어린이집의 경우 교육부장관이 정하고, 공립어린이집의 경우 지방자치단체의 조례로 정한다.",위임,미특정|조례,4,구체적 사항을 장관이 정하도록(형식 미특정) 하고 공립은 조례로 정하도록 병기 위임한다.
P02319,"⑨ 어린이집의 운영 위탁에 관한 구체적인 사항은 국립어린이집의 경우 교육부장관이 정하고, 공립어린이집의 경우 지방자치단체의 조례로 정한다.",위임,미특정|조례,4,구체적 사항을 장관이 정하는 형식 미특정 규범과 지방자치단체 조례에 각각 넘기는 위임이다.
P02320,"⑨ 어린이집의 운영 위탁에 관한 구체적인 사항은 국립어린이집의 경우 교육부장관이 정하고, 공립어린이집의 경우 지방자치단체의 조례로 정한다.",위임,미특정|조례,4,구체적 사항을 장관이 정하는 형식(미특정)과 지방자치단체 조례에 각각 넘기는 위임이다.
P02321,"⑨ 어린이집의 운영 위탁에 관한 구체적인 사항은 국립어린이집의 경우 교육부장관이 정하고, 공립어린이집의 경우 지방자치단체의 조례로 정한다.",위임,미특정|조례,4,장관이 정하는(형식 미특정)과 조례가 병기된 위임이다.
P02322,"⑨ 어린이집의 운영 위탁에 관한 구체적인 사항은 국립어린이집의 경우 교육부장관이 정하고, 공립어린이집의 경우 지방자치단체의 조례로 정한다.",위임,미특정|조례,4,구체적 사항을 장관이 정하는 형식 미특정 위임과 지방자치단체 조례 위임이 병기되어 있다.
P02323,"⑨ 어린이집의 운영 위탁에 관한 구체적인 사항은 국립어린이집의 경우 교육부장관이 정하고, 공립어린이집의 경우 지방자치단체의 조례로 정한다.",위임,미특정|조례,4,"국립은 장관이 정하도록(형식 미특정), 공립은 조례로 정하도록 규율권한을 병기하여 넘긴다."
P02324,"⑨ 어린이집의 운영 위탁에 관한 구체적인 사항은 국립어린이집의 경우 교육부장관이 정하고, 공립어린이집의 경우 지방자치단체의 조례로 정한다.",위임,미특정|조례,4,"국립은 장관이 정하는 형식 미지정 위임, 공립은 조례 위임으로 두 형식이 병기되어 있다."
P02325,"⑨ 어린이집의 운영 위탁에 관한 구체적인 사항은 국립어린이집의 경우 교육부장관이 정하고, 공립어린이집의 경우 지방자치단체의 조례로 정한다.",위임,미특정|조례,4,"국립은 장관이 정하는 형식 미특정 위임, 공립은 조례 위임으로 병기되어 있다."
P02326,"⑨ 어린이집의 운영 위탁에 관한 구체적인 사항은 국립어린이집의 경우 교육부장관이 정하고, 공립어린이집의 경우 지방자치단체의 조례로 정한다.",위임,미특정|조례,4,"국립은 장관이 정하는 형식 미특정 위임, 공립은 조례 위임으로 두 형식이 병기되었다."
P02327,"⑨ 어린이집의 운영 위탁에 관한 구체적인 사항은 국립어린이집의 경우 교육부장관이 정하고, 공립어린이집의 경우 지방자치단체의 조례로 정한다.",위임,미특정|조례,5,"국립은 장관이 정하도록(형식 미특정), 공립은 조례로 정하도록 규율권한을 병기하여 넘긴다."
P02328,"⑨ 어린이집의 운영 위탁에 관한 구체적인 사항은 국립어린이집의 경우 교육부장관이 정하고, 공립어린이집의 경우 지방자치단체의 조례로 정한다.",위임,미특정|조례,4,"국립은 장관이 정하는 형식 미특정 위임, 공립은 조례 위임으로 두 형식이 병기되었다."
P02329,"⑨ 어린이집의 운영 위탁에 관한 구체적인 사항은 국립어린이집의 경우 교육부장관이 정하고, 공립어린이집의 경우 지방자치단체의 조례로 정한다.",위임,미특정|조례,4,"국립은 장관이 정하는 형식 미특정, 공립은 조례로 정하도록 병기하여 규율권한을 넘긴다."
P02330,"⑨ 어린이집의 운영 위탁에 관한 구체적인 사항은 국립어린이집의 경우 교육부장관이 정하고, 공립어린이집의 경우 지방자치단체의 조례로 정한다.",위임,미특정|조례,4,"국립은 장관이 정하도록(법형식 미특정), 공립은 조례로 정하도록 규율권한을 넘기므로 두 형식을 병기한다."
P02331,"⑨ 어린이집의 운영 위탁에 관한 구체적인 사항은 국립어린이집의 경우 교육부장관이 정하고, 공립어린이집의 경우 지방자치단체의 조례로 정한다.",위임,미특정|조례,4,"국립은 장관이 정하도록(형식 미특정), 공립은 조례로 정하도록 규율권한을 넘기므로 두 형식을 병기한다."
P02332,"⑨ 어린이집의 운영 위탁에 관한 구체적인 사항은 국립어린이집의 경우 교육부장관이 정하고, 공립어린이집의 경우 지방자치단체의 조례로 정한다.",위임,미특정|조례,4,구체적 사항을 교육부장관이 정하는 형식 미특정 위임과 조례 위임이 병기되어 있다.
P02333,"⑨ 어린이집의 운영 위탁에 관한 구체적인 사항은 국립어린이집의 경우 교육부장관이 정하고, 공립어린이집의 경우 지방자치단체의 조례로 정한다.",위임,미특정|조례,4,"국립은 장관이 정하도록(형식 미특정), 공립은 조례로 정하도록 규율권한을 병기하여 위임한다."
P02334,"⑨ 어린이집의 운영 위탁에 관한 구체적인 사항은 국립어린이집의 경우 교육부장관이 정하고, 공립어린이집의 경우 지방자치단체의 조례로 정한다.",위임,미특정|조례,4,"국립은 장관이 정하는 형식 미특정 위임, 공립은 조례 위임이 병기되어 있다."
P02335,"⑨ 어린이집의 운영 위탁에 관한 구체적인 사항은 국립어린이집의 경우 교육부장관이 정하고, 공립어린이집의 경우 지방자치단체의 조례로 정한다.",위임,미특정|조례,4,"국립은 장관이 정하도록(형식 미특정), 공립은 조례로 정하도록 규율권한을 넘기므로 두 형식을 병기한다."
P02336,"⑨ 어린이집의 운영 위탁에 관한 구체적인 사항은 국립어린이집의 경우 교육부장관이 정하고, 공립어린이집의 경우 지방자치단체의 조례로 정한다.",위임,미특정|조례,4,"국립은 장관이 정하는 형식 미특정 위임, 공립은 조례 위임으로 두 형식이 병기되었다."
P02337,"⑨ 어린이집의 운영 위탁에 관한 구체적인 사항은 국립어린이집의 경우 교육부장관이 정하고, 공립어린이집의 경우 지방자치단체의 조례로 정한다.",위임,미특정|조례,4,"국립은 장관이 정하도록(형식 미지정), 공립은 조례로 정하도록 규율권한을 넘기므로 두 형식을 병기한다."
P02338,"⑨ 어린이집의 운영 위탁에 관한 구체적인 사항은 국립어린이집의 경우 교육부장관이 정하고, 공립어린이집의 경우 지방자치단체의 조례로 정한다.",위임,미특정|조례,4,"국립은 장관이 정하도록(형식 미특정), 공립은 조례로 정하도록 규율권한을 넘기는 병기 위임이다."
P02339,"⑨ 어린이집의 운영 위탁에 관한 구체적인 사항은 국립어린이집의 경우 교육부장관이 정하고, 공립어린이집의 경우 지방자치단체의 조례로 정한다.",위임,미특정|조례,4,구체적 사항을 장관이 정하도록 하는 미특정 위임과 조례 위임이 병기되어 있다.
P02340,"⑨ 어린이집의 운영 위탁에 관한 구체적인 사항은 국립어린이집의 경우 교육부장관이 정하고, 공립어린이집의 경우 지방자치단체의 조례로 정한다.",위임,미특정|조례,4,"국립은 장관이 정하도록 형식 미특정으로, 공립은 조례로 규율권한을 넘기는 병기 위임이다."
P02341,"⑨ 어린이집의 운영 위탁에 관한 구체적인 사항은 국립어린이집의 경우 교육부장관이 정하고, 공립어린이집의 경우 지방자치단체의 조례로 정한다.",위임,미특정|조례,4,구체적 사항을 장관이 정하는 형식 미특정 위임과 지방자치단체 조례 위임이 병기되어 있다.
P02342,"⑨ 어린이집의 운영 위탁에 관한 구체적인 사항은 국립어린이집의 경우 교육부장관이 정하고, 공립어린이집의 경우 지방자치단체의 조례로 정한다.",위임,미특정|조례,4,"국립은 장관이 정하도록(형식 미특정), 공립은 조례로 정하도록 규율권한을 넘기는 병기 위임이다."
P02343,"⑨ 어린이집의 운영 위탁에 관한 구체적인 사항은 국립어린이집의 경우 교육부장관이 정하고, 공립어린이집의 경우 지방자치단체의 조례로 정한다.",위임,미특정|조례,4,"국립은 장관이 정하도록(형식 미특정), 공립은 조례로 정하도록 규율권한을 넘긴다."
P02344,"⑨ 어린이집의 운영 위탁에 관한 구체적인 사항은 국립어린이집의 경우 교육부장관이 정하고, 공립어린이집의 경우 지방자치단체의 조례로 정한다.",위임,미특정|조례,4,"국립은 장관이 정하도록(형식 미특정), 공립은 조례로 정하도록 규율권한을 넘기는 병기 위임이다."
P02345,"⑨ 어린이집의 운영 위탁에 관한 구체적인 사항은 국립어린이집의 경우 교육부장관이 정하고, 공립어린이집의 경우 지방자치단체의 조례로 정한다.",위임,미특정|조례,4,"국립은 장관이 정하도록(형식 미특정), 공립은 조례로 정하도록 규율권한을 넘기는 병기 위임이다."
P02346,"⑨ 어린이집의 운영 위탁에 관한 구체적인 사항은 국립어린이집의 경우 교육부장관이 정하고, 공립어린이집의 경우 지방자치단체의 조례로 정한다.",위임,미특정|조례,4,"국립은 장관이 정하는 형식 미지정 위임, 공립은 조례 위임으로 두 형식이 병기되었다."
P02347,"⑨ 어린이집의 운영 위탁에 관한 구체적인 사항은 국립어린이집의 경우 교육부장관이 정하고, 공립어린이집의 경우 지방자치단체의 조례로 정한다.",위임,미특정|조례,4,"국립은 장관이 정하도록(형식 미특정), 공립은 조례로 정하도록 규율권한을 넘기는 병기 위임이다."
P02348,"⑨ 어린이집의 운영 위탁에 관한 구체적인 사항은 국립어린이집의 경우 교육부장관이 정하고, 공립어린이집의 경우 지방자치단체의 조례로 정한다.",위임,미특정|조례,4,구체적 사항을 장관이 정하는 형식 미특정 규범과 지방자치단체 조례에 각각 넘기는 병기 위임이다.
P02349,"⑨ 어린이집의 운영 위탁에 관한 구체적인 사항은 국립어린이집의 경우 교육부장관이 정하고, 공립어린이집의 경우 지방자치단체의 조례로 정한다.",위임,미특정|조례,4,구체적 사항을 장관이 정하는 형식 미특정 위임과 지방자치단체 조례 위임이 병기되어 있다.
P02350,"⑨ 어린이집의 운영 위탁에 관한 구체적인 사항은 국립어린이집의 경우 교육부장관이 정하고, 공립어린이집의 경우 지방자치단체의 조례로 정한다.",위임,미특정|조례,4,"국립은 교육부장관이 정하도록(형식 미특정), 공립은 조례로 정하도록 규율권한을 넘긴다."
P02351,"⑨ 어린이집의 운영 위탁에 관한 구체적인 사항은 국립어린이집의 경우 교육부장관이 정하고, 공립어린이집의 경우 지방자치단체의 조례로 정한다.",위임,미특정|조례,4,"국립은 장관이 정하는 형식 미특정 위임, 공립은 조례 위임으로 두 형식이 병기되었다."
P02352,"⑨ 어린이집의 운영 위탁에 관한 구체적인 사항은 국립어린이집의 경우 교육부장관이 정하고, 공립어린이집의 경우 지방자치단체의 조례로 정한다.",위임,미특정|조례,4,"국립은 장관이 정하도록(형식 미특정), 공립은 조례로 정하도록 규율권한을 넘기므로 두 형식을 병기한다."
P02353,"⑨ 어린이집의 운영 위탁에 관한 구체적인 사항은 국립어린이집의 경우 교육부장관이 정하고, 공립어린이집의 경우 지방자치단체의 조례로 정한다.",위임,미특정|조례,4,"국립은 장관이 정하는 형식 미특정 위임, 공립은 조례 위임으로 두 형식이 병기되어 있다."
P02354,"⑨ 어린이집의 운영 위탁에 관한 구체적인 사항은 국립어린이집의 경우 교육부장관이 정하고, 공립어린이집의 경우 지방자치단체의 조례로 정한다.",위임,미특정|조례,4,"국립은 장관이 정하도록 형식 미특정으로, 공립은 조례로 규율권한을 넘기는 병기 위임이다."
P02355,"⑨ 어린이집의 운영 위탁에 관한 구체적인 사항은 국립어린이집의 경우 교육부장관이 정하고, 공립어린이집의 경우 지방자치단체의 조례로 정한다.",위임,미특정|조례,4,구체적 사항을 장관이 정하도록(형식 미특정) 하고 공립은 조례에 규율권한을 넘기므로 두 형식을 병기한다.
P02356,"⑨ 어린이집의 운영 위탁에 관한 구체적인 사항은 국립어린이집의 경우 교육부장관이 정하고, 공립어린이집의 경우 지방자치단체의 조례로 정한다.",위임,미특정|조례,4,구체적 사항을 장관이 정하도록(형식 미특정) 하고 공립은 조례로 정하도록 병기하여 위임한다.
P02357,"⑨ 어린이집의 운영 위탁에 관한 구체적인 사항은 국립어린이집의 경우 교육부장관이 정하고, 공립어린이집의 경우 지방자치단체의 조례로 정한다.",위임,미특정|조례,4,"국립은 장관이 정하는 형식 미특정 위임, 공립은 조례 위임으로 두 형식이 병기되었다."
P02358,"⑨ 어린이집의 운영 위탁에 관한 구체적인 사항은 국립어린이집의 경우 교육부장관이 정하고, 공립어린이집의 경우 지방자치단체의 조례로 정한다.",위임,미특정|조례,4,"국립은 장관이 정하도록(형식 미특정), 공립은 조례로 정하도록 규율권한을 넘기므로 두 형식을 병기한다."
P02359,"⑨ 어린이집의 운영 위탁에 관한 구체적인 사항은 국립어린이집의 경우 교육부장관이 정하고, 공립어린이집의 경우 지방자치단체의 조례로 정한다.",위임,미특정|조례,4,"국립은 장관이 정하는 형식 미특정 위임, 공립은 조례 위임으로 두 형식이 병기되었다."
P02360,"⑨ 어린이집의 운영 위탁에 관한 구체적인 사항은 국립어린이집의 경우 교육부장관이 정하고, 공립어린이집의 경우 지방자치단체의 조례로 정한다.",위임,미특정|조례,4,"국립은 장관이 정하도록(형식 미특정), 공립은 조례로 정하도록 규율권한을 넘기는 병기 위임이다."
P02361,"⑨ 어린이집의 운영 위탁에 관한 구체적인 사항은 국립어린이집의 경우 교육부장관이 정하고, 공립어린이집의 경우 지방자치단체의 조례로 정한다.",위임,미특정|조례,4,"국립은 장관이 정하도록(형식 미지정), 공립은 조례로 정하도록 규율권한을 넘기는 위임이다."
P02362,"⑨ 어린이집의 운영 위탁에 관한 구체적인 사항은 국립어린이집의 경우 교육부장관이 정하고, 공립어린이집의 경우 지방자치단체의 조례로 정한다.",위임,미특정|조례,4,"국립은 장관이 정하는 형식 미특정 위임, 공립은 조례 위임으로 두 형식이 병기되었다."
P02363,"⑨ 어린이집의 운영 위탁에 관한 구체적인 사항은 국립어린이집의 경우 교육부장관이 정하고, 공립어린이집의 경우 지방자치단체의 조례로 정한다.",위임,미특정|조례,4,구체적 사항을 장관이 정하는 형식 미특정 방식과 지방자치단체 조례에 각각 위임하고 있어 두 형식을 병기한다.
P02364,"⑨ 어린이집의 운영 위탁에 관한 구체적인 사항은 국립어린이집의 경우 교육부장관이 정하고, 공립어린이집의 경우 지방자치단체의 조례로 정한다.",위임,미특정|조례,4,"국립은 장관이 정하도록 형식을 특정하지 않고, 공립은 조례에 규율권한을 넘기므로 두 형식을 병기한다."
P02365,"⑨ 어린이집의 운영 위탁에 관한 구체적인 사항은 국립어린이집의 경우 교육부장관이 정하고, 공립어린이집의 경우 지방자치단체의 조례로 정한다.",위임,미특정|조례,4,"국립은 교육부장관이 정하도록(형식 미특정), 공립은 조례로 정하도록 규율권한을 넘긴다."
P02366,"⑨ 어린이집의 운영 위탁에 관한 구체적인 사항은 국립어린이집의 경우 교육부장관이 정하고, 공립어린이집의 경우 지방자치단체의 조례로 정한다.",위임,미특정|조례,4,"국립은 장관이 정하도록(형식 미특정), 공립은 조례로 정하도록 규율권한을 넘기는 병기 위임이다."
P02367,"⑨ 어린이집의 운영 위탁에 관한 구체적인 사항은 국립어린이집의 경우 교육부장관이 정하고, 공립어린이집의 경우 지방자치단체의 조례로 정한다.",위임,미특정|조례,4,"국립은 장관이 정하는 형식 미특정 위임, 공립은 조례 위임으로 두 형식이 병기되었다."
P02368,"⑨ 어린이집의 운영 위탁에 관한 구체적인 사항은 국립어린이집의 경우 교육부장관이 정하고, 공립어린이집의 경우 지방자치단체의 조례로 정한다.",위임,미특정|조례,4,"국립은 장관이 정하는 형식 미지정 위임, 공립은 조례 위임으로 두 형식이 병기되었다."
P02369,"⑨ 어린이집의 운영 위탁에 관한 구체적인 사항은 국립어린이집의 경우 교육부장관이 정하고, 공립어린이집의 경우 지방자치단체의 조례로 정한다.",위임,미특정|조례,4,"국립은 장관이 정하는 형식 미특정 위임, 공립은 조례 위임으로 두 형식이 병기되었다."
P02370,"⑨ 어린이집의 운영 위탁에 관한 구체적인 사항은 국립어린이집의 경우 교육부장관이 정하고, 공립어린이집의 경우 지방자치단체의 조례로 정한다.",위임,미특정|조례,4,"국립은 장관이 정하도록(형식 미특정), 공립은 조례로 정하도록 권한을 넘기는 병기 위임이다."
P02371,"⑨ 어린이집의 운영 위탁에 관한 구체적인 사항은 국립어린이집의 경우 교육부장관이 정하고, 공립어린이집의 경우 지방자치단체의 조례로 정한다.",위임,미특정|조례,4,"국립은 장관이 정하도록(형식 미특정), 공립은 조례로 정하도록 각각 규율권한을 넘기는 위임이다."
P02372,"⑨ 어린이집의 운영 위탁에 관한 구체적인 사항은 국립어린이집의 경우 교육부장관이 정하고, 공립어린이집의 경우 지방자치단체의 조례로 정한다.",위임,미특정|조례,4,"국립은 장관이 정하는 형식 미지정 위임, 공립은 조례 위임으로 두 형식이 병기되었다."
P02373,"⑨ 어린이집의 운영 위탁에 관한 구체적인 사항은 국립어린이집의 경우 교육부장관이 정하고, 공립어린이집의 경우 지방자치단체의 조례로 정한다.",위임,미특정|조례,4,"국립은 장관이 정하는 형식 미특정 위임, 공립은 조례 위임이 병기되어 있다."
P02374,"⑨ 어린이집의 운영 위탁에 관한 구체적인 사항은 국립어린이집의 경우 교육부장관이 정하고, 공립어린이집의 경우 지방자치단체의 조례로 정한다.",위임,미특정|조례,4,국립은 장관이 정하도록(형식 미지정) 하고 공립은 조례로 정하도록 규율권한을 병기하여 넘긴다.
P02375,"⑨ 어린이집의 운영 위탁에 관한 구체적인 사항은 국립어린이집의 경우 교육부장관이 정하고, 공립어린이집의 경우 지방자치단체의 조례로 정한다.",위임,미특정|조례,4,"국립은 장관이 정하도록(형식 미특정), 공립은 조례로 정하도록 규율권한을 병기하여 위임한다."
P02376,"⑨ 어린이집의 운영 위탁에 관한 구체적인 사항은 국립어린이집의 경우 교육부장관이 정하고, 공립어린이집의 경우 지방자치단체의 조례로 정한다.",위임,미특정|조례,4,구체적 사항을 장관이 정하도록(형식 미특정) 하고 공립은 조례로 정하게 하는 병기된 위임이다.
P02377,"⑨ 어린이집의 운영 위탁에 관한 구체적인 사항은 국립어린이집의 경우 교육부장관이 정하고, 공립어린이집의 경우 지방자치단체의 조례로 정한다.",위임,미특정|조례,4,"국립은 장관이 정하도록(법형식 미특정), 공립은 조례로 정하도록 규율권한을 넘기는 병기 위임이다."
P02378,"⑨ 어린이집의 운영 위탁에 관한 구체적인 사항은 국립어린이집의 경우 교육부장관이 정하고, 공립어린이집의 경우 지방자치단체의 조례로 정한다.",위임,미특정|조례,4,국립은 형식 미지정으로 장관이 정하고 공립은 조례로 정하도록 규율권한을 넘기므로 두 형식을 병기한다.
P02379,"⑨ 어린이집의 운영 위탁에 관한 구체적인 사항은 국립어린이집의 경우 교육부장관이 정하고, 공립어린이집의 경우 지방자치단체의 조례로 정한다.",위임,미특정|조례,4,"국립은 장관이 정하는 형식 미특정, 공립은 조례로 정하도록 각각 규율권한을 넘기므로 두 형식을 병기한다."
P02380,"⑨ 어린이집의 운영 위탁에 관한 구체적인 사항은 국립어린이집의 경우 교육부장관이 정하고, 공립어린이집의 경우 지방자치단체의 조례로 정한다.",위임,미특정|조례,4,"국립은 장관이 정하도록(형식 미특정), 공립은 조례로 정하도록 규율권한을 넘기는 위임이다."
P02381,"⑨ 어린이집의 운영 위탁에 관한 구체적인 사항은 국립어린이집의 경우 교육부장관이 정하고, 공립어린이집의 경우 지방자치단체의 조례로 정한다.",위임,미특정|조례,4,"국립은 장관이 정하는 형식 미특정 위임, 공립은 조례 위임으로 두 형식이 병기되었다."
P02382,"⑨ 어린이집의 운영 위탁에 관한 구체적인 사항은 국립어린이집의 경우 교육부장관이 정하고, 공립어린이집의 경우 지방자치단체의 조례로 정한다.",위임,미특정|조례,4,"국립은 장관이 정하도록 형식 미특정으로, 공립은 조례로 규율권한을 넘긴다."
P02383,"⑨ 어린이집의 운영 위탁에 관한 구체적인 사항은 국립어린이집의 경우 교육부장관이 정하고, 공립어린이집의 경우 지방자치단체의 조례로 정한다.",위임,미특정|조례,4,"국립은 장관이 정하는 형식 미특정 위임, 공립은 조례 위임으로 두 형식이 병기되었다."
P02384,"⑨ 어린이집의 운영 위탁에 관한 구체적인 사항은 국립어린이집의 경우 교육부장관이 정하고, 공립어린이집의 경우 지방자치단체의 조례로 정한다.",위임,미특정|조례,4,"국립은 장관이 정하도록(형식 미특정), 공립은 조례로 정하도록 규율권한을 넘기므로 두 형식을 병기한다."
P02385,"⑨ 어린이집의 운영 위탁에 관한 구체적인 사항은 국립어린이집의 경우 교육부장관이 정하고, 공립어린이집의 경우 지방자치단체의 조례로 정한다.",위임,미특정|조례,4,"국립은 장관이 정하도록(형식 미특정), 공립은 조례로 정하도록 규율권한을 넘기므로 두 형식을 병기한다."
P02386,"⑨ 어린이집의 운영 위탁에 관한 구체적인 사항은 국립어린이집의 경우 교육부장관이 정하고, 공립어린이집의 경우 지방자치단체의 조례로 정한다.",위임,미특정|조례,4,"국립은 장관이 정하도록(형식 미특정), 공립은 조례로 정하도록 규율권한을 넘긴다."
P02387,"⑨ 어린이집의 운영 위탁에 관한 구체적인 사항은 국립어린이집의 경우 교육부장관이 정하고, 공립어린이집의 경우 지방자치단체의 조례로 정한다.",위임,미특정|조례,4,"국립은 장관이 정하도록(형식 미특정), 공립은 조례로 정하도록 규율권한을 병기하여 넘긴다."
P02388,"⑨ 어린이집의 운영 위탁에 관한 구체적인 사항은 국립어린이집의 경우 교육부장관이 정하고, 공립어린이집의 경우 지방자치단체의 조례로 정한다.",위임,미특정|조례,4,"국립은 장관이 정하도록(형식 미특정), 공립은 조례로 정하도록 규율권한을 넘긴다."
P02389,"⑨ 어린이집의 운영 위탁에 관한 구체적인 사항은 국립어린이집의 경우 교육부장관이 정하고, 공립어린이집의 경우 지방자치단체의 조례로 정한다.",위임,미특정|조례,4,"국립은 장관이 정하는 형식 미특정 위임, 공립은 조례 위임으로 두 형식이 병기되었다."
P02390,"⑨ 어린이집의 운영 위탁에 관한 구체적인 사항은 국립어린이집의 경우 교육부장관이 정하고, 공립어린이집의 경우 지방자치단체의 조례로 정한다.",위임,미특정|조례,4,"국립은 장관이 정하는 형식 미특정 위임, 공립은 조례 위임으로 두 형식이 병기되었다."
P02391,"⑨ 어린이집의 운영 위탁에 관한 구체적인 사항은 국립어린이집의 경우 교육부장관이 정하고, 공립어린이집의 경우 지방자치단체의 조례로 정한다.",위임,미특정|조례,4,"국립은 장관이 정하도록(형식 미특정), 공립은 조례로 정하도록 규율권한을 넘기므로 두 형식을 병기한다."
P02392,"⑨ 어린이집의 운영 위탁에 관한 구체적인 사항은 국립어린이집의 경우 교육부장관이 정하고, 공립어린이집의 경우 지방자치단체의 조례로 정한다.",위임,미특정|조례,4,"국립은 장관이 정하도록(형식 미특정), 공립은 조례로 정하도록 규율권한을 넘기므로 두 형식을 병기한다."
P02393,"⑨ 어린이집의 운영 위탁에 관한 구체적인 사항은 국립어린이집의 경우 교육부장관이 정하고, 공립어린이집의 경우 지방자치단체의 조례로 정한다.",위임,미특정|조례,4,"국립은 장관이 정하도록(형식 미특정), 공립은 조례로 정하도록 규율권한을 넘긴다."
P02394,"⑨ 어린이집의 운영 위탁에 관한 구체적인 사항은 국립어린이집의 경우 교육부장관이 정하고, 공립어린이집의 경우 지방자치단체의 조례로 정한다.",위임,미특정|조례,4,"국립은 장관이 정하는 형식 미특정 위임, 공립은 조례 위임으로 두 형식이 병기되었다."
P02395,"⑨ 어린이집의 운영 위탁에 관한 구체적인 사항은 국립어린이집의 경우 교육부장관이 정하고, 공립어린이집의 경우 지방자치단체의 조례로 정한다.",위임,미특정|조례,4,"국립은 장관이 정하는 형식 미특정 위임, 공립은 조례 위임으로 두 형식이 병기되었다."
P02396,"⑨ 어린이집의 운영 위탁에 관한 구체적인 사항은 국립어린이집의 경우 교육부장관이 정하고, 공립어린이집의 경우 지방자치단체의 조례로 정한다.",위임,미특정|조례,4,구체적 사항을 장관이 정하는 형식(미특정)과 지방자치단체 조례에 병기하여 위임한다.
P02397,"⑨ 어린이집의 운영 위탁에 관한 구체적인 사항은 국립어린이집의 경우 교육부장관이 정하고, 공립어린이집의 경우 지방자치단체의 조례로 정한다.",위임,미특정|조례,4,"국립은 교육부장관이 정하는 형식 미특정 위임, 공립은 조례 위임으로 두 형식이 병기되었다."
P02398,"⑨ 어린이집의 운영 위탁에 관한 구체적인 사항은 국립어린이집의 경우 교육부장관이 정하고, 공립어린이집의 경우 지방자치단체의 조례로 정한다.",위임,미특정|조례,4,"국립은 장관이 정하는 형식 미특정, 공립은 조례로 정하도록 규율권한을 넘기므로 두 형식을 병기한다."
P02399,"⑨ 어린이집의 운영 위탁에 관한 구체적인 사항은 국립어린이집의 경우 교육부장관이 정하고, 공립어린이집의 경우 지방자치단체의 조례로 정한다.",위임,미특정|조례,4,"국립은 장관이 정하는 형식 미특정 위임, 공립은 조례 위임으로 두 형식이 병기되었다."
P02400,"⑨ 어린이집의 운영 위탁에 관한 구체적인 사항은 국립어린이집의 경우 교육부장관이 정하고, 공립어린이집의 경우 지방자치단체의 조례로 정한다.",위임,미특정|조례,4,"국립은 장관이 정하는 형식 미특정 위임, 공립은 조례 위임으로 두 형식이 병기되었다."
P02401,"⑨ 어린이집의 운영 위탁에 관한 구체적인 사항은 국립어린이집의 경우 교육부장관이 정하고, 공립어린이집의 경우 지방자치단체의 조례로 정한다.",위임,미특정|조례,4,구체적 사항을 장관이 정하는 형식(미특정)과 지방자치단체 조례에 각각 넘기는 위임이다.
P02402,"⑨ 어린이집의 운영 위탁에 관한 구체적인 사항은 국립어린이집의 경우 교육부장관이 정하고, 공립어린이집의 경우 지방자치단체의 조례로 정한다.",위임,미특정|조례,4,"국립은 장관이 정하도록(형식 미특정), 공립은 조례로 정하도록 규율권한을 넘기므로 두 형식을 병기한다."
P02403,"⑨ 어린이집의 운영 위탁에 관한 구체적인 사항은 국립어린이집의 경우 교육부장관이 정하고, 공립어린이집의 경우 지방자치단체의 조례로 정한다.",위임,미특정|조례,4,"국립은 장관이 정하도록(형식 미특정), 공립은 조례로 정하도록 규율권한을 병기하여 넘긴다."
P02404,"⑨ 어린이집의 운영 위탁에 관한 구체적인 사항은 국립어린이집의 경우 교육부장관이 정하고, 공립어린이집의 경우 지방자치단체의 조례로 정한다.",위임,미특정|조례,4,"국립은 장관이 정하도록(형식 미특정), 공립은 조례로 정하도록 규율권한을 넘기므로 두 형식을 병기한다."
P02405,"⑨ 어린이집의 운영 위탁에 관한 구체적인 사항은 국립어린이집의 경우 교육부장관이 정하고, 공립어린이집의 경우 지방자치단체의 조례로 정한다.",위임,미특정|조례,4,"국립은 장관이 정하는 형식 미지정 위임, 공립은 조례 위임으로 두 형식이 병기되었다."
P02406,"⑨ 어린이집의 운영 위탁에 관한 구체적인 사항은 국립어린이집의 경우 교육부장관이 정하고, 공립어린이집의 경우 지방자치단체의 조례로 정한다.",위임,미특정|조례,4,"국립은 장관이 정하도록(형식 미특정), 공립은 조례로 정하도록 규율권한을 병기하여 넘긴다."
P02407,"⑨ 어린이집의 운영 위탁에 관한 구체적인 사항은 국립어린이집의 경우 교육부장관이 정하고, 공립어린이집의 경우 지방자치단체의 조례로 정한다.",위임,미특정|조례,4,"국립은 장관이 정하도록(형식 미특정), 공립은 조례로 정하도록 규율권한을 넘기는 병기 위임이다."
P02408,"⑨ 어린이집의 운영 위탁에 관한 구체적인 사항은 국립어린이집의 경우 교육부장관이 정하고, 공립어린이집의 경우 지방자치단체의 조례로 정한다.",위임,미특정|조례,4,"국립은 장관이 정하는 형식 미특정 위임, 공립은 조례로 정하는 위임이 병기되어 있다."
P02409,"⑨ 어린이집의 운영 위탁에 관한 구체적인 사항은 국립어린이집의 경우 교육부장관이 정하고, 공립어린이집의 경우 지방자치단체의 조례로 정한다.",위임,미특정|조례,4,"국립은 교육부장관이 형식 미특정으로, 공립은 조례로 정하도록 규율권한을 넘긴다."
P02410,"⑨ 어린이집의 운영 위탁에 관한 구체적인 사항은 국립어린이집의 경우 교육부장관이 정하고, 공립어린이집의 경우 지방자치단체의 조례로 정한다.",위임,미특정|조례,4,국립은 장관이 정하도록(형식 미특정) 하고 공립은 조례에 규율권한을 넘기므로 두 형식을 병기한다.
P02411,"⑨ 어린이집의 운영 위탁에 관한 구체적인 사항은 국립어린이집의 경우 교육부장관이 정하고, 공립어린이집의 경우 지방자치단체의 조례로 정한다.",위임,미특정|조례,4,"국립은 장관이 정하도록(형식 미특정), 공립은 조례로 정하도록 규율권한을 넘기므로 두 형식을 병기한다."
P02412,"⑨ 어린이집의 운영 위탁에 관한 구체적인 사항은 국립어린이집의 경우 교육부장관이 정하고, 공립어린이집의 경우 지방자치단체의 조례로 정한다.",위임,미특정|조례,4,"국립은 장관이 정하도록(형식 미특정), 공립은 조례로 정하도록 규율권한을 넘긴 병기 위임이다."
P02413,"⑨ 어린이집의 운영 위탁에 관한 구체적인 사항은 국립어린이집의 경우 교육부장관이 정하고, 공립어린이집의 경우 지방자치단체의 조례로 정한다.",위임,미특정|조례,4,"국립은 장관이 정하는 형식 미특정 위임, 공립은 조례 위임으로 두 형식이 병기되었다."
P02414,"⑨ 어린이집의 운영 위탁에 관한 구체적인 사항은 국립어린이집의 경우 교육부장관이 정하고, 공립어린이집의 경우 지방자치단체의 조례로 정한다.",위임,미특정|조례,4,"국립은 장관이 정하도록(형식 미특정), 공립은 조례로 정하도록 규율권한을 병기하여 넘긴다."
P02415,"⑨ 어린이집의 운영 위탁에 관한 구체적인 사항은 국립어린이집의 경우 교육부장관이 정하고, 공립어린이집의 경우 지방자치단체의 조례로 정한다.",위임,미특정|조례,4,구체적 사항의 규율권한을 교육부장관(형식 미특정)과 지방자치단체 조례에 각각 넘기는 위임이다.
P02416,"⑨ 어린이집의 운영 위탁에 관한 구체적인 사항은 국립어린이집의 경우 교육부장관이 정하고, 공립어린이집의 경우 지방자치단체의 조례로 정한다.",위임,미특정|조례,4,"국립은 장관이 정하는 형식 미특정 위임, 공립은 조례 위임으로 두 형식이 병기되었다."
P02417,"⑨ 어린이집의 운영 위탁에 관한 구체적인 사항은 국립어린이집의 경우 교육부장관이 정하고, 공립어린이집의 경우 지방자치단체의 조례로 정한다.",위임,미특정|조례,4,"국립은 장관이 정하도록(형식 미특정), 공립은 조례로 정하도록 규율권한을 넘기는 병기 위임이다."
P02418,"⑨ 어린이집의 운영 위탁에 관한 구체적인 사항은 국립어린이집의 경우 교육부장관이 정하고, 공립어린이집의 경우 지방자치단체의 조례로 정한다.",위임,미특정|조례,4,장관이 정하는 형식 미특정 위임과 조례 위임이 병기되어 있다.
P02419,"⑨ 어린이집의 운영 위탁에 관한 구체적인 사항은 국립어린이집의 경우 교육부장관이 정하고, 공립어린이집의 경우 지방자치단체의 조례로 정한다.",위임,미특정|조례,4,"국립은 장관이 정하는 형식 미지정 위임, 공립은 조례 위임으로 두 형식이 병기되어 있다."
P02420,"⑨ 어린이집의 운영 위탁에 관한 구체적인 사항은 국립어린이집의 경우 교육부장관이 정하고, 공립어린이집의 경우 지방자치단체의 조례로 정한다.",위임,미특정|조례,4,구체적 사항을 장관이 정하는 형식(미특정)과 지방자치단체 조례에 각각 넘기는 위임이다.
P02421,"⑨ 어린이집의 운영 위탁에 관한 구체적인 사항은 국립어린이집의 경우 교육부장관이 정하고, 공립어린이집의 경우 지방자치단체의 조례로 정한다.",위임,미특정|조례,4,"국립은 장관이 정하는 형식 미특정 위임, 공립은 조례 위임으로 두 형식이 병기되었다."
P02422,"⑨ 어린이집의 운영 위탁에 관한 구체적인 사항은 국립어린이집의 경우 교육부장관이 정하고, 공립어린이집의 경우 지방자치단체의 조례로 정한다.",위임,미특정|조례,4,국립은 장관이 정하도록(형식 미특정) 하고 공립은 조례로 정하도록 규율권한을 넘기므로 두 형식을 병기한다.
P02423,"⑨ 어린이집의 운영 위탁에 관한 구체적인 사항은 국립어린이집의 경우 교육부장관이 정하고, 공립어린이집의 경우 지방자치단체의 조례로 정한다.",위임,미특정|조례,4,"국립은 장관이 정하도록(형식 미특정), 공립은 조례로 정하도록 규율권한을 넘기는 병기 위임이다."
P02424,"⑨ 어린이집의 운영 위탁에 관한 구체적인 사항은 국립어린이집의 경우 교육부장관이 정하고, 공립어린이집의 경우 지방자치단체의 조례로 정한다.",위임,미특정|조례,4,"국립은 장관이 정하도록(형식 미특정), 공립은 조례로 정하도록 규율권한을 넘기므로 두 형식을 병기한다."
P02425,"⑨ 어린이집의 운영 위탁에 관한 구체적인 사항은 국립어린이집의 경우 교육부장관이 정하고, 공립어린이집의 경우 지방자치단체의 조례로 정한다.",위임,미특정|조례,4,구체적 사항을 장관이 정하는 형식 미특정 위임과 조례 위임이 병기되어 있다.
P02426,"⑨ 어린이집의 운영 위탁에 관한 구체적인 사항은 국립어린이집의 경우 교육부장관이 정하고, 공립어린이집의 경우 지방자치단체의 조례로 정한다.",위임,미특정|조례,4,"국립은 장관이 정하도록(형식 미특정), 공립은 조례로 정하도록 규율권한을 넘기는 위임이다."
P02427,"⑨ 어린이집의 운영 위탁에 관한 구체적인 사항은 국립어린이집의 경우 교육부장관이 정하고, 공립어린이집의 경우 지방자치단체의 조례로 정한다.",위임,미특정|조례,4,"국립은 장관이 정하는 형식 미특정, 공립은 조례로 정하도록 규율권한을 넘긴다."
P02428,"⑨ 어린이집의 운영 위탁에 관한 구체적인 사항은 국립어린이집의 경우 교육부장관이 정하고, 공립어린이집의 경우 지방자치단체의 조례로 정한다.",위임,미특정|조례,4,"국립은 장관이 정하는 형식 미특정 위임, 공립은 조례로 정하도록 병기된 위임이다."
P02429,"⑨ 어린이집의 운영 위탁에 관한 구체적인 사항은 국립어린이집의 경우 교육부장관이 정하고, 공립어린이집의 경우 지방자치단체의 조례로 정한다.",위임,미특정|조례,4,"국립은 장관이 정하는 형식 미특정 위임, 공립은 조례 위임으로 두 형식이 병기되어 있다."
P02430,"⑨ 어린이집의 운영 위탁에 관한 구체적인 사항은 국립어린이집의 경우 교육부장관이 정하고, 공립어린이집의 경우 지방자치단체의 조례로 정한다.",위임,미특정|조례,4,"국립은 장관이 정하는 형식 미특정 위임, 공립은 조례 위임으로 두 형식이 병기되었다."
P02431,"⑨ 어린이집의 운영 위탁에 관한 구체적인 사항은 국립어린이집의 경우 교육부장관이 정하고, 공립어린이집의 경우 지방자치단체의 조례로 정한다.",위임,미특정|조례,4,구체적 사항을 장관(형식 미특정)과 지방자치단체 조례에 각각 위임하고 있다.
P02432,"⑨ 어린이집의 운영 위탁에 관한 구체적인 사항은 국립어린이집의 경우 교육부장관이 정하고, 공립어린이집의 경우 지방자치단체의 조례로 정한다.",위임,미특정|조례,4,"국립은 교육부장관이 정하는 형식 미특정 위임, 공립은 조례 위임으로 병기된다."
P02433,"⑨ 어린이집의 운영 위탁에 관한 구체적인 사항은 국립어린이집의 경우 교육부장관이 정하고, 공립어린이집의 경우 지방자치단체의 조례로 정한다.",위임,미특정|조례,4,"국립은 장관이 정하도록(형식 미특정), 공립은 조례로 정하도록 규율권한을 넘기는 위임이다."
P02434,"⑨ 어린이집의 운영 위탁에 관한 구체적인 사항은 국립어린이집의 경우 교육부장관이 정하고, 공립어린이집의 경우 지방자치단체의 조례로 정한다.",위임,미특정|조례,4,구체적 사항을 장관이 정하는 것(형식 미특정)과 지방자치단체 조례에 각각 위임하므로 두 형식을 병기한다.
P02435,"⑨ 어린이집의 운영 위탁에 관한 구체적인 사항은 국립어린이집의 경우 교육부장관이 정하고, 공립어린이집의 경우 지방자치단체의 조례로 정한다.",위임,미특정|조례,4,국립은 장관이 정하도록(형식 미특정) 하고 공립은 조례에 규율권한을 넘기므로 두 형식을 병기한다.
P02436,"⑦ 제1항부터 제6항까지에서 규정한 사항 외에 부모모니터링단의 구성, 운영 및 직무 수행 등에 관하여 필요한 사항은 해당 특별시ㆍ광역시ㆍ특별자치시ㆍ도ㆍ특별자치도 또는 시ㆍ군ㆍ구(자치구를 말한다)의 조례로 정한다.",위임,조례,5,부모모니터링단 구성·운영에 필요한 사항을 지방자치단체 조례로 정하도록 규율권한을 넘긴다.
P02437,"⑦ 제1항부터 제6항까지에서 규정한 사항 외에 부모모니터링단의 구성, 운영 및 직무 수행 등에 관하여 필요한 사항은 해당 특별시ㆍ광역시ㆍ특별자치시ㆍ도ㆍ특별자치도 또는 시ㆍ군ㆍ구(자치구를 말한다)의 조례로 정한다.",위임,조례,5,부모모니터링단 구성·운영 등 필요한 사항을 지방자치단체 조례로 정하도록 규율권한을 넘긴다.
P02438,"⑦ 제1항부터 제6항까지에서 규정한 사항 외에 부모모니터링단의 구성, 운영 및 직무 수행 등에 관하여 필요한 사항은 해당 특별시ㆍ광역시ㆍ특별자치시ㆍ도ㆍ특별자치도 또는 시ㆍ군ㆍ구(자치구를 말한다)의 조례로 정한다.",위임,조례,5,부모모니터링단 구성·운영에 관한 필요 사항을 지방자치단체 조례로 정하도록 규율권한을 넘긴다.
P02439,"⑦ 제1항부터 제6항까지에서 규정한 사항 외에 부모모니터링단의 구성, 운영 및 직무 수행 등에 관하여 필요한 사항은 해당 특별시ㆍ광역시ㆍ특별자치시ㆍ도ㆍ특별자치도 또는 시ㆍ군ㆍ구(자치구를 말한다)의 조례로 정한다.",위임,조례,5,필요한 사항을 지방자치단체 조례로 정하도록 규율권한을 넘긴다.
P02440,"⑦ 제1항부터 제6항까지에서 규정한 사항 외에 부모모니터링단의 구성, 운영 및 직무 수행 등에 관하여 필요한 사항은 해당 특별시ㆍ광역시ㆍ특별자치시ㆍ도ㆍ특별자치도 또는 시ㆍ군ㆍ구(자치구를 말한다)의 조례로 정한다.",위임,조례,5,필요한 사항을 지방자치단체 조례로 정하도록 규율권한을 넘긴다.
P02441,"⑦ 제1항부터 제6항까지에서 규정한 사항 외에 부모모니터링단의 구성, 운영 및 직무 수행 등에 관하여 필요한 사항은 해당 특별시ㆍ광역시ㆍ특별자치시ㆍ도ㆍ특별자치도 또는 시ㆍ군ㆍ구(자치구를 말한다)의 조례로 정한다.",위임,조례,5,부모모니터링단 구성·운영에 필요한 사항을 지방자치단체 조례로 정하도록 규율권한을 넘긴다.
P02442,"⑦ 제1항부터 제6항까지에서 규정한 사항 외에 부모모니터링단의 구성, 운영 및 직무 수행 등에 관하여 필요한 사항은 해당 특별시ㆍ광역시ㆍ특별자치시ㆍ도ㆍ특별자치도 또는 시ㆍ군ㆍ구(자치구를 말한다)의 조례로 정한다.",위임,조례,5,필요한 사항의 규율권한을 지방자치단체 조례에 넘기는 위임이다.
P02443,"⑦ 제1항부터 제6항까지에서 규정한 사항 외에 부모모니터링단의 구성, 운영 및 직무 수행 등에 관하여 필요한 사항은 해당 특별시ㆍ광역시ㆍ특별자치시ㆍ도ㆍ특별자치도 또는 시ㆍ군ㆍ구(자치구를 말한다)의 조례로 정한다.",위임,조례,5,부모모니터링단 구성·운영 등 필요사항을 지방자치단체 조례로 정하도록 규율권한을 넘긴다.
P02444,"⑦ 제1항부터 제6항까지에서 규정한 사항 외에 부모모니터링단의 구성, 운영 및 직무 수행 등에 관하여 필요한 사항은 해당 특별시ㆍ광역시ㆍ특별자치시ㆍ도ㆍ특별자치도 또는 시ㆍ군ㆍ구(자치구를 말한다)의 조례로 정한다.",위임,조례,5,부모모니터링단의 구성·운영 등 필요한 사항을 지방자치단체 조례로 정하도록 규율권한을 넘긴다.
P02445,"⑦ 제1항부터 제6항까지에서 규정한 사항 외에 부모모니터링단의 구성, 운영 및 직무 수행 등에 관하여 필요한 사항은 해당 특별시ㆍ광역시ㆍ특별자치시ㆍ도ㆍ특별자치도 또는 시ㆍ군ㆍ구(자치구를 말한다)의 조례로 정한다.",위임,조례,5,부모모니터링단 구성·운영 등 필요한 사항을 지방자치단체 조례로 정하도록 규율권한을 넘긴다.
P02446,"⑦ 제1항부터 제6항까지에서 규정한 사항 외에 부모모니터링단의 구성, 운영 및 직무 수행 등에 관하여 필요한 사항은 해당 특별시ㆍ광역시ㆍ특별자치시ㆍ도ㆍ특별자치도 또는 시ㆍ군ㆍ구(자치구를 말한다)의 조례로 정한다.",위임,조례,5,필요한 사항을 지방자치단체 조례로 정하도록 규율권한을 넘긴다.
P02447,"⑦ 제1항부터 제6항까지에서 규정한 사항 외에 부모모니터링단의 구성, 운영 및 직무 수행 등에 관하여 필요한 사항은 해당 특별시ㆍ광역시ㆍ특별자치시ㆍ도ㆍ특별자치도 또는 시ㆍ군ㆍ구(자치구를 말한다)의 조례로 정한다.",위임,조례,5,필요한 사항을 지방자치단체 조례로 정하도록 규율권한을 넘긴다.
P02448,"⑦ 제1항부터 제6항까지에서 규정한 사항 외에 부모모니터링단의 구성, 운영 및 직무 수행 등에 관하여 필요한 사항은 해당 특별시ㆍ광역시ㆍ특별자치시ㆍ도ㆍ특별자치도 또는 시ㆍ군ㆍ구(자치구를 말한다)의 조례로 정한다.",위임,조례,5,필요한 사항을 지방자치단체 조례로 정하도록 규율권한을 넘긴다.
P02449,"⑦ 제1항부터 제6항까지에서 규정한 사항 외에 부모모니터링단의 구성, 운영 및 직무 수행 등에 관하여 필요한 사항은 해당 특별시ㆍ광역시ㆍ특별자치시ㆍ도ㆍ특별자치도 또는 시ㆍ군ㆍ구(자치구를 말한다)의 조례로 정한다.",위임,조례,5,부모모니터링단 구성·운영 등 필요한 사항을 지방자치단체 조례로 정하도록 규율권한을 넘긴다.
P02450,"⑦ 제1항부터 제6항까지에서 규정한 사항 외에 부모모니터링단의 구성, 운영 및 직무 수행 등에 관하여 필요한 사항은 해당 특별시ㆍ광역시ㆍ특별자치시ㆍ도ㆍ특별자치도 또는 시ㆍ군ㆍ구(자치구를 말한다)의 조례로 정한다.",위임,조례,5,부모모니터링단 구성·운영 등 필요사항의 규율권한을 지방자치단체 조례에 넘긴다.
P02451,"⑦ 제1항부터 제6항까지에서 규정한 사항 외에 부모모니터링단의 구성, 운영 및 직무 수행 등에 관하여 필요한 사항은 해당 특별시ㆍ광역시ㆍ특별자치시ㆍ도ㆍ특별자치도 또는 시ㆍ군ㆍ구(자치구를 말한다)의 조례로 정한다.",위임,조례,5,필요한 사항의 규율권한을 지방자치단체 조례에 넘기는 위임이다.
P02452,"⑦ 제1항부터 제6항까지에서 규정한 사항 외에 부모모니터링단의 구성, 운영 및 직무 수행 등에 관하여 필요한 사항은 해당 특별시ㆍ광역시ㆍ특별자치시ㆍ도ㆍ특별자치도 또는 시ㆍ군ㆍ구(자치구를 말한다)의 조례로 정한다.",위임,조례,5,필요한 사항을 지방자치단체 조례로 정하도록 규율권한을 넘긴다.
P02453,"⑦ 제1항부터 제6항까지에서 규정한 사항 외에 부모모니터링단의 구성, 운영 및 직무 수행 등에 관하여 필요한 사항은 해당 특별시ㆍ광역시ㆍ특별자치시ㆍ도ㆍ특별자치도 또는 시ㆍ군ㆍ구(자치구를 말한다)의 조례로 정한다.",위임,조례,5,부모모니터링단 구성·운영에 관한 사항을 지방자치단체 조례로 정하도록 규율권한을 넘긴다.
P02454,"⑦ 제1항부터 제6항까지에서 규정한 사항 외에 부모모니터링단의 구성, 운영 및 직무 수행 등에 관하여 필요한 사항은 해당 특별시ㆍ광역시ㆍ특별자치시ㆍ도ㆍ특별자치도 또는 시ㆍ군ㆍ구(자치구를 말한다)의 조례로 정한다.",위임,조례,5,부모모니터링단 구성·운영에 관한 필요 사항을 지방자치단체 조례로 정하도록 규율권한을 넘긴다.
P02455,"⑦ 제1항부터 제6항까지에서 규정한 사항 외에 부모모니터링단의 구성, 운영 및 직무 수행 등에 관하여 필요한 사항은 해당 특별시ㆍ광역시ㆍ특별자치시ㆍ도ㆍ특별자치도 또는 시ㆍ군ㆍ구(자치구를 말한다)의 조례로 정한다.",위임,조례,5,부모모니터링단 구성·운영 등 필요한 사항을 지방자치단체 조례에 규율권한으로 넘긴다.
P02456,"⑦ 제1항부터 제6항까지에서 규정한 사항 외에 부모모니터링단의 구성, 운영 및 직무 수행 등에 관하여 필요한 사항은 해당 특별시ㆍ광역시ㆍ특별자치시ㆍ도ㆍ특별자치도 또는 시ㆍ군ㆍ구(자치구를 말한다)의 조례로 정한다.",위임,조례,5,부모모니터링단 구성·운영에 필요한 사항을 지방자치단체 조례에 규율권한을 넘긴다.
P02457,보건복지부장관이 정하여 고시하는 희귀난치성 질환을 가진 자녀의 부모,위임,고시,4,희귀난치성 질환의 범위를 보건복지부장관 고시에 맡기는 부분 위임이다.
P02458,보건복지부장관이 정하여 고시하는 희귀난치성 질환을 가진 사람 중,위임,고시,5,'보건복지부장관이 정하여 고시하는'으로 희귀난치성 질환의 범위를 고시에 넘기는 부분 위임이다.
P02459,"보건복지부장관이 고시하는 기준에 따르되, 보육교직원의 건강진단 항목에는 결핵 등 감염성 질환에 관한 항목이 포함되어야 한다.",위임,고시,4,건강진단 기준을 보건복지부장관 고시에 맡기는 부분 위임이다.
P02460,"보건복지부장관이 고시하는 기준에 따르되, 보육교직원의 건강진단 항목에는 결핵 등 감염성 질환에 관한 항목이 포함되어야 한다.",위임,고시,4,건강진단 기준을 보건복지부장관 고시에 맡기는 부분 위임이다.
P02461,대통령령으로 정한다,위임,대통령령,5,'대통령령으로 정한다'는 종결형으로 대통령령에 규율권한을 넘기는 위임이다.
P02462,대통령령으로 정한다,위임,대통령령,4,문장이 축약되었으나 '대통령령으로 정한다'는 종결형 위임으로 중앙위원회 구성 사항의 규율권한을 대통령령에 넘긴다.
P02463,대통령령으로 정한다,위임,대통령령,4,문장이 일부 잘렸으나 '대통령령으로 정한다'는 종결형 위임 문언이 명확하다.
P02464,대통령령으로 정한다,위임,대통령령,4,중앙위원회 구성에 관한 사항을 대통령령에 정하도록 규율권한을 넘기는 위임 종결형이다.
P02465,대통령령으로 정한다,위임,대통령령,4,문장이 일부 잘렸으나 '대통령령으로 정한다'는 종결형으로 중앙위원회 구성 관련 사항의 규율권한을 대통령령에 넘긴다.
P02466,대통령령으로 정한다,위임,대통령령,4,시·도위원회 구성에 관한 사항을 대통령령에 넘기는 종결형 위임 문언이다.
P02467,대통령령으로 정한다,위임,대통령령,4,문장 일부만 제시되었으나 '대통령령으로 정한다'는 종결형 위임 문언으로 시·도위원회 구성에 관한 규율권한을 대통령령에 넘긴다.
P02468,대통령령으로 정한다,위임,대통령령,4,문말 '대통령령으로 정한다'는 대통령령에 규율권한을 넘기는 위임이다.
P02469,대통령령으로 정한다,위임,대통령령,4,문말 종결형 '대통령령으로 정한다'로 규율권한을 대통령령에 넘기는 위임이다.
P02470,대통령령으로 정한다,위임,대통령령,4,문언이 대통령령에 규율권한을 넘기는 위임 종결형이다.
P02471,대통령령으로 정한다,위임,대통령령,4,문말 종결형 '대통령령으로 정한다'로 대통령령에 규율권한을 넘기는 위임이다.
P02472,대통령령으로 정한다,위임,대통령령,4,문말 종결형 '대통령령으로 정한다'로 규율권한을 대통령령에 넘긴다.
P02473,대통령령으로 정한다,위임,대통령령,4,'대통령령으로 정한다'는 종결형 위임 문언으로 대통령령에 규율권한을 넘긴다.
P02474,대통령령으로 정한다,위임,대통령령,4,문말 종결형 '대통령령으로 정한다'로 대통령령에 규율권한을 넘기는 위임이다.
P02475,대통령령으로 정한다,위임,대통령령,5,문말 종결형 '대통령령으로 정한다'로 대통령령에 규율권한을 넘긴다.
P02476,대통령령으로 정한다,위임,대통령령,4,문장이 일부 잘렸으나 '대통령령으로 정한다'는 종결형 위임 문언이 명시되어 있다.
P02477,대통령령으로 정한다,위임,대통령령,5,'대통령령으로 정한다'는 종결형으로 대통령령에 규율권한을 넘기는 위임이다.
P02478,대통령령으로 정한다,위임,대통령령,4,문말 종결형 '대통령령으로 정한다'로 영재학급 설치·운영 사항의 규율권한을 대통령령에 넘긴다.
P02479,대통령령으로 정한다,위임,대통령령,4,문장이 축약되어 있으나 '대통령령으로 정한다'는 종결형 위임 문언이다.
P02480,대통령령으로 정한다,위임,대통령령,5,'대통령령으로 정한다'는 종결형으로 대통령령에 규율권한을 넘기는 위임이다.
P02481,대통령령으로 정한다,위임,대통령령,5,문말 종결형 '대통령령으로 정한다'로 대통령령에 규율권한을 넘긴다.
P02482,대통령령으로 정한다,위임,대통령령,4,문장이 짧게 잘렸으나 '대통령령으로 정한다'는 종결형으로 대통령령에 규율권한을 넘기는 위임이다.
P02483,대통령령으로 정한다,위임,대통령령,4,문장이 축약되었으나 '대통령령으로 정한다'는 종결형 위임 문언이다.
P02484,대통령령으로 정한다,위임,대통령령,4,문언이 축약되어 있으나 '대통령령으로 정한다'는 종결형 위임 표현이다.
P02485,대통령령으로 정한다,위임,대통령령,4,문장이 축약되어 있으나 '대통령령으로 정한다'는 종결형으로 대통령령에 규율권한을 넘기는 위임이다.
P02486,대통령령으로 정한다,위임,대통령령,4,문말 종결형 '대통령령으로 정한다'로 대통령령에 규율권한을 넘기는 위임이다.
P02487,대통령령으로 정한다,위임,대통령령,4,문말 '대통령령으로 정한다'로 대통령령에 규율권한을 넘기는 위임이다.
P02488,대통령령으로 정하는,판단불가,대통령령,3,문장이 '대통령령으로 정하는'에서 잘려 있어 무엇을 위임하는지 확인할 수 없으나 표지어구는 대통령령이다.
P02489,대통령령으로 정하는,판단불가,대통령령,3,문장이 '대통령령으로 정하는'에서 잘려 규율 대상과 종결 구조를 확인할 수 없으나 표지어구는 대통령령이다.
P02490,대통령령으로 정하는,판단불가,대통령령,3,문장이 '대통령령으로 정하는'에서 잘려 규율 대상과 위임 여부를 확정할 수 없다.
P02491,대통령령으로 정한다,위임,대통령령,4,문말 종결형 '대통령령으로 정한다'로 대통령령에 규율권한을 넘기는 위임이다.
P02492,대통령령으로 정한다,위임,대통령령,4,문장이 다소 잘려 있으나 '대통령령으로 정한다'는 종결형으로 대통령령에 규율권한을 넘기는 위임이다.
P02493,대통령령으로 정한다,위임,대통령령,4,문장이 축약되었으나 '대통령령으로 정한다'는 종결형 위임 문언으로 교원의 임용·보수 등에 관한 규율권한을 대통령령에 넘긴다.
P02494,대통령령으로 정한다,위임,대통령령,4,교원의 임용·보수 등에 관한 사항의 규율권한을 대통령령에 넘기는 종결형 위임 문장이다.
P02495,대통령령으로 정한다,위임,대통령령,4,문말 종결형 '대통령령으로 정한다'로 규율권한을 대통령령에 넘기는 위임이다.
P02496,대통령령으로 정한다,위임,대통령령,5,문말 종결형 '대통령령으로 정한다'로 대통령령에 규율권한을 넘긴다.
P02497,대통령령으로 정한다,위임,대통령령,4,문말 '대통령령으로 정한다'는 대통령령에 규율권한을 넘기는 위임이다.
P02498,대통령령으로 정한다,위임,대통령령,4,문말 종결형 '대통령령으로 정한다'로 대통령령에 규율권한을 넘기는 위임이다.
P02499,대통령령으로 정하는,판단불가,해당없음,4,문장이 '대통령령으로 정하는'에서 잘려 있어 위임 대상과 종결 형태를 확인할 수 없다.
P02500,대통령령으로 정한다,위임,대통령령,4,주어가 생략되어 있으나 '대통령령으로 정한다'는 종결형 위임 문언이다.
P02501,대통령령으로 정한다,위임,대통령령,4,문말 종결형 '대통령령으로 정한다'로 대통령령에 규율권한을 넘긴다.
P02502,대통령령으로 정한다,위임,대통령령,4,문말 종결형 '대통령령으로 정한다'로 규율권한을 대통령령에 넘기는 위임이다.
P02503,대통령령으로 정한다,위임,대통령령,4,문언이 대통령령에 규율권한을 넘기는 종결형 위임이다.
P02504,대통령령으로 정한다,위임,대통령령,4,문말 종결형 '대통령령으로 정한다'로 대통령령에 규율권한을 넘기는 위임이다.
P02505,대통령령으로 정한다,위임,대통령령,4,문말 종결형 '대통령령으로 정한다'로 대통령령에 규율권한을 넘기는 위임이다.
P02506,대통령령으로 정한다,위임,대통령령,4,문언이 대통령령에 규율권한을 넘기는 종결 위임 형식이며 문장이 다소 짧게 잘렸으나 위임 취지는 명확하다.
P02507,대통령령으로 정한다,위임,대통령령,4,'대통령령으로 정한다'는 종결형으로 대통령령에 규율권한을 넘기는 위임이다.
P02508,"⑥ 운영위원회의 의사정족수ㆍ의결정족수, 회의 소집의 일정ㆍ방법 및 의견 수렴 방법 등에 관한 사항은 시ㆍ도의 조례로 정하는 범위에서 위원회규정으로 정한다.",위임,조례|미특정,4,"시·도 조례가 정하는 범위에서 위원회규정에 규율권한을 넘기는 위임이며, 위원회규정은 열거된 법형식에 없어 미특정으로 병기한다."
P02509,8. 그 밖에 법령이나 시ㆍ도의 조례에서 운영위원회의 심의를 거치도록 한 사항,인용,해당없음,4,'조례에서 ... 하도록 한 사항'은 이미 존재하는 규범을 가리키는 인용이다.
P02510,"⑥ 운영위원회의 의사정족수ㆍ의결정족수, 회의 소집의 일정ㆍ방법 및 의견 수렴 방법 등에 관한 사항은 시ㆍ도의 조례로 정하는 범위에서 위원회규정으로 정한다.",위임,조례|미특정,4,"조례로 정하는 범위에서 위원회규정으로 정하도록 한 병기 위임이며, 위원회규정은 열거된 법형식이 아니어서 미특정으로 본다."
P02511,8. 그 밖에 법령이나 시ㆍ도의 조례에서 운영위원회의 심의를 거치도록 한 사항,인용,해당없음,4,이미 다른 법령·조례에서 정해 놓은 사항을 가리키는 인용 표현이다.
P02512,"⑥ 운영위원회의 의사정족수ㆍ의결정족수, 회의 소집의 일정ㆍ방법 및 의견 수렴 방법 등에 관한 사항은 시ㆍ도의 조례로 정하는 범위에서 위원회규정으로 정한다.",위임,조례|미특정,4,"시·도 조례로 정하는 범위에서 위원회규정에 규율권한을 넘기는 병기 위임으로, 위원회규정은 지정 법형식 목록에 없어 미특정으로 처리한다."
P02513,"⑥ 운영위원회의 의사정족수ㆍ의결정족수, 회의 소집의 일정ㆍ방법 및 의견 수렴 방법 등에 관한 사항은 시ㆍ도의 조례로 정하는 범위에서 위원회규정으로 정한다.",위임,조례|미특정,4,"시·도 조례로 정하는 범위에서 위원회규정으로 정하도록 한 위임이며, 위원회규정은 지정된 법형식 목록에 없어 미특정으로 병기한다."
P02514,"⑥ 운영위원회의 의사정족수ㆍ의결정족수, 회의 소집의 일정ㆍ방법 및 의견 수렴 방법 등에 관한 사항은 시ㆍ도의 조례로 정하는 범위에서 위원회규정으로 정한다.",위임,조례|미특정,4,"시·도 조례가 정하는 범위 내에서 위원회규정에 규율권한을 넘기는 병기 위임으로, 위원회규정은 열거된 법형식이 아니어서 미특정으로 본다."
P02515,"⑥ 운영위원회의 의사정족수ㆍ의결정족수, 회의 소집의 일정ㆍ방법 및 의견 수렴 방법 등에 관한 사항은 시ㆍ도의 조례로 정하는 범위에서 위원회규정으로 정한다.",위임,조례|미특정,4,"시·도 조례로 정하는 범위 내에서 위원회규정에 규율권한을 넘기는 병기 위임이며, 위원회규정은 열거된 법형식이 아니어서 미특정으로 본다."
P02516,8. 그 밖에 법령이나 시ㆍ도의 조례에서 운영위원회의 심의를 거치도록 한 사항,인용,해당없음,4,'거치도록 한 사항'은 이미 다른 법령·조례에 정해진 사항을 가리키는 인용이다.
P02517,④ 제2항 및 제3항에 따른 임차에 필요한 최소한의 기간은 특별시ㆍ광역시ㆍ특별자치시ㆍ도 또는 특별자치도(이하 “시ㆍ도”라 한다)의 교육규칙으로 정한다.,위임,교육규칙,5,임차 최소기간을 시·도 교육규칙으로 정하도록 규율권한을 넘긴다.
P02518,대통령령으로 정한다,위임,대통령령,4,문말 종결형 '대통령령으로 정한다'로 대통령령에 규율권한을 넘기는 위임이다.
P02519,대통령령으로 정한다,위임,대통령령,4,문말 종결형 '대통령령으로 정한다'로 대통령령에 규율권한을 넘기는 위임이다.
P02520,대통령령으로 정한다,위임,대통령령,4,종결형 '대통령령으로 정한다'로 대통령령에 규율권한을 넘기는 위임이다.
P02521,대통령령으로 정한다,위임,대통령령,4,문장이 축약되었으나 '대통령령으로 정한다'는 종결 위임 문언으로 대통령령에 규율권한을 넘긴다.
P02522,대통령령으로 정한다,위임,대통령령,4,문말 '대통령령으로 정한다'로 대통령령에 규율권한을 넘기는 위임이다.
P02523,대통령령으로 정한다,위임,대통령령,5,문말 종결형 '대통령령으로 정한다'로 대통령령에 규율권한을 넘긴다.
P02524,대통령령으로 정한다,위임,대통령령,4,문말 '대통령령으로 정한다'는 대통령령에 규율권한을 넘기는 위임이다.
P02525,대통령령으로 정한다,위임,대통령령,4,문말 '대통령령으로 정한다'로 대통령령에 규율권한을 넘기는 위임이다.
P02526,대통령령으로 정한다,위임,대통령령,4,문장이 일부 잘렸으나 '대통령령으로 정한다'는 종결형으로 대통령령에 규율권한을 넘기는 위임이다.
P02527,대통령령으로 정한다,위임,대통령령,4,문장이 축약되었으나 '대통령령으로 정한다'는 종결형 위임 문언으로 규율권한을 대통령령에 넘긴다.
P02528,대통령령으로 정하는 바에 따라,위임,대통령령,4,'대통령령으로 정하는 바에 따라'는 구체적 규율사항을 대통령령에 넘기는 위임 문구이다.
P02529,대통령령으로 정한다,위임,대통령령,4,문말 종결형 '대통령령으로 정한다'로 대통령령에 규율권한을 넘기는 위임이다.
P02530,대통령령으로 정한다,위임,대통령령,4,문말 종결형 '대통령령으로 정한다'로 규율권한을 대통령령에 넘기는 위임이다.
P02531,대통령령으로 정한다,위임,대통령령,4,"문말 종결형 '대통령령으로 정한다'로 하위 규범에 규율권한을 넘기나, 위임 대상 사항이 문장에 드러나 있지 않다."
P02532,대통령령으로 정하는,위임,대통령령,3,문장이 불완전하지만 '대통령령으로 정하는' 문구는 대통령령에 요건 일부를 맡기는 부분 위임에 해당한다.
P02533,대통령령으로 정하는,위임,대통령령,3,문장이 단편이지만 '대통령령으로 정하는'이라는 부분 위임 표지가 명확하다.
P02534,대통령령으로 정하는,판단불가,대통령령,3,문장이 '대통령령으로 정하는'에서 잘려 규율 대상과 종결 형태를 확인할 수 없어 위임 여부를 확정할 수 없다.
P02535,대통령령으로 정하는,위임,대통령령,3,문장이 조각이나 '대통령령으로 정하는' 형태의 부분위임 표지가 명확하다.
P02536,교육부령으로 정한다,위임,부령,4,종결형 '교육부령으로 정한다'로 교육부령에 규율권한을 넘기는 위임이다.
P02537,대통령령으로 정하는,판단불가,대통령령,3,문장이 '대통령령으로 정하는'에서 잘려 규율 대상과 종결 형태를 확인할 수 없어 위임 여부를 확정할 수 없다.
P02538,필요한 사항은 대통령령으로,판단불가,대통령령,3,문장이 종결부 없이 잘려 있어 위임 종결 여부를 확정할 수 없으나 표지어구는 대통령령이다.
P02539,"③ 지방자치단체(시·도에 한정한다)는 유아의 교육기회를 균등하게 보장하기 위하여 필요한 경우 유아의 모집·선발 시기, 절차 및 방법 등에 관하여 조례로 정할 수 있다.",위임,조례,5,유아 모집·선발 시기·절차·방법 등에 관한 규율권한을 조례에 넘기는 위임이다.
P02540,"② 원장은 교육 목적에 적합한 범위에서 유치원규칙으로 정하는 바에 따라 공정하고 투명한 방법으로 유치원에 입학할 유아를 모집·선발하여야 한다. 다만, 제3항에 따른 조례에서 모집·선발 시기 등을 달리 정한 경우에는 이에 따라야 한다.",위임,미특정,3,"유아 모집·선발 방법을 유치원규칙으로 정하도록 위임하고 있으나 유치원규칙은 열거된 법형식에 없어 미특정으로 보며, 단서의 '제3항에 따른 조례'는 인용에 해당한다."
P02541,"③ 지방자치단체(시·도에 한정한다)는 유아의 교육기회를 균등하게 보장하기 위하여 필요한 경우 유아의 모집·선발 시기, 절차 및 방법 등에 관하여 조례로 정할 수 있다.",위임,조례,5,유아 모집·선발 시기·절차·방법 등에 관한 규율권한을 조례에 넘긴다.
P02542,"② 원장은 교육 목적에 적합한 범위에서 유치원규칙으로 정하는 바에 따라 공정하고 투명한 방법으로 유치원에 입학할 유아를 모집·선발하여야 한다. 다만, 제3항에 따른 조례에서 모집·선발 시기 등을 달리 정한 경우에는 이에 따라야 한다.",위임,미특정,3,"유아 모집·선발 방법을 유치원규칙에 정하도록 규율권한을 넘기지만 열거된 법형식에 해당하지 않아 미특정으로 보며, 단서의 조례 언급은 제3항 조례를 가리키는 인용이다."
P02543,"③ 지방자치단체(시·도에 한정한다)는 유아의 교육기회를 균등하게 보장하기 위하여 필요한 경우 유아의 모집·선발 시기, 절차 및 방법 등에 관하여 조례로 정할 수 있다.",위임,조례,5,모집·선발 시기·절차·방법 등에 관한 규율권한을 조례에 넘기는 위임이다.
P02544,"② 원장은 교육 목적에 적합한 범위에서 유치원규칙으로 정하는 바에 따라 공정하고 투명한 방법으로 유치원에 입학할 유아를 모집·선발하여야 한다. 다만, 제3항에 따른 조례에서 모집·선발 시기 등을 달리 정한 경우에는 이에 따라야 한다.",위임,미특정,3,"'유치원규칙으로 정하는 바에 따라'로 모집·선발 방법의 규율권한을 유치원규칙에 넘기지만 열거된 법형식에 해당하지 않아 미특정이며, 단서의 조례 언급은 기존 조례의 인용이다."
P02545,"③ 지방자치단체(시·도에 한정한다)는 유아의 교육기회를 균등하게 보장하기 위하여 필요한 경우 유아의 모집·선발 시기, 절차 및 방법 등에 관하여 조례로 정할 수 있다.",위임,조례,5,유아의 모집·선발 시기·절차·방법 등에 관한 규율권한을 조례에 넘기는 위임 규정이다.
P02546,"② 원장은 교육 목적에 적합한 범위에서 유치원규칙으로 정하는 바에 따라 공정하고 투명한 방법으로 유치원에 입학할 유아를 모집·선발하여야 한다. 다만, 제3항에 따른 조례에서 모집·선발 시기 등을 달리 정한 경우에는 이에 따라야 한다.",위임,미특정,3,"'유치원규칙으로 정하는 바에 따라'로 모집·선발 방법의 규율권한을 유치원규칙에 넘기나 이는 지정된 법형식 목록에 없어 미특정으로 보며, 단서의 조례는 제3항을 가리키는 인용에 그친다."
P02547,"③ 지방자치단체(시·도에 한정한다)는 유아의 교육기회를 균등하게 보장하기 위하여 필요한 경우 유아의 모집·선발 시기, 절차 및 방법 등에 관하여 조례로 정할 수 있다.",위임,조례,5,유아 모집·선발 시기·절차·방법 등에 관한 규율권한을 조례에 넘기는 위임이다.
P02548,"② 원장은 교육 목적에 적합한 범위에서 유치원규칙으로 정하는 바에 따라 공정하고 투명한 방법으로 유치원에 입학할 유아를 모집·선발하여야 한다. 다만, 제3항에 따른 조례에서 모집·선발 시기 등을 달리 정한 경우에는 이에 따라야 한다.",위임,미특정,3,"유아 모집·선발 방법을 유치원규칙에 정하도록 넘기는 위임이나 열거된 법형식에 해당하지 않아 미특정으로 보고, 단서의 '제3항에 따른 조례'는 단순 인용이다."
P02549,"③ 지방자치단체(시·도에 한정한다)는 유아의 교육기회를 균등하게 보장하기 위하여 필요한 경우 유아의 모집·선발 시기, 절차 및 방법 등에 관하여 조례로 정할 수 있다.",위임,조례,5,유아 모집·선발 시기·절차·방법 등에 관한 규율권한을 조례에 넘긴다.
P02550,"② 원장은 교육 목적에 적합한 범위에서 유치원규칙으로 정하는 바에 따라 공정하고 투명한 방법으로 유치원에 입학할 유아를 모집·선발하여야 한다. 다만, 제3항에 따른 조례에서 모집·선발 시기 등을 달리 정한 경우에는 이에 따라야 한다.",위임,미특정,3,"'유치원규칙으로 정하는 바에 따라'로 모집·선발 방법의 규율을 하위 규범에 맡기지만 열거된 법형식이 아니어서 미특정으로 보며, 단서의 조례 부분은 인용에 그친다."
P02551,"③ 지방자치단체(시·도에 한정한다)는 유아의 교육기회를 균등하게 보장하기 위하여 필요한 경우 유아의 모집·선발 시기, 절차 및 방법 등에 관하여 조례로 정할 수 있다.",위임,조례,5,유아 모집·선발 시기·절차·방법 등의 규율권한을 조례에 넘기는 위임이다.
P02552,"② 원장은 교육 목적에 적합한 범위에서 유치원규칙으로 정하는 바에 따라 공정하고 투명한 방법으로 유치원에 입학할 유아를 모집·선발하여야 한다. 다만, 제3항에 따른 조례에서 모집·선발 시기 등을 달리 정한 경우에는 이에 따라야 한다.",위임,미특정,3,"모집·선발 방법을 유치원규칙에 정하도록 맡기는 위임이나 유치원규칙은 열거된 법형식에 없어 미특정으로 보며, 단서의 조례 언급은 기존 조례를 가리키는 인용이다."
P02553,"③ 지방자치단체(시·도에 한정한다)는 유아의 교육기회를 균등하게 보장하기 위하여 필요한 경우 유아의 모집·선발 시기, 절차 및 방법 등에 관하여 조례로 정할 수 있다.",위임,조례,5,유아 모집·선발 시기·절차·방법 등에 관한 규율권한을 조례에 넘기는 위임 규정이다.
P02554,"② 원장은 교육 목적에 적합한 범위에서 유치원규칙으로 정하는 바에 따라 공정하고 투명한 방법으로 유치원에 입학할 유아를 모집·선발하여야 한다. 다만, 제3항에 따른 조례에서 모집·선발 시기 등을 달리 정한 경우에는 이에 따라야 한다.",위임,미특정,3,"모집·선발 방법을 유치원규칙에 정하도록 맡기는 위임이나, 열거된 법형식에 없는 자치규범이므로 미특정으로 본다(단서의 조례는 인용에 불과)."
P02555,"③ 지방자치단체(시·도에 한정한다)는 유아의 교육기회를 균등하게 보장하기 위하여 필요한 경우 유아의 모집·선발 시기, 절차 및 방법 등에 관하여 조례로 정할 수 있다.",위임,조례,5,모집·선발 시기·절차·방법 등에 관한 규율권한을 조례에 넘기는 위임이다.
P02556,"② 원장은 교육 목적에 적합한 범위에서 유치원규칙으로 정하는 바에 따라 공정하고 투명한 방법으로 유치원에 입학할 유아를 모집·선발하여야 한다. 다만, 제3항에 따른 조례에서 모집·선발 시기 등을 달리 정한 경우에는 이에 따라야 한다.",위임,미특정,3,"본문은 '유치원규칙으로 정하는 바에 따라'로 학칙 차원의 규율권한을 넘기지만 지정된 법형식 목록에 없어 미특정으로 보며, 단서의 조례는 제3항 조례를 가리키는 인용에 그친다."
P02557,"③ 지방자치단체(시·도에 한정한다)는 유아의 교육기회를 균등하게 보장하기 위하여 필요한 경우 유아의 모집·선발 시기, 절차 및 방법 등에 관하여 조례로 정할 수 있다.",위임,조례,5,유아 모집·선발 시기·절차·방법 등의 규율권한을 조례에 넘기고 있다.
P02558,"② 원장은 교육 목적에 적합한 범위에서 유치원규칙으로 정하는 바에 따라 공정하고 투명한 방법으로 유치원에 입학할 유아를 모집·선발하여야 한다. 다만, 제3항에 따른 조례에서 모집·선발 시기 등을 달리 정한 경우에는 이에 따라야 한다.",위임,미특정,3,"모집·선발 방법을 유치원규칙에 정하도록 맡기는 위임이나 열거된 법형식에 해당하지 않아 미특정이며, 단서의 조례는 제3항을 가리키는 인용에 불과하다."
P02559,"③ 지방자치단체(시·도에 한정한다)는 유아의 교육기회를 균등하게 보장하기 위하여 필요한 경우 유아의 모집·선발 시기, 절차 및 방법 등에 관하여 조례로 정할 수 있다.",위임,조례,5,유아 모집·선발 시기·절차·방법 등에 관한 사항을 조례로 정할 수 있도록 규율권한을 넘긴다.
P02560,"② 원장은 교육 목적에 적합한 범위에서 유치원규칙으로 정하는 바에 따라 공정하고 투명한 방법으로 유치원에 입학할 유아를 모집·선발하여야 한다. 다만, 제3항에 따른 조례에서 모집·선발 시기 등을 달리 정한 경우에는 이에 따라야 한다.",위임,미특정,3,"'유치원규칙으로 정하는 바에 따라'로 하위 규범에 모집·선발 방법의 규율을 맡기지만 지정된 법형식 목록에 없어 미특정으로 보며, 단서의 '제3항에 따른 조례'는 인용에 해당한다."
P02561,"③ 지방자치단체(시·도에 한정한다)는 유아의 교육기회를 균등하게 보장하기 위하여 필요한 경우 유아의 모집·선발 시기, 절차 및 방법 등에 관하여 조례로 정할 수 있다.",위임,조례,5,모집·선발 시기·절차·방법 등에 관한 규율권한을 조례에 넘기는 위임이다.
P02562,"③ 지방자치단체(시·도에 한정한다)는 유아의 교육기회를 균등하게 보장하기 위하여 필요한 경우 유아의 모집·선발 시기, 절차 및 방법 등에 관하여 조례로 정할 수 있다.",위임,조례,5,유아 모집·선발 시기·절차·방법 등 사항을 조례로 정할 수 있게 규율권한을 넘긴다.
P02563,"② 원장은 교육 목적에 적합한 범위에서 유치원규칙으로 정하는 바에 따라 공정하고 투명한 방법으로 유치원에 입학할 유아를 모집·선발하여야 한다. 다만, 제3항에 따른 조례에서 모집·선발 시기 등을 달리 정한 경우에는 이에 따라야 한다.",위임,미특정,3,"'유치원규칙으로 정하는 바에 따라'로 모집·선발 방법의 규율권한을 유치원규칙에 넘기나 목록상 법형식은 특정되지 않으며, 단서의 조례 언급은 제3항을 가리키는 인용이다."
P02564,"③ 지방자치단체(시·도에 한정한다)는 유아의 교육기회를 균등하게 보장하기 위하여 필요한 경우 유아의 모집·선발 시기, 절차 및 방법 등에 관하여 조례로 정할 수 있다.",위임,조례,5,유아 모집·선발 시기·절차·방법 등의 규율권한을 조례에 넘기는 위임 규정이다.
P02565,"② 원장은 교육 목적에 적합한 범위에서 유치원규칙으로 정하는 바에 따라 공정하고 투명한 방법으로 유치원에 입학할 유아를 모집·선발하여야 한다. 다만, 제3항에 따른 조례에서 모집·선발 시기 등을 달리 정한 경우에는 이에 따라야 한다.",위임,미특정,3,"본문은 유아 모집·선발 방법을 유치원규칙에 정하도록 규율권한을 넘기지만 지정된 법형식 목록에 없어 미특정이며, 단서의 '제3항에 따른 조례'는 인용에 해당한다."
P02566,"③ 지방자치단체(시·도에 한정한다)는 유아의 교육기회를 균등하게 보장하기 위하여 필요한 경우 유아의 모집·선발 시기, 절차 및 방법 등에 관하여 조례로 정할 수 있다.",위임,조례,5,유아 모집·선발 시기·절차·방법 등을 조례로 정할 수 있도록 규율권한을 넘긴다.
P02567,"② 원장은 교육 목적에 적합한 범위에서 유치원규칙으로 정하는 바에 따라 공정하고 투명한 방법으로 유치원에 입학할 유아를 모집·선발하여야 한다. 다만, 제3항에 따른 조례에서 모집·선발 시기 등을 달리 정한 경우에는 이에 따라야 한다.",위임,미특정,3,"'유치원규칙으로 정하는 바에 따라'로 하위 규범에 모집·선발 방법을 맡기는 위임이나 열거된 법형식에 해당하지 않아 미특정이며, 단서의 '제3항에 따른 조례'는 인용에 그친다."
P02568,"③ 지방자치단체(시·도에 한정한다)는 유아의 교육기회를 균등하게 보장하기 위하여 필요한 경우 유아의 모집·선발 시기, 절차 및 방법 등에 관하여 조례로 정할 수 있다.",위임,조례,5,유아 모집·선발 시기·절차·방법 등의 규율권한을 조례에 넘기는 위임 규정이다.
P02569,"② 원장은 교육 목적에 적합한 범위에서 유치원규칙으로 정하는 바에 따라 공정하고 투명한 방법으로 유치원에 입학할 유아를 모집·선발하여야 한다. 다만, 제3항에 따른 조례에서 모집·선발 시기 등을 달리 정한 경우에는 이에 따라야 한다.",위임,미특정,3,"'유치원규칙으로 정하는 바에 따라'로 모집·선발 방법의 규율을 유치원규칙에 넘기는 위임이나 열거된 법형식에 해당하지 않아 미특정이며, 단서의 '제3항에 따른 조례'는 기존 규범을 가리키는 인용에 그친다."
P02570,"③ 지방자치단체(시·도에 한정한다)는 유아의 교육기회를 균등하게 보장하기 위하여 필요한 경우 유아의 모집·선발 시기, 절차 및 방법 등에 관하여 조례로 정할 수 있다.",위임,조례,5,유아 모집·선발 시기·절차·방법 등의 규율사항을 조례로 정할 수 있게 위임한다.
P02571,"② 원장은 교육 목적에 적합한 범위에서 유치원규칙으로 정하는 바에 따라 공정하고 투명한 방법으로 유치원에 입학할 유아를 모집·선발하여야 한다. 다만, 제3항에 따른 조례에서 모집·선발 시기 등을 달리 정한 경우에는 이에 따라야 한다.",위임,미특정,3,"본문은 유아 모집·선발 방법을 유치원규칙으로 정하도록 위임하나 열거된 법형식에 해당하지 않아 미특정이며, 단서의 '제3항에 따른 조례'는 기존 조례를 가리키는 인용이다."
P02572,"② 원장은 교육 목적에 적합한 범위에서 유치원규칙으로 정하는 바에 따라 공정하고 투명한 방법으로 유치원에 입학할 유아를 모집·선발하여야 한다. 다만, 제3항에 따른 조례에서 모집·선발 시기 등을 달리 정한 경우에는 이에 따라야 한다.",위임,미특정,3,"'유치원규칙으로 정하는 바에 따라' 모집·선발 방법을 학교규칙에 맡기는 위임이나 열거된 법형식에 없어 미특정으로 보고, 단서의 조례 언급은 제3항 인용에 불과하다."
P02573,대통령령으로 정한다,위임,대통령령,5,문말 종결형 '대통령령으로 정한다'로 대통령령에 규율권한을 넘긴다.
P02574,대통령령으로 정한다,위임,대통령령,5,문말 종결형 '대통령령으로 정한다'로 규율권한을 대통령령에 넘긴다.
P02575,대통령령으로 정한다,위임,대통령령,4,'대통령령으로 정한다'는 종결형 위임 문언으로 학년도 등에 관한 규율권한을 대통령령에 넘긴다.
P02576,대통령령으로 정한다,위임,대통령령,5,문말 종결형 '대통령령으로 정한다'로 대통령령에 규율권한을 넘긴다.
P02577,대통령령으로 정한다,위임,대통령령,3,주어부가 생략되어 있으나 '대통령령으로 정한다'는 종결형으로 대통령령에 규율권한을 넘기는 위임이다.
P02578,대통령령으로 정한다,위임,대통령령,4,문장이 일부만 제시되었으나 '대통령령으로 정한다'는 종결형으로 대통령령에 규율권한을 넘기는 위임이다.
P02579,교육부장관이 정하는 기준에 따라 생활기록부를 작성·관리하여야 한다.,위임,미특정,4,'교육부장관이 정하는 기준'으로 기준 설정 권한을 넘기지만 법형식은 지정하지 않았다.
P02580,대통령령으로 정한다,위임,대통령령,4,문말 종결형 '대통령령으로 정한다'로 대통령령에 규율권한을 넘기는 위임이다.
P02581,대통령령으로 정한다,위임,대통령령,4,문말 '대통령령으로 정한다'는 대통령령에 규율권한을 넘기는 위임이다.
P02582,교육부령으로 정한다,위임,부령,5,'교육부령으로 정한다'는 종결형으로 부령에 규율권한을 넘기는 위임이다.
P02583,교육부령으로 정한다,위임,부령,5,문말 종결형 '교육부령으로 정한다'로 부령에 규율권한을 넘기는 위임이다.
P02584,대통령령으로 정한다,위임,대통령령,4,문말 종결형 '대통령령으로 정한다'로 대통령령에 규율권한을 넘기는 위임이다.
P02585,대통령령으로 정한다,위임,대통령령,5,문말 종결형 '대통령령으로 정한다'로 대통령령에 규율권한을 넘기는 위임이다.
P02586,대통령령으로 정한다,위임,대통령령,4,문말 종결형 '대통령령으로 정한다'로 평가에 관한 사항의 규율권한을 대통령령에 넘긴다.
P02587,필요한 사항은 교육부령으로,판단불가,부령,3,문장이 중간에서 잘려 종결부가 없어 위임 여부를 확정할 수 없으나 '교육부령으로' 표지가 나타난다.
P02588,대통령령으로 정하는,판단불가,대통령령,2,문장이 '대통령령으로 정하는'에서 잘려 있어 규율 대상과 종결 형태를 확인할 수 없다.
P02589,고려하여 대통령령으로,판단불가,해당없음,4,문장이 잘린 단편이어서 위임 여부와 종결 형태를 확인할 수 없다.
P02590,고려하여 대통령령으로,판단불가,대통령령,3,문장이 중간에서 잘려 종결부가 없어 위임 여부를 확정할 수 없으나 문언상 대통령령이 지정되어 있다.
P02591,대통령령으로 정하는,판단불가,대통령령,2,문장이 '대통령령으로 정하는'에서 잘려 있어 위임 여부를 확정할 수 없으나 표지어구는 대통령령이다.
P02592,그 밖에 대통령령,판단불가,대통령령,2,문장이 '그 밖에 대통령령'에서 잘려 있어 위임 여부를 확정할 수 없으나 문언상 대통령령이 명시되어 있다.
P02593,10. 그 밖에 대통령령 및 시·도 조례로 정하는 사항,위임,대통령령|조례,5,대통령령과 시·도 조례에 규율사항을 병기하여 위임한다.
P02594,10. 그 밖에 대통령령 및 시·도 조례로 정하는 사항,위임,대통령령|조례,4,심의사항의 범위를 대통령령과 시·도 조례에 병기하여 넘기는 부분 위임이다.
P02595,10. 그 밖에 대통령령 및 시·도 조례로 정하는 사항,위임,대통령령|조례,5,운영위원회 심의사항의 잔여 부분을 대통령령과 시·도 조례에 병기하여 위임한다.
P02596,10. 그 밖에 대통령령 및 시·도 조례로 정하는 사항,위임,대통령령|조례,5,운영위원회 심의사항의 나머지를 대통령령과 시·도 조례에 맡기는 부분 위임이다.
P02597,10. 그 밖에 대통령령 및 시·도 조례로 정하는 사항,위임,대통령령|조례,5,'대통령령 및 시·도 조례로 정하는 사항'으로 두 법형식에 규율권한을 병기 위임한다.
P02598,10. 그 밖에 대통령령 및 시·도 조례로 정하는 사항,위임,대통령령|조례,5,위원회 심의사항의 일부를 대통령령과 시·도 조례에 병기하여 위임한다.
P02599,10. 그 밖에 대통령령 및 시·도 조례로 정하는 사항,위임,대통령령|조례,5,대통령령과 시·도 조례에 규율할 사항을 병기하여 넘기는 위임이다.
P02600,10. 그 밖에 대통령령 및 시·도 조례로 정하는 사항,위임,대통령령|조례,5,대통령령과 시·도 조례에 규율할 사항을 병기해 위임하고 있다.
P02601,10. 그 밖에 대통령령 및 시·도 조례로 정하는 사항,위임,대통령령|조례,5,운영위원회 심의사항의 추가 결정을 대통령령과 시·도 조례에 병기하여 맡기는 위임이다.
P02602,10. 그 밖에 대통령령 및 시·도 조례로 정하는 사항,위임,대통령령|조례,4,운영위원회 기능의 잔여 사항을 대통령령과 시·도 조례에 병기하여 위임한다.
P02603,10. 그 밖에 대통령령 및 시·도 조례로 정하는 사항,위임,대통령령|조례,4,심의사항의 범위를 대통령령과 시·도 조례에 함께 맡기는 부분 위임이다.
P02604,10. 그 밖에 대통령령 및 시·도 조례로 정하는 사항,위임,대통령령|조례,5,대통령령과 시·도 조례에 규율할 사항을 병기하여 맡기는 위임이다.
P02605,10. 그 밖에 대통령령 및 시·도 조례로 정하는 사항,위임,대통령령|조례,5,대통령령과 시·도 조례 두 법형식에 규율사항을 병기하여 위임한다.
P02606,10. 그 밖에 대통령령 및 시·도 조례로 정하는 사항,위임,대통령령|조례,4,심의사항의 범위를 대통령령과 시·도 조례에 병기하여 넘기는 부분 위임이다.
P02607,10. 그 밖에 대통령령 및 시·도 조례로 정하는 사항,위임,대통령령|조례,5,대통령령과 시·도 조례에 정할 사항을 맡기는 병기 위임이다.
P02608,10. 그 밖에 대통령령 및 시·도 조례로 정하는 사항,위임,대통령령|조례,5,심의사항의 나머지를 대통령령과 시·도 조례에 병기하여 위임한다.
P02609,10. 그 밖에 대통령령 및 시·도 조례로 정하는 사항,위임,대통령령|조례,5,대통령령과 시·도 조례에 규율할 사항을 병기하여 넘기는 위임이다.
P02610,대통령령으로 정하는,판단불가,미특정,3,문장이 '대통령령으로 정하는'에서 잘려 무엇을 어떻게 위임하는지 확인할 수 없다.
P02611,대통령령으로 정하고,위임,대통령령,4,문장이 일부 절단되었으나 '대통령령으로 정하고'는 대통령령에 규율권한을 넘기는 위임 문언이다.
P02612,대통령령으로 정하고,위임,대통령령,3,문장이 조각이지만 '대통령령으로 정하고'는 유치원운영위원회 구성·운영 사항의 규율권한을 대통령령에 넘기는 위임 문언이다.
P02613,대통령령으로 정하는,판단불가,대통령령,3,문장이 '대통령령으로 정하는'에서 잘려 무엇을 위임하는지 확인할 수 없어 위임 여부를 확정할 수 없다.
P02614,대통령령으로 정하는,판단불가,대통령령,3,문장이 '대통령령으로 정하는'에서 잘려 있어 위임 대상과 종결 구조를 확인할 수 없다.
P02615,대통령령으로 정하고,위임,대통령령,4,문장이 일부 잘려 있으나 '대통령령으로 정하고'는 유치원운영위원회 구성·운영 사항의 규율권한을 대통령령에 넘기는 위임 문언이다.
P02616,대통령령으로 정하는,판단불가,대통령령,3,문장이 '대통령령으로 정하는'에서 절단되어 무엇을 위임하는지 확인할 수 없다.
P02617,대통령령으로 정하고,위임,대통령령,3,문장이 절 단위로 잘렸으나 '대통령령으로 정하고'는 유치원운영위원회 구성·운영 사항을 대통령령에 넘기는 위임 표현이다.
P02618,대통령령으로 정하는,판단불가,대통령령,2,문장이 '대통령령으로 정하는'에서 잘려 무엇을 위임하는지 확인할 수 없어 판정이 불가하다.
P02619,대통령령으로 정하고,위임,대통령령,4,문장이 일부 잘렸으나 '대통령령으로 정하고'는 대통령령에 규율권한을 넘기는 위임 표현이다.
P02620,대통령령으로 정하는,판단불가,대통령령,3,문장이 '대통령령으로 정하는'에서 잘려 무엇을 위임하는지 확인할 수 없어 판정이 불가하다.
P02621,대통령령으로 정하고,위임,대통령령,4,문장이 일부 절단되었으나 '대통령령으로 정하고'는 대통령령에 규율권한을 넘기는 위임 문언이다.
P02622,대통령령으로 정하는,판단불가,대통령령,3,문장이 '대통령령으로 정하는'에서 잘려 위임 대상과 종결 구조를 확인할 수 없다.
P02623,대통령령으로 정하고,위임,대통령령,3,문장이 절 단위로 잘렸으나 '대통령령으로 정하고'라는 문언 자체가 대통령령에 규율권한을 넘기는 위임이다.
P02624,대통령령으로 정하고,위임,대통령령,3,문장이 절 단위로 잘렸으나 '대통령령으로 정하고'는 유치원운영위원회 구성·운영 사항을 대통령령에 넘기는 위임 문언이다.
P02625,대통령령으로 정하는,위임,대통령령,3,문장이 단편이지만 '대통령령으로 정하는'이라는 부분 위임 표지가 명시되어 대통령령에 규율권한을 넘기는 것으로 본다.
P02626,대통령령으로 정하는,판단불가,대통령령,3,문장이 '대통령령으로 정하는'에서 잘려 있어 위임 종결 여부를 확정할 수 없으나 문언상 법형식은 대통령령이다.
P02627,대통령령으로 정하고,위임,대통령령,3,문장이 절 단위로 잘려 있으나 '대통령령으로 정하고'는 대통령령에 규율권한을 넘기는 위임 문언이다.
P02628,대통령령으로 정하고,위임,대통령령,3,문장이 절 단위로 잘려 있으나 '대통령령으로 정하고'라는 위임 종결형으로 대통령령에 규율권한을 넘긴다.
P02629,대통령령으로 정하는,판단불가,대통령령,3,문장이 '대통령령으로 정하는'에서 끊겨 무엇을 위임하는지 확인할 수 없으므로 판정이 어렵다.
P02630,대통령령으로 정하고,위임,대통령령,3,문장이 절단된 단편이지만 '대통령령으로 정하고'는 유치원운영위원회 구성·운영 사항의 규율권한을 대통령령에 넘기는 위임 문언이다.
P02631,대통령령으로 정하는,판단불가,해당없음,3,문장이 '대통령령으로 정하는'에서 잘려 규율 대상과 종결 형태를 확인할 수 없어 위임 여부를 확정할 수 없다.
P02632,대통령령으로 정하고,위임,대통령령,3,문장이 절 단위로 잘렸으나 '대통령령으로 정하고'는 유치원운영위원회 구성·운영 사항을 대통령령에 넘기는 위임 문언이다.
P02633,"① 제19조의3에 따른 유치원운영위원회 중 국립유치원에 두는 유치원운영위원회의 구성·운영에 필요한 사항은 대통령령으로 정하고, 공립유치원에 두는 유치원운영위원회의 구성·운영에 필요한 사항은 대통령령으로 정하는 범위에서 시·도의 조례로 정한다.",위임,대통령령|조례,5,"국립유치원은 대통령령, 공립유치원은 대통령령이 정하는 범위에서 시·도 조례로 정하도록 하는 병기 위임이다."
P02634,"① 제19조의3에 따른 유치원운영위원회 중 국립유치원에 두는 유치원운영위원회의 구성·운영에 필요한 사항은 대통령령으로 정하고, 공립유치원에 두는 유치원운영위원회의 구성·운영에 필요한 사항은 대통령령으로 정하는 범위에서 시·도의 조례로 정한다.",위임,대통령령|조례,5,"국립유치원 사항은 대통령령에, 공립유치원 사항은 대통령령이 정한 범위에서 시·도 조례에 규율권한을 넘기는 병기 위임이다."
P02635,"① 제19조의3에 따른 유치원운영위원회 중 국립유치원에 두는 유치원운영위원회의 구성·운영에 필요한 사항은 대통령령으로 정하고, 공립유치원에 두는 유치원운영위원회의 구성·운영에 필요한 사항은 대통령령으로 정하는 범위에서 시·도의 조례로 정한다.",위임,대통령령|조례,5,"국립유치원은 대통령령, 공립유치원은 대통령령이 정하는 범위에서 시·도 조례로 정하도록 병기 위임한다."
P02636,"① 제19조의3에 따른 유치원운영위원회 중 국립유치원에 두는 유치원운영위원회의 구성·운영에 필요한 사항은 대통령령으로 정하고, 공립유치원에 두는 유치원운영위원회의 구성·운영에 필요한 사항은 대통령령으로 정하는 범위에서 시·도의 조례로 정한다.",위임,대통령령|조례,5,"국립유치원 사항은 대통령령에, 공립유치원 사항은 대통령령이 정하는 범위에서 시·도 조례에 규율권한을 넘기는 병기 위임이다."
P02637,"① 제19조의3에 따른 유치원운영위원회 중 국립유치원에 두는 유치원운영위원회의 구성·운영에 필요한 사항은 대통령령으로 정하고, 공립유치원에 두는 유치원운영위원회의 구성·운영에 필요한 사항은 대통령령으로 정하는 범위에서 시·도의 조례로 정한다.",위임,대통령령|조례,5,"국립유치원은 대통령령, 공립유치원은 대통령령이 정하는 범위에서 시·도 조례로 정하도록 규율권한을 넘기는 병기 위임이다."
P02638,"① 제19조의3에 따른 유치원운영위원회 중 국립유치원에 두는 유치원운영위원회의 구성·운영에 필요한 사항은 대통령령으로 정하고, 공립유치원에 두는 유치원운영위원회의 구성·운영에 필요한 사항은 대통령령으로 정하는 범위에서 시·도의 조례로 정한다.",위임,대통령령|조례,5,"국립유치원은 대통령령, 공립유치원은 대통령령으로 정하는 범위에서 시·도 조례에 규율권한을 넘기는 병기 위임이다."
P02639,"① 제19조의3에 따른 유치원운영위원회 중 국립유치원에 두는 유치원운영위원회의 구성·운영에 필요한 사항은 대통령령으로 정하고, 공립유치원에 두는 유치원운영위원회의 구성·운영에 필요한 사항은 대통령령으로 정하는 범위에서 시·도의 조례로 정한다.",위임,대통령령|조례,5,"국립유치원은 대통령령, 공립유치원은 대통령령이 정하는 범위에서 시·도 조례로 정하도록 두 법형식에 규율권한을 넘긴다."
P02640,"① 제19조의3에 따른 유치원운영위원회 중 국립유치원에 두는 유치원운영위원회의 구성·운영에 필요한 사항은 대통령령으로 정하고, 공립유치원에 두는 유치원운영위원회의 구성·운영에 필요한 사항은 대통령령으로 정하는 범위에서 시·도의 조례로 정한다.",위임,대통령령|조례,5,"국립유치원 사항은 대통령령에, 공립유치원 사항은 대통령령이 정하는 범위에서 시·도 조례에 규율권한을 넘기는 병기 위임이다."
P02641,"① 제19조의3에 따른 유치원운영위원회 중 국립유치원에 두는 유치원운영위원회의 구성·운영에 필요한 사항은 대통령령으로 정하고, 공립유치원에 두는 유치원운영위원회의 구성·운영에 필요한 사항은 대통령령으로 정하는 범위에서 시·도의 조례로 정한다.",위임,대통령령|조례,5,"국립은 대통령령, 공립은 대통령령이 정하는 범위에서 시·도 조례로 정하도록 두 법형식에 규율권한을 넘긴다."
P02642,"① 제19조의3에 따른 유치원운영위원회 중 국립유치원에 두는 유치원운영위원회의 구성·운영에 필요한 사항은 대통령령으로 정하고, 공립유치원에 두는 유치원운영위원회의 구성·운영에 필요한 사항은 대통령령으로 정하는 범위에서 시·도의 조례로 정한다.",위임,대통령령|조례,5,"국립유치원은 대통령령, 공립유치원은 대통령령이 정하는 범위에서 시·도 조례로 정하도록 규율권한을 넘기고 있다."
P02643,"① 제19조의3에 따른 유치원운영위원회 중 국립유치원에 두는 유치원운영위원회의 구성·운영에 필요한 사항은 대통령령으로 정하고, 공립유치원에 두는 유치원운영위원회의 구성·운영에 필요한 사항은 대통령령으로 정하는 범위에서 시·도의 조례로 정한다.",위임,대통령령|조례,5,"국립유치원은 대통령령, 공립유치원은 대통령령이 정하는 범위에서 시·도 조례로 정하도록 두 법형식에 규율권한을 넘긴다."
P02644,"① 제19조의3에 따른 유치원운영위원회 중 국립유치원에 두는 유치원운영위원회의 구성·운영에 필요한 사항은 대통령령으로 정하고, 공립유치원에 두는 유치원운영위원회의 구성·운영에 필요한 사항은 대통령령으로 정하는 범위에서 시·도의 조례로 정한다.",위임,대통령령|조례,5,"국립유치원은 대통령령, 공립유치원은 대통령령이 정하는 범위에서 시·도 조례로 정하도록 두 법형식에 규율권한을 넘긴다."
P02645,"① 제19조의3에 따른 유치원운영위원회 중 국립유치원에 두는 유치원운영위원회의 구성·운영에 필요한 사항은 대통령령으로 정하고, 공립유치원에 두는 유치원운영위원회의 구성·운영에 필요한 사항은 대통령령으로 정하는 범위에서 시·도의 조례로 정한다.",위임,대통령령|조례,5,"국립유치원은 대통령령, 공립유치원은 대통령령이 정하는 범위에서 시·도 조례로 정하도록 두 법형식에 규율권한을 넘긴다."
P02646,"① 제19조의3에 따른 유치원운영위원회 중 국립유치원에 두는 유치원운영위원회의 구성·운영에 필요한 사항은 대통령령으로 정하고, 공립유치원에 두는 유치원운영위원회의 구성·운영에 필요한 사항은 대통령령으로 정하는 범위에서 시·도의 조례로 정한다.",위임,대통령령|조례,5,"국립유치원은 대통령령, 공립유치원은 대통령령이 정하는 범위에서 시·도 조례로 정하도록 두 법형식에 규율권한을 넘긴다."
P02647,"① 제19조의3에 따른 유치원운영위원회 중 국립유치원에 두는 유치원운영위원회의 구성·운영에 필요한 사항은 대통령령으로 정하고, 공립유치원에 두는 유치원운영위원회의 구성·운영에 필요한 사항은 대통령령으로 정하는 범위에서 시·도의 조례로 정한다.",위임,대통령령|조례,5,"국립유치원은 대통령령, 공립유치원은 대통령령으로 정하는 범위에서 시·도 조례로 정하도록 두 법형식에 규율권한을 넘긴다."
P02648,"① 제19조의3에 따른 유치원운영위원회 중 국립유치원에 두는 유치원운영위원회의 구성·운영에 필요한 사항은 대통령령으로 정하고, 공립유치원에 두는 유치원운영위원회의 구성·운영에 필요한 사항은 대통령령으로 정하는 범위에서 시·도의 조례로 정한다.",위임,대통령령|조례,5,"국립유치원은 대통령령, 공립유치원은 대통령령이 정하는 범위에서 조례로 정하도록 두 법형식에 규율권한을 넘긴다."
P02649,"① 제19조의3에 따른 유치원운영위원회 중 국립유치원에 두는 유치원운영위원회의 구성·운영에 필요한 사항은 대통령령으로 정하고, 공립유치원에 두는 유치원운영위원회의 구성·운영에 필요한 사항은 대통령령으로 정하는 범위에서 시·도의 조례로 정한다.",위임,대통령령|조례,5,"국립유치원은 대통령령, 공립유치원은 대통령령이 정하는 범위에서 시·도 조례로 정하도록 두 법형식에 규율권한을 넘긴다."
P02650,경우에는 교육부령으로,판단불가,미특정,4,문장이 중간에 잘려 있어 위임인지 인용인지 판정할 수 없다.
P02651,"⑥ 유치원회계의 설치에 필요한 사항은 국립유치원의 경우에는 교육부령으로, 공립유치원의 경우에는 시·도의 교육규칙으로 정한다.",위임,부령|교육규칙,5,"국립은 교육부령, 공립은 시·도 교육규칙에 규율권한을 병기하여 넘긴다."
P02652,"⑥ 유치원회계의 설치에 필요한 사항은 국립유치원의 경우에는 교육부령으로, 공립유치원의 경우에는 시·도의 교육규칙으로 정한다.",위임,부령|교육규칙,5,"국립은 교육부령, 공립은 시·도 교육규칙에 규율권한을 넘기는 병기 위임이다."
P02653,"⑥ 유치원회계의 설치에 필요한 사항은 국립유치원의 경우에는 교육부령으로, 공립유치원의 경우에는 시·도의 교육규칙으로 정한다.",위임,부령|교육규칙,5,"국립은 교육부령, 공립은 시·도 교육규칙에 규율권한을 넘기는 병기 위임이다."
P02654,"⑥ 유치원회계의 설치에 필요한 사항은 국립유치원의 경우에는 교육부령으로, 공립유치원의 경우에는 시·도의 교육규칙으로 정한다.",위임,부령|교육규칙,5,"국립은 교육부령, 공립은 시·도 교육규칙에 규율권한을 병기하여 넘긴다."
P02655,"⑥ 유치원회계의 설치에 필요한 사항은 국립유치원의 경우에는 교육부령으로, 공립유치원의 경우에는 시·도의 교육규칙으로 정한다.",위임,부령|교육규칙,5,"국립은 교육부령, 공립은 시·도 교육규칙에 규율권한을 병기하여 위임한다."
P02656,"⑥ 유치원회계의 설치에 필요한 사항은 국립유치원의 경우에는 교육부령으로, 공립유치원의 경우에는 시·도의 교육규칙으로 정한다.",위임,부령|교육규칙,5,"국립은 교육부령, 공립은 시·도 교육규칙에 각각 규율권한을 넘기는 병기 위임이다."
P02657,"⑥ 유치원회계의 설치에 필요한 사항은 국립유치원의 경우에는 교육부령으로, 공립유치원의 경우에는 시·도의 교육규칙으로 정한다.",위임,부령|교육규칙,5,"국립은 교육부령, 공립은 시·도 교육규칙에 규율권한을 병기하여 위임한다."
P02658,"⑥ 유치원회계의 설치에 필요한 사항은 국립유치원의 경우에는 교육부령으로, 공립유치원의 경우에는 시·도의 교육규칙으로 정한다.",위임,부령|교육규칙,5,"국립은 교육부령, 공립은 시·도 교육규칙으로 정하도록 두 법형식에 규율권한을 병기 위임한다."
P02659,"⑥ 유치원회계의 설치에 필요한 사항은 국립유치원의 경우에는 교육부령으로, 공립유치원의 경우에는 시·도의 교육규칙으로 정한다.",위임,부령|교육규칙,5,"국립은 교육부령, 공립은 시·도 교육규칙에 규율권한을 병기하여 넘긴다."
P02660,"⑥ 유치원회계의 설치에 필요한 사항은 국립유치원의 경우에는 교육부령으로, 공립유치원의 경우에는 시·도의 교육규칙으로 정한다.",위임,부령|교육규칙,5,"국립은 교육부령, 공립은 시·도 교육규칙에 각각 규율권한을 넘기는 병기 위임이다."
P02661,"⑥ 유치원회계의 설치에 필요한 사항은 국립유치원의 경우에는 교육부령으로, 공립유치원의 경우에는 시·도의 교육규칙으로 정한다.",위임,부령|교육규칙,5,"국립은 교육부령, 공립은 시·도 교육규칙에 각각 규율권한을 넘기는 병기 위임이다."
P02662,"⑥ 유치원회계의 설치에 필요한 사항은 국립유치원의 경우에는 교육부령으로, 공립유치원의 경우에는 시·도의 교육규칙으로 정한다.",위임,부령|교육규칙,5,"국립은 교육부령, 공립은 시·도 교육규칙에 규율권한을 넘기는 병기 위임이다."
P02663,"⑥ 유치원회계의 설치에 필요한 사항은 국립유치원의 경우에는 교육부령으로, 공립유치원의 경우에는 시·도의 교육규칙으로 정한다.",위임,부령|교육규칙,5,"국립은 교육부령, 공립은 시·도 교육규칙에 규율권한을 넘기는 병기 위임이다."
P02664,"⑥ 유치원회계의 설치에 필요한 사항은 국립유치원의 경우에는 교육부령으로, 공립유치원의 경우에는 시·도의 교육규칙으로 정한다.",위임,부령|교육규칙,5,"국립은 교육부령, 공립은 시·도 교육규칙에 규율권한을 넘기는 병기 위임이다."
P02665,"⑥ 유치원회계의 설치에 필요한 사항은 국립유치원의 경우에는 교육부령으로, 공립유치원의 경우에는 시·도의 교육규칙으로 정한다.",위임,부령|교육규칙,5,"국립은 교육부령, 공립은 시·도 교육규칙에 규율권한을 병기하여 넘기는 위임이다."
P02666,"⑥ 유치원회계의 설치에 필요한 사항은 국립유치원의 경우에는 교육부령으로, 공립유치원의 경우에는 시·도의 교육규칙으로 정한다.",위임,부령|교육규칙,5,"국립은 교육부령, 공립은 시·도 교육규칙으로 정하도록 규율권한을 넘기는 병기 위임이다."
P02667,"⑥ 유치원회계의 설치에 필요한 사항은 국립유치원의 경우에는 교육부령으로, 공립유치원의 경우에는 시·도의 교육규칙으로 정한다.",위임,부령|교육규칙,5,"국립은 교육부령, 공립은 시·도 교육규칙에 규율권한을 각각 넘기는 위임이다."
P02668,국립유치원의 경우에는 교육부령으로,판단불가,부령,3,문장이 '교육부령으로'에서 잘려 서술어가 없어 위임 종결 여부를 확정할 수 없으나 지정 법형식은 교육부령으로 보인다.
P02669,"⑥ 유치원회계의 운영에 필요한 사항은 국립유치원의 경우에는 교육부령으로, 공립유치원의 경우에는 시·도의 교육규칙으로 정한다.",위임,부령|교육규칙,5,"국립은 교육부령, 공립은 시·도 교육규칙에 규율권한을 넘기는 병기 위임이다."
P02670,"⑥ 유치원회계의 운영에 필요한 사항은 국립유치원의 경우에는 교육부령으로, 공립유치원의 경우에는 시·도의 교육규칙으로 정한다.",위임,부령|교육규칙,5,"국립은 교육부령, 공립은 시·도 교육규칙에 규율권한을 넘기는 병기 위임이다."
P02671,"⑥ 유치원회계의 운영에 필요한 사항은 국립유치원의 경우에는 교육부령으로, 공립유치원의 경우에는 시·도의 교육규칙으로 정한다.",위임,부령|교육규칙,5,"국립은 교육부령, 공립은 시·도 교육규칙에 규율권한을 넘기는 병기 위임이다."
P02672,"⑥ 유치원회계의 운영에 필요한 사항은 국립유치원의 경우에는 교육부령으로, 공립유치원의 경우에는 시·도의 교육규칙으로 정한다.",위임,부령|교육규칙,5,"국립은 교육부령, 공립은 시·도 교육규칙에 규율권한을 넘기는 병기 위임이다."
P02673,"⑥ 유치원회계의 운영에 필요한 사항은 국립유치원의 경우에는 교육부령으로, 공립유치원의 경우에는 시·도의 교육규칙으로 정한다.",위임,부령|교육규칙,5,"국립은 교육부령, 공립은 시·도 교육규칙에 규율권한을 넘기는 병기 위임이다."
P02674,"⑥ 유치원회계의 운영에 필요한 사항은 국립유치원의 경우에는 교육부령으로, 공립유치원의 경우에는 시·도의 교육규칙으로 정한다.",위임,부령|교육규칙,5,"국립은 교육부령, 공립은 시·도 교육규칙으로 정하도록 두 법형식에 규율권한을 넘긴다."
P02675,"⑥ 유치원회계의 운영에 필요한 사항은 국립유치원의 경우에는 교육부령으로, 공립유치원의 경우에는 시·도의 교육규칙으로 정한다.",위임,부령|교육규칙,5,"국립은 교육부령, 공립은 시·도 교육규칙에 각각 규율권한을 넘기는 병기 위임이다."
P02676,"⑥ 유치원회계의 운영에 필요한 사항은 국립유치원의 경우에는 교육부령으로, 공립유치원의 경우에는 시·도의 교육규칙으로 정한다.",위임,부령|교육규칙,5,"국립은 교육부령, 공립은 시·도 교육규칙에 규율권한을 넘기는 병기 위임이다."
P02677,"⑥ 유치원회계의 운영에 필요한 사항은 국립유치원의 경우에는 교육부령으로, 공립유치원의 경우에는 시·도의 교육규칙으로 정한다.",위임,부령|교육규칙,5,"국립은 교육부령, 공립은 시·도 교육규칙에 규율권한을 각각 넘기는 병기 위임이다."
P02678,"⑥ 유치원회계의 운영에 필요한 사항은 국립유치원의 경우에는 교육부령으로, 공립유치원의 경우에는 시·도의 교육규칙으로 정한다.",위임,부령|교육규칙,5,"국립은 교육부령, 공립은 시·도 교육규칙에 규율권한을 넘기는 병기 위임이다."
P02679,"⑥ 유치원회계의 운영에 필요한 사항은 국립유치원의 경우에는 교육부령으로, 공립유치원의 경우에는 시·도의 교육규칙으로 정한다.",위임,부령|교육규칙,5,"국립은 교육부령, 공립은 시·도 교육규칙으로 정하도록 규율권한을 넘기는 병기 위임이다."
P02680,"⑥ 유치원회계의 운영에 필요한 사항은 국립유치원의 경우에는 교육부령으로, 공립유치원의 경우에는 시·도의 교육규칙으로 정한다.",위임,부령|교육규칙,5,"국립은 교육부령, 공립은 시·도 교육규칙에 각각 규율권한을 넘기는 병기 위임이다."
P02681,"⑥ 유치원회계의 운영에 필요한 사항은 국립유치원의 경우에는 교육부령으로, 공립유치원의 경우에는 시·도의 교육규칙으로 정한다.",위임,부령|교육규칙,5,"국립은 교육부령, 공립은 시·도 교육규칙에 규율권한을 넘기는 병기 위임이다."
P02682,"⑥ 유치원회계의 운영에 필요한 사항은 국립유치원의 경우에는 교육부령으로, 공립유치원의 경우에는 시·도의 교육규칙으로 정한다.",위임,부령|교육규칙,5,"국립은 교육부령, 공립은 시·도 교육규칙에 규율권한을 넘기는 병기 위임이다."
P02683,"⑥ 유치원회계의 운영에 필요한 사항은 국립유치원의 경우에는 교육부령으로, 공립유치원의 경우에는 시·도의 교육규칙으로 정한다.",위임,부령|교육규칙,5,"국립은 교육부령, 공립은 시·도 교육규칙에 각각 규율권한을 넘기는 병기 위임이다."
P02684,"⑥ 유치원회계의 운영에 필요한 사항은 국립유치원의 경우에는 교육부령으로, 공립유치원의 경우에는 시·도의 교육규칙으로 정한다.",위임,부령|교육규칙,5,"국립은 교육부령, 공립은 시·도 교육규칙에 규율권한을 넘기는 병기 위임이다."
P02685,"⑥ 유치원회계의 운영에 필요한 사항은 국립유치원의 경우에는 교육부령으로, 공립유치원의 경우에는 시·도의 교육규칙으로 정한다.",위임,부령|교육규칙,5,"국립은 교육부령, 공립은 시·도 교육규칙에 규율권한을 넘기는 병기 위임이다."
P02686,대통령령으로 정하는,판단불가,대통령령,2,문장이 '대통령령으로 정하는'에서 잘려 있어 규율 대상과 종결 형태를 확인할 수 없다.
P02687,대통령령으로 정하고,위임,대통령령,3,문장이 절 단위로 잘렸으나 '대통령령으로 정하고'라는 현재형 위임 문언이 확인되어 대통령령에 규율권한을 넘기는 위임으로 본다.
P02688,법령과,판단불가,해당없음,5,문장이 '법령과'로 잘려 있어 규율권한 이전 여부를 판정할 수 없다.
P02689,대통령령으로 정하는,판단불가,대통령령,2,문장이 '대통령령으로 정하는'에서 잘려 있어 규율권한 위임 여부를 맥락 없이 판정할 수 없다.
P02690,대통령령으로 정하는,판단불가,대통령령,3,문장이 '대통령령으로 정하는'에서 끊겨 수식 대상과 종결부가 없어 위임인지 인용인지 확정할 수 없다.
P02691,대통령령으로 정하는,판단불가,대통령령,2,문장이 '대통령령으로 정하는'에서 잘려 수식 대상과 종결형태를 알 수 없어 위임 여부를 확정할 수 없다.
P02692,대통령령으로 정하는,판단불가,대통령령,3,'대통령령으로 정하는'이라는 잘린 구절만 제시되어 규율 대상과 종결 구조를 확인할 수 없다.
P02693,대통령령으로 정하는,판단불가,대통령령,3,문장이 '대통령령으로 정하는'에서 잘려 있어 위임 여부를 확정할 수 없으나 문언상 법형식은 대통령령으로 표시되어 있다.
P02694,대통령령으로 정하는,판단불가,대통령령,2,문장이 '대통령령으로 정하는'에서 잘려 무엇을 위임하는지 확인할 수 없다.
P02695,대통령령으로 정하는,판단불가,미특정,4,문장이 '대통령령으로 정하는'에서 잘려 있어 무엇을 위임하는지 판정할 수 없다.
P02696,교육부장관이 정하는 연수 이수 결과를 바탕으로 검정·수여하는 자격증을 받은 사람이어야 한다.,위임,미특정,4,'교육부장관이 정하는'으로 연수 이수 관련 사항의 규율을 넘기지만 법형식은 지정하지 않았다.
P02697,대통령령으로 정한다,위임,대통령령,4,문장이 일부 잘렸으나 '대통령령으로 정한다'는 종결형 위임 문구로 대통령령에 규율권한을 넘긴다.
P02698,대통령령으로 정한다,위임,대통령령,4,'대통령령으로 정한다'는 종결형으로 대통령령에 규율권한을 위임한다.
P02699,필요한 사항은 교육부령으로,위임,부령,4,문장이 일부 절단되었으나 '필요한 사항은 교육부령으로'라는 문언에서 교육부령에 규율권한을 넘기는 위임 구조가 확인된다.
P02700,필요한 사항은 교육부령으로,판단불가,부령,3,문장이 종결되지 않고 잘려 있어 위임 여부를 확정할 수 없으나 법형식은 교육부령으로 명시되어 있다.
P02701,필요한 사항은 교육부령으로,판단불가,미특정,3,문장이 종결되지 않고 잘려 있어 위임 여부를 확정할 수 없다.
P02702,필요한 사항은 교육부령으로,판단불가,부령,2,문장이 중간에 잘려 종결부가 없어 위임 여부를 확정할 수 없으나 표지어구상 교육부령(부령)이 언급되어 있다.
P02703,교육부장관이 예산의 범위에서 관계 행정기관의 장과 협의하여 고시한다,위임,고시,4,'고시한다'는 종결형으로 교육부장관의 고시에 규율권한을 넘기는 위임이다.
P02704,교육부령으로 정하는,판단불가,부령,2,문장이 '교육부령으로 정하는'에서 잘려 있어 위임 종결 여부를 판정할 수 없으나 표지어구상 법형식은 부령이다.
P02705,대통령령으로 정한다,위임,대통령령,4,'대통령령으로 정한다'는 종결형으로 대통령령에 규율권한을 넘기는 위임이다.
P02706,교육부령으로 정한다,위임,부령,4,'교육부령으로 정한다'는 종결형으로 부령에 규율권한을 넘기는 위임이다.
P02707,대통령령으로 정하는,판단불가,대통령령,3,문장이 '대통령령으로 정하는'에서 잘려 수식 대상과 종결형이 없어 위임인지 확정할 수 없으나 표지 법형식은 대통령령이다.
P02708,대통령령으로 정하는 수업일수를,위임,대통령령,4,문장이 일부 잘렸으나 '대통령령으로 정하는 수업일수'라는 부분 위임 표지가 명확하다.
P02709,대통령령으로 정하는 바에,판단불가,대통령령,2,문장이 '대통령령으로 정하는 바에'에서 잘려 규율권한 이전 여부를 확정할 수 없으나 문언상 지정된 법형식은 대통령령이다.
P02710,대통령령으로 정하는,판단불가,미특정,3,문장이 '대통령령으로 정하는'에서 잘려 있어 규율권한 이전 여부와 대상을 확정할 수 없다.
P02711,대통령령으로 정하는,판단불가,해당없음,3,문장이 '대통령령으로 정하는'에서 잘려 있어 규율권한 이전 여부를 확정할 수 없다.
P02712,대통령령으로 정하는,판단불가,대통령령,2,문장이 '대통령령으로 정하는'에서 잘려 규율 대상과 종결 형태를 확인할 수 없어 위임 여부를 확정할 수 없다.
P02713,대통령령으로 정하는,판단불가,대통령령,2,문장이 '대통령령으로 정하는'에서 잘려 규율 대상과 종결형이 없어 위임 여부를 확정할 수 없다.
P02714,교육부령으로 정하는,판단불가,부령,2,문장이 '교육부령으로 정하는'에서 잘려 무엇을 정하는지 확인할 수 없어 위임 여부를 확정할 수 없으나 표지어구는 부령이다.
P02715,교육부령으로 정하는,판단불가,부령,3,문장이 '교육부령으로 정하는'에서 잘려 규율 대상과 종결 형태를 확인할 수 없어 위임 여부를 확정할 수 없다.
P02716,대통령령으로 정하는,판단불가,대통령령,3,문장이 '대통령령으로 정하는'에서 잘려 규율 대상과 종결형을 확인할 수 없어 위임 여부를 판정할 수 없다.
P02717,교육통계조사에 관하여 필요한 사항은 교육부장관이 정한다.,위임,미특정,5,교육부장관에게 규율권한을 넘기지만 법형식을 지정하지 않았다.
P02718,대통령령으로 정한다,위임,대통령령,3,문장이 단편적이나 '대통령령으로 정한다'는 종결형으로 대통령령에 규율권한을 넘기는 위임이다.
P02719,교육부령으로 정하는,판단불가,부령,3,문장이 '교육부령으로 정하는'에서 끊겨 규율 대상과 종결 형태를 알 수 없어 위임 여부를 확정할 수 없다.
P02720,교육부령으로 정하는,판단불가,부령,3,문장이 '교육부령으로 정하는'에서 잘려 있어 위임 종결 여부를 확정할 수 없으나 지시된 법형식은 교육부령(부령)이다.
P02721,교육부령으로 정하는,판단불가,부령,2,문장이 '교육부령으로 정하는'에서 끊겨 위임 대상과 종결 형태를 확인할 수 없다.
P02722,교육부령으로 정하는,판단불가,부령,3,문장이 '교육부령으로 정하는'에서 잘려 있어 위임 종결 여부를 확정할 수 없으나 문언상 지정 형식은 부령이다.
P02723,교육부령으로 정하는,판단불가,부령,3,문장이 '교육부령으로 정하는'에서 끊겨 종결부가 없어 위임인지 인용인지 확정할 수 없으나 지정 법형식은 교육부령이다.
P02724,대통령령으로 정한다,위임,대통령령,3,문장이 단편적이나 '대통령령으로 정한다'는 종결형으로 대통령령에 규율권한을 넘기는 위임 문언이다.
P02725,"③ 제2항에도 불구하고 유아 수가 20명 미만인 국립ㆍ공립 유치원에 두는 운영위원회 위원의 구성비율은 국립유치원의 경우에는 유치원규칙으로 다르게 정할 수 있으며, 공립유치원의 경우에는 시ㆍ도의 조례로 정하는 범위에서 운영위원회규정으로 다르게 정할 수 있다. 다만, 유치원규칙 또는 운영위원회규정으로 다르게 정하는 경우에도 학부모위원 및 교원위원은 각각 1명 이상 포함되어야 한다.",위임,조례,4,"위원 구성비율을 유치원규칙·시·도 조례가 정하는 범위의 운영위원회규정에 맡기는 위임으로, 명시된 법형식은 조례이다."
P02726,"③ 제2항에도 불구하고 유아 수가 20명 미만인 국립ㆍ공립 유치원에 두는 운영위원회 위원의 구성비율은 국립유치원의 경우에는 유치원규칙으로 다르게 정할 수 있으며, 공립유치원의 경우에는 시ㆍ도의 조례로 정하는 범위에서 운영위원회규정으로 다르게 정할 수 있다. 다만, 유치원규칙 또는 운영위원회규정으로 다르게 정하는 경우에도 학부모위원 및 교원위원은 각각 1명 이상 포함되어야 한다.",위임,조례|미특정,3,위원 구성비율을 유치원규칙·운영위원회규정에 위임하면서 공립의 경우 시·도 조례가 정하는 범위를 전제하므로 조례와 목록에 없는 자치규범(미특정)이 병기된 위임이다.
P02727,"③ 제2항에도 불구하고 유아 수가 20명 미만인 국립ㆍ공립 유치원에 두는 운영위원회 위원의 구성비율은 국립유치원의 경우에는 유치원규칙으로 다르게 정할 수 있으며, 공립유치원의 경우에는 시ㆍ도의 조례로 정하는 범위에서 운영위원회규정으로 다르게 정할 수 있다. 다만, 유치원규칙 또는 운영위원회규정으로 다르게 정하는 경우에도 학부모위원 및 교원위원은 각각 1명 이상 포함되어야 한다.",위임,조례,3,"시·도 조례로 정하는 범위에서 위원 구성비율을 달리 정할 수 있게 하는 위임이며(유치원규칙·운영위원회규정은 목록상 법형식이 아니어서 조례만 표기), 규율권한을 하위 규범에 넘긴다."
P02728,"③ 제2항에도 불구하고 유아 수가 20명 미만인 국립ㆍ공립 유치원에 두는 운영위원회 위원의 구성비율은 국립유치원의 경우에는 유치원규칙으로 다르게 정할 수 있으며, 공립유치원의 경우에는 시ㆍ도의 조례로 정하는 범위에서 운영위원회규정으로 다르게 정할 수 있다. 다만, 유치원규칙 또는 운영위원회규정으로 다르게 정하는 경우에도 학부모위원 및 교원위원은 각각 1명 이상 포함되어야 한다.",위임,조례|미특정,3,시·도 조례로 정하는 범위에서 유치원규칙·운영위원회규정에 위원 구성비율 규율을 넘기므로 조례와 법형식 미특정 규범이 병기된 위임이다.
P02729,"③ 제2항에도 불구하고 유아 수가 20명 미만인 국립ㆍ공립 유치원에 두는 운영위원회 위원의 구성비율은 국립유치원의 경우에는 유치원규칙으로 다르게 정할 수 있으며, 공립유치원의 경우에는 시ㆍ도의 조례로 정하는 범위에서 운영위원회규정으로 다르게 정할 수 있다. 다만, 유치원규칙 또는 운영위원회규정으로 다르게 정하는 경우에도 학부모위원 및 교원위원은 각각 1명 이상 포함되어야 한다.",위임,조례|미특정,3,"시·도 조례가 정하는 범위에서 유치원규칙·운영위원회규정으로 달리 정하도록 규율권한을 넘기므로, 조례와 법형식 미지정 자치규범이 병기된 위임이다."
P02730,"③ 제2항에도 불구하고 유아 수가 20명 미만인 국립ㆍ공립 유치원에 두는 운영위원회 위원의 구성비율은 국립유치원의 경우에는 유치원규칙으로 다르게 정할 수 있으며, 공립유치원의 경우에는 시ㆍ도의 조례로 정하는 범위에서 운영위원회규정으로 다르게 정할 수 있다. 다만, 유치원규칙 또는 운영위원회규정으로 다르게 정하는 경우에도 학부모위원 및 교원위원은 각각 1명 이상 포함되어야 한다.",위임,조례,3,"위원 구성비율을 유치원규칙·시·도 조례가 정하는 범위의 운영위원회규정에 맡기는 위임으로, 명시된 법형식 중 지정된 것은 조례이다."
P02731,"③ 제2항에도 불구하고 유아 수가 20명 미만인 국립ㆍ공립 유치원에 두는 운영위원회 위원의 구성비율은 국립유치원의 경우에는 유치원규칙으로 다르게 정할 수 있으며, 공립유치원의 경우에는 시ㆍ도의 조례로 정하는 범위에서 운영위원회규정으로 다르게 정할 수 있다. 다만, 유치원규칙 또는 운영위원회규정으로 다르게 정하는 경우에도 학부모위원 및 교원위원은 각각 1명 이상 포함되어야 한다.",위임,미특정|조례,3,유치원규칙·운영위원회규정(목록 외 형식이므로 미특정)과 시·도 조례에 위원 구성비율 규율권한을 넘기는 위임이다.
P02732,"③ 제2항에도 불구하고 유아 수가 20명 미만인 국립ㆍ공립 유치원에 두는 운영위원회 위원의 구성비율은 국립유치원의 경우에는 유치원규칙으로 다르게 정할 수 있으며, 공립유치원의 경우에는 시ㆍ도의 조례로 정하는 범위에서 운영위원회규정으로 다르게 정할 수 있다. 다만, 유치원규칙 또는 운영위원회규정으로 다르게 정하는 경우에도 학부모위원 및 교원위원은 각각 1명 이상 포함되어야 한다.",위임,조례|미특정,3,"위원 구성비율을 유치원규칙·운영위원회규정에 넘기면서 공립의 경우 시·도 조례가 정하는 범위를 전제하므로, 조례와 목록에 없는 규범형식(미특정)이 병기된 위임이다."
P02733,"③ 제2항에도 불구하고 유아 수가 20명 미만인 국립ㆍ공립 유치원에 두는 운영위원회 위원의 구성비율은 국립유치원의 경우에는 유치원규칙으로 다르게 정할 수 있으며, 공립유치원의 경우에는 시ㆍ도의 조례로 정하는 범위에서 운영위원회규정으로 다르게 정할 수 있다. 다만, 유치원규칙 또는 운영위원회규정으로 다르게 정하는 경우에도 학부모위원 및 교원위원은 각각 1명 이상 포함되어야 한다.",위임,조례|미특정,3,"위원 구성비율을 유치원규칙·운영위원회규정 및 시·도 조례가 정하는 범위에서 달리 정하도록 권한을 넘기므로 위임이며, 조례 외의 규칙·규정은 목록상 미특정으로 병기한다."
P02734,"③ 제2항에도 불구하고 유아 수가 20명 미만인 국립ㆍ공립 유치원에 두는 운영위원회 위원의 구성비율은 국립유치원의 경우에는 유치원규칙으로 다르게 정할 수 있으며, 공립유치원의 경우에는 시ㆍ도의 조례로 정하는 범위에서 운영위원회규정으로 다르게 정할 수 있다. 다만, 유치원규칙 또는 운영위원회규정으로 다르게 정하는 경우에도 학부모위원 및 교원위원은 각각 1명 이상 포함되어야 한다.",위임,조례|미특정,3,"구성비율을 유치원규칙·운영위원회규정에 넘기면서 공립의 경우 시·도 조례가 정하는 범위를 병기하므로, 목록에 없는 규칙 형식은 미특정으로 보아 조례와 병기한다."
P02735,"③ 제2항에도 불구하고 유아 수가 20명 미만인 국립ㆍ공립 유치원에 두는 운영위원회 위원의 구성비율은 국립유치원의 경우에는 유치원규칙으로 다르게 정할 수 있으며, 공립유치원의 경우에는 시ㆍ도의 조례로 정하는 범위에서 운영위원회규정으로 다르게 정할 수 있다. 다만, 유치원규칙 또는 운영위원회규정으로 다르게 정하는 경우에도 학부모위원 및 교원위원은 각각 1명 이상 포함되어야 한다.",위임,조례|미특정,3,"시·도 조례로 정하는 범위에서 유치원규칙·운영위원회규정으로 달리 정하도록 규율권한을 넘기므로, 명시된 조례와 목록에 없는 규칙 형식(미특정)을 병기한다."
P02736,"③ 제2항에도 불구하고 유아 수가 20명 미만인 국립ㆍ공립 유치원에 두는 운영위원회 위원의 구성비율은 국립유치원의 경우에는 유치원규칙으로 다르게 정할 수 있으며, 공립유치원의 경우에는 시ㆍ도의 조례로 정하는 범위에서 운영위원회규정으로 다르게 정할 수 있다. 다만, 유치원규칙 또는 운영위원회규정으로 다르게 정하는 경우에도 학부모위원 및 교원위원은 각각 1명 이상 포함되어야 한다.",위임,조례|미특정,3,"시·도 조례가 정하는 범위에서 유치원규칙·운영위원회규정으로 위원 구성비율을 달리 정하도록 규율권한을 넘기며, 유치원규칙·운영위원회규정은 열거된 법형식에 없어 미특정으로 병기한다."
P02737,"③ 제2항에도 불구하고 유아 수가 20명 미만인 국립ㆍ공립 유치원에 두는 운영위원회 위원의 구성비율은 국립유치원의 경우에는 유치원규칙으로 다르게 정할 수 있으며, 공립유치원의 경우에는 시ㆍ도의 조례로 정하는 범위에서 운영위원회규정으로 다르게 정할 수 있다. 다만, 유치원규칙 또는 운영위원회규정으로 다르게 정하는 경우에도 학부모위원 및 교원위원은 각각 1명 이상 포함되어야 한다.",위임,조례|미특정,3,"위원 구성비율을 시·도 조례로 정하는 범위에서 유치원규칙·운영위원회규정으로 정하게 하는 위임이며, 규칙·운영위원회규정은 목록상 형식이 특정되지 않아 미특정으로 병기한다."
P02738,"③ 제2항에도 불구하고 유아 수가 20명 미만인 국립ㆍ공립 유치원에 두는 운영위원회 위원의 구성비율은 국립유치원의 경우에는 유치원규칙으로 다르게 정할 수 있으며, 공립유치원의 경우에는 시ㆍ도의 조례로 정하는 범위에서 운영위원회규정으로 다르게 정할 수 있다. 다만, 유치원규칙 또는 운영위원회규정으로 다르게 정하는 경우에도 학부모위원 및 교원위원은 각각 1명 이상 포함되어야 한다.",위임,조례|미특정,3,"조례로 정하는 범위에서 유치원규칙·운영위원회규정에 구성비율을 달리 정할 권한을 넘기므로, 조례와 목록에 없는 자치규범(미특정)이 병기된 위임이다."
P02739,"③ 제2항에도 불구하고 유아 수가 20명 미만인 국립ㆍ공립 유치원에 두는 운영위원회 위원의 구성비율은 국립유치원의 경우에는 유치원규칙으로 다르게 정할 수 있으며, 공립유치원의 경우에는 시ㆍ도의 조례로 정하는 범위에서 운영위원회규정으로 다르게 정할 수 있다. 다만, 유치원규칙 또는 운영위원회규정으로 다르게 정하는 경우에도 학부모위원 및 교원위원은 각각 1명 이상 포함되어야 한다.",위임,조례,4,"위원 구성비율을 유치원규칙 및 시·도 조례로 정하는 범위에서 운영위원회규정으로 정하도록 규율권한을 넘기며, 명시된 법형식 중 열거된 것은 조례이다."
P02740,"③ 제2항에도 불구하고 유아 수가 20명 미만인 국립ㆍ공립 유치원에 두는 운영위원회 위원의 구성비율은 국립유치원의 경우에는 유치원규칙으로 다르게 정할 수 있으며, 공립유치원의 경우에는 시ㆍ도의 조례로 정하는 범위에서 운영위원회규정으로 다르게 정할 수 있다. 다만, 유치원규칙 또는 운영위원회규정으로 다르게 정하는 경우에도 학부모위원 및 교원위원은 각각 1명 이상 포함되어야 한다.",위임,조례,4,"위원 구성비율을 시·도 조례로 정하는 범위에서 정하도록 규율권한을 넘기며, 유치원규칙·운영위원회규정은 지정 법형식 목록에 없어 조례로 판정한다."
P02741,"③ 제2항에도 불구하고 유아 수가 20명 미만인 국립ㆍ공립 유치원에 두는 운영위원회 위원의 구성비율은 국립유치원의 경우에는 유치원규칙으로 다르게 정할 수 있으며, 공립유치원의 경우에는 시ㆍ도의 조례로 정하는 범위에서 운영위원회규정으로 다르게 정할 수 있다. 다만, 유치원규칙 또는 운영위원회규정으로 다르게 정하는 경우에도 학부모위원 및 교원위원은 각각 1명 이상 포함되어야 한다.",위임,조례|미특정,3,"위원 구성비율을 유치원규칙·운영위원회규정 및 시·도 조례로 정할 수 있게 위임하며, 조례 외의 유치원규칙·운영위원회규정은 목록상 법형식이 특정되지 않는다."
P02742,"국립·공립 유치원에 두는 운영위원회는 학부모가 경비를 부담하는 사항을 심의할 때에는 국립유치원의 경우에는 유치원규칙으로 정하는 바에 따라 미리 학부모의 의견을 수렴하여야 하며, 공립유치원의 경우에는 시·도의 조례로 정하는 바에 따라 미리 학부모의 의견을 수렴하여야 한다.",위임,미특정|조례,3,"유치원규칙과 시·도 조례에 의견 수렴 절차의 규율권한을 넘기는 위임이며, 유치원규칙은 열거된 법형식에 없어 미특정으로 조례와 병기했다."
P02743,"국립·공립 유치원에 두는 운영위원회는 학부모가 경비를 부담하는 사항을 심의할 때에는 국립유치원의 경우에는 유치원규칙으로 정하는 바에 따라 미리 학부모의 의견을 수렴하여야 하며, 공립유치원의 경우에는 시·도의 조례로 정하는 바에 따라 미리 학부모의 의견을 수렴하여야 한다.",위임,미특정|조례,3,"의견 수렴 방법을 국립은 유치원규칙(목록 외 형식이므로 미특정), 공립은 시·도 조례에 넘기는 병기 위임이다."
P02744,"국립·공립 유치원에 두는 운영위원회는 학부모가 경비를 부담하는 사항을 심의할 때에는 국립유치원의 경우에는 유치원규칙으로 정하는 바에 따라 미리 학부모의 의견을 수렴하여야 하며, 공립유치원의 경우에는 시·도의 조례로 정하는 바에 따라 미리 학부모의 의견을 수렴하여야 한다.",위임,미특정|조례,4,"의견 수렴 절차를 유치원규칙과 시·도 조례에 정하도록 맡기는 위임이며, 유치원규칙은 열거된 법형식이 아니어서 미특정으로 조례와 병기한다."
P02745,"국립·공립 유치원에 두는 운영위원회는 학부모가 경비를 부담하는 사항을 심의할 때에는 국립유치원의 경우에는 유치원규칙으로 정하는 바에 따라 미리 학부모의 의견을 수렴하여야 하며, 공립유치원의 경우에는 시·도의 조례로 정하는 바에 따라 미리 학부모의 의견을 수렴하여야 한다.",위임,미특정|조례,3,의견 수렴 절차를 유치원규칙(목록에 없는 형식이므로 미특정)과 시·도 조례에 각각 맡기는 병기 위임이다.
P02746,"국립·공립 유치원에 두는 운영위원회는 학부모가 경비를 부담하는 사항을 심의할 때에는 국립유치원의 경우에는 유치원규칙으로 정하는 바에 따라 미리 학부모의 의견을 수렴하여야 하며, 공립유치원의 경우에는 시·도의 조례로 정하는 바에 따라 미리 학부모의 의견을 수렴하여야 한다.",위임,미특정|조례,3,의견 수렴 방법을 유치원규칙(목록 외 형식이므로 미특정)과 시·도 조례에 각각 맡기는 위임 규정이다.
P02747,"국립·공립 유치원에 두는 운영위원회는 학부모가 경비를 부담하는 사항을 심의할 때에는 국립유치원의 경우에는 유치원규칙으로 정하는 바에 따라 미리 학부모의 의견을 수렴하여야 하며, 공립유치원의 경우에는 시·도의 조례로 정하는 바에 따라 미리 학부모의 의견을 수렴하여야 한다.",위임,미특정|조례,4,의견 수렴 절차를 유치원규칙(목록 외 형식이므로 미특정)과 시·도 조례에 각각 정하도록 맡긴 병기 위임이다.
P02748,"국립·공립 유치원에 두는 운영위원회는 학부모가 경비를 부담하는 사항을 심의할 때에는 국립유치원의 경우에는 유치원규칙으로 정하는 바에 따라 미리 학부모의 의견을 수렴하여야 하며, 공립유치원의 경우에는 시·도의 조례로 정하는 바에 따라 미리 학부모의 의견을 수렴하여야 한다.",위임,미특정|조례,3,의견 수렴 방법을 유치원규칙(목록에 없는 형식이므로 미특정)과 시·도 조례에 각각 넘기는 병기 위임이다.
P02749,"국립·공립 유치원에 두는 운영위원회는 학부모가 경비를 부담하는 사항을 심의할 때에는 국립유치원의 경우에는 유치원규칙으로 정하는 바에 따라 미리 학부모의 의견을 수렴하여야 하며, 공립유치원의 경우에는 시·도의 조례로 정하는 바에 따라 미리 학부모의 의견을 수렴하여야 한다.",위임,미특정|조례,3,의견 수렴 절차를 유치원규칙(목록에 없는 형식이므로 미특정)과 시·도 조례에 정하도록 병기하여 규율권한을 넘긴다.
P02750,"국립·공립 유치원에 두는 운영위원회는 학부모가 경비를 부담하는 사항을 심의할 때에는 국립유치원의 경우에는 유치원규칙으로 정하는 바에 따라 미리 학부모의 의견을 수렴하여야 하며, 공립유치원의 경우에는 시·도의 조례로 정하는 바에 따라 미리 학부모의 의견을 수렴하여야 한다.",위임,미특정|조례,4,유치원규칙(목록 외 형식이므로 미특정)과 시·도 조례에 의견 수렴 절차의 구체적 사항을 정하도록 규율권한을 넘기는 병기 위임이다.
P02751,"국립·공립 유치원에 두는 운영위원회는 학부모가 경비를 부담하는 사항을 심의할 때에는 국립유치원의 경우에는 유치원규칙으로 정하는 바에 따라 미리 학부모의 의견을 수렴하여야 하며, 공립유치원의 경우에는 시·도의 조례로 정하는 바에 따라 미리 학부모의 의견을 수렴하여야 한다.",위임,미특정|조례,4,"의견 수렴 절차를 유치원규칙과 시·도 조례에 각각 맡기는 위임으로, 유치원규칙은 열거된 법형식이 아니어서 미특정으로 병기한다."
P02752,"국립·공립 유치원에 두는 운영위원회는 학부모가 경비를 부담하는 사항을 심의할 때에는 국립유치원의 경우에는 유치원규칙으로 정하는 바에 따라 미리 학부모의 의견을 수렴하여야 하며, 공립유치원의 경우에는 시·도의 조례로 정하는 바에 따라 미리 학부모의 의견을 수렴하여야 한다.",위임,미특정|조례,4,"의견 수렴 절차를 유치원규칙과 시·도 조례로 정하도록 맡기는 위임이며, 유치원규칙은 열거된 법형식이 아니어서 미특정으로 본다."
P02753,"국립·공립 유치원에 두는 운영위원회는 학부모가 경비를 부담하는 사항을 심의할 때에는 국립유치원의 경우에는 유치원규칙으로 정하는 바에 따라 미리 학부모의 의견을 수렴하여야 하며, 공립유치원의 경우에는 시·도의 조례로 정하는 바에 따라 미리 학부모의 의견을 수렴하여야 한다.",위임,미특정|조례,4,"의견 수렴 절차를 유치원규칙과 시·도 조례에 맡기는 병기 위임이며, 유치원규칙은 열거된 법형식이 아니어서 미특정으로 본다."
P02754,"국립·공립 유치원에 두는 운영위원회는 학부모가 경비를 부담하는 사항을 심의할 때에는 국립유치원의 경우에는 유치원규칙으로 정하는 바에 따라 미리 학부모의 의견을 수렴하여야 하며, 공립유치원의 경우에는 시·도의 조례로 정하는 바에 따라 미리 학부모의 의견을 수렴하여야 한다.",위임,미특정|조례,4,의견 수렴 절차를 유치원규칙(목록에 없는 형식이라 미특정)과 시·도 조례에 각각 맡기는 병기 위임이다.
P02755,"국립·공립 유치원에 두는 운영위원회는 학부모가 경비를 부담하는 사항을 심의할 때에는 국립유치원의 경우에는 유치원규칙으로 정하는 바에 따라 미리 학부모의 의견을 수렴하여야 하며, 공립유치원의 경우에는 시·도의 조례로 정하는 바에 따라 미리 학부모의 의견을 수렴하여야 한다.",위임,미특정|조례,3,의견 수렴 절차를 유치원규칙(목록에 없는 형식이므로 미특정)과 시·도 조례에 정하도록 맡기는 병기 위임이다.
P02756,"국립·공립 유치원에 두는 운영위원회는 학부모가 경비를 부담하는 사항을 심의할 때에는 국립유치원의 경우에는 유치원규칙으로 정하는 바에 따라 미리 학부모의 의견을 수렴하여야 하며, 공립유치원의 경우에는 시·도의 조례로 정하는 바에 따라 미리 학부모의 의견을 수렴하여야 한다.",위임,미특정|조례,4,의견 수렴 절차를 유치원규칙(목록에 없는 형식이라 미특정)과 시·도 조례에 각각 위임하고 있다.
P02757,"국립·공립 유치원에 두는 운영위원회는 학부모가 경비를 부담하는 사항을 심의할 때에는 국립유치원의 경우에는 유치원규칙으로 정하는 바에 따라 미리 학부모의 의견을 수렴하여야 하며, 공립유치원의 경우에는 시·도의 조례로 정하는 바에 따라 미리 학부모의 의견을 수렴하여야 한다.",위임,미특정|조례,3,의견 수렴 절차를 유치원규칙(목록 외 형식이므로 미특정)과 시·도 조례에 각각 위임하고 있다.
P02758,"국립·공립 유치원에 두는 운영위원회는 학부모가 경비를 부담하는 사항을 심의할 때에는 국립유치원의 경우에는 유치원규칙으로 정하는 바에 따라 미리 학부모의 의견을 수렴하여야 하며, 공립유치원의 경우에는 시·도의 조례로 정하는 바에 따라 미리 학부모의 의견을 수렴하여야 한다.",위임,미특정|조례,3,"국립유치원은 유치원규칙(법정 법형식 아님, 미특정), 공립유치원은 시·도 조례에 의견 수렴 절차의 규율을 맡기는 병기 위임이다."
P02759,"② 제1항에 따른 소위원회의 구성 및 운영에 필요한 사항은 국립유치원의 경우에는 유치원규칙으로, 공립유치원의 경우에는 시ㆍ도의 조례로, 사립유치원의 경우에는 정관 또는 유치원규칙으로 정한다.",위임,미특정|조례,4,"소위원회 구성·운영 사항을 유치원규칙·시도 조례·정관 등에 넘기는 위임이며, 유치원규칙·정관은 목록에 없는 형식이어서 미특정과 조례를 병기한다."
P02760,"② 제1항에 따른 소위원회의 구성 및 운영에 필요한 사항은 국립유치원의 경우에는 유치원규칙으로, 공립유치원의 경우에는 시ㆍ도의 조례로, 사립유치원의 경우에는 정관 또는 유치원규칙으로 정한다.",위임,조례,4,"소위원회 구성·운영 사항을 조례(및 유치원규칙·정관)에 정하도록 규율권한을 넘기는 위임이며, 법형식 목록상 해당하는 것은 조례이다."
P02761,"② 제1항에 따른 소위원회의 구성 및 운영에 필요한 사항은 국립유치원의 경우에는 유치원규칙으로, 공립유치원의 경우에는 시ㆍ도의 조례로, 사립유치원의 경우에는 정관 또는 유치원규칙으로 정한다.",위임,조례|미특정,3,"설립 주체별로 유치원규칙·조례·정관에 규율권한을 넘기는 위임이며, 조례 외의 유치원규칙·정관은 열거된 법형식에 없어 미특정으로 병기한다."
P02762,"② 제1항에 따른 소위원회의 구성 및 운영에 필요한 사항은 국립유치원의 경우에는 유치원규칙으로, 공립유치원의 경우에는 시ㆍ도의 조례로, 사립유치원의 경우에는 정관 또는 유치원규칙으로 정한다.",위임,조례|미특정,3,"소위원회 구성·운영 사항을 조례 및 유치원규칙(정관)에 넘기는 위임이며, 유치원규칙·정관은 열거된 법형식에 없어 미특정으로 병기한다."
P02763,"② 제1항에 따른 소위원회의 구성 및 운영에 필요한 사항은 국립유치원의 경우에는 유치원규칙으로, 공립유치원의 경우에는 시ㆍ도의 조례로, 사립유치원의 경우에는 정관 또는 유치원규칙으로 정한다.",위임,조례,3,"소위원회 구성·운영 사항을 하위 규범에 넘기는 위임이며, 열거된 법형식 중 지정 목록에 해당하는 것은 시·도 조례이다(유치원규칙·정관은 목록 외)."
P02764,"② 제1항에 따른 소위원회의 구성 및 운영에 필요한 사항은 국립유치원의 경우에는 유치원규칙으로, 공립유치원의 경우에는 시ㆍ도의 조례로, 사립유치원의 경우에는 정관 또는 유치원규칙으로 정한다.",위임,조례|미특정,4,소위원회 구성·운영 사항을 시·도 조례와 유치원규칙·정관(목록에 없는 형식이므로 미특정)에 넘기는 위임이다.
P02765,"② 제1항에 따른 소위원회의 구성 및 운영에 필요한 사항은 국립유치원의 경우에는 유치원규칙으로, 공립유치원의 경우에는 시ㆍ도의 조례로, 사립유치원의 경우에는 정관 또는 유치원규칙으로 정한다.",위임,미특정|조례,4,설립유형별로 유치원규칙·정관(목록에 없는 형식이므로 미특정)과 시·도 조례에 규율권한을 넘기는 위임이다.
P02766,"② 제1항에 따른 소위원회의 구성 및 운영에 필요한 사항은 국립유치원의 경우에는 유치원규칙으로, 공립유치원의 경우에는 시ㆍ도의 조례로, 사립유치원의 경우에는 정관 또는 유치원규칙으로 정한다.",위임,조례|미특정,4,"소위원회 구성·운영 사항을 유치원규칙·조례·정관에 넘기는 위임으로, 조례 외 유치원규칙·정관은 지정된 법형식 목록에 없어 미특정으로 처리한다."
P02767,"② 제1항에 따른 소위원회의 구성 및 운영에 필요한 사항은 국립유치원의 경우에는 유치원규칙으로, 공립유치원의 경우에는 시ㆍ도의 조례로, 사립유치원의 경우에는 정관 또는 유치원규칙으로 정한다.",위임,미특정|조례,3,유치원규칙·정관(목록에 없는 형식이라 미특정)과 시·도 조례에 규율권한을 병기하여 넘기는 위임이다.
P02768,"② 제1항에 따른 소위원회의 구성 및 운영에 필요한 사항은 국립유치원의 경우에는 유치원규칙으로, 공립유치원의 경우에는 시ㆍ도의 조례로, 사립유치원의 경우에는 정관 또는 유치원규칙으로 정한다.",위임,조례|미특정,3,"소위원회 구성·운영 사항을 유치원규칙·조례·정관에 위임하며, 조례 외의 형식은 목록에 없어 미특정으로 병기한다."
P02769,"② 제1항에 따른 소위원회의 구성 및 운영에 필요한 사항은 국립유치원의 경우에는 유치원규칙으로, 공립유치원의 경우에는 시ㆍ도의 조례로, 사립유치원의 경우에는 정관 또는 유치원규칙으로 정한다.",위임,조례|미특정,3,"설립 주체별로 유치원규칙·조례·정관에 규율권한을 넘기는 위임이며, 목록에 없는 유치원규칙·정관은 미특정으로 처리하고 조례와 병기했다."
P02770,"② 제1항에 따른 소위원회의 구성 및 운영에 필요한 사항은 국립유치원의 경우에는 유치원규칙으로, 공립유치원의 경우에는 시ㆍ도의 조례로, 사립유치원의 경우에는 정관 또는 유치원규칙으로 정한다.",위임,조례|미특정,3,"소위원회 구성·운영 사항을 조례 및 유치원규칙·정관 등 하위 규범에 위임하며, 유치원규칙·정관은 지정 법형식 목록에 없어 미특정으로 병기했다."
P02771,"② 제1항에 따른 소위원회의 구성 및 운영에 필요한 사항은 국립유치원의 경우에는 유치원규칙으로, 공립유치원의 경우에는 시ㆍ도의 조례로, 사립유치원의 경우에는 정관 또는 유치원규칙으로 정한다.",위임,조례|미특정,3,소위원회 구성·운영 사항을 조례 및 유치원규칙·정관(목록에 없는 형식)에 위임하고 있다.
P02772,"② 제1항에 따른 소위원회의 구성 및 운영에 필요한 사항은 국립유치원의 경우에는 유치원규칙으로, 공립유치원의 경우에는 시ㆍ도의 조례로, 사립유치원의 경우에는 정관 또는 유치원규칙으로 정한다.",위임,미특정|조례,4,유치원규칙·정관(지정 법형식 외 → 미특정)과 시·도 조례가 병기된 위임이다.
P02773,"② 제1항에 따른 소위원회의 구성 및 운영에 필요한 사항은 국립유치원의 경우에는 유치원규칙으로, 공립유치원의 경우에는 시ㆍ도의 조례로, 사립유치원의 경우에는 정관 또는 유치원규칙으로 정한다.",위임,조례|미특정,3,소위원회 구성·운영 사항을 조례 및 유치원규칙·정관(목록에 없는 형식이므로 미특정)에 넘기는 병기 위임이다.
P02774,"② 제1항에 따른 소위원회의 구성 및 운영에 필요한 사항은 국립유치원의 경우에는 유치원규칙으로, 공립유치원의 경우에는 시ㆍ도의 조례로, 사립유치원의 경우에는 정관 또는 유치원규칙으로 정한다.",위임,조례|미특정,3,"소위원회 구성·운영 사항을 시·도 조례와 유치원규칙·정관에 넘기는 위임이며, 유치원규칙·정관은 열거된 법형식에 없어 미특정으로 병기한다."
P02775,"② 제1항에 따른 소위원회의 구성 및 운영에 필요한 사항은 국립유치원의 경우에는 유치원규칙으로, 공립유치원의 경우에는 시ㆍ도의 조례로, 사립유치원의 경우에는 정관 또는 유치원규칙으로 정한다.",위임,조례|미특정,4,"소위원회 구성·운영 사항을 공립은 시·도 조례로, 국립·사립은 유치원규칙·정관 등 목록에 없는 형식으로 정하도록 위임한다."
P02776,"이 영에서 규정한 사항 외에 국립ㆍ공립 유치원에 두는 운영위원회의 구성 및 운영에 필요한 사항은 국립유치원의 경우에는 유치원규칙으로, 공립유치원의 경우에는 시ㆍ도의 조례로 정한다.",위임,미특정|조례,4,"국립유치원은 유치원규칙(목록에 없는 형식이므로 미특정), 공립유치원은 시·도 조례에 규율권한을 넘기는 병기 위임이다."
P02777,"이 영에서 규정한 사항 외에 국립ㆍ공립 유치원에 두는 운영위원회의 구성 및 운영에 필요한 사항은 국립유치원의 경우에는 유치원규칙으로, 공립유치원의 경우에는 시ㆍ도의 조례로 정한다.",위임,미특정|조례,4,"국립은 유치원규칙(목록에 없는 형식이므로 미특정), 공립은 시·도 조례로 정하도록 규율권한을 병기하여 위임한다."
P02778,"이 영에서 규정한 사항 외에 국립ㆍ공립 유치원에 두는 운영위원회의 구성 및 운영에 필요한 사항은 국립유치원의 경우에는 유치원규칙으로, 공립유치원의 경우에는 시ㆍ도의 조례로 정한다.",위임,미특정|조례,4,"국립은 유치원규칙(목록에 없는 형식이므로 미특정), 공립은 시·도 조례에 규율권한을 넘기는 병기 위임이다."
P02779,"이 영에서 규정한 사항 외에 국립ㆍ공립 유치원에 두는 운영위원회의 구성 및 운영에 필요한 사항은 국립유치원의 경우에는 유치원규칙으로, 공립유치원의 경우에는 시ㆍ도의 조례로 정한다.",위임,미특정|조례,4,"국립은 유치원규칙(목록 외 형식이므로 미특정), 공립은 시·도 조례로 정하도록 규율권한을 넘기는 병기 위임이다."
P02780,"이 영에서 규정한 사항 외에 국립ㆍ공립 유치원에 두는 운영위원회의 구성 및 운영에 필요한 사항은 국립유치원의 경우에는 유치원규칙으로, 공립유치원의 경우에는 시ㆍ도의 조례로 정한다.",위임,미특정|조례,4,"국립유치원은 유치원규칙(목록에 없는 형식이므로 미특정), 공립유치원은 시·도 조례로 정하도록 규율권한을 넘기는 병기 위임이다."
P02781,"이 영에서 규정한 사항 외에 국립ㆍ공립 유치원에 두는 운영위원회의 구성 및 운영에 필요한 사항은 국립유치원의 경우에는 유치원규칙으로, 공립유치원의 경우에는 시ㆍ도의 조례로 정한다.",위임,미특정|조례,4,"국립은 유치원규칙(목록에 없는 형식이므로 미특정), 공립은 시·도 조례에 규율권한을 넘기는 병기 위임이다."
P02782,"이 영에서 규정한 사항 외에 국립ㆍ공립 유치원에 두는 운영위원회의 구성 및 운영에 필요한 사항은 국립유치원의 경우에는 유치원규칙으로, 공립유치원의 경우에는 시ㆍ도의 조례로 정한다.",위임,미특정|조례,4,"국립유치원은 유치원규칙(목록 외 형식이므로 미특정), 공립유치원은 시·도 조례에 규율권한을 넘기는 병기 위임이다."
P02783,"이 영에서 규정한 사항 외에 국립ㆍ공립 유치원에 두는 운영위원회의 구성 및 운영에 필요한 사항은 국립유치원의 경우에는 유치원규칙으로, 공립유치원의 경우에는 시ㆍ도의 조례로 정한다.",위임,미특정|조례,4,"국립유치원은 유치원규칙(목록에 없는 형식이므로 미특정), 공립유치원은 시·도 조례로 정하도록 규율권한을 병기 위임한다."
P02784,"이 영에서 규정한 사항 외에 국립ㆍ공립 유치원에 두는 운영위원회의 구성 및 운영에 필요한 사항은 국립유치원의 경우에는 유치원규칙으로, 공립유치원의 경우에는 시ㆍ도의 조례로 정한다.",위임,미특정|조례,4,"국립유치원은 목록에 없는 유치원규칙(미특정), 공립유치원은 시·도 조례에 규율권한을 넘기는 병기 위임이다."
P02785,"이 영에서 규정한 사항 외에 국립ㆍ공립 유치원에 두는 운영위원회의 구성 및 운영에 필요한 사항은 국립유치원의 경우에는 유치원규칙으로, 공립유치원의 경우에는 시ㆍ도의 조례로 정한다.",위임,조례,4,"시·도 조례와 유치원규칙에 규율권한을 넘기는 위임이며, 지정 목록상 법형식은 조례에 해당한다."
P02786,"이 영에서 규정한 사항 외에 국립ㆍ공립 유치원에 두는 운영위원회의 구성 및 운영에 필요한 사항은 국립유치원의 경우에는 유치원규칙으로, 공립유치원의 경우에는 시ㆍ도의 조례로 정한다.",위임,조례,4,"국립유치원은 유치원규칙, 공립유치원은 시·도 조례로 정하도록 규율권한을 넘기며 지정된 법형식 중 목록상 해당하는 것은 조례이다."
P02787,"이 영에서 규정한 사항 외에 국립ㆍ공립 유치원에 두는 운영위원회의 구성 및 운영에 필요한 사항은 국립유치원의 경우에는 유치원규칙으로, 공립유치원의 경우에는 시ㆍ도의 조례로 정한다.",위임,미특정|조례,4,"국립유치원은 유치원규칙(지정된 법형식 목록에 없어 미특정), 공립유치원은 시·도 조례로 정하도록 규율권한을 넘기는 병기 위임이다."
P02788,"이 영에서 규정한 사항 외에 국립ㆍ공립 유치원에 두는 운영위원회의 구성 및 운영에 필요한 사항은 국립유치원의 경우에는 유치원규칙으로, 공립유치원의 경우에는 시ㆍ도의 조례로 정한다.",위임,미특정|조례,4,"국립은 유치원규칙(지정된 법형식 아님, 미특정), 공립은 시·도 조례로 정하도록 규율권한을 병기하여 위임한다."
P02789,"이 영에서 규정한 사항 외에 국립ㆍ공립 유치원에 두는 운영위원회의 구성 및 운영에 필요한 사항은 국립유치원의 경우에는 유치원규칙으로, 공립유치원의 경우에는 시ㆍ도의 조례로 정한다.",위임,미특정|조례,4,"국립유치원은 유치원규칙(목록에 없는 형식이므로 미특정), 공립유치원은 시·도 조례로 정하도록 규율권한을 병기하여 넘긴다."
P02790,"이 영에서 규정한 사항 외에 국립ㆍ공립 유치원에 두는 운영위원회의 구성 및 운영에 필요한 사항은 국립유치원의 경우에는 유치원규칙으로, 공립유치원의 경우에는 시ㆍ도의 조례로 정한다.",위임,미특정|조례,4,"국립은 유치원규칙(목록 외 형식이므로 미특정), 공립은 시·도 조례에 각각 규율권한을 넘기는 병기 위임이다."
P02791,"이 영에서 규정한 사항 외에 국립ㆍ공립 유치원에 두는 운영위원회의 구성 및 운영에 필요한 사항은 국립유치원의 경우에는 유치원규칙으로, 공립유치원의 경우에는 시ㆍ도의 조례로 정한다.",위임,미특정|조례,4,"국립유치원은 유치원규칙(목록에 없는 형식이므로 미특정), 공립유치원은 시·도 조례로 정하도록 규율권한을 병기하여 넘긴다."
P02792,"이 영에서 규정한 사항 외에 국립ㆍ공립 유치원에 두는 운영위원회의 구성 및 운영에 필요한 사항은 국립유치원의 경우에는 유치원규칙으로, 공립유치원의 경우에는 시ㆍ도의 조례로 정한다.",위임,미특정|조례,3,"국립은 유치원규칙(목록 외 형식이므로 미특정), 공립은 시·도 조례로 정하도록 규율권한을 넘기는 병기 위임이다."
P02793,"지도의 범위, 방식 등에 관한 기준은 교육부장관이 정하여 고시한다",위임,고시,5,지도 기준을 교육부장관이 정하여 고시하도록 규율권한을 넘기며 법형식으로 고시를 명시했다.
P02794,대통령령으로 정한다,위임,대통령령,3,문장이 단편적이나 '대통령령으로 정한다'는 종결형 위임 문언으로 교원 자격 사항의 규율권한을 대통령령에 넘긴다.
P02795,교육부령으로 정하는,판단불가,부령,2,'교육부령으로 정하는'이라는 수식 어구만 남아 문장이 잘려 있어 위임 대상과 종결 구조를 확인할 수 없다.
P02796,② 특별시장·광역시장·특별자치시장·도지사·특별자치도지사 및 시장·군수·구청장(자치구의 구청장을 말한다. 이하 같다)은 조례로 정하는 바에 따라 제1항 각 호의 경비의 전부 또는 일부를 사립유치원에 지원할 수 있다.,위임,조례,4,지원 방법·기준을 조례로 정하도록 규율권한을 넘기고 있다.
P02797,② 특별시장·광역시장·특별자치시장·도지사·특별자치도지사 및 시장·군수·구청장(자치구의 구청장을 말한다. 이하 같다)은 조례로 정하는 바에 따라 제1항 각 호의 경비의 전부 또는 일부를 사립유치원에 지원할 수 있다.,위임,조례,5,지원 경비의 구체적 사항을 조례로 정하도록 규율권한을 넘긴다.
P02798,② 특별시장·광역시장·특별자치시장·도지사·특별자치도지사 및 시장·군수·구청장(자치구의 구청장을 말한다. 이하 같다)은 조례로 정하는 바에 따라 제1항 각 호의 경비의 전부 또는 일부를 사립유치원에 지원할 수 있다.,위임,조례,4,'조례로 정하는 바에 따라' 지원 경비의 규율을 조례에 넘기는 부분 위임이다.
P02799,② 특별시장·광역시장·특별자치시장·도지사·특별자치도지사 및 시장·군수·구청장(자치구의 구청장을 말한다. 이하 같다)은 조례로 정하는 바에 따라 제1항 각 호의 경비의 전부 또는 일부를 사립유치원에 지원할 수 있다.,위임,조례,4,지원 경비의 구체적 사항을 조례로 정하도록 규율권한을 넘긴다.
P02800,② 특별시장·광역시장·특별자치시장·도지사·특별자치도지사 및 시장·군수·구청장(자치구의 구청장을 말한다. 이하 같다)은 조례로 정하는 바에 따라 제1항 각 호의 경비의 전부 또는 일부를 사립유치원에 지원할 수 있다.,위임,조례,4,지원의 구체적 사항을 조례가 정하도록 규율권한을 넘기는 위임이다.
P02801,② 특별시장·광역시장·특별자치시장·도지사·특별자치도지사 및 시장·군수·구청장(자치구의 구청장을 말한다. 이하 같다)은 조례로 정하는 바에 따라 제1항 각 호의 경비의 전부 또는 일부를 사립유치원에 지원할 수 있다.,위임,조례,5,지원의 구체적 사항을 '조례로 정하는 바에 따라'로 조례에 규율권한을 넘긴다.
P02802,② 특별시장·광역시장·특별자치시장·도지사·특별자치도지사 및 시장·군수·구청장(자치구의 구청장을 말한다. 이하 같다)은 조례로 정하는 바에 따라 제1항 각 호의 경비의 전부 또는 일부를 사립유치원에 지원할 수 있다.,위임,조례,4,지원 경비의 구체적 사항을 조례로 정하도록 규율권한을 넘긴다.
P02803,② 특별시장·광역시장·특별자치시장·도지사·특별자치도지사 및 시장·군수·구청장(자치구의 구청장을 말한다. 이하 같다)은 조례로 정하는 바에 따라 제1항 각 호의 경비의 전부 또는 일부를 사립유치원에 지원할 수 있다.,위임,조례,4,지원 기준·방법을 조례로 정하도록 규율권한을 넘기는 위임이다.
P02804,② 특별시장·광역시장·특별자치시장·도지사·특별자치도지사 및 시장·군수·구청장(자치구의 구청장을 말한다. 이하 같다)은 조례로 정하는 바에 따라 제1항 각 호의 경비의 전부 또는 일부를 사립유치원에 지원할 수 있다.,위임,조례,4,지원의 방식과 요건을 조례로 정하도록 규율권한을 넘기는 위임이다.
P02805,② 특별시장·광역시장·특별자치시장·도지사·특별자치도지사 및 시장·군수·구청장(자치구의 구청장을 말한다. 이하 같다)은 조례로 정하는 바에 따라 제1항 각 호의 경비의 전부 또는 일부를 사립유치원에 지원할 수 있다.,위임,조례,4,지원의 구체적 내용을 '조례로 정하는 바에 따라' 하도록 하여 조례에 규율권한을 넘긴다.
P02806,② 특별시장·광역시장·특별자치시장·도지사·특별자치도지사 및 시장·군수·구청장(자치구의 구청장을 말한다. 이하 같다)은 조례로 정하는 바에 따라 제1항 각 호의 경비의 전부 또는 일부를 사립유치원에 지원할 수 있다.,위임,조례,5,'조례로 정하는 바에 따라' 지원하도록 하여 지원 방식에 관한 규율권한을 조례에 넘긴다.
P02807,② 특별시장·광역시장·특별자치시장·도지사·특별자치도지사 및 시장·군수·구청장(자치구의 구청장을 말한다. 이하 같다)은 조례로 정하는 바에 따라 제1항 각 호의 경비의 전부 또는 일부를 사립유치원에 지원할 수 있다.,위임,조례,4,지원 경비의 지원 방법·기준을 조례로 정하도록 규율권한을 넘긴다.
P02808,② 특별시장·광역시장·특별자치시장·도지사·특별자치도지사 및 시장·군수·구청장(자치구의 구청장을 말한다. 이하 같다)은 조례로 정하는 바에 따라 제1항 각 호의 경비의 전부 또는 일부를 사립유치원에 지원할 수 있다.,위임,조례,4,지원 경비의 범위·방법을 조례로 정하도록 규율권한을 넘기는 위임이다.
P02809,② 특별시장·광역시장·특별자치시장·도지사·특별자치도지사 및 시장·군수·구청장(자치구의 구청장을 말한다. 이하 같다)은 조례로 정하는 바에 따라 제1항 각 호의 경비의 전부 또는 일부를 사립유치원에 지원할 수 있다.,위임,조례,4,지원 경비의 구체적 사항을 조례로 정하도록 규율권한을 넘긴 부분 위임이다.
P02810,② 특별시장·광역시장·특별자치시장·도지사·특별자치도지사 및 시장·군수·구청장(자치구의 구청장을 말한다. 이하 같다)은 조례로 정하는 바에 따라 제1항 각 호의 경비의 전부 또는 일부를 사립유치원에 지원할 수 있다.,위임,조례,5,지원의 구체적 사항을 '조례로 정하는 바에 따라'로 조례에 규율권한을 넘긴다.
P02811,② 특별시장·광역시장·특별자치시장·도지사·특별자치도지사 및 시장·군수·구청장(자치구의 구청장을 말한다. 이하 같다)은 조례로 정하는 바에 따라 제1항 각 호의 경비의 전부 또는 일부를 사립유치원에 지원할 수 있다.,위임,조례,4,'조례로 정하는 바에 따라'로 지원 경비에 관한 규율권한을 조례에 넘긴다.
P02812,② 특별시장·광역시장·특별자치시장·도지사·특별자치도지사 및 시장·군수·구청장(자치구의 구청장을 말한다. 이하 같다)은 조례로 정하는 바에 따라 제1항 각 호의 경비의 전부 또는 일부를 사립유치원에 지원할 수 있다.,위임,조례,4,지원 경비의 구체적 사항을 조례가 정하도록 규율권한을 넘기는 부분 위임이다.
P02813,② 특별시장·광역시장·특별자치시장·도지사·특별자치도지사 및 시장·군수·구청장(자치구의 구청장을 말한다. 이하 같다)은 조례로 정하는 바에 따라 제1항 각 호의 경비의 전부 또는 일부를 사립유치원에 지원할 수 있다.,위임,조례,4,'조례로 정하는 바에 따라'로 지원 방법·범위의 규율권한을 조례에 넘긴다.
P02814,② 특별시장·광역시장·특별자치시장·도지사·특별자치도지사 및 시장·군수·구청장(자치구의 구청장을 말한다. 이하 같다)은 조례로 정하는 바에 따라 제1항 각 호의 경비의 전부 또는 일부를 사립유치원에 지원할 수 있다.,위임,조례,5,지원 경비의 세부 사항을 조례로 정하도록 규율권한을 넘긴다.
P02815,② 특별시장·광역시장·특별자치시장·도지사·특별자치도지사 및 시장·군수·구청장(자치구의 구청장을 말한다. 이하 같다)은 조례로 정하는 바에 따라 제1항 각 호의 경비의 전부 또는 일부를 사립유치원에 지원할 수 있다.,위임,조례,4,지원 방법·내용을 조례가 정하도록 규율권한을 넘기는 위임이다.
P02816,② 특별시장·광역시장·특별자치시장·도지사·특별자치도지사 및 시장·군수·구청장(자치구의 구청장을 말한다. 이하 같다)은 조례로 정하는 바에 따라 제1항 각 호의 경비의 전부 또는 일부를 사립유치원에 지원할 수 있다.,위임,조례,4,지원 경비의 구체적 사항을 '조례로 정하는 바에 따라'로 지방자치단체 조례에 맡기는 부분 위임이다.
P02817,② 특별시장·광역시장·특별자치시장·도지사·특별자치도지사 및 시장·군수·구청장(자치구의 구청장을 말한다. 이하 같다)은 조례로 정하는 바에 따라 제1항 각 호의 경비의 전부 또는 일부를 사립유치원에 지원할 수 있다.,위임,조례,4,지원의 구체적 기준·절차를 조례에 맡기는 위임이다.
P02818,② 특별시장·광역시장·특별자치시장·도지사·특별자치도지사 및 시장·군수·구청장(자치구의 구청장을 말한다. 이하 같다)은 조례로 정하는 바에 따라 제1항 각 호의 경비의 전부 또는 일부를 사립유치원에 지원할 수 있다.,위임,조례,4,지원 경비의 기준·절차를 '조례로 정하는 바에 따라'로 지방자치단체 조례에 규율권한을 넘긴다.
P02819,② 특별시장·광역시장·특별자치시장·도지사·특별자치도지사 및 시장·군수·구청장(자치구의 구청장을 말한다. 이하 같다)은 조례로 정하는 바에 따라 제1항 각 호의 경비의 전부 또는 일부를 사립유치원에 지원할 수 있다.,위임,조례,5,지원 경비의 지급에 관한 사항을 '조례로 정하는 바에 따라'로 조례에 규율권한을 넘긴다.
P02820,② 특별시장·광역시장·특별자치시장·도지사·특별자치도지사 및 시장·군수·구청장(자치구의 구청장을 말한다. 이하 같다)은 조례로 정하는 바에 따라 제1항 각 호의 경비의 전부 또는 일부를 사립유치원에 지원할 수 있다.,위임,조례,5,지원 경비의 지원 방식을 조례로 정하도록 규율권한을 넘긴다.
P02821,② 특별시장·광역시장·특별자치시장·도지사·특별자치도지사 및 시장·군수·구청장(자치구의 구청장을 말한다. 이하 같다)은 조례로 정하는 바에 따라 제1항 각 호의 경비의 전부 또는 일부를 사립유치원에 지원할 수 있다.,위임,조례,4,지원의 구체적 사항을 조례로 정하도록 규율권한을 넘긴다.
P02822,② 특별시장·광역시장·특별자치시장·도지사·특별자치도지사 및 시장·군수·구청장(자치구의 구청장을 말한다. 이하 같다)은 조례로 정하는 바에 따라 제1항 각 호의 경비의 전부 또는 일부를 사립유치원에 지원할 수 있다.,위임,조례,5,지원 경비의 지원 기준·절차를 조례로 정하도록 규율권한을 넘긴다.
P02823,② 특별시장·광역시장·특별자치시장·도지사·특별자치도지사 및 시장·군수·구청장(자치구의 구청장을 말한다. 이하 같다)은 조례로 정하는 바에 따라 제1항 각 호의 경비의 전부 또는 일부를 사립유치원에 지원할 수 있다.,위임,조례,4,지원의 구체적 기준·절차를 조례로 정하도록 규율권한을 넘기는 부분 위임이다.
P02824,② 특별시장·광역시장·특별자치시장·도지사·특별자치도지사 및 시장·군수·구청장(자치구의 구청장을 말한다. 이하 같다)은 조례로 정하는 바에 따라 제1항 각 호의 경비의 전부 또는 일부를 사립유치원에 지원할 수 있다.,위임,조례,4,지원 경비의 지원 방식을 '조례로 정하는 바에 따라'로 조례에 규율권한을 넘기는 부분 위임이다.
P02825,② 특별시장·광역시장·특별자치시장·도지사·특별자치도지사 및 시장·군수·구청장(자치구의 구청장을 말한다. 이하 같다)은 조례로 정하는 바에 따라 제1항 각 호의 경비의 전부 또는 일부를 사립유치원에 지원할 수 있다.,위임,조례,5,지원의 구체적 사항을 조례로 정하도록 규율권한을 넘긴다.
P02826,② 특별시장·광역시장·특별자치시장·도지사·특별자치도지사 및 시장·군수·구청장(자치구의 구청장을 말한다. 이하 같다)은 조례로 정하는 바에 따라 제1항 각 호의 경비의 전부 또는 일부를 사립유치원에 지원할 수 있다.,위임,조례,5,지원 경비의 지원 방식을 조례로 정하도록 규율권한을 넘긴다.
P02827,② 특별시장·광역시장·특별자치시장·도지사·특별자치도지사 및 시장·군수·구청장(자치구의 구청장을 말한다. 이하 같다)은 조례로 정하는 바에 따라 제1항 각 호의 경비의 전부 또는 일부를 사립유치원에 지원할 수 있다.,위임,조례,5,지원의 구체적 사항을 조례로 정하도록 규율권한을 넘긴다.
P02828,② 특별시장·광역시장·특별자치시장·도지사·특별자치도지사 및 시장·군수·구청장(자치구의 구청장을 말한다. 이하 같다)은 조례로 정하는 바에 따라 제1항 각 호의 경비의 전부 또는 일부를 사립유치원에 지원할 수 있다.,위임,조례,4,지원의 구체적 사항을 '조례로 정하는 바에 따라'로 조례에 맡기는 위임이다.
P02829,② 특별시장·광역시장·특별자치시장·도지사·특별자치도지사 및 시장·군수·구청장은 조례로 정하는 바에 따라 제1항 각 호의 경비의 전부 또는 일부를 방과후 과정을 운영하거나 제12조에 따른 수업일수를 초과하여 운영하는 유치원에 지원할 수 있다.,위임,조례,4,지원의 구체적 기준·방법을 조례로 정하도록 규율권한을 넘기는 부분 위임이다.
P02830,② 특별시장·광역시장·특별자치시장·도지사·특별자치도지사 및 시장·군수·구청장은 조례로 정하는 바에 따라 제1항 각 호의 경비의 전부 또는 일부를 방과후 과정을 운영하거나 제12조에 따른 수업일수를 초과하여 운영하는 유치원에 지원할 수 있다.,위임,조례,5,경비 지원의 구체적 사항을 조례로 정하도록 규율권한을 넘긴다.
P02831,② 특별시장·광역시장·특별자치시장·도지사·특별자치도지사 및 시장·군수·구청장은 조례로 정하는 바에 따라 제1항 각 호의 경비의 전부 또는 일부를 방과후 과정을 운영하거나 제12조에 따른 수업일수를 초과하여 운영하는 유치원에 지원할 수 있다.,위임,조례,4,경비 지원의 구체적 사항을 조례로 정하도록 규율권한을 넘기는 부분 위임이다.
P02832,② 특별시장·광역시장·특별자치시장·도지사·특별자치도지사 및 시장·군수·구청장은 조례로 정하는 바에 따라 제1항 각 호의 경비의 전부 또는 일부를 방과후 과정을 운영하거나 제12조에 따른 수업일수를 초과하여 운영하는 유치원에 지원할 수 있다.,위임,조례,4,지원 경비의 구체적 사항을 조례로 정하도록 규율권한을 넘긴다.
P02833,② 특별시장·광역시장·특별자치시장·도지사·특별자치도지사 및 시장·군수·구청장은 조례로 정하는 바에 따라 제1항 각 호의 경비의 전부 또는 일부를 방과후 과정을 운영하거나 제12조에 따른 수업일수를 초과하여 운영하는 유치원에 지원할 수 있다.,위임,조례,4,지원 방법 등을 '조례로 정하는 바에 따라' 하도록 하여 조례에 규율권한을 넘긴 부분 위임이다.
P02834,② 특별시장·광역시장·특별자치시장·도지사·특별자치도지사 및 시장·군수·구청장은 조례로 정하는 바에 따라 제1항 각 호의 경비의 전부 또는 일부를 방과후 과정을 운영하거나 제12조에 따른 수업일수를 초과하여 운영하는 유치원에 지원할 수 있다.,위임,조례,5,경비 지원의 구체적 사항을 조례로 정하도록 규율권한을 넘긴다.
P02835,② 특별시장·광역시장·특별자치시장·도지사·특별자치도지사 및 시장·군수·구청장은 조례로 정하는 바에 따라 제1항 각 호의 경비의 전부 또는 일부를 방과후 과정을 운영하거나 제12조에 따른 수업일수를 초과하여 운영하는 유치원에 지원할 수 있다.,위임,조례,4,경비 지원의 구체적 사항을 조례로 정하도록 규율권한을 넘긴다.
P02836,② 특별시장·광역시장·특별자치시장·도지사·특별자치도지사 및 시장·군수·구청장은 조례로 정하는 바에 따라 제1항 각 호의 경비의 전부 또는 일부를 방과후 과정을 운영하거나 제12조에 따른 수업일수를 초과하여 운영하는 유치원에 지원할 수 있다.,위임,조례,4,'조례로 정하는 바에 따라' 지원하도록 하여 지원 기준·절차의 규율권한을 조례에 넘긴다.
P02837,② 특별시장·광역시장·특별자치시장·도지사·특별자치도지사 및 시장·군수·구청장은 조례로 정하는 바에 따라 제1항 각 호의 경비의 전부 또는 일부를 방과후 과정을 운영하거나 제12조에 따른 수업일수를 초과하여 운영하는 유치원에 지원할 수 있다.,위임,조례,4,경비 지원의 구체적 사항을 조례로 정하도록 규율권한을 넘기는 부분 위임이다.
P02838,② 특별시장·광역시장·특별자치시장·도지사·특별자치도지사 및 시장·군수·구청장은 조례로 정하는 바에 따라 제1항 각 호의 경비의 전부 또는 일부를 방과후 과정을 운영하거나 제12조에 따른 수업일수를 초과하여 운영하는 유치원에 지원할 수 있다.,위임,조례,4,'조례로 정하는 바에 따라'로 지원 방법 등의 규율권한을 조례에 넘기는 위임이다.
P02839,② 특별시장·광역시장·특별자치시장·도지사·특별자치도지사 및 시장·군수·구청장은 조례로 정하는 바에 따라 제1항 각 호의 경비의 전부 또는 일부를 방과후 과정을 운영하거나 제12조에 따른 수업일수를 초과하여 운영하는 유치원에 지원할 수 있다.,위임,조례,4,지원의 구체적 사항을 조례로 정하도록 규율권한을 넘기는 부분 위임이다.
P02840,② 특별시장·광역시장·특별자치시장·도지사·특별자치도지사 및 시장·군수·구청장은 조례로 정하는 바에 따라 제1항 각 호의 경비의 전부 또는 일부를 방과후 과정을 운영하거나 제12조에 따른 수업일수를 초과하여 운영하는 유치원에 지원할 수 있다.,위임,조례,4,지원 경비의 전부 또는 일부에 관한 사항을 '조례로 정하는 바에 따라'로 조례에 규율권한을 넘긴다.
P02841,② 특별시장·광역시장·특별자치시장·도지사·특별자치도지사 및 시장·군수·구청장은 조례로 정하는 바에 따라 제1항 각 호의 경비의 전부 또는 일부를 방과후 과정을 운영하거나 제12조에 따른 수업일수를 초과하여 운영하는 유치원에 지원할 수 있다.,위임,조례,4,경비 지원의 구체적 사항을 조례로 정하도록 규율권한을 넘긴다.
P02842,② 특별시장·광역시장·특별자치시장·도지사·특별자치도지사 및 시장·군수·구청장은 조례로 정하는 바에 따라 제1항 각 호의 경비의 전부 또는 일부를 방과후 과정을 운영하거나 제12조에 따른 수업일수를 초과하여 운영하는 유치원에 지원할 수 있다.,위임,조례,4,경비 지원의 구체적 사항을 조례로 정하도록 규율권한을 넘긴다.
P02843,② 특별시장·광역시장·특별자치시장·도지사·특별자치도지사 및 시장·군수·구청장은 조례로 정하는 바에 따라 제1항 각 호의 경비의 전부 또는 일부를 방과후 과정을 운영하거나 제12조에 따른 수업일수를 초과하여 운영하는 유치원에 지원할 수 있다.,위임,조례,4,경비 지원의 구체적 사항을 조례로 정하도록 규율권한을 넘긴다.
P02844,② 특별시장·광역시장·특별자치시장·도지사·특별자치도지사 및 시장·군수·구청장은 조례로 정하는 바에 따라 제1항 각 호의 경비의 전부 또는 일부를 방과후 과정을 운영하거나 제12조에 따른 수업일수를 초과하여 운영하는 유치원에 지원할 수 있다.,위임,조례,4,경비 지원의 구체적 사항을 조례로 정하도록 규율권한을 넘긴다.
P02845,② 특별시장·광역시장·특별자치시장·도지사·특별자치도지사 및 시장·군수·구청장은 조례로 정하는 바에 따라 제1항 각 호의 경비의 전부 또는 일부를 방과후 과정을 운영하거나 제12조에 따른 수업일수를 초과하여 운영하는 유치원에 지원할 수 있다.,위임,조례,4,'조례로 정하는 바에 따라' 지원하도록 하여 지원 방법·기준의 규율권한을 조례에 넘긴다.
P02846,② 특별시장·광역시장·특별자치시장·도지사·특별자치도지사 및 시장·군수·구청장은 조례로 정하는 바에 따라 제1항 각 호의 경비의 전부 또는 일부를 방과후 과정을 운영하거나 제12조에 따른 수업일수를 초과하여 운영하는 유치원에 지원할 수 있다.,위임,조례,4,지원의 기준·절차를 조례로 정하도록 규율권한을 넘기는 부분 위임이다.
P02847,② 특별시장·광역시장·특별자치시장·도지사·특별자치도지사 및 시장·군수·구청장은 조례로 정하는 바에 따라 제1항 각 호의 경비의 전부 또는 일부를 방과후 과정을 운영하거나 제12조에 따른 수업일수를 초과하여 운영하는 유치원에 지원할 수 있다.,위임,조례,4,'조례로 정하는 바에 따라'로 경비 지원의 구체적 사항을 조례에 맡기는 위임이다.
P02848,② 특별시장·광역시장·특별자치시장·도지사·특별자치도지사 및 시장·군수·구청장은 조례로 정하는 바에 따라 제1항 각 호의 경비의 전부 또는 일부를 방과후 과정을 운영하거나 제12조에 따른 수업일수를 초과하여 운영하는 유치원에 지원할 수 있다.,위임,조례,4,'조례로 정하는 바에 따라' 형태로 지원 경비의 기준·절차 규율권한을 조례에 넘긴다.
P02849,② 특별시장·광역시장·특별자치시장·도지사·특별자치도지사 및 시장·군수·구청장은 조례로 정하는 바에 따라 제1항 각 호의 경비의 전부 또는 일부를 방과후 과정을 운영하거나 제12조에 따른 수업일수를 초과하여 운영하는 유치원에 지원할 수 있다.,위임,조례,4,경비 지원의 구체적 사항을 조례로 정하도록 규율권한을 넘기는 부분 위임이다.
P02850,② 특별시장·광역시장·특별자치시장·도지사·특별자치도지사 및 시장·군수·구청장은 조례로 정하는 바에 따라 제1항 각 호의 경비의 전부 또는 일부를 방과후 과정을 운영하거나 제12조에 따른 수업일수를 초과하여 운영하는 유치원에 지원할 수 있다.,위임,조례,4,'조례로 정하는 바에 따라'로 경비 지원의 기준·절차를 조례에 맡기는 위임이다.
P02851,② 특별시장·광역시장·특별자치시장·도지사·특별자치도지사 및 시장·군수·구청장은 조례로 정하는 바에 따라 제1항 각 호의 경비의 전부 또는 일부를 방과후 과정을 운영하거나 제12조에 따른 수업일수를 초과하여 운영하는 유치원에 지원할 수 있다.,위임,조례,4,지원의 기준·절차를 조례로 정하도록 규율권한을 넘긴다.
P02852,② 특별시장·광역시장·특별자치시장·도지사·특별자치도지사 및 시장·군수·구청장은 조례로 정하는 바에 따라 제1항 각 호의 경비의 전부 또는 일부를 방과후 과정을 운영하거나 제12조에 따른 수업일수를 초과하여 운영하는 유치원에 지원할 수 있다.,위임,조례,4,경비 지원의 구체적 사항을 조례로 정하도록 규율권한을 넘기는 부분 위임이다.
P02853,② 특별시장·광역시장·특별자치시장·도지사·특별자치도지사 및 시장·군수·구청장은 조례로 정하는 바에 따라 제1항 각 호의 경비의 전부 또는 일부를 방과후 과정을 운영하거나 제12조에 따른 수업일수를 초과하여 운영하는 유치원에 지원할 수 있다.,위임,조례,4,지원 경비의 세부 사항을 조례로 정하도록 규율권한을 넘긴다.
P02854,② 특별시장·광역시장·특별자치시장·도지사·특별자치도지사 및 시장·군수·구청장은 조례로 정하는 바에 따라 제1항 각 호의 경비의 전부 또는 일부를 방과후 과정을 운영하거나 제12조에 따른 수업일수를 초과하여 운영하는 유치원에 지원할 수 있다.,위임,조례,4,'조례로 정하는 바에 따라'로 지원 경비의 세부 사항 규율권한을 조례에 넘긴다.
P02855,② 특별시장·광역시장·특별자치시장·도지사·특별자치도지사 및 시장·군수·구청장은 조례로 정하는 바에 따라 제1항 각 호의 경비의 전부 또는 일부를 방과후 과정을 운영하거나 제12조에 따른 수업일수를 초과하여 운영하는 유치원에 지원할 수 있다.,위임,조례,4,경비 지원의 기준·절차를 조례로 정하도록 규율권한을 넘기는 위임이다.
P02856,② 특별시장·광역시장·특별자치시장·도지사·특별자치도지사 및 시장·군수·구청장은 조례로 정하는 바에 따라 제1항 각 호의 경비의 전부 또는 일부를 방과후 과정을 운영하거나 제12조에 따른 수업일수를 초과하여 운영하는 유치원에 지원할 수 있다.,위임,조례,4,지원 경비의 지원 방법 등을 조례로 정하도록 규율권한을 넘긴 부분 위임이다.
P02857,② 특별시장·광역시장·특별자치시장·도지사·특별자치도지사 및 시장·군수·구청장은 조례로 정하는 바에 따라 제1항 각 호의 경비의 전부 또는 일부를 방과후 과정을 운영하거나 제12조에 따른 수업일수를 초과하여 운영하는 유치원에 지원할 수 있다.,위임,조례,4,경비 지원의 구체적 사항을 조례로 정하도록 규율권한을 넘긴다.
P02858,② 특별시장·광역시장·특별자치시장·도지사·특별자치도지사 및 시장·군수·구청장은 조례로 정하는 바에 따라 제1항 각 호의 경비의 전부 또는 일부를 방과후 과정을 운영하거나 제12조에 따른 수업일수를 초과하여 운영하는 유치원에 지원할 수 있다.,위임,조례,4,경비 지원의 구체적 사항을 조례로 정하도록 규율권한을 넘기는 부분 위임이다.
P02859,② 특별시장·광역시장·특별자치시장·도지사·특별자치도지사 및 시장·군수·구청장은 조례로 정하는 바에 따라 제1항 각 호의 경비의 전부 또는 일부를 방과후 과정을 운영하거나 제12조에 따른 수업일수를 초과하여 운영하는 유치원에 지원할 수 있다.,위임,조례,4,지원 방법·기준을 조례가 정하도록 규율권한을 넘기는 부분 위임이다.
P02860,② 특별시장·광역시장·특별자치시장·도지사·특별자치도지사 및 시장·군수·구청장은 조례로 정하는 바에 따라 제1항 각 호의 경비의 전부 또는 일부를 방과후 과정을 운영하거나 제12조에 따른 수업일수를 초과하여 운영하는 유치원에 지원할 수 있다.,위임,조례,4,경비 지원의 구체적 사항을 조례로 정하도록 규율권한을 넘긴다.
P02861,② 특별시장·광역시장·특별자치시장·도지사·특별자치도지사 및 시장·군수·구청장은 조례로 정하는 바에 따라 제1항 각 호의 경비의 전부 또는 일부를 방과후 과정을 운영하거나 제12조에 따른 수업일수를 초과하여 운영하는 유치원에 지원할 수 있다.,위임,조례,4,경비 지원의 구체적 사항을 조례로 정하도록 규율권한을 넘긴다.
P02862,② 특별시장·광역시장·특별자치시장·도지사·특별자치도지사 및 시장·군수·구청장은 조례로 정하는 바에 따라 제1항 각 호의 경비의 전부 또는 일부를 방과후 과정을 운영하거나 제12조에 따른 수업일수를 초과하여 운영하는 유치원에 지원할 수 있다.,위임,조례,4,'조례로 정하는 바에 따라'로 지원 기준·절차의 규율권한을 조례에 넘긴다.
P02863,② 특별시장·광역시장·특별자치시장·도지사·특별자치도지사 및 시장·군수·구청장은 조례로 정하는 바에 따라 제1항 각 호의 경비의 전부 또는 일부를 방과후 과정을 운영하거나 제12조에 따른 수업일수를 초과하여 운영하는 유치원에 지원할 수 있다.,위임,조례,4,지원의 구체적 기준·절차를 조례로 정하도록 규율권한을 넘기는 부분 위임이다.
P02864,제25조제5항에 따라 보건복지부장관이 정하여 고시하는 바에 따른다,위임,고시,4,건강검진 사항을 보건복지부장관 고시에 정하도록 규율권한을 넘기는 위임이다.
P02865,관련하여 보건복지부장관이 정하여 고시하는 공통서식에 따른다.,위임,고시,3,문장이 일부 잘렸으나 '보건복지부장관이 정하여 고시하는' 형태로 공통서식 규율권한을 고시에 넘기는 부분 위임이다.
P02866,유아교육에 드는 비용을 전년도 10월 말까지 고시하여야 한다.,위임,고시,3,"유아교육에 드는 비용의 구체적 내용을 고시로 정하여 공표하도록 하여 고시에 규율권한을 넘기는 형태이나, 공표의무 부과 성격도 있어 확신은 중간이다."
P02867,교육부장관이 고시하는 비용의 범위는 다음 각 호와 같다.,위임,고시,3,교육부장관의 고시로 정할 비용의 범위를 각 호로 한정하여 지시하는 부분 위임 구조이다.
P02868,그 밖에 교육부장관 및 교육감이 유아교육에 필요하다고 인정하는 비용,위임,미특정,3,'인정하는 비용'으로 대상 범위 결정을 교육부장관·교육감에게 넘기는 부분 위임이나 문언상 법형식은 지정되지 않았다.
P02869,산정방법에 관하여 필요한 사항은 교육부장관이 정하여 고시한다.,위임,고시,5,교육부장관이 정하여 고시하도록 규율권한을 넘기며 법형식으로 고시를 명시한다.
P02870,산정방법에 관하여 필요한 사항은 교육부장관이 정하여 고시한다.,위임,고시,5,교육부장관이 정하여 고시하도록 규율권한을 넘기며 법형식으로 고시를 명시했다.
P02871,세부사항은 대통령령으로,판단불가,대통령령,3,문장이 종결되지 않고 잘려 있어 위임 여부를 확정할 수 없으나 '대통령령'이라는 법형식은 명시되어 있다.
P02872,세부사항은 대통령령으로,판단불가,대통령령,2,문장이 서술어 없이 잘려 있어 위임 종결 여부를 확정할 수 없으나 표지어구는 대통령령을 가리킨다.
P02873,세부사항은 대통령령으로,판단불가,대통령령,3,문장이 '대통령령으로'에서 잘려 종결 문언(정한다 등)이 없어 위임 여부를 확정할 수 없다.
P02874,세부사항은 대통령령으로,판단불가,대통령령,2,문장이 종결부 없이 잘려 있어 위임 종결인지 확정할 수 없으나 명시된 법형식은 대통령령이다.
P02875,대통령령으로 정하는,판단불가,대통령령,3,문장이 '대통령령으로 정하는'에서 잘려 있어 규율 대상과 위임 여부를 확정할 수 없다.
P02876,대통령령으로 정하는,판단불가,대통령령,3,문장이 '대통령령으로 정하는'에서 잘려 있어 무엇을 위임하는지 확인할 수 없다.
P02877,대통령령으로 정한다,위임,대통령령,4,문장이 축약되었으나 심의회 구성·운영에 관한 사항을 대통령령에 넘기는 전형적 위임 종결문이다.
P02878,대통령령으로 정한다,위임,대통령령,4,문장이 축약되어 있으나 '대통령령으로 정한다'는 종결형으로 심의회 구성·운영 사항의 규율권한을 대통령령에 넘긴다.
P02879,대통령령으로 정한다,위임,대통령령,4,심의회 구성·운영에 관한 사항의 규율권한을 대통령령에 넘기는 종결형 위임이다.
P02880,필요한 사항은 대통령령으로,위임,대통령령,3,문장이 잘려 있으나 '필요한 사항은 대통령령으로 (정한다)'라는 정형적 위임 문구로 읽힌다.
P02881,필요한 사항은 대통령령으로,판단불가,대통령령,3,문장이 종결부 없이 잘려 있어 위임 여부를 확정할 수 없으나 '대통령령'이라는 법형식은 드러난다.
P02882,대통령령으로 정하는,판단불가,대통령령,3,문장이 '대통령령으로 정하는'에서 잘려 무엇을 위임하는지 확인할 수 없다.
P02883,대통령령으로 정한다,위임,대통령령,4,문장이 축약되었으나 '대통령령으로 정한다'는 종결형 위임 문언이다.
P02884,대통령령으로 정한다,위임,대통령령,4,위임 대상 사항이 문장에서 생략되었으나 '대통령령으로 정한다'는 종결형으로 대통령령에 규율권한을 넘기는 위임이다.
P02885,대통령령으로 정한다,위임,대통령령,4,주어부가 생략되었으나 '대통령령으로 정한다'는 종결형 위임 문언이다.
P02886,대통령령으로 정하는,판단불가,대통령령,2,문장이 '대통령령으로 정하는'에서 잘려 있어 규율권한 이전 여부를 확정할 수 없으나 명시된 법형식은 대통령령이다.
P02887,교육부장관과 문화체육부장관이 공동으로 정하여 고시하는 지정신청서에 다음 각 호에 관한 서류를 첨부하여,위임,고시,4,지정신청서 서식을 양 부장관 공동 고시로 정하도록 규율권한을 넘기고 있다.
P02888,교육부장관과 문화체육부장관이 공동으로 정하여 고시하는 지정신청서에 다음 각 호에 관한 서류를 첨부하여,위임,고시,4,지정신청서 서식을 두 장관이 공동으로 정하여 고시하도록 규율권한을 넘기는 부분 위임이다.
P02889,그 밖에 교육부장관 또는 문화체육관광부장관이 전담기관의 지정에 관하여 필요하다고 인정한 사항,위임,미특정,3,'그 밖에 장관이 필요하다고 인정한 사항'은 법형식을 지정하지 않은 채 장관에게 사항 결정을 맡기는 부분 위임에 해당한다.
P02890,그 밖에 교육부장관 또는 문화체육관광부장관이 전담기관의 지정에 관하여 필요하다고 인정한 사항,인용,해당없음,3,규범 제정 권한을 넘기는 것이 아니라 장관의 개별적 인정 사항을 열거한 항목이므로 인용으로 본다.
P02891,교육부장관과 문화체육관광부장관이 심의회의 심의를 거쳐 각각 정한다.,위임,미특정,3,'각각 정한다'로 양 장관에게 규율권한을 넘기나 법형식을 지정하지 않아 미특정이다.
P02892,위탁하는 구체적인 업무와 이를 위탁받는 전담기관은 교육부장관과 문화체육부장관이 각각 정하여 고시한다.,위임,고시,5,장관이 정하여 고시하도록 규율권한을 넘기는 위임이며 법형식으로 고시를 명시했다.
P02893,위탁하는 구체적인 업무와 이를 위탁받는 전담기관은 교육부장관과 문화체육부장관이 각각 정하여 고시한다.,위임,고시,5,위탁 업무와 전담기관을 장관이 정하여 고시하도록 규율권한을 넘긴다.
P02894,대통령령으로 정하는,판단불가,대통령령,3,문장이 '대통령령으로 정하는'에서 잘린 조각으로 규율 대상과 종결형을 확인할 수 없어 위임 여부를 확정할 수 없다.
P02895,대통령령으로 정하는 사항,위임,대통령령,4,계획에 포함될 사항의 일부를 대통령령에 맡기는 부분 위임이다.
P02896,필요한 사항은 대통령령으로,판단불가,대통령령,3,문장이 '대통령령으로'에서 잘려 종결부가 없어 위임 여부를 확정할 수 없으나 표지어구는 대통령령이다.
P02897,필요한 사항은 대통령령으로,판단불가,대통령령,3,문장이 종결부 없이 절단되어 '정한다'와 같은 위임 종결 여부를 확정할 수 없다.
P02898,필요한 사항은 대통령령으로,판단불가,대통령령,3,문장이 종결되지 않고 잘려 있어 위임인지 확정할 수 없으나 표지어구는 대통령령을 지시한다.
P02899,대통령령으로 정하는 사항,위임,대통령령,4,호 형식의 단문이지만 '대통령령으로 정하는 사항'으로 규율권한을 대통령령에 넘기는 부분 위임이다.
P02900,대통령령으로 정하는 바에,판단불가,대통령령,2,문장이 중간에서 잘려 종결부가 없어 위임인지 인용인지 확정할 수 없으나 표지어구는 대통령령이다.
P02901,대통령령으로 정하는 사람,위임,대통령령,4,위원 구성 대상의 일부를 '대통령령으로 정하는 사람'으로 넘기는 부분 위임이다.
P02902,필요한 사항은 대통령령으로,판단불가,대통령령,2,문장이 서술어 없이 잘려 있어 위임 종결 여부를 확정할 수 없으나 대통령령이 언급되어 있다.
P02903,필요한 사항은 대통령령으로,판단불가,대통령령,3,문장이 종결어미 없이 잘려 있어 위임 여부를 확정할 수 없으나 문언상 대통령령이 명시되어 있다.
P02904,필요한 사항은 대통령령으로,판단불가,대통령령,2,문장이 종결부 없이 잘려 있어 위임 종결 여부를 확정할 수 없으나 '대통령령'이 명시되어 있다.
P02905,필요한 사항은 대통령령으로,판단불가,대통령령,3,문장이 '대통령령으로'에서 절단되어 서술어가 없으므로 위임 종결 여부를 확정할 수 없다.
P02906,필요한 사항은 대통령령으로,위임,대통령령,3,문장이 절단되었으나 '필요한 사항은 대통령령으로'라는 문언상 대통령령에 규율권한을 넘기는 위임으로 판정된다.
P02907,대통령령으로 정하는,판단불가,대통령령,3,문장이 '대통령령으로 정하는'으로 잘려 있어 규율 대상과 종결 형태를 확인할 수 없다.
P02908,대통령령으로 정하는,판단불가,대통령령,3,'대통령령으로 정하는'이라는 단편만 제시되어 문장이 잘려 있어 위임의 대상·범위를 확인할 수 없다.
P02909,필요한 사항은 대통령령으로,위임,대통령령,3,문장이 잘렸으나 '필요한 사항은 대통령령으로'라는 문언에서 대통령령에 규율권한을 넘기는 위임임이 확인된다.
P02910,교육부령으로 정하는,판단불가,부령,2,문장이 '교육부령으로 정하는'에서 잘려 무엇을 정하게 하는지 확인할 수 없어 위임 여부를 판정하기 어렵다.
P02911,교육부령으로 정하는,판단불가,부령,3,문장이 '교육부령으로 정하는'에서 잘려 규율 대상과 위임 여부를 확정할 수 없으나 표지어구는 부령을 지시한다.
P02912,교육부령으로 정한다,위임,부령,5,'교육부령으로 정한다'는 종결형으로 부령에 규율권한을 넘기는 위임이다.
P02913,교육부령으로 정한다,위임,부령,4,'교육부령으로 정한다'는 종결형으로 교육부령에 규율권한을 넘기는 위임이다.
P02914,교육부령으로 정하는,위임,부령,3,문장이 단편이나 '교육부령으로 정하는'은 요건 일부를 부령에 맡기는 부분 위임 표지이다.
P02915,교육부령으로 정한다,위임,부령,4,'교육부령으로 정한다'는 종결형으로 교육부령에 규율권한을 넘기는 위임이다.
P02916,대통령령으로 정한다,위임,대통령령,4,문말 종결형 '대통령령으로 정한다'로 규율권한을 대통령령에 넘긴다.
P02917,대통령령으로 정하는,판단불가,대통령령,3,문장이 '대통령령으로 정하는'에서 잘려 규율 대상과 종결형을 확인할 수 없어 위임 여부를 확정할 수 없다.
P02918,교육부령으로 정하는,판단불가,미특정,3,문장이 '교육부령으로 정하는'에서 끊겨 무엇을 위임하는지 확인할 수 없다.
P02919,지정기준은 대통령령으로,판단불가,대통령령,2,문장이 '대통령령으로'에서 잘려 종결 서술어가 없어 위임 여부를 확정할 수 없다.
P02920,대통령령으로 정하는,판단불가,미특정,4,문장이 '대통령령으로 정하는'에서 잘려 규율 대상과 위임 여부를 확인할 수 없다.
P02921,④ 제3항에 따른 시·도인성교육진흥협의회의 구성·운영에 필요한 사항은 해당 지방자치단체의 조례로 정한다.,위임,조례,5,협의회 구성·운영 사항을 지방자치단체 조례에 정하도록 규율권한을 넘긴다.
P02922,④ 제3항에 따른 시·도인성교육진흥협의회의 구성·운영에 필요한 사항은 해당 지방자치단체의 조례로 정한다.,위임,조례,5,협의회 구성·운영 사항을 지방자치단체 조례에 위임하는 종결형 문장이다.
P02923,④ 제3항에 따른 시·도인성교육진흥협의회의 구성·운영에 필요한 사항은 해당 지방자치단체의 조례로 정한다.,위임,조례,5,협의회 구성·운영 사항을 지방자치단체 조례에 정하도록 규율권한을 넘긴다.
P02924,④ 제3항에 따른 시·도인성교육진흥협의회의 구성·운영에 필요한 사항은 해당 지방자치단체의 조례로 정한다.,위임,조례,5,협의회 구성·운영 사항을 지방자치단체 조례에 위임하는 종결형 문장이다.
P02925,④ 제3항에 따른 시·도인성교육진흥협의회의 구성·운영에 필요한 사항은 해당 지방자치단체의 조례로 정한다.,위임,조례,5,협의회 구성·운영 사항을 지방자치단체 조례로 정하도록 규율권한을 넘긴다.
P02926,④ 제3항에 따른 시·도인성교육진흥협의회의 구성·운영에 필요한 사항은 해당 지방자치단체의 조례로 정한다.,위임,조례,5,협의회 구성·운영 사항을 지방자치단체 조례에 규율권한을 넘기는 위임이다.
P02927,④ 제3항에 따른 시·도인성교육진흥협의회의 구성·운영에 필요한 사항은 해당 지방자치단체의 조례로 정한다.,위임,조례,5,협의회 구성·운영 사항을 지방자치단체 조례에 정하도록 규율권한을 넘기는 위임이다.
P02928,④ 제3항에 따른 시·도인성교육진흥협의회의 구성·운영에 필요한 사항은 해당 지방자치단체의 조례로 정한다.,위임,조례,5,협의회 구성·운영 사항을 지방자치단체 조례로 정하도록 규율권한을 넘긴다.
P02929,④ 제3항에 따른 시·도인성교육진흥협의회의 구성·운영에 필요한 사항은 해당 지방자치단체의 조례로 정한다.,위임,조례,5,협의회 구성·운영 사항을 지방자치단체 조례에 위임하는 종결형 문장이다.
P02930,④ 제3항에 따른 시·도인성교육진흥협의회의 구성·운영에 필요한 사항은 해당 지방자치단체의 조례로 정한다.,위임,조례,5,협의회 구성·운영 사항을 지방자치단체 조례로 정하도록 규율권한을 넘긴다.
P02931,④ 제3항에 따른 시·도인성교육진흥협의회의 구성·운영에 필요한 사항은 해당 지방자치단체의 조례로 정한다.,위임,조례,5,협의회 구성·운영 사항을 지방자치단체 조례에 규율권한을 넘긴다.
P02932,④ 제3항에 따른 시·도인성교육진흥협의회의 구성·운영에 필요한 사항은 해당 지방자치단체의 조례로 정한다.,위임,조례,5,협의회 구성·운영 사항을 지방자치단체 조례에 정하도록 규율권한을 넘긴다.
P02933,④ 제3항에 따른 시·도인성교육진흥협의회의 구성·운영에 필요한 사항은 해당 지방자치단체의 조례로 정한다.,위임,조례,5,시·도인성교육진흥협의회의 구성·운영 사항을 지방자치단체 조례에 위임한다.
P02934,④ 제3항에 따른 시·도인성교육진흥협의회의 구성·운영에 필요한 사항은 해당 지방자치단체의 조례로 정한다.,위임,조례,5,협의회 구성·운영 사항을 지방자치단체 조례에 정하도록 규율권한을 넘긴다.
P02935,④ 제3항에 따른 시·도인성교육진흥협의회의 구성·운영에 필요한 사항은 해당 지방자치단체의 조례로 정한다.,위임,조례,5,협의회 구성·운영 사항을 지방자치단체 조례로 정하도록 규율권한을 넘긴다.
P02936,④ 제3항에 따른 시·도인성교육진흥협의회의 구성·운영에 필요한 사항은 해당 지방자치단체의 조례로 정한다.,위임,조례,5,협의회 구성·운영에 필요한 사항을 지방자치단체 조례에 위임하는 종결형 문장이다.
P02937,④ 제3항에 따른 시·도인성교육진흥협의회의 구성·운영에 필요한 사항은 해당 지방자치단체의 조례로 정한다.,위임,조례,5,협의회 구성·운영 사항을 지방자치단체 조례에 규율권한을 넘기는 위임이다.
P02938,교육부령으로 정하는 서류를,위임,부령,3,문장이 잘려 있으나 '교육부령으로 정하는 서류'는 제출서류의 구체적 내용을 부령에 맡기는 부분 위임이다.
P02939,교육부령으로 정하는 지정신청서에,위임,부령,4,문장이 일부 절단되었으나 '교육부령으로 정하는 지정신청서'는 서식 사항을 교육부령에 맡기는 부분 위임이다.
P02940,교육부령으로 정하는 지정서를,위임,부령,3,문장이 잘렸으나 '교육부령으로 정하는 지정서'라는 부분 위임 문구가 확인된다.
P02941,대통령령으로 정하는,판단불가,대통령령,3,문장이 '대통령령으로 정하는'에서 잘려 무엇을 위임하는지 확인할 수 없어 판정이 불가하나 표지 법형식은 대통령령이다.
P02942,대통령령으로 정한다,위임,대통령령,4,'대통령령으로 정한다'는 종결형으로 대통령령에 규율권한을 넘기는 위임이다.
P02943,대통령령으로 정한다,위임,대통령령,4,문말 종결형 '대통령령으로 정한다'로 대통령령에 규율권한을 넘긴다.
P02944,대통령령으로 정한다,위임,대통령령,5,'대통령령으로 정한다'는 종결형으로 대통령령에 규율권한을 넘기는 위임이다.
P02945,대통령령으로 정한다,위임,대통령령,4,문말 종결형 '대통령령으로 정한다'로 대통령령에 규율권한을 넘기는 위임이다.
P02946,대통령령으로 정한다,위임,대통령령,4,주어부가 생략되어 있으나 '대통령령으로 정한다'는 종결형 위임 문언이다.
P02947,대통령령으로 정한다,위임,대통령령,4,문장이 단편적이나 '대통령령으로 정한다'는 종결형으로 대통령령에 규율권한을 넘기는 위임이다.
P02948,대통령령으로 정한다,위임,대통령령,4,문말 '대통령령으로 정한다'로 대통령령에 규율권한을 넘기는 위임이다.
P02949,대통령령으로 정한다,위임,대통령령,4,문말 종결형 '대통령령으로 정한다'로 대통령령에 규율권한을 넘긴다.
P02950,대통령령으로 정하는,위임,대통령령,3,문장이 단편이지만 '대통령령으로 정하는' 형태로 요건 일부의 규율권한을 대통령령에 넘기는 부분 위임이다.
P02951,대통령령으로 정하는,판단불가,대통령령,3,문장이 '대통령령으로 정하는'에서 잘려 무엇을 위임하는지 확인할 수 없어 판정이 불가하다.
P02952,대통령령으로 정하는,위임,대통령령,3,문장이 잘려 있으나 '대통령령으로 정하는'이라는 부분위임 문언으로 대통령령에 규율권한을 넘긴다.
P02953,대통령령으로 정하는,판단불가,해당없음,4,문장이 '대통령령으로 정하는'에서 잘려 무엇을 위임하는지 확인할 수 없다.
P02954,③협의회의 구성 및 운영에 필요한 사항은 지방자치단체의 조례로 정한다.,위임,조례,5,협의회 구성·운영 사항을 지방자치단체 조례에 규율권한으로 넘긴다.
P02955,③협의회의 구성 및 운영에 필요한 사항은 지방자치단체의 조례로 정한다.,위임,조례,5,협의회 구성·운영 사항을 지방자치단체 조례에 규율권한을 넘기는 위임이다.
P02956,③협의회의 구성 및 운영에 필요한 사항은 지방자치단체의 조례로 정한다.,위임,조례,5,협의회 구성·운영 사항을 지방자치단체 조례로 정하도록 규율권한을 넘긴다.
P02957,대통령령으로 정한다,위임,대통령령,4,문말 '대통령령으로 정한다'로 대통령령에 규율권한을 넘기는 위임이다.
P02958,대통령령으로 정하는,판단불가,대통령령,3,문장이 '대통령령으로 정하는'에서 잘려 무엇을 정하게 하는지 확인할 수 없어 위임 여부를 확정할 수 없다.
P02959,대통령령으로 정하는,판단불가,대통령령,3,문장이 '대통령령으로 정하는'에서 잘려 있어 무엇을 위임하는지 확인할 수 없다.
P02960,대통령령으로 정하는,판단불가,미특정,4,문장이 잘려 있어 무엇을 위임하는지 확인할 수 없다.
P02961,대통령령으로 정하는,판단불가,대통령령,3,문장이 '대통령령으로 정하는'에서 잘려 규율 대상과 종결 형태를 확인할 수 없어 위임·인용 판정이 불가하다.
P02962,대통령령으로 정한다,위임,대통령령,4,문장이 축약되었으나 '대통령령으로 정한다'는 종결형 위임 문언이다.
P02963,대통령령으로 정한다,위임,대통령령,4,'대통령령으로 정한다'는 종결형으로 대통령령에 규율권한을 넘기는 위임이다.
P02964,대통령령으로 정하는,판단불가,대통령령,3,문장이 '대통령령으로 정하는'에서 잘려 무엇을 위임하는지 확인할 수 없어 확정 판정이 어렵다.
P02965,대통령령으로 정하는,판단불가,해당없음,,PARSE_FAIL
P02966,대통령령으로 정하는,판단불가,대통령령,2,문장이 '대통령령으로 정하는'에서 잘려 무엇을 위임하는지 확인할 수 없으나 대통령령 표지만 드러난다.
P02967,대통령령으로 정하는,판단불가,대통령령,3,문장이 '대통령령으로 정하는'에서 잘려 무엇을 위임하는지 확인할 수 없어 맥락 없이 판정하기 어렵다.
P02968,대통령령으로 정한다,위임,대통령령,4,문말 '대통령령으로 정한다'는 대통령령에 규율권한을 넘기는 위임이다.
P02969,대통령령으로 정한다,위임,대통령령,5,문말 종결형 '대통령령으로 정한다'로 대통령령에 규율권한을 넘긴다.
P02970,인적·물적 요소를 종합적으로 고려하여 관계 중앙행정기관의 장이 공동으로 정하여 고시하는 공공기관 또는 민간단체 등,위임,고시,4,위탁 대상 기관의 범위를 관계 중앙행정기관장이 공동으로 정하여 고시하도록 부분 위임한다.
P02971,인적·물적 요소를 종합적으로 고려하여 관계 중앙행정기관의 장이 공동으로 정하여 고시하는 공공기관 또는 민간단체 등,위임,고시,4,위탁 대상 기관의 구체적 지정을 관계 중앙행정기관장의 공동 고시에 맡기는 부분 위임이다.
P02972,인증의 기준 및 절차 등에 관한 구체적인 사항은 관계 중앙행정기관의 장이 공동으로 정하여 고시한다.,위임,고시,5,인증 기준·절차의 구체적 사항을 관계 중앙행정기관장의 공동 고시에 넘기는 위임이다.
P02973,인증의 기준 및 절차 등에 관한 구체적인 사항은 관계 중앙행정기관의 장이 공동으로 정하여 고시한다.,위임,고시,5,인증 기준·절차의 구체적 사항을 관계 중앙행정기관장의 공동 고시로 정하도록 규율권한을 넘긴다.
P02974,대통령령으로 정한다,위임,대통령령,4,'대통령령으로 정한다'는 종결형 문언으로 대통령령에 규율권한을 넘기는 위임이다.
P02975,대통령령으로 정한다,위임,대통령령,4,문장이 단편적이나 '대통령령으로 정한다'는 종결형으로 대통령령에 규율권한을 넘긴다.
P02976,대통령령으로 정한다,위임,대통령령,4,문언이 단편적이나 '대통령령으로 정한다'는 종결형 위임 표현으로 규율권한을 대통령령에 넘긴다.
P02977,대통령령으로 정한다,위임,대통령령,4,문말 '대통령령으로 정한다'로 대통령령에 규율권한을 넘기는 위임 문언이다.
P02978,대통령령으로 정한다,위임,대통령령,4,문말 '대통령령으로 정한다'는 대통령령에 규율권한을 넘기는 위임이다.
P02979,대통령령으로 정한다,위임,대통령령,4,문장이 축약되어 있으나 '대통령령으로 정한다'는 종결형 위임 문언이다.
P02980,대통령령으로 정한다,위임,대통령령,5,문말 종결형 '대통령령으로 정한다'로 대통령령에 규율권한을 넘기는 위임이다.
P02981,필요한 사항은 대통령령으로,판단불가,대통령령,3,문장이 종결부 없이 절단되어 위임 여부를 확정할 수 없으나 표지어구는 대통령령이다.
P02982,필요한 사항은 대통령령으로,판단불가,대통령령,2,문장이 '대통령령으로'에서 잘려 종결부가 없어 위임 여부를 확정할 수 없으나 표지어구는 대통령령이다.
P02983,필요한 사항은 대통령령으로,위임,대통령령,3,문장이 일부 잘렸으나 '필요한 사항은 대통령령으로'는 대통령령에 규율권한을 넘기는 위임 문형으로 판단된다.
P02984,필요한 사항은 대통령령으로,판단불가,대통령령,2,문장이 '대통령령으로'에서 잘려 종결 형태(정한다/정하는)를 확인할 수 없어 위임인지 인용인지 판정할 수 없다.
P02985,대통령령으로 정하는,판단불가,대통령령,2,문장이 '대통령령으로 정하는'에서 잘려 있어 규율 대상과 종결 형태를 확인할 수 없다.
P02986,필요한 사항은 대통령령으로,위임,대통령령,3,문장이 일부 절단되었으나 '필요한 사항은 대통령령으로'라는 전형적 위임 구문으로 대통령령에 규율권한을 넘기는 취지가 드러난다.
P02987,필요한 사항은 대통령령으로,판단불가,미특정,3,문장이 '대통령령으로'에서 잘려 종결 서술어가 없어 위임 여부를 확정할 수 없다.
P02988,필요한 사항은 대통령령으로,판단불가,대통령령,2,문장이 '대통령령으로'에서 잘려 종결 형태를 확인할 수 없어 위임 여부를 확정할 수 없으나 표지어구는 대통령령이다.
P02989,필요한 사항은 대통령령으로,위임,대통령령,3,문장이 일부 잘렸으나 '필요한 사항은 대통령령으로'라는 문언상 대통령령에 규율권한을 넘기는 위임으로 판단된다.
P02990,필요한 사항은 대통령령으로,위임,대통령령,3,문장이 일부 잘렸으나 '필요한 사항은 대통령령으로 (정한다)'는 대통령령에 대한 위임 문언으로 판단된다.
P02991,필요한 사항은 대통령령으로,판단불가,대통령령,3,문장이 '대통령령으로'에서 절단되어 종결 서술어가 없어 위임 여부를 확정할 수 없으나 표지어구는 대통령령이다.
P02992,필요한 사항은 대통령령으로,위임,대통령령,3,문장이 일부 잘렸으나 '필요한 사항은 대통령령으로'라는 문언상 대통령령에 규율권한을 넘기는 위임으로 판단된다.
P02993,필요한 사항은 대통령령으로,판단불가,미특정,3,문장이 서술어 없이 잘려 있어 위임 종결 여부를 확정할 수 없다.
P02994,필요한 사항은 대통령령으로,판단불가,대통령령,3,문장이 종결되지 않고 잘려 있어 위임 여부를 확정할 수 없으나 대통령령 표지어구만 확인된다.
P02995,필요한 사항은 대통령령으로,판단불가,대통령령,3,문장이 '대통령령으로'에서 잘려 종결 문언을 확인할 수 없어 위임 여부를 확정할 수 없다.
P02996,대통령령으로 정하는,판단불가,대통령령,3,문장이 '대통령령으로 정하는'에서 절단되어 무엇을 위임하는지 확인할 수 없다.
P02997,대통령령으로 정한다,위임,대통령령,4,문장이 축약되었으나 '대통령령으로 정한다'는 종결형으로 대통령령에 규율권한을 넘기는 위임이다.
P02998,대통령령으로 정하는 바에 따라 심의회에,판단불가,해당없음,3,문장이 중간에 잘려 있어 위임인지 절차 인용인지 확정할 수 없다.
P02999,대통령령으로 정하는,판단불가,대통령령,3,문장이 '대통령령으로 정하는'에서 잘려 있어 규율권한 이전 여부를 확정할 수 없으나 표지어구는 대통령령이다.
P03000,사항은 대통령령으로,판단불가,대통령령,3,문장이 '사항은 대통령령으로'에서 끊겨 종결 문언을 확인할 수 없어 위임 여부를 확정할 수 없으나 지정된 법형식은 대통령령이다.
P03001,교육부령으로 정하는 사항,위임,부령,4,'교육부령으로 정하는 사항'은 규율 내용을 부령에 맡기는 부분 위임 구절이다.
P03002,교육부령으로 정하는 바에 따라,위임,부령,3,문장이 절 단위로 잘려 있으나 '교육부령으로 정하는 바에 따라'는 교육부령에 규율권한을 넘기는 위임 표지이다.
P03003,대통령령으로 정하는,판단불가,대통령령,3,문장이 '대통령령으로 정하는'에서 잘려 무엇을 위임하는지 확인할 수 없다.
P03004,대통령령으로 정한다,위임,대통령령,4,문말 종결형 '대통령령으로 정한다'로 대통령령에 규율권한을 넘기는 위임이다.
P03005,대통령령으로 정한다,위임,대통령령,4,문장이 다소 잘려 있으나 '대통령령으로 정한다'는 종결형 위임 문형으로 대통령령에 규율권한을 넘긴다.
P03006,대통령령으로 정한다,위임,대통령령,4,종결형 '대통령령으로 정한다'로 규율권한을 대통령령에 넘기는 위임이다.
P03007,대통령령으로 정한다,위임,대통령령,4,문장이 축약되어 있으나 '대통령령으로 정한다'는 종결형 위임 문언이다.
P03008,대통령령으로 정하는 바에 따라 제1항에 따른 공인기간을,위임,대통령령,3,문장이 다소 잘려 있으나 '대통령령으로 정하는 바에 따라' 공인기간에 관한 사항을 하위 규범에 맡기는 위임 표지가 명확하다.
P03009,또는 대통령령으로,판단불가,미특정,4,문장이 조각으로 잘려 있어 위임 여부와 규율 내용을 확인할 수 없다.
P03010,공인자격관리자가 대통령령으로,판단불가,대통령령,2,"문장이 중간에서 잘려 서술어가 없어 위임인지 인용인지 확정할 수 없고, 다만 문언에는 대통령령이 표기되어 있다."
P03011,기재사항 등에 관하여 필요한 사항은 교육부령으로,위임,부령,4,문장 말미가 잘렸으나 '기재사항 등에 관하여 필요한 사항은 교육부령으로 (정한다)'로 교육부령에 규율권한을 넘기는 위임임이 명백하다.
P03012,대통령령으로 정하는,판단불가,대통령령,3,문장이 '대통령령으로 정하는'에서 잘려 규율 대상과 종결 형식을 확인할 수 없어 위임 여부를 확정할 수 없다.
P03013,교육부령으로 정한다,위임,부령,5,'교육부령으로 정한다'는 종결형으로 부령에 규율권한을 넘기는 위임이다.
P03014,대통령령으로 정하는,판단불가,대통령령,3,문장이 '대통령령으로 정하는'에서 잘려 있어 무엇을 위임하는지 확인할 수 없다.
P03015,대통령령으로 정한다,위임,대통령령,4,문언이 단절되어 있으나 '대통령령으로 정한다'는 종결형 위임 표지가 명확하다.
P03016,대통령령으로 정한다,위임,대통령령,4,문말 종결형 '대통령령으로 정한다'로 대통령령에 규율권한을 넘기는 위임이다.
P03017,대통령령으로 정한다,위임,대통령령,5,문말 '대통령령으로 정한다'로 규율권한을 대통령령에 넘기는 위임이다.
P03018,대통령령으로 정하는,판단불가,대통령령,3,문장이 '대통령령으로 정하는'에서 잘려 무엇을 위임하는지 확인할 수 없다.
P03019,대통령령으로 정한다,위임,대통령령,4,문장이 다소 잘렸으나 '대통령령으로 정한다'는 종결형 위임 문언이 명확하다.
P03020,대통령령으로 정한다,위임,대통령령,4,문말 종결형 '대통령령으로 정한다'로 규율권한을 대통령령에 넘긴다.
P03021,하나에 해당하는 자는 대통령령 또는,판단불가,해당없음,4,문장이 '대통령령 또는'에서 잘려 병기 법형식과 위임 여부를 확정할 수 없다.
P03022,대통령령으로 정하는,판단불가,대통령령,3,문장이 '대통령령으로 정하는'에서 잘려 있어 규율권한 이전 여부를 확정할 수 없으나 표지어구는 대통령령이다.
P03023,대통령령으로 정하는,판단불가,미특정,3,문장이 '대통령령으로 정하는'에서 절단되어 무엇을 위임하는지 확인할 수 없다.
P03024,대통령령으로 정하는,판단불가,대통령령,3,문장이 '대통령령으로 정하는'에서 잘려 무엇을 위임하는지 확인할 수 없어 판정이 불가하나 표지어구는 대통령령이다.
P03025,심의회의 심의를 거쳐 국가직무능력표준으로 확정·고시한다.,인용,해당없음,3,하위 규범에 규율사항을 넘기는 것이 아니라 심의를 거친 표준의 확정·공표라는 개별 행위를 규정한 것이다.
P03026,국가직무능력표준의 개선 또는 폐지가 필요하다고 고용노동부장관이 인정하는 경우에는 5년이 지나지 아니하여도 개선 또는 폐지할 수 있다.,인용,해당없음,4,하위 규범 제정을 맡기지 않고 장관의 개별적 판단·조치 권한만 정한 규정이다.
P03027,교육부령으로 정하는 등록사항이,위임,부령,3,문장이 잘려 있으나 '교육부령으로 정하는 등록사항'은 등록사항의 구체적 내용을 부령에 맡기는 부분 위임 형태이다.
P03028,협의하여 교육부령으로,판단불가,미특정,3,문장이 잘려 있어 규율권한 이전 여부를 확정할 수 없다.
P03029,필요한 사항은 교육부령으로,위임,부령,3,문장이 잘려 종결어미가 없으나 '필요한 사항은 교육부령으로'는 교육부령에 규율권한을 넘기는 위임 문형으로 보인다.
P03030,교육부령으로 정하는,위임,부령,3,문장이 잘려 있으나 '교육부령으로 정하는'이라는 부분위임 문언이 확인된다.
P03031,교육부령으로 정하는,판단불가,미특정,3,문장이 '교육부령으로 정하는'에서 잘려 무엇을 위임하는지 확인할 수 없다.
P03032,교육부령으로 정하는,판단불가,부령,2,"문장이 '교육부령으로 정하는'에서 잘려 있어 규율권한 이전 여부를 확정할 수 없으나, 문언상 지정된 법형식은 부령이다."
P03033,교육부령으로 정한다,위임,부령,5,'교육부령으로 정한다'는 종결형으로 부령에 규율권한을 위임한다.
P03034,교육부령으로 정한다,위임,부령,4,종결형 '교육부령으로 정한다'로 교육부령에 규율권한을 넘기는 위임이다.
P03035,교육부령으로 정하는,판단불가,미특정,3,문장이 '교육부령으로 정하는'에서 잘려 규율 대상과 종결 형태를 확인할 수 없다.
P03036,교육부령으로 정하는,위임,부령,3,문장이 절단된 조각이나 '교육부령으로 정하는'은 교육부령에 요건 일부를 맡기는 부분 위임 문언이다.
P03037,교육부령으로 정하는 공인자격 폐지신고서에,위임,부령,3,문장이 일부 잘렸으나 '교육부령으로 정하는 폐지신고서'로 서식 사항을 부령에 넘기는 부분 위임이다.
P03038,교육부령으로 정하는 공인자격 폐지계획서,위임,부령,4,'교육부령으로 정하는'이라는 현재형 부분위임으로 서식·내용 규율권한을 부령에 넘긴다.
P03039,대통령령으로 정하는,판단불가,대통령령,3,문장이 '대통령령으로 정하는'에서 잘려 규율 대상과 종결 형태를 확인할 수 없다.
P03040,보건복지부령으로 정한다,위임,부령,4,문말 종결형 '보건복지부령으로 정한다'로 부령에 규율권한을 넘기는 위임이다.
P03041,대통령령으로 정하는,판단불가,대통령령,2,문장이 '대통령령으로 정하는'에서 잘려 무엇을 위임하는지 확인할 수 없으나 표지어구는 대통령령이다.
P03042,보건복지부령으로 정한다,위임,부령,4,'보건복지부령으로 정한다'는 종결형으로 부령에 규율권한을 넘기는 위임이다.
P03043,대통령령으로 정하는,판단불가,대통령령,2,문장이 '대통령령으로 정하는'에서 잘려 있어 위임 대상과 문맥을 확정할 수 없다.
P03044,예금의 평균잔액과 그 밖에 대통령령으로,판단불가,해당없음,3,문장이 중간에 잘려 서술어가 없어 위임인지 인용인지 확정할 수 없다.
P03045,채무액과 그 밖에 대통령령으로,판단불가,미특정,3,문장이 중간에서 잘려 종결부가 없어 위임 여부를 확정할 수 없다.
P03046,보험료와 그 밖에 대통령령으로,판단불가,대통령령,3,문장이 중간에서 끊겨 위임 종결 여부를 확인할 수 없으나 표지어구로 대통령령이 언급된다.
P03047,보건복지부령으로 정한다,위임,부령,4,문말 종결형 '보건복지부령으로 정한다'로 부령에 규율권한을 넘기는 위임이다.
P03048,필요한 사항은 대통령령으로,판단불가,대통령령,3,문장이 종결부 없이 잘려 있어 위임 여부를 확정할 수 없으나 표지어구는 대통령령이다.
P03049,필요한 사항은 대통령령으로,판단불가,미특정,3,문장이 '대통령령으로'에서 끊겨 종결 형태(정한다/정하는 바에 따라)를 확인할 수 없어 위임 여부를 확정할 수 없다.
P03050,대통령령으로 정하는 기준에,위임,대통령령,3,문장이 잘려 있으나 '대통령령으로 정하는 기준'이라는 부분위임 표지가 명확하다.
P03051,필요한 사항은 대통령령으로,위임,대통령령,3,문장이 잘려 있으나 '필요한 사항은 대통령령으로'는 대통령령에 규율권한을 넘기는 위임 문형으로 판단된다.
P03052,보건복지부령으로 정한다,위임,부령,4,'보건복지부령으로 정한다'는 종결형으로 부령에 규율권한을 넘기는 위임이다.
P03053,보건복지부령으로 정한다,위임,부령,4,종결형 '보건복지부령으로 정한다'로 부령에 규율권한을 넘기는 위임이다.
P03054,보건복지부령으로 정한다,위임,부령,5,'보건복지부령으로 정한다'는 종결형으로 부령에 규율권한을 넘기는 위임이다.
P03055,보건복지부령으로 정한다,위임,부령,4,'보건복지부령으로 정한다'는 종결형으로 부령에 규율권한을 넘기는 위임이다.
P03056,보건복지부령으로 정한다,위임,부령,4,'보건복지부령으로 정한다'는 종결형으로 부령에 규율권한을 넘기는 위임이다.
P03057,보건복지부령으로 정한다,위임,부령,5,'보건복지부령으로 정한다'는 종결형으로 부령에 규율권한을 넘기는 위임이다.
P03058,보건복지부령으로 정한다,위임,부령,5,보건복지부령에 규율권한을 넘기는 문말 위임 종결형이다.
P03059,사항은 보건복지부령으로,판단불가,부령,3,문장이 중간에서 잘려 종결 서술어가 없어 위임 여부를 확정할 수 없으나 표지어구는 보건복지부령이다.
P03060,대통령령으로 정하는,판단불가,대통령령,2,문장이 '대통령령으로 정하는'에서 잘려 규율 대상과 종결 구조를 확인할 수 없어 위임 여부를 판정할 수 없다.
P03061,대통령령으로 정하는 바에 따라 순차적으로,위임,대통령령,3,문장이 잘려 있으나 '대통령령으로 정하는 바에 따라'라는 위임 문언이 명시되어 대통령령에 규율권한을 넘기는 것으로 본다.
P03062,필요한 사항은 보건복지부령으로 정한다,위임,부령,5,필요한 사항의 규율권한을 보건복지부령에 넘기는 위임 종결문이다.
P03063,보건복지부령으로 정하는,판단불가,부령,3,문장이 '보건복지부령으로 정하는'에서 잘려 있어 규율권한 이전 여부를 확정할 수 없으나 지정된 법형식은 부령이다.
P03064,필요한 사항은 보건복지부령으로 정한다,위임,부령,5,필요한 사항의 규율권한을 보건복지부령에 넘기는 위임 규정이다.
P03065,필요한 사항은 보건복지부령으로 정한다,위임,부령,5,필요한 사항의 규율권한을 보건복지부령에 넘기는 종결형 위임이다.
P03066,교육부령으로 정하는,위임,부령,3,문장이 불완전하지만 '교육부령으로 정하는'이라는 미완료형 부분위임 표지가 있어 부령에 규율권한을 넘기는 위임으로 본다.
P03067,교육부령으로 정한다,위임,부령,4,'교육부령으로 정한다'는 종결형 위임으로 부령에 규율권한을 넘긴다.
P03068,교육부령으로 정한다,위임,부령,4,종결형 '교육부령으로 정한다'로 부령에 규율권한을 넘기는 위임이다.
P03069,보건복지부령으로 정한다,위임,부령,4,'보건복지부령으로 정한다'는 종결형으로 부령에 규율권한을 넘기는 위임이다.
P03070,보건복지부령으로 정하는 사항이,판단불가,부령,3,문장이 중간에 잘려 종결되지 않아 위임 여부를 확정할 수 없으나 표지어구는 보건복지부령이다.
P03071,보건복지부령으로 정한다,위임,부령,5,'보건복지부령으로 정한다'는 종결형으로 부령에 규율권한을 넘기는 위임이다.
P03072,대통령령으로 정하는,판단불가,대통령령,2,문장이 '대통령령으로 정하는'에서 잘려 무엇을 위임하는지 확인할 수 없어 판정이 불가하다.
P03073,필요한 서식은 보건복지부령으로,위임,부령,3,문장이 중간에 끊겼으나 서식에 관한 사항을 보건복지부령에 넘기는 위임 취지가 확인된다.
P03074,교육부령으로 정하는,판단불가,부령,3,문장이 '교육부령으로 정하는'에서 잘려 규율 대상과 종결 형태를 확인할 수 없다.
P03075,③ 시장ㆍ군수ㆍ구청장(자치구의 구청장을 말한다)이 법 제9조제1항에 따라 시ㆍ군ㆍ구(자치구를 말한다. 이하 같다)에 지역장애아동지원센터를 설치하는 경우에는 그 조직과 운영에 필요한 사항은 해당 시ㆍ군ㆍ구의 조례로 정한다.,위임,조례,5,조직과 운영에 필요한 사항을 시·군·구 조례로 정하도록 규율권한을 넘긴다.
P03076,보건복지부장관이 정하여 고시하는 공통서식에 따른다.,위임,고시,4,"공통서식의 내용을 보건복지부장관의 고시에 맡기는 위임으로, 법형식이 '고시'로 명시되었다."
P03077,대통령령으로 정하는,판단불가,대통령령,3,문장이 '대통령령으로 정하는'에서 잘려 어떤 사항을 위임하는지 확인할 수 없다.
P03078,교육부령으로 정한다,위임,부령,4,'교육부령으로 정한다'는 종결형 위임으로 부령에 규율권한을 넘긴다.
P03079,대통령령으로 정한다,위임,대통령령,5,문말 종결형 '대통령령으로 정한다'로 대통령령에 규율권한을 넘긴다.
P03080,"교육부장관 및 교육감은 특정 분야의 인재 양성을 목적으로 하는 교육을 전문적으로 실시하는 특수학교(이하 ""특성화특수학교""라 한다)를 지정·고시할 수 있다.",인용,해당없음,4,"특정 학교를 지정·고시하는 개별 처분 권한 부여로, 하위 규범 제정 권한을 넘기는 위임이 아니다."
P03081,필요한 사항은 대통령령으로 정한다,위임,대통령령,5,필요한 사항의 규율권한을 대통령령에 넘기는 전형적 위임 문언이다.
P03082,사항은 대통령령으로,판단불가,해당없음,3,문장이 중간에서 잘려 종결부가 없어 위임 여부를 확정할 수 없다.
P03083,사항은 대통령령으로,판단불가,대통령령,3,문장이 중간에서 잘려 종결부가 없어 위임 여부를 확정할 수 없으나 문언상 대통령령을 지정하고 있다.
P03084,"② 제1항에 따른 중앙특수교육운영위원회의 구성ㆍ운영 등에 관하여 필요한 사항은 대통령령으로, 시ㆍ도특수교육운영위원회 및 시ㆍ군ㆍ구특수교육운영위원회의 구성ㆍ운영 등에 관하여는 특별시ㆍ광역시ㆍ특별자치시ㆍ도 및 특별자치도(이하 ""시ㆍ도""라 한다)의 교육규칙으로 각각 정한다.",위임,대통령령|교육규칙,5,"중앙위원회 사항은 대통령령, 시·도 및 시·군·구 위원회 사항은 교육규칙에 각각 규율권한을 넘기는 위임이다."
P03085,"② 제1항에 따른 중앙특수교육운영위원회의 구성ㆍ운영 등에 관하여 필요한 사항은 대통령령으로, 시ㆍ도특수교육운영위원회 및 시ㆍ군ㆍ구특수교육운영위원회의 구성ㆍ운영 등에 관하여는 특별시ㆍ광역시ㆍ특별자치시ㆍ도 및 특별자치도(이하 ""시ㆍ도""라 한다)의 교육규칙으로 각각 정한다.",위임,대통령령|교육규칙,5,"중앙위원회 사항은 대통령령, 시·도 및 시·군·구 위원회 사항은 교육규칙에 각각 규율권한을 넘기는 병기 위임이다."
P03086,"② 제1항에 따른 중앙특수교육운영위원회의 구성ㆍ운영 등에 관하여 필요한 사항은 대통령령으로, 시ㆍ도특수교육운영위원회 및 시ㆍ군ㆍ구특수교육운영위원회의 구성ㆍ운영 등에 관하여는 특별시ㆍ광역시ㆍ특별자치시ㆍ도 및 특별자치도(이하 ""시ㆍ도""라 한다)의 교육규칙으로 각각 정한다.",위임,대통령령|교육규칙,5,"중앙위원회는 대통령령, 시·도 및 시·군·구 위원회는 시·도 교육규칙에 각각 규율권한을 넘기는 병기 위임이다."
P03087,"② 제1항에 따른 중앙특수교육운영위원회의 구성ㆍ운영 등에 관하여 필요한 사항은 대통령령으로, 시ㆍ도특수교육운영위원회 및 시ㆍ군ㆍ구특수교육운영위원회의 구성ㆍ운영 등에 관하여는 특별시ㆍ광역시ㆍ특별자치시ㆍ도 및 특별자치도(이하 ""시ㆍ도""라 한다)의 교육규칙으로 각각 정한다.",위임,대통령령|교육규칙,5,"중앙위는 대통령령, 시·도 및 시·군·구위는 시·도 교육규칙으로 정하도록 병기하여 위임한다."
P03088,"② 제1항에 따른 중앙특수교육운영위원회의 구성ㆍ운영 등에 관하여 필요한 사항은 대통령령으로, 시ㆍ도특수교육운영위원회 및 시ㆍ군ㆍ구특수교육운영위원회의 구성ㆍ운영 등에 관하여는 특별시ㆍ광역시ㆍ특별자치시ㆍ도 및 특별자치도(이하 ""시ㆍ도""라 한다)의 교육규칙으로 각각 정한다.",위임,대통령령|교육규칙,5,"중앙위원회 사항은 대통령령, 시·도 및 시·군·구 위원회 사항은 시·도 교육규칙으로 각각 정하도록 규율권한을 넘긴다."
P03089,"② 제1항에 따른 중앙특수교육운영위원회의 구성ㆍ운영 등에 관하여 필요한 사항은 대통령령으로, 시ㆍ도특수교육운영위원회 및 시ㆍ군ㆍ구특수교육운영위원회의 구성ㆍ운영 등에 관하여는 특별시ㆍ광역시ㆍ특별자치시ㆍ도 및 특별자치도(이하 ""시ㆍ도""라 한다)의 교육규칙으로 각각 정한다.",위임,대통령령|교육규칙,5,"중앙위원회 사항은 대통령령, 시·도 및 시·군·구 위원회 사항은 교육규칙에 각각 규율권한을 넘기는 위임이다."
P03090,"② 제1항에 따른 중앙특수교육운영위원회의 구성ㆍ운영 등에 관하여 필요한 사항은 대통령령으로, 시ㆍ도특수교육운영위원회 및 시ㆍ군ㆍ구특수교육운영위원회의 구성ㆍ운영 등에 관하여는 특별시ㆍ광역시ㆍ특별자치시ㆍ도 및 특별자치도(이하 ""시ㆍ도""라 한다)의 교육규칙으로 각각 정한다.",위임,대통령령|교육규칙,5,"중앙위원회 사항은 대통령령, 시·도 및 시·군·구 위원회 사항은 시·도 교육규칙에 각각 규율권한을 넘긴다."
P03091,"② 제1항에 따른 중앙특수교육운영위원회의 구성ㆍ운영 등에 관하여 필요한 사항은 대통령령으로, 시ㆍ도특수교육운영위원회 및 시ㆍ군ㆍ구특수교육운영위원회의 구성ㆍ운영 등에 관하여는 특별시ㆍ광역시ㆍ특별자치시ㆍ도 및 특별자치도(이하 ""시ㆍ도""라 한다)의 교육규칙으로 각각 정한다.",위임,대통령령|교육규칙,5,"중앙위원회는 대통령령, 시·도 및 시·군·구 위원회는 시·도 교육규칙으로 정하도록 규율권한을 병기하여 넘긴다."
P03092,"② 제1항에 따른 중앙특수교육운영위원회의 구성ㆍ운영 등에 관하여 필요한 사항은 대통령령으로, 시ㆍ도특수교육운영위원회 및 시ㆍ군ㆍ구특수교육운영위원회의 구성ㆍ운영 등에 관하여는 특별시ㆍ광역시ㆍ특별자치시ㆍ도 및 특별자치도(이하 ""시ㆍ도""라 한다)의 교육규칙으로 각각 정한다.",위임,대통령령|교육규칙,5,"중앙위원회는 대통령령, 시·도 및 시·군·구 위원회는 시·도 교육규칙으로 정하도록 병기 위임한다."
P03093,"② 제1항에 따른 중앙특수교육운영위원회의 구성ㆍ운영 등에 관하여 필요한 사항은 대통령령으로, 시ㆍ도특수교육운영위원회 및 시ㆍ군ㆍ구특수교육운영위원회의 구성ㆍ운영 등에 관하여는 특별시ㆍ광역시ㆍ특별자치시ㆍ도 및 특별자치도(이하 ""시ㆍ도""라 한다)의 교육규칙으로 각각 정한다.",위임,대통령령|교육규칙,5,"중앙위는 대통령령, 시·도 및 시·군·구위는 교육규칙에 각각 규율권한을 넘기고 있다."
P03094,"② 제1항에 따른 중앙특수교육운영위원회의 구성ㆍ운영 등에 관하여 필요한 사항은 대통령령으로, 시ㆍ도특수교육운영위원회 및 시ㆍ군ㆍ구특수교육운영위원회의 구성ㆍ운영 등에 관하여는 특별시ㆍ광역시ㆍ특별자치시ㆍ도 및 특별자치도(이하 ""시ㆍ도""라 한다)의 교육규칙으로 각각 정한다.",위임,대통령령|교육규칙,5,"중앙위원회는 대통령령, 시·도 및 시·군·구 위원회는 시·도 교육규칙에 각각 규율권한을 넘기는 병기 위임이다."
P03095,"② 제1항에 따른 중앙특수교육운영위원회의 구성ㆍ운영 등에 관하여 필요한 사항은 대통령령으로, 시ㆍ도특수교육운영위원회 및 시ㆍ군ㆍ구특수교육운영위원회의 구성ㆍ운영 등에 관하여는 특별시ㆍ광역시ㆍ특별자치시ㆍ도 및 특별자치도(이하 ""시ㆍ도""라 한다)의 교육규칙으로 각각 정한다.",위임,대통령령|교육규칙,5,"중앙위원회는 대통령령, 시·도 및 시·군·구 위원회는 시·도 교육규칙으로 정하도록 병기 위임하고 있다."
P03096,"② 제1항에 따른 중앙특수교육운영위원회의 구성ㆍ운영 등에 관하여 필요한 사항은 대통령령으로, 시ㆍ도특수교육운영위원회 및 시ㆍ군ㆍ구특수교육운영위원회의 구성ㆍ운영 등에 관하여는 특별시ㆍ광역시ㆍ특별자치시ㆍ도 및 특별자치도(이하 ""시ㆍ도""라 한다)의 교육규칙으로 각각 정한다.",위임,대통령령|교육규칙,5,"중앙위원회는 대통령령, 시·도 및 시·군·구 위원회는 시·도 교육규칙에 각각 규율권한을 넘기는 병기 위임이다."
P03097,"② 제1항에 따른 중앙특수교육운영위원회의 구성ㆍ운영 등에 관하여 필요한 사항은 대통령령으로, 시ㆍ도특수교육운영위원회 및 시ㆍ군ㆍ구특수교육운영위원회의 구성ㆍ운영 등에 관하여는 특별시ㆍ광역시ㆍ특별자치시ㆍ도 및 특별자치도(이하 ""시ㆍ도""라 한다)의 교육규칙으로 각각 정한다.",위임,대통령령|교육규칙,5,"중앙위원회 사항은 대통령령, 시·도 및 시·군·구 위원회 사항은 교육규칙에 각각 규율권한을 넘긴다."
P03098,"② 제1항에 따른 중앙특수교육운영위원회의 구성ㆍ운영 등에 관하여 필요한 사항은 대통령령으로, 시ㆍ도특수교육운영위원회 및 시ㆍ군ㆍ구특수교육운영위원회의 구성ㆍ운영 등에 관하여는 특별시ㆍ광역시ㆍ특별자치시ㆍ도 및 특별자치도(이하 ""시ㆍ도""라 한다)의 교육규칙으로 각각 정한다.",위임,대통령령|교육규칙,5,"중앙위원회 사항은 대통령령, 시·도 및 시·군·구 위원회 사항은 교육규칙에 각각 규율권한을 넘긴다."
P03099,"② 제1항에 따른 중앙특수교육운영위원회의 구성ㆍ운영 등에 관하여 필요한 사항은 대통령령으로, 시ㆍ도특수교육운영위원회 및 시ㆍ군ㆍ구특수교육운영위원회의 구성ㆍ운영 등에 관하여는 특별시ㆍ광역시ㆍ특별자치시ㆍ도 및 특별자치도(이하 ""시ㆍ도""라 한다)의 교육규칙으로 각각 정한다.",위임,대통령령|교육규칙,5,"중앙위원회는 대통령령, 시·도 및 시·군·구 위원회는 시·도 교육규칙으로 각각 정하도록 규율권한을 넘긴다."
P03100,"② 제1항에 따른 중앙특수교육운영위원회의 구성ㆍ운영 등에 관하여 필요한 사항은 대통령령으로, 시ㆍ도특수교육운영위원회 및 시ㆍ군ㆍ구특수교육운영위원회의 구성ㆍ운영 등에 관하여는 특별시ㆍ광역시ㆍ특별자치시ㆍ도 및 특별자치도(이하 ""시ㆍ도""라 한다)의 교육규칙으로 각각 정한다.",위임,대통령령|교육규칙,5,"중앙위원회는 대통령령, 시·도 및 시·군·구 위원회는 시·도 교육규칙에 각각 규율권한을 넘기는 병기 위임이다."
P03101,"② 제1항에 따른 중앙특수교육운영위원회의 구성ㆍ운영 등에 관하여 필요한 사항은 대통령령으로, 시ㆍ도특수교육운영위원회 및 시ㆍ군ㆍ구특수교육운영위원회의 구성ㆍ운영 등에 관하여는 특별시ㆍ광역시ㆍ특별자치시ㆍ도 및 특별자치도(이하 ""시ㆍ도""라 한다)의 교육규칙으로 각각 정한다.",위임,대통령령|교육규칙,5,"중앙위는 대통령령, 시·도 및 시·군·구 위원회는 시·도 교육규칙으로 각각 정하도록 규율권한을 넘긴다."
P03102,필요한 사항은 대통령령으로,위임,대통령령,3,문장이 잘려 있으나 '필요한 사항은 대통령령으로'는 대통령령에 규율권한을 넘기는 전형적 위임 문형이다.
P03103,대통령령으로 정하는,판단불가,대통령령,3,문장이 '대통령령으로 정하는'에서 잘려 있어 무엇을 위임하는지 확인할 수 없다.
P03104,대통령령으로 정한다,위임,대통령령,4,'대통령령으로 정한다'는 종결형으로 대통령령에 규율권한을 넘기는 위임이다.
P03105,대통령령으로 정한다,위임,대통령령,4,문말 종결형 '대통령령으로 정한다'로 규율권한을 대통령령에 넘기는 위임이다.
P03106,필요한 사항은 대통령령으로 정한다,위임,대통령령,5,필요한 사항의 규율권한을 대통령령에 넘기는 전형적 위임 문장이다.
P03107,대통령령으로 정하는 장애,위임,대통령령,4,'대통령령으로 정하는 장애'는 요건의 일부를 대통령령에 맡기는 부분 위임이다.
P03108,대통령령으로 정하는,위임,대통령령,2,문장이 잘려 규율 대상이 불명확하나 '대통령령으로 정하는'이라는 부분위임 문언이 확인된다.
P03109,사항은 대통령령으로,판단불가,대통령령,2,문장이 중간에서 잘려 있어 위임 종결 여부를 확정할 수 없으나 표지어구로 대통령령이 명시되어 있다.
P03110,대통령령으로 정한다,위임,대통령령,4,'대통령령으로 정한다'는 종결형으로 대통령령에 규율권한을 넘기는 위임이다.
P03111,대통령령으로 정하는 바에,판단불가,대통령령,2,문장이 중간에 잘려 종결 취지를 확인할 수 없으나 문언상 대통령령이 지시되어 있다.
P03112,대통령령으로 정하는 일정한,판단불가,대통령령,3,문장이 '대통령령으로 정하는 일정한'에서 잘려 규율 대상과 종결 형태를 확인할 수 없다.
P03113,대통령령으로 정하는,판단불가,대통령령,2,문장이 '대통령령으로 정하는'에서 잘려 위임 대상과 범위를 확인할 수 없어 판정이 불가하다.
P03114,대통령령으로 정하는,판단불가,대통령령,3,문장이 '대통령령으로 정하는'에서 잘려 있어 위임 대상과 종결 구조를 확인할 수 없다.
P03115,대통령령으로 정하는,판단불가,대통령령,3,문장이 '대통령령으로 정하는'에서 절단되어 무엇을 위임하는지 확인할 수 없다.
P03116,필요한 사항은 교육부령으로 정한다,위임,부령,5,필요한 사항의 규율권한을 교육부령에 넘기는 위임 종결형이다.
P03117,대통령령으로 정하는 자격이,위임,대통령령,3,문장이 절단되었으나 '대통령령으로 정하는 자격'이라는 부분 위임 표지가 명확하다.
P03118,각급학교의 장은 대통령령으로 정하는 기준에 따라,위임,대통령령,4,문장이 끊겼으나 '대통령령으로 정하는 기준'으로 기준 설정 권한을 대통령령에 넘기는 부분 위임이다.
P03119,지원하기 위하여 대통령령으로 정하는 바에 따라,위임,대통령령,4,문장이 일부 절편이나 '대통령령으로 정하는 바에 따라'로 대통령령에 규율권한을 넘기는 위임 문언이다.
P03120,필요한 사항은 대통령령으로 정한다,위임,대통령령,5,필요한 사항의 규율권한을 대통령령에 넘기는 전형적 위임 문언이다.
P03121,대통령령으로 정하는,판단불가,대통령령,3,"문장이 '대통령령으로 정하는'에서 잘려 무엇을 위임하는지 확인할 수 없어 판정이 불가하나, 문언상 지정된 법형식은 대통령령이다."
P03122,대통령령으로 정한다,위임,대통령령,4,문말 종결형 '대통령령으로 정한다'로 대통령령에 규율권한을 넘긴다.
P03123,대통령령으로 정한다,위임,대통령령,4,문말 '대통령령으로 정한다'는 대통령령에 규율권한을 넘기는 위임이다.
P03124,필요한 사항은 대통령령으로 정한다,위임,대통령령,5,필요한 사항의 규율권한을 대통령령에 넘기는 전형적 위임 문언이다.
P03125,배치기준은 대통령령으로 정한다,위임,대통령령,5,배치기준을 대통령령으로 정하도록 규율권한을 넘기는 종결형 위임이다.
P03126,사항은 대통령령으로,판단불가,대통령령,2,문장이 중간에서 잘려 종결부가 없어 위임 여부를 확정할 수 없으나 명시된 법형식은 대통령령이다.
P03127,사항은 대통령령으로,판단불가,대통령령,3,문장이 중간에서 잘려 종결부와 주어가 없어 위임 여부를 확정할 수 없으나 문언상 대통령령이 표시되어 있다.
P03128,사항은 대통령령으로,판단불가,대통령령,3,문장이 중간에서 잘려 종결 술어가 없어 위임 여부를 확정할 수 없으나 대통령령이 명시되어 있다.
P03129,사항은 대통령령으로,판단불가,대통령령,3,문장이 중간에서 잘려 종결 문언이 없어 위임 여부를 확정할 수 없으나 표지어구는 대통령령이다.
P03130,사항은 대통령령으로,판단불가,대통령령,3,문장이 중간에서 잘려 서술어가 없어 위임 여부를 확정할 수 없으나 문언상 대통령령이 언급되어 있다.
P03131,사항은 대통령령으로,판단불가,대통령령,3,문장이 중간에서 잘려 종결부가 없어 위임 여부를 확정할 수 없으나 표지어구는 대통령령이다.
P03132,사항은 대통령령으로,판단불가,대통령령,3,문장이 '사항은 대통령령으로'에서 잘려 서술어가 없어 위임 종결 여부를 확정할 수 없으나 문언상 대통령령이 지정되어 있다.
P03133,교육부령으로 정하는,판단불가,부령,3,'교육부령으로 정하는'이라는 미완성 구절만 제시되어 규율 대상과 종결 형태를 확인할 수 없다.
P03134,교육부령으로,판단불가,미특정,4,문장이 '교육부령으로'에서 잘려 서술어가 없어 위임인지 인용인지 판정할 수 없다.
P03135,교육부령으로,판단불가,미특정,4,문장이 '교육부령으로'에서 잘려 서술어가 없어 위임 여부를 확정할 수 없다.
P03136,대통령령으로 정한다,위임,대통령령,4,문장이 축약되어 있으나 '대통령령으로 정한다'는 종결형 위임 문언이다.
P03137,"⑦ 제6항의 생활지도원과 간호사 또는 간호조무사의 배치기준은 국립학교의 경우 교육부령으로, 공립 및 사립 학교의 경우에는 시·도 교육규칙으로 각각 정한다.",위임,부령|교육규칙,5,"배치기준을 국립학교는 교육부령, 공립·사립학교는 시·도 교육규칙에 정하도록 규율권한을 넘기는 병기 위임이다."
P03138,"⑦ 제6항의 생활지도원과 간호사 또는 간호조무사의 배치기준은 국립학교의 경우 교육부령으로, 공립 및 사립 학교의 경우에는 시·도 교육규칙으로 각각 정한다.",위임,부령|교육규칙,5,"배치기준을 국립은 교육부령, 공·사립은 시·도 교육규칙으로 정하도록 두 법형식에 규율권한을 넘긴다."
P03139,"⑦ 제6항의 생활지도원과 간호사 또는 간호조무사의 배치기준은 국립학교의 경우 교육부령으로, 공립 및 사립 학교의 경우에는 시·도 교육규칙으로 각각 정한다.",위임,부령|교육규칙,5,"배치기준을 국립은 교육부령, 공립·사립은 시·도 교육규칙으로 정하도록 두 법형식에 규율권한을 병기하여 위임한다."
P03140,"⑦ 제6항의 생활지도원과 간호사 또는 간호조무사의 배치기준은 국립학교의 경우 교육부령으로, 공립 및 사립 학교의 경우에는 시·도 교육규칙으로 각각 정한다.",위임,부령|교육규칙,5,배치기준을 교육부령과 시·도 교육규칙에 각각 정하도록 규율권한을 넘기는 병기 위임이다.
P03141,"⑦ 제6항의 생활지도원과 간호사 또는 간호조무사의 배치기준은 국립학교의 경우 교육부령으로, 공립 및 사립 학교의 경우에는 시·도 교육규칙으로 각각 정한다.",위임,부령|교육규칙,5,배치기준을 교육부령과 시·도 교육규칙에 각각 정하도록 규율권한을 넘기는 병기 위임이다.
P03142,"⑦ 제6항의 생활지도원과 간호사 또는 간호조무사의 배치기준은 국립학교의 경우 교육부령으로, 공립 및 사립 학교의 경우에는 시·도 교육규칙으로 각각 정한다.",위임,부령|교육규칙,5,배치기준을 교육부령과 시·도 교육규칙에 각각 정하도록 병기 위임한다.
P03143,"⑦ 제6항의 생활지도원과 간호사 또는 간호조무사의 배치기준은 국립학교의 경우 교육부령으로, 공립 및 사립 학교의 경우에는 시·도 교육규칙으로 각각 정한다.",위임,부령|교육규칙,5,"배치기준을 국립학교는 교육부령, 공립·사립학교는 시·도 교육규칙에 각각 정하도록 규율권한을 넘긴다."
P03144,"⑦ 제6항의 생활지도원과 간호사 또는 간호조무사의 배치기준은 국립학교의 경우 교육부령으로, 공립 및 사립 학교의 경우에는 시·도 교육규칙으로 각각 정한다.",위임,부령|교육규칙,5,"배치기준을 국립학교는 교육부령, 공사립학교는 시·도 교육규칙으로 각각 정하도록 규율권한을 넘기는 병기 위임이다."
P03145,"⑦ 제6항의 생활지도원과 간호사 또는 간호조무사의 배치기준은 국립학교의 경우 교육부령으로, 공립 및 사립 학교의 경우에는 시·도 교육규칙으로 각각 정한다.",위임,부령|교육규칙,5,배치기준을 교육부령과 시·도 교육규칙에 각각 정하도록 병기 위임한다.
P03146,"⑦ 제6항의 생활지도원과 간호사 또는 간호조무사의 배치기준은 국립학교의 경우 교육부령으로, 공립 및 사립 학교의 경우에는 시·도 교육규칙으로 각각 정한다.",위임,부령|교육규칙,5,"배치기준의 규율권한을 국립은 교육부령, 공립·사립은 시·도 교육규칙에 각각 넘기는 병기 위임이다."
P03147,대통령령으로 정하는,판단불가,대통령령,2,문장이 '대통령령으로 정하는'에서 잘려 무엇을 위임하는지 확인할 수 없어 판정이 어렵다.
P03148,사항은 대통령령으로,판단불가,대통령령,2,문장이 중간에 잘려 종결 형태와 위임 대상을 확정할 수 없으나 '대통령령' 표지만 확인된다.
P03149,대통령령으로 정하는,판단불가,대통령령,2,문장이 '대통령령으로 정하는'에서 잘려 규율 대상과 종결 형태를 확인할 수 없어 위임 여부를 확정할 수 없다.
P03150,대통령령으로 정하는,위임,대통령령,3,문장이 잘려 있으나 '대통령령으로 정하는' 형태의 부분 위임 문구로 대통령령에 규율권한을 넘긴다.
P03151,사항은 대통령령으로,판단불가,대통령령,3,문장이 중간에서 잘려 완결된 규범 문언을 확인할 수 없으나 표지어구상 대통령령이 언급되어 있다.
P03152,대통령령으로 정한다,위임,대통령령,4,문말 '대통령령으로 정한다'는 대통령령에 규율권한을 넘기는 위임이다.
P03153,대통령령으로 정하는,판단불가,대통령령,2,문장이 '대통령령으로 정하는'에서 잘려 있어 무엇을 위임하는지 확인할 수 없으나 표지어구는 대통령령이다.
P03154,대통령령으로 정한다,위임,대통령령,4,'대통령령으로 정한다'는 종결형으로 대통령령에 규율권한을 넘기는 위임이다.
P03155,필요한 사항은 대통령령으로 정한다,위임,대통령령,5,필요한 사항의 규율권한을 대통령령에 넘기는 전형적 위임 문언이다.
P03156,필요한 사항은 대통령령으로,판단불가,대통령령,3,문장이 서술어 없이 잘려 있어 위임 종결 여부를 확정할 수 없으나 표지어구로 대통령령이 지정되어 있다.
P03157,교육부령으로 정한다,위임,부령,5,'교육부령으로 정한다'는 문말 종결형 위임으로 부령에 규율권한을 넘긴다.
P03158,"① 일반학교의 장은 법 제21조제3항에 따라 통합교육을 실시하는 경우에는 특수교육대상자의 교내 이동이 쉽고, 세면장ㆍ화장실 등과 가까운 곳에 위치한 66제곱미터 이상의 교실에 특수학급을 설치하여야 한다. 다만, 배치된 특수교육대상자의 수 및 그 학교의 여건 등을 고려하여 시ㆍ도 조례로 정하는 바에 따라 44제곱미터 이상의 교실에 학급을 설치할 수 있다.",위임,조례,5,단서에서 교실 면적 기준의 예외를 시·도 조례로 정하도록 규율권한을 넘긴다.
P03159,"① 일반학교의 장은 법 제21조제3항에 따라 통합교육을 실시하는 경우에는 특수교육대상자의 교내 이동이 쉽고, 세면장ㆍ화장실 등과 가까운 곳에 위치한 66제곱미터 이상의 교실에 특수학급을 설치하여야 한다. 다만, 배치된 특수교육대상자의 수 및 그 학교의 여건 등을 고려하여 시ㆍ도 조례로 정하는 바에 따라 44제곱미터 이상의 교실에 학급을 설치할 수 있다.",위임,조례,4,단서에서 교실 면적 기준의 예외를 시·도 조례로 정하도록 규율권한을 넘긴다.
P03160,"① 일반학교의 장은 법 제21조제3항에 따라 통합교육을 실시하는 경우에는 특수교육대상자의 교내 이동이 쉽고, 세면장ㆍ화장실 등과 가까운 곳에 위치한 66제곱미터 이상의 교실에 특수학급을 설치하여야 한다. 다만, 배치된 특수교육대상자의 수 및 그 학교의 여건 등을 고려하여 시ㆍ도 조례로 정하는 바에 따라 44제곱미터 이상의 교실에 학급을 설치할 수 있다.",위임,조례,5,단서에서 교실 면적 기준 예외를 시·도 조례로 정하도록 규율권한을 넘긴다.
P03161,"① 일반학교의 장은 법 제21조제3항에 따라 통합교육을 실시하는 경우에는 특수교육대상자의 교내 이동이 쉽고, 세면장ㆍ화장실 등과 가까운 곳에 위치한 66제곱미터 이상의 교실에 특수학급을 설치하여야 한다. 다만, 배치된 특수교육대상자의 수 및 그 학교의 여건 등을 고려하여 시ㆍ도 조례로 정하는 바에 따라 44제곱미터 이상의 교실에 학급을 설치할 수 있다.",위임,조례,4,단서에서 교실 면적 기준의 예외를 시·도 조례로 정하도록 규율권한을 넘긴다.
P03162,"① 일반학교의 장은 법 제21조제3항에 따라 통합교육을 실시하는 경우에는 특수교육대상자의 교내 이동이 쉽고, 세면장ㆍ화장실 등과 가까운 곳에 위치한 66제곱미터 이상의 교실에 특수학급을 설치하여야 한다. 다만, 배치된 특수교육대상자의 수 및 그 학교의 여건 등을 고려하여 시ㆍ도 조례로 정하는 바에 따라 44제곱미터 이상의 교실에 학급을 설치할 수 있다.",위임,조례,4,단서에서 특수학급 설치 면적 기준을 시·도 조례로 정하도록 규율권한을 넘긴다.
P03163,"① 일반학교의 장은 법 제21조제3항에 따라 통합교육을 실시하는 경우에는 특수교육대상자의 교내 이동이 쉽고, 세면장ㆍ화장실 등과 가까운 곳에 위치한 66제곱미터 이상의 교실에 특수학급을 설치하여야 한다. 다만, 배치된 특수교육대상자의 수 및 그 학교의 여건 등을 고려하여 시ㆍ도 조례로 정하는 바에 따라 44제곱미터 이상의 교실에 학급을 설치할 수 있다.",위임,조례,5,단서에서 교실 면적 기준의 예외를 시·도 조례로 정하도록 규율권한을 넘긴다.
P03164,"① 일반학교의 장은 법 제21조제3항에 따라 통합교육을 실시하는 경우에는 특수교육대상자의 교내 이동이 쉽고, 세면장ㆍ화장실 등과 가까운 곳에 위치한 66제곱미터 이상의 교실에 특수학급을 설치하여야 한다. 다만, 배치된 특수교육대상자의 수 및 그 학교의 여건 등을 고려하여 시ㆍ도 조례로 정하는 바에 따라 44제곱미터 이상의 교실에 학급을 설치할 수 있다.",위임,조례,4,단서에서 특수학급 설치 면적 기준의 예외를 시·도 조례로 정하도록 규율권한을 넘긴다.
P03165,"① 일반학교의 장은 법 제21조제3항에 따라 통합교육을 실시하는 경우에는 특수교육대상자의 교내 이동이 쉽고, 세면장ㆍ화장실 등과 가까운 곳에 위치한 66제곱미터 이상의 교실에 특수학급을 설치하여야 한다. 다만, 배치된 특수교육대상자의 수 및 그 학교의 여건 등을 고려하여 시ㆍ도 조례로 정하는 바에 따라 44제곱미터 이상의 교실에 학급을 설치할 수 있다.",위임,조례,5,단서에서 교실 면적 기준의 예외를 시·도 조례로 정하도록 규율권한을 넘긴다.
P03166,"① 일반학교의 장은 법 제21조제3항에 따라 통합교육을 실시하는 경우에는 특수교육대상자의 교내 이동이 쉽고, 세면장ㆍ화장실 등과 가까운 곳에 위치한 66제곱미터 이상의 교실에 특수학급을 설치하여야 한다. 다만, 배치된 특수교육대상자의 수 및 그 학교의 여건 등을 고려하여 시ㆍ도 조례로 정하는 바에 따라 44제곱미터 이상의 교실에 학급을 설치할 수 있다.",위임,조례,4,단서에서 교실 면적 기준의 예외를 시·도 조례가 정하도록 규율권한을 넘긴다.
P03167,"① 일반학교의 장은 법 제21조제3항에 따라 통합교육을 실시하는 경우에는 특수교육대상자의 교내 이동이 쉽고, 세면장ㆍ화장실 등과 가까운 곳에 위치한 66제곱미터 이상의 교실에 특수학급을 설치하여야 한다. 다만, 배치된 특수교육대상자의 수 및 그 학교의 여건 등을 고려하여 시ㆍ도 조례로 정하는 바에 따라 44제곱미터 이상의 교실에 학급을 설치할 수 있다.",위임,조례,4,단서에서 교실 면적 완화 기준을 시·도 조례로 정하도록 규율권한을 넘긴다.
P03168,"① 일반학교의 장은 법 제21조제3항에 따라 통합교육을 실시하는 경우에는 특수교육대상자의 교내 이동이 쉽고, 세면장ㆍ화장실 등과 가까운 곳에 위치한 66제곱미터 이상의 교실에 특수학급을 설치하여야 한다. 다만, 배치된 특수교육대상자의 수 및 그 학교의 여건 등을 고려하여 시ㆍ도 조례로 정하는 바에 따라 44제곱미터 이상의 교실에 학급을 설치할 수 있다.",위임,조례,4,단서에서 교실 면적 기준 예외를 시·도 조례로 정하도록 규율권한을 넘긴다.
P03169,"① 일반학교의 장은 법 제21조제3항에 따라 통합교육을 실시하는 경우에는 특수교육대상자의 교내 이동이 쉽고, 세면장ㆍ화장실 등과 가까운 곳에 위치한 66제곱미터 이상의 교실에 특수학급을 설치하여야 한다. 다만, 배치된 특수교육대상자의 수 및 그 학교의 여건 등을 고려하여 시ㆍ도 조례로 정하는 바에 따라 44제곱미터 이상의 교실에 학급을 설치할 수 있다.",위임,조례,4,단서에서 특수학급 교실 면적 기준의 예외를 시·도 조례로 정하도록 규율권한을 넘긴다.
P03170,"① 일반학교의 장은 법 제21조제3항에 따라 통합교육을 실시하는 경우에는 특수교육대상자의 교내 이동이 쉽고, 세면장ㆍ화장실 등과 가까운 곳에 위치한 66제곱미터 이상의 교실에 특수학급을 설치하여야 한다. 다만, 배치된 특수교육대상자의 수 및 그 학교의 여건 등을 고려하여 시ㆍ도 조례로 정하는 바에 따라 44제곱미터 이상의 교실에 학급을 설치할 수 있다.",위임,조례,4,단서에서 특수학급 설치 기준의 예외를 시·도 조례로 정하도록 규율권한을 넘긴다.
P03171,"① 일반학교의 장은 법 제21조제3항에 따라 통합교육을 실시하는 경우에는 특수교육대상자의 교내 이동이 쉽고, 세면장ㆍ화장실 등과 가까운 곳에 위치한 66제곱미터 이상의 교실에 특수학급을 설치하여야 한다. 다만, 배치된 특수교육대상자의 수 및 그 학교의 여건 등을 고려하여 시ㆍ도 조례로 정하는 바에 따라 44제곱미터 이상의 교실에 학급을 설치할 수 있다.",위임,조례,4,단서에서 특수학급 교실 면적 기준을 시·도 조례로 정하도록 규율권한을 넘긴다.
P03172,역할 및 자격은 교육부령으로 정하고,위임,부령,5,지원인력의 역할·자격에 관한 규율권한을 교육부령에 넘기는 위임 문언이다.
P03173,② 공립 및 사립학교의 기숙사 시설·설비 기준은 시·도 교육규칙으로 정한다.,위임,교육규칙,5,기숙사 시설·설비 기준을 시·도 교육규칙에 정하도록 규율권한을 넘긴다.
P03174,② 공립 및 사립학교의 기숙사 시설·설비 기준은 시·도 교육규칙으로 정한다.,위임,교육규칙,5,기숙사 시설·설비 기준을 시·도 교육규칙에 정하도록 규율권한을 넘긴다.
P03175,② 공립 및 사립학교의 기숙사 시설·설비 기준은 시·도 교육규칙으로 정한다.,위임,교육규칙,5,기숙사 시설·설비 기준을 시·도 교육규칙에 정하도록 규율권한을 넘긴다.
P03176,② 공립 및 사립학교의 기숙사 시설·설비 기준은 시·도 교육규칙으로 정한다.,위임,교육규칙,5,기숙사 시설·설비 기준을 시·도 교육규칙에 정하도록 규율권한을 넘긴다.
P03177,② 공립 및 사립학교의 기숙사 시설·설비 기준은 시·도 교육규칙으로 정한다.,위임,교육규칙,5,기숙사 시설·설비 기준을 시·도 교육규칙으로 정하도록 규율권한을 넘긴다.
P03178,② 공립 및 사립학교의 기숙사 시설·설비 기준은 시·도 교육규칙으로 정한다.,위임,교육규칙,5,기숙사 시설·설비 기준을 시·도 교육규칙에 정하도록 규율권한을 넘긴다.
P03179,② 공립 및 사립학교의 기숙사 시설·설비 기준은 시·도 교육규칙으로 정한다.,위임,교육규칙,5,기숙사 시설·설비 기준을 시·도 교육규칙으로 정하도록 규율권한을 넘긴다.
P03180,교육부령으로 정한다,위임,부령,4,'교육부령으로 정한다'는 종결형으로 부령에 규율권한을 넘기는 위임이다.
P03181,교육부령으로 정한다,위임,부령,4,심사청구 절차에 관한 사항을 교육부령에 넘기는 종결형 위임이다.
P03182,교육부령,판단불가,미특정,4,문장이 '교육부령'이라는 단어만으로 잘려 있어 위임 여부를 판정할 수 없다.
P03183,필요한 사항은 교육부령으로 정한다,위임,부령,5,문말 종결형 '교육부령으로 정한다'로 부령에 규율권한을 넘기는 위임이다.
P03184,필요한 사항은 교육부령으로,판단불가,부령,3,문장이 종결부 없이 잘려 있어 위임 종결인지 기존 규범 인용인지 확정할 수 없다.
P03185,필요한 사항은 교육부령으로,판단불가,부령,3,문말 서술어가 잘려 규율권한 이전 여부를 확정할 수 없으나 '교육부령으로'라는 부령 표지가 나타난다.
P03186,필요한 사항은 교육부령으로,판단불가,부령,2,문장이 중간에 끊겨 종결형이 없어 위임 여부를 확정할 수 없으나 표지어구는 교육부령(부령)이다.
P03187,필요한 사항은 교육부령으로,판단불가,부령,3,문장이 종결부 없이 잘려 위임 여부를 확정할 수 없으나 문언상 교육부령이 명시되어 있다.
P03188,필요한 사항은 교육부령으로,판단불가,부령,3,문장이 종결부 없이 잘려 위임 여부를 확정할 수 없으나 표지어구로 교육부령이 지목되어 있다.
P03189,필요한 사항은 교육부령으로,판단불가,부령,3,문장이 종결부 없이 잘려 있어 위임 종결 여부를 확정할 수 없으나 표지어구상 교육부령(부령)이 지시되어 있다.
P03190,필요한 사항은 교육부령으로,판단불가,부령,2,문장이 서술어 없이 잘려 있어 위임 종결 여부를 확정할 수 없으나 표지어구는 교육부령이다.
P03191,필요한 사항은 교육부령으로,판단불가,해당없음,3,문장이 서술어 없이 잘려 있어 위임 종결 여부를 확정할 수 없으나 표지어구로 교육부령이 지시된다.
P03192,교육부령으로 정하는,판단불가,부령,3,문장이 '교육부령으로 정하는'에서 잘려 무엇을 정하도록 하는지 확인할 수 없어 위임 여부를 확정하기 어렵다.
P03193,대통령령으로 정하는 사항,위임,대통령령,4,호 형태의 단편이지만 '대통령령으로 정하는 사항'으로 규율권한을 대통령령에 넘기는 부분 위임이다.
P03194,필요한 사항은 교육부령으로,위임,부령,3,문말이 잘렸으나 '필요한 사항은 교육부령으로'라는 문언상 교육부령에 규율권한을 넘기는 위임으로 판단된다.
P03195,필요한 사항은 대통령령으로,판단불가,대통령령,3,문장이 서술어 없이 잘려 있어 위임 종결 여부를 확정할 수 없으나 대통령령이 표지어구로 나타난다.
P03196,대통령령으로 정한다,위임,대통령령,4,'대통령령으로 정한다'는 종결형으로 대통령령에 규율권한을 넘기는 위임이다.
P03197,대통령령으로 정하는,판단불가,미특정,4,문장이 '대통령령으로 정하는'에서 잘려 무엇을 위임하는지 확인할 수 없다.
P03198,대통령령으로 정한다,위임,대통령령,5,문말 '대통령령으로 정한다'는 대통령령에 규율권한을 넘기는 위임이다.
P03199,대통령령으로 정한다,위임,대통령령,5,'대통령령으로 정한다'는 종결형으로 대통령령에 규율권한을 넘기는 위임이다.
P03200,대통령령으로 정한다,위임,대통령령,4,'대통령령으로 정한다'는 종결형으로 대통령령에 규율권한을 넘기는 위임이다.
P03201,대통령령으로 정하는,판단불가,대통령령,2,문장이 '대통령령으로 정하는'에서 잘려 규율권한 이전 여부를 확정할 수 없으나 표지어구상 법형식은 대통령령이다.
P03202,대통령령으로 정하는,판단불가,해당없음,3,'대통령령으로 정하는'에서 문장이 잘려 무엇을 정하도록 하는지 확인할 수 없어 위임 여부를 확정할 수 없다.
P03203,대통령령으로 정하는,판단불가,대통령령,3,문장이 '대통령령으로 정하는'에서 잘려 서술어가 없어 위임 여부를 확정할 수 없다.
P03204,교육부령으로 정하는 기준에 따라,위임,부령,3,문장이 불완전하지만 '교육부령으로 정하는 기준'이라는 부분 위임 문언이 명확하다.
P03205,필요한 범위에서 교육부령으로 정하는 사항,위임,부령,4,'교육부령으로 정하는 사항'이라는 부분 위임 문언으로 교육부령에 규율권한을 넘긴다.
P03206,교육부령에서 정하는 바에 따라 발전기금을,판단불가,부령,3,문장이 중간에 잘려 종결부가 없어 위임 여부를 확정할 수 없으나 표지어구는 교육부령이다.
P03207,필요한 사항은 교육부령으로 정한다,위임,부령,5,문말 종결형으로 교육부령(부령)에 규율권한을 넘기는 위임이다.
P03208,필요한 사항은 교육부령으로 정한다,위임,부령,5,문말 종결형으로 교육부령에 규율권한을 넘기는 위임이다.
P03209,필요한 사항은 교육부령으로 정한다,위임,부령,5,필요한 사항의 규율권한을 교육부령에 넘기는 위임 규정이다.
P03210,필요한 사항은 교육부령으로 정한다,위임,부령,5,문말 종결형으로 교육부령에 규율권한을 넘기는 위임이다.
P03211,필요한 사항은 교육부령으로 정한다,위임,부령,5,문말 종결형으로 교육부령(부령)에 필요한 사항의 규율권한을 넘긴다.
P03212,필요한 사항은 교육부령으로 정한다,위임,부령,5,문말 종결형으로 교육부령에 필요한 사항의 규율권한을 넘긴다.
P03213,필요한 사항은 교육부령으로 정한다,위임,부령,5,필요한 사항의 규율권한을 교육부령에 넘기는 위임 종결문이다.
P03214,필요한 사항은 교육부령으로 정한다,위임,부령,5,문말 종결형으로 교육부령에 규율권한을 넘기는 위임이다.
P03215,필요한 사항은 교육부령으로 정한다,위임,부령,5,문말 종결형으로 교육부령에 규율권한을 넘기는 위임 규정이다.
P03216,필요한 사항은 교육부령으로 정한다,위임,부령,5,문말 종결형으로 교육부령에 규율권한을 넘기는 위임이다.
P03217,필요한 사항은 교육부령으로 정한다,위임,부령,5,문말 종결형으로 교육부령(부령)에 필요한 사항의 규율권한을 넘긴다.
P03218,필요한 사항은 교육부령으로 정한다,위임,부령,5,문말 종결형으로 교육부령(부령)에 규율권한을 넘기는 위임이다.
P03219,인사관리에 관하여는 교육부령으로,판단불가,부령,3,문장이 종결되지 않고 잘려 있어 위임인지 인용인지 확정할 수 없으나 표지어구는 교육부령이다.
P03220,인사관리에 관하여는 교육부령으로,판단불가,부령,3,"문장이 서술어 없이 잘려 있어 위임 종결인지 확정할 수 없으나, 명시된 법형식은 교육부령(부령)이다."
P03221,인사관리에 관하여는 교육부령으로,판단불가,부령,3,문장이 '교육부령으로'에서 잘려 종결부(정한다/정한 바에 따른다)를 알 수 없어 위임·인용 판정이 불가하나 표시된 법형식은 부령이다.
P03222,인사관리에 관하여는 교육부령으로,판단불가,부령,3,문장이 종결되지 않고 잘려 있어 위임 여부를 확정할 수 없으나 명시된 법형식은 교육부령이다.
P03223,인사관리에 관하여는 교육부령으로,판단불가,부령,2,문장이 '교육부령으로'에서 잘려 종결 문언(정한다/정하는 바에 따른다)을 확인할 수 없어 위임 여부를 확정할 수 없다.
P03224,인사관리에 관하여는 교육부령으로,판단불가,부령,3,문장이 '교육부령으로'에서 잘려 서술어가 없어 위임 종결인지 확정할 수 없으나 표지어구는 교육부령이다.
P03225,인사관리에 관하여는 교육부령으로,판단불가,부령,3,문장이 서술어 없이 잘려 있어 위임 종결 여부를 확정할 수 없으나 표지어구상 교육부령이 지시되어 있다.
P03226,인사관리에 관하여는 교육부령으로,판단불가,부령,3,문장이 '교육부령으로'에서 끊겨 서술어가 없어 위임인지 인용인지 확정할 수 없다.
P03227,인사관리에 관하여는 교육부령으로,판단불가,부령,3,문장이 '교육부령으로'에서 절단되어 위임 종결인지 기존 규범 인용인지 확정할 수 없다.
P03228,인사관리에 관하여는 교육부령으로,판단불가,부령,3,문장이 종결되지 않고 잘려 있어 위임 여부를 확정할 수 없으나 문언상 교육부령(부령)이 지시되어 있다.
P03229,인사관리에 관하여는 교육부령으로,판단불가,부령,2,문장이 중간에 잘려 종결부(정한다/정하는 바에 따른다)가 없어 위임인지 인용인지 확정할 수 없으나 표지어구는 교육부령이다.
P03230,인사관리에 관하여는 교육부령으로,판단불가,부령,2,문장이 서술어 없이 잘려 있어 위임 종결 여부를 확정할 수 없으나 문언상 교육부령이 지정되어 있다.
P03231,인사관리에 관하여는 교육부령으로,판단불가,부령,3,문장이 '교육부령으로'에서 끊겨 정한다는 위임 종결인지 기존 규정 인용인지 확정할 수 없다.
P03232,인사관리에 관하여는 교육부령으로,판단불가,부령,3,문장이 '교육부령으로'에서 잘려 종결 서술어가 없어 위임 여부를 확정할 수 없으나 지정 법형식은 교육부령이다.
P03233,인사관리에 관하여는 교육부령으로,위임,부령,4,문말이 다소 잘렸으나 인사관리 사항을 교육부령으로 정하도록 규율권한을 넘기는 취지로 읽힌다.
P03234,인사관리에 관하여는 교육부령으로,판단불가,부령,2,문장이 '교육부령으로'에서 잘려 있어 위임 종결 여부를 확정할 수 없으나 표지어구는 교육부령(부령)이다.
P03235,인사관리에 관하여는 교육부령으로,판단불가,부령,2,문장이 '교육부령으로'에서 잘려 종결 문언(정한다/정하는 바에 따른다)이 없어 위임 여부를 확정할 수 없다.
P03236,인사관리에 관하여는 교육부령으로,판단불가,부령,3,문장이 '교육부령으로'에서 잘려 있어 위임 종결인지 인용인지 확정할 수 없으나 언급된 법형식은 교육부령이다.
P03237,인사관리에 관하여는 교육부령으로,판단불가,부령,2,문장이 중간에 잘려 종결부가 없어 위임 여부를 확정할 수 없으나 표지어구는 교육부령이다.
P03238,필요한 사항은 교육부령으로,위임,부령,3,문장이 종결부에서 잘렸으나 '필요한 사항은 교육부령으로'는 교육부령에 규율권한을 넘기는 위임 문형이다.
P03239,필요한 사항은 교육부령으로,판단불가,부령,2,문장이 종결부 없이 잘려 있어 위임 여부를 확정할 수 없으나 표지어구상 교육부령(부령)이 지시되어 있다.
P03240,필요한 사항은 교육부령으로,판단불가,부령,2,문장이 서술어 없이 잘려 있어 위임 종결 여부를 확정할 수 없으나 지정 형식은 교육부령(부령)으로 보인다.
P03241,필요한 사항은 교육부령으로,위임,부령,3,문장이 일부 잘렸으나 '필요한 사항은 교육부령으로'라는 문언은 교육부령(부령)에 대한 위임으로 판단된다.
P03242,필요한 사항은 교육부령으로,판단불가,미특정,3,문장이 중간에 잘려 서술어가 없어 위임 종결 여부를 확정할 수 없다.
P03243,필요한 사항은 교육부령으로,판단불가,미특정,2,문장이 중간에서 잘려 종결부가 없어 위임 여부를 확정할 수 없다.
P03244,필요한 사항은 교육부령으로,위임,부령,3,문장이 일부 잘렸으나 필요한 사항을 교육부령에 맡기는 위임 문언이 명백하다.
P03245,필요한 사항은 교육부령으로,판단불가,부령,3,문장이 종결부 없이 잘려 있어 위임 여부를 확정할 수 없으나 명시된 법형식은 교육부령이다.
P03246,필요한 사항은 교육부령으로,위임,부령,3,문장 말미가 잘렸으나 '필요한 사항은 교육부령으로 (정한다)'라는 부령 위임 문형으로 판단된다.
P03247,필요한 사항은 교육부령으로,판단불가,부령,3,문장이 중간에 잘려 종결부가 없어 위임 여부를 확정할 수 없다.
P03248,필요한 사항은 교육부령으로,위임,부령,3,문장이 일부 잘렸으나 '필요한 사항은 교육부령으로'는 교육부령에 규율권한을 넘기는 위임 문형이다.
P03249,필요한 사항은 교육부령으로,판단불가,부령,2,문장이 종결부 없이 잘려 있어 위임 종결 여부를 확정할 수 없으나 표지어구는 교육부령이다.
P03250,필요한 사항은 교육부령으로,판단불가,부령,3,문장이 '교육부령으로'에서 잘려 서술어가 없어 위임 종결 여부를 확정할 수 없다.
P03251,필요한 사항은 교육부령으로,판단불가,부령,2,문장이 중간에 잘려 종결부가 없어 위임 여부를 확정할 수 없다.
P03252,필요한 사항은 교육부령으로,판단불가,미특정,3,문장이 중간에 잘려 종결부가 없어 위임 여부를 확정할 수 없다.
P03253,필요한 사항은 교육부령으로,판단불가,부령,2,문장이 종결부 없이 잘려 있어 위임 여부를 확정할 수 없으나 문언상 교육부령(부령)을 지정하고 있다.
P03254,필요한 사항은 교육부령으로,판단불가,해당없음,3,문장이 종결부 없이 잘려 있어 위임 종결 여부를 확정할 수 없으나 표지어구로 교육부령이 지정되어 있다.
P03255,필요한 사항은 교육부령으로,판단불가,부령,2,문장이 종결부 없이 잘려 있어 위임 종결 여부를 확정할 수 없으나 표지어구는 교육부령(부령)이다.
P03256,대통령령으로 정하는,판단불가,해당없음,4,문장이 '대통령령으로 정하는'에서 끊겨 있어 위임 대상과 종결 구조를 확인할 수 없다.
P03257,"①교육감은 조례 또는 교육규칙으로 정하는 바에 따라 그 권한에 속하는 사무의 일부를 보조기관, 소속교육기관 또는 하급교육행정기관에 위임할 수 있다",위임,조례|교육규칙,5,사무 위임의 구체적 사항을 조례 또는 교육규칙에 맡기는 병기 위임이다.
P03258,③교육감은 조례 또는 교육규칙으로 정하는 바에 따라 그 권한에 속하는 사무 중 조사·검사·검정·관리 등 주민의 권리·의무와 직접 관계되지 아니하는 사무를 법인·단체 또는 그 기관이나 개인에게 위탁할 수 있다.,위임,조례|교육규칙,5,위탁의 구체적 사항을 조례 또는 교육규칙에 맡기는 부분 위임으로 두 법형식이 병기되었다.
P03259,③교육감은 조례 또는 교육규칙으로 정하는 바에 따라 그 권한에 속하는 사무 중 조사·검사·검정·관리 등 주민의 권리·의무와 직접 관계되지 아니하는 사무를 법인·단체 또는 그 기관이나 개인에게 위탁할 수 있다.,위임,조례|교육규칙,5,위탁의 구체적 사항을 조례 또는 교육규칙으로 정하도록 병기하여 위임한다.
P03260,"①교육감은 조례 또는 교육규칙으로 정하는 바에 따라 그 권한에 속하는 사무의 일부를 보조기관, 소속교육기관 또는 하급교육행정기관에 위임할 수 있다",위임,조례|교육규칙,4,사무 위임의 구체적 사항을 조례 또는 교육규칙으로 정하도록 병기하여 규율권한을 넘긴다.
P03261,"①교육감은 조례 또는 교육규칙으로 정하는 바에 따라 그 권한에 속하는 사무의 일부를 보조기관, 소속교육기관 또는 하급교육행정기관에 위임할 수 있다.",위임,조례|교육규칙,4,사무 위임의 구체적 사항을 조례 또는 교육규칙에 맡기는 부분 위임으로 두 법형식이 병기되었다.
P03262,③교육감은 조례 또는 교육규칙으로 정하는 바에 따라 그 권한에 속하는 사무 중 조사·검사·검정·관리 등 주민의 권리·의무와 직접 관계되지 아니하는 사무를 법인·단체 또는 그 기관이나 개인에게 위탁할 수 있다.,위임,조례|교육규칙,4,위탁의 구체적 사항을 조례 또는 교육규칙에 정하도록 규율권한을 넘긴다.
P03263,"①교육감은 조례 또는 교육규칙으로 정하는 바에 따라 그 권한에 속하는 사무의 일부를 보조기관, 소속교육기관 또는 하급교육행정기관에 위임할 수 있다.",위임,조례|교육규칙,4,사무 위임의 구체적 사항을 조례 또는 교육규칙에 맡기는 병기된 위임이다.
P03264,"①교육감은 조례 또는 교육규칙으로 정하는 바에 따라 그 권한에 속하는 사무의 일부를 보조기관, 소속교육기관 또는 하급교육행정기관에 위임할 수 있다",위임,조례|교육규칙,5,사무 위임의 구체적 사항을 조례 또는 교육규칙에 정하도록 규율권한을 넘긴다.
P03265,③교육감은 조례 또는 교육규칙으로 정하는 바에 따라 그 권한에 속하는 사무 중 조사·검사·검정·관리 등 주민의 권리·의무와 직접 관계되지 아니하는 사무를 법인·단체 또는 그 기관이나 개인에게 위탁할 수 있다.,위임,조례|교육규칙,4,위탁 사무의 구체적 사항을 조례 또는 교육규칙에 정하도록 병기하여 넘기는 위임이다.
P03266,"①교육감은 조례 또는 교육규칙으로 정하는 바에 따라 그 권한에 속하는 사무의 일부를 보조기관, 소속교육기관 또는 하급교육행정기관에 위임할 수 있다.",위임,조례|교육규칙,4,사무 위임의 구체적 사항을 조례 또는 교육규칙에 맡기는 병기 위임이다.
P03267,"①교육감은 조례 또는 교육규칙으로 정하는 바에 따라 그 권한에 속하는 사무의 일부를 보조기관, 소속교육기관 또는 하급교육행정기관에 위임할 수 있다",위임,조례|교육규칙,4,사무 위임의 구체적 사항을 조례 또는 교육규칙이 정하도록 규율권한을 넘기며 두 형식이 병기되었다.
P03268,③교육감은 조례 또는 교육규칙으로 정하는 바에 따라 그 권한에 속하는 사무 중 조사·검사·검정·관리 등 주민의 권리·의무와 직접 관계되지 아니하는 사무를 법인·단체 또는 그 기관이나 개인에게 위탁할 수 있다.,위임,조례|교육규칙,4,위탁 사무의 범위와 절차를 조례 또는 교육규칙에 정하도록 병기하여 규율권한을 넘긴다.
P03269,"①교육감은 조례 또는 교육규칙으로 정하는 바에 따라 그 권한에 속하는 사무의 일부를 보조기관, 소속교육기관 또는 하급교육행정기관에 위임할 수 있다.",위임,조례|교육규칙,4,사무 위임의 구체적 사항을 조례 또는 교육규칙에 맡기는 병기 위임이다.
P03270,"①교육감은 조례 또는 교육규칙으로 정하는 바에 따라 그 권한에 속하는 사무의 일부를 보조기관, 소속교육기관 또는 하급교육행정기관에 위임할 수 있다",위임,조례|교육규칙,4,사무 위임의 구체적 사항을 조례 또는 교육규칙에 정하도록 규율권한을 넘긴다.
P03271,③교육감은 조례 또는 교육규칙으로 정하는 바에 따라 그 권한에 속하는 사무 중 조사·검사·검정·관리 등 주민의 권리·의무와 직접 관계되지 아니하는 사무를 법인·단체 또는 그 기관이나 개인에게 위탁할 수 있다.,위임,조례|교육규칙,4,'조례 또는 교육규칙으로 정하는 바에 따라'로 위탁 사무의 구체적 규율을 두 하위 규범에 병기하여 맡긴 위임이다.
P03272,"①교육감은 조례 또는 교육규칙으로 정하는 바에 따라 그 권한에 속하는 사무의 일부를 보조기관, 소속교육기관 또는 하급교육행정기관에 위임할 수 있다.",위임,조례|교육규칙,4,사무 위임의 구체적 내용을 조례 또는 교육규칙에 정하도록 규율권한을 넘기며 두 법형식이 병기되었다.
P03273,"①교육감은 조례 또는 교육규칙으로 정하는 바에 따라 그 권한에 속하는 사무의 일부를 보조기관, 소속교육기관 또는 하급교육행정기관에 위임할 수 있다",위임,조례|교육규칙,5,사무 위임의 세부 사항을 조례 또는 교육규칙에 맡기는 병기 위임이다.
P03274,③교육감은 조례 또는 교육규칙으로 정하는 바에 따라 그 권한에 속하는 사무 중 조사·검사·검정·관리 등 주민의 권리·의무와 직접 관계되지 아니하는 사무를 법인·단체 또는 그 기관이나 개인에게 위탁할 수 있다.,위임,조례|교육규칙,5,위탁 사무의 범위·방법을 조례 또는 교육규칙에 정하도록 규율권한을 넘긴 부분 위임이다.
P03275,"①교육감은 조례 또는 교육규칙으로 정하는 바에 따라 그 권한에 속하는 사무의 일부를 보조기관, 소속교육기관 또는 하급교육행정기관에 위임할 수 있다.",위임,조례|교육규칙,4,사무 위임의 구체적 사항을 조례 또는 교육규칙에 맡기는 병기 위임이다.
P03276,"①교육감은 조례 또는 교육규칙으로 정하는 바에 따라 그 권한에 속하는 사무의 일부를 보조기관, 소속교육기관 또는 하급교육행정기관에 위임할 수 있다",위임,조례|교육규칙,5,사무 위임의 구체적 사항을 조례 또는 교육규칙에 맡기는 병기된 위임이다.
P03277,"①교육감은 조례 또는 교육규칙으로 정하는 바에 따라 그 권한에 속하는 사무의 일부를 보조기관, 소속교육기관 또는 하급교육행정기관에 위임할 수 있다.",위임,조례|교육규칙,4,사무 위임의 구체적 사항을 조례 또는 교육규칙에 정하도록 병기하여 규율권한을 넘긴다.
P03278,③교육감은 조례 또는 교육규칙으로 정하는 바에 따라 그 권한에 속하는 사무 중 조사·검사·검정·관리 등 주민의 권리·의무와 직접 관계되지 아니하는 사무를 법인·단체 또는 그 기관이나 개인에게 위탁할 수 있다.,위임,조례|교육규칙,4,위탁의 구체적 사항을 조례 또는 교육규칙에 맡기는 부분 위임이며 두 법형식이 병기되었다.
P03279,"①교육감은 조례 또는 교육규칙으로 정하는 바에 따라 그 권한에 속하는 사무의 일부를 보조기관, 소속교육기관 또는 하급교육행정기관에 위임할 수 있다",위임,조례|교육규칙,5,사무 위임의 구체적 사항을 조례 또는 교육규칙에 맡기는 병기 위임이다.
P03280,"①교육감은 조례 또는 교육규칙으로 정하는 바에 따라 그 권한에 속하는 사무의 일부를 보조기관, 소속교육기관 또는 하급교육행정기관에 위임할 수 있다.",위임,조례|교육규칙,4,사무 위임의 구체적 사항을 조례 또는 교육규칙에 정하도록 병기하여 규율권한을 넘긴다.
P03281,③교육감은 조례 또는 교육규칙으로 정하는 바에 따라 그 권한에 속하는 사무 중 조사·검사·검정·관리 등 주민의 권리·의무와 직접 관계되지 아니하는 사무를 법인·단체 또는 그 기관이나 개인에게 위탁할 수 있다.,위임,조례|교육규칙,5,위탁의 구체적 사항을 조례 또는 교육규칙에 정하도록 규율권한을 넘기는 부분 위임이다.
P03282,"①교육감은 조례 또는 교육규칙으로 정하는 바에 따라 그 권한에 속하는 사무의 일부를 보조기관, 소속교육기관 또는 하급교육행정기관에 위임할 수 있다",위임,조례|교육규칙,4,사무 위임의 구체적 사항을 조례 또는 교육규칙에 맡기는 병기 위임이다.
P03283,"①교육감은 조례 또는 교육규칙으로 정하는 바에 따라 그 권한에 속하는 사무의 일부를 보조기관, 소속교육기관 또는 하급교육행정기관에 위임할 수 있다.",위임,조례|교육규칙,4,사무 위임의 구체적 사항을 조례 또는 교육규칙에 맡기는 병기 위임이다.
P03284,③교육감은 조례 또는 교육규칙으로 정하는 바에 따라 그 권한에 속하는 사무 중 조사·검사·검정·관리 등 주민의 권리·의무와 직접 관계되지 아니하는 사무를 법인·단체 또는 그 기관이나 개인에게 위탁할 수 있다.,위임,조례|교육규칙,4,위탁의 구체적 사항을 조례 또는 교육규칙에 맡기는 병기 위임이다.
P03285,"①교육감은 조례 또는 교육규칙으로 정하는 바에 따라 그 권한에 속하는 사무의 일부를 보조기관, 소속교육기관 또는 하급교육행정기관에 위임할 수 있다.",위임,조례|교육규칙,4,사무 위임의 구체적 사항을 조례 또는 교육규칙에서 정하도록 규율권한을 넘기며 두 법형식이 병기되어 있다.
P03286,"①교육감은 조례 또는 교육규칙으로 정하는 바에 따라 그 권한에 속하는 사무의 일부를 보조기관, 소속교육기관 또는 하급교육행정기관에 위임할 수 있다",위임,조례|교육규칙,4,권한 위임의 세부사항을 조례 또는 교육규칙에 맡기는 부분 위임이다.
P03287,③교육감은 조례 또는 교육규칙으로 정하는 바에 따라 그 권한에 속하는 사무 중 조사·검사·검정·관리 등 주민의 권리·의무와 직접 관계되지 아니하는 사무를 법인·단체 또는 그 기관이나 개인에게 위탁할 수 있다.,위임,조례|교육규칙,4,위탁의 기준·절차를 조례 또는 교육규칙에 정하도록 병기하여 규율권한을 넘긴다.
P03288,"①교육감은 조례 또는 교육규칙으로 정하는 바에 따라 그 권한에 속하는 사무의 일부를 보조기관, 소속교육기관 또는 하급교육행정기관에 위임할 수 있다",위임,조례|교육규칙,5,사무 위임의 구체적 사항을 조례 또는 교육규칙에 넘기는 병기 위임이다.
P03289,"①교육감은 조례 또는 교육규칙으로 정하는 바에 따라 그 권한에 속하는 사무의 일부를 보조기관, 소속교육기관 또는 하급교육행정기관에 위임할 수 있다.",위임,조례|교육규칙,4,사무 위임의 구체적 사항을 조례 또는 교육규칙에 맡기는 병기 위임이다.
P03290,③교육감은 조례 또는 교육규칙으로 정하는 바에 따라 그 권한에 속하는 사무 중 조사·검사·검정·관리 등 주민의 권리·의무와 직접 관계되지 아니하는 사무를 법인·단체 또는 그 기관이나 개인에게 위탁할 수 있다.,위임,조례|교육규칙,5,위탁의 구체적 사항을 조례 또는 교육규칙에 정하도록 규율권한을 넘긴다.
P03291,"①교육감은 조례 또는 교육규칙으로 정하는 바에 따라 그 권한에 속하는 사무의 일부를 보조기관, 소속교육기관 또는 하급교육행정기관에 위임할 수 있다.",위임,조례|교육규칙,4,사무 위임의 구체적 사항을 조례 또는 교육규칙에 정하도록 규율권한을 넘기며 두 법형식이 병기되었다.
P03292,"①교육감은 조례 또는 교육규칙으로 정하는 바에 따라 그 권한에 속하는 사무의 일부를 보조기관, 소속교육기관 또는 하급교육행정기관에 위임할 수 있다",위임,조례|교육규칙,5,사무 위임의 구체적 사항을 조례 또는 교육규칙에 맡기는 병기 위임이다.
P03293,③교육감은 조례 또는 교육규칙으로 정하는 바에 따라 그 권한에 속하는 사무 중 조사·검사·검정·관리 등 주민의 권리·의무와 직접 관계되지 아니하는 사무를 법인·단체 또는 그 기관이나 개인에게 위탁할 수 있다.,위임,조례|교육규칙,5,위탁의 구체적 사항을 조례 또는 교육규칙으로 정하도록 규율권한을 넘기며 두 법형식이 병기되었다.
P03294,③교육감은 조례 또는 교육규칙으로 정하는 바에 따라 그 권한에 속하는 사무 중 조사·검사·검정·관리 등 주민의 권리·의무와 직접 관계되지 아니하는 사무를 법인·단체 또는 그 기관이나 개인에게 위탁할 수 있다.,위임,조례|교육규칙,5,위탁의 구체적 사항을 조례 또는 교육규칙에 정하도록 규율권한을 넘기는 부분 위임이다.
P03295,"①교육감은 조례 또는 교육규칙으로 정하는 바에 따라 그 권한에 속하는 사무의 일부를 보조기관, 소속교육기관 또는 하급교육행정기관에 위임할 수 있다.",위임,조례|교육규칙,4,사무 위임의 구체적 사항을 조례 또는 교육규칙에 정하도록 규율권한을 넘기며 두 법형식이 병기되었다.
P03296,"①교육감은 조례 또는 교육규칙으로 정하는 바에 따라 그 권한에 속하는 사무의 일부를 보조기관, 소속교육기관 또는 하급교육행정기관에 위임할 수 있다",위임,조례|교육규칙,4,'조례 또는 교육규칙으로 정하는 바에 따라'로 위임 사무의 구체적 내용을 하위 자치규범에 맡기고 있어 병기된 두 형식을 나열한다.
P03297,③교육감은 조례 또는 교육규칙으로 정하는 바에 따라 그 권한에 속하는 사무 중 조사·검사·검정·관리 등 주민의 권리·의무와 직접 관계되지 아니하는 사무를 법인·단체 또는 그 기관이나 개인에게 위탁할 수 있다.,위임,조례|교육규칙,4,위탁의 구체적 사항을 조례 또는 교육규칙에 맡기는 병기 위임이다.
P03298,"①교육감은 조례 또는 교육규칙으로 정하는 바에 따라 그 권한에 속하는 사무의 일부를 보조기관, 소속교육기관 또는 하급교육행정기관에 위임할 수 있다.",위임,조례|교육규칙,4,사무 위임의 구체적 사항을 조례 또는 교육규칙에 맡기는 병기 위임이다.
P03299,"①교육감은 조례 또는 교육규칙으로 정하는 바에 따라 그 권한에 속하는 사무의 일부를 보조기관, 소속교육기관 또는 하급교육행정기관에 위임할 수 있다",위임,조례|교육규칙,4,사무 위임의 구체적 사항을 조례 또는 교육규칙에 맡기는 병기 위임이다.
P03300,③교육감은 조례 또는 교육규칙으로 정하는 바에 따라 그 권한에 속하는 사무 중 조사·검사·검정·관리 등 주민의 권리·의무와 직접 관계되지 아니하는 사무를 법인·단체 또는 그 기관이나 개인에게 위탁할 수 있다.,위임,조례|교육규칙,5,위탁 사무의 세부 사항을 조례 또는 교육규칙에서 정하도록 규율권한을 넘기고 있다.
P03301,"①교육감은 조례 또는 교육규칙으로 정하는 바에 따라 그 권한에 속하는 사무의 일부를 보조기관, 소속교육기관 또는 하급교육행정기관에 위임할 수 있다",위임,조례|교육규칙,4,사무 위임의 구체적 사항을 조례 또는 교육규칙에 맡기는 병기 위임이다.
P03302,"①교육감은 조례 또는 교육규칙으로 정하는 바에 따라 그 권한에 속하는 사무의 일부를 보조기관, 소속교육기관 또는 하급교육행정기관에 위임할 수 있다.",위임,조례|교육규칙,4,사무 위임의 구체적 사항을 조례 또는 교육규칙에 정하도록 병기하여 규율권한을 넘긴다.
P03303,③교육감은 조례 또는 교육규칙으로 정하는 바에 따라 그 권한에 속하는 사무 중 조사·검사·검정·관리 등 주민의 권리·의무와 직접 관계되지 아니하는 사무를 법인·단체 또는 그 기관이나 개인에게 위탁할 수 있다.,위임,조례|교육규칙,5,위탁의 구체적 사항을 조례 또는 교육규칙에 정하도록 규율권한을 넘기는 부분 위임이다.
P03304,"①교육감은 조례 또는 교육규칙으로 정하는 바에 따라 그 권한에 속하는 사무의 일부를 보조기관, 소속교육기관 또는 하급교육행정기관에 위임할 수 있다.",위임,조례|교육규칙,4,사무 위임의 세부사항을 조례 또는 교육규칙에 맡기는 병기 위임이다.
P03305,"①교육감은 조례 또는 교육규칙으로 정하는 바에 따라 그 권한에 속하는 사무의 일부를 보조기관, 소속교육기관 또는 하급교육행정기관에 위임할 수 있다",위임,조례|교육규칙,4,'조례 또는 교육규칙으로 정하는 바에 따라'는 위임 사무의 구체적 범위를 두 하위 규범에 넘기는 위임이다.
P03306,③교육감은 조례 또는 교육규칙으로 정하는 바에 따라 그 권한에 속하는 사무 중 조사·검사·검정·관리 등 주민의 권리·의무와 직접 관계되지 아니하는 사무를 법인·단체 또는 그 기관이나 개인에게 위탁할 수 있다.,위임,조례|교육규칙,4,'조례 또는 교육규칙으로 정하는 바에 따라'로 위탁 사무의 구체적 규율을 두 하위 규범에 병기하여 넘긴다.
P03307,"①교육감은 조례 또는 교육규칙으로 정하는 바에 따라 그 권한에 속하는 사무의 일부를 보조기관, 소속교육기관 또는 하급교육행정기관에 위임할 수 있다",위임,조례|교육규칙,4,'조례 또는 교육규칙으로 정하는 바에 따라'로 사무 위임의 구체적 사항을 두 하위 규범에 넘기는 위임이다.
P03308,"①교육감은 조례 또는 교육규칙으로 정하는 바에 따라 그 권한에 속하는 사무의 일부를 보조기관, 소속교육기관 또는 하급교육행정기관에 위임할 수 있다.",위임,조례|교육규칙,4,사무 위임의 구체적 사항을 조례 또는 교육규칙에 정하도록 규율권한을 넘기며 두 법형식이 병기되어 있다.
P03309,① 시·도의회의 교육·학예에 관한 사무를 처리하기 위하여 조례로 정하는 바에 따라 시·도의회의 사무처에 지원조직과 사무직원을 둔다.,위임,조례,5,지원조직과 사무직원 설치에 관한 사항을 조례로 정하도록 규율권한을 넘긴다.
P03310,① 시·도의회의 교육·학예에 관한 사무를 처리하기 위하여 조례로 정하는 바에 따라 시·도의회의 사무처에 지원조직과 사무직원을 둔다.,위임,조례,5,지원조직과 사무직원에 관한 사항을 조례로 정하도록 규율권한을 넘긴다.
P03311,① 시·도의회의 교육·학예에 관한 사무를 처리하기 위하여 조례로 정하는 바에 따라 시·도의회의 사무처에 지원조직과 사무직원을 둔다.,위임,조례,5,지원조직과 사무직원에 관한 사항을 조례로 정하도록 규율권한을 넘긴다.
P03312,① 시·도의회의 교육·학예에 관한 사무를 처리하기 위하여 조례로 정하는 바에 따라 시·도의회의 사무처에 지원조직과 사무직원을 둔다.,위임,조례,5,지원조직과 사무직원에 관한 사항을 조례로 정하도록 규율권한을 넘긴다.
P03313,① 시·도의회의 교육·학예에 관한 사무를 처리하기 위하여 조례로 정하는 바에 따라 시·도의회의 사무처에 지원조직과 사무직원을 둔다.,위임,조례,5,지원조직과 사무직원에 관한 사항을 조례로 정하도록 규율권한을 넘긴다.
P03314,① 시·도의회의 교육·학예에 관한 사무를 처리하기 위하여 조례로 정하는 바에 따라 시·도의회의 사무처에 지원조직과 사무직원을 둔다.,위임,조례,5,지원조직과 사무직원에 관한 사항을 조례로 정하도록 규율권한을 넘긴다.
P03315,① 시·도의회의 교육·학예에 관한 사무를 처리하기 위하여 조례로 정하는 바에 따라 시·도의회의 사무처에 지원조직과 사무직원을 둔다.,위임,조례,5,지원조직과 사무직원 설치에 관한 사항을 조례로 정하도록 규율권한을 넘긴다.
P03316,① 시·도의회의 교육·학예에 관한 사무를 처리하기 위하여 조례로 정하는 바에 따라 시·도의회의 사무처에 지원조직과 사무직원을 둔다.,위임,조례,5,지원조직과 사무직원에 관한 사항을 조례로 정하도록 규율권한을 넘긴다.
P03317,① 시·도의회의 교육·학예에 관한 사무를 처리하기 위하여 조례로 정하는 바에 따라 시·도의회의 사무처에 지원조직과 사무직원을 둔다.,위임,조례,5,지원조직과 사무직원에 관한 사항을 조례로 정하도록 규율권한을 넘긴다.
P03318,① 시·도의회의 교육·학예에 관한 사무를 처리하기 위하여 조례로 정하는 바에 따라 시·도의회의 사무처에 지원조직과 사무직원을 둔다.,위임,조례,4,지원조직과 사무직원의 설치에 관한 사항을 조례로 정하도록 규율권한을 넘긴다.
P03319,① 시·도의회의 교육·학예에 관한 사무를 처리하기 위하여 조례로 정하는 바에 따라 시·도의회의 사무처에 지원조직과 사무직원을 둔다.,위임,조례,5,지원조직과 사무직원 설치에 관한 사항을 조례로 정하도록 규율권한을 넘긴다.
P03320,① 시·도의회의 교육·학예에 관한 사무를 처리하기 위하여 조례로 정하는 바에 따라 시·도의회의 사무처에 지원조직과 사무직원을 둔다.,위임,조례,5,지원조직과 사무직원 설치에 관한 사항을 조례에 위임한다.
P03321,① 시·도의회의 교육·학예에 관한 사무를 처리하기 위하여 조례로 정하는 바에 따라 시·도의회의 사무처에 지원조직과 사무직원을 둔다.,위임,조례,5,지원조직과 사무직원 설치에 관한 사항을 조례로 정하도록 규율권한을 넘긴다.
P03322,① 시·도의회의 교육·학예에 관한 사무를 처리하기 위하여 조례로 정하는 바에 따라 시·도의회의 사무처에 지원조직과 사무직원을 둔다.,위임,조례,5,지원조직과 사무직원에 관한 사항을 조례로 정하도록 규율권한을 넘긴다.
P03323,① 시·도의회의 교육·학예에 관한 사무를 처리하기 위하여 조례로 정하는 바에 따라 시·도의회의 사무처에 지원조직과 사무직원을 둔다.,위임,조례,5,지원조직과 사무직원 설치에 관한 사항을 조례로 정하도록 규율권한을 넘긴다.
P03324,대통령령으로 정하는,판단불가,미특정,4,문장이 '대통령령으로 정하는'에서 잘려 규율 대상과 종결 형태를 확인할 수 없다.
P03325,사항은 대통령령으로,판단불가,대통령령,3,문장이 중간에서 잘려 종결부가 없어 위임 여부를 확정할 수 없으나 표지어구로 대통령령이 나타난다.
P03326,대통령령으로 정한,판단불가,미특정,4,문장이 잘려 종결부와 목적어가 없어 위임인지 인용인지 판정할 수 없다.
P03327,대통령령으로 정한,판단불가,대통령령,3,문장이 '대통령령으로 정한'에서 잘려 위임인지 기존 규범 인용인지 확정할 수 없으나 명시된 법형식은 대통령령이다.
P03328,대통령령으로 정한,판단불가,미특정,4,문장이 '대통령령으로 정한'에서 잘려 있어 위임 종결인지 기존 규범 인용인지 판정할 수 없다.
P03329,"⑤교육감 소속하에 보조기관을 두되, 그 설치·운영 등에 관하여 필요한 사항은 대통령령으로 정한 범위 안에서 조례로 정한다.",위임,대통령령|조례,4,대통령령이 정한 범위 안에서 조례로 정하도록 규율권한을 넘기는 병기 위임이다.
P03330,"⑤교육감 소속하에 보조기관을 두되, 그 설치·운영 등에 관하여 필요한 사항은 대통령령으로 정한 범위 안에서 조례로 정한다.",위임,대통령령|조례,4,대통령령이 정한 범위 안에서 조례로 정하도록 규율권한을 넘기는 병기 위임이다.
P03331,"⑤교육감 소속하에 보조기관을 두되, 그 설치·운영 등에 관하여 필요한 사항은 대통령령으로 정한 범위 안에서 조례로 정한다.",위임,대통령령|조례,4,대통령령이 정한 범위 내에서 조례로 정하도록 두 법형식을 병기한 위임이다.
P03332,"⑤교육감 소속하에 보조기관을 두되, 그 설치·운영 등에 관하여 필요한 사항은 대통령령으로 정한 범위 안에서 조례로 정한다.",위임,대통령령|조례,4,대통령령이 정한 범위 안에서 조례로 정하도록 하는 병기 위임이다.
P03333,"⑤교육감 소속하에 보조기관을 두되, 그 설치·운영 등에 관하여 필요한 사항은 대통령령으로 정한 범위 안에서 조례로 정한다.",위임,대통령령|조례,4,대통령령으로 정한 범위 안에서 조례로 정하도록 하여 두 법형식이 병기된 위임이다.
P03334,"⑤교육감 소속하에 보조기관을 두되, 그 설치·운영 등에 관하여 필요한 사항은 대통령령으로 정한 범위 안에서 조례로 정한다.",위임,대통령령|조례,4,대통령령이 정한 범위 내에서 조례로 정하도록 하는 병기 위임이다.
P03335,"⑤교육감 소속하에 보조기관을 두되, 그 설치·운영 등에 관하여 필요한 사항은 대통령령으로 정한 범위 안에서 조례로 정한다.",위임,대통령령|조례,4,대통령령이 정한 범위 내에서 조례로 정하도록 두 법형식을 병기한 위임 규정이다.
P03336,"⑤교육감 소속하에 보조기관을 두되, 그 설치·운영 등에 관하여 필요한 사항은 대통령령으로 정한 범위 안에서 조례로 정한다.",위임,대통령령|조례,4,대통령령이 정한 범위 안에서 조례로 정하도록 하는 병기 위임이다.
P03337,"⑤교육감 소속하에 보조기관을 두되, 그 설치·운영 등에 관하여 필요한 사항은 대통령령으로 정한 범위 안에서 조례로 정한다.",위임,대통령령|조례,4,대통령령이 정한 범위 안에서 조례로 정하도록 하는 병기 위임이다.
P03338,"⑤교육감 소속하에 보조기관을 두되, 그 설치·운영 등에 관하여 필요한 사항은 대통령령으로 정한 범위 안에서 조례로 정한다.",위임,대통령령|조례,4,대통령령이 정한 범위 안에서 조례로 정하도록 규율권한을 넘기며 두 법형식이 병기되어 있다.
P03339,"⑤교육감 소속하에 보조기관을 두되, 그 설치·운영 등에 관하여 필요한 사항은 대통령령으로 정한 범위 안에서 조례로 정한다.",위임,대통령령|조례,4,대통령령으로 정한 범위 안에서 조례로 정하도록 두 법형식을 병기해 규율권한을 넘긴다.
P03340,"⑤교육감 소속하에 보조기관을 두되, 그 설치·운영 등에 관하여 필요한 사항은 대통령령으로 정한 범위 안에서 조례로 정한다.",위임,대통령령|조례,4,대통령령이 정한 범위 안에서 조례로 정하도록 하여 두 법형식이 병기된 위임이다.
P03341,"⑤교육감 소속하에 보조기관을 두되, 그 설치·운영 등에 관하여 필요한 사항은 대통령령으로 정한 범위 안에서 조례로 정한다.",위임,대통령령|조례,4,대통령령이 정한 범위 안에서 조례로 정하도록 두 법형식을 병기한 위임이다.
P03342,"⑤교육감 소속하에 보조기관을 두되, 그 설치·운영 등에 관하여 필요한 사항은 대통령령으로 정한 범위 안에서 조례로 정한다.",위임,대통령령|조례,4,대통령령으로 정한 범위 안에서 조례로 정하도록 규율권한을 넘기며 두 법형식이 병기되어 있다.
P03343,"⑤교육감 소속하에 보조기관을 두되, 그 설치·운영 등에 관하여 필요한 사항은 대통령령으로 정한 범위 안에서 조례로 정한다.",위임,대통령령|조례,4,대통령령으로 정한 범위 안에서 조례로 정하도록 하여 두 법형식이 병기된 위임이다.
P03344,"⑤교육감 소속하에 보조기관을 두되, 그 설치·운영 등에 관하여 필요한 사항은 대통령령으로 정한 범위 안에서 조례로 정한다.",위임,대통령령|조례,4,대통령령으로 정한 범위 안에서 조례로 정하도록 병기 위임한 규정이다.
P03345,필요한 때에는 대통령령,판단불가,해당없음,4,문장이 '필요한 때에는 대통령령'에서 중단되어 위임 여부와 대상 사항을 확인할 수 없다.
P03346,교육감은 그 소관 사무의 범위 안에서 필요한 때에는 대통령령 또는 조례로 정하는 바에 따라 교육기관을 설치할 수 있다.,위임,대통령령|조례,4,교육기관 설치에 관한 사항을 대통령령 또는 조례로 정하도록 병기하여 위임하고 있다.
P03347,교육감은 그 소관 사무의 범위 안에서 필요한 때에는 대통령령 또는 조례로 정하는 바에 따라 교육기관을 설치할 수 있다.,위임,대통령령|조례,4,교육기관 설치에 관한 사항을 대통령령과 조례에 병기하여 맡기는 부분 위임이다.
P03348,교육감은 그 소관 사무의 범위 안에서 필요한 때에는 대통령령 또는 조례로 정하는 바에 따라 교육기관을 설치할 수 있다.,위임,대통령령|조례,4,교육기관 설치에 관한 사항을 '대통령령 또는 조례로 정하는 바에 따라'라며 두 법형식에 규율권한을 넘기는 부분 위임이다.
P03349,교육감은 그 소관 사무의 범위 안에서 필요한 때에는 대통령령 또는 조례로 정하는 바에 따라 교육기관을 설치할 수 있다.,위임,대통령령|조례,4,교육기관 설치 방법을 대통령령 또는 조례가 정하도록 병기 위임하고 있다.
P03350,교육감은 그 소관 사무의 범위 안에서 필요한 때에는 대통령령 또는 조례로 정하는 바에 따라 교육기관을 설치할 수 있다.,위임,대통령령|조례,4,교육기관 설치의 기준·절차를 '대통령령 또는 조례로 정하는 바에 따라'로 두 법형식에 병기하여 위임하고 있다.
P03351,교육감은 그 소관 사무의 범위 안에서 필요한 때에는 대통령령 또는 조례로 정하는 바에 따라 교육기관을 설치할 수 있다.,위임,대통령령|조례,4,교육기관 설치 방법을 대통령령 또는 조례가 정하도록 병기 위임하고 있다.
P03352,교육감은 그 소관 사무의 범위 안에서 필요한 때에는 대통령령 또는 조례로 정하는 바에 따라 교육기관을 설치할 수 있다.,위임,대통령령|조례,4,교육기관 설치에 관한 사항을 대통령령 또는 조례가 정하도록 병기하여 규율권한을 넘긴다.
P03353,교육감은 그 소관 사무의 범위 안에서 필요한 때에는 대통령령 또는 조례로 정하는 바에 따라 교육기관을 설치할 수 있다.,위임,대통령령|조례,4,교육기관 설치에 관한 구체적 사항을 대통령령과 조례에 병기하여 맡기는 위임이다.
P03354,교육감은 그 소관 사무의 범위 안에서 필요한 때에는 대통령령 또는 조례로 정하는 바에 따라 교육기관을 설치할 수 있다.,위임,대통령령|조례,4,'대통령령 또는 조례로 정하는 바에 따라'로 교육기관 설치에 관한 규율권한을 두 법형식에 병기하여 넘긴다.
P03355,교육감은 그 소관 사무의 범위 안에서 필요한 때에는 대통령령 또는 조례로 정하는 바에 따라 교육기관을 설치할 수 있다.,위임,대통령령|조례,4,교육기관 설치에 관한 사항을 대통령령 또는 조례가 정하도록 병기하여 규율권한을 넘긴다.
P03356,교육감은 그 소관 사무의 범위 안에서 필요한 때에는 대통령령 또는 조례로 정하는 바에 따라 교육기관을 설치할 수 있다.,위임,대통령령|조례,4,교육기관 설치에 관한 사항을 대통령령 또는 조례에 정하도록 병기하여 규율권한을 넘긴다.
P03357,교육감은 그 소관 사무의 범위 안에서 필요한 때에는 대통령령 또는 조례로 정하는 바에 따라 교육기관을 설치할 수 있다.,위임,대통령령|조례,4,교육기관 설치에 관한 사항을 대통령령 또는 조례가 정하도록 병기 위임하고 있다.
P03358,교육감은 그 소관 사무의 범위 안에서 필요한 때에는 대통령령 또는 조례로 정하는 바에 따라 교육기관을 설치할 수 있다.,위임,대통령령|조례,4,교육기관 설치의 기준·절차를 대통령령 또는 조례에 맡기는 병기 위임이다.
P03359,교육감은 그 소관 사무의 범위 안에서 필요한 때에는 대통령령 또는 조례로 정하는 바에 따라 교육기관을 설치할 수 있다.,위임,대통령령|조례,4,'대통령령 또는 조례로 정하는 바에 따라'로 교육기관 설치에 관한 사항의 규율권한을 두 법형식에 병기하여 넘긴다.
P03360,교육감은 그 소관 사무의 범위 안에서 필요한 때에는 대통령령 또는 조례로 정하는 바에 따라 교육기관을 설치할 수 있다.,위임,대통령령|조례,4,교육기관 설치에 관한 사항을 대통령령과 조례에 병기하여 맡기는 부분 위임이다.
P03361,교육감은 그 소관 사무의 범위 안에서 필요한 때에는 대통령령 또는 조례로 정하는 바에 따라 교육기관을 설치할 수 있다.,위임,대통령령|조례,4,교육기관 설치에 관한 사항을 대통령령 또는 조례에 병기하여 맡기는 위임이다.
P03362,교육감은 그 소관 사무의 범위 안에서 필요한 때에는 대통령령 또는 조례로 정하는 바에 따라 교육기관을 설치할 수 있다.,위임,대통령령|조례,4,교육기관 설치에 관한 사항을 대통령령 또는 조례에 정하도록 병기하여 위임한다.
P03363,교육감은 그 소관 사무의 범위 안에서 필요한 때에는 대통령령 또는 조례로 정하는 바에 따라 교육기관을 설치할 수 있다.,위임,대통령령|조례,4,교육기관 설치 기준·절차를 대통령령 또는 조례가 정하도록 병기하여 규율권한을 넘기는 위임이다.
P03364,교육감은 그 소관 사무의 범위 안에서 필요한 때에는 대통령령 또는 조례로 정하는 바에 따라 교육기관을 설치할 수 있다.,위임,대통령령|조례,4,교육기관 설치에 관한 사항을 대통령령 또는 조례가 정하도록 병기하여 규율권한을 넘긴다.
P03365,교육감은 그 소관 사무의 범위 안에서 필요한 때에는 대통령령 또는 조례로 정하는 바에 따라 교육기관을 설치할 수 있다.,위임,대통령령|조례,4,교육기관 설치에 관한 사항을 '대통령령 또는 조례로 정하는 바에 따라'라며 두 법형식에 병기 위임하고 있다.
P03366,교육감은 그 소관 사무의 범위 안에서 필요한 때에는 대통령령 또는 조례로 정하는 바에 따라 교육기관을 설치할 수 있다.,위임,대통령령|조례,4,교육기관 설치 방법을 대통령령 또는 조례가 정하도록 병기하여 위임한다.
P03367,교육감은 그 소관 사무의 범위 안에서 필요한 때에는 대통령령 또는 조례로 정하는 바에 따라 교육기관을 설치할 수 있다.,위임,대통령령|조례,4,교육기관 설치에 관한 구체적 사항을 대통령령 또는 조례가 정하도록 병기하여 규율권한을 넘긴다.
P03368,교육감은 그 소관 사무의 범위 안에서 필요한 때에는 대통령령 또는 조례로 정하는 바에 따라 교육기관을 설치할 수 있다.,위임,대통령령|조례,4,교육기관 설치의 구체적 사항을 '대통령령 또는 조례로 정하는 바에 따라'로 하위 규범에 맡기는 병기 위임이다.
P03369,교육감은 그 소관 사무의 범위 안에서 필요한 때에는 대통령령 또는 조례로 정하는 바에 따라 교육기관을 설치할 수 있다.,위임,대통령령|조례,4,교육기관 설치의 기준·절차를 대통령령 또는 조례에 맡기는 병기 위임이다.
P03370,교육감은 그 소관 사무의 범위 안에서 필요한 때에는 대통령령 또는 조례로 정하는 바에 따라 교육기관을 설치할 수 있다.,위임,대통령령|조례,4,교육기관 설치의 구체적 사항을 대통령령 또는 조례에 맡기는 병기 위임이다.
P03371,교육감은 그 소관 사무의 범위 안에서 필요한 때에는 대통령령 또는 조례로 정하는 바에 따라 교육기관을 설치할 수 있다.,위임,대통령령|조례,4,교육기관 설치에 관한 사항을 '대통령령 또는 조례로 정하는 바에 따라'로 두 법형식에 병기 위임하고 있다.
P03372,교육감은 그 소관 사무의 범위 안에서 필요한 때에는 대통령령 또는 조례로 정하는 바에 따라 교육기관을 설치할 수 있다.,위임,대통령령|조례,4,교육기관 설치의 기준·절차를 대통령령 또는 조례에 맡기는 병기 위임이다.
P03373,교육감은 그 소관 사무의 범위 안에서 필요한 때에는 대통령령 또는 조례로 정하는 바에 따라 교육기관을 설치할 수 있다.,위임,대통령령|조례,4,교육기관 설치에 관한 사항을 대통령령 또는 조례가 정하도록 맡긴 병기형 위임이다.
P03374,교육감은 그 소관 사무의 범위 안에서 필요한 때에는 대통령령 또는 조례로 정하는 바에 따라 교육기관을 설치할 수 있다.,위임,대통령령|조례,4,교육기관 설치의 기준·절차를 대통령령 또는 조례에 맡기는 병기 위임이다.
P03375,교육감은 그 소관 사무의 범위 안에서 필요한 때에는 대통령령 또는 조례로 정하는 바에 따라 교육기관을 설치할 수 있다.,위임,대통령령|조례,4,교육기관 설치 절차·기준을 대통령령 또는 조례에 병기 위임하고 있다.
P03376,교육감은 그 소관 사무의 범위 안에서 필요한 때에는 대통령령 또는 조례로 정하는 바에 따라 교육기관을 설치할 수 있다.,위임,대통령령|조례,4,교육기관 설치에 관한 사항을 대통령령 또는 조례가 정하도록 병기하여 규율권한을 넘긴다.
P03377,대통령령으로 정하는,판단불가,해당없음,4,문장이 '대통령령으로 정하는'에서 잘려 있어 위임인지 인용인지 확정할 수 없다.
P03378,"①제30조제5항의 보조기관과 제32조의 교육기관 및 제34조의 하급교육행정기관에는 제38조의 규정에 따른 해당 시·도의 교육비특별회계가 부담하는 경비로써 지방공무원을 두되, 그 정원은 법령에서 정한 기준에 따라 조례로 정한다.",위임,조례,5,정원을 조례로 정하도록 규율권한을 넘기는 위임이다.
P03379,"①제30조제5항의 보조기관과 제32조의 교육기관 및 제34조의 하급교육행정기관에는 제38조의 규정에 따른 해당 시·도의 교육비특별회계가 부담하는 경비로써 지방공무원을 두되, 그 정원은 법령에서 정한 기준에 따라 조례로 정한다.",위임,조례,5,"정원을 조례로 정하도록 규율권한을 넘기며, '법령에서 정한 기준'은 기존 규범 인용이므로 법형식은 조례만이다."
P03380,"①제30조제5항의 보조기관과 제32조의 교육기관 및 제34조의 하급교육행정기관에는 제38조의 규정에 따른 해당 시·도의 교육비특별회계가 부담하는 경비로써 지방공무원을 두되, 그 정원은 법령에서 정한 기준에 따라 조례로 정한다.",위임,조례,4,정원 규율권한을 조례에 넘기는 위임이며 '법령에서 정한 기준'은 기존 규범 인용에 불과하다.
P03381,"①제30조제5항의 보조기관과 제32조의 교육기관 및 제34조의 하급교육행정기관에는 제38조의 규정에 따른 해당 시·도의 교육비특별회계가 부담하는 경비로써 지방공무원을 두되, 그 정원은 법령에서 정한 기준에 따라 조례로 정한다.",위임,조례,5,"정원을 조례로 정하도록 규율권한을 넘기며, 앞의 '법령에서 정한 기준'은 완료형 인용이므로 법형식은 조례만이다."
P03382,"①제30조제5항의 보조기관과 제32조의 교육기관 및 제34조의 하급교육행정기관에는 제38조의 규정에 따른 해당 시·도의 교육비특별회계가 부담하는 경비로써 지방공무원을 두되, 그 정원은 법령에서 정한 기준에 따라 조례로 정한다.",위임,조례,5,정원 규율권한을 조례에 넘기는 위임이며 '법령에서 정한 기준'은 완료형 인용이므로 법형식은 조례만 해당한다.
P03383,"①제30조제5항의 보조기관과 제32조의 교육기관 및 제34조의 하급교육행정기관에는 제38조의 규정에 따른 해당 시·도의 교육비특별회계가 부담하는 경비로써 지방공무원을 두되, 그 정원은 법령에서 정한 기준에 따라 조례로 정한다.",위임,조례,5,정원을 조례로 정하도록 규율권한을 넘기는 위임이다.
P03384,"①제30조제5항의 보조기관과 제32조의 교육기관 및 제34조의 하급교육행정기관에는 제38조의 규정에 따른 해당 시·도의 교육비특별회계가 부담하는 경비로써 지방공무원을 두되, 그 정원은 법령에서 정한 기준에 따라 조례로 정한다.",위임,조례,4,"정원을 조례로 정하도록 규율권한을 넘기며, '법령에서 정한 기준'은 완료형 인용이므로 법형식은 조례만 해당한다."
P03385,"①제30조제5항의 보조기관과 제32조의 교육기관 및 제34조의 하급교육행정기관에는 제38조의 규정에 따른 해당 시·도의 교육비특별회계가 부담하는 경비로써 지방공무원을 두되, 그 정원은 법령에서 정한 기준에 따라 조례로 정한다.",위임,조례,4,"정원 규율권한을 조례에 넘기며, '법령에서 정한 기준'은 완료형 인용이므로 법형식은 조례만 지정된다."
P03386,"①제30조제5항의 보조기관과 제32조의 교육기관 및 제34조의 하급교육행정기관에는 제38조의 규정에 따른 해당 시·도의 교육비특별회계가 부담하는 경비로써 지방공무원을 두되, 그 정원은 법령에서 정한 기준에 따라 조례로 정한다.",위임,조례,5,"정원을 조례로 정하도록 규율권한을 넘기며, 앞의 '법령에서 정한 기준'은 인용에 그친다."
P03387,"①제30조제5항의 보조기관과 제32조의 교육기관 및 제34조의 하급교육행정기관에는 제38조의 규정에 따른 해당 시·도의 교육비특별회계가 부담하는 경비로써 지방공무원을 두되, 그 정원은 법령에서 정한 기준에 따라 조례로 정한다.",위임,조례,5,"정원을 조례로 정하도록 규율권한을 넘기며, 앞의 '법령에서 정한 기준'은 인용에 그친다."
P03388,"①제30조제5항의 보조기관과 제32조의 교육기관 및 제34조의 하급교육행정기관에는 제38조의 규정에 따른 해당 시·도의 교육비특별회계가 부담하는 경비로써 지방공무원을 두되, 그 정원은 법령에서 정한 기준에 따라 조례로 정한다.",위임,조례,5,"정원을 조례로 정하도록 규율권한을 넘기며, '법령에서 정한 기준'은 기존 규범의 인용에 불과하다."
P03389,"①제30조제5항의 보조기관과 제32조의 교육기관 및 제34조의 하급교육행정기관에는 제38조의 규정에 따른 해당 시·도의 교육비특별회계가 부담하는 경비로써 지방공무원을 두되, 그 정원은 법령에서 정한 기준에 따라 조례로 정한다.",위임,조례,5,"정원을 조례로 정하도록 규율권한을 넘기고, '법령에서 정한 기준'은 기존 규범 인용에 불과하다."
P03390,"①제30조제5항의 보조기관과 제32조의 교육기관 및 제34조의 하급교육행정기관에는 제38조의 규정에 따른 해당 시·도의 교육비특별회계가 부담하는 경비로써 지방공무원을 두되, 그 정원은 법령에서 정한 기준에 따라 조례로 정한다.",위임,조례,5,"정원을 조례로 정하도록 규율권한을 넘기며, '법령에서 정한 기준'은 인용에 그친다."
P03391,"①제30조제5항의 보조기관과 제32조의 교육기관 및 제34조의 하급교육행정기관에는 제38조의 규정에 따른 해당 시·도의 교육비특별회계가 부담하는 경비로써 지방공무원을 두되, 그 정원은 법령에서 정한 기준에 따라 조례로 정한다.",위임,조례,5,정원 규율권한을 조례에 넘기는 위임이며 '법령에서 정한 기준'은 기존 규범 인용에 불과하다.
P03392,"①제30조제5항의 보조기관과 제32조의 교육기관 및 제34조의 하급교육행정기관에는 제38조의 규정에 따른 해당 시·도의 교육비특별회계가 부담하는 경비로써 지방공무원을 두되, 그 정원은 법령에서 정한 기준에 따라 조례로 정한다.",위임,조례,5,"정원을 조례로 정하도록 규율권한을 넘기며, '법령에서 정한 기준'은 인용에 불과하다."
P03393,대통령령으로 정하는 범위에서,판단불가,대통령령,2,문장이 종결되지 않은 조각으로 대통령령 표지는 있으나 후속 법형식(조례 등) 병기 여부를 확인할 수 없다.
P03394,대통령령으로 정하는 범위에서,판단불가,대통령령,2,문장이 '대통령령으로 정하는 범위에서'로 잘려 있어 뒤에 병기될 법형식(예: 조례)과 종결 구조를 확인할 수 없다.
P03395,대통령령으로 정하는 범위에서,위임,대통령령,3,문장이 단편이지만 '대통령령으로 정하는 범위에서'라는 위임 표지가 명확하여 대통령령 위임으로 본다(다만 뒤에 조례 등 병기 가능성 있음).
P03396,⑤교육지원청의 조직과 운영 등에 관하여 필요한 사항은 대통령령으로 정하는 범위에서 시ㆍ도의 조례로 정한다.,위임,대통령령|조례,5,대통령령이 정하는 범위 내에서 시·도 조례로 정하도록 두 법형식을 병기한 위임이다.
P03397,"②교육지원청의 관할구역과 위치는 시ㆍ도의 조례로 정하고, 명칭은 대통령령으로 정하는 범위에서 시ㆍ도의 조례로 정한다.",위임,조례|대통령령,5,"관할구역·위치는 조례에, 명칭은 대통령령이 정하는 범위 내에서 조례에 규율권한을 넘기는 병기 위임이다."
P03398,⑤교육지원청의 조직과 운영 등에 관하여 필요한 사항은 대통령령으로 정하는 범위에서 시ㆍ도의 조례로 정한다.,위임,대통령령|조례,5,대통령령이 정하는 범위 내에서 시·도 조례로 정하도록 두 법형식에 규율권한을 병기 위임한다.
P03399,"②교육지원청의 관할구역과 위치는 시ㆍ도의 조례로 정하고, 명칭은 대통령령으로 정하는 범위에서 시ㆍ도의 조례로 정한다.",위임,조례|대통령령,5,"관할구역·위치는 조례에, 명칭은 대통령령이 정하는 범위에서 조례에 규율권한을 넘기는 복수 법형식 병기 위임이다."
P03400,⑤교육지원청의 조직과 운영 등에 관하여 필요한 사항은 대통령령으로 정하는 범위에서 시ㆍ도의 조례로 정한다.,위임,대통령령|조례,5,대통령령이 정하는 범위에서 시·도 조례로 정하도록 두 법형식에 규율권한을 병기 위임한다.
P03401,"②교육지원청의 관할구역과 위치는 시ㆍ도의 조례로 정하고, 명칭은 대통령령으로 정하는 범위에서 시ㆍ도의 조례로 정한다.",위임,조례|대통령령,5,"관할구역·위치는 조례에, 명칭은 대통령령이 정하는 범위에서 조례에 규율권한을 넘기므로 두 법형식이 병기된 위임이다."
P03402,⑤교육지원청의 조직과 운영 등에 관하여 필요한 사항은 대통령령으로 정하는 범위에서 시ㆍ도의 조례로 정한다.,위임,대통령령|조례,5,대통령령이 정하는 범위 내에서 시·도 조례로 정하도록 두 법형식에 규율권한을 넘긴다.
P03403,"②교육지원청의 관할구역과 위치는 시ㆍ도의 조례로 정하고, 명칭은 대통령령으로 정하는 범위에서 시ㆍ도의 조례로 정한다.",위임,조례|대통령령,5,"관할구역·위치는 조례에, 명칭은 대통령령이 정하는 범위에서 조례로 정하도록 두 법형식에 규율권한을 넘긴다."
P03404,⑤교육지원청의 조직과 운영 등에 관하여 필요한 사항은 대통령령으로 정하는 범위에서 시ㆍ도의 조례로 정한다.,위임,대통령령|조례,5,대통령령이 정하는 범위 내에서 시·도 조례에 규율권한을 넘기는 병기 위임이다.
P03405,"②교육지원청의 관할구역과 위치는 시ㆍ도의 조례로 정하고, 명칭은 대통령령으로 정하는 범위에서 시ㆍ도의 조례로 정한다.",위임,조례|대통령령,5,"관할구역·위치는 조례에, 명칭은 대통령령이 정하는 범위에서 조례에 규율권한을 넘기므로 두 법형식이 병기된 위임이다."
P03406,"②교육지원청의 관할구역과 위치는 시ㆍ도의 조례로 정하고, 명칭은 대통령령으로 정하는 범위에서 시ㆍ도의 조례로 정한다.",위임,대통령령|조례,5,"관할구역·위치는 조례에, 명칭은 대통령령이 정하는 범위에서 조례에 규율권한을 넘기는 병기 위임이다."
P03407,⑤교육지원청의 조직과 운영 등에 관하여 필요한 사항은 대통령령으로 정하는 범위에서 시ㆍ도의 조례로 정한다.,위임,대통령령|조례,5,대통령령이 정하는 범위 내에서 시·도 조례로 정하도록 두 법형식을 병기한 위임이다.
P03408,"②교육지원청의 관할구역과 위치는 시ㆍ도의 조례로 정하고, 명칭은 대통령령으로 정하는 범위에서 시ㆍ도의 조례로 정한다.",위임,조례|대통령령,5,"관할구역·위치는 조례로, 명칭은 대통령령이 정하는 범위에서 조례로 정하도록 두 법형식에 규율권한을 넘긴다."
P03409,⑤교육지원청의 조직과 운영 등에 관하여 필요한 사항은 대통령령으로 정하는 범위에서 시ㆍ도의 조례로 정한다.,위임,대통령령|조례,5,대통령령이 정하는 범위 내에서 시·도 조례로 정하도록 두 법형식에 규율권한을 병기하여 위임한다.
P03410,⑤교육지원청의 조직과 운영 등에 관하여 필요한 사항은 대통령령으로 정하는 범위에서 시ㆍ도의 조례로 정한다.,위임,대통령령|조례,5,대통령령이 정하는 범위 내에서 시·도 조례로 정하도록 두 법형식을 병기한 위임이다.
P03411,⑤교육지원청의 조직과 운영 등에 관하여 필요한 사항은 대통령령으로 정하는 범위에서 시ㆍ도의 조례로 정한다.,위임,대통령령|조례,5,대통령령이 정하는 범위 내에서 시·도 조례로 정하도록 두 법형식에 규율권한을 넘긴다.
P03412,"②교육지원청의 관할구역과 위치는 시ㆍ도의 조례로 정하고, 명칭은 대통령령으로 정하는 범위에서 시ㆍ도의 조례로 정한다.",위임,조례|대통령령,5,"관할구역·위치는 조례에, 명칭은 대통령령이 정하는 범위에서 조례에 규율권한을 넘기는 병기 위임이다."
P03413,⑤교육지원청의 조직과 운영 등에 관하여 필요한 사항은 대통령령으로 정하는 범위에서 시ㆍ도의 조례로 정한다.,위임,대통령령|조례,5,대통령령이 정하는 범위 내에서 시·도 조례로 정하도록 두 법형식에 규율권한을 병기 위임한다.
P03414,"②교육지원청의 관할구역과 위치는 시ㆍ도의 조례로 정하고, 명칭은 대통령령으로 정하는 범위에서 시ㆍ도의 조례로 정한다.",위임,대통령령|조례,5,"관할구역·위치는 조례로, 명칭은 대통령령으로 정하는 범위에서 조례로 정하도록 두 법형식에 규율권한을 넘긴다."
P03415,⑤교육지원청의 조직과 운영 등에 관하여 필요한 사항은 대통령령으로 정하는 범위에서 시ㆍ도의 조례로 정한다.,위임,대통령령|조례,5,대통령령으로 정하는 범위에서 시·도 조례로 정하도록 두 법형식에 규율권한을 병기하여 위임한다.
P03416,"②교육지원청의 관할구역과 위치는 시ㆍ도의 조례로 정하고, 명칭은 대통령령으로 정하는 범위에서 시ㆍ도의 조례로 정한다.",위임,조례|대통령령,5,"관할구역·위치는 조례에, 명칭은 대통령령이 정하는 범위 내에서 조례에 규율권한을 넘기는 병기 위임이다."
P03417,⑤교육지원청의 조직과 운영 등에 관하여 필요한 사항은 대통령령으로 정하는 범위에서 시ㆍ도의 조례로 정한다.,위임,대통령령|조례,5,대통령령이 정하는 범위 내에서 시·도 조례로 정하도록 두 법형식에 규율권한을 넘긴다.
P03418,"②교육지원청의 관할구역과 위치는 시ㆍ도의 조례로 정하고, 명칭은 대통령령으로 정하는 범위에서 시ㆍ도의 조례로 정한다.",위임,조례|대통령령,5,"관할구역·위치는 조례에, 명칭은 대통령령이 정하는 범위 내에서 조례에 규율권한을 넘기는 병기 위임이다."
P03419,⑤교육지원청의 조직과 운영 등에 관하여 필요한 사항은 대통령령으로 정하는 범위에서 시ㆍ도의 조례로 정한다.,위임,대통령령|조례,5,대통령령이 정하는 범위 내에서 시·도 조례로 정하도록 두 법형식에 규율권한을 병기하여 위임한다.
P03420,"②교육지원청의 관할구역과 위치는 시ㆍ도의 조례로 정하고, 명칭은 대통령령으로 정하는 범위에서 시ㆍ도의 조례로 정한다.",위임,조례|대통령령,5,"관할구역·위치는 조례에, 명칭은 대통령령이 정하는 범위 내에서 조례에 규율권한을 넘기는 병기 위임이다."
P03421,⑤교육지원청의 조직과 운영 등에 관하여 필요한 사항은 대통령령으로 정하는 범위에서 시ㆍ도의 조례로 정한다.,위임,대통령령|조례,5,대통령령이 정하는 범위 내에서 시·도 조례로 정하도록 두 법형식에 규율권한을 넘긴다.
P03422,"②교육지원청의 관할구역과 위치는 시ㆍ도의 조례로 정하고, 명칭은 대통령령으로 정하는 범위에서 시ㆍ도의 조례로 정한다.",위임,조례|대통령령,5,"관할구역·위치는 조례에, 명칭은 대통령령으로 정하는 범위에서 조례에 규율권한을 넘기는 병기 위임이다."
P03423,2. 그 밖에 조례로 정하는 사무,위임,조례,4,'조례로 정하는 사무'로 사무의 범위를 조례에 넘기는 부분 위임이다.
P03424,2. 그 밖에 조례로 정하는 사무,위임,조례,4,교육장이 분장할 그 밖의 사무의 범위를 조례에 정하도록 넘기는 부분 위임이다.
P03425,2. 그 밖에 조례로 정하는 사무,위임,조례,4,교육장이 분장할 사무의 나머지 범위를 조례가 정하도록 규율권한을 넘기는 부분 위임이다.
P03426,2. 그 밖에 조례로 정하는 사무,위임,조례,5,교육장이 분장할 사무의 범위를 조례가 정하도록 규율권한을 넘긴 부분 위임이다.
P03427,2. 그 밖에 조례로 정하는 사무,위임,조례,5,교육장이 분장할 사무의 범위를 조례로 정하도록 규율권한을 넘긴다.
P03428,2. 그 밖에 조례로 정하는 사무,위임,조례,5,교육장이 분장할 사무의 범위를 조례에 정하도록 넘기는 위임이다.
P03429,2. 그 밖에 조례로 정하는 사무,위임,조례,4,교육장이 분장할 사무의 범위를 조례가 정하도록 맡긴 부분 위임이다.
P03430,2. 그 밖에 조례로 정하는 사무,위임,조례,4,교육장이 분장할 사무의 범위를 조례에 정하도록 맡기는 부분 위임이다.
P03431,2. 그 밖에 조례로 정하는 사무,위임,조례,5,교육장이 분장할 사무의 나머지 범위를 조례에 정하도록 규율권한을 넘긴다.
P03432,2. 그 밖에 조례로 정하는 사무,위임,조례,5,교육장이 분장할 사무의 나머지를 조례가 정하도록 규율권한을 넘긴다.
P03433,2. 그 밖에 조례로 정하는 사무,위임,조례,5,'조례로 정하는 사무'로 규율 대상을 조례에 넘기는 부분 위임이다.
P03434,2. 그 밖에 조례로 정하는 사무,위임,조례,5,교육장이 분장할 그 밖의 사무를 조례에 정하도록 규율권한을 넘긴다.
P03435,2. 그 밖에 조례로 정하는 사무,위임,조례,5,교육장 분장 사무의 나머지 범위를 조례에 넘기는 부분 위임이다.
P03436,2. 그 밖에 조례로 정하는 사무,위임,조례,5,교육장이 분장할 사무의 나머지 범위를 조례가 정하도록 규율권한을 넘기는 부분 위임이다.
P03437,2. 그 밖에 조례로 정하는 사무,위임,조례,5,교육장이 분장할 그 밖의 사무를 조례에 정하도록 규율권한을 넘긴다.
P03438,2. 그 밖에 조례로 정하는 사무,위임,조례,5,교육장이 분장하는 그 밖의 사무를 조례로 정하도록 규율권한을 넘긴다.
P03439,②제1항의 규정에 따른 지방교육행정협의회의 구성·운영에 관하여 필요한 사항은 교육감과 시·도지사가 협의하여 조례로 정한다.,위임,조례,5,협의회 구성·운영에 필요한 사항의 규율권한을 조례에 넘기는 위임이다.
P03440,②제1항의 규정에 따른 지방교육행정협의회의 구성·운영에 관하여 필요한 사항은 교육감과 시·도지사가 협의하여 조례로 정한다.,위임,조례,5,협의회 구성·운영 사항을 조례로 정하도록 규율권한을 넘긴다.
P03441,②제1항의 규정에 따른 지방교육행정협의회의 구성·운영에 관하여 필요한 사항은 교육감과 시·도지사가 협의하여 조례로 정한다.,위임,조례,5,협의회 구성·운영에 필요한 사항을 조례로 정하도록 규율권한을 넘긴다.
P03442,②제1항의 규정에 따른 지방교육행정협의회의 구성·운영에 관하여 필요한 사항은 교육감과 시·도지사가 협의하여 조례로 정한다.,위임,조례,5,협의회 구성·운영에 필요한 사항을 조례로 정하도록 규율권한을 넘긴다.
P03443,②제1항의 규정에 따른 지방교육행정협의회의 구성·운영에 관하여 필요한 사항은 교육감과 시·도지사가 협의하여 조례로 정한다.,위임,조례,5,협의회 구성·운영 사항을 조례로 정하도록 규율권한을 넘긴다.
P03444,②제1항의 규정에 따른 지방교육행정협의회의 구성·운영에 관하여 필요한 사항은 교육감과 시·도지사가 협의하여 조례로 정한다.,위임,조례,5,협의회 구성·운영에 필요한 사항을 조례에 정하도록 규율권한을 넘긴다.
P03445,②제1항의 규정에 따른 지방교육행정협의회의 구성·운영에 관하여 필요한 사항은 교육감과 시·도지사가 협의하여 조례로 정한다.,위임,조례,5,협의회 구성·운영에 필요한 사항을 조례에 정하도록 규율권한을 넘긴다.
P03446,②제1항의 규정에 따른 지방교육행정협의회의 구성·운영에 관하여 필요한 사항은 교육감과 시·도지사가 협의하여 조례로 정한다.,위임,조례,5,협의회 구성·운영 사항을 조례로 정하도록 규율권한을 넘기는 위임이다.
P03447,②제1항의 규정에 따른 지방교육행정협의회의 구성·운영에 관하여 필요한 사항은 교육감과 시·도지사가 협의하여 조례로 정한다.,위임,조례,5,협의회 구성·운영 사항을 조례로 정하도록 규율권한을 넘기는 위임이다.
P03448,②제1항의 규정에 따른 지방교육행정협의회의 구성·운영에 관하여 필요한 사항은 교육감과 시·도지사가 협의하여 조례로 정한다.,위임,조례,5,협의회 구성·운영 사항을 조례로 정하도록 규율권한을 넘긴다.
P03449,②제1항의 규정에 따른 지방교육행정협의회의 구성·운영에 관하여 필요한 사항은 교육감과 시·도지사가 협의하여 조례로 정한다.,위임,조례,5,협의회 구성·운영 사항을 조례로 정하도록 규율권한을 넘긴다.
P03450,②제1항의 규정에 따른 지방교육행정협의회의 구성·운영에 관하여 필요한 사항은 교육감과 시·도지사가 협의하여 조례로 정한다.,위임,조례,5,협의회 구성·운영에 관한 사항을 조례로 정하도록 규율권한을 넘긴다.
P03451,②제1항의 규정에 따른 지방교육행정협의회의 구성·운영에 관하여 필요한 사항은 교육감과 시·도지사가 협의하여 조례로 정한다.,위임,조례,5,협의회 구성·운영에 필요한 사항의 규율권한을 조례에 넘기는 위임 규정이다.
P03452,②제1항의 규정에 따른 지방교육행정협의회의 구성·운영에 관하여 필요한 사항은 교육감과 시·도지사가 협의하여 조례로 정한다.,위임,조례,5,협의회 구성·운영에 관한 사항을 조례로 정하도록 규율권한을 넘긴다.
P03453,②제1항의 규정에 따른 지방교육행정협의회의 구성·운영에 관하여 필요한 사항은 교육감과 시·도지사가 협의하여 조례로 정한다.,위임,조례,5,협의회 구성·운영 사항을 조례로 정하도록 규율권한을 넘긴다.
P03454,필요한 사항은 대통령령으로,판단불가,대통령령,2,문장이 종결되지 않고 잘려 있어 위임 여부를 확정할 수 없으나 문언상 대통령령이 지정되어 있다.
P03455,중앙선거관리위원회규칙으로 정하는,위임,미특정,2,"문장이 잘려 있으나 '중앙선거관리위원회규칙으로 정하는' 부분 위임 형태이며, 지정된 법형식 목록에 해당 규칙이 없어 미특정으로 처리한다."
P03456,사항은 대통령령으로,판단불가,대통령령,2,문장이 중간에서 잘려 위임 종결 여부를 확인할 수 없으나 문언상 대통령령이 지정되어 있다.
P03457,⑨ 그 밖에 인수위원회의 조직과 운영 등에 필요한 사항은 대통령령으로 정하는 바에 따라 해당 지방자치단체의 조례로 정한다.,위임,대통령령|조례,5,대통령령이 정하는 바에 따라 조례로 정하도록 두 법형식을 병기한 위임이다.
P03458,⑨ 그 밖에 인수위원회의 조직과 운영 등에 필요한 사항은 대통령령으로 정하는 바에 따라 해당 지방자치단체의 조례로 정한다.,위임,대통령령|조례,5,대통령령이 정하는 바에 따라 조례로 정하도록 두 법형식을 병기한 위임이다.
P03459,⑨ 그 밖에 인수위원회의 조직과 운영 등에 필요한 사항은 대통령령으로 정하는 바에 따라 해당 지방자치단체의 조례로 정한다.,위임,대통령령|조례,5,대통령령이 정하는 바에 따라 조례로 정하도록 두 법형식을 병기한 위임이다.
P03460,⑨ 그 밖에 인수위원회의 조직과 운영 등에 필요한 사항은 대통령령으로 정하는 바에 따라 해당 지방자치단체의 조례로 정한다.,위임,대통령령|조례,5,대통령령이 정하는 바에 따라 조례로 정하도록 하는 병기 위임이다.
P03461,⑨ 그 밖에 인수위원회의 조직과 운영 등에 필요한 사항은 대통령령으로 정하는 바에 따라 해당 지방자치단체의 조례로 정한다.,위임,대통령령|조례,5,대통령령으로 정하는 바에 따라 조례로 정하도록 두 법형식을 병기해 규율권한을 넘긴다.
P03462,⑨ 그 밖에 인수위원회의 조직과 운영 등에 필요한 사항은 대통령령으로 정하는 바에 따라 해당 지방자치단체의 조례로 정한다.,위임,대통령령|조례,5,대통령령이 정하는 바에 따라 조례로 정하도록 두 법형식을 병기한 위임이다.
P03463,⑨ 그 밖에 인수위원회의 조직과 운영 등에 필요한 사항은 대통령령으로 정하는 바에 따라 해당 지방자치단체의 조례로 정한다.,위임,대통령령|조례,5,대통령령이 정하는 바에 따라 조례로 정하도록 하는 병기된 위임이다.
P03464,⑨ 그 밖에 인수위원회의 조직과 운영 등에 필요한 사항은 대통령령으로 정하는 바에 따라 해당 지방자치단체의 조례로 정한다.,위임,대통령령|조례,5,대통령령이 정하는 바에 따라 조례로 정하도록 두 법형식을 병기한 위임이다.
P03465,⑨ 그 밖에 인수위원회의 조직과 운영 등에 필요한 사항은 대통령령으로 정하는 바에 따라 해당 지방자치단체의 조례로 정한다.,위임,대통령령|조례,5,대통령령으로 정하는 바에 따라 조례로 정하도록 두 법형식을 병기한 위임이다.
P03466,⑨ 그 밖에 인수위원회의 조직과 운영 등에 필요한 사항은 대통령령으로 정하는 바에 따라 해당 지방자치단체의 조례로 정한다.,위임,대통령령|조례,5,대통령령이 정하는 바에 따라 조례로 정하도록 두 법형식을 병기한 위임이다.
P03467,⑨ 그 밖에 인수위원회의 조직과 운영 등에 필요한 사항은 대통령령으로 정하는 바에 따라 해당 지방자치단체의 조례로 정한다.,위임,대통령령|조례,5,대통령령이 정하는 바에 따라 조례로 정하도록 두 법형식을 병기한 위임이다.
P03468,⑨ 그 밖에 인수위원회의 조직과 운영 등에 필요한 사항은 대통령령으로 정하는 바에 따라 해당 지방자치단체의 조례로 정한다.,위임,대통령령|조례,5,대통령령이 정하는 바에 따라 조례로 정하도록 두 법형식을 병기해 위임한다.
P03469,⑨ 그 밖에 인수위원회의 조직과 운영 등에 필요한 사항은 대통령령으로 정하는 바에 따라 해당 지방자치단체의 조례로 정한다.,위임,대통령령|조례,5,대통령령이 정하는 바에 따라 조례로 정하도록 두 법형식을 병기해 위임한다.
P03470,⑨ 그 밖에 인수위원회의 조직과 운영 등에 필요한 사항은 대통령령으로 정하는 바에 따라 해당 지방자치단체의 조례로 정한다.,위임,대통령령|조례,5,대통령령이 정하는 바에 따라 조례로 정하도록 두 법형식을 병기한 위임이다.
P03471,⑨ 그 밖에 인수위원회의 조직과 운영 등에 필요한 사항은 대통령령으로 정하는 바에 따라 해당 지방자치단체의 조례로 정한다.,위임,대통령령|조례,5,대통령령이 정하는 바에 따라 조례로 정하도록 두 법형식을 병기해 위임한다.
P03472,⑧이 영에 규정된 것 외에 위원회의 구성·운영에 필요한 사항은 각 시·도의 교육규칙으로 정한다.,위임,교육규칙,5,위원회 구성·운영에 필요한 사항을 시·도 교육규칙에 정하도록 규율권한을 넘긴다.
P03473,⑧이 영에 규정된 것 외에 위원회의 구성·운영에 필요한 사항은 각 시·도의 교육규칙으로 정한다.,위임,교육규칙,5,위원회 구성·운영에 필요한 사항의 규율권한을 시·도 교육규칙에 넘긴다.
P03474,⑧이 영에 규정된 것 외에 위원회의 구성·운영에 필요한 사항은 각 시·도의 교육규칙으로 정한다.,위임,교육규칙,5,위원회 구성·운영에 필요한 사항의 규율권한을 시·도 교육규칙에 넘긴다.
P03475,⑧이 영에 규정된 것 외에 위원회의 구성·운영에 필요한 사항은 각 시·도의 교육규칙으로 정한다.,위임,교육규칙,5,위원회 구성·운영에 필요한 사항의 규율권한을 시·도 교육규칙에 넘긴다.
P03476,⑧이 영에 규정된 것 외에 위원회의 구성·운영에 필요한 사항은 각 시·도의 교육규칙으로 정한다.,위임,교육규칙,5,위원회 구성·운영에 필요한 사항의 규율권한을 시·도 교육규칙에 넘긴다.
P03477,⑧이 영에 규정된 것 외에 위원회의 구성·운영에 필요한 사항은 각 시·도의 교육규칙으로 정한다.,위임,교육규칙,5,위원회 구성·운영에 필요한 사항의 규율권한을 시·도 교육규칙에 넘긴다.
P03478,⑧이 영에 규정된 것 외에 위원회의 구성·운영에 필요한 사항은 각 시·도의 교육규칙으로 정한다.,위임,교육규칙,5,위원회 구성·운영에 필요한 사항의 규율권한을 시·도 교육규칙에 넘긴다.
P03479,⑧이 영에 규정된 것 외에 위원회의 구성·운영에 필요한 사항은 각 시·도의 교육규칙으로 정한다.,위임,교육규칙,5,위원회 구성·운영에 필요한 사항의 규율권한을 시·도 교육규칙에 넘긴다.
P03480,⑧이 영에 규정된 것 외에 위원회의 구성·운영에 필요한 사항은 각 시·도의 교육규칙으로 정한다.,위임,교육규칙,5,위원회 구성·운영에 필요한 사항을 시·도 교육규칙에 규율권한으로 넘기는 위임이다.
P03481,⑧이 영에 규정된 것 외에 위원회의 구성·운영에 필요한 사항은 각 시·도의 교육규칙으로 정한다.,위임,교육규칙,5,위원회 구성·운영에 필요한 사항의 규율권한을 시·도 교육규칙에 넘긴다.
P03482,⑧이 영에 규정된 것 외에 위원회의 구성·운영에 필요한 사항은 각 시·도의 교육규칙으로 정한다.,위임,교육규칙,5,위원회 구성·운영에 필요한 사항을 시·도 교육규칙에 정하도록 규율권한을 넘긴다.
P03483,⑧이 영에 규정된 것 외에 위원회의 구성·운영에 필요한 사항은 각 시·도의 교육규칙으로 정한다.,위임,교육규칙,5,위원회 구성·운영에 필요한 사항을 시·도 교육규칙에 정하도록 규율권한을 넘긴다.
P03484,⑧이 영에 규정된 것 외에 위원회의 구성·운영에 필요한 사항은 각 시·도의 교육규칙으로 정한다.,위임,교육규칙,5,위원회 구성·운영에 필요한 사항의 규율권한을 시·도 교육규칙에 넘긴다.
P03485,⑧이 영에 규정된 것 외에 위원회의 구성·운영에 필요한 사항은 각 시·도의 교육규칙으로 정한다.,위임,교육규칙,5,위원회 구성·운영 사항을 시·도 교육규칙에 정하도록 규율권한을 넘긴다.
P03486,⑧이 영에 규정된 것 외에 위원회의 구성·운영에 필요한 사항은 각 시·도의 교육규칙으로 정한다.,위임,교육규칙,5,위원회 구성·운영에 필요한 사항의 규율권한을 시·도 교육규칙에 넘긴다.
P03487,⑧이 영에 규정된 것 외에 위원회의 구성·운영에 필요한 사항은 각 시·도의 교육규칙으로 정한다.,위임,교육규칙,5,위원회 구성·운영에 필요한 사항의 규율권한을 시·도 교육규칙에 넘기는 위임이다.
P03488,⑧이 영에 규정된 것 외에 위원회의 구성·운영에 필요한 사항은 각 시·도의 교육규칙으로 정한다.,위임,교육규칙,5,위원회 구성·운영에 필요한 사항을 시·도 교육규칙에 규율권한을 넘기는 위임이다.
P03489,② 교육감은 법 제34조제2항에 따른 교육지원청별 관할구역에도 불구하고 학교 교육의 효과적인 지원을 위하여 필요한 경우에는 교육규칙으로 정하는 바에 따라 특정 교육지원청을 지정하여 다른 교육지원청 사무의 일부를 처리하게 할 수 있다.,위임,교육규칙,5,특정 교육지원청 지정 및 사무 처리 방식을 교육규칙으로 정하도록 규율권한을 넘긴다.
P03490,② 교육감은 법 제34조제2항에 따른 교육지원청별 관할구역에도 불구하고 학교 교육의 효과적인 지원을 위하여 필요한 경우에는 교육규칙으로 정하는 바에 따라 특정 교육지원청을 지정하여 다른 교육지원청 사무의 일부를 처리하게 할 수 있다.,위임,교육규칙,4,'교육규칙으로 정하는 바에 따라'로 교육감의 교육규칙에 세부 규율권한을 넘기는 부분 위임이다.
P03491,② 교육감은 법 제34조제2항에 따른 교육지원청별 관할구역에도 불구하고 학교 교육의 효과적인 지원을 위하여 필요한 경우에는 교육규칙으로 정하는 바에 따라 특정 교육지원청을 지정하여 다른 교육지원청 사무의 일부를 처리하게 할 수 있다.,위임,교육규칙,5,'교육규칙으로 정하는 바에 따라'로 교육감의 교육규칙에 규율권한을 넘기는 위임이다.
P03492,⑥ 제1항부터 제5항까지에서 규정한 사항 외에 인수위원회의 조직과 운영 등에 필요한 사항은 해당 시·도의 조례로 정한다.,위임,조례,5,잔여 사항의 규율권한을 시·도 조례에 넘기는 위임 규정이다.
P03493,⑥ 제1항부터 제5항까지에서 규정한 사항 외에 인수위원회의 조직과 운영 등에 필요한 사항은 해당 시·도의 조례로 정한다.,위임,조례,5,잔여 사항의 규율권한을 시·도 조례에 넘기는 위임 규정이다.
P03494,⑥ 제1항부터 제5항까지에서 규정한 사항 외에 인수위원회의 조직과 운영 등에 필요한 사항은 해당 시·도의 조례로 정한다.,위임,조례,5,잔여 사항의 규율권한을 시·도 조례에 넘기는 위임 규정이다.
P03495,⑥ 제1항부터 제5항까지에서 규정한 사항 외에 인수위원회의 조직과 운영 등에 필요한 사항은 해당 시·도의 조례로 정한다.,위임,조례,5,인수위원회 조직·운영에 필요한 사항을 시·도 조례로 정하도록 규율권한을 넘긴다.
P03496,⑥ 제1항부터 제5항까지에서 규정한 사항 외에 인수위원회의 조직과 운영 등에 필요한 사항은 해당 시·도의 조례로 정한다.,위임,조례,5,인수위원회 조직·운영에 필요한 사항을 시·도 조례로 정하도록 규율권한을 넘긴다.
P03497,⑥ 제1항부터 제5항까지에서 규정한 사항 외에 인수위원회의 조직과 운영 등에 필요한 사항은 해당 시·도의 조례로 정한다.,위임,조례,5,인수위원회 조직·운영에 필요한 사항을 시·도 조례에 위임한다.
P03498,⑥ 제1항부터 제5항까지에서 규정한 사항 외에 인수위원회의 조직과 운영 등에 필요한 사항은 해당 시·도의 조례로 정한다.,위임,조례,5,잔여 사항의 규율권한을 시·도 조례에 넘기는 위임 규정이다.
P03499,⑥ 제1항부터 제5항까지에서 규정한 사항 외에 인수위원회의 조직과 운영 등에 필요한 사항은 해당 시·도의 조례로 정한다.,위임,조례,5,인수위원회 조직·운영에 필요한 사항을 시·도 조례로 정하도록 규율권한을 넘긴다.
P03500,⑥ 제1항부터 제5항까지에서 규정한 사항 외에 인수위원회의 조직과 운영 등에 필요한 사항은 해당 시·도의 조례로 정한다.,위임,조례,5,인수위원회 조직·운영에 필요한 사항을 시·도 조례에 위임하는 종결형 문장이다.
P03501,⑥ 제1항부터 제5항까지에서 규정한 사항 외에 인수위원회의 조직과 운영 등에 필요한 사항은 해당 시·도의 조례로 정한다.,위임,조례,5,잔여 사항의 규율권한을 시·도 조례에 넘기는 위임 규정이다.
P03502,⑥ 제1항부터 제5항까지에서 규정한 사항 외에 인수위원회의 조직과 운영 등에 필요한 사항은 해당 시·도의 조례로 정한다.,위임,조례,5,인수위원회 조직·운영에 필요한 사항을 시·도 조례로 정하도록 규율권한을 넘긴다.
P03503,⑥ 제1항부터 제5항까지에서 규정한 사항 외에 인수위원회의 조직과 운영 등에 필요한 사항은 해당 시·도의 조례로 정한다.,위임,조례,5,인수위원회 조직·운영에 필요한 사항을 시·도 조례로 정하도록 규율권한을 넘긴다.
P03504,⑥ 제1항부터 제5항까지에서 규정한 사항 외에 인수위원회의 조직과 운영 등에 필요한 사항은 해당 시·도의 조례로 정한다.,위임,조례,5,잔여 사항의 규율권한을 시·도 조례에 넘기는 위임 규정이다.
P03505,⑥ 제1항부터 제5항까지에서 규정한 사항 외에 인수위원회의 조직과 운영 등에 필요한 사항은 해당 시·도의 조례로 정한다.,위임,조례,5,인수위원회 조직·운영에 필요한 사항의 규율권한을 시·도 조례에 넘긴다.
P03506,⑥ 제1항부터 제5항까지에서 규정한 사항 외에 인수위원회의 조직과 운영 등에 필요한 사항은 해당 시·도의 조례로 정한다.,위임,조례,5,나머지 필요사항의 규율권한을 시·도 조례에 넘기는 위임이다.
P03507,⑥ 제1항부터 제5항까지에서 규정한 사항 외에 인수위원회의 조직과 운영 등에 필요한 사항은 해당 시·도의 조례로 정한다.,위임,조례,5,인수위원회 조직·운영에 필요한 사항을 시·도 조례로 정하도록 규율권한을 넘긴다.
P03508,교부방법 등에 관한 사항은 대통령령으로,판단불가,대통령령,3,문장이 '대통령령으로'에서 잘려 종결 서술어가 없어 위임 여부를 확정할 수 없으나 표지어구는 대통령령이다.
P03509,대통령령으로 정한다,위임,대통령령,4,문말 종결형 '대통령령으로 정한다'로 대통령령에 규율권한을 넘기는 위임이다.
P03510,대통령령으로 정한다,위임,대통령령,4,문장이 짧게 잘렸으나 '대통령령으로 정한다'는 종결형 위임 문언이 명확하다.
P03511,대통령령으로 정한다,위임,대통령령,4,종결형 '대통령령으로 정한다'로 대통령령에 규율권한을 넘기는 위임이다.
P03512,교육부장관이 필요하다고 인정하는 경우에는 신청이 없어도 일정한 기준을 정하여 특별교부금을 교부할 수 있다.,인용,해당없음,3,하위 규범 제정 위임이 아니라 교육부장관의 개별 교부 처분 권한을 부여하는 규정이다.
P03513,대통령령으로 정한다,위임,대통령령,5,문말 종결형 '대통령령으로 정한다'로 규율권한을 대통령령에 넘긴다.
P03514,대통령령으로 정하고,위임,대통령령,3,문장 조각이지만 '대통령령으로 정하고'는 대통령령에 규율권한을 넘기는 위임 문언이다.
P03515,대통령령으로 정하는,판단불가,대통령령,2,문장이 '대통령령으로 정하는'에서 잘려 규율 대상과 종결 형태를 알 수 없어 위임 여부를 판정할 수 없다.
P03516,대통령령으로 정하고,위임,대통령령,3,문장이 잘렸으나 '대통령령으로 정하고'라는 위임 어형이 명확히 규율권한을 대통령령에 넘긴다.
P03517,대통령령으로 정하는,판단불가,대통령령,2,문장이 '대통령령으로 정하는'에서 잘려 규율 대상과 종결형을 확인할 수 없다.
P03518,대통령령으로 정한다,위임,대통령령,4,문말 '대통령령으로 정한다'로 기준재정수입액 관련 사항의 규율권한을 대통령령에 넘긴다.
P03519,대통령령으로 정한다,위임,대통령령,4,문장이 축약되었으나 '대통령령으로 정한다'는 종결형 위임 문언으로 규율권한을 대통령령에 넘긴다.
P03520,변경된 경우에는 대통령령으로 정하는 바에 따라,위임,대통령령,3,문장이 일부 잘렸으나 '대통령령으로 정하는 바에 따라'로 규율권한을 대통령령에 넘기는 위임 표지가 명확하다.
P03521,대통령령으로 정하는,판단불가,대통령령,3,문장이 '대통령령으로 정하는'에서 잘려 있어 위임인지 인용인지 판정할 수 없다.
P03522,대통령령,판단불가,대통령령,2,문장이 '대통령령'이라는 어구만으로 잘려 있어 위임인지 인용인지 판정할 수 없다.
P03523,세부적인 항목은 교육부령으로,판단불가,부령,3,문장이 종결부 없이 잘려 있어 위임 여부를 확정할 수 없으나 문언상 교육부령(부령)이 지목되어 있다.
P03524,교육부령으로 정한다,위임,부령,5,교육부령에 규율권한을 넘기는 위임 종결형이다.
P03525,교육부령으로 정한다,위임,부령,5,문말 종결형으로 교육부령에 규율권한을 넘기는 위임이다.
P03526,교육부령으로 정한다,위임,부령,5,'교육부령으로 정한다'는 종결형으로 부령에 규율권한을 넘기는 위임이다.
P03527,시·도 및 시·군·구가 법률 제16672호 초·중등교육법 일부개정법률 제10조의2의 시행 전에 각각 부담하던 금액 등을 고려하여 교육부장관이 정하여 고시한다.,위임,고시,5,교육부장관이 정하여 고시하도록 규율권한을 넘기며 법형식으로 고시를 명시했다.
P03528,위원회의 구성 및 운영에 필요한 사항은 위원회의 의결을 거쳐 위원장이 정한다.,위임,미특정,4,위원장에게 구성·운영 사항의 규율권한을 넘기지만 법형식은 지정하지 않았다.
P03529,필요한 사항은 교육부령으로,판단불가,부령,2,문장이 서술어 없이 잘려 있어 위임 종결 여부를 확정할 수 없으나 표지어구는 교육부령(부령)이다.
P03530,대상 등에 관한 세부 기준 및 지출 증명 서류의 기재사항 등은 교육부장관이 별도로 정할 수 있다.,위임,미특정,4,교육부장관이 세부 기준을 별도로 정하도록 규율권한을 넘기나 법형식은 지정하지 않았다.
P03531,④ 한시기구의 존속기간은 3년의 범위에서 해당 시ㆍ도의 조례로 정한다.,위임,조례,5,존속기간의 구체적 결정을 시·도 조례에 넘기는 위임이며 명시된 법형식은 조례뿐이다.
P03532,④ 한시기구의 존속기간은 3년의 범위에서 해당 시ㆍ도의 조례로 정한다.,위임,조례,5,한시기구 존속기간을 3년 범위 내에서 조례로 정하도록 규율권한을 넘기는 위임이다.
P03533,④ 한시기구의 존속기간은 3년의 범위에서 해당 시ㆍ도의 조례로 정한다.,위임,조례,5,한시기구 존속기간을 3년 범위 내에서 조례로 정하도록 규율권한을 넘긴다.
P03534,④ 한시기구의 존속기간은 3년의 범위에서 해당 시ㆍ도의 조례로 정한다.,위임,조례,5,존속기간 결정을 3년 범위 내에서 시·도 조례에 넘기는 위임이다.
P03535,"① 본청에 두는 실·국의 설치 및 그 사무 분장은 해당 시·도의 조례로 정하며, 실·국의 설치 기준은 별표 1과 같다.",위임,조례,5,실·국의 설치 및 사무 분장을 시·도 조례로 정하도록 규율권한을 넘긴다.
P03536,"① 본청에 두는 실·국의 설치 및 그 사무 분장은 해당 시·도의 조례로 정하며, 실·국의 설치 기준은 별표 1과 같다.",위임,조례,5,실·국의 설치 및 사무 분장을 시·도 조례로 정하도록 규율권한을 넘긴다.
P03537,"① 본청에 두는 실·국의 설치 및 그 사무 분장은 해당 시·도의 조례로 정하며, 실·국의 설치 기준은 별표 1과 같다.",위임,조례,5,실·국의 설치 및 사무 분장을 시·도 조례로 정하도록 규율권한을 넘긴다.
P03538,"① 본청에 두는 실·국의 설치 및 그 사무 분장은 해당 시·도의 조례로 정하며, 실·국의 설치 기준은 별표 1과 같다.",위임,조례,5,실·국의 설치 및 사무 분장을 시·도 조례로 정하도록 규율권한을 넘긴다.
P03539,"① 본청에 두는 실·국의 설치 및 그 사무 분장은 해당 시·도의 조례로 정하며, 실·국의 설치 기준은 별표 1과 같다.",위임,조례,5,실·국의 설치 및 사무 분장을 시·도 조례로 정하도록 규율권한을 넘긴다.
P03540,"① 본청에 두는 실·국의 설치 및 그 사무 분장은 해당 시·도의 조례로 정하며, 실·국의 설치 기준은 별표 1과 같다.",위임,조례,5,실·국의 설치 및 사무 분장 사항을 시·도 조례로 정하도록 규율권한을 넘긴다.
P03541,"① 본청에 두는 실·국의 설치 및 그 사무 분장은 해당 시·도의 조례로 정하며, 실·국의 설치 기준은 별표 1과 같다.",위임,조례,5,실·국의 설치 및 사무 분장을 시·도 조례로 정하도록 규율권한을 넘기는 위임이다.
P03542,"① 본청에 두는 실·국의 설치 및 그 사무 분장은 해당 시·도의 조례로 정하며, 실·국의 설치 기준은 별표 1과 같다.",위임,조례,5,실·국 설치 및 사무 분장을 시·도 조례로 정하도록 규율권한을 넘긴다.
P03543,"① 본청에 두는 실·국의 설치 및 그 사무 분장은 해당 시·도의 조례로 정하며, 실·국의 설치 기준은 별표 1과 같다.",위임,조례,5,실·국의 설치 및 사무 분장을 시·도 조례로 정하도록 규율권한을 넘긴다.
P03544,"① 본청에 두는 실·국의 설치 및 그 사무 분장은 해당 시·도의 조례로 정하며, 실·국의 설치 기준은 별표 1과 같다.",위임,조례,5,실·국의 설치 및 사무 분장에 관한 규율권한을 시·도 조례에 넘기는 위임이다.
P03545,"① 본청에 두는 실·국의 설치 및 그 사무 분장은 해당 시·도의 조례로 정하며, 실·국의 설치 기준은 별표 1과 같다.",위임,조례,5,실·국의 설치 및 사무 분장을 시·도 조례로 정하도록 규율권한을 넘긴다.
P03546,"① 본청에 두는 실·국의 설치 및 그 사무 분장은 해당 시·도의 조례로 정하며, 실·국의 설치 기준은 별표 1과 같다.",위임,조례,5,실·국의 설치 및 사무 분장을 시·도 조례로 정하도록 규율권한을 넘긴다.
P03547,"① 본청에 두는 실·국의 설치 및 그 사무 분장은 해당 시·도의 조례로 정하며, 실·국의 설치 기준은 별표 1과 같다.",위임,조례,5,실·국의 설치 및 사무 분장을 시·도 조례로 정하도록 규율권한을 넘긴다.
P03548,"① 본청에 두는 실·국의 설치 및 그 사무 분장은 해당 시·도의 조례로 정하며, 실·국의 설치 기준은 별표 1과 같다.",위임,조례,5,실·국의 설치 및 사무 분장을 시·도 조례로 정하도록 규율권한을 넘긴다.
P03549,"① 본청에 두는 실·국의 설치 및 그 사무 분장은 해당 시·도의 조례로 정하며, 실·국의 설치 기준은 별표 1과 같다.",위임,조례,5,실·국의 설치 및 사무 분장을 시·도 조례로 정하도록 규율권한을 넘긴다.
P03550,"① 본청에 두는 실·국의 설치 및 그 사무 분장은 해당 시·도의 조례로 정하며, 실·국의 설치 기준은 별표 1과 같다.",위임,조례,5,실·국의 설치 및 사무 분장을 시·도 조례로 정하도록 규율권한을 넘기는 위임이다.
P03551,"① 본청에 두는 실·국의 설치 및 그 사무 분장은 해당 시·도의 조례로 정하며, 실·국의 설치 기준은 별표 1과 같다.",위임,조례,5,실·국의 설치 및 사무 분장을 시·도 조례로 정하도록 규율권한을 넘긴다.
P03552,"① 본청에 두는 실·국의 설치 및 그 사무 분장은 해당 시·도의 조례로 정하며, 실·국의 설치 기준은 별표 1과 같다.",위임,조례,5,실·국의 설치 및 사무 분장을 시·도 조례로 정하도록 규율권한을 넘긴다.
P03553,② 제1항에 따라 본청에 두는 보조·보좌기관의 직급 등은 해당 시·도의 교육규칙으로 정한다.,위임,교육규칙,5,본청 보조·보좌기관의 직급 등을 시·도 교육규칙으로 정하도록 규율권한을 넘긴다.
P03554,② 제1항에 따라 본청에 두는 보조·보좌기관의 직급 등은 해당 시·도의 교육규칙으로 정한다.,위임,교육규칙,5,본청 보조·보좌기관의 직급 등을 해당 시·도 교육규칙으로 정하도록 규율권한을 넘긴다.
P03555,② 제1항에 따라 본청에 두는 보조·보좌기관의 직급 등은 해당 시·도의 교육규칙으로 정한다.,위임,교육규칙,5,보조·보좌기관의 직급 등을 시·도 교육규칙으로 정하도록 규율권한을 넘긴다.
P03556,② 제1항에 따라 본청에 두는 보조·보좌기관의 직급 등은 해당 시·도의 교육규칙으로 정한다.,위임,교육규칙,5,본청 보조·보좌기관의 직급 등을 해당 시·도 교육규칙으로 정하도록 규율권한을 넘긴다.
P03557,② 제1항에 따라 본청에 두는 보조·보좌기관의 직급 등은 해당 시·도의 교육규칙으로 정한다.,위임,교육규칙,5,본청 보조·보좌기관의 직급 등을 시·도 교육규칙으로 정하도록 규율권한을 넘긴다.
P03558,② 제1항에 따라 본청에 두는 보조·보좌기관의 직급 등은 해당 시·도의 교육규칙으로 정한다.,위임,교육규칙,5,보조·보좌기관의 직급 등을 시·도 교육규칙으로 정하도록 규율권한을 넘긴다.
P03559,② 제1항에 따라 본청에 두는 보조·보좌기관의 직급 등은 해당 시·도의 교육규칙으로 정한다.,위임,교육규칙,5,본청 보조·보좌기관의 직급 등을 시·도 교육규칙으로 정하도록 규율권한을 넘긴다.
P03560,② 제1항에 따라 본청에 두는 보조·보좌기관의 직급 등은 해당 시·도의 교육규칙으로 정한다.,위임,교육규칙,5,본청 보조·보좌기관의 직급 등을 시·도 교육규칙으로 정하도록 규율권한을 넘긴다.
P03561,② 제1항에 따라 본청에 두는 보조·보좌기관의 직급 등은 해당 시·도의 교육규칙으로 정한다.,위임,교육규칙,5,본청 보조·보좌기관의 직급 등을 해당 시·도 교육규칙으로 정하도록 규율권한을 넘긴다.
P03562,② 제1항에 따라 본청에 두는 보조·보좌기관의 직급 등은 해당 시·도의 교육규칙으로 정한다.,위임,교육규칙,5,직급 등에 관한 사항을 시·도 교육규칙으로 정하도록 규율권한을 넘긴다.
P03563,② 제1항에 따라 본청에 두는 보조·보좌기관의 직급 등은 해당 시·도의 교육규칙으로 정한다.,위임,교육규칙,5,본청 보조·보좌기관의 직급 등을 시·도 교육규칙으로 정하도록 규율권한을 넘긴다.
P03564,② 제1항에 따라 본청에 두는 보조·보좌기관의 직급 등은 해당 시·도의 교육규칙으로 정한다.,위임,교육규칙,5,직급 등에 관한 사항을 시·도 교육규칙으로 정하도록 규율권한을 넘긴다.
P03565,② 제1항에 따라 본청에 두는 보조·보좌기관의 직급 등은 해당 시·도의 교육규칙으로 정한다.,위임,교육규칙,5,직급 등에 관한 사항을 시·도 교육규칙으로 정하도록 규율권한을 넘긴다.
P03566,② 제1항에 따라 본청에 두는 보조·보좌기관의 직급 등은 해당 시·도의 교육규칙으로 정한다.,위임,교육규칙,5,직급 등에 관한 사항을 시·도 교육규칙에 정하도록 규율권한을 넘긴다.
P03567,② 제1항에 따라 본청에 두는 보조·보좌기관의 직급 등은 해당 시·도의 교육규칙으로 정한다.,위임,교육규칙,5,보조·보좌기관의 직급 등을 시·도 교육규칙으로 정하도록 규율권한을 넘긴다.
P03568,② 제1항에 따라 본청에 두는 보조·보좌기관의 직급 등은 해당 시·도의 교육규칙으로 정한다.,위임,교육규칙,5,본청 보조·보좌기관의 직급 등을 해당 시·도 교육규칙으로 정하도록 규율권한을 넘긴다.
P03569,② 제1항에 따라 본청에 두는 보조·보좌기관의 직급 등은 해당 시·도의 교육규칙으로 정한다.,위임,교육규칙,5,보조·보좌기관의 직급 등을 시·도 교육규칙으로 정하도록 규율권한을 넘긴다.
P03570,본청에 두는 과·담당관의 설치와 사무 분장 등에 관한 사항은 해당 시·도의 교육규칙으로 정한다.,위임,교육규칙,5,문말 종결형으로 시·도 교육규칙에 규율권한을 넘긴다.
P03571,본청에 두는 과·담당관의 설치와 사무 분장 등에 관한 사항은 해당 시·도의 교육규칙으로 정한다.,위임,교육규칙,5,과·담당관 설치와 사무분장 사항을 교육규칙에 정하도록 규율권한을 넘긴다.
P03572,본청에 두는 과·담당관의 설치와 사무 분장 등에 관한 사항은 해당 시·도의 교육규칙으로 정한다.,위임,교육규칙,5,과·담당관 설치·사무분장 사항을 교육규칙으로 정하도록 규율권한을 넘긴다.
P03573,본청에 두는 과·담당관의 설치와 사무 분장 등에 관한 사항은 해당 시·도의 교육규칙으로 정한다.,위임,교육규칙,5,과·담당관 설치·사무분장 사항을 교육규칙에 정하도록 규율권한을 넘긴다.
P03574,본청에 두는 과·담당관의 설치와 사무 분장 등에 관한 사항은 해당 시·도의 교육규칙으로 정한다.,위임,교육규칙,5,과·담당관 설치와 사무분장 사항을 교육규칙으로 정하도록 규율권한을 넘긴다.
P03575,본청에 두는 과·담당관의 설치와 사무 분장 등에 관한 사항은 해당 시·도의 교육규칙으로 정한다.,위임,교육규칙,5,과·담당관 설치 및 사무분장 사항을 시·도 교육규칙으로 정하도록 규율권한을 넘긴다.
P03576,본청에 두는 과·담당관의 설치와 사무 분장 등에 관한 사항은 해당 시·도의 교육규칙으로 정한다.,위임,교육규칙,5,과·담당관 설치 및 사무분장 사항의 규율권한을 시·도 교육규칙에 넘긴다.
P03577,본청에 두는 과·담당관의 설치와 사무 분장 등에 관한 사항은 해당 시·도의 교육규칙으로 정한다.,위임,교육규칙,5,과·담당관 설치와 사무분장 사항을 교육규칙에 정하도록 규율권한을 넘긴다.
P03578,본청에 두는 과·담당관의 설치와 사무 분장 등에 관한 사항은 해당 시·도의 교육규칙으로 정한다.,위임,교육규칙,5,과·담당관 설치·사무분장 사항을 해당 시·도 교육규칙에 정하도록 규율권한을 넘긴다.
P03579,본청에 두는 과·담당관의 설치와 사무 분장 등에 관한 사항은 해당 시·도의 교육규칙으로 정한다.,위임,교육규칙,5,과·담당관 설치·사무분장 사항을 시·도 교육규칙에 정하도록 규율권한을 넘긴다.
P03580,본청에 두는 과·담당관의 설치와 사무 분장 등에 관한 사항은 해당 시·도의 교육규칙으로 정한다.,위임,교육규칙,5,과·담당관 설치·사무분장 사항을 시·도 교육규칙에 정하도록 규율권한을 넘긴다.
P03581,본청에 두는 과·담당관의 설치와 사무 분장 등에 관한 사항은 해당 시·도의 교육규칙으로 정한다.,위임,교육규칙,5,과·담당관 설치 및 사무분장 사항을 교육규칙에 정하도록 규율권한을 넘긴다.
P03582,본청에 두는 과·담당관의 설치와 사무 분장 등에 관한 사항은 해당 시·도의 교육규칙으로 정한다.,위임,교육규칙,5,과·담당관 설치·사무분장 사항의 규율권한을 시·도 교육규칙에 넘기는 위임이다.
P03583,본청에 두는 과·담당관의 설치와 사무 분장 등에 관한 사항은 해당 시·도의 교육규칙으로 정한다.,위임,교육규칙,5,과·담당관 설치와 사무분장 사항을 교육규칙에 규율하도록 위임한다.
P03584,본청에 두는 과·담당관의 설치와 사무 분장 등에 관한 사항은 해당 시·도의 교육규칙으로 정한다.,위임,교육규칙,5,과·담당관 설치와 사무분장 사항을 시·도 교육규칙에 정하도록 규율권한을 넘긴다.
P03585,본청에 두는 과·담당관의 설치와 사무 분장 등에 관한 사항은 해당 시·도의 교육규칙으로 정한다.,위임,교육규칙,5,과·담당관 설치·사무분장 사항을 시·도 교육규칙에 정하도록 규율권한을 넘긴다.
P03586,본청에 두는 과·담당관의 설치와 사무 분장 등에 관한 사항은 해당 시·도의 교육규칙으로 정한다.,위임,교육규칙,5,문말 종결형으로 시·도 교육규칙에 규율권한을 넘긴다.
P03587,"① 교육지원청 국·과(담당관)·센터의 설치 및 국장·과장(담당관)·센터장의 사무 분장은 해당 시·도의 교육규칙으로 정하되, 국·과(담당관)·센터의 설치기준 및 국장·과장(담당관)·센터장의 직급기준은 별표 3에 따른다.",위임,교육규칙,5,교육지원청 기구 설치 및 사무분장을 시·도 교육규칙으로 정하도록 규율권한을 넘긴다.
P03588,"① 교육지원청 국·과(담당관)·센터의 설치 및 국장·과장(담당관)·센터장의 사무 분장은 해당 시·도의 교육규칙으로 정하되, 국·과(담당관)·센터의 설치기준 및 국장·과장(담당관)·센터장의 직급기준은 별표 3에 따른다.",위임,교육규칙,5,교육지원청 기구 설치 및 사무 분장을 시·도 교육규칙으로 정하도록 규율권한을 넘긴다.
P03589,"① 교육지원청 국·과(담당관)·센터의 설치 및 국장·과장(담당관)·센터장의 사무 분장은 해당 시·도의 교육규칙으로 정하되, 국·과(담당관)·센터의 설치기준 및 국장·과장(담당관)·센터장의 직급기준은 별표 3에 따른다.",위임,교육규칙,5,국·과·센터 설치 및 사무 분장을 시·도 교육규칙으로 정하도록 규율권한을 넘긴다.
P03590,"① 교육지원청 국·과(담당관)·센터의 설치 및 국장·과장(담당관)·센터장의 사무 분장은 해당 시·도의 교육규칙으로 정하되, 국·과(담당관)·센터의 설치기준 및 국장·과장(담당관)·센터장의 직급기준은 별표 3에 따른다.",위임,교육규칙,5,교육지원청 기구 설치 및 사무 분장을 시·도 교육규칙으로 정하도록 규율권한을 넘긴다.
P03591,"① 교육지원청 국·과(담당관)·센터의 설치 및 국장·과장(담당관)·센터장의 사무 분장은 해당 시·도의 교육규칙으로 정하되, 국·과(담당관)·센터의 설치기준 및 국장·과장(담당관)·센터장의 직급기준은 별표 3에 따른다.",위임,교육규칙,5,기구 설치 및 사무분장 사항을 시·도 교육규칙에 정하도록 규율권한을 넘긴다.
P03592,"① 교육지원청 국·과(담당관)·센터의 설치 및 국장·과장(담당관)·센터장의 사무 분장은 해당 시·도의 교육규칙으로 정하되, 국·과(담당관)·센터의 설치기준 및 국장·과장(담당관)·센터장의 직급기준은 별표 3에 따른다.",위임,교육규칙,5,교육지원청 기구 설치·사무분장을 시·도 교육규칙으로 정하도록 규율권한을 넘긴다.
P03593,"① 교육지원청 국·과(담당관)·센터의 설치 및 국장·과장(담당관)·센터장의 사무 분장은 해당 시·도의 교육규칙으로 정하되, 국·과(담당관)·센터의 설치기준 및 국장·과장(담당관)·센터장의 직급기준은 별표 3에 따른다.",위임,교육규칙,5,교육지원청 기구 설치와 사무분장을 시·도 교육규칙으로 정하도록 규율권한을 넘긴다.
P03594,"① 교육지원청 국·과(담당관)·센터의 설치 및 국장·과장(담당관)·센터장의 사무 분장은 해당 시·도의 교육규칙으로 정하되, 국·과(담당관)·센터의 설치기준 및 국장·과장(담당관)·센터장의 직급기준은 별표 3에 따른다.",위임,교육규칙,5,교육지원청 기구 설치 및 사무 분장을 시·도 교육규칙으로 정하도록 규율권한을 넘긴다.
P03595,"① 교육지원청 국·과(담당관)·센터의 설치 및 국장·과장(담당관)·센터장의 사무 분장은 해당 시·도의 교육규칙으로 정하되, 국·과(담당관)·센터의 설치기준 및 국장·과장(담당관)·센터장의 직급기준은 별표 3에 따른다.",위임,교육규칙,5,교육지원청 기구 설치 및 사무분장을 시·도 교육규칙으로 정하도록 규율권한을 넘긴다.
P03596,"① 교육지원청 국·과(담당관)·센터의 설치 및 국장·과장(담당관)·센터장의 사무 분장은 해당 시·도의 교육규칙으로 정하되, 국·과(담당관)·센터의 설치기준 및 국장·과장(담당관)·센터장의 직급기준은 별표 3에 따른다.",위임,교육규칙,5,교육지원청 기구 설치와 사무분장을 시·도 교육규칙으로 정하도록 규율권한을 넘긴다.
P03597,"① 교육지원청 국·과(담당관)·센터의 설치 및 국장·과장(담당관)·센터장의 사무 분장은 해당 시·도의 교육규칙으로 정하되, 국·과(담당관)·센터의 설치기준 및 국장·과장(담당관)·센터장의 직급기준은 별표 3에 따른다.",위임,교육규칙,5,국·과·센터 설치 및 사무 분장을 시·도 교육규칙으로 정하도록 규율권한을 넘긴다.
P03598,"① 교육지원청 국·과(담당관)·센터의 설치 및 국장·과장(담당관)·센터장의 사무 분장은 해당 시·도의 교육규칙으로 정하되, 국·과(담당관)·센터의 설치기준 및 국장·과장(담당관)·센터장의 직급기준은 별표 3에 따른다.",위임,교육규칙,5,기구 설치와 사무 분장 사항을 시·도 교육규칙으로 정하도록 규율권한을 넘긴다.
P03599,"① 교육지원청 국·과(담당관)·센터의 설치 및 국장·과장(담당관)·센터장의 사무 분장은 해당 시·도의 교육규칙으로 정하되, 국·과(담당관)·센터의 설치기준 및 국장·과장(담당관)·센터장의 직급기준은 별표 3에 따른다.",위임,교육규칙,5,교육지원청 기구 설치와 사무 분장을 시·도 교육규칙으로 정하도록 규율권한을 넘긴다.
P03600,"① 교육지원청 국·과(담당관)·센터의 설치 및 국장·과장(담당관)·센터장의 사무 분장은 해당 시·도의 교육규칙으로 정하되, 국·과(담당관)·센터의 설치기준 및 국장·과장(담당관)·센터장의 직급기준은 별표 3에 따른다.",위임,교육규칙,5,교육지원청 기구 설치와 사무분장을 시·도 교육규칙으로 정하도록 규율권한을 넘긴다.
P03601,"① 교육지원청 국·과(담당관)·센터의 설치 및 국장·과장(담당관)·센터장의 사무 분장은 해당 시·도의 교육규칙으로 정하되, 국·과(담당관)·센터의 설치기준 및 국장·과장(담당관)·센터장의 직급기준은 별표 3에 따른다.",위임,교육규칙,5,교육지원청 기구 설치와 사무 분장을 시·도 교육규칙으로 정하도록 규율권한을 넘긴다.
P03602,"① 교육지원청 국·과(담당관)·센터의 설치 및 국장·과장(담당관)·센터장의 사무 분장은 해당 시·도의 교육규칙으로 정하되, 국·과(담당관)·센터의 설치기준 및 국장·과장(담당관)·센터장의 직급기준은 별표 3에 따른다.",위임,교육규칙,5,교육지원청 기구 설치 및 사무분장을 시·도 교육규칙으로 정하도록 규율권한을 넘긴다.
P03603,"③ 직속기관과 교육지원청 소속 기관의 장의 직급, 하부조직 및 그 사무 분장에 관한 사항은 해당 시ㆍ도의 조례 또는 조례의 위임에 따른 교육규칙으로 정한다.",위임,조례|교육규칙,5,조례 또는 조례의 위임에 따른 교육규칙에 규율권한을 넘기는 위임으로 두 법형식이 병기되어 있다.
P03604,"③ 직속기관과 교육지원청 소속 기관의 장의 직급, 하부조직 및 그 사무 분장에 관한 사항은 해당 시ㆍ도의 조례 또는 조례의 위임에 따른 교육규칙으로 정한다.",위임,조례|교육규칙,5,조례 또는 조례의 위임에 따른 교육규칙에 규율권한을 넘기는 위임으로 두 형식이 병기되었다.
P03605,"③ 직속기관과 교육지원청 소속 기관의 장의 직급, 하부조직 및 그 사무 분장에 관한 사항은 해당 시ㆍ도의 조례 또는 조례의 위임에 따른 교육규칙으로 정한다.",위임,조례|교육규칙,5,조례 또는 조례의 위임에 따른 교육규칙에 규율권한을 넘기는 병기 위임이다.
P03606,"③ 직속기관과 교육지원청 소속 기관의 장의 직급, 하부조직 및 그 사무 분장에 관한 사항은 해당 시ㆍ도의 조례 또는 조례의 위임에 따른 교육규칙으로 정한다.",위임,조례|교육규칙,5,조례 또는 조례의 위임에 따른 교육규칙에 규율권한을 넘기는 병기 위임이다.
P03607,"③ 직속기관과 교육지원청 소속 기관의 장의 직급, 하부조직 및 그 사무 분장에 관한 사항은 해당 시ㆍ도의 조례 또는 조례의 위임에 따른 교육규칙으로 정한다.",위임,조례|교육규칙,5,조례 또는 조례의 위임에 따른 교육규칙에 규율권한을 넘기므로 두 법형식을 병기한다.
P03608,"③ 직속기관과 교육지원청 소속 기관의 장의 직급, 하부조직 및 그 사무 분장에 관한 사항은 해당 시ㆍ도의 조례 또는 조례의 위임에 따른 교육규칙으로 정한다.",위임,조례|교육규칙,5,직급·하부조직·사무분장 사항을 조례 또는 조례의 위임에 따른 교육규칙에 넘기는 위임 규정이다.
P03609,"③ 직속기관과 교육지원청 소속 기관의 장의 직급, 하부조직 및 그 사무 분장에 관한 사항은 해당 시ㆍ도의 조례 또는 조례의 위임에 따른 교육규칙으로 정한다.",위임,조례|교육규칙,5,조례 또는 조례의 위임에 따른 교육규칙에 규율권한을 넘기므로 두 형식을 병기한다.
P03610,"③ 직속기관과 교육지원청 소속 기관의 장의 직급, 하부조직 및 그 사무 분장에 관한 사항은 해당 시ㆍ도의 조례 또는 조례의 위임에 따른 교육규칙으로 정한다.",위임,조례|교육규칙,5,직급·하부조직 등 사항을 조례 또는 조례의 위임에 따른 교육규칙에 규율권한을 넘기는 위임이다.
P03611,"③ 직속기관과 교육지원청 소속 기관의 장의 직급, 하부조직 및 그 사무 분장에 관한 사항은 해당 시ㆍ도의 조례 또는 조례의 위임에 따른 교육규칙으로 정한다.",위임,조례|교육규칙,5,조례 또는 조례의 위임에 따른 교육규칙에 규율권한을 넘기는 위임으로 두 형식이 병기되었다.
P03612,"③ 직속기관과 교육지원청 소속 기관의 장의 직급, 하부조직 및 그 사무 분장에 관한 사항은 해당 시ㆍ도의 조례 또는 조례의 위임에 따른 교육규칙으로 정한다.",위임,조례|교육규칙,5,조례 또는 조례의 위임에 따른 교육규칙에 규율권한을 넘기는 위임으로 두 법형식이 병기되었다.
P03613,"③ 직속기관과 교육지원청 소속 기관의 장의 직급, 하부조직 및 그 사무 분장에 관한 사항은 해당 시ㆍ도의 조례 또는 조례의 위임에 따른 교육규칙으로 정한다.",위임,조례|교육규칙,5,직급·하부조직·사무분장 사항을 조례 또는 조례의 위임에 따른 교육규칙에 넘기는 위임으로 두 법형식이 병기되었다.
P03614,"③ 직속기관과 교육지원청 소속 기관의 장의 직급, 하부조직 및 그 사무 분장에 관한 사항은 해당 시ㆍ도의 조례 또는 조례의 위임에 따른 교육규칙으로 정한다.",위임,조례|교육규칙,5,직급·하부조직 등 규율권한을 조례 또는 조례의 위임에 따른 교육규칙에 넘기므로 두 법형식을 병기한다.
P03615,"③ 직속기관과 교육지원청 소속 기관의 장의 직급, 하부조직 및 그 사무 분장에 관한 사항은 해당 시ㆍ도의 조례 또는 조례의 위임에 따른 교육규칙으로 정한다.",위임,조례|교육규칙,5,직급·하부조직 등의 규율권한을 시·도 조례 또는 조례의 위임에 따른 교육규칙에 넘기는 병기 위임이다.
P03616,"③ 직속기관과 교육지원청 소속 기관의 장의 직급, 하부조직 및 그 사무 분장에 관한 사항은 해당 시ㆍ도의 조례 또는 조례의 위임에 따른 교육규칙으로 정한다.",위임,조례|교육규칙,5,직급·하부조직 등 사항을 조례 또는 조례의 위임에 따른 교육규칙에 넘기는 위임 규정이다.
P03617,"③ 직속기관과 교육지원청 소속 기관의 장의 직급, 하부조직 및 그 사무 분장에 관한 사항은 해당 시ㆍ도의 조례 또는 조례의 위임에 따른 교육규칙으로 정한다.",위임,조례|교육규칙,5,조례 또는 조례의 위임에 따른 교육규칙에 규율권한을 넘기는 위임으로 두 형식이 병기되었다.
P03618,"③ 직속기관과 교육지원청 소속 기관의 장의 직급, 하부조직 및 그 사무 분장에 관한 사항은 해당 시ㆍ도의 조례 또는 조례의 위임에 따른 교육규칙으로 정한다.",위임,조례|교육규칙,5,직급·하부조직 등의 사항을 조례 또는 조례의 위임에 따른 교육규칙에 규율권한을 넘기므로 두 형식을 병기한다.
P03619,"③ 직속기관과 교육지원청 소속 기관의 장의 직급, 하부조직 및 그 사무 분장에 관한 사항은 해당 시ㆍ도의 조례 또는 조례의 위임에 따른 교육규칙으로 정한다.",위임,조례|교육규칙,5,조례 또는 조례의 위임에 따른 교육규칙에 규율권한을 넘기는 위임이다.
P03620,"③ 직속기관과 교육지원청 소속 기관의 장의 직급, 하부조직 및 그 사무 분장에 관한 사항은 해당 시ㆍ도의 조례 또는 조례의 위임에 따른 교육규칙으로 정한다.",위임,조례|교육규칙,5,직급·하부조직 등 사항을 조례 또는 조례의 위임에 따른 교육규칙에 규율권한을 넘기므로 두 법형식을 병기한다.
P03621,"③ 직속기관과 교육지원청 소속 기관의 장의 직급, 하부조직 및 그 사무 분장에 관한 사항은 해당 시ㆍ도의 조례 또는 조례의 위임에 따른 교육규칙으로 정한다.",위임,조례|교육규칙,5,조례 또는 조례의 위임에 따른 교육규칙에 규율권한을 넘기는 위임으로 두 형식을 병기한다.
P03622,"③ 직속기관과 교육지원청 소속 기관의 장의 직급, 하부조직 및 그 사무 분장에 관한 사항은 해당 시ㆍ도의 조례 또는 조례의 위임에 따른 교육규칙으로 정한다.",위임,조례|교육규칙,5,직급·하부조직 등 사항을 조례 또는 조례의 위임에 따른 교육규칙에 규율권한을 넘기므로 두 법형식을 병기한다.
P03623,"③ 직속기관과 교육지원청 소속 기관의 장의 직급, 하부조직 및 그 사무 분장에 관한 사항은 해당 시ㆍ도의 조례 또는 조례의 위임에 따른 교육규칙으로 정한다.",위임,조례|교육규칙,5,조례 또는 조례의 위임에 따른 교육규칙에 규율권한을 넘기는 위임 규정이다.
P03624,"③ 직속기관과 교육지원청 소속 기관의 장의 직급, 하부조직 및 그 사무 분장에 관한 사항은 해당 시ㆍ도의 조례 또는 조례의 위임에 따른 교육규칙으로 정한다.",위임,조례|교육규칙,5,직급·하부조직·사무분장 사항을 조례 또는 조례의 위임에 따른 교육규칙에 넘기는 위임으로 두 법형식이 병기되었다.
P03625,"③ 직속기관과 교육지원청 소속 기관의 장의 직급, 하부조직 및 그 사무 분장에 관한 사항은 해당 시ㆍ도의 조례 또는 조례의 위임에 따른 교육규칙으로 정한다.",위임,조례|교육규칙,5,조례 또는 조례의 위임에 따른 교육규칙에 규율권한을 넘기는 위임이다.
P03626,"③ 직속기관과 교육지원청 소속 기관의 장의 직급, 하부조직 및 그 사무 분장에 관한 사항은 해당 시ㆍ도의 조례 또는 조례의 위임에 따른 교육규칙으로 정한다.",위임,조례|교육규칙,5,조례 또는 조례의 위임에 따른 교육규칙에 규율권한을 넘기는 병기 위임이다.
P03627,"③ 직속기관과 교육지원청 소속 기관의 장의 직급, 하부조직 및 그 사무 분장에 관한 사항은 해당 시ㆍ도의 조례 또는 조례의 위임에 따른 교육규칙으로 정한다.",위임,조례|교육규칙,5,직급·하부조직 등 사항을 조례 또는 조례의 위임에 따른 교육규칙에 넘기는 위임 규정이다.
P03628,"③ 직속기관과 교육지원청 소속 기관의 장의 직급, 하부조직 및 그 사무 분장에 관한 사항은 해당 시ㆍ도의 조례 또는 조례의 위임에 따른 교육규칙으로 정한다.",위임,조례|교육규칙,5,조례 또는 조례의 위임에 따른 교육규칙에 규율권한을 넘기는 위임으로 두 형식이 병기되었다.
P03629,"③ 직속기관과 교육지원청 소속 기관의 장의 직급, 하부조직 및 그 사무 분장에 관한 사항은 해당 시ㆍ도의 조례 또는 조례의 위임에 따른 교육규칙으로 정한다.",위임,조례|교육규칙,5,직급·하부조직·사무분장 사항을 조례 또는 조례의 위임에 따른 교육규칙에 넘기는 위임 규정이다.
P03630,"③ 직속기관과 교육지원청 소속 기관의 장의 직급, 하부조직 및 그 사무 분장에 관한 사항은 해당 시ㆍ도의 조례 또는 조례의 위임에 따른 교육규칙으로 정한다.",위임,조례|교육규칙,5,조례 또는 조례의 위임에 따른 교육규칙으로 정하도록 규율권한을 넘기므로 두 형식을 병기한다.
P03631,"③ 직속기관과 교육지원청 소속 기관의 장의 직급, 하부조직 및 그 사무 분장에 관한 사항은 해당 시ㆍ도의 조례 또는 조례의 위임에 따른 교육규칙으로 정한다.",위임,조례|교육규칙,5,조례 또는 조례의 위임에 따른 교육규칙에 규율권한을 넘기는 위임으로 두 형식이 병기되었다.
P03632,"③ 직속기관과 교육지원청 소속 기관의 장의 직급, 하부조직 및 그 사무 분장에 관한 사항은 해당 시ㆍ도의 조례 또는 조례의 위임에 따른 교육규칙으로 정한다.",위임,조례|교육규칙,5,조례 또는 조례의 위임에 따른 교육규칙에 규율권한을 넘기는 위임 규정이다.
P03633,"③ 직속기관과 교육지원청 소속 기관의 장의 직급, 하부조직 및 그 사무 분장에 관한 사항은 해당 시ㆍ도의 조례 또는 조례의 위임에 따른 교육규칙으로 정한다.",위임,조례|교육규칙,5,직급·하부조직·사무분장 사항을 조례 또는 조례의 위임에 따른 교육규칙에 넘기는 병기 위임이다.
P03634,"③ 직속기관과 교육지원청 소속 기관의 장의 직급, 하부조직 및 그 사무 분장에 관한 사항은 해당 시ㆍ도의 조례 또는 조례의 위임에 따른 교육규칙으로 정한다.",위임,조례|교육규칙,5,조례 또는 조례의 위임에 따른 교육규칙에 규율권한을 넘기는 위임으로 두 형식이 병기되었다.
P03635,"③ 직속기관과 교육지원청 소속 기관의 장의 직급, 하부조직 및 그 사무 분장에 관한 사항은 해당 시ㆍ도의 조례 또는 조례의 위임에 따른 교육규칙으로 정한다.",위임,조례|교육규칙,5,직급·하부조직·사무분장 사항을 조례 또는 조례 위임에 따른 교육규칙에 넘기는 위임으로 두 형식이 병기되었다.
P03636,"③ 직속기관과 교육지원청 소속 기관의 장의 직급, 하부조직 및 그 사무 분장에 관한 사항은 해당 시ㆍ도의 조례 또는 조례의 위임에 따른 교육규칙으로 정한다.",위임,조례|교육규칙,5,조례 또는 조례의 위임에 따른 교육규칙에 규율권한을 넘기는 위임 규정이다.
P03637,포함할 사항은 교육부령으로,판단불가,부령,3,문장이 중간에서 잘려 서술어가 없어 위임 종결 여부를 확정할 수 없으나 표지어구는 교육부령이다.
P03638,① 교육감은 조직 간 균형 있고 합리적인 정원관리를 위하여 지방공무원의 종류별ㆍ직급별 정원책정기준을 해당 시ㆍ도의 조례로 정한다.,위임,조례,5,정원책정기준을 시·도 조례로 정하도록 규율권한을 넘긴다.
P03639,① 교육감은 조직 간 균형 있고 합리적인 정원관리를 위하여 지방공무원의 종류별ㆍ직급별 정원책정기준을 해당 시ㆍ도의 조례로 정한다.,위임,조례,5,정원책정기준을 시·도 조례로 정하도록 규율권한을 넘긴다.
P03640,① 교육감은 조직 간 균형 있고 합리적인 정원관리를 위하여 지방공무원의 종류별ㆍ직급별 정원책정기준을 해당 시ㆍ도의 조례로 정한다.,위임,조례,5,정원책정기준을 해당 시·도 조례로 정하도록 규율권한을 넘긴다.
P03641,① 교육감은 조직 간 균형 있고 합리적인 정원관리를 위하여 지방공무원의 종류별ㆍ직급별 정원책정기준을 해당 시ㆍ도의 조례로 정한다.,위임,조례,5,정원책정기준을 시·도 조례로 정하도록 규율권한을 넘긴다.
P03642,① 교육감은 조직 간 균형 있고 합리적인 정원관리를 위하여 지방공무원의 종류별ㆍ직급별 정원책정기준을 해당 시ㆍ도의 조례로 정한다.,위임,조례,5,정원책정기준을 시·도 조례로 정하도록 규율권한을 넘긴다.
P03643,① 교육감은 조직 간 균형 있고 합리적인 정원관리를 위하여 지방공무원의 종류별ㆍ직급별 정원책정기준을 해당 시ㆍ도의 조례로 정한다.,위임,조례,5,정원책정기준을 시·도 조례로 정하도록 규율권한을 넘기는 위임이다.
P03644,① 교육감은 조직 간 균형 있고 합리적인 정원관리를 위하여 지방공무원의 종류별ㆍ직급별 정원책정기준을 해당 시ㆍ도의 조례로 정한다.,위임,조례,5,정원책정기준을 시·도 조례로 정하도록 규율권한을 넘긴다.
P03645,① 교육감은 조직 간 균형 있고 합리적인 정원관리를 위하여 지방공무원의 종류별ㆍ직급별 정원책정기준을 해당 시ㆍ도의 조례로 정한다.,위임,조례,5,정원책정기준을 시·도 조례로 정하도록 규율권한을 넘기는 위임이다.
P03646,① 교육감은 조직 간 균형 있고 합리적인 정원관리를 위하여 지방공무원의 종류별ㆍ직급별 정원책정기준을 해당 시ㆍ도의 조례로 정한다.,위임,조례,5,정원책정기준의 규율권한을 해당 시·도 조례에 넘기는 위임이다.
P03647,① 교육감은 조직 간 균형 있고 합리적인 정원관리를 위하여 지방공무원의 종류별ㆍ직급별 정원책정기준을 해당 시ㆍ도의 조례로 정한다.,위임,조례,5,정원책정기준을 시·도 조례로 정하도록 규율권한을 넘긴다.
P03648,① 교육감은 조직 간 균형 있고 합리적인 정원관리를 위하여 지방공무원의 종류별ㆍ직급별 정원책정기준을 해당 시ㆍ도의 조례로 정한다.,위임,조례,5,정원책정기준을 시·도 조례로 정하도록 규율권한을 넘기는 위임이다.
P03649,① 교육감은 조직 간 균형 있고 합리적인 정원관리를 위하여 지방공무원의 종류별ㆍ직급별 정원책정기준을 해당 시ㆍ도의 조례로 정한다.,위임,조례,5,정원책정기준을 시·도 조례로 정하도록 규율권한을 넘긴다.
P03650,① 교육감은 조직 간 균형 있고 합리적인 정원관리를 위하여 지방공무원의 종류별ㆍ직급별 정원책정기준을 해당 시ㆍ도의 조례로 정한다.,위임,조례,5,정원책정기준을 시·도 조례로 정하도록 규율권한을 넘기는 위임이다.
P03651,① 교육감은 조직 간 균형 있고 합리적인 정원관리를 위하여 지방공무원의 종류별ㆍ직급별 정원책정기준을 해당 시ㆍ도의 조례로 정한다.,위임,조례,5,정원책정기준을 시·도 조례로 정하도록 규율권한을 넘기는 위임이다.
P03652,① 교육감은 조직 간 균형 있고 합리적인 정원관리를 위하여 지방공무원의 종류별ㆍ직급별 정원책정기준을 해당 시ㆍ도의 조례로 정한다.,위임,조례,5,정원책정기준을 시·도 조례로 정하도록 규율권한을 넘기는 위임이다.
P03653,① 교육감은 조직 간 균형 있고 합리적인 정원관리를 위하여 지방공무원의 종류별ㆍ직급별 정원책정기준을 해당 시ㆍ도의 조례로 정한다.,위임,조례,5,정원책정기준을 해당 시·도의 조례로 정하도록 규율권한을 넘긴다.
P03654,"② 제1항에 따른 별정직 정원은 직무의 성격상 일반직 지방공무원으로 임용하기 곤란한 경우에만 교육감이 각 직무분야별·상당계급별로 책정하되, 그 수는 해당 시·도의 조례로 정하는 정원책정기준에 따라 최소한의 범위에 그쳐야 한다.",위임,조례,4,'조례로 정하는 정원책정기준'이라는 부분 위임 형태로 조례에 기준 설정 권한을 넘긴다.
P03655,"② 제1항에 따른 별정직 정원은 직무의 성격상 일반직 지방공무원으로 임용하기 곤란한 경우에만 교육감이 각 직무분야별·상당계급별로 책정하되, 그 수는 해당 시·도의 조례로 정하는 정원책정기준에 따라 최소한의 범위에 그쳐야 한다.",위임,조례,4,정원책정기준이라는 규율사항을 시·도 조례에 맡기는 부분 위임이다.
P03656,"② 제1항에 따른 별정직 정원은 직무의 성격상 일반직 지방공무원으로 임용하기 곤란한 경우에만 교육감이 각 직무분야별·상당계급별로 책정하되, 그 수는 해당 시·도의 조례로 정하는 정원책정기준에 따라 최소한의 범위에 그쳐야 한다.",위임,조례,4,'조례로 정하는 정원책정기준'이라는 부분 위임 형태로 조례에 규율권한을 넘긴다.
P03657,"② 제1항에 따른 별정직 정원은 직무의 성격상 일반직 지방공무원으로 임용하기 곤란한 경우에만 교육감이 각 직무분야별·상당계급별로 책정하되, 그 수는 해당 시·도의 조례로 정하는 정원책정기준에 따라 최소한의 범위에 그쳐야 한다.",위임,조례,4,'조례로 정하는 정원책정기준'이라는 현재형 부분위임으로 정원책정기준의 규율을 조례에 넘긴다.
P03658,"② 제1항에 따른 별정직 정원은 직무의 성격상 일반직 지방공무원으로 임용하기 곤란한 경우에만 교육감이 각 직무분야별·상당계급별로 책정하되, 그 수는 해당 시·도의 조례로 정하는 정원책정기준에 따라 최소한의 범위에 그쳐야 한다.",위임,조례,4,'조례로 정하는 정원책정기준'은 정원책정기준의 규율권한을 조례에 넘기는 부분 위임이다.
P03659,"② 제1항에 따른 별정직 정원은 직무의 성격상 일반직 지방공무원으로 임용하기 곤란한 경우에만 교육감이 각 직무분야별·상당계급별로 책정하되, 그 수는 해당 시·도의 조례로 정하는 정원책정기준에 따라 최소한의 범위에 그쳐야 한다.",위임,조례,4,'해당 시·도의 조례로 정하는 정원책정기준'은 정원책정기준의 내용을 조례에 맡기는 부분 위임이다.
P03660,"② 제1항에 따른 별정직 정원은 직무의 성격상 일반직 지방공무원으로 임용하기 곤란한 경우에만 교육감이 각 직무분야별·상당계급별로 책정하되, 그 수는 해당 시·도의 조례로 정하는 정원책정기준에 따라 최소한의 범위에 그쳐야 한다.",위임,조례,4,'해당 시·도의 조례로 정하는 정원책정기준'이라 하여 정원책정기준의 규율권한을 조례에 넘기는 부분 위임이다.
P03661,"② 제1항에 따른 별정직 정원은 직무의 성격상 일반직 지방공무원으로 임용하기 곤란한 경우에만 교육감이 각 직무분야별·상당계급별로 책정하되, 그 수는 해당 시·도의 조례로 정하는 정원책정기준에 따라 최소한의 범위에 그쳐야 한다.",위임,조례,4,'조례로 정하는 정원책정기준'이라는 부분 위임 형식으로 정원책정기준의 규율권한을 시·도 조례에 넘긴다.
P03662,"② 제1항에 따른 별정직 정원은 직무의 성격상 일반직 지방공무원으로 임용하기 곤란한 경우에만 교육감이 각 직무분야별·상당계급별로 책정하되, 그 수는 해당 시·도의 조례로 정하는 정원책정기준에 따라 최소한의 범위에 그쳐야 한다.",위임,조례,4,'조례로 정하는 정원책정기준'은 정원책정기준의 구체적 내용을 시·도 조례에 맡기는 부분 위임이다.
P03663,"② 제1항에 따른 별정직 정원은 직무의 성격상 일반직 지방공무원으로 임용하기 곤란한 경우에만 교육감이 각 직무분야별·상당계급별로 책정하되, 그 수는 해당 시·도의 조례로 정하는 정원책정기준에 따라 최소한의 범위에 그쳐야 한다.",위임,조례,4,'조례로 정하는 정원책정기준'은 정원책정기준 설정 권한을 조례에 넘기는 부분 위임이다.
P03664,"② 제1항에 따른 별정직 정원은 직무의 성격상 일반직 지방공무원으로 임용하기 곤란한 경우에만 교육감이 각 직무분야별·상당계급별로 책정하되, 그 수는 해당 시·도의 조례로 정하는 정원책정기준에 따라 최소한의 범위에 그쳐야 한다.",위임,조례,4,'조례로 정하는 정원책정기준'이라는 현재형 관형구로 정원책정기준의 구체화를 조례에 부분 위임한다.
P03665,"② 제1항에 따른 별정직 정원은 직무의 성격상 일반직 지방공무원으로 임용하기 곤란한 경우에만 교육감이 각 직무분야별·상당계급별로 책정하되, 그 수는 해당 시·도의 조례로 정하는 정원책정기준에 따라 최소한의 범위에 그쳐야 한다.",위임,조례,4,'조례로 정하는 정원책정기준'이라는 현재형 부분 위임으로 조례에 기준 규율권한을 넘긴다.
P03666,"② 제1항에 따른 별정직 정원은 직무의 성격상 일반직 지방공무원으로 임용하기 곤란한 경우에만 교육감이 각 직무분야별·상당계급별로 책정하되, 그 수는 해당 시·도의 조례로 정하는 정원책정기준에 따라 최소한의 범위에 그쳐야 한다.",위임,조례,4,'조례로 정하는 정원책정기준'이라는 부분 위임 형태로 조례에 규율권한을 넘긴다.
P03667,"② 제1항에 따른 별정직 정원은 직무의 성격상 일반직 지방공무원으로 임용하기 곤란한 경우에만 교육감이 각 직무분야별·상당계급별로 책정하되, 그 수는 해당 시·도의 조례로 정하는 정원책정기준에 따라 최소한의 범위에 그쳐야 한다.",위임,조례,4,'조례로 정하는 정원책정기준'이라는 현재형 관형절로 정원책정기준의 규율권한을 조례에 넘기는 부분 위임이다.
P03668,"② 제1항에 따른 별정직 정원은 직무의 성격상 일반직 지방공무원으로 임용하기 곤란한 경우에만 교육감이 각 직무분야별·상당계급별로 책정하되, 그 수는 해당 시·도의 조례로 정하는 정원책정기준에 따라 최소한의 범위에 그쳐야 한다.",위임,조례,4,정원책정기준이라는 규율사항을 시·도 조례에 넘기는 부분 위임이다.
P03669,"② 제1항에 따른 별정직 정원은 직무의 성격상 일반직 지방공무원으로 임용하기 곤란한 경우에만 교육감이 각 직무분야별·상당계급별로 책정하되, 그 수는 해당 시·도의 조례로 정하는 정원책정기준에 따라 최소한의 범위에 그쳐야 한다.",위임,조례,4,'조례로 정하는 정원책정기준'은 정원책정기준의 구체적 규율을 조례에 넘기는 부분 위임이다.
P03670,④ 한시정원과 직급별 정원은 해당 시ㆍ도의 조례로 정한다.,위임,조례,5,한시정원과 직급별 정원을 시·도 조례로 정하도록 규율권한을 넘긴다.
P03671,⑥ 제5항에 따른 한시정원의 존속기간은 3년의 범위에서 해당 시·도의 조례로 정한다.,위임,조례,5,한시정원 존속기간을 3년 범위 내에서 시·도 조례가 정하도록 규율권한을 넘긴다.
P03672,⑥ 제5항에 따른 한시정원의 존속기간은 3년의 범위에서 해당 시·도의 조례로 정한다.,위임,조례,5,한시정원 존속기간을 3년 범위 내에서 조례로 정하도록 규율권한을 넘기는 위임이다.
P03673,④ 한시정원과 직급별 정원은 해당 시ㆍ도의 조례로 정한다.,위임,조례,5,한시정원과 직급별 정원의 규율권한을 시·도 조례에 넘기는 위임 규정이다.
P03674,⑥ 제5항에 따른 한시정원의 존속기간은 3년의 범위에서 해당 시·도의 조례로 정한다.,위임,조례,5,존속기간의 구체적 사항을 3년 범위 내에서 조례로 정하도록 규율권한을 넘긴다.
P03675,④ 한시정원과 직급별 정원은 해당 시ㆍ도의 조례로 정한다.,위임,조례,5,한시정원과 직급별 정원에 관한 사항을 시·도 조례로 정하도록 규율권한을 넘긴다.
P03676,⑥ 제5항에 따른 한시정원의 존속기간은 3년의 범위에서 해당 시·도의 조례로 정한다.,위임,조례,5,한시정원 존속기간을 3년 범위 내에서 시·도 조례로 정하도록 규율권한을 넘긴다.
P03677,④ 한시정원과 직급별 정원은 해당 시ㆍ도의 조례로 정한다.,위임,조례,5,한시정원과 직급별 정원의 규율권한을 시·도 조례에 넘기는 위임이다.
P03678,"② 제13조에 따른 단위기관별 정원은 제1항에 따른 정원의 총수 범위에서 종류별ㆍ직급별로 구분하여 해당 시ㆍ도의 조례로 정한다. 다만, 다음 각 호의 어느 하나에 해당하는 정원은 조례로 그 총수만 정하고 그 범위에서 제13조제2항에 따른 단위기관별로 해당 시ㆍ도의 교육규칙으로 정한다.",위임,조례|교육규칙,5,"단위기관별 정원을 조례로, 일부는 조례가 정한 총수 범위에서 교육규칙으로 정하도록 규율권한을 넘긴다."
P03679,① 시·도 교육청에 두는 지방공무원 정원의 총수는 다음 각 호의 구분에 따라 해당 시·도의 조례로 정한다.,위임,조례,5,정원 총수를 시·도 조례로 정하도록 규율권한을 넘긴다.
P03680,④ 직렬별 정원(「지방전문경력관 규정」 제2조에 따른 지방전문경력관의 경우에는 같은 영 제4조제1항에 따른 직위군별 정원을 말한다)은 제1항에 따른 정원의 총수 범위에서 제13조제2항에 따른 단위기관별로 해당 시·도의 교육규칙으로 정한다,위임,교육규칙,5,"직렬별 정원을 시·도 교육규칙으로 정하도록 규율권한을 넘기며, 「지방전문경력관 규정」 부분은 정의 원용에 불과하다."
P03681,"② 제13조에 따른 단위기관별 정원은 제1항에 따른 정원의 총수 범위에서 종류별·직급별로 구분하여 해당 시·도의 조례로 정한다. 다만, 다음 각 호의 어느 하나에 해당하는 정원은 조례로 그 총수만 정하고 그 범위에서 제13조제2항에 따른 단위기관별로 해당 시·도의 교육규칙으로 정한다",위임,조례|교육규칙,5,"단위기관별 정원을 조례로, 일부는 그 범위에서 교육규칙으로 정하도록 병기 위임한다."
P03682,"② 제13조에 따른 단위기관별 정원은 제1항에 따른 정원의 총수 범위에서 종류별ㆍ직급별로 구분하여 해당 시ㆍ도의 조례로 정한다. 다만, 다음 각 호의 어느 하나에 해당하는 정원은 조례로 그 총수만 정하고 그 범위에서 제13조제2항에 따른 단위기관별로 해당 시ㆍ도의 교육규칙으로 정한다.",위임,조례|교육규칙,5,단위기관별 정원을 조례로 정하고 일부는 교육규칙으로 정하도록 규율권한을 넘기므로 두 법형식이 병기된 위임이다.
P03683,"② 제13조에 따른 단위기관별 정원은 제1항에 따른 정원의 총수 범위에서 종류별ㆍ직급별로 구분하여 해당 시ㆍ도의 조례로 정한다. 다만, 다음 각 호의 어느 하나에 해당하는 정원은 조례로 그 총수만 정하고 그 범위에서 제13조제2항에 따른 단위기관별로 해당 시ㆍ도의 교육규칙으로 정한다.",위임,조례|교육규칙,5,"단위기관별 정원을 조례로, 일부는 교육규칙으로 정하도록 규율권한을 병기하여 위임한다."
P03684,① 시·도 교육청에 두는 지방공무원 정원의 총수는 다음 각 호의 구분에 따라 해당 시·도의 조례로 정한다.,위임,조례,5,지방공무원 정원 총수를 시·도 조례로 정하도록 규율권한을 넘긴다.
P03685,"② 제13조에 따른 단위기관별 정원은 제1항에 따른 정원의 총수 범위에서 종류별ㆍ직급별로 구분하여 해당 시ㆍ도의 조례로 정한다. 다만, 다음 각 호의 어느 하나에 해당하는 정원은 조례로 그 총수만 정하고 그 범위에서 제13조제2항에 따른 단위기관별로 해당 시ㆍ도의 교육규칙으로 정한다.",위임,조례|교육규칙,5,"단위기관별 정원을 조례로, 일부는 그 범위에서 교육규칙으로 정하도록 규율권한을 넘긴다."
P03686,"② 제13조에 따른 단위기관별 정원은 제1항에 따른 정원의 총수 범위에서 종류별ㆍ직급별로 구분하여 해당 시ㆍ도의 조례로 정한다. 다만, 다음 각 호의 어느 하나에 해당하는 정원은 조례로 그 총수만 정하고 그 범위에서 제13조제2항에 따른 단위기관별로 해당 시ㆍ도의 교육규칙으로 정한다.",위임,조례|교육규칙,5,"단위기관별 정원을 조례로, 단서에서는 그 범위에서 교육규칙으로 정하도록 규율권한을 넘긴다."
P03687,① 시·도 교육청에 두는 지방공무원 정원의 총수는 다음 각 호의 구분에 따라 해당 시·도의 조례로 정한다.,위임,조례,5,지방공무원 정원 총수를 시·도 조례로 정하도록 규율권한을 넘긴다.
P03688,④ 직렬별 정원(「지방전문경력관 규정」 제2조에 따른 지방전문경력관의 경우에는 같은 영 제4조제1항에 따른 직위군별 정원을 말한다)은 제1항에 따른 정원의 총수 범위에서 제13조제2항에 따른 단위기관별로 해당 시·도의 교육규칙으로 정한다,위임,교육규칙,5,"직렬별 정원을 시·도 교육규칙으로 정하도록 규율권한을 넘기는 위임이며, 「지방전문경력관 규정」 언급은 정의 원용에 불과하다."
P03689,"② 제13조에 따른 단위기관별 정원은 제1항에 따른 정원의 총수 범위에서 종류별·직급별로 구분하여 해당 시·도의 조례로 정한다. 다만, 다음 각 호의 어느 하나에 해당하는 정원은 조례로 그 총수만 정하고 그 범위에서 제13조제2항에 따른 단위기관별로 해당 시·도의 교육규칙으로 정한다",위임,조례|교육규칙,5,"단위기관별 정원을 조례로, 단서에서는 조례로 총수만 정하고 그 범위에서 교육규칙으로 정하도록 규율권한을 넘긴다."
P03690,"② 제13조에 따른 단위기관별 정원은 제1항에 따른 정원의 총수 범위에서 종류별ㆍ직급별로 구분하여 해당 시ㆍ도의 조례로 정한다. 다만, 다음 각 호의 어느 하나에 해당하는 정원은 조례로 그 총수만 정하고 그 범위에서 제13조제2항에 따른 단위기관별로 해당 시ㆍ도의 교육규칙으로 정한다.",위임,조례|교육규칙,5,단위기관별 정원의 규율을 조례와 교육규칙에 각각 넘기는 위임 규정이다.
P03691,"② 제13조에 따른 단위기관별 정원은 제1항에 따른 정원의 총수 범위에서 종류별ㆍ직급별로 구분하여 해당 시ㆍ도의 조례로 정한다. 다만, 다음 각 호의 어느 하나에 해당하는 정원은 조례로 그 총수만 정하고 그 범위에서 제13조제2항에 따른 단위기관별로 해당 시ㆍ도의 교육규칙으로 정한다.",위임,조례|교육규칙,5,"단위기관별 정원을 조례로, 일부는 교육규칙으로 정하도록 규율권한을 넘기는 병기 위임이다."
P03692,① 시·도 교육청에 두는 지방공무원 정원의 총수는 다음 각 호의 구분에 따라 해당 시·도의 조례로 정한다.,위임,조례,5,지방공무원 정원 총수를 시·도 조례로 정하도록 규율권한을 넘긴다.
P03693,④ 직렬별 정원(「지방전문경력관 규정」 제2조에 따른 지방전문경력관의 경우에는 같은 영 제4조제1항에 따른 직위군별 정원을 말한다)은 제1항에 따른 정원의 총수 범위에서 제13조제2항에 따른 단위기관별로 해당 시·도의 교육규칙으로 정한다,위임,교육규칙,5,"직렬별 정원을 시·도 교육규칙으로 정하도록 규율권한을 넘기는 위임이며, 법령 인용은 정의 원용에 불과하다."
P03694,"② 제13조에 따른 단위기관별 정원은 제1항에 따른 정원의 총수 범위에서 종류별·직급별로 구분하여 해당 시·도의 조례로 정한다. 다만, 다음 각 호의 어느 하나에 해당하는 정원은 조례로 그 총수만 정하고 그 범위에서 제13조제2항에 따른 단위기관별로 해당 시·도의 교육규칙으로 정한다",위임,조례|교육규칙,5,"단위기관별 정원을 조례로, 단서의 경우 총수 범위에서 교육규칙으로 정하도록 규율권한을 넘긴다."
P03695,"② 제13조에 따른 단위기관별 정원은 제1항에 따른 정원의 총수 범위에서 종류별ㆍ직급별로 구분하여 해당 시ㆍ도의 조례로 정한다. 다만, 다음 각 호의 어느 하나에 해당하는 정원은 조례로 그 총수만 정하고 그 범위에서 제13조제2항에 따른 단위기관별로 해당 시ㆍ도의 교육규칙으로 정한다.",위임,조례|교육규칙,5,"단위기관별 정원을 조례로, 예외적으로 교육규칙으로 정하도록 규율권한을 넘기므로 두 법형식을 병기한다."
P03696,"② 제13조에 따른 단위기관별 정원은 제1항에 따른 정원의 총수 범위에서 종류별ㆍ직급별로 구분하여 해당 시ㆍ도의 조례로 정한다. 다만, 다음 각 호의 어느 하나에 해당하는 정원은 조례로 그 총수만 정하고 그 범위에서 제13조제2항에 따른 단위기관별로 해당 시ㆍ도의 교육규칙으로 정한다.",위임,조례|교육규칙,5,"단위기관별 정원을 조례로, 일부는 교육규칙으로 정하도록 규율권한을 넘기는 병기 위임이다."
P03697,"② 제13조에 따른 단위기관별 정원은 제1항에 따른 정원의 총수 범위에서 종류별·직급별로 구분하여 해당 시·도의 조례로 정한다. 다만, 다음 각 호의 어느 하나에 해당하는 정원은 조례로 그 총수만 정하고 그 범위에서 제13조제2항에 따른 단위기관별로 해당 시·도의 교육규칙으로 정한다",위임,조례|교육규칙,5,단위기관별 정원을 조례로 정하고 일부는 조례가 정한 총수 범위에서 교육규칙으로 정하도록 두 법형식에 규율권한을 넘긴다.
P03698,④ 직렬별 정원(「지방전문경력관 규정」 제2조에 따른 지방전문경력관의 경우에는 같은 영 제4조제1항에 따른 직위군별 정원을 말한다)은 제1항에 따른 정원의 총수 범위에서 제13조제2항에 따른 단위기관별로 해당 시·도의 교육규칙으로 정한다,위임,교육규칙,5,"직렬별 정원을 시·도 교육규칙으로 정하도록 규율권한을 넘기는 위임이며, 「지방전문경력관 규정」 언급은 정의 원용에 불과하다."
P03699,"② 제13조에 따른 단위기관별 정원은 제1항에 따른 정원의 총수 범위에서 종류별ㆍ직급별로 구분하여 해당 시ㆍ도의 조례로 정한다. 다만, 다음 각 호의 어느 하나에 해당하는 정원은 조례로 그 총수만 정하고 그 범위에서 제13조제2항에 따른 단위기관별로 해당 시ㆍ도의 교육규칙으로 정한다.",위임,조례|교육규칙,5,단위기관별 정원을 조례로 정하고 일부는 교육규칙으로 정하도록 규율권한을 넘기는 위임이다.
P03700,"② 제13조에 따른 단위기관별 정원은 제1항에 따른 정원의 총수 범위에서 종류별ㆍ직급별로 구분하여 해당 시ㆍ도의 조례로 정한다. 다만, 다음 각 호의 어느 하나에 해당하는 정원은 조례로 그 총수만 정하고 그 범위에서 제13조제2항에 따른 단위기관별로 해당 시ㆍ도의 교육규칙으로 정한다.",위임,조례|교육규칙,5,"단위기관별 정원을 조례로, 단서에서는 조례가 정한 총수 범위에서 교육규칙으로 정하도록 병기 위임한다."
P03701,① 시·도 교육청에 두는 지방공무원 정원의 총수는 다음 각 호의 구분에 따라 해당 시·도의 조례로 정한다.,위임,조례,5,지방공무원 정원 총수를 시·도 조례로 정하도록 규율권한을 넘긴다.
P03702,④ 직렬별 정원(「지방전문경력관 규정」 제2조에 따른 지방전문경력관의 경우에는 같은 영 제4조제1항에 따른 직위군별 정원을 말한다)은 제1항에 따른 정원의 총수 범위에서 제13조제2항에 따른 단위기관별로 해당 시·도의 교육규칙으로 정한다,위임,교육규칙,5,직렬별 정원을 시·도 교육규칙으로 정하도록 규율권한을 넘기는 위임이다.
P03703,"② 제13조에 따른 단위기관별 정원은 제1항에 따른 정원의 총수 범위에서 종류별·직급별로 구분하여 해당 시·도의 조례로 정한다. 다만, 다음 각 호의 어느 하나에 해당하는 정원은 조례로 그 총수만 정하고 그 범위에서 제13조제2항에 따른 단위기관별로 해당 시·도의 교육규칙으로 정한다",위임,조례|교육규칙,5,"단위기관별 정원을 조례로, 일부는 조례가 정한 총수 범위에서 교육규칙으로 정하도록 병기 위임한다."
P03704,"② 제13조에 따른 단위기관별 정원은 제1항에 따른 정원의 총수 범위에서 종류별ㆍ직급별로 구분하여 해당 시ㆍ도의 조례로 정한다. 다만, 다음 각 호의 어느 하나에 해당하는 정원은 조례로 그 총수만 정하고 그 범위에서 제13조제2항에 따른 단위기관별로 해당 시ㆍ도의 교육규칙으로 정한다.",위임,조례|교육규칙,5,"단위기관별 정원을 조례로, 일부는 교육규칙으로 정하도록 규율권한을 넘기는 병기 위임이다."
P03705,"② 제13조에 따른 단위기관별 정원은 제1항에 따른 정원의 총수 범위에서 종류별ㆍ직급별로 구분하여 해당 시ㆍ도의 조례로 정한다. 다만, 다음 각 호의 어느 하나에 해당하는 정원은 조례로 그 총수만 정하고 그 범위에서 제13조제2항에 따른 단위기관별로 해당 시ㆍ도의 교육규칙으로 정한다.",위임,조례|교육규칙,5,"단위기관별 정원을 조례로, 일부는 교육규칙으로 정하도록 규율권한을 넘기므로 두 법형식을 병기한다."
P03706,① 시·도 교육청에 두는 지방공무원 정원의 총수는 다음 각 호의 구분에 따라 해당 시·도의 조례로 정한다.,위임,조례,5,지방공무원 정원 총수를 시·도 조례로 정하도록 규율권한을 넘긴다.
P03707,④ 직렬별 정원(「지방전문경력관 규정」 제2조에 따른 지방전문경력관의 경우에는 같은 영 제4조제1항에 따른 직위군별 정원을 말한다)은 제1항에 따른 정원의 총수 범위에서 제13조제2항에 따른 단위기관별로 해당 시·도의 교육규칙으로 정한다,위임,교육규칙,5,"직렬별 정원을 시·도 교육규칙으로 정하도록 규율권한을 넘기는 위임이며, 「지방전문경력관 규정」 인용은 부수적이다."
P03708,"② 제13조에 따른 단위기관별 정원은 제1항에 따른 정원의 총수 범위에서 종류별·직급별로 구분하여 해당 시·도의 조례로 정한다. 다만, 다음 각 호의 어느 하나에 해당하는 정원은 조례로 그 총수만 정하고 그 범위에서 제13조제2항에 따른 단위기관별로 해당 시·도의 교육규칙으로 정한다",위임,조례|교육규칙,5,단위기관별 정원을 조례로 정하고 일부는 조례로 총수만 정한 뒤 교육규칙으로 정하도록 두 법형식에 규율권한을 위임한다.
P03709,"② 제13조에 따른 단위기관별 정원은 제1항에 따른 정원의 총수 범위에서 종류별ㆍ직급별로 구분하여 해당 시ㆍ도의 조례로 정한다. 다만, 다음 각 호의 어느 하나에 해당하는 정원은 조례로 그 총수만 정하고 그 범위에서 제13조제2항에 따른 단위기관별로 해당 시ㆍ도의 교육규칙으로 정한다.",위임,조례|교육규칙,5,"단위기관별 정원을 조례로, 일부는 교육규칙으로 정하도록 규율권한을 넘기는 병기 위임이다."
P03710,"② 제13조에 따른 단위기관별 정원은 제1항에 따른 정원의 총수 범위에서 종류별ㆍ직급별로 구분하여 해당 시ㆍ도의 조례로 정한다. 다만, 다음 각 호의 어느 하나에 해당하는 정원은 조례로 그 총수만 정하고 그 범위에서 제13조제2항에 따른 단위기관별로 해당 시ㆍ도의 교육규칙으로 정한다.",위임,조례|교육규칙,5,단위기관별 정원을 조례로 정하게 하고 일부는 조례가 정한 범위에서 교육규칙으로 정하도록 병기 위임한다.
P03711,① 시·도 교육청에 두는 지방공무원 정원의 총수는 다음 각 호의 구분에 따라 해당 시·도의 조례로 정한다.,위임,조례,5,지방공무원 정원 총수를 시·도 조례로 정하도록 규율권한을 넘긴다.
P03712,④ 직렬별 정원(「지방전문경력관 규정」 제2조에 따른 지방전문경력관의 경우에는 같은 영 제4조제1항에 따른 직위군별 정원을 말한다)은 제1항에 따른 정원의 총수 범위에서 제13조제2항에 따른 단위기관별로 해당 시·도의 교육규칙으로 정한다,위임,교육규칙,5,직렬별 정원을 시·도 교육규칙으로 정하도록 규율권한을 넘긴다.
P03713,"② 제13조에 따른 단위기관별 정원은 제1항에 따른 정원의 총수 범위에서 종류별·직급별로 구분하여 해당 시·도의 조례로 정한다. 다만, 다음 각 호의 어느 하나에 해당하는 정원은 조례로 그 총수만 정하고 그 범위에서 제13조제2항에 따른 단위기관별로 해당 시·도의 교육규칙으로 정한다",위임,조례|교육규칙,5,"단위기관별 정원을 조례로, 일부는 그 범위에서 교육규칙으로 정하도록 규율권한을 넘기므로 두 법형식을 병기한다."
P03714,"② 제13조에 따른 단위기관별 정원은 제1항에 따른 정원의 총수 범위에서 종류별ㆍ직급별로 구분하여 해당 시ㆍ도의 조례로 정한다. 다만, 다음 각 호의 어느 하나에 해당하는 정원은 조례로 그 총수만 정하고 그 범위에서 제13조제2항에 따른 단위기관별로 해당 시ㆍ도의 교육규칙으로 정한다.",위임,조례|교육규칙,5,"단위기관별 정원을 조례로, 일부는 교육규칙으로 정하도록 규율권한을 넘기는 위임이다."
P03715,"② 제13조에 따른 단위기관별 정원은 제1항에 따른 정원의 총수 범위에서 종류별ㆍ직급별로 구분하여 해당 시ㆍ도의 조례로 정한다. 다만, 다음 각 호의 어느 하나에 해당하는 정원은 조례로 그 총수만 정하고 그 범위에서 제13조제2항에 따른 단위기관별로 해당 시ㆍ도의 교육규칙으로 정한다.",위임,조례|교육규칙,5,단위기관별 정원을 조례로 정하게 하고 일부는 조례가 정한 총수 범위에서 교육규칙으로 정하도록 위임한다.
P03716,① 시·도 교육청에 두는 지방공무원 정원의 총수는 다음 각 호의 구분에 따라 해당 시·도의 조례로 정한다.,위임,조례,5,지방공무원 정원 총수를 시·도 조례로 정하도록 규율권한을 넘긴다.
P03717,"② 제13조에 따른 단위기관별 정원은 제1항에 따른 정원의 총수 범위에서 종류별ㆍ직급별로 구분하여 해당 시ㆍ도의 조례로 정한다. 다만, 다음 각 호의 어느 하나에 해당하는 정원은 조례로 그 총수만 정하고 그 범위에서 제13조제2항에 따른 단위기관별로 해당 시ㆍ도의 교육규칙으로 정한다.",위임,조례|교육규칙,5,"단위기관별 정원을 조례로, 일부 정원은 조례가 정한 총수 범위에서 교육규칙으로 정하도록 규율권한을 넘긴다."
P03718,① 시·도 교육청에 두는 지방공무원 정원의 총수는 다음 각 호의 구분에 따라 해당 시·도의 조례로 정한다.,위임,조례,5,지방공무원 정원 총수를 시·도 조례로 정하도록 규율권한을 넘긴다.
P03719,"② 제13조에 따른 단위기관별 정원은 제1항에 따른 정원의 총수 범위에서 종류별·직급별로 구분하여 해당 시·도의 조례로 정한다. 다만, 다음 각 호의 어느 하나에 해당하는 정원은 조례로 그 총수만 정하고 그 범위에서 제13조제2항에 따른 단위기관별로 해당 시·도의 교육규칙으로 정한다",위임,조례|교육규칙,5,"단위기관별 정원을 조례로, 일부는 조례가 정한 총수 범위에서 교육규칙으로 정하도록 병기 위임한다."
P03720,"② 제13조에 따른 단위기관별 정원은 제1항에 따른 정원의 총수 범위에서 종류별ㆍ직급별로 구분하여 해당 시ㆍ도의 조례로 정한다. 다만, 다음 각 호의 어느 하나에 해당하는 정원은 조례로 그 총수만 정하고 그 범위에서 제13조제2항에 따른 단위기관별로 해당 시ㆍ도의 교육규칙으로 정한다.",위임,조례|교육규칙,5,단위기관별 정원을 조례로 정하고 일부는 교육규칙으로 정하도록 두 법형식에 규율권한을 넘긴다.
P03721,"② 제13조에 따른 단위기관별 정원은 제1항에 따른 정원의 총수 범위에서 종류별ㆍ직급별로 구분하여 해당 시ㆍ도의 조례로 정한다. 다만, 다음 각 호의 어느 하나에 해당하는 정원은 조례로 그 총수만 정하고 그 범위에서 제13조제2항에 따른 단위기관별로 해당 시ㆍ도의 교육규칙으로 정한다.",위임,조례|교육규칙,5,"단위기관별 정원을 조례로, 예외적으로 교육규칙으로 정하도록 규율권한을 넘기는 병기 위임이다."
P03722,① 시·도 교육청에 두는 지방공무원 정원의 총수는 다음 각 호의 구분에 따라 해당 시·도의 조례로 정한다.,위임,조례,5,정원 총수를 시·도 조례로 정하도록 규율권한을 넘기는 위임이다.
P03723,④ 직렬별 정원(「지방전문경력관 규정」 제2조에 따른 지방전문경력관의 경우에는 같은 영 제4조제1항에 따른 직위군별 정원을 말한다)은 제1항에 따른 정원의 총수 범위에서 제13조제2항에 따른 단위기관별로 해당 시·도의 교육규칙으로 정한다,위임,교육규칙,5,"직렬별 정원을 시·도 교육규칙으로 정하도록 규율권한을 넘기는 위임이며, 「지방전문경력관 규정」 인용은 정의 원용에 불과하다."
P03724,"② 제13조에 따른 단위기관별 정원은 제1항에 따른 정원의 총수 범위에서 종류별·직급별로 구분하여 해당 시·도의 조례로 정한다. 다만, 다음 각 호의 어느 하나에 해당하는 정원은 조례로 그 총수만 정하고 그 범위에서 제13조제2항에 따른 단위기관별로 해당 시·도의 교육규칙으로 정한다",위임,조례|교육규칙,5,"단위기관별 정원을 조례로, 일부는 조례가 정한 총수 범위에서 교육규칙으로 정하도록 병기 위임한다."
P03725,"② 제13조에 따른 단위기관별 정원은 제1항에 따른 정원의 총수 범위에서 종류별ㆍ직급별로 구분하여 해당 시ㆍ도의 조례로 정한다. 다만, 다음 각 호의 어느 하나에 해당하는 정원은 조례로 그 총수만 정하고 그 범위에서 제13조제2항에 따른 단위기관별로 해당 시ㆍ도의 교육규칙으로 정한다.",위임,조례|교육규칙,5,단위기관별 정원을 조례 및 교육규칙으로 정하도록 규율권한을 넘기며 두 법형식이 병기되었다.
P03726,"② 제13조에 따른 단위기관별 정원은 제1항에 따른 정원의 총수 범위에서 종류별ㆍ직급별로 구분하여 해당 시ㆍ도의 조례로 정한다. 다만, 다음 각 호의 어느 하나에 해당하는 정원은 조례로 그 총수만 정하고 그 범위에서 제13조제2항에 따른 단위기관별로 해당 시ㆍ도의 교육규칙으로 정한다.",위임,조례|교육규칙,5,단위기관별 정원을 조례로 정하도록 하고 일부는 조례가 정한 총수 범위에서 교육규칙으로 정하도록 위임한다.
P03727,① 시·도 교육청에 두는 지방공무원 정원의 총수는 다음 각 호의 구분에 따라 해당 시·도의 조례로 정한다.,위임,조례,5,지방공무원 정원 총수를 시·도 조례로 정하도록 규율권한을 넘긴다.
P03728,"② 제13조에 따른 단위기관별 정원은 제1항에 따른 정원의 총수 범위에서 종류별ㆍ직급별로 구분하여 해당 시ㆍ도의 조례로 정한다. 다만, 다음 각 호의 어느 하나에 해당하는 정원은 조례로 그 총수만 정하고 그 범위에서 제13조제2항에 따른 단위기관별로 해당 시ㆍ도의 교육규칙으로 정한다.",위임,조례|교육규칙,5,"단위기관별 정원을 조례로, 단서에서 교육규칙으로 정하도록 규율권한을 넘긴다."
P03729,"② 제13조에 따른 단위기관별 정원은 제1항에 따른 정원의 총수 범위에서 종류별ㆍ직급별로 구분하여 해당 시ㆍ도의 조례로 정한다. 다만, 다음 각 호의 어느 하나에 해당하는 정원은 조례로 그 총수만 정하고 그 범위에서 제13조제2항에 따른 단위기관별로 해당 시ㆍ도의 교육규칙으로 정한다.",위임,조례|교육규칙,5,"단위기관별 정원을 조례로, 일부는 교육규칙으로 정하도록 규율권한을 병기하여 넘긴다."
P03730,"② 제13조에 따른 단위기관별 정원은 제1항에 따른 정원의 총수 범위에서 종류별·직급별로 구분하여 해당 시·도의 조례로 정한다. 다만, 다음 각 호의 어느 하나에 해당하는 정원은 조례로 그 총수만 정하고 그 범위에서 제13조제2항에 따른 단위기관별로 해당 시·도의 교육규칙으로 정한다",위임,조례|교육규칙,5,단위기관별 정원을 조례로 정하고 일부는 조례로 총수만 정한 범위에서 교육규칙으로 정하도록 병기 위임한다.
P03731,④ 직렬별 정원(「지방전문경력관 규정」 제2조에 따른 지방전문경력관의 경우에는 같은 영 제4조제1항에 따른 직위군별 정원을 말한다)은 제1항에 따른 정원의 총수 범위에서 제13조제2항에 따른 단위기관별로 해당 시·도의 교육규칙으로 정한다,위임,교육규칙,5,"직렬별 정원을 시·도 교육규칙으로 정하도록 규율권한을 넘기는 위임이며, 다른 영의 언급은 정의 원용에 불과하다."
P03732,① 시·도 교육청에 두는 지방공무원 정원의 총수는 다음 각 호의 구분에 따라 해당 시·도의 조례로 정한다.,위임,조례,5,지방공무원 정원 총수를 시·도 조례로 정하도록 규율권한을 넘긴다.
P03733,④ 직렬별 정원(「지방전문경력관 규정」 제2조에 따른 지방전문경력관의 경우에는 같은 영 제4조제1항에 따른 직위군별 정원을 말한다)은 제1항에 따른 정원의 총수 범위에서 제13조제2항에 따른 단위기관별로 해당 시·도의 교육규칙으로 정한다,위임,교육규칙,5,직렬별 정원을 시·도 교육규칙으로 정하도록 규율권한을 넘긴다.
P03734,"② 제13조에 따른 단위기관별 정원은 제1항에 따른 정원의 총수 범위에서 종류별·직급별로 구분하여 해당 시·도의 조례로 정한다. 다만, 다음 각 호의 어느 하나에 해당하는 정원은 조례로 그 총수만 정하고 그 범위에서 제13조제2항에 따른 단위기관별로 해당 시·도의 교육규칙으로 정한다",위임,조례|교육규칙,5,"단위기관별 정원을 조례로, 그 범위에서 교육규칙으로 정하도록 병기하여 위임한다."
P03735,"② 제13조에 따른 단위기관별 정원은 제1항에 따른 정원의 총수 범위에서 종류별ㆍ직급별로 구분하여 해당 시ㆍ도의 조례로 정한다. 다만, 다음 각 호의 어느 하나에 해당하는 정원은 조례로 그 총수만 정하고 그 범위에서 제13조제2항에 따른 단위기관별로 해당 시ㆍ도의 교육규칙으로 정한다.",위임,조례|교육규칙,5,단위기관별 정원을 조례와 교육규칙에 각각 규율권한을 넘기는 병기 위임이다.
P03736,"② 제13조에 따른 단위기관별 정원은 제1항에 따른 정원의 총수 범위에서 종류별ㆍ직급별로 구분하여 해당 시ㆍ도의 조례로 정한다. 다만, 다음 각 호의 어느 하나에 해당하는 정원은 조례로 그 총수만 정하고 그 범위에서 제13조제2항에 따른 단위기관별로 해당 시ㆍ도의 교육규칙으로 정한다.",위임,조례|교육규칙,5,"단위기관별 정원을 조례로, 일부는 교육규칙으로 정하도록 규율권한을 넘기는 병기 위임이다."
P03737,"② 제13조에 따른 단위기관별 정원은 제1항에 따른 정원의 총수 범위에서 종류별·직급별로 구분하여 해당 시·도의 조례로 정한다. 다만, 다음 각 호의 어느 하나에 해당하는 정원은 조례로 그 총수만 정하고 그 범위에서 제13조제2항에 따른 단위기관별로 해당 시·도의 교육규칙으로 정한다",위임,조례|교육규칙,5,단위기관별 정원을 조례로 정하고 일부는 그 범위에서 교육규칙으로 정하도록 규율권한을 넘긴다.
P03738,④ 직렬별 정원(「지방전문경력관 규정」 제2조에 따른 지방전문경력관의 경우에는 같은 영 제4조제1항에 따른 직위군별 정원을 말한다)은 제1항에 따른 정원의 총수 범위에서 제13조제2항에 따른 단위기관별로 해당 시·도의 교육규칙으로 정한다,위임,교육규칙,5,"직렬별 정원을 시·도 교육규칙으로 정하도록 규율권한을 넘기는 위임이며, 괄호 안 법령 인용은 정의 원용에 불과하다."
P03739,"② 제13조에 따른 단위기관별 정원은 제1항에 따른 정원의 총수 범위에서 종류별ㆍ직급별로 구분하여 해당 시ㆍ도의 조례로 정한다. 다만, 다음 각 호의 어느 하나에 해당하는 정원은 조례로 그 총수만 정하고 그 범위에서 제13조제2항에 따른 단위기관별로 해당 시ㆍ도의 교육규칙으로 정한다.",위임,조례|교육규칙,5,단위기관별 정원 규율권한을 조례와 교육규칙에 병기하여 넘기는 위임이다.
P03740,"② 제13조에 따른 단위기관별 정원은 제1항에 따른 정원의 총수 범위에서 종류별ㆍ직급별로 구분하여 해당 시ㆍ도의 조례로 정한다. 다만, 다음 각 호의 어느 하나에 해당하는 정원은 조례로 그 총수만 정하고 그 범위에서 제13조제2항에 따른 단위기관별로 해당 시ㆍ도의 교육규칙으로 정한다.",위임,조례|교육규칙,5,"단위기관별 정원을 조례로, 일부는 교육규칙으로 정하도록 규율권한을 병기하여 넘긴다."
P03741,① 시·도 교육청에 두는 지방공무원 정원의 총수는 다음 각 호의 구분에 따라 해당 시·도의 조례로 정한다.,위임,조례,5,정원 총수를 각 호의 구분에 따라 시·도 조례로 정하도록 규율권한을 넘긴다.
P03742,④ 직렬별 정원(「지방전문경력관 규정」 제2조에 따른 지방전문경력관의 경우에는 같은 영 제4조제1항에 따른 직위군별 정원을 말한다)은 제1항에 따른 정원의 총수 범위에서 제13조제2항에 따른 단위기관별로 해당 시·도의 교육규칙으로 정한다,위임,교육규칙,5,"직렬별 정원을 시·도의 교육규칙으로 정하도록 규율권한을 넘기며, 「지방전문경력관 규정」 언급은 정의 원용에 불과하다."
P03743,"② 제13조에 따른 단위기관별 정원은 제1항에 따른 정원의 총수 범위에서 종류별·직급별로 구분하여 해당 시·도의 조례로 정한다. 다만, 다음 각 호의 어느 하나에 해당하는 정원은 조례로 그 총수만 정하고 그 범위에서 제13조제2항에 따른 단위기관별로 해당 시·도의 교육규칙으로 정한다",위임,조례|교육규칙,5,"단위기관별 정원을 조례로, 단서의 경우 총수는 조례·세부는 교육규칙으로 정하도록 규율권한을 넘긴다."
P03744,"② 제13조에 따른 단위기관별 정원은 제1항에 따른 정원의 총수 범위에서 종류별ㆍ직급별로 구분하여 해당 시ㆍ도의 조례로 정한다. 다만, 다음 각 호의 어느 하나에 해당하는 정원은 조례로 그 총수만 정하고 그 범위에서 제13조제2항에 따른 단위기관별로 해당 시ㆍ도의 교육규칙으로 정한다.",위임,조례|교육규칙,5,단위기관별 정원을 조례로 정하도록 위임하고 일부는 교육규칙에 재위임하므로 두 법형식이 병기된 위임이다.
P03745,"② 제13조에 따른 단위기관별 정원은 제1항에 따른 정원의 총수 범위에서 종류별ㆍ직급별로 구분하여 해당 시ㆍ도의 조례로 정한다. 다만, 다음 각 호의 어느 하나에 해당하는 정원은 조례로 그 총수만 정하고 그 범위에서 제13조제2항에 따른 단위기관별로 해당 시ㆍ도의 교육규칙으로 정한다.",위임,조례|교육규칙,5,"단위기관별 정원을 조례로, 일부는 교육규칙으로 정하도록 규율권한을 넘기므로 두 형식을 병기한다."
P03746,① 시·도 교육청에 두는 지방공무원 정원의 총수는 다음 각 호의 구분에 따라 해당 시·도의 조례로 정한다.,위임,조례,5,지방공무원 정원 총수를 시·도 조례로 정하도록 규율권한을 넘긴다.
P03747,① 시·도 교육청에 두는 지방공무원 정원의 총수는 다음 각 호의 구분에 따라 해당 시·도의 조례로 정한다.,위임,조례,5,지방공무원 정원 총수를 시·도 조례로 정하도록 규율권한을 넘긴다.
P03748,④ 직렬별 정원(「지방전문경력관 규정」 제2조에 따른 지방전문경력관의 경우에는 같은 영 제4조제1항에 따른 직위군별 정원을 말한다)은 제1항에 따른 정원의 총수 범위에서 제13조제2항에 따른 단위기관별로 해당 시·도의 교육규칙으로 정한다,위임,교육규칙,5,"직렬별 정원을 시·도 교육규칙으로 정하도록 규율권한을 넘기며, 「지방전문경력관 규정」 언급은 정의 원용에 불과하다."
P03749,"② 제13조에 따른 단위기관별 정원은 제1항에 따른 정원의 총수 범위에서 종류별·직급별로 구분하여 해당 시·도의 조례로 정한다. 다만, 다음 각 호의 어느 하나에 해당하는 정원은 조례로 그 총수만 정하고 그 범위에서 제13조제2항에 따른 단위기관별로 해당 시·도의 교육규칙으로 정한다",위임,조례|교육규칙,5,"단위기관별 정원을 조례로, 그 범위에서 교육규칙으로 정하도록 규율권한을 병기하여 위임한다."
P03750,"② 제13조에 따른 단위기관별 정원은 제1항에 따른 정원의 총수 범위에서 종류별·직급별로 구분하여 해당 시·도의 조례로 정한다. 다만, 다음 각 호의 어느 하나에 해당하는 정원은 조례로 그 총수만 정하고 그 범위에서 제13조제2항에 따른 단위기관별로 해당 시·도의 교육규칙으로 정한다",위임,조례|교육규칙,5,"단위기관별 정원을 조례로 정하도록 하고, 일부는 조례로 총수만 정한 범위에서 교육규칙으로 정하도록 병기 위임한다."
P03751,"② 제13조에 따른 단위기관별 정원은 제1항에 따른 정원의 총수 범위에서 종류별ㆍ직급별로 구분하여 해당 시ㆍ도의 조례로 정한다. 다만, 다음 각 호의 어느 하나에 해당하는 정원은 조례로 그 총수만 정하고 그 범위에서 제13조제2항에 따른 단위기관별로 해당 시ㆍ도의 교육규칙으로 정한다.",위임,조례|교육규칙,5,단위기관별 정원을 조례로 정하고 일부는 교육규칙으로 정하도록 두 법형식에 규율권한을 넘긴다.
P03752,④ 직렬별 정원(「지방전문경력관 규정」 제2조에 따른 지방전문경력관의 경우에는 같은 영 제4조제1항에 따른 직위군별 정원을 말한다)은 제1항에 따른 정원의 총수 범위에서 제13조제2항에 따른 단위기관별로 해당 시·도의 교육규칙으로 정한다,위임,교육규칙,5,"직렬별 정원을 시·도 교육규칙으로 정하도록 규율권한을 넘기는 위임이며, 「지방전문경력관 규정」 인용은 정의 원용에 불과하다."
P03753,"② 제13조에 따른 단위기관별 정원은 제1항에 따른 정원의 총수 범위에서 종류별ㆍ직급별로 구분하여 해당 시ㆍ도의 조례로 정한다. 다만, 다음 각 호의 어느 하나에 해당하는 정원은 조례로 그 총수만 정하고 그 범위에서 제13조제2항에 따른 단위기관별로 해당 시ㆍ도의 교육규칙으로 정한다.",위임,조례|교육규칙,5,"단위기관별 정원을 조례로, 단서에서는 교육규칙으로 정하도록 규율권한을 넘기는 병기 위임이다."
P03754,"② 제13조에 따른 단위기관별 정원은 제1항에 따른 정원의 총수 범위에서 종류별·직급별로 구분하여 해당 시·도의 조례로 정한다. 다만, 다음 각 호의 어느 하나에 해당하는 정원은 조례로 그 총수만 정하고 그 범위에서 제13조제2항에 따른 단위기관별로 해당 시·도의 교육규칙으로 정한다",위임,조례|교육규칙,5,"단위기관별 정원을 조례로, 일부는 조례가 정한 총수 범위에서 교육규칙으로 정하도록 규율권한을 넘기므로 두 형식을 병기한다."
P03755,④ 직렬별 정원(「지방전문경력관 규정」 제2조에 따른 지방전문경력관의 경우에는 같은 영 제4조제1항에 따른 직위군별 정원을 말한다)은 제1항에 따른 정원의 총수 범위에서 제13조제2항에 따른 단위기관별로 해당 시·도의 교육규칙으로 정한다,위임,교육규칙,5,"직렬별 정원을 시·도 교육규칙으로 정하도록 규율권한을 넘기며, 법령 인용은 정의 원용에 불과하다."
P03756,① 시·도 교육청에 두는 지방공무원 정원의 총수는 다음 각 호의 구분에 따라 해당 시·도의 조례로 정한다.,위임,조례,5,지방공무원 정원 총수를 시·도 조례로 정하도록 규율권한을 넘긴다.
P03757,② 「지방자치단체의 개방형직위 및 공모직위의 운영 등에 관한 규정」에 따라 임기제공무원이나 경력직공무원으로 임용되는 개방형직위는 해당 시·도의 교육규칙으로 정한다.,위임,교육규칙,5,"개방형직위 지정 사항을 시·도 교육규칙에 정하도록 규율권한을 넘기며, 앞부분 법령 언급은 인용에 불과하다."
P03758,② 「지방자치단체의 개방형직위 및 공모직위의 운영 등에 관한 규정」에 따라 임기제공무원이나 경력직공무원으로 임용되는 개방형직위는 해당 시·도의 교육규칙으로 정한다.,위임,교육규칙,5,개방형직위 지정 사항을 시·도 교육규칙으로 정하도록 규율권한을 넘긴다.
P03759,② 「지방자치단체의 개방형직위 및 공모직위의 운영 등에 관한 규정」에 따라 임기제공무원이나 경력직공무원으로 임용되는 개방형직위는 해당 시·도의 교육규칙으로 정한다.,위임,교육규칙,5,다른 규정을 원용하면서도 개방형직위 지정 사항을 시·도 교육규칙으로 정하도록 규율권한을 넘긴다.
P03760,② 「지방자치단체의 개방형직위 및 공모직위의 운영 등에 관한 규정」에 따라 임기제공무원이나 경력직공무원으로 임용되는 개방형직위는 해당 시·도의 교육규칙으로 정한다.,위임,교육규칙,5,개방형직위 지정을 시·도 교육규칙으로 정하도록 규율권한을 넘기는 위임이다.
P03761,② 「지방자치단체의 개방형직위 및 공모직위의 운영 등에 관한 규정」에 따라 임기제공무원이나 경력직공무원으로 임용되는 개방형직위는 해당 시·도의 교육규칙으로 정한다.,위임,교육규칙,5,개방형직위 지정 사항을 시·도 교육규칙에 정하도록 규율권한을 넘긴다.
P03762,② 「지방자치단체의 개방형직위 및 공모직위의 운영 등에 관한 규정」에 따라 임기제공무원이나 경력직공무원으로 임용되는 개방형직위는 해당 시·도의 교육규칙으로 정한다.,위임,교육규칙,5,"앞의 다른 법령 언급은 요건 인용이고, 문말에서 개방형직위 지정 권한을 시·도 교육규칙에 넘긴다."
P03763,② 「지방자치단체의 개방형직위 및 공모직위의 운영 등에 관한 규정」에 따라 임기제공무원이나 경력직공무원으로 임용되는 개방형직위는 해당 시·도의 교육규칙으로 정한다.,위임,교육규칙,5,앞부분은 다른 규정을 인용하나 문말에서 개방형직위를 시·도 교육규칙으로 정하도록 규율권한을 넘긴다.
P03764,② 「지방자치단체의 개방형직위 및 공모직위의 운영 등에 관한 규정」에 따라 임기제공무원이나 경력직공무원으로 임용되는 개방형직위는 해당 시·도의 교육규칙으로 정한다.,위임,교육규칙,5,"개방형직위 지정 사항을 시·도 교육규칙에 규율권한을 넘기는 위임이며, 앞부분의 법령 언급은 요건 인용에 불과하다."
P03765,② 「지방자치단체의 개방형직위 및 공모직위의 운영 등에 관한 규정」에 따라 임기제공무원이나 경력직공무원으로 임용되는 개방형직위는 해당 시·도의 교육규칙으로 정한다.,위임,교육규칙,5,개방형직위 지정 사항을 해당 시·도 교육규칙에 정하도록 규율권한을 넘긴다.
P03766,② 「지방자치단체의 개방형직위 및 공모직위의 운영 등에 관한 규정」에 따라 임기제공무원이나 경력직공무원으로 임용되는 개방형직위는 해당 시·도의 교육규칙으로 정한다.,위임,교육규칙,5,개방형직위 지정 사항을 시·도 교육규칙에 정하도록 규율권한을 넘긴다.
P03767,② 「지방자치단체의 개방형직위 및 공모직위의 운영 등에 관한 규정」에 따라 임기제공무원이나 경력직공무원으로 임용되는 개방형직위는 해당 시·도의 교육규칙으로 정한다.,위임,교육규칙,5,개방형직위 지정 사항을 해당 시·도의 교육규칙으로 정하도록 규율권한을 넘긴다.
P03768,② 「지방자치단체의 개방형직위 및 공모직위의 운영 등에 관한 규정」에 따라 임기제공무원이나 경력직공무원으로 임용되는 개방형직위는 해당 시·도의 교육규칙으로 정한다.,위임,교육규칙,5,개방형직위 지정 사항을 시·도 교육규칙으로 정하도록 규율권한을 넘긴다.
P03769,② 「지방자치단체의 개방형직위 및 공모직위의 운영 등에 관한 규정」에 따라 임기제공무원이나 경력직공무원으로 임용되는 개방형직위는 해당 시·도의 교육규칙으로 정한다.,위임,교육규칙,5,개방형직위 지정 사항을 해당 시·도 교육규칙에 정하도록 규율권한을 넘긴다.
P03770,② 「지방자치단체의 개방형직위 및 공모직위의 운영 등에 관한 규정」에 따라 임기제공무원이나 경력직공무원으로 임용되는 개방형직위는 해당 시·도의 교육규칙으로 정한다.,위임,교육규칙,5,개방형직위 지정을 해당 시·도의 교육규칙에 정하도록 규율권한을 넘긴다.
P03771,② 「지방자치단체의 개방형직위 및 공모직위의 운영 등에 관한 규정」에 따라 임기제공무원이나 경력직공무원으로 임용되는 개방형직위는 해당 시·도의 교육규칙으로 정한다.,위임,교육규칙,5,개방형직위 지정을 시·도 교육규칙에 정하도록 규율권한을 넘긴다.
P03772,② 「지방자치단체의 개방형직위 및 공모직위의 운영 등에 관한 규정」에 따라 임기제공무원이나 경력직공무원으로 임용되는 개방형직위는 해당 시·도의 교육규칙으로 정한다.,위임,교육규칙,5,개방형직위 지정 사항을 시·도 교육규칙에 정하도록 규율권한을 넘기고 있다.
P03773,교육부령으로 정한 기준과,인용,해당없음,3,문장이 절단된 조각이나 완료형 '정한 기준'은 이미 존재하는 교육부령을 가리키는 인용이다.
P03774,교육부령으로 정하는,판단불가,부령,2,문장이 '교육부령으로 정하는'에서 잘려 있어 위임 여부를 확정할 수 없으나 문언상 지정된 법형식은 부령이다.
P03775,① 지방교육행정기관의 기구와 정원의 효율적 관리에 관한 다음 각 호의 사항을 심의하기 위하여 조례로 정하는 바에 따라 교육감 소속으로 조직관리위원회를 둘 수 있다.,위임,조례,5,조직관리위원회의 설치·운영에 관한 사항을 조례로 정하도록 규율권한을 넘긴다.
P03776,① 지방교육행정기관의 기구와 정원의 효율적 관리에 관한 다음 각 호의 사항을 심의하기 위하여 조례로 정하는 바에 따라 교육감 소속으로 조직관리위원회를 둘 수 있다.,위임,조례,5,조직관리위원회 설치에 관한 사항을 조례로 정하도록 규율권한을 넘긴다.
P03777,대통령령으로 정하는,판단불가,대통령령,3,문장이 '대통령령으로 정하는'에서 잘려 있어 규율권한 이전 여부를 확정할 수 없으나 표지어구는 대통령령이다.
P03778,대통령령으로 정하는,판단불가,대통령령,2,문장이 '대통령령으로 정하는'에서 잘려 무엇을 위임하는지 확인할 수 없어 판정이 어렵다.
P03779,대통령령으로 정하는,판단불가,대통령령,2,문장이 '대통령령으로 정하는'에서 잘려 규율 대상과 종결 형태를 확인할 수 없어 위임 여부를 판정할 수 없다.
P03780,대통령령으로 정한다,위임,대통령령,4,문말 종결형 '대통령령으로 정한다'로 대통령령에 규율권한을 넘기는 위임이다.
P03781,대통령령으로 정하는,판단불가,대통령령,2,문장이 '대통령령으로 정하는'에서 절단되어 규율 대상과 종결 형식을 확인할 수 없다.
P03782,대통령령으로 정한다,위임,대통령령,4,문말 '대통령령으로 정한다'로 대통령령에 규율권한을 넘기는 위임이다.
P03783,대통령령으로 정하는 비율,위임,대통령령,4,'대통령령으로 정하는 비율'은 요건의 일부를 대통령령에 맡기는 부분 위임이다.
P03784,대통령령으로 정하는 경우에는,위임,대통령령,3,문장이 절단되었으나 '대통령령으로 정하는 경우'라는 부분 위임 문언이 확인된다.
P03785,대통령령으로 정하는 바에,판단불가,대통령령,3,문장이 중간에서 잘려 종결부가 없어 위임 여부를 확정할 수 없으나 표지어구는 대통령령이다.
P03786,대통령령으로 정하는 일정비율,위임,대통령령,4,'대통령령으로 정하는 일정비율'은 요건 일부를 대통령령에 맡기는 부분 위임이다.
P03787,대통령령으로 정하는,판단불가,대통령령,2,문장이 '대통령령으로 정하는'에서 끊겨 무엇을 위임하는지 확인할 수 없어 판정이 불가하다.
P03788,대통령령으로 정하는 범위에서,위임,대통령령,3,문장이 불완전하나 '대통령령으로 정하는 범위에서'는 대통령령에 규율 범위를 맡기는 부분 위임이다.
P03789,대통령령으로 정하는 바에 따라 행정적·재정적,위임,대통령령,3,문장이 중간에 절단되었으나 '대통령령으로 정하는 바에 따라'라는 표지로 대통령령에 규율권한을 넘기는 위임으로 판단된다.
P03790,대통령령으로 정하는 범위에서 학칙으로,판단불가,미특정,2,문장이 중간에서 잘려 종결부가 없어 위임 구조를 확정할 수 없다.
P03791,대통령령으로 정하는 기준에,판단불가,대통령령,3,문장이 중간에 잘려 종결부가 없어 위임 여부를 확정할 수 없으나 문언상 대통령령이 지정되어 있다.
P03792,대통령령으로 정한다,위임,대통령령,5,'대통령령으로 정한다'는 종결형으로 대통령령에 규율권한을 넘기는 위임이다.
P03793,대통령령으로 정한다,위임,대통령령,5,문말 종결형 '대통령령으로 정한다'로 대통령령에 규율권한을 넘긴다.
P03794,대통령령으로 정하는 바에,판단불가,대통령령,3,문장이 중간에 잘려 있어 위임 종결 여부를 확정할 수 없으나 문언상 대통령령이 명시되어 있다.
P03795,필요한 사항은 대통령령으로,판단불가,대통령령,3,문장이 종결부 없이 잘려 있어 위임 여부를 확정할 수 없으나 문언상 대통령령이 명시되어 있다.
P03796,필요한 사항은 대통령령으로,판단불가,대통령령,3,"문장이 '대통령령으로'에서 잘려 종결 문언(정한다 등)을 확인할 수 없어 위임 여부를 확정할 수 없으나, 표지어구상 대통령령이 지시되어 있다."
P03797,필요한 사항은 대통령령으로,위임,대통령령,3,문장이 일부 잘렸으나 '필요한 사항은 대통령령으로 (정한다)'는 전형적 위임 문형으로 대통령령에 규율권한을 넘긴다.
P03798,교육부장관이 정하는 지정신청서에 제1항 각 호의 요건을 모두 갖추었음을 증명할 수 있는 서류를 첨부하여 교육부장관에게 제출해야 한다.,위임,미특정,4,지정신청서 서식을 교육부장관이 정하도록 맡기고 있으나 법형식은 지정하지 않았다.
P03799,고등교육혁신특화지역의 지정에 필요한 구체적인 사항은 교육부장관이 정하여 고시한다.,위임,고시,5,교육부장관이 정하여 고시하도록 규율권한을 넘기는 위임으로 법형식은 고시이다.
P03800,고등교육혁신특화지역계획·고등교육혁신특화지역의 변경 및 지정해제에 필요한 구체적인 사항은 교육부장관이 정하여 고시한다.,위임,고시,5,교육부장관이 정하여 고시하도록 규율권한을 넘기는 위임 규정이다.
P03801,3. 그 밖에 시·도 교육청의 재정여건과 특성을 고려하여 교육부장관이 필요하다고 인정하는 경비,위임,미특정,3,기준경비의 범위를 교육부장관의 인정에 맡기는 부분 위임이나 법형식은 지정되지 않았다.
P03802,①지방자치단체의 장은 해당 연도 보조사업에 대하여 각급학교의 장에게 보조대상사업 및 그 예산액을 통지하고 보조신청서를 제출하도록 하여야 한다. 이 경우 해당 지방자치단체의 조례로 정하는 바에 따라 관할 교육감 또는 교육장을 거쳐 보조대상사업 및 그 예산액을 통지하거나 보조신청서를 제출하게 할 수 있다.,위임,조례,4,'조례로 정하는 바에 따라'로 통지·신청 절차의 규율권한을 조례에 넘기는 부분 위임이다.
P03803,①지방자치단체의 장은 해당 연도 보조사업에 대하여 각급학교의 장에게 보조대상사업 및 그 예산액을 통지하고 보조신청서를 제출하도록 하여야 한다. 이 경우 해당 지방자치단체의 조례로 정하는 바에 따라 관할 교육감 또는 교육장을 거쳐 보조대상사업 및 그 예산액을 통지하거나 보조신청서를 제출하게 할 수 있다.,위임,조례,4,통지·신청 절차를 해당 지방자치단체 조례가 정하도록 규율권한을 넘기는 부분 위임이다.
P03804,①지방자치단체의 장은 해당 연도 보조사업에 대하여 각급학교의 장에게 보조대상사업 및 그 예산액을 통지하고 보조신청서를 제출하도록 하여야 한다. 이 경우 해당 지방자치단체의 조례로 정하는 바에 따라 관할 교육감 또는 교육장을 거쳐 보조대상사업 및 그 예산액을 통지하거나 보조신청서를 제출하게 할 수 있다.,위임,조례,4,통지·신청 경유 절차를 지방자치단체 조례가 정하도록 규율권한을 넘긴다.
P03805,①지방자치단체의 장은 해당 연도 보조사업에 대하여 각급학교의 장에게 보조대상사업 및 그 예산액을 통지하고 보조신청서를 제출하도록 하여야 한다. 이 경우 해당 지방자치단체의 조례로 정하는 바에 따라 관할 교육감 또는 교육장을 거쳐 보조대상사업 및 그 예산액을 통지하거나 보조신청서를 제출하게 할 수 있다.,위임,조례,4,통지·신청 경유 절차를 지방자치단체 조례가 정하도록 규율권한을 넘기는 부분 위임이다.
P03806,①지방자치단체의 장은 해당 연도 보조사업에 대하여 각급학교의 장에게 보조대상사업 및 그 예산액을 통지하고 보조신청서를 제출하도록 하여야 한다. 이 경우 해당 지방자치단체의 조례로 정하는 바에 따라 관할 교육감 또는 교육장을 거쳐 보조대상사업 및 그 예산액을 통지하거나 보조신청서를 제출하게 할 수 있다.,위임,조례,4,통지·신청 절차를 '조례로 정하는 바에 따라' 규율하도록 조례에 규율권한을 넘기는 부분 위임이다.
P03807,①지방자치단체의 장은 해당 연도 보조사업에 대하여 각급학교의 장에게 보조대상사업 및 그 예산액을 통지하고 보조신청서를 제출하도록 하여야 한다. 이 경우 해당 지방자치단체의 조례로 정하는 바에 따라 관할 교육감 또는 교육장을 거쳐 보조대상사업 및 그 예산액을 통지하거나 보조신청서를 제출하게 할 수 있다.,위임,조례,4,통지·신청 경유 절차를 해당 지방자치단체의 조례로 정하도록 규율권한을 넘긴다.
P03808,①지방자치단체의 장은 해당 연도 보조사업에 대하여 각급학교의 장에게 보조대상사업 및 그 예산액을 통지하고 보조신청서를 제출하도록 하여야 한다. 이 경우 해당 지방자치단체의 조례로 정하는 바에 따라 관할 교육감 또는 교육장을 거쳐 보조대상사업 및 그 예산액을 통지하거나 보조신청서를 제출하게 할 수 있다.,위임,조례,4,통지·신청 경유 절차를 해당 지방자치단체의 조례로 정하도록 규율권한을 넘긴다.
P03809,①지방자치단체의 장은 해당 연도 보조사업에 대하여 각급학교의 장에게 보조대상사업 및 그 예산액을 통지하고 보조신청서를 제출하도록 하여야 한다. 이 경우 해당 지방자치단체의 조례로 정하는 바에 따라 관할 교육감 또는 교육장을 거쳐 보조대상사업 및 그 예산액을 통지하거나 보조신청서를 제출하게 할 수 있다.,위임,조례,4,통지·신청서 제출 경유 절차를 해당 지방자치단체 조례로 정하도록 규율권한을 넘긴다.
P03810,①지방자치단체의 장은 해당 연도 보조사업에 대하여 각급학교의 장에게 보조대상사업 및 그 예산액을 통지하고 보조신청서를 제출하도록 하여야 한다. 이 경우 해당 지방자치단체의 조례로 정하는 바에 따라 관할 교육감 또는 교육장을 거쳐 보조대상사업 및 그 예산액을 통지하거나 보조신청서를 제출하게 할 수 있다.,위임,조례,4,'조례로 정하는 바에 따라'로 통지·신청 절차를 조례에 맡기는 부분 위임이다.
P03811,①지방자치단체의 장은 해당 연도 보조사업에 대하여 각급학교의 장에게 보조대상사업 및 그 예산액을 통지하고 보조신청서를 제출하도록 하여야 한다. 이 경우 해당 지방자치단체의 조례로 정하는 바에 따라 관할 교육감 또는 교육장을 거쳐 보조대상사업 및 그 예산액을 통지하거나 보조신청서를 제출하게 할 수 있다.,위임,조례,4,통지·신청 경유 절차를 해당 지방자치단체 조례로 정하도록 규율권한을 넘긴다.
P03812,①지방자치단체의 장은 해당 연도 보조사업에 대하여 각급학교의 장에게 보조대상사업 및 그 예산액을 통지하고 보조신청서를 제출하도록 하여야 한다. 이 경우 해당 지방자치단체의 조례로 정하는 바에 따라 관할 교육감 또는 교육장을 거쳐 보조대상사업 및 그 예산액을 통지하거나 보조신청서를 제출하게 할 수 있다.,위임,조례,4,통지·신청 절차의 세부사항을 지방자치단체 조례로 정하도록 규율권한을 넘긴다.
P03813,①지방자치단체의 장은 해당 연도 보조사업에 대하여 각급학교의 장에게 보조대상사업 및 그 예산액을 통지하고 보조신청서를 제출하도록 하여야 한다. 이 경우 해당 지방자치단체의 조례로 정하는 바에 따라 관할 교육감 또는 교육장을 거쳐 보조대상사업 및 그 예산액을 통지하거나 보조신청서를 제출하게 할 수 있다.,위임,조례,4,통지·신청 절차의 경유 방식을 해당 지방자치단체 조례로 정하도록 규율권한을 넘긴다.
P03814,①지방자치단체의 장은 해당 연도 보조사업에 대하여 각급학교의 장에게 보조대상사업 및 그 예산액을 통지하고 보조신청서를 제출하도록 하여야 한다. 이 경우 해당 지방자치단체의 조례로 정하는 바에 따라 관할 교육감 또는 교육장을 거쳐 보조대상사업 및 그 예산액을 통지하거나 보조신청서를 제출하게 할 수 있다.,위임,조례,4,통지·신청서 제출 경유 절차를 조례로 정하도록 규율권한을 넘기는 위임이다.
P03815,①지방자치단체의 장은 해당 연도 보조사업에 대하여 각급학교의 장에게 보조대상사업 및 그 예산액을 통지하고 보조신청서를 제출하도록 하여야 한다. 이 경우 해당 지방자치단체의 조례로 정하는 바에 따라 관할 교육감 또는 교육장을 거쳐 보조대상사업 및 그 예산액을 통지하거나 보조신청서를 제출하게 할 수 있다.,위임,조례,4,통지·신청 절차의 세부 사항을 지방자치단체 조례가 정하도록 규율권한을 넘기는 부분 위임이다.
P03816,①지방자치단체의 장은 해당 연도 보조사업에 대하여 각급학교의 장에게 보조대상사업 및 그 예산액을 통지하고 보조신청서를 제출하도록 하여야 한다. 이 경우 해당 지방자치단체의 조례로 정하는 바에 따라 관할 교육감 또는 교육장을 거쳐 보조대상사업 및 그 예산액을 통지하거나 보조신청서를 제출하게 할 수 있다.,위임,조례,4,통지·신청 경유 절차를 조례로 정하도록 규율권한을 넘기는 부분 위임이다.
P03817,①지방자치단체의 장은 해당 연도 보조사업에 대하여 각급학교의 장에게 보조대상사업 및 그 예산액을 통지하고 보조신청서를 제출하도록 하여야 한다. 이 경우 해당 지방자치단체의 조례로 정하는 바에 따라 관할 교육감 또는 교육장을 거쳐 보조대상사업 및 그 예산액을 통지하거나 보조신청서를 제출하게 할 수 있다.,위임,조례,4,통지·신청 경유 절차를 지방자치단체 조례가 정하도록 규율권한을 넘기는 부분 위임이다.
P03818,①지방자치단체의 장은 해당 연도 보조사업에 대하여 각급학교의 장에게 보조대상사업 및 그 예산액을 통지하고 보조신청서를 제출하도록 하여야 한다. 이 경우 해당 지방자치단체의 조례로 정하는 바에 따라 관할 교육감 또는 교육장을 거쳐 보조대상사업 및 그 예산액을 통지하거나 보조신청서를 제출하게 할 수 있다.,위임,조례,4,통지·신청 경유 절차를 해당 지방자치단체의 조례로 정하도록 규율권한을 넘긴다.
P03819,①지방자치단체의 장은 해당 연도 보조사업에 대하여 각급학교의 장에게 보조대상사업 및 그 예산액을 통지하고 보조신청서를 제출하도록 하여야 한다. 이 경우 해당 지방자치단체의 조례로 정하는 바에 따라 관할 교육감 또는 교육장을 거쳐 보조대상사업 및 그 예산액을 통지하거나 보조신청서를 제출하게 할 수 있다.,위임,조례,4,통지·신청서 제출 절차를 '조례로 정하는 바에 따라'로 조례에 규율권한을 넘기는 부분 위임이다.
P03820,①지방자치단체의 장은 해당 연도 보조사업에 대하여 각급학교의 장에게 보조대상사업 및 그 예산액을 통지하고 보조신청서를 제출하도록 하여야 한다. 이 경우 해당 지방자치단체의 조례로 정하는 바에 따라 관할 교육감 또는 교육장을 거쳐 보조대상사업 및 그 예산액을 통지하거나 보조신청서를 제출하게 할 수 있다.,위임,조례,4,통지·신청서 제출 절차의 구체적 사항을 해당 지방자치단체 조례로 정하도록 규율권한을 넘긴다.
P03821,①지방자치단체의 장은 해당 연도 보조사업에 대하여 각급학교의 장에게 보조대상사업 및 그 예산액을 통지하고 보조신청서를 제출하도록 하여야 한다. 이 경우 해당 지방자치단체의 조례로 정하는 바에 따라 관할 교육감 또는 교육장을 거쳐 보조대상사업 및 그 예산액을 통지하거나 보조신청서를 제출하게 할 수 있다.,위임,조례,4,통지·신청 절차의 경유 방식을 해당 지방자치단체 조례로 정하도록 규율권한을 넘긴다.
P03822,①지방자치단체의 장은 해당 연도 보조사업에 대하여 각급학교의 장에게 보조대상사업 및 그 예산액을 통지하고 보조신청서를 제출하도록 하여야 한다. 이 경우 해당 지방자치단체의 조례로 정하는 바에 따라 관할 교육감 또는 교육장을 거쳐 보조대상사업 및 그 예산액을 통지하거나 보조신청서를 제출하게 할 수 있다.,위임,조례,4,통지 및 보조신청서 제출 경유 절차를 해당 지방자치단체 조례가 정하도록 규율권한을 넘긴다.
P03823,①지방자치단체의 장은 해당 연도 보조사업에 대하여 각급학교의 장에게 보조대상사업 및 그 예산액을 통지하고 보조신청서를 제출하도록 하여야 한다. 이 경우 해당 지방자치단체의 조례로 정하는 바에 따라 관할 교육감 또는 교육장을 거쳐 보조대상사업 및 그 예산액을 통지하거나 보조신청서를 제출하게 할 수 있다.,위임,조례,4,통지·신청 경유 절차를 '조례로 정하는 바에 따라' 하도록 하여 조례에 규율권한을 넘긴다.
P03824,①지방자치단체의 장은 해당 연도 보조사업에 대하여 각급학교의 장에게 보조대상사업 및 그 예산액을 통지하고 보조신청서를 제출하도록 하여야 한다. 이 경우 해당 지방자치단체의 조례로 정하는 바에 따라 관할 교육감 또는 교육장을 거쳐 보조대상사업 및 그 예산액을 통지하거나 보조신청서를 제출하게 할 수 있다.,위임,조례,4,통지·신청 경유 절차를 해당 지방자치단체 조례가 정하도록 규율권한을 넘긴다.
P03825,①지방자치단체의 장은 해당 연도 보조사업에 대하여 각급학교의 장에게 보조대상사업 및 그 예산액을 통지하고 보조신청서를 제출하도록 하여야 한다. 이 경우 해당 지방자치단체의 조례로 정하는 바에 따라 관할 교육감 또는 교육장을 거쳐 보조대상사업 및 그 예산액을 통지하거나 보조신청서를 제출하게 할 수 있다.,위임,조례,4,'조례로 정하는 바에 따라'로 통지·신청 경유 절차의 규율권한을 조례에 넘기는 부분 위임이다.
P03826,①지방자치단체의 장은 해당 연도 보조사업에 대하여 각급학교의 장에게 보조대상사업 및 그 예산액을 통지하고 보조신청서를 제출하도록 하여야 한다. 이 경우 해당 지방자치단체의 조례로 정하는 바에 따라 관할 교육감 또는 교육장을 거쳐 보조대상사업 및 그 예산액을 통지하거나 보조신청서를 제출하게 할 수 있다.,위임,조례,4,통지·신청 경유 절차를 해당 지방자치단체의 조례로 정하도록 규율권한을 넘기는 부분 위임이다.
P03827,①지방자치단체의 장은 해당 연도 보조사업에 대하여 각급학교의 장에게 보조대상사업 및 그 예산액을 통지하고 보조신청서를 제출하도록 하여야 한다. 이 경우 해당 지방자치단체의 조례로 정하는 바에 따라 관할 교육감 또는 교육장을 거쳐 보조대상사업 및 그 예산액을 통지하거나 보조신청서를 제출하게 할 수 있다.,위임,조례,4,통지·신청서 제출 경유 절차를 지방자치단체 조례가 정하도록 규율권한을 넘긴 부분 위임이다.
P03828,①지방자치단체의 장은 해당 연도 보조사업에 대하여 각급학교의 장에게 보조대상사업 및 그 예산액을 통지하고 보조신청서를 제출하도록 하여야 한다. 이 경우 해당 지방자치단체의 조례로 정하는 바에 따라 관할 교육감 또는 교육장을 거쳐 보조대상사업 및 그 예산액을 통지하거나 보조신청서를 제출하게 할 수 있다.,위임,조례,4,통지·신청 경유 절차를 해당 지방자치단체 조례가 정하도록 규율권한을 넘긴다.
P03829,①지방자치단체의 장은 해당 연도 보조사업에 대하여 각급학교의 장에게 보조대상사업 및 그 예산액을 통지하고 보조신청서를 제출하도록 하여야 한다. 이 경우 해당 지방자치단체의 조례로 정하는 바에 따라 관할 교육감 또는 교육장을 거쳐 보조대상사업 및 그 예산액을 통지하거나 보조신청서를 제출하게 할 수 있다.,위임,조례,4,통지·신청서 제출의 경유 절차를 해당 지방자치단체의 조례로 정하도록 규율권한을 넘긴다.
P03830,①지방자치단체의 장은 해당 연도 보조사업에 대하여 각급학교의 장에게 보조대상사업 및 그 예산액을 통지하고 보조신청서를 제출하도록 하여야 한다. 이 경우 해당 지방자치단체의 조례로 정하는 바에 따라 관할 교육감 또는 교육장을 거쳐 보조대상사업 및 그 예산액을 통지하거나 보조신청서를 제출하게 할 수 있다.,위임,조례,4,통지·신청 절차의 세부사항을 조례로 정하도록 규율권한을 넘기는 부분 위임이다.
P03831,①지방자치단체의 장은 해당 연도 보조사업에 대하여 각급학교의 장에게 보조대상사업 및 그 예산액을 통지하고 보조신청서를 제출하도록 하여야 한다. 이 경우 해당 지방자치단체의 조례로 정하는 바에 따라 관할 교육감 또는 교육장을 거쳐 보조대상사업 및 그 예산액을 통지하거나 보조신청서를 제출하게 할 수 있다.,위임,조례,4,통지·신청 절차의 경유 방식을 '조례로 정하는 바에 따라'로 조례에 맡기는 부분 위임이다.
P03832,①지방자치단체의 장은 해당 연도 보조사업에 대하여 각급학교의 장에게 보조대상사업 및 그 예산액을 통지하고 보조신청서를 제출하도록 하여야 한다. 이 경우 해당 지방자치단체의 조례로 정하는 바에 따라 관할 교육감 또는 교육장을 거쳐 보조대상사업 및 그 예산액을 통지하거나 보조신청서를 제출하게 할 수 있다.,위임,조례,4,통지·신청 경유 절차를 지방자치단체 조례로 정하도록 규율권한을 넘긴다.
P03833,①지방자치단체의 장은 해당 연도 보조사업에 대하여 각급학교의 장에게 보조대상사업 및 그 예산액을 통지하고 보조신청서를 제출하도록 하여야 한다. 이 경우 해당 지방자치단체의 조례로 정하는 바에 따라 관할 교육감 또는 교육장을 거쳐 보조대상사업 및 그 예산액을 통지하거나 보조신청서를 제출하게 할 수 있다.,위임,조례,4,통지·신청 경유 절차를 해당 지방자치단체의 조례로 정하도록 규율권한을 넘긴다.
P03834,①지방자치단체의 장은 해당 연도 보조사업에 대하여 각급학교의 장에게 보조대상사업 및 그 예산액을 통지하고 보조신청서를 제출하도록 하여야 한다. 이 경우 해당 지방자치단체의 조례로 정하는 바에 따라 관할 교육감 또는 교육장을 거쳐 보조대상사업 및 그 예산액을 통지하거나 보조신청서를 제출하게 할 수 있다.,위임,조례,4,통지·신청서 제출의 경유 절차를 조례로 정하도록 규율권한을 넘긴 부분 위임이다.
P03835,①지방자치단체의 장은 해당 연도 보조사업에 대하여 각급학교의 장에게 보조대상사업 및 그 예산액을 통지하고 보조신청서를 제출하도록 하여야 한다. 이 경우 해당 지방자치단체의 조례로 정하는 바에 따라 관할 교육감 또는 교육장을 거쳐 보조대상사업 및 그 예산액을 통지하거나 보조신청서를 제출하게 할 수 있다.,위임,조례,4,통지·신청서 제출 경유 절차를 해당 지방자치단체 조례로 정하도록 규율권한을 넘긴다.
P03836,①지방자치단체의 장은 해당 연도 보조사업에 대하여 각급학교의 장에게 보조대상사업 및 그 예산액을 통지하고 보조신청서를 제출하도록 하여야 한다. 이 경우 해당 지방자치단체의 조례로 정하는 바에 따라 관할 교육감 또는 교육장을 거쳐 보조대상사업 및 그 예산액을 통지하거나 보조신청서를 제출하게 할 수 있다.,위임,조례,4,통지·신청 경유 절차를 '조례로 정하는 바에 따라'로 조례에 맡기는 부분 위임이다.
P03837,①지방자치단체의 장은 해당 연도 보조사업에 대하여 각급학교의 장에게 보조대상사업 및 그 예산액을 통지하고 보조신청서를 제출하도록 하여야 한다. 이 경우 해당 지방자치단체의 조례로 정하는 바에 따라 관할 교육감 또는 교육장을 거쳐 보조대상사업 및 그 예산액을 통지하거나 보조신청서를 제출하게 할 수 있다.,위임,조례,4,통지·신청서 제출의 경유 절차를 해당 지방자치단체의 조례로 정하도록 규율권한을 넘긴다.
P03838,①지방자치단체의 장은 해당 연도 보조사업에 대하여 각급학교의 장에게 보조대상사업 및 그 예산액을 통지하고 보조신청서를 제출하도록 하여야 한다. 이 경우 해당 지방자치단체의 조례로 정하는 바에 따라 관할 교육감 또는 교육장을 거쳐 보조대상사업 및 그 예산액을 통지하거나 보조신청서를 제출하게 할 수 있다.,위임,조례,4,통지·신청 절차를 해당 지방자치단체 조례가 정하도록 규율권한을 넘기는 부분 위임이다.
P03839,①지방자치단체의 장은 해당 연도 보조사업에 대하여 각급학교의 장에게 보조대상사업 및 그 예산액을 통지하고 보조신청서를 제출하도록 하여야 한다. 이 경우 해당 지방자치단체의 조례로 정하는 바에 따라 관할 교육감 또는 교육장을 거쳐 보조대상사업 및 그 예산액을 통지하거나 보조신청서를 제출하게 할 수 있다.,위임,조례,4,통지·신청서 제출 절차를 지방자치단체 조례가 정하도록 규율권한을 넘긴다.
P03840,①지방자치단체의 장은 해당 연도 보조사업에 대하여 각급학교의 장에게 보조대상사업 및 그 예산액을 통지하고 보조신청서를 제출하도록 하여야 한다. 이 경우 해당 지방자치단체의 조례로 정하는 바에 따라 관할 교육감 또는 교육장을 거쳐 보조대상사업 및 그 예산액을 통지하거나 보조신청서를 제출하게 할 수 있다.,위임,조례,4,통지·신청 절차의 경유 방식을 지방자치단체 조례로 정하도록 규율권한을 넘긴다.
P03841,①지방자치단체의 장은 해당 연도 보조사업에 대하여 각급학교의 장에게 보조대상사업 및 그 예산액을 통지하고 보조신청서를 제출하도록 하여야 한다. 이 경우 해당 지방자치단체의 조례로 정하는 바에 따라 관할 교육감 또는 교육장을 거쳐 보조대상사업 및 그 예산액을 통지하거나 보조신청서를 제출하게 할 수 있다.,위임,조례,4,통지·신청 절차의 경유 방법을 해당 지방자치단체 조례가 정하도록 규율권한을 넘긴다.
P03842,①지방자치단체의 장은 해당 연도 보조사업에 대하여 각급학교의 장에게 보조대상사업 및 그 예산액을 통지하고 보조신청서를 제출하도록 하여야 한다. 이 경우 해당 지방자치단체의 조례로 정하는 바에 따라 관할 교육감 또는 교육장을 거쳐 보조대상사업 및 그 예산액을 통지하거나 보조신청서를 제출하게 할 수 있다.,위임,조례,4,통지·신청서 제출 경유 절차를 해당 지방자치단체 조례가 정하도록 규율권한을 넘긴 부분 위임이다.
P03843,①지방자치단체의 장은 해당 연도 보조사업에 대하여 각급학교의 장에게 보조대상사업 및 그 예산액을 통지하고 보조신청서를 제출하도록 하여야 한다. 이 경우 해당 지방자치단체의 조례로 정하는 바에 따라 관할 교육감 또는 교육장을 거쳐 보조대상사업 및 그 예산액을 통지하거나 보조신청서를 제출하게 할 수 있다.,위임,조례,4,통지·신청 경유 절차를 해당 지방자치단체 조례가 정하도록 규율권한을 넘긴다.
P03844,①지방자치단체의 장은 해당 연도 보조사업에 대하여 각급학교의 장에게 보조대상사업 및 그 예산액을 통지하고 보조신청서를 제출하도록 하여야 한다. 이 경우 해당 지방자치단체의 조례로 정하는 바에 따라 관할 교육감 또는 교육장을 거쳐 보조대상사업 및 그 예산액을 통지하거나 보조신청서를 제출하게 할 수 있다.,위임,조례,4,통지·신청 절차의 구체적 방법을 조례로 정하도록 규율권한을 넘기고 있다.
P03845,①지방자치단체의 장은 해당 연도 보조사업에 대하여 각급학교의 장에게 보조대상사업 및 그 예산액을 통지하고 보조신청서를 제출하도록 하여야 한다. 이 경우 해당 지방자치단체의 조례로 정하는 바에 따라 관할 교육감 또는 교육장을 거쳐 보조대상사업 및 그 예산액을 통지하거나 보조신청서를 제출하게 할 수 있다.,위임,조례,4,통지·신청 경유 절차를 해당 지방자치단체의 조례로 정하도록 규율권한을 넘긴다.
P03846,①지방자치단체의 장은 해당 연도 보조사업에 대하여 각급학교의 장에게 보조대상사업 및 그 예산액을 통지하고 보조신청서를 제출하도록 하여야 한다. 이 경우 해당 지방자치단체의 조례로 정하는 바에 따라 관할 교육감 또는 교육장을 거쳐 보조대상사업 및 그 예산액을 통지하거나 보조신청서를 제출하게 할 수 있다.,위임,조례,4,통지·신청서 제출 경로에 관한 절차 사항을 조례가 정하도록 규율권한을 넘긴다.
P03847,①지방자치단체의 장은 해당 연도 보조사업에 대하여 각급학교의 장에게 보조대상사업 및 그 예산액을 통지하고 보조신청서를 제출하도록 하여야 한다. 이 경우 해당 지방자치단체의 조례로 정하는 바에 따라 관할 교육감 또는 교육장을 거쳐 보조대상사업 및 그 예산액을 통지하거나 보조신청서를 제출하게 할 수 있다.,위임,조례,4,통지 및 보조신청서 제출 경로에 관한 사항을 해당 지방자치단체 조례에 정하도록 맡기는 부분 위임이다.
P03848,①지방자치단체의 장은 해당 연도 보조사업에 대하여 각급학교의 장에게 보조대상사업 및 그 예산액을 통지하고 보조신청서를 제출하도록 하여야 한다. 이 경우 해당 지방자치단체의 조례로 정하는 바에 따라 관할 교육감 또는 교육장을 거쳐 보조대상사업 및 그 예산액을 통지하거나 보조신청서를 제출하게 할 수 있다.,위임,조례,4,통지·신청 절차의 경유 방식을 지방자치단체 조례로 정하도록 규율권한을 넘긴다.
P03849,①지방자치단체의 장은 해당 연도 보조사업에 대하여 각급학교의 장에게 보조대상사업 및 그 예산액을 통지하고 보조신청서를 제출하도록 하여야 한다. 이 경우 해당 지방자치단체의 조례로 정하는 바에 따라 관할 교육감 또는 교육장을 거쳐 보조대상사업 및 그 예산액을 통지하거나 보조신청서를 제출하게 할 수 있다.,위임,조례,4,통지·신청서 제출의 경유 절차를 해당 지방자치단체 조례로 정하도록 규율권한을 넘긴다.
P03850,①지방자치단체의 장은 해당 연도 보조사업에 대하여 각급학교의 장에게 보조대상사업 및 그 예산액을 통지하고 보조신청서를 제출하도록 하여야 한다. 이 경우 해당 지방자치단체의 조례로 정하는 바에 따라 관할 교육감 또는 교육장을 거쳐 보조대상사업 및 그 예산액을 통지하거나 보조신청서를 제출하게 할 수 있다.,위임,조례,4,통지·신청 경유 절차를 해당 지방자치단체 조례가 정하도록 규율권한을 넘기는 부분 위임이다.
P03851,①지방자치단체의 장은 해당 연도 보조사업에 대하여 각급학교의 장에게 보조대상사업 및 그 예산액을 통지하고 보조신청서를 제출하도록 하여야 한다. 이 경우 해당 지방자치단체의 조례로 정하는 바에 따라 관할 교육감 또는 교육장을 거쳐 보조대상사업 및 그 예산액을 통지하거나 보조신청서를 제출하게 할 수 있다.,위임,조례,4,통지·신청서 제출 절차를 해당 지방자치단체의 조례로 정하도록 규율권한을 넘긴다.
P03852,①지방자치단체의 장은 해당 연도 보조사업에 대하여 각급학교의 장에게 보조대상사업 및 그 예산액을 통지하고 보조신청서를 제출하도록 하여야 한다. 이 경우 해당 지방자치단체의 조례로 정하는 바에 따라 관할 교육감 또는 교육장을 거쳐 보조대상사업 및 그 예산액을 통지하거나 보조신청서를 제출하게 할 수 있다.,위임,조례,4,통지·신청 경유 절차를 '조례로 정하는 바에 따라'로 지방자치단체 조례에 규율권한을 넘기는 부분 위임이다.
P03853,①지방자치단체의 장은 해당 연도 보조사업에 대하여 각급학교의 장에게 보조대상사업 및 그 예산액을 통지하고 보조신청서를 제출하도록 하여야 한다. 이 경우 해당 지방자치단체의 조례로 정하는 바에 따라 관할 교육감 또는 교육장을 거쳐 보조대상사업 및 그 예산액을 통지하거나 보조신청서를 제출하게 할 수 있다.,위임,조례,4,통지·신청 경유 절차를 해당 지방자치단체의 조례로 정하도록 규율권한을 넘긴다.
P03854,①지방자치단체의 장은 해당 연도 보조사업에 대하여 각급학교의 장에게 보조대상사업 및 그 예산액을 통지하고 보조신청서를 제출하도록 하여야 한다. 이 경우 해당 지방자치단체의 조례로 정하는 바에 따라 관할 교육감 또는 교육장을 거쳐 보조대상사업 및 그 예산액을 통지하거나 보조신청서를 제출하게 할 수 있다.,위임,조례,4,'해당 지방자치단체의 조례로 정하는 바에 따라'로 통지·신청 경유 절차의 구체적 규율을 조례에 맡기는 부분 위임이다.
P03855,①지방자치단체의 장은 해당 연도 보조사업에 대하여 각급학교의 장에게 보조대상사업 및 그 예산액을 통지하고 보조신청서를 제출하도록 하여야 한다. 이 경우 해당 지방자치단체의 조례로 정하는 바에 따라 관할 교육감 또는 교육장을 거쳐 보조대상사업 및 그 예산액을 통지하거나 보조신청서를 제출하게 할 수 있다.,위임,조례,4,통지·신청 절차의 경유 방식을 해당 지방자치단체의 조례로 정하도록 규율권한을 넘긴다.
P03856,①지방자치단체의 장은 해당 연도 보조사업에 대하여 각급학교의 장에게 보조대상사업 및 그 예산액을 통지하고 보조신청서를 제출하도록 하여야 한다. 이 경우 해당 지방자치단체의 조례로 정하는 바에 따라 관할 교육감 또는 교육장을 거쳐 보조대상사업 및 그 예산액을 통지하거나 보조신청서를 제출하게 할 수 있다.,위임,조례,4,통지·신청 경유 절차를 해당 지방자치단체의 조례가 정하도록 규율권한을 넘긴다.
P03857,①지방자치단체의 장은 해당 연도 보조사업에 대하여 각급학교의 장에게 보조대상사업 및 그 예산액을 통지하고 보조신청서를 제출하도록 하여야 한다. 이 경우 해당 지방자치단체의 조례로 정하는 바에 따라 관할 교육감 또는 교육장을 거쳐 보조대상사업 및 그 예산액을 통지하거나 보조신청서를 제출하게 할 수 있다.,위임,조례,4,통지·신청서 제출 경유 절차를 해당 지방자치단체 조례로 정하도록 규율권한을 넘긴다.
P03858,①지방자치단체의 장은 해당 연도 보조사업에 대하여 각급학교의 장에게 보조대상사업 및 그 예산액을 통지하고 보조신청서를 제출하도록 하여야 한다. 이 경우 해당 지방자치단체의 조례로 정하는 바에 따라 관할 교육감 또는 교육장을 거쳐 보조대상사업 및 그 예산액을 통지하거나 보조신청서를 제출하게 할 수 있다.,위임,조례,4,통지·신청 경유 절차를 지방자치단체 조례가 정하도록 규율권한을 넘긴다.
P03859,①지방자치단체의 장은 해당 연도 보조사업에 대하여 각급학교의 장에게 보조대상사업 및 그 예산액을 통지하고 보조신청서를 제출하도록 하여야 한다. 이 경우 해당 지방자치단체의 조례로 정하는 바에 따라 관할 교육감 또는 교육장을 거쳐 보조대상사업 및 그 예산액을 통지하거나 보조신청서를 제출하게 할 수 있다.,위임,조례,4,통지·신청 절차의 구체적 사항을 해당 지방자치단체의 조례로 정하도록 규율권한을 넘긴다.
P03860,①지방자치단체의 장은 해당 연도 보조사업에 대하여 각급학교의 장에게 보조대상사업 및 그 예산액을 통지하고 보조신청서를 제출하도록 하여야 한다. 이 경우 해당 지방자치단체의 조례로 정하는 바에 따라 관할 교육감 또는 교육장을 거쳐 보조대상사업 및 그 예산액을 통지하거나 보조신청서를 제출하게 할 수 있다.,위임,조례,4,통지·신청 경유 절차를 '조례로 정하는 바에 따라'로 조례에 규율권한을 넘긴다.
P03861,①지방자치단체의 장은 해당 연도 보조사업에 대하여 각급학교의 장에게 보조대상사업 및 그 예산액을 통지하고 보조신청서를 제출하도록 하여야 한다. 이 경우 해당 지방자치단체의 조례로 정하는 바에 따라 관할 교육감 또는 교육장을 거쳐 보조대상사업 및 그 예산액을 통지하거나 보조신청서를 제출하게 할 수 있다.,위임,조례,4,통지·신청 절차를 조례로 정하도록 규율권한을 넘기는 부분 위임이다.
P03862,①지방자치단체의 장은 해당 연도 보조사업에 대하여 각급학교의 장에게 보조대상사업 및 그 예산액을 통지하고 보조신청서를 제출하도록 하여야 한다. 이 경우 해당 지방자치단체의 조례로 정하는 바에 따라 관할 교육감 또는 교육장을 거쳐 보조대상사업 및 그 예산액을 통지하거나 보조신청서를 제출하게 할 수 있다.,위임,조례,4,통지·신청 경유 절차를 해당 지방자치단체 조례가 정하도록 규율권한을 넘긴다.
P03863,①지방자치단체의 장은 해당 연도 보조사업에 대하여 각급학교의 장에게 보조대상사업 및 그 예산액을 통지하고 보조신청서를 제출하도록 하여야 한다. 이 경우 해당 지방자치단체의 조례로 정하는 바에 따라 관할 교육감 또는 교육장을 거쳐 보조대상사업 및 그 예산액을 통지하거나 보조신청서를 제출하게 할 수 있다.,위임,조례,4,통지·신청 절차의 경유 방식을 해당 지방자치단체 조례로 정하도록 규율권한을 넘긴다.
P03864,①지방자치단체의 장은 해당 연도 보조사업에 대하여 각급학교의 장에게 보조대상사업 및 그 예산액을 통지하고 보조신청서를 제출하도록 하여야 한다. 이 경우 해당 지방자치단체의 조례로 정하는 바에 따라 관할 교육감 또는 교육장을 거쳐 보조대상사업 및 그 예산액을 통지하거나 보조신청서를 제출하게 할 수 있다.,위임,조례,4,통지·신청 절차의 경유 방식을 해당 지방자치단체 조례가 정하도록 규율권한을 넘긴다.
P03865,①지방자치단체의 장은 해당 연도 보조사업에 대하여 각급학교의 장에게 보조대상사업 및 그 예산액을 통지하고 보조신청서를 제출하도록 하여야 한다. 이 경우 해당 지방자치단체의 조례로 정하는 바에 따라 관할 교육감 또는 교육장을 거쳐 보조대상사업 및 그 예산액을 통지하거나 보조신청서를 제출하게 할 수 있다.,위임,조례,4,통지·신청 경유 절차를 해당 지방자치단체의 조례로 정하도록 규율권한을 넘긴다.
P03866,①지방자치단체의 장은 해당 연도 보조사업에 대하여 각급학교의 장에게 보조대상사업 및 그 예산액을 통지하고 보조신청서를 제출하도록 하여야 한다. 이 경우 해당 지방자치단체의 조례로 정하는 바에 따라 관할 교육감 또는 교육장을 거쳐 보조대상사업 및 그 예산액을 통지하거나 보조신청서를 제출하게 할 수 있다.,위임,조례,4,통지·신청 경유 절차를 해당 지방자치단체의 조례로 정하도록 규율권한을 넘긴다.
P03867,①지방자치단체의 장은 해당 연도 보조사업에 대하여 각급학교의 장에게 보조대상사업 및 그 예산액을 통지하고 보조신청서를 제출하도록 하여야 한다. 이 경우 해당 지방자치단체의 조례로 정하는 바에 따라 관할 교육감 또는 교육장을 거쳐 보조대상사업 및 그 예산액을 통지하거나 보조신청서를 제출하게 할 수 있다.,위임,조례,4,통지·신청서 제출의 경유 절차를 해당 지방자치단체의 조례가 정하도록 규율권한을 넘긴다.
P03868,①지방자치단체의 장은 해당 연도 보조사업에 대하여 각급학교의 장에게 보조대상사업 및 그 예산액을 통지하고 보조신청서를 제출하도록 하여야 한다. 이 경우 해당 지방자치단체의 조례로 정하는 바에 따라 관할 교육감 또는 교육장을 거쳐 보조대상사업 및 그 예산액을 통지하거나 보조신청서를 제출하게 할 수 있다.,위임,조례,4,통지·신청 경유 절차를 조례가 정하도록 규율권한을 넘기는 부분 위임이다.
P03869,①지방자치단체의 장은 해당 연도 보조사업에 대하여 각급학교의 장에게 보조대상사업 및 그 예산액을 통지하고 보조신청서를 제출하도록 하여야 한다. 이 경우 해당 지방자치단체의 조례로 정하는 바에 따라 관할 교육감 또는 교육장을 거쳐 보조대상사업 및 그 예산액을 통지하거나 보조신청서를 제출하게 할 수 있다.,위임,조례,4,통지·신청 경유 절차를 해당 지방자치단체 조례가 정하도록 규율권한을 넘긴다.
P03870,①지방자치단체의 장은 해당 연도 보조사업에 대하여 각급학교의 장에게 보조대상사업 및 그 예산액을 통지하고 보조신청서를 제출하도록 하여야 한다. 이 경우 해당 지방자치단체의 조례로 정하는 바에 따라 관할 교육감 또는 교육장을 거쳐 보조대상사업 및 그 예산액을 통지하거나 보조신청서를 제출하게 할 수 있다.,위임,조례,4,통지·신청 절차를 '조례로 정하는 바에 따라' 하도록 하여 조례에 규율권한을 넘긴다.
P03871,①지방자치단체의 장은 해당 연도 보조사업에 대하여 각급학교의 장에게 보조대상사업 및 그 예산액을 통지하고 보조신청서를 제출하도록 하여야 한다. 이 경우 해당 지방자치단체의 조례로 정하는 바에 따라 관할 교육감 또는 교육장을 거쳐 보조대상사업 및 그 예산액을 통지하거나 보조신청서를 제출하게 할 수 있다.,위임,조례,4,통지·신청 절차의 경유 방식을 해당 지방자치단체 조례로 정하도록 규율권한을 넘긴다.
P03872,①지방자치단체의 장은 해당 연도 보조사업에 대하여 각급학교의 장에게 보조대상사업 및 그 예산액을 통지하고 보조신청서를 제출하도록 하여야 한다. 이 경우 해당 지방자치단체의 조례로 정하는 바에 따라 관할 교육감 또는 교육장을 거쳐 보조대상사업 및 그 예산액을 통지하거나 보조신청서를 제출하게 할 수 있다.,위임,조례,4,통지·신청서 제출의 경유 절차를 해당 지방자치단체 조례로 정하도록 규율권한을 넘긴다.
P03873,①지방자치단체의 장은 해당 연도 보조사업에 대하여 각급학교의 장에게 보조대상사업 및 그 예산액을 통지하고 보조신청서를 제출하도록 하여야 한다. 이 경우 해당 지방자치단체의 조례로 정하는 바에 따라 관할 교육감 또는 교육장을 거쳐 보조대상사업 및 그 예산액을 통지하거나 보조신청서를 제출하게 할 수 있다.,위임,조례,4,통지·신청 절차의 구체적 사항을 지방자치단체 조례로 정하도록 규율권한을 넘기는 부분 위임이다.
P03874,①지방자치단체의 장은 해당 연도 보조사업에 대하여 각급학교의 장에게 보조대상사업 및 그 예산액을 통지하고 보조신청서를 제출하도록 하여야 한다. 이 경우 해당 지방자치단체의 조례로 정하는 바에 따라 관할 교육감 또는 교육장을 거쳐 보조대상사업 및 그 예산액을 통지하거나 보조신청서를 제출하게 할 수 있다.,위임,조례,4,통지·신청 경유 절차를 지방자치단체 조례가 정하도록 규율권한을 넘긴다.
P03875,①지방자치단체의 장은 해당 연도 보조사업에 대하여 각급학교의 장에게 보조대상사업 및 그 예산액을 통지하고 보조신청서를 제출하도록 하여야 한다. 이 경우 해당 지방자치단체의 조례로 정하는 바에 따라 관할 교육감 또는 교육장을 거쳐 보조대상사업 및 그 예산액을 통지하거나 보조신청서를 제출하게 할 수 있다.,위임,조례,4,통지·신청 경유 절차를 '조례로 정하는 바에 따라'로 조례에 규율권한을 넘긴다.
P03876,①지방자치단체의 장은 해당 연도 보조사업에 대하여 각급학교의 장에게 보조대상사업 및 그 예산액을 통지하고 보조신청서를 제출하도록 하여야 한다. 이 경우 해당 지방자치단체의 조례로 정하는 바에 따라 관할 교육감 또는 교육장을 거쳐 보조대상사업 및 그 예산액을 통지하거나 보조신청서를 제출하게 할 수 있다.,위임,조례,4,통지·신청서 제출 경유 절차를 지방자치단체 조례가 정하도록 맡기는 부분 위임이다.
P03877,①지방자치단체의 장은 해당 연도 보조사업에 대하여 각급학교의 장에게 보조대상사업 및 그 예산액을 통지하고 보조신청서를 제출하도록 하여야 한다. 이 경우 해당 지방자치단체의 조례로 정하는 바에 따라 관할 교육감 또는 교육장을 거쳐 보조대상사업 및 그 예산액을 통지하거나 보조신청서를 제출하게 할 수 있다.,위임,조례,4,통지·신청서 제출의 경유 절차를 조례로 정하도록 규율권한을 넘긴다.
P03878,①지방자치단체의 장은 해당 연도 보조사업에 대하여 각급학교의 장에게 보조대상사업 및 그 예산액을 통지하고 보조신청서를 제출하도록 하여야 한다. 이 경우 해당 지방자치단체의 조례로 정하는 바에 따라 관할 교육감 또는 교육장을 거쳐 보조대상사업 및 그 예산액을 통지하거나 보조신청서를 제출하게 할 수 있다.,위임,조례,4,통지·신청 경유 절차를 해당 지방자치단체의 조례로 정하도록 규율권한을 넘기는 부분 위임이다.
P03879,①지방자치단체의 장은 해당 연도 보조사업에 대하여 각급학교의 장에게 보조대상사업 및 그 예산액을 통지하고 보조신청서를 제출하도록 하여야 한다. 이 경우 해당 지방자치단체의 조례로 정하는 바에 따라 관할 교육감 또는 교육장을 거쳐 보조대상사업 및 그 예산액을 통지하거나 보조신청서를 제출하게 할 수 있다.,위임,조례,4,통지·신청 경유 절차를 해당 지방자치단체의 조례로 정하도록 규율권한을 넘긴다.
P03880,①지방자치단체의 장은 해당 연도 보조사업에 대하여 각급학교의 장에게 보조대상사업 및 그 예산액을 통지하고 보조신청서를 제출하도록 하여야 한다. 이 경우 해당 지방자치단체의 조례로 정하는 바에 따라 관할 교육감 또는 교육장을 거쳐 보조대상사업 및 그 예산액을 통지하거나 보조신청서를 제출하게 할 수 있다.,위임,조례,4,통지·신청서 제출의 경유 절차를 해당 지방자치단체 조례로 정하도록 규율권한을 넘긴다.
P03881,①지방자치단체의 장은 해당 연도 보조사업에 대하여 각급학교의 장에게 보조대상사업 및 그 예산액을 통지하고 보조신청서를 제출하도록 하여야 한다. 이 경우 해당 지방자치단체의 조례로 정하는 바에 따라 관할 교육감 또는 교육장을 거쳐 보조대상사업 및 그 예산액을 통지하거나 보조신청서를 제출하게 할 수 있다.,위임,조례,4,통지·신청 경유 절차를 해당 지방자치단체 조례가 정하도록 규율권한을 넘기는 부분 위임이다.
P03882,①지방자치단체의 장은 해당 연도 보조사업에 대하여 각급학교의 장에게 보조대상사업 및 그 예산액을 통지하고 보조신청서를 제출하도록 하여야 한다. 이 경우 해당 지방자치단체의 조례로 정하는 바에 따라 관할 교육감 또는 교육장을 거쳐 보조대상사업 및 그 예산액을 통지하거나 보조신청서를 제출하게 할 수 있다.,위임,조례,4,통지·신청 경유 절차를 지방자치단체 조례로 정하도록 규율권한을 넘긴다.
P03883,①지방자치단체의 장은 해당 연도 보조사업에 대하여 각급학교의 장에게 보조대상사업 및 그 예산액을 통지하고 보조신청서를 제출하도록 하여야 한다. 이 경우 해당 지방자치단체의 조례로 정하는 바에 따라 관할 교육감 또는 교육장을 거쳐 보조대상사업 및 그 예산액을 통지하거나 보조신청서를 제출하게 할 수 있다.,위임,조례,4,통지·신청 절차의 경유 방식을 해당 지방자치단체 조례가 정하도록 규율권한을 넘긴다.
P03884,①지방자치단체의 장은 해당 연도 보조사업에 대하여 각급학교의 장에게 보조대상사업 및 그 예산액을 통지하고 보조신청서를 제출하도록 하여야 한다. 이 경우 해당 지방자치단체의 조례로 정하는 바에 따라 관할 교육감 또는 교육장을 거쳐 보조대상사업 및 그 예산액을 통지하거나 보조신청서를 제출하게 할 수 있다.,위임,조례,4,통지·신청서 제출 절차를 '조례로 정하는 바에 따라'로 하여 조례에 규율권한을 넘긴다.
P03885,①지방자치단체의 장은 해당 연도 보조사업에 대하여 각급학교의 장에게 보조대상사업 및 그 예산액을 통지하고 보조신청서를 제출하도록 하여야 한다. 이 경우 해당 지방자치단체의 조례로 정하는 바에 따라 관할 교육감 또는 교육장을 거쳐 보조대상사업 및 그 예산액을 통지하거나 보조신청서를 제출하게 할 수 있다.,위임,조례,4,통지·신청서 제출 경유 절차를 '조례로 정하는 바에 따라' 규율하도록 조례에 권한을 넘긴다.
P03886,①지방자치단체의 장은 해당 연도 보조사업에 대하여 각급학교의 장에게 보조대상사업 및 그 예산액을 통지하고 보조신청서를 제출하도록 하여야 한다. 이 경우 해당 지방자치단체의 조례로 정하는 바에 따라 관할 교육감 또는 교육장을 거쳐 보조대상사업 및 그 예산액을 통지하거나 보조신청서를 제출하게 할 수 있다.,위임,조례,4,통지·신청 경유 절차를 해당 지방자치단체의 조례로 정하도록 규율권한을 넘긴다.
P03887,①지방자치단체의 장은 해당 연도 보조사업에 대하여 각급학교의 장에게 보조대상사업 및 그 예산액을 통지하고 보조신청서를 제출하도록 하여야 한다. 이 경우 해당 지방자치단체의 조례로 정하는 바에 따라 관할 교육감 또는 교육장을 거쳐 보조대상사업 및 그 예산액을 통지하거나 보조신청서를 제출하게 할 수 있다.,위임,조례,4,통지·신청 절차를 '조례로 정하는 바에 따라' 하도록 하여 조례에 규율권한을 부분 위임한다.
P03888,①지방자치단체의 장은 해당 연도 보조사업에 대하여 각급학교의 장에게 보조대상사업 및 그 예산액을 통지하고 보조신청서를 제출하도록 하여야 한다. 이 경우 해당 지방자치단체의 조례로 정하는 바에 따라 관할 교육감 또는 교육장을 거쳐 보조대상사업 및 그 예산액을 통지하거나 보조신청서를 제출하게 할 수 있다.,위임,조례,4,통지·신청서 제출의 경유 절차를 지방자치단체 조례가 정하도록 규율권한을 넘긴다.
P03889,①지방자치단체의 장은 해당 연도 보조사업에 대하여 각급학교의 장에게 보조대상사업 및 그 예산액을 통지하고 보조신청서를 제출하도록 하여야 한다. 이 경우 해당 지방자치단체의 조례로 정하는 바에 따라 관할 교육감 또는 교육장을 거쳐 보조대상사업 및 그 예산액을 통지하거나 보조신청서를 제출하게 할 수 있다.,위임,조례,4,통지·신청서 제출 경유 절차를 지방자치단체 조례가 정하도록 규율권한을 넘긴다.
P03890,①지방자치단체의 장은 해당 연도 보조사업에 대하여 각급학교의 장에게 보조대상사업 및 그 예산액을 통지하고 보조신청서를 제출하도록 하여야 한다. 이 경우 해당 지방자치단체의 조례로 정하는 바에 따라 관할 교육감 또는 교육장을 거쳐 보조대상사업 및 그 예산액을 통지하거나 보조신청서를 제출하게 할 수 있다.,위임,조례,4,통지·신청서 제출 경유 절차를 '조례로 정하는 바에 따라'로 조례에 맡기는 부분 위임이다.
P03891,①지방자치단체의 장은 해당 연도 보조사업에 대하여 각급학교의 장에게 보조대상사업 및 그 예산액을 통지하고 보조신청서를 제출하도록 하여야 한다. 이 경우 해당 지방자치단체의 조례로 정하는 바에 따라 관할 교육감 또는 교육장을 거쳐 보조대상사업 및 그 예산액을 통지하거나 보조신청서를 제출하게 할 수 있다.,위임,조례,4,통지·신청 경유 절차를 지방자치단체 조례가 정하도록 규율권한을 넘기는 부분 위임이다.
P03892,①지방자치단체의 장은 해당 연도 보조사업에 대하여 각급학교의 장에게 보조대상사업 및 그 예산액을 통지하고 보조신청서를 제출하도록 하여야 한다. 이 경우 해당 지방자치단체의 조례로 정하는 바에 따라 관할 교육감 또는 교육장을 거쳐 보조대상사업 및 그 예산액을 통지하거나 보조신청서를 제출하게 할 수 있다.,위임,조례,4,통지·신청 절차의 경유 방식을 지방자치단체 조례로 정하도록 규율권한을 넘긴다.
P03893,①지방자치단체의 장은 해당 연도 보조사업에 대하여 각급학교의 장에게 보조대상사업 및 그 예산액을 통지하고 보조신청서를 제출하도록 하여야 한다. 이 경우 해당 지방자치단체의 조례로 정하는 바에 따라 관할 교육감 또는 교육장을 거쳐 보조대상사업 및 그 예산액을 통지하거나 보조신청서를 제출하게 할 수 있다.,위임,조례,4,통지·신청 경유 절차를 해당 지방자치단체의 조례로 정하도록 규율권한을 넘기는 부분 위임이다.
P03894,①지방자치단체의 장은 해당 연도 보조사업에 대하여 각급학교의 장에게 보조대상사업 및 그 예산액을 통지하고 보조신청서를 제출하도록 하여야 한다. 이 경우 해당 지방자치단체의 조례로 정하는 바에 따라 관할 교육감 또는 교육장을 거쳐 보조대상사업 및 그 예산액을 통지하거나 보조신청서를 제출하게 할 수 있다.,위임,조례,4,통지·신청서 제출 경유 절차를 해당 지방자치단체의 조례가 정하도록 규율권한을 넘긴다.
P03895,①지방자치단체의 장은 해당 연도 보조사업에 대하여 각급학교의 장에게 보조대상사업 및 그 예산액을 통지하고 보조신청서를 제출하도록 하여야 한다. 이 경우 해당 지방자치단체의 조례로 정하는 바에 따라 관할 교육감 또는 교육장을 거쳐 보조대상사업 및 그 예산액을 통지하거나 보조신청서를 제출하게 할 수 있다.,위임,조례,4,통지·신청 경유 절차를 '조례로 정하는 바에 따라'로 조례에 규율권한을 넘긴다.
P03896,①지방자치단체의 장은 해당 연도 보조사업에 대하여 각급학교의 장에게 보조대상사업 및 그 예산액을 통지하고 보조신청서를 제출하도록 하여야 한다. 이 경우 해당 지방자치단체의 조례로 정하는 바에 따라 관할 교육감 또는 교육장을 거쳐 보조대상사업 및 그 예산액을 통지하거나 보조신청서를 제출하게 할 수 있다.,위임,조례,4,통지·신청 절차의 경유 방식을 해당 지방자치단체 조례가 정하도록 규율권한을 넘긴다.
P03897,①지방자치단체의 장은 해당 연도 보조사업에 대하여 각급학교의 장에게 보조대상사업 및 그 예산액을 통지하고 보조신청서를 제출하도록 하여야 한다. 이 경우 해당 지방자치단체의 조례로 정하는 바에 따라 관할 교육감 또는 교육장을 거쳐 보조대상사업 및 그 예산액을 통지하거나 보조신청서를 제출하게 할 수 있다.,위임,조례,4,통지·신청 경유 절차를 해당 지방자치단체의 조례로 정하도록 규율권한을 넘긴다.
P03898,①지방자치단체의 장은 해당 연도 보조사업에 대하여 각급학교의 장에게 보조대상사업 및 그 예산액을 통지하고 보조신청서를 제출하도록 하여야 한다. 이 경우 해당 지방자치단체의 조례로 정하는 바에 따라 관할 교육감 또는 교육장을 거쳐 보조대상사업 및 그 예산액을 통지하거나 보조신청서를 제출하게 할 수 있다.,위임,조례,4,통지 및 보조신청서 제출 경로에 관한 사항을 해당 지방자치단체의 조례로 정하도록 규율권한을 넘긴다.
P03899,①지방자치단체의 장은 해당 연도 보조사업에 대하여 각급학교의 장에게 보조대상사업 및 그 예산액을 통지하고 보조신청서를 제출하도록 하여야 한다. 이 경우 해당 지방자치단체의 조례로 정하는 바에 따라 관할 교육감 또는 교육장을 거쳐 보조대상사업 및 그 예산액을 통지하거나 보조신청서를 제출하게 할 수 있다.,위임,조례,4,통지·신청 경유 절차를 해당 지방자치단체 조례가 정하도록 규율권한을 넘기는 부분 위임이다.
P03900,①지방자치단체의 장은 해당 연도 보조사업에 대하여 각급학교의 장에게 보조대상사업 및 그 예산액을 통지하고 보조신청서를 제출하도록 하여야 한다. 이 경우 해당 지방자치단체의 조례로 정하는 바에 따라 관할 교육감 또는 교육장을 거쳐 보조대상사업 및 그 예산액을 통지하거나 보조신청서를 제출하게 할 수 있다.,위임,조례,4,통지·신청서 제출 경유 절차를 조례가 정하도록 규율권한을 넘기는 부분 위임이다.
P03901,①지방자치단체의 장은 해당 연도 보조사업에 대하여 각급학교의 장에게 보조대상사업 및 그 예산액을 통지하고 보조신청서를 제출하도록 하여야 한다. 이 경우 해당 지방자치단체의 조례로 정하는 바에 따라 관할 교육감 또는 교육장을 거쳐 보조대상사업 및 그 예산액을 통지하거나 보조신청서를 제출하게 할 수 있다.,위임,조례,4,통지·신청 경유 절차를 해당 지방자치단체의 조례가 정하도록 규율권한을 넘긴 부분 위임이다.
P03902,①지방자치단체의 장은 해당 연도 보조사업에 대하여 각급학교의 장에게 보조대상사업 및 그 예산액을 통지하고 보조신청서를 제출하도록 하여야 한다. 이 경우 해당 지방자치단체의 조례로 정하는 바에 따라 관할 교육감 또는 교육장을 거쳐 보조대상사업 및 그 예산액을 통지하거나 보조신청서를 제출하게 할 수 있다.,위임,조례,4,통지·신청 경유 절차를 해당 지방자치단체 조례로 정하도록 규율권한을 넘긴다.
P03903,①지방자치단체의 장은 해당 연도 보조사업에 대하여 각급학교의 장에게 보조대상사업 및 그 예산액을 통지하고 보조신청서를 제출하도록 하여야 한다. 이 경우 해당 지방자치단체의 조례로 정하는 바에 따라 관할 교육감 또는 교육장을 거쳐 보조대상사업 및 그 예산액을 통지하거나 보조신청서를 제출하게 할 수 있다.,위임,조례,4,통지 및 신청서 제출 절차를 '조례로 정하는 바에 따라' 규율하도록 조례에 권한을 넘긴다.
P03904,①지방자치단체의 장은 해당 연도 보조사업에 대하여 각급학교의 장에게 보조대상사업 및 그 예산액을 통지하고 보조신청서를 제출하도록 하여야 한다. 이 경우 해당 지방자치단체의 조례로 정하는 바에 따라 관할 교육감 또는 교육장을 거쳐 보조대상사업 및 그 예산액을 통지하거나 보조신청서를 제출하게 할 수 있다.,위임,조례,4,통지·신청서 제출의 경유 절차를 해당 지방자치단체 조례가 정하도록 규율권한을 넘긴다.
P03905,①지방자치단체의 장은 해당 연도 보조사업에 대하여 각급학교의 장에게 보조대상사업 및 그 예산액을 통지하고 보조신청서를 제출하도록 하여야 한다. 이 경우 해당 지방자치단체의 조례로 정하는 바에 따라 관할 교육감 또는 교육장을 거쳐 보조대상사업 및 그 예산액을 통지하거나 보조신청서를 제출하게 할 수 있다.,위임,조례,4,통지·신청 경유 절차를 해당 지방자치단체의 조례로 정하도록 규율권한을 넘긴다.
P03906,①지방자치단체의 장은 해당 연도 보조사업에 대하여 각급학교의 장에게 보조대상사업 및 그 예산액을 통지하고 보조신청서를 제출하도록 하여야 한다. 이 경우 해당 지방자치단체의 조례로 정하는 바에 따라 관할 교육감 또는 교육장을 거쳐 보조대상사업 및 그 예산액을 통지하거나 보조신청서를 제출하게 할 수 있다.,위임,조례,4,통지·신청서 제출 경로에 관한 사항을 해당 지방자치단체 조례에 정하도록 규율권한을 넘긴다.
P03907,①지방자치단체의 장은 해당 연도 보조사업에 대하여 각급학교의 장에게 보조대상사업 및 그 예산액을 통지하고 보조신청서를 제출하도록 하여야 한다. 이 경우 해당 지방자치단체의 조례로 정하는 바에 따라 관할 교육감 또는 교육장을 거쳐 보조대상사업 및 그 예산액을 통지하거나 보조신청서를 제출하게 할 수 있다.,위임,조례,4,통지·신청서 제출 경유 절차를 조례로 정하도록 규율권한을 넘긴다.
P03908,①지방자치단체의 장은 해당 연도 보조사업에 대하여 각급학교의 장에게 보조대상사업 및 그 예산액을 통지하고 보조신청서를 제출하도록 하여야 한다. 이 경우 해당 지방자치단체의 조례로 정하는 바에 따라 관할 교육감 또는 교육장을 거쳐 보조대상사업 및 그 예산액을 통지하거나 보조신청서를 제출하게 할 수 있다.,위임,조례,4,'조례로 정하는 바에 따라'로 통지·신청 절차의 구체적 사항을 조례에 맡기는 부분 위임이다.
P03909,①지방자치단체의 장은 해당 연도 보조사업에 대하여 각급학교의 장에게 보조대상사업 및 그 예산액을 통지하고 보조신청서를 제출하도록 하여야 한다. 이 경우 해당 지방자치단체의 조례로 정하는 바에 따라 관할 교육감 또는 교육장을 거쳐 보조대상사업 및 그 예산액을 통지하거나 보조신청서를 제출하게 할 수 있다.,위임,조례,4,통지·신청 절차를 해당 지방자치단체 조례가 정하도록 규율권한을 넘기는 부분 위임이다.
P03910,①지방자치단체의 장은 해당 연도 보조사업에 대하여 각급학교의 장에게 보조대상사업 및 그 예산액을 통지하고 보조신청서를 제출하도록 하여야 한다. 이 경우 해당 지방자치단체의 조례로 정하는 바에 따라 관할 교육감 또는 교육장을 거쳐 보조대상사업 및 그 예산액을 통지하거나 보조신청서를 제출하게 할 수 있다.,위임,조례,4,통지·신청 경유 절차를 지방자치단체 조례가 정하도록 규율권한을 넘긴다.
P03911,①지방자치단체의 장은 해당 연도 보조사업에 대하여 각급학교의 장에게 보조대상사업 및 그 예산액을 통지하고 보조신청서를 제출하도록 하여야 한다. 이 경우 해당 지방자치단체의 조례로 정하는 바에 따라 관할 교육감 또는 교육장을 거쳐 보조대상사업 및 그 예산액을 통지하거나 보조신청서를 제출하게 할 수 있다.,위임,조례,4,통지·신청 경유 절차를 해당 지방자치단체 조례로 정하도록 규율권한을 넘긴다.
P03912,①지방자치단체의 장은 해당 연도 보조사업에 대하여 각급학교의 장에게 보조대상사업 및 그 예산액을 통지하고 보조신청서를 제출하도록 하여야 한다. 이 경우 해당 지방자치단체의 조례로 정하는 바에 따라 관할 교육감 또는 교육장을 거쳐 보조대상사업 및 그 예산액을 통지하거나 보조신청서를 제출하게 할 수 있다.,위임,조례,4,통지·신청 경유 절차를 지방자치단체 조례로 정하도록 규율권한을 넘긴다.
P03913,①지방자치단체의 장은 해당 연도 보조사업에 대하여 각급학교의 장에게 보조대상사업 및 그 예산액을 통지하고 보조신청서를 제출하도록 하여야 한다. 이 경우 해당 지방자치단체의 조례로 정하는 바에 따라 관할 교육감 또는 교육장을 거쳐 보조대상사업 및 그 예산액을 통지하거나 보조신청서를 제출하게 할 수 있다.,위임,조례,4,통지·신청 절차의 구체적 사항을 지방자치단체 조례로 정하도록 규율권한을 넘긴다.
P03914,①지방자치단체의 장은 해당 연도 보조사업에 대하여 각급학교의 장에게 보조대상사업 및 그 예산액을 통지하고 보조신청서를 제출하도록 하여야 한다. 이 경우 해당 지방자치단체의 조례로 정하는 바에 따라 관할 교육감 또는 교육장을 거쳐 보조대상사업 및 그 예산액을 통지하거나 보조신청서를 제출하게 할 수 있다.,위임,조례,4,통지·신청 절차의 구체적 사항을 해당 지방자치단체 조례에 정하도록 맡기는 부분 위임이다.
P03915,①지방자치단체의 장은 해당 연도 보조사업에 대하여 각급학교의 장에게 보조대상사업 및 그 예산액을 통지하고 보조신청서를 제출하도록 하여야 한다. 이 경우 해당 지방자치단체의 조례로 정하는 바에 따라 관할 교육감 또는 교육장을 거쳐 보조대상사업 및 그 예산액을 통지하거나 보조신청서를 제출하게 할 수 있다.,위임,조례,4,통지·신청 절차의 경유 방법을 해당 지방자치단체 조례로 정하도록 규율권한을 넘긴다.
P03916,①지방자치단체의 장은 해당 연도 보조사업에 대하여 각급학교의 장에게 보조대상사업 및 그 예산액을 통지하고 보조신청서를 제출하도록 하여야 한다. 이 경우 해당 지방자치단체의 조례로 정하는 바에 따라 관할 교육감 또는 교육장을 거쳐 보조대상사업 및 그 예산액을 통지하거나 보조신청서를 제출하게 할 수 있다.,위임,조례,4,통지·신청서 제출 절차의 경유 방식을 해당 지방자치단체 조례로 정하도록 규율권한을 넘긴다.
P03917,①지방자치단체의 장은 해당 연도 보조사업에 대하여 각급학교의 장에게 보조대상사업 및 그 예산액을 통지하고 보조신청서를 제출하도록 하여야 한다. 이 경우 해당 지방자치단체의 조례로 정하는 바에 따라 관할 교육감 또는 교육장을 거쳐 보조대상사업 및 그 예산액을 통지하거나 보조신청서를 제출하게 할 수 있다.,위임,조례,4,통지·신청서 제출 경유 절차를 해당 지방자치단체 조례가 정하도록 규율권한을 넘긴다.
P03918,①지방자치단체의 장은 해당 연도 보조사업에 대하여 각급학교의 장에게 보조대상사업 및 그 예산액을 통지하고 보조신청서를 제출하도록 하여야 한다. 이 경우 해당 지방자치단체의 조례로 정하는 바에 따라 관할 교육감 또는 교육장을 거쳐 보조대상사업 및 그 예산액을 통지하거나 보조신청서를 제출하게 할 수 있다.,위임,조례,4,통지·신청 절차를 해당 지방자치단체의 조례로 정하도록 규율권한을 넘긴다.
P03919,①지방자치단체의 장은 해당 연도 보조사업에 대하여 각급학교의 장에게 보조대상사업 및 그 예산액을 통지하고 보조신청서를 제출하도록 하여야 한다. 이 경우 해당 지방자치단체의 조례로 정하는 바에 따라 관할 교육감 또는 교육장을 거쳐 보조대상사업 및 그 예산액을 통지하거나 보조신청서를 제출하게 할 수 있다.,위임,조례,4,통지·신청서 제출의 경유 절차를 해당 지방자치단체 조례가 정하도록 규율권한을 넘긴다.
P03920,①지방자치단체의 장은 해당 연도 보조사업에 대하여 각급학교의 장에게 보조대상사업 및 그 예산액을 통지하고 보조신청서를 제출하도록 하여야 한다. 이 경우 해당 지방자치단체의 조례로 정하는 바에 따라 관할 교육감 또는 교육장을 거쳐 보조대상사업 및 그 예산액을 통지하거나 보조신청서를 제출하게 할 수 있다.,위임,조례,4,통지·신청서 제출의 경유 절차를 해당 지방자치단체 조례로 정하도록 규율권한을 넘긴다.
P03921,①지방자치단체의 장은 해당 연도 보조사업에 대하여 각급학교의 장에게 보조대상사업 및 그 예산액을 통지하고 보조신청서를 제출하도록 하여야 한다. 이 경우 해당 지방자치단체의 조례로 정하는 바에 따라 관할 교육감 또는 교육장을 거쳐 보조대상사업 및 그 예산액을 통지하거나 보조신청서를 제출하게 할 수 있다.,위임,조례,4,통지·신청 경유 절차를 지방자치단체 조례가 정하도록 규율권한을 넘기는 부분 위임이다.
P03922,①지방자치단체의 장은 해당 연도 보조사업에 대하여 각급학교의 장에게 보조대상사업 및 그 예산액을 통지하고 보조신청서를 제출하도록 하여야 한다. 이 경우 해당 지방자치단체의 조례로 정하는 바에 따라 관할 교육감 또는 교육장을 거쳐 보조대상사업 및 그 예산액을 통지하거나 보조신청서를 제출하게 할 수 있다.,위임,조례,4,경유 절차에 관한 사항을 '조례로 정하는 바에 따라'라며 조례에 규율권한을 넘긴다.
P03923,①지방자치단체의 장은 해당 연도 보조사업에 대하여 각급학교의 장에게 보조대상사업 및 그 예산액을 통지하고 보조신청서를 제출하도록 하여야 한다. 이 경우 해당 지방자치단체의 조례로 정하는 바에 따라 관할 교육감 또는 교육장을 거쳐 보조대상사업 및 그 예산액을 통지하거나 보조신청서를 제출하게 할 수 있다.,위임,조례,4,통지·신청서 제출 경유 절차를 해당 지방자치단체 조례로 정하도록 규율권한을 넘긴다.
P03924,필요한 사항은 대통령령으로,판단불가,대통령령,3,문장이 종결부 없이 잘려 있어 위임 여부를 확정할 수 없으나 표지어구로 대통령령이 언급된다.
P03925,필요한 사항은 대통령령으로,판단불가,대통령령,3,문장이 종결되지 않고 잘려 있어 위임 여부를 확정할 수 없으나 표지어구로 대통령령이 지시된다.
P03926,필요한 사항은 대통령령으로,위임,대통령령,3,문장이 일부 잘렸으나 '필요한 사항은 대통령령으로'라는 문언상 대통령령에 규율권한을 넘기는 위임으로 보인다.
P03927,필요한 사항은 대통령령으로,위임,대통령령,3,문장이 절단되었으나 '필요한 사항은 대통령령으로'라는 정형 위임 문구로 대통령령에 규율권한을 넘기는 것으로 판단된다.
P03928,대통령령으로 정하는 사람의,위임,대통령령,3,문장이 조각이지만 '대통령령으로 정하는 사람'은 요건 일부를 대통령령에 맡기는 부분 위임 형태다.
P03929,필요한 사항은 대통령령으로,판단불가,대통령령,2,문장이 종결부 없이 잘려 있어 위임 여부를 확정할 수 없으나 문언상 대통령령이 지정되어 있다.
P03930,④ 시ㆍ도교육감이 설치한 취업지원센터의 운영 등에 필요한 사항은 시ㆍ도의 조례로 정한다.,위임,조례,5,취업지원센터 운영에 필요한 사항의 규율권한을 시·도 조례에 넘긴다.
P03931,④ 시ㆍ도교육감이 설치한 취업지원센터의 운영 등에 필요한 사항은 시ㆍ도의 조례로 정한다.,위임,조례,5,취업지원센터 운영에 필요한 사항의 규율권한을 시·도 조례에 넘기는 위임이다.
P03932,④ 시ㆍ도교육감이 설치한 취업지원센터의 운영 등에 필요한 사항은 시ㆍ도의 조례로 정한다.,위임,조례,5,취업지원센터 운영에 필요한 사항의 규율권한을 시·도 조례에 넘긴다.
P03933,④ 시ㆍ도교육감이 설치한 취업지원센터의 운영 등에 필요한 사항은 시ㆍ도의 조례로 정한다.,위임,조례,5,취업지원센터 운영에 필요한 사항의 규율권한을 시·도 조례에 넘기는 위임 규정이다.
P03934,④ 시ㆍ도교육감이 설치한 취업지원센터의 운영 등에 필요한 사항은 시ㆍ도의 조례로 정한다.,위임,조례,5,운영 등 필요한 사항의 규율권한을 시·도 조례에 넘기는 위임 규정이다.
P03935,④ 시ㆍ도교육감이 설치한 취업지원센터의 운영 등에 필요한 사항은 시ㆍ도의 조례로 정한다.,위임,조례,5,운영 등 필요사항을 시·도 조례에 규율권한을 넘기는 위임이다.
P03936,④ 시ㆍ도교육감이 설치한 취업지원센터의 운영 등에 필요한 사항은 시ㆍ도의 조례로 정한다.,위임,조례,5,운영 등 필요한 사항의 규율권한을 시·도 조례에 넘긴다.
P03937,④ 시ㆍ도교육감이 설치한 취업지원센터의 운영 등에 필요한 사항은 시ㆍ도의 조례로 정한다.,위임,조례,5,취업지원센터 운영에 필요한 사항의 규율권한을 시·도 조례에 넘긴다.
P03938,④ 시ㆍ도교육감이 설치한 취업지원센터의 운영 등에 필요한 사항은 시ㆍ도의 조례로 정한다.,위임,조례,5,운영 등 필요한 사항의 규율권한을 시·도 조례에 넘기는 위임이다.
P03939,④ 시ㆍ도교육감이 설치한 취업지원센터의 운영 등에 필요한 사항은 시ㆍ도의 조례로 정한다.,위임,조례,5,운영 등에 필요한 사항을 시·도 조례로 정하도록 규율권한을 넘긴다.
P03940,④ 시ㆍ도교육감이 설치한 취업지원센터의 운영 등에 필요한 사항은 시ㆍ도의 조례로 정한다.,위임,조례,5,문말 종결형으로 시·도 조례에 운영 사항의 규율권한을 넘긴다.
P03941,④ 시ㆍ도교육감이 설치한 취업지원센터의 운영 등에 필요한 사항은 시ㆍ도의 조례로 정한다.,위임,조례,5,문말 종결형으로 시·도 조례에 운영 사항의 규율권한을 넘긴다.
P03942,④ 시ㆍ도교육감이 설치한 취업지원센터의 운영 등에 필요한 사항은 시ㆍ도의 조례로 정한다.,위임,조례,5,취업지원센터 운영에 필요한 사항의 규율권한을 시·도 조례에 넘기는 위임이다.
P03943,④ 시ㆍ도교육감이 설치한 취업지원센터의 운영 등에 필요한 사항은 시ㆍ도의 조례로 정한다.,위임,조례,5,운영에 필요한 사항을 시·도 조례로 정하도록 규율권한을 넘긴다.
P03944,④ 시ㆍ도교육감이 설치한 취업지원센터의 운영 등에 필요한 사항은 시ㆍ도의 조례로 정한다.,위임,조례,5,취업지원센터 운영에 필요한 사항의 규율권한을 시·도 조례에 넘긴다.
P03945,"③ 취업전담교사 배치 기준, 취업지원활동의 수업시간 인정 기준 및 범위 등 취업전담교사 운영에 필요한 사항은 시ㆍ도의 조례로 정한다.",위임,조례,5,운영에 필요한 사항을 시·도 조례에 정하도록 규율권한을 넘긴다.
P03946,"② 취업지원인력의 채용, 배치 기준 등 취업지원인력 운영에 필요한 사항은 시ㆍ도의 조례로 정한다.",위임,조례,5,문말 종결형으로 시·도 조례에 규율권한을 넘긴다.
P03947,"② 취업지원인력의 채용, 배치 기준 등 취업지원인력 운영에 필요한 사항은 시ㆍ도의 조례로 정한다.",위임,조례,5,취업지원인력 운영에 필요한 사항의 규율권한을 시·도 조례에 넘긴다.
P03948,"② 취업지원인력의 채용, 배치 기준 등 취업지원인력 운영에 필요한 사항은 시ㆍ도의 조례로 정한다.",위임,조례,5,취업지원인력 운영에 필요한 사항의 규율권한을 시·도 조례에 넘기는 위임이다.
P03949,"② 취업지원인력의 채용, 배치 기준 등 취업지원인력 운영에 필요한 사항은 시ㆍ도의 조례로 정한다.",위임,조례,5,취업지원인력 운영에 필요한 사항의 규율권한을 시·도 조례에 넘긴다.
P03950,"② 취업지원인력의 채용, 배치 기준 등 취업지원인력 운영에 필요한 사항은 시ㆍ도의 조례로 정한다.",위임,조례,5,필요한 사항의 규율권한을 시·도 조례에 넘기는 위임 규정이다.
P03951,"② 취업지원인력의 채용, 배치 기준 등 취업지원인력 운영에 필요한 사항은 시ㆍ도의 조례로 정한다.",위임,조례,5,취업지원인력 운영에 필요한 사항의 규율권한을 시·도 조례에 넘긴다.
P03952,"② 취업지원인력의 채용, 배치 기준 등 취업지원인력 운영에 필요한 사항은 시ㆍ도의 조례로 정한다.",위임,조례,5,취업지원인력 운영에 필요한 사항의 규율권한을 시·도 조례에 넘긴다.
P03953,"② 취업지원인력의 채용, 배치 기준 등 취업지원인력 운영에 필요한 사항은 시ㆍ도의 조례로 정한다.",위임,조례,5,취업지원인력 운영에 필요한 사항을 시·도 조례에 정하도록 규율권한을 넘긴다.
P03954,"② 취업지원인력의 채용, 배치 기준 등 취업지원인력 운영에 필요한 사항은 시ㆍ도의 조례로 정한다.",위임,조례,5,취업지원인력 운영에 필요한 사항의 규율권한을 시·도 조례에 넘긴다.
P03955,"② 취업지원인력의 채용, 배치 기준 등 취업지원인력 운영에 필요한 사항은 시ㆍ도의 조례로 정한다.",위임,조례,5,취업지원인력 운영에 필요한 사항의 규율권한을 시·도 조례에 넘긴다.
P03956,"② 취업지원인력의 채용, 배치 기준 등 취업지원인력 운영에 필요한 사항은 시ㆍ도의 조례로 정한다.",위임,조례,5,취업지원인력 운영 사항을 시·도 조례로 정하도록 규율권한을 넘긴다.
P03957,"② 취업지원인력의 채용, 배치 기준 등 취업지원인력 운영에 필요한 사항은 시ㆍ도의 조례로 정한다.",위임,조례,5,취업지원인력 운영에 필요한 사항의 규율권한을 시·도 조례에 넘긴다.
P03958,"② 취업지원인력의 채용, 배치 기준 등 취업지원인력 운영에 필요한 사항은 시ㆍ도의 조례로 정한다.",위임,조례,5,취업지원인력 운영에 필요한 사항의 규율권한을 시·도 조례에 넘긴다.
P03959,"② 취업지원인력의 채용, 배치 기준 등 취업지원인력 운영에 필요한 사항은 시ㆍ도의 조례로 정한다.",위임,조례,5,문말 종결형으로 시·도 조례에 규율권한을 넘긴다.
P03960,"② 취업지원인력의 채용, 배치 기준 등 취업지원인력 운영에 필요한 사항은 시ㆍ도의 조례로 정한다.",위임,조례,5,취업지원인력 운영에 필요한 사항의 규율권한을 시·도 조례에 넘긴다.
P03961,대통령령으로 정하는,판단불가,대통령령,3,문장이 '대통령령으로 정하는'에서 잘려 있어 무엇을 위임하는지 확인할 수 없다.
P03962,산업통상부장관 및 중소벤처기업부장관과 협의하여 고시한 표준협약서에 따라 현장실습계약을 체결하여야 한다,인용,해당없음,4,완료형 '고시한 표준협약서에 따라'는 기존 규범을 원용하는 인용이다.
P03963,대통령령으로 정하는,판단불가,대통령령,2,문장이 '대통령령으로 정하는'에서 잘려 있어 위임 여부를 확정할 수 없으나 문언상 법형식은 대통령령으로 명시되어 있다.
P03964,④ 협의회의 구성 및 운영에 필요한 사항은 해당 지방자치단체의 조례로 정한다.,위임,조례,5,협의회 구성·운영 사항을 지방자치단체 조례로 정하도록 규율권한을 넘긴다.
P03965,④ 협의회의 구성 및 운영에 필요한 사항은 해당 지방자치단체의 조례로 정한다.,위임,조례,5,문말 종결형으로 지방자치단체 조례에 규율권한을 넘긴다.
P03966,④ 협의회의 구성 및 운영에 필요한 사항은 해당 지방자치단체의 조례로 정한다.,위임,조례,5,협의회 구성·운영 사항을 지방자치단체 조례에 정하도록 규율권한을 넘긴다.
P03967,④ 협의회의 구성 및 운영에 필요한 사항은 해당 지방자치단체의 조례로 정한다.,위임,조례,5,문말 종결형으로 지방자치단체 조례에 규율권한을 넘긴다.
P03968,④ 협의회의 구성 및 운영에 필요한 사항은 해당 지방자치단체의 조례로 정한다.,위임,조례,5,협의회 구성·운영 사항을 지방자치단체 조례에 규율권한을 넘기는 위임이다.
P03969,④ 협의회의 구성 및 운영에 필요한 사항은 해당 지방자치단체의 조례로 정한다.,위임,조례,5,협의회 구성·운영 사항을 지방자치단체 조례에 규율권한을 넘기는 위임이다.
P03970,대통령령으로 정하는,판단불가,대통령령,3,문장이 '대통령령으로 정하는'에서 절단되어 위임 여부와 대상을 확정할 수 없으나 표지어구는 대통령령이다.
P03971,대통령령으로 정한다,위임,대통령령,4,문말 종결형 '대통령령으로 정한다'로 대통령령에 규율권한을 넘기는 위임이다.
P03972,사항은 대통령령으로,판단불가,대통령령,3,문장이 '사항은 대통령령으로'에서 잘려 서술어가 없어 위임 여부를 확정할 수 없다.
P03973,대통령령으로 정한다,위임,대통령령,4,문말 종결형 '대통령령으로 정한다'로 대통령령에 규율권한을 넘기는 위임이다.
P03974,과태료는 대통령령으로,판단불가,대통령령,3,문장이 중간에 잘려 종결부가 없어 위임인지 확정할 수 없으나 문언상 대통령령이 명시되어 있다.
P03975,대통령령으로 정하는,판단불가,해당없음,4,문장이 '대통령령으로 정하는'에서 잘려 있어 위임 여부와 대상 사항을 확정할 수 없다.
P03976,교육부장관이 정하는 바에 따라 진로체험의 기회를 제공하여야 한다.,위임,미특정,4,'교육부장관이 정하는 바에 따라'로 규율권한을 넘기되 법형식을 지정하지 않았다.
P03977,대통령령으로 정한다,위임,대통령령,4,종결형 '대통령령으로 정한다'로 대통령령에 규율권한을 넘기는 위임이다.
P03978,대통령령으로 정한다,위임,대통령령,4,종결형 '대통령령으로 정한다'로 진로교육의 목표·성취기준에 관한 규율권한을 대통령령에 넘긴다.
P03979,필요한 사항은 대통령령으로,판단불가,대통령령,3,문장이 종결부 없이 잘려 있어 위임 종결 여부를 확정할 수 없으나 표지어구는 대통령령이다.
P03980,대통령령으로 정한다,위임,대통령령,4,문말 종결형 '대통령령으로 정한다'로 대통령령에 규율권한을 넘기는 위임이다.
P03981,대통령령으로 정한다,위임,대통령령,4,문장이 짧게 절단되었으나 '대통령령으로 정한다'는 종결형 위임 문언이다.
P03982,교육부령으로 정한다,위임,부령,4,문장이 축약되어 있으나 '교육부령으로 정한다'는 종결형으로 교육부령에 규율권한을 넘기는 위임이다.
P03983,② 제1항에 따른 지역진로교육센터의 구성ㆍ운영 및 전담기관의 지정 등에 필요한 사항은 조례로 정한다.,위임,조례,5,지역진로교육센터의 구성·운영 등 필요한 사항을 조례로 정하도록 규율권한을 넘긴다.
P03984,② 제1항에 따른 지역진로교육센터의 구성ㆍ운영 및 전담기관의 지정 등에 필요한 사항은 조례로 정한다.,위임,조례,5,지역진로교육센터의 구성·운영 등 필요한 사항의 규율권한을 조례에 넘기는 문말 종결형 위임이다.
P03985,② 제1항에 따른 지역진로교육센터의 구성ㆍ운영 및 전담기관의 지정 등에 필요한 사항은 조례로 정한다.,위임,조례,5,지역진로교육센터의 구성·운영 등 필요한 사항을 조례로 정하도록 규율권한을 넘긴다.
P03986,② 제1항에 따른 지역진로교육센터의 구성ㆍ운영 및 전담기관의 지정 등에 필요한 사항은 조례로 정한다.,위임,조례,5,지역진로교육센터의 구성·운영 등 필요한 사항을 조례로 정하도록 규율권한을 넘긴다.
P03987,② 제1항에 따른 지역진로교육센터의 구성ㆍ운영 및 전담기관의 지정 등에 필요한 사항은 조례로 정한다.,위임,조례,5,지역진로교육센터의 구성·운영 등 필요한 사항을 조례에 정하도록 규율권한을 넘긴다.
P03988,② 제1항에 따른 지역진로교육센터의 구성ㆍ운영 및 전담기관의 지정 등에 필요한 사항은 조례로 정한다.,위임,조례,5,지역진로교육센터의 구성·운영 등에 필요한 사항을 조례에 위임하는 종결형 규정이다.
P03989,② 제1항에 따른 지역진로교육센터의 구성ㆍ운영 및 전담기관의 지정 등에 필요한 사항은 조례로 정한다.,위임,조례,5,지역진로교육센터의 구성·운영 등 필요한 사항을 조례로 정하도록 규율권한을 넘긴다.
P03990,② 제1항에 따른 지역진로교육센터의 구성ㆍ운영 및 전담기관의 지정 등에 필요한 사항은 조례로 정한다.,위임,조례,5,지역진로교육센터의 구성·운영 등 필요한 사항의 규율권한을 조례에 넘기는 위임 규정이다.
P03991,② 제1항에 따른 지역진로교육센터의 구성ㆍ운영 및 전담기관의 지정 등에 필요한 사항은 조례로 정한다.,위임,조례,5,지역진로교육센터의 구성·운영 등 필요한 사항을 조례로 정하도록 규율권한을 넘긴다.
P03992,② 제1항에 따른 지역진로교육센터의 구성ㆍ운영 및 전담기관의 지정 등에 필요한 사항은 조례로 정한다.,위임,조례,5,지역진로교육센터의 구성·운영 등 필요한 사항의 규율권한을 조례에 넘기는 문말 위임이다.
P03993,② 제1항에 따른 지역진로교육센터의 구성ㆍ운영 및 전담기관의 지정 등에 필요한 사항은 조례로 정한다.,위임,조례,5,지역진로교육센터의 구성·운영 등에 필요한 사항을 조례로 정하도록 규율권한을 넘긴다.
P03994,② 제1항에 따른 지역진로교육센터의 구성ㆍ운영 및 전담기관의 지정 등에 필요한 사항은 조례로 정한다.,위임,조례,5,지역진로교육센터의 구성·운영 등 필요한 사항을 조례에 정하도록 규율권한을 넘긴다.
P03995,② 제1항에 따른 지역진로교육센터의 구성ㆍ운영 및 전담기관의 지정 등에 필요한 사항은 조례로 정한다.,위임,조례,5,센터 구성·운영 등 필요한 사항의 규율권한을 조례에 넘기는 종결형 위임이다.
P03996,② 제1항에 따른 지역진로교육센터의 구성ㆍ운영 및 전담기관의 지정 등에 필요한 사항은 조례로 정한다.,위임,조례,5,지역진로교육센터의 구성·운영 등 필요한 사항의 규율권한을 조례에 넘기는 문말 위임 규정이다.
P03997,② 제1항에 따른 지역진로교육센터의 구성ㆍ운영 및 전담기관의 지정 등에 필요한 사항은 조례로 정한다.,위임,조례,5,지역진로교육센터의 구성·운영 등에 필요한 사항을 조례로 정하도록 규율권한을 넘긴다.
P03998,② 제1항에 따른 지역진로교육센터의 구성ㆍ운영 및 전담기관의 지정 등에 필요한 사항은 조례로 정한다.,위임,조례,5,지역진로교육센터의 구성·운영 등 필요한 사항을 조례로 정하도록 규율권한을 넘긴다.
P03999,② 지역진로교육협의회의 구성ㆍ운영 등에 필요한 사항은 시ㆍ도 조례로 정한다.,위임,조례,5,지역진로교육협의회의 구성·운영에 필요한 사항을 시·도 조례로 정하도록 규율권한을 넘긴다.
P04000,② 지역진로교육협의회의 구성ㆍ운영 등에 필요한 사항은 시ㆍ도 조례로 정한다.,위임,조례,5,구성·운영에 필요한 사항의 규율권한을 시·도 조례에 넘기는 위임이다.
P04001,② 지역진로교육협의회의 구성ㆍ운영 등에 필요한 사항은 시ㆍ도 조례로 정한다.,위임,조례,5,구성·운영에 필요한 사항의 규율권한을 시·도 조례에 넘기는 위임이다.
P04002,② 지역진로교육협의회의 구성ㆍ운영 등에 필요한 사항은 시ㆍ도 조례로 정한다.,위임,조례,5,구성·운영에 필요한 사항의 규율권한을 시·도 조례에 넘기는 위임 규정이다.
P04003,② 지역진로교육협의회의 구성ㆍ운영 등에 필요한 사항은 시ㆍ도 조례로 정한다.,위임,조례,5,구성·운영에 필요한 사항의 규율권한을 시·도 조례에 넘기는 종결형 위임이다.
P04004,② 지역진로교육협의회의 구성ㆍ운영 등에 필요한 사항은 시ㆍ도 조례로 정한다.,위임,조례,5,구성·운영에 필요한 사항의 규율권한을 시·도 조례에 넘기는 종결형 위임이다.
P04005,② 지역진로교육협의회의 구성ㆍ운영 등에 필요한 사항은 시ㆍ도 조례로 정한다.,위임,조례,5,문말 종결형으로 시·도 조례에 구성·운영 사항의 규율권한을 넘긴다.
P04006,② 지역진로교육협의회의 구성ㆍ운영 등에 필요한 사항은 시ㆍ도 조례로 정한다.,위임,조례,5,필요한 사항의 규율권한을 시·도 조례에 넘기는 위임 규정이다.
P04007,② 지역진로교육협의회의 구성ㆍ운영 등에 필요한 사항은 시ㆍ도 조례로 정한다.,위임,조례,5,구성·운영 등 필요한 사항의 규율권한을 시·도 조례에 넘기는 위임 규정이다.
P04008,② 지역진로교육협의회의 구성ㆍ운영 등에 필요한 사항은 시ㆍ도 조례로 정한다.,위임,조례,5,구성·운영에 필요한 사항의 규율권한을 시·도 조례에 넘기는 위임이다.
P04009,② 지역진로교육협의회의 구성ㆍ운영 등에 필요한 사항은 시ㆍ도 조례로 정한다.,위임,조례,5,지역진로교육협의회의 구성·운영 사항을 시·도 조례에 규율권한으로 넘기는 위임이다.
P04010,② 지역진로교육협의회의 구성ㆍ운영 등에 필요한 사항은 시ㆍ도 조례로 정한다.,위임,조례,5,구성·운영에 필요한 사항의 규율권한을 시·도 조례에 넘기는 위임 규정이다.
P04011,② 지역진로교육협의회의 구성ㆍ운영 등에 필요한 사항은 시ㆍ도 조례로 정한다.,위임,조례,5,필요한 사항의 규율권한을 시·도 조례에 넘기는 위임 규정이다.
P04012,② 지역진로교육협의회의 구성ㆍ운영 등에 필요한 사항은 시ㆍ도 조례로 정한다.,위임,조례,5,협의회 구성·운영 사항을 시·도 조례로 정하도록 규율권한을 넘긴다.
P04013,② 지역진로교육협의회의 구성ㆍ운영 등에 필요한 사항은 시ㆍ도 조례로 정한다.,위임,조례,5,구성·운영에 필요한 사항을 시·도 조례에 정하도록 규율권한을 넘긴다.
P04014,② 지역진로교육협의회의 구성ㆍ운영 등에 필요한 사항은 시ㆍ도 조례로 정한다.,위임,조례,5,구성·운영에 필요한 사항의 규율권한을 시·도 조례에 넘기는 위임이다.
P04015,② 지역진로교육협의회의 구성ㆍ운영 등에 필요한 사항은 시ㆍ도 조례로 정한다.,위임,조례,5,구성·운영에 필요한 사항의 규율권한을 시·도 조례에 넘기는 위임이다.
P04016,대통령령으로 정한다,위임,대통령령,4,문장이 일부 잘렸으나 '대통령령으로 정한다'는 종결형으로 대통령령에 규율권한을 넘기는 위임이다.
P04017,대통령령으로 정한다,위임,대통령령,5,'대통령령으로 정한다'는 종결형으로 규율권한을 대통령령에 넘기는 위임이다.
P04018,대통령령으로 정한다,위임,대통령령,5,'대통령령으로 정한다'는 종결형으로 대통령령에 규율권한을 넘기는 위임이다.
P04019,교육부령으로 정하는 과목이,판단불가,부령,3,문장이 중간에서 잘려 종결부가 없어 위임 여부를 확정할 수 없으나 표지어구는 교육부령이다.
P04020,교육부령으로 정하는 서류를,위임,부령,3,문장이 잘려 있으나 '교육부령으로 정하는 서류'라는 부분 위임 문구가 명확히 포함되어 있다.
P04021,교육부령으로 정하는 신청서에,위임,부령,4,'교육부령으로 정하는 신청서'는 신청서 서식 등 규율사항을 부령에 맡기는 부분 위임이다.
P04022,교육부령으로 정하는 인증서를,판단불가,해당없음,,PARSE_FAIL
P04023,대통령령으로 정하는 설립 기준,위임,대통령령,4,'대통령령으로 정하는 설립 기준'은 설립 기준의 구체화를 대통령령에 맡기는 부분 위임이다.
P04024,대통령령으로 정하는 중요 사항,위임,대통령령,3,명사구 형태이나 '대통령령으로 정하는 중요 사항'은 요건 일부를 대통령령에 맡기는 부분 위임이다.
P04025,사항은 대통령령으로,판단불가,대통령령,3,문장이 '사항은 대통령령으로'에서 잘려 종결부가 없어 위임 여부를 확정할 수 없으나 표지어구는 대통령령이다.
P04026,결과의 공개 등에 필요한 사항은 대통령령으로,위임,대통령령,4,문말이 절단되었으나 '필요한 사항은 대통령령으로 (정한다)'로 대통령령에 규율권한을 넘기는 위임이 명백하다.
P04027,결과의 공개 등에 필요한 사항은 대통령령으로,판단불가,대통령령,3,문장이 '대통령령으로'에서 잘려 종결 서술어가 없어 위임 확정이 불가하나 대통령령 표지는 확인된다.
P04028,결과의 공개 등에 필요한 사항은 대통령령으로,위임,대통령령,3,문장 끝이 잘렸으나 '필요한 사항은 대통령령으로'라는 문언상 대통령령에 규율권한을 넘기는 위임으로 판단된다.
P04029,"② 제1항에 따른 수업료와 그 밖의 납부금을 거두는 방법 등에 필요한 사항은 국립학교의 경우에는 교육부령으로 정하고, 공립·사립 학교의 경우에는 특별시·광역시·특별자치시·도·특별자치도(이하 ""시·도""라 한다)의 조례로 정한다. 이 경우 국민의 교육을 받을 권리를 본질적으로 침해하는 내용을 정하여서는 아니 된다.",위임,부령|조례,5,"국립학교는 교육부령, 공사립학교는 시·도 조례로 정하도록 두 법형식에 규율권한을 병기 위임한다."
P04030,"② 제1항에 따른 수업료와 그 밖의 납부금을 거두는 방법 등에 필요한 사항은 국립학교의 경우에는 교육부령으로 정하고, 공립·사립 학교의 경우에는 특별시·광역시·특별자치시·도·특별자치도(이하 ""시·도""라 한다)의 조례로 정한다. 이 경우 국민의 교육을 받을 권리를 본질적으로 침해하는 내용을 정하여서는 아니 된다.",위임,부령|조례,5,"국립학교는 교육부령, 공립·사립학교는 시·도 조례에 규율권한을 넘기는 병기 위임이다."
P04031,"② 제1항에 따른 수업료와 그 밖의 납부금을 거두는 방법 등에 필요한 사항은 국립학교의 경우에는 교육부령으로 정하고, 공립·사립 학교의 경우에는 특별시·광역시·특별자치시·도·특별자치도(이하 ""시·도""라 한다)의 조례로 정한다. 이 경우 국민의 교육을 받을 권리를 본질적으로 침해하는 내용을 정하여서는 아니 된다.",위임,부령|조례,5,"국립학교는 교육부령, 공립·사립학교는 시·도 조례에 규율권한을 병기하여 넘긴다."
P04032,"② 제1항에 따른 수업료와 그 밖의 납부금을 거두는 방법 등에 필요한 사항은 국립학교의 경우에는 교육부령으로 정하고, 공립·사립 학교의 경우에는 특별시·광역시·특별자치시·도·특별자치도(이하 ""시·도""라 한다)의 조례로 정한다. 이 경우 국민의 교육을 받을 권리를 본질적으로 침해하는 내용을 정하여서는 아니 된다.",위임,부령|조례,5,"국립학교는 교육부령, 공립·사립학교는 시·도 조례에 규율권한을 넘기는 병기 위임이다."
P04033,"② 제1항에 따른 수업료와 그 밖의 납부금을 거두는 방법 등에 필요한 사항은 국립학교의 경우에는 교육부령으로 정하고, 공립·사립 학교의 경우에는 특별시·광역시·특별자치시·도·특별자치도(이하 ""시·도""라 한다)의 조례로 정한다. 이 경우 국민의 교육을 받을 권리를 본질적으로 침해하는 내용을 정하여서는 아니 된다.",위임,부령|조례,5,"국립학교는 교육부령, 공립·사립학교는 시·도 조례에 각각 규율권한을 넘기는 병기 위임이다."
P04034,"② 제1항에 따른 수업료와 그 밖의 납부금을 거두는 방법 등에 필요한 사항은 국립학교의 경우에는 교육부령으로 정하고, 공립·사립 학교의 경우에는 특별시·광역시·특별자치시·도·특별자치도(이하 ""시·도""라 한다)의 조례로 정한다. 이 경우 국민의 교육을 받을 권리를 본질적으로 침해하는 내용을 정하여서는 아니 된다.",위임,부령|조례,5,"국립학교는 교육부령, 공립·사립학교는 시·도 조례로 정하도록 규율권한을 병기하여 넘긴다."
P04035,"② 제1항에 따른 수업료와 그 밖의 납부금을 거두는 방법 등에 필요한 사항은 국립학교의 경우에는 교육부령으로 정하고, 공립·사립 학교의 경우에는 특별시·광역시·특별자치시·도·특별자치도(이하 ""시·도""라 한다)의 조례로 정한다. 이 경우 국민의 교육을 받을 권리를 본질적으로 침해하는 내용을 정하여서는 아니 된다.",위임,부령|조례,5,"국립학교는 교육부령, 공립·사립학교는 시·도 조례에 규율권한을 넘기는 병기 위임이다."
P04036,"② 제1항에 따른 수업료와 그 밖의 납부금을 거두는 방법 등에 필요한 사항은 국립학교의 경우에는 교육부령으로 정하고, 공립·사립 학교의 경우에는 특별시·광역시·특별자치시·도·특별자치도(이하 ""시·도""라 한다)의 조례로 정한다. 이 경우 국민의 교육을 받을 권리를 본질적으로 침해하는 내용을 정하여서는 아니 된다.",위임,부령|조례,5,"국립학교는 교육부령, 공립·사립학교는 시·도 조례에 규율권한을 넘기는 병기 위임이다."
P04037,"② 제1항에 따른 수업료와 그 밖의 납부금을 거두는 방법 등에 필요한 사항은 국립학교의 경우에는 교육부령으로 정하고, 공립·사립 학교의 경우에는 특별시·광역시·특별자치시·도·특별자치도(이하 ""시·도""라 한다)의 조례로 정한다. 이 경우 국민의 교육을 받을 권리를 본질적으로 침해하는 내용을 정하여서는 아니 된다.",위임,부령|조례,5,"국립학교는 교육부령, 공립·사립학교는 시·도 조례에 규율권한을 넘기는 병기 위임이다."
P04038,"② 제1항에 따른 수업료와 그 밖의 납부금을 거두는 방법 등에 필요한 사항은 국립학교의 경우에는 교육부령으로 정하고, 공립·사립 학교의 경우에는 특별시·광역시·특별자치시·도·특별자치도(이하 ""시·도""라 한다)의 조례로 정한다. 이 경우 국민의 교육을 받을 권리를 본질적으로 침해하는 내용을 정하여서는 아니 된다.",위임,부령|조례,5,"국립학교는 교육부령, 공·사립학교는 시·도 조례로 정하도록 규율권한을 병기하여 넘긴다."
P04039,"② 제1항에 따른 수업료와 그 밖의 납부금을 거두는 방법 등에 필요한 사항은 국립학교의 경우에는 교육부령으로 정하고, 공립·사립 학교의 경우에는 특별시·광역시·특별자치시·도·특별자치도(이하 ""시·도""라 한다)의 조례로 정한다. 이 경우 국민의 교육을 받을 권리를 본질적으로 침해하는 내용을 정하여서는 아니 된다.",위임,부령|조례,5,"국립학교는 교육부령, 공립·사립학교는 시·도 조례에 규율권한을 넘기는 병기 위임이다."
P04040,"② 제1항에 따른 수업료와 그 밖의 납부금을 거두는 방법 등에 필요한 사항은 국립학교의 경우에는 교육부령으로 정하고, 공립·사립 학교의 경우에는 특별시·광역시·특별자치시·도·특별자치도(이하 ""시·도""라 한다)의 조례로 정한다. 이 경우 국민의 교육을 받을 권리를 본질적으로 침해하는 내용을 정하여서는 아니 된다.",위임,부령|조례,5,"국립학교는 교육부령, 공립·사립학교는 시·도 조례로 정하도록 규율권한을 넘기는 병기 위임이다."
P04041,"② 제1항에 따른 수업료와 그 밖의 납부금을 거두는 방법 등에 필요한 사항은 국립학교의 경우에는 교육부령으로 정하고, 공립·사립 학교의 경우에는 특별시·광역시·특별자치시·도·특별자치도(이하 ""시·도""라 한다)의 조례로 정한다. 이 경우 국민의 교육을 받을 권리를 본질적으로 침해하는 내용을 정하여서는 아니 된다.",위임,부령|조례,5,"국립학교는 교육부령, 공립·사립학교는 시·도 조례에 규율권한을 넘기는 병기 위임이다."
P04042,"② 제1항에 따른 수업료와 그 밖의 납부금을 거두는 방법 등에 필요한 사항은 국립학교의 경우에는 교육부령으로 정하고, 공립·사립 학교의 경우에는 특별시·광역시·특별자치시·도·특별자치도(이하 ""시·도""라 한다)의 조례로 정한다. 이 경우 국민의 교육을 받을 권리를 본질적으로 침해하는 내용을 정하여서는 아니 된다.",위임,부령|조례,5,"국립학교는 교육부령, 공사립학교는 시·도 조례에 규율권한을 넘기는 병기 위임이다."
P04043,"② 제1항에 따른 수업료와 그 밖의 납부금을 거두는 방법 등에 필요한 사항은 국립학교의 경우에는 교육부령으로 정하고, 공립·사립 학교의 경우에는 특별시·광역시·특별자치시·도·특별자치도(이하 ""시·도""라 한다)의 조례로 정한다. 이 경우 국민의 교육을 받을 권리를 본질적으로 침해하는 내용을 정하여서는 아니 된다.",위임,부령|조례,5,"국립학교는 교육부령, 공립·사립학교는 시·도 조례로 정하도록 규율권한을 병기하여 넘긴다."
P04044,"② 제1항에 따른 수업료와 그 밖의 납부금을 거두는 방법 등에 필요한 사항은 국립학교의 경우에는 교육부령으로 정하고, 공립·사립 학교의 경우에는 특별시·광역시·특별자치시·도·특별자치도(이하 ""시·도""라 한다)의 조례로 정한다. 이 경우 국민의 교육을 받을 권리를 본질적으로 침해하는 내용을 정하여서는 아니 된다.",위임,부령|조례,5,"국립학교는 교육부령, 공립·사립학교는 시·도 조례에 규율권한을 각각 넘기는 병기 위임이다."
P04045,"② 제1항에 따른 수업료와 그 밖의 납부금을 거두는 방법 등에 필요한 사항은 국립학교의 경우에는 교육부령으로 정하고, 공립·사립 학교의 경우에는 특별시·광역시·특별자치시·도·특별자치도(이하 ""시·도""라 한다)의 조례로 정한다. 이 경우 국민의 교육을 받을 권리를 본질적으로 침해하는 내용을 정하여서는 아니 된다.",위임,부령|조례,5,"국립학교는 교육부령, 공립·사립학교는 시·도 조례에 규율권한을 각각 넘기는 병기 위임이다."
P04046,대통령령으로 정하는 사립학교의,위임,대통령령,3,문장이 절단되어 있으나 '대통령령으로 정하는 사립학교'라는 부분위임 표현이 포함되어 대통령령에 요건 일부를 맡기는 위임으로 본다.
P04047,"모든 국민은 학교교육에 지장을 주지 아니하는 범위에서 그 학교의 장의 결정에 따라 국립학교의 시설 등을 이용할 수 있고, 공립·사립 학교의 시설 등은 시·도의 교육규칙으로 정하는 바에 따라 이용할 수 있다.",위임,교육규칙,4,공립·사립 학교 시설 이용에 관한 사항을 시·도 교육규칙으로 정하도록 규율권한을 넘긴다.
P04048,"모든 국민은 학교교육에 지장을 주지 아니하는 범위에서 그 학교의 장의 결정에 따라 국립학교의 시설 등을 이용할 수 있고, 공립·사립 학교의 시설 등은 시·도의 교육규칙으로 정하는 바에 따라 이용할 수 있다.",위임,교육규칙,5,공립·사립 학교 시설 이용에 관한 사항을 시·도 교육규칙으로 정하도록 규율권한을 넘긴다.
P04049,"모든 국민은 학교교육에 지장을 주지 아니하는 범위에서 그 학교의 장의 결정에 따라 국립학교의 시설 등을 이용할 수 있고, 공립·사립 학교의 시설 등은 시·도의 교육규칙으로 정하는 바에 따라 이용할 수 있다.",위임,교육규칙,5,공립·사립 학교 시설 이용에 관한 사항을 시·도 교육규칙으로 정하도록 위임한다.
P04050,"모든 국민은 학교교육에 지장을 주지 아니하는 범위에서 그 학교의 장의 결정에 따라 국립학교의 시설 등을 이용할 수 있고, 공립·사립 학교의 시설 등은 시·도의 교육규칙으로 정하는 바에 따라 이용할 수 있다.",위임,교육규칙,5,공립·사립 학교 시설 이용 방법을 시·도 교육규칙으로 정하도록 규율권한을 넘긴다.
P04051,"모든 국민은 학교교육에 지장을 주지 아니하는 범위에서 그 학교의 장의 결정에 따라 국립학교의 시설 등을 이용할 수 있고, 공립·사립 학교의 시설 등은 시·도의 교육규칙으로 정하는 바에 따라 이용할 수 있다.",위임,교육규칙,5,공립·사립학교 시설 이용에 관한 사항을 시·도 교육규칙으로 정하도록 규율권한을 넘긴다.
P04052,"모든 국민은 학교교육에 지장을 주지 아니하는 범위에서 그 학교의 장의 결정에 따라 국립학교의 시설 등을 이용할 수 있고, 공립·사립 학교의 시설 등은 시·도의 교육규칙으로 정하는 바에 따라 이용할 수 있다.",위임,교육규칙,5,공립·사립 학교 시설 이용에 관한 사항을 시·도 교육규칙에 정하도록 위임한다.
P04053,"모든 국민은 학교교육에 지장을 주지 아니하는 범위에서 그 학교의 장의 결정에 따라 국립학교의 시설 등을 이용할 수 있고, 공립·사립 학교의 시설 등은 시·도의 교육규칙으로 정하는 바에 따라 이용할 수 있다.",위임,교육규칙,4,공립·사립학교 시설 이용에 관한 사항을 시·도 교육규칙에 정하도록 규율권한을 넘긴다.
P04054,"모든 국민은 학교교육에 지장을 주지 아니하는 범위에서 그 학교의 장의 결정에 따라 국립학교의 시설 등을 이용할 수 있고, 공립·사립 학교의 시설 등은 시·도의 교육규칙으로 정하는 바에 따라 이용할 수 있다.",위임,교육규칙,5,공립·사립 학교 시설 이용에 관한 사항을 시·도 교육규칙으로 정하도록 위임한다.
P04055,"모든 국민은 학교교육에 지장을 주지 아니하는 범위에서 그 학교의 장의 결정에 따라 국립학교의 시설 등을 이용할 수 있고, 공립·사립 학교의 시설 등은 시·도의 교육규칙으로 정하는 바에 따라 이용할 수 있다.",위임,교육규칙,4,공립·사립학교 시설 이용에 관한 사항을 시·도 교육규칙으로 정하도록 규율권한을 넘긴다.
P04056,"모든 국민은 학교교육에 지장을 주지 아니하는 범위에서 그 학교의 장의 결정에 따라 국립학교의 시설 등을 이용할 수 있고, 공립·사립 학교의 시설 등은 시·도의 교육규칙으로 정하는 바에 따라 이용할 수 있다.",위임,교육규칙,5,공립·사립 학교 시설 이용 방법을 시·도 교육규칙으로 정하도록 규율권한을 넘긴다.
P04057,"모든 국민은 학교교육에 지장을 주지 아니하는 범위에서 그 학교의 장의 결정에 따라 국립학교의 시설 등을 이용할 수 있고, 공립·사립 학교의 시설 등은 시·도의 교육규칙으로 정하는 바에 따라 이용할 수 있다.",위임,교육규칙,4,공립·사립학교 시설 이용에 관한 사항을 시·도 교육규칙으로 정하도록 규율권한을 넘긴다.
P04058,"모든 국민은 학교교육에 지장을 주지 아니하는 범위에서 그 학교의 장의 결정에 따라 국립학교의 시설 등을 이용할 수 있고, 공립·사립 학교의 시설 등은 시·도의 교육규칙으로 정하는 바에 따라 이용할 수 있다.",위임,교육규칙,4,공립·사립학교 시설 이용 방법을 시·도 교육규칙에 정하도록 규율권한을 넘긴다.
P04059,"모든 국민은 학교교육에 지장을 주지 아니하는 범위에서 그 학교의 장의 결정에 따라 국립학교의 시설 등을 이용할 수 있고, 공립·사립 학교의 시설 등은 시·도의 교육규칙으로 정하는 바에 따라 이용할 수 있다.",위임,교육규칙,5,공립·사립학교 시설 이용에 관한 사항을 시·도 교육규칙으로 정하도록 규율권한을 넘긴다.
P04060,"모든 국민은 학교교육에 지장을 주지 아니하는 범위에서 그 학교의 장의 결정에 따라 국립학교의 시설 등을 이용할 수 있고, 공립·사립 학교의 시설 등은 시·도의 교육규칙으로 정하는 바에 따라 이용할 수 있다.",위임,교육규칙,4,공립·사립 학교 시설 이용에 관한 사항을 시·도 교육규칙에 정하도록 규율권한을 넘긴다.
P04061,"모든 국민은 학교교육에 지장을 주지 아니하는 범위에서 그 학교의 장의 결정에 따라 국립학교의 시설 등을 이용할 수 있고, 공립·사립 학교의 시설 등은 시·도의 교육규칙으로 정하는 바에 따라 이용할 수 있다.",위임,교육규칙,5,공립·사립학교 시설 이용 사항을 시·도 교육규칙으로 정하도록 규율권한을 넘긴다.
P04062,"모든 국민은 학교교육에 지장을 주지 아니하는 범위에서 그 학교의 장의 결정에 따라 국립학교의 시설 등을 이용할 수 있고, 공립·사립 학교의 시설 등은 시·도의 교육규칙으로 정하는 바에 따라 이용할 수 있다.",위임,교육규칙,4,공립·사립학교 시설 이용 방법을 시·도 교육규칙에 정하도록 규율권한을 넘긴다.
P04063,대통령령으로 정하는,판단불가,대통령령,2,문장이 '대통령령으로 정하는'에서 잘려 있어 무엇을 위임하는지 확인할 수 없으나 표지어구는 대통령령이다.
P04064,필요한 사항은 대통령령으로,판단불가,대통령령,2,문장이 종결부 없이 잘려 있어 위임 여부를 확정할 수 없으나 표지어구는 대통령령이다.
P04065,필요한 사항은 대통령령으로,위임,대통령령,3,문장이 일부 잘렸으나 '필요한 사항은 대통령령으로'라는 전형적 위임 문형이 확인된다.
P04066,필요한 사항은 대통령령으로,판단불가,대통령령,3,문장이 종결부 없이 잘려 있어 위임 종결 여부를 확정할 수 없으나 명시된 법형식은 대통령령이다.
P04067,사항은 대통령령으로,판단불가,대통령령,3,문장이 중간에서 잘려 종결 형태를 확인할 수 없어 위임 여부를 확정할 수 없으나 문언상 대통령령이 명시되어 있다.
P04068,사항은 대통령령으로,판단불가,해당없음,4,문장이 잘려 종결부와 위임 대상이 확인되지 않아 판정할 수 없다.
P04069,사항은 대통령령으로,판단불가,미특정,4,문장이 절단되어 종결부가 없어 위임 여부를 확정할 수 없다.
P04070,대하여는 대통령령으로,판단불가,미특정,4,문장이 중간에서 잘려 종결부가 없어 위임 여부를 확정할 수 없다.
P04071,취학하려면 대통령령으로,판단불가,미특정,4,문장이 중간에 잘려 있어 위임 여부와 규율 대상을 확정할 수 없다.
P04072,필요한 사항은 대통령령으로,위임,대통령령,3,문장이 '정한다' 부분에서 잘렸으나 '필요한 사항은 대통령령으로'라는 문언상 대통령령에 규율권한을 넘기는 위임으로 판단된다.
P04073,사항은 대통령령으로,판단불가,대통령령,2,문장이 '사항은 대통령령으로'에서 잘려 종결부(정한다 등)가 없어 위임 여부를 확정할 수 없다.
P04074,사항은 대통령령으로,판단불가,대통령령,3,문장이 '사항은 대통령령으로'에서 잘려 종결 서술어가 없어 위임 여부를 확정할 수 없으나 표지어구로 대통령령이 지정되어 있다.
P04075,경우 대통령령으로 정하는 절차에,판단불가,대통령령,2,문장이 중간에서 잘린 파편이어서 위임 종결 여부를 확인할 수 없으나 '대통령령으로 정하는 절차' 표지만 남아 있다.
P04076,경우에는 대통령령으로,판단불가,대통령령,2,문장이 중간에서 잘려 규율권한 이전 여부를 확정할 수 없으나 '대통령령'이라는 법형식만 문언에 드러난다.
P04077,사항은 대통령령으로,판단불가,대통령령,2,문장이 중간에서 잘려 종결부와 대상 사항을 확인할 수 없어 위임 여부를 확정할 수 없으나 표지어구는 대통령령이다.
P04078,사항은 대통령령으로,판단불가,미특정,3,문장이 중간에서 잘려 '대통령령으로' 이후 서술어가 없어 위임인지 인용인지 확정할 수 없다.
P04079,대통령령으로 정하는,판단불가,대통령령,3,문장이 '대통령령으로 정하는'에서 잘려 규율권한 이전 여부를 확정할 수 없다.
P04080,사항은 대통령령으로,판단불가,미특정,4,문장이 중간에서 잘려 종결부와 대상 사항을 확인할 수 없어 위임 여부를 확정할 수 없다.
P04081,사항은 대통령령으로,판단불가,미특정,4,문장이 중간에서 잘려 종결부와 위임 대상 사항을 확인할 수 없다.
P04082,대통령령,판단불가,미특정,4,문장이 '대통령령'이라는 어구만으로 잘려 있어 위임 여부를 판정할 수 없다.
P04083,대통령령으로 정한다,위임,대통령령,4,문언이 축약되어 있으나 '대통령령으로 정한다'는 종결형으로 대통령령에 규율권한을 넘기는 위임이다.
P04084,세부사항은 대통령령으로,판단불가,대통령령,2,문장이 서술어 없이 절단되어 규율권한 이전 여부를 확정할 수 없으나 문언상 법형식은 대통령령으로 명시되어 있다.
P04085,대통령령으로 정한다,위임,대통령령,4,'대통령령으로 정한다'는 종결형으로 대통령령에 규율권한을 넘기는 위임이다.
P04086,대통령령으로 정하는,판단불가,대통령령,3,문장이 '대통령령으로 정하는'에서 잘려 수식 대상과 종결 형태를 알 수 없어 위임 여부를 확정할 수 없다.
P04087,대통령령으로 정하는,판단불가,대통령령,3,문장이 '대통령령으로 정하는'에서 잘려 있어 위임 대상과 종결 구조를 확인할 수 없다.
P04088,대통령령으로 정하는,판단불가,대통령령,3,문장이 '대통령령으로 정하는'에서 잘려 있어 위임인지 인용인지 확정할 수 없으나 문언상 지정된 법형식은 대통령령이다.
P04089,대통령령으로 정하는,판단불가,대통령령,2,문장이 '대통령령으로 정하는'에서 잘려 있어 위임 여부를 확정할 수 없으나 문언상 법형식은 대통령령이다.
P04090,대통령령으로 정하는,판단불가,미특정,3,문장이 '대통령령으로 정하는'에서 잘려 있어 무엇을 위임하는지 맥락을 확인할 수 없다.
P04091,대통령령으로 정하는,판단불가,해당없음,3,문장이 '대통령령으로 정하는'에서 잘려 있어 규율권한 이전 여부를 확정할 수 없다.
P04092,교육부장관이 정하는 연수 이수 결과를 바탕으로,위임,미특정,3,문장이 불완전하나 '교육부장관이 정하는 연수'로 법형식을 특정하지 않은 부분 위임에 해당한다.
P04093,사항은 대통령령으로,판단불가,대통령령,3,문장이 중간에서 잘려 종결 문형과 위임 대상 사항을 확인할 수 없으나 문언상 대통령령이 명시되어 있다.
P04094,사항은 대통령령으로,판단불가,대통령령,2,문장이 중간에서 잘려 서술어가 없어 위임 여부를 확정할 수 없으나 문언에는 대통령령이 명시되어 있다.
P04095,대통령령으로 정하는,위임,대통령령,3,문장이 잘린 조각이지만 '대통령령으로 정하는' 형태의 부분 위임 표지가 명확하다.
P04096,대통령령으로 정한다,위임,대통령령,4,문말 종결형 '대통령령으로 정한다'로 대통령령에 규율권한을 넘기는 위임이다.
P04097,대통령령으로 정한다,위임,대통령령,4,문말 종결형 '대통령령으로 정한다'로 규율권한을 대통령령에 넘긴다.
P04098,대통령령으로 정한다,위임,대통령령,4,문장이 짧게 잘렸으나 '대통령령으로 정한다'는 종결형 위임 문언이 명시되어 있다.
P04099,대통령령으로 정한다,위임,대통령령,4,문언이 대통령령에 규율권한을 넘기는 종결형 위임이다.
P04100,대통령령으로 정한다,위임,대통령령,4,문말 '대통령령으로 정한다'는 대통령령에 규율권한을 넘기는 위임 문언이다.
P04101,대통령령으로 정한다,위임,대통령령,4,문장이 일부 잘렸으나 '대통령령으로 정한다'는 종결형 위임 문언이 명확하다.
P04102,대통령령으로 정한다,위임,대통령령,4,문장이 축약되어 있으나 '대통령령으로 정한다'는 종결 문언으로 대통령령에 규율권한을 넘기는 위임이다.
P04103,대통령령으로 정한다,위임,대통령령,4,문언이 '대통령령으로 정한다'로 종결되어 대통령령에 규율권한을 넘기는 위임이다.
P04104,대통령령으로 정한다,위임,대통령령,5,문말 종결형 '대통령령으로 정한다'로 규율권한을 대통령령에 넘긴다.
P04105,대통령령으로 정한다,위임,대통령령,4,문장이 축약되었으나 '대통령령으로 정한다'는 종결형 위임 문언이다.
P04106,대통령령으로 정한다,위임,대통령령,4,문장이 단편이지만 '대통령령으로 정한다'는 종결형으로 대통령령에 규율권한을 넘기는 위임이다.
P04107,대통령령으로 정한다,위임,대통령령,5,문말 종결형 '대통령령으로 정한다'로 대통령령에 규율권한을 넘긴다.
P04108,교육부령으로 정하는 기준에,판단불가,해당없음,3,문장이 '교육부령으로 정하는 기준에'에서 끊겨 종결부가 없어 위임인지 인용인지 확정할 수 없다.
P04109,교육부령으로 정하는 사항,위임,부령,4,'교육부령으로 정하는 사항'은 규율할 사항을 부령에 넘기는 부분 위임이다.
P04110,대통령령으로 정한다,위임,대통령령,4,'대통령령으로 정한다'는 종결형으로 대통령령에 규율권한을 넘기는 위임이다.
P04111,대통령령으로 정한다,위임,대통령령,4,문말 '대통령령으로 정한다'는 대통령령에 규율권한을 넘기는 위임이다.
P04112,대통령령으로 정하는,판단불가,대통령령,3,문장이 '대통령령으로 정하는'에서 잘려 있어 위임 여부를 확정할 수 없으나 문언상 대통령령이 지정되어 있다.
P04113,대통령령으로 정하는,판단불가,대통령령,3,문장이 '대통령령으로 정하는'에서 잘려 규율 대상과 종결형이 없어 위임 여부를 확정할 수 없다.
P04114,대통령령으로 정하는,판단불가,대통령령,3,문장이 '대통령령으로 정하는'에서 잘려 있어 규율권한 이전 여부를 확정할 수 없으나 문언상 대통령령을 지정하고 있다.
P04115,사항은 교육부령으로,판단불가,부령,3,문장이 중간에서 잘려 서술어가 없어 위임 여부를 확정할 수 없으나 표지어구상 교육부령이 지정되어 있다.
P04116,사항은 교육부령으로,판단불가,부령,3,문장이 중간에서 잘려 종결 형태와 위임 대상을 확정할 수 없으나 표지어구상 교육부령(부령)이 언급된다.
P04117,사항은 교육부령으로,판단불가,부령,3,문장이 중간에서 잘려 종결부가 없어 위임 종결형 여부를 확정할 수 없으나 표지어구는 교육부령이다.
P04118,사항은 교육부령으로,판단불가,부령,3,문장이 중간에서 잘려 종결부가 없어 위임 여부를 확정할 수 없으나 문언상 교육부령이 명시되어 있다.
P04119,사항은 교육부령으로,판단불가,부령,3,문장이 중간에서 잘려 종결부가 없어 위임 여부를 확정할 수 없으나 표지어구는 교육부령이다.
P04120,사항은 교육부령으로,판단불가,부령,2,문장이 중간에서 잘려 종결부가 없어 위임 여부를 확정할 수 없으나 표지어구는 교육부령(부령)이다.
P04121,사항은 교육부령으로,판단불가,부령,2,문장이 중간에 잘려 종결부가 없어 위임 여부를 확정할 수 없으나 문언상 교육부령(부령)이 지정되어 있다.
P04122,사항은 교육부령으로,판단불가,부령,2,문장이 잘려 종결부(정한다 등)를 확인할 수 없어 위임 여부를 확정할 수 없으나 표지어구는 교육부령이다.
P04123,사항은 교육부령으로,판단불가,부령,2,문장이 잘려 종결부가 없어 위임 여부를 확정할 수 없으나 표지어구는 교육부령(부령)이다.
P04124,사항은 교육부령으로,판단불가,미특정,3,문장이 중간에서 잘려 서술어가 없어 위임 여부를 확정할 수 없다.
P04125,사항은 교육부령으로,판단불가,부령,2,문장이 '사항은 교육부령으로'에서 잘려 종결부가 없어 위임 여부를 확정할 수 없으나 표지어구는 교육부령이다.
P04126,사항은 교육부령으로,판단불가,부령,3,문장이 중간에 잘려 있어 위임 종결 여부를 확정할 수 없으나 명시된 법형식은 교육부령(부령)이다.
P04127,사항은 교육부령으로,판단불가,부령,2,문장이 중간에서 잘려 종결 형태를 확인할 수 없어 위임 여부를 판정할 수 없으나 표지어구는 교육부령이다.
P04128,사항은 교육부령으로,판단불가,부령,3,문장이 중간에서 잘려 종결부가 없어 위임 여부를 확정할 수 없으나 표지어구는 교육부령이다.
P04129,사항은 교육부령으로,판단불가,부령,2,문장이 중간에 잘려 종결부가 없어 위임 여부를 확정할 수 없으나 표지어구는 교육부령이다.
P04130,사항은 교육부령으로,판단불가,미특정,3,문장이 중간에서 잘려 서술어가 없어 위임 여부를 확정할 수 없다.
P04131,사항은 교육부령으로,판단불가,부령,3,문장이 중간에서 잘려 종결부가 없어 위임 여부를 확정할 수 없으나 문언상 교육부령이 지정되어 있다.
P04132,사항은 교육부령으로,판단불가,부령,3,문장이 중간에서 잘려 종결 여부와 위임 취지를 확정할 수 없으나 문언상 교육부령이 명시되어 있다.
P04133,사항은 교육부령으로,판단불가,부령,3,문장이 '사항은 교육부령으로'에서 잘려 종결 문언을 확인할 수 없으나 표지어구상 교육부령 관련 조항으로 보인다.
P04134,대통령령,판단불가,미특정,4,문장이 '대통령령'이라는 단어만으로 잘려 있어 위임 여부를 판정할 수 없다.
P04135,대통령령,판단불가,미특정,4,문장이 '대통령령'이라는 단어만으로 잘려 있어 위임 여부를 판정할 맥락이 없다.
P04136,대통령령,판단불가,미특정,4,문장이 '대통령령'이라는 단어만으로 잘려 있어 위임 여부를 판정할 수 없다.
P04137,필요한 사항은 대통령령으로,위임,대통령령,3,문장이 종결부가 잘려 있으나 '필요한 사항은 대통령령으로'라는 전형적 위임 문형으로 대통령령에 규율권한을 넘기는 취지가 인정된다.
P04138,교육지원을 위하여 대통령령으로 정하는,위임,대통령령,3,문장이 절단되어 있으나 '대통령령으로 정하는'이라는 부분 위임 표지가 명확하다.
P04139,대통령령,판단불가,미특정,4,문장이 '대통령령'이라는 단어만으로 잘려 있어 규율권한 이전 여부를 판정할 수 없다.
P04140,대통령령,판단불가,해당없음,4,문장이 '대통령령'이라는 단어만으로 잘려 있어 규율권한 이전 여부를 판정할 수 없다.
P04141,필요한 사항은 대통령령으로,판단불가,대통령령,2,문장이 종결부 없이 잘려 위임 여부를 확정할 수 없으나 표지어구는 대통령령이다.
P04142,국립학교의 경우에는 교육부령으로,판단불가,미특정,3,문장이 '교육부령으로'에서 잘려 서술어가 없어 위임 여부를 확정할 수 없다.
P04143,"⑤ 학교회계의 설치에 필요한 사항은 국립학교의 경우에는 교육부령으로, 공립학교의 경우에는 시·도의 교육규칙으로 정한다.",위임,부령|교육규칙,5,"국립학교는 교육부령, 공립학교는 시·도 교육규칙에 각각 규율권한을 넘기는 병기 위임이다."
P04144,"⑤ 학교회계의 설치에 필요한 사항은 국립학교의 경우에는 교육부령으로, 공립학교의 경우에는 시·도의 교육규칙으로 정한다.",위임,부령|교육규칙,5,"국립학교는 교육부령, 공립학교는 시·도 교육규칙에 각각 규율권한을 넘기는 병기 위임이다."
P04145,"⑤ 학교회계의 설치에 필요한 사항은 국립학교의 경우에는 교육부령으로, 공립학교의 경우에는 시·도의 교육규칙으로 정한다.",위임,부령|교육규칙,5,"국립학교는 교육부령, 공립학교는 시·도 교육규칙에 규율권한을 각각 넘기는 병기 위임이다."
P04146,"⑤ 학교회계의 설치에 필요한 사항은 국립학교의 경우에는 교육부령으로, 공립학교의 경우에는 시·도의 교육규칙으로 정한다.",위임,부령|교육규칙,5,"국립학교는 교육부령, 공립학교는 시·도 교육규칙에 규율권한을 넘기는 병기 위임이다."
P04147,"⑤ 학교회계의 설치에 필요한 사항은 국립학교의 경우에는 교육부령으로, 공립학교의 경우에는 시·도의 교육규칙으로 정한다.",위임,부령|교육규칙,5,"국립학교는 교육부령, 공립학교는 시·도 교육규칙으로 정하도록 규율권한을 병기하여 위임한다."
P04148,"⑤ 학교회계의 설치에 필요한 사항은 국립학교의 경우에는 교육부령으로, 공립학교의 경우에는 시·도의 교육규칙으로 정한다.",위임,부령|교육규칙,5,"국립학교는 교육부령, 공립학교는 시·도 교육규칙에 각각 규율권한을 넘기는 병기 위임이다."
P04149,"⑤ 학교회계의 설치에 필요한 사항은 국립학교의 경우에는 교육부령으로, 공립학교의 경우에는 시·도의 교육규칙으로 정한다.",위임,부령|교육규칙,5,"국립학교는 교육부령, 공립학교는 시·도 교육규칙에 규율권한을 병기하여 넘긴다."
P04150,"⑤ 학교회계의 설치에 필요한 사항은 국립학교의 경우에는 교육부령으로, 공립학교의 경우에는 시·도의 교육규칙으로 정한다.",위임,부령|교육규칙,5,"국립학교는 교육부령, 공립학교는 시·도 교육규칙에 규율권한을 넘기는 병기 위임이다."
P04151,"⑤ 학교회계의 설치에 필요한 사항은 국립학교의 경우에는 교육부령으로, 공립학교의 경우에는 시·도의 교육규칙으로 정한다.",위임,부령|교육규칙,5,"국립학교는 교육부령, 공립학교는 시·도 교육규칙에 규율권한을 넘기는 병기 위임이다."
P04152,"⑤ 학교회계의 설치에 필요한 사항은 국립학교의 경우에는 교육부령으로, 공립학교의 경우에는 시·도의 교육규칙으로 정한다.",위임,부령|교육규칙,5,"국립학교는 교육부령, 공립학교는 시·도 교육규칙에 규율권한을 넘기는 병기 위임이다."
P04153,"⑤ 학교회계의 설치에 필요한 사항은 국립학교의 경우에는 교육부령으로, 공립학교의 경우에는 시·도의 교육규칙으로 정한다.",위임,부령|교육규칙,5,"국립학교는 교육부령, 공립학교는 시·도 교육규칙에 각각 규율권한을 넘기는 병기 위임이다."
P04154,"⑤ 학교회계의 설치에 필요한 사항은 국립학교의 경우에는 교육부령으로, 공립학교의 경우에는 시·도의 교육규칙으로 정한다.",위임,부령|교육규칙,5,"국립학교는 교육부령, 공립학교는 시·도 교육규칙에 규율권한을 병기하여 위임한다."
P04155,"⑤ 학교회계의 설치에 필요한 사항은 국립학교의 경우에는 교육부령으로, 공립학교의 경우에는 시·도의 교육규칙으로 정한다.",위임,부령|교육규칙,5,"국립학교는 교육부령, 공립학교는 시·도 교육규칙으로 정하도록 두 법형식에 규율권한을 병기 위임한다."
P04156,"⑤ 학교회계의 설치에 필요한 사항은 국립학교의 경우에는 교육부령으로, 공립학교의 경우에는 시·도의 교육규칙으로 정한다.",위임,부령|교육규칙,5,"국립학교는 교육부령, 공립학교는 시·도 교육규칙에 규율권한을 병기하여 넘긴다."
P04157,"⑤ 학교회계의 설치에 필요한 사항은 국립학교의 경우에는 교육부령으로, 공립학교의 경우에는 시·도의 교육규칙으로 정한다.",위임,부령|교육규칙,5,"국립학교는 교육부령, 공립학교는 시·도 교육규칙에 규율권한을 넘기는 병기 위임이다."
P04158,"⑤ 학교회계의 설치에 필요한 사항은 국립학교의 경우에는 교육부령으로, 공립학교의 경우에는 시·도의 교육규칙으로 정한다.",위임,부령|교육규칙,5,"국립학교는 교육부령, 공립학교는 시·도 교육규칙에 각각 규율권한을 넘기는 병기 위임이다."
P04159,"⑤ 학교회계의 설치에 필요한 사항은 국립학교의 경우에는 교육부령으로, 공립학교의 경우에는 시·도의 교육규칙으로 정한다.",위임,부령|교육규칙,5,"국립학교는 교육부령, 공립학교는 시·도 교육규칙에 규율권한을 넘기는 병기 위임이다."
P04160,국립학교의 경우에는 교육부령으로,판단불가,부령,3,문장이 종결되지 않고 잘려 있어 위임 여부를 확정할 수 없으나 표지어구는 교육부령이다.
P04161,"⑥ 학교회계의 운영에 필요한 사항은 국립학교의 경우에는 교육부령으로, 공립학교의 경우에는 시·도의 교육규칙으로 정한다.",위임,부령|교육규칙,5,"국립학교는 교육부령, 공립학교는 시·도 교육규칙에 규율권한을 넘기는 병기 위임이다."
P04162,"⑥ 학교회계의 운영에 필요한 사항은 국립학교의 경우에는 교육부령으로, 공립학교의 경우에는 시·도의 교육규칙으로 정한다.",위임,부령|교육규칙,5,"국립학교는 교육부령, 공립학교는 시·도 교육규칙에 규율권한을 병기하여 넘긴다."
P04163,"⑥ 학교회계의 운영에 필요한 사항은 국립학교의 경우에는 교육부령으로, 공립학교의 경우에는 시·도의 교육규칙으로 정한다.",위임,부령|교육규칙,5,"국립학교는 교육부령, 공립학교는 시·도 교육규칙에 규율권한을 병기하여 위임한다."
P04164,"⑥ 학교회계의 운영에 필요한 사항은 국립학교의 경우에는 교육부령으로, 공립학교의 경우에는 시·도의 교육규칙으로 정한다.",위임,부령|교육규칙,5,"국립학교는 교육부령, 공립학교는 시·도 교육규칙에 규율권한을 넘기는 병기 위임이다."
P04165,"⑥ 학교회계의 운영에 필요한 사항은 국립학교의 경우에는 교육부령으로, 공립학교의 경우에는 시·도의 교육규칙으로 정한다.",위임,부령|교육규칙,5,"국립학교는 교육부령, 공립학교는 시·도 교육규칙에 규율권한을 병기하여 넘긴다."
P04166,"⑥ 학교회계의 운영에 필요한 사항은 국립학교의 경우에는 교육부령으로, 공립학교의 경우에는 시·도의 교육규칙으로 정한다.",위임,부령|교육규칙,5,"국립학교는 교육부령, 공립학교는 시·도 교육규칙에 규율권한을 넘기는 병기 위임이다."
P04167,"⑥ 학교회계의 운영에 필요한 사항은 국립학교의 경우에는 교육부령으로, 공립학교의 경우에는 시·도의 교육규칙으로 정한다.",위임,부령|교육규칙,5,"국립학교는 교육부령, 공립학교는 시·도 교육규칙에 규율권한을 넘기는 병기 위임이다."
P04168,"⑥ 학교회계의 운영에 필요한 사항은 국립학교의 경우에는 교육부령으로, 공립학교의 경우에는 시·도의 교육규칙으로 정한다.",위임,부령|교육규칙,5,"국립학교는 교육부령, 공립학교는 시·도 교육규칙에 규율권한을 병기하여 넘긴다."
P04169,"⑥ 학교회계의 운영에 필요한 사항은 국립학교의 경우에는 교육부령으로, 공립학교의 경우에는 시·도의 교육규칙으로 정한다.",위임,부령|교육규칙,5,"국립학교는 교육부령, 공립학교는 시·도 교육규칙에 규율권한을 넘기는 병기 위임이다."
P04170,"⑥ 학교회계의 운영에 필요한 사항은 국립학교의 경우에는 교육부령으로, 공립학교의 경우에는 시·도의 교육규칙으로 정한다.",위임,부령|교육규칙,5,"국립학교는 교육부령, 공립학교는 시·도 교육규칙에 규율권한을 넘기는 병기 위임이다."
P04171,"⑥ 학교회계의 운영에 필요한 사항은 국립학교의 경우에는 교육부령으로, 공립학교의 경우에는 시·도의 교육규칙으로 정한다.",위임,부령|교육규칙,5,"국립학교는 교육부령, 공립학교는 시·도 교육규칙에 각각 규율권한을 넘기는 병기 위임이다."
P04172,"⑥ 학교회계의 운영에 필요한 사항은 국립학교의 경우에는 교육부령으로, 공립학교의 경우에는 시·도의 교육규칙으로 정한다.",위임,부령|교육규칙,5,"국립은 교육부령, 공립은 시·도 교육규칙에 규율권한을 넘기는 병기 위임이다."
P04173,"⑥ 학교회계의 운영에 필요한 사항은 국립학교의 경우에는 교육부령으로, 공립학교의 경우에는 시·도의 교육규칙으로 정한다.",위임,부령|교육규칙,5,"국립학교는 교육부령, 공립학교는 시·도 교육규칙에 규율권한을 넘기는 병기 위임이다."
P04174,"⑥ 학교회계의 운영에 필요한 사항은 국립학교의 경우에는 교육부령으로, 공립학교의 경우에는 시·도의 교육규칙으로 정한다.",위임,부령|교육규칙,5,"국립학교는 교육부령, 공립학교는 시·도 교육규칙에 규율권한을 넘기는 병기 위임이다."
P04175,"⑥ 학교회계의 운영에 필요한 사항은 국립학교의 경우에는 교육부령으로, 공립학교의 경우에는 시·도의 교육규칙으로 정한다.",위임,부령|교육규칙,5,"국립학교는 교육부령, 공립학교는 시·도 교육규칙에 규율권한을 넘기는 병기 위임이다."
P04176,"⑥ 학교회계의 운영에 필요한 사항은 국립학교의 경우에는 교육부령으로, 공립학교의 경우에는 시·도의 교육규칙으로 정한다.",위임,부령|교육규칙,5,"국립학교는 교육부령, 공립학교는 시·도 교육규칙으로 정하도록 규율권한을 넘기는 병기 위임이다."
P04177,"⑥ 학교회계의 운영에 필요한 사항은 국립학교의 경우에는 교육부령으로, 공립학교의 경우에는 시·도의 교육규칙으로 정한다.",위임,부령|교육규칙,5,"국립학교는 교육부령, 공립학교는 시·도 교육규칙에 규율권한을 넘기는 병기 위임이다."
P04178,필요한 사항은 교육부령으로,위임,부령,3,문장이 잘렸으나 '필요한 사항은 교육부령으로 (정한다)'는 교육부령에 규율권한을 넘기는 전형적 위임 형식이다.
P04179,사항은 대통령령으로,판단불가,대통령령,3,문장이 중간에서 잘려 종결부가 없어 위임 여부를 확정할 수 없으나 표지어구는 대통령령이다.
P04180,필요한 사항은 교육부령으로,위임,부령,3,문장이 일부 절단되었으나 '필요한 사항은 교육부령으로'라는 문언상 교육부령에 규율권한을 넘기는 위임으로 볼 수 있다.
P04181,대통령령,판단불가,대통령령,2,문장이 '대통령령'이라는 어구만으로 잘려 있어 위임 여부를 판정할 수 없다.
P04182,대통령령,판단불가,대통령령,2,문장이 '대통령령'이라는 단어만으로 잘려 있어 위임 여부를 판정할 수 없으나 표지어구상 법형식은 대통령령이다.
P04183,대통령령,판단불가,대통령령,2,문장이 '대통령령'이라는 단어만으로 잘려 있어 규율권한 이전 여부를 판정할 수 없으나 표지어구상 법형식은 대통령령이다.
P04184,14. 그 밖에 대통령령이나 시ㆍ도의 조례로 정하는 사항,위임,대통령령|조례,5,대통령령과 시·도 조례에 규율 사항을 넘기는 병기 위임이다.
P04185,14. 그 밖에 대통령령이나 시ㆍ도의 조례로 정하는 사항,위임,대통령령|조례,4,학교운영위원회 심의사항을 대통령령과 시·도 조례에 병기 위임한다.
P04186,14. 그 밖에 대통령령이나 시ㆍ도의 조례로 정하는 사항,위임,대통령령|조례,4,학교운영위원회 심의사항을 대통령령과 시·도 조례에 병기 위임한다.
P04187,14. 그 밖에 대통령령이나 시ㆍ도의 조례로 정하는 사항,위임,대통령령|조례,5,대통령령과 시·도 조례에 규율 사항을 넘기는 병기 위임이다.
P04188,14. 그 밖에 대통령령이나 시ㆍ도의 조례로 정하는 사항,위임,대통령령|조례,5,학교운영위원회 심의사항을 대통령령과 시·도 조례에 병기하여 위임한다.
P04189,14. 그 밖에 대통령령이나 시ㆍ도의 조례로 정하는 사항,위임,대통령령|조례,5,학교운영위원회 심의사항을 대통령령 또는 시·도 조례에 위임하는 병기 위임이다.
P04190,14. 그 밖에 대통령령이나 시ㆍ도의 조례로 정하는 사항,위임,대통령령|조례,5,학교운영위원회 심의사항을 대통령령과 시·도 조례에 병기하여 위임한다.
P04191,14. 그 밖에 대통령령이나 시ㆍ도의 조례로 정하는 사항,위임,대통령령|조례,5,대통령령과 시·도 조례에 규율사항을 넘기는 병기 위임이다.
P04192,14. 그 밖에 대통령령이나 시ㆍ도의 조례로 정하는 사항,위임,대통령령|조례,5,심의사항의 추가 범위를 대통령령과 시·도 조례에 병기하여 맡기는 위임이다.
P04193,14. 그 밖에 대통령령이나 시ㆍ도의 조례로 정하는 사항,위임,대통령령|조례,5,학교운영위원회 심의사항의 나머지를 대통령령과 시·도 조례에 병기하여 위임한다.
P04194,14. 그 밖에 대통령령이나 시ㆍ도의 조례로 정하는 사항,위임,대통령령|조례,5,학교운영위원회 심의사항을 대통령령과 시·도 조례에 병기하여 위임한다.
P04195,14. 그 밖에 대통령령이나 시ㆍ도의 조례로 정하는 사항,위임,대통령령|조례,5,대통령령과 시·도 조례에 규율사항을 넘기는 병기 위임이다.
P04196,14. 그 밖에 대통령령이나 시ㆍ도의 조례로 정하는 사항,위임,대통령령|조례,5,학교운영위원회 심의사항을 대통령령과 시·도 조례에 병기하여 위임한다.
P04197,14. 그 밖에 대통령령이나 시ㆍ도의 조례로 정하는 사항,위임,대통령령|조례,4,심의 사항의 추가 결정을 대통령령과 시·도 조례에 병기하여 맡기는 부분 위임이다.
P04198,14. 그 밖에 대통령령이나 시ㆍ도의 조례로 정하는 사항,위임,대통령령|조례,5,대통령령과 시·도 조례에 규율사항을 병기 위임한다.
P04199,14. 그 밖에 대통령령이나 시ㆍ도의 조례로 정하는 사항,위임,대통령령|조례,5,대통령령과 시·도 조례에 규율할 사항을 병기하여 위임한다.
P04200,14. 그 밖에 대통령령이나 시ㆍ도의 조례로 정하는 사항,위임,대통령령|조례,5,학교운영위원회 심의사항을 대통령령과 시·도 조례에 병기하여 위임한다.
P04201,사항은 대통령령으로,판단불가,해당없음,3,문장이 중간에 잘려 종결 여부와 위임 대상을 확정할 수 없다.
P04202,대통령령으로 정하는,판단불가,대통령령,3,문장이 '대통령령으로 정하는'에서 잘려 있어 위임 종결 여부를 확정할 수 없으나 문언상 대통령령이 지정되어 있다.
P04203,대통령령으로 정하고,위임,대통령령,4,문장 단편이지만 '대통령령으로 정하고'는 대통령령에 규율권한을 넘기는 위임 문언이다.
P04204,대통령령으로 정하고,위임,대통령령,3,문장이 조각으로 잘려 있으나 '대통령령으로 정하고'라는 문언은 대통령령에 규율권한을 넘기는 위임 형식이다.
P04205,대통령령으로 정하는,판단불가,대통령령,3,문장이 '대통령령으로 정하는'에서 잘려 있어 위임 종결 여부를 확정할 수 없으나 지정된 법형식은 대통령령이다.
P04206,대통령령으로 정하고,위임,대통령령,3,문장이 절 단위로 잘려 있으나 '대통령령으로 정하고'는 대통령령에 규율권한을 넘기는 위임 문언이다.
P04207,대통령령으로 정하는,판단불가,대통령령,3,문장이 '대통령령으로 정하는'에서 잘려 위임 여부를 확정할 수 없으나 표지어구는 대통령령이다.
P04208,대통령령으로 정하는,판단불가,대통령령,3,문장이 '대통령령으로 정하는'에서 잘려 있어 위임 대상·범위를 확인할 수 없다.
P04209,대통령령으로 정하고,위임,대통령령,3,문장이 절 단위로 잘렸으나 '대통령령으로 정하고'는 대통령령에 규율권한을 넘기는 위임 문언이다.
P04210,대통령령으로 정하는,판단불가,해당없음,3,문장이 '대통령령으로 정하는'에서 잘려 있어 위임인지 인용인지 확정할 수 없다.
P04211,대통령령으로 정하고,위임,대통령령,3,문장이 일부 잘렸으나 '대통령령으로 정하고'라는 문언이 대통령령에 규율권한을 넘기는 위임임을 보여준다.
P04212,대통령령으로 정하고,위임,대통령령,3,문장이 절단되었으나 조문 맥락상 학교운영위원회 구성·운영 사항을 대통령령에 넘기는 위임 문언이다.
P04213,대통령령으로 정하는,판단불가,대통령령,2,문장이 '대통령령으로 정하는'에서 잘려 어떤 사항을 위임하는지 확인할 수 없다.
P04214,대통령령으로 정하고,위임,대통령령,3,문장이 잘려 있으나 '대통령령으로 정하고'라는 문언은 대통령령에 규율권한을 넘기는 위임이다.
P04215,대통령령으로 정하는,판단불가,대통령령,3,문장이 '대통령령으로 정하는'에서 잘려 무엇을 위임하는지 확인할 수 없으나 지정 법형식은 대통령령으로 나타난다.
P04216,대통령령으로 정하고,위임,대통령령,3,문장이 절 단위로 잘렸으나 '대통령령으로 정하고'는 학교운영위원회 구성·운영 사항의 규율권한을 대통령령에 넘기는 위임 표현이다.
P04217,대통령령으로 정하는,판단불가,대통령령,2,문장이 '대통령령으로 정하는'이라는 조각으로 잘려 있어 무엇을 위임하는지 확인할 수 없다.
P04218,대통령령으로 정하고,위임,대통령령,3,문장이 절단되어 있으나 '대통령령으로 정하고'는 대통령령에 규율권한을 넘기는 위임 문언이다.
P04219,대통령령으로 정하는,판단불가,대통령령,2,문장이 '대통령령으로 정하는'에서 잘려 규율 대상과 종결 형태를 확인할 수 없어 위임 여부를 판정할 수 없다.
P04220,대통령령으로 정하고,판단불가,해당없음,3,문장이 잘려 있어 무엇을 대통령령으로 정하는지 확인할 수 없다.
P04221,대통령령으로 정하는,판단불가,대통령령,3,문장이 '대통령령으로 정하는'에서 잘려 무엇을 위임하는지 확인할 수 없어 판정이 불가하다.
P04222,대통령령,판단불가,미특정,4,문장이 '대통령령'이라는 단어만으로 잘려 있어 위임 여부를 판정할 서술이 없다.
P04223,"① 제31조에 따른 학교운영위원회 중 국립학교에 두는 학교운영위원회의 구성과 운영에 필요한 사항은 대통령령으로 정하고, 공립학교에 두는 학교운영위원회의 구성과 운영에 필요한 사항은 대통령령으로 정하는 범위에서 시·도의 조례로 정한다.",위임,대통령령|조례,5,"국립학교는 대통령령, 공립학교는 대통령령이 정하는 범위에서 시·도 조례에 규율권한을 넘기는 병기 위임이다."
P04224,"① 제31조에 따른 학교운영위원회 중 국립학교에 두는 학교운영위원회의 구성과 운영에 필요한 사항은 대통령령으로 정하고, 공립학교에 두는 학교운영위원회의 구성과 운영에 필요한 사항은 대통령령으로 정하는 범위에서 시·도의 조례로 정한다.",위임,대통령령|조례,5,"국립학교는 대통령령, 공립학교는 대통령령으로 정하는 범위에서 조례로 정하도록 두 법형식에 규율권한을 넘긴다."
P04225,"① 제31조에 따른 학교운영위원회 중 국립학교에 두는 학교운영위원회의 구성과 운영에 필요한 사항은 대통령령으로 정하고, 공립학교에 두는 학교운영위원회의 구성과 운영에 필요한 사항은 대통령령으로 정하는 범위에서 시·도의 조례로 정한다.",위임,대통령령|조례,5,"국립학교는 대통령령, 공립학교는 대통령령으로 정하는 범위에서 시·도 조례로 정하도록 두 법형식에 규율권한을 넘긴다."
P04226,"① 제31조에 따른 학교운영위원회 중 국립학교에 두는 학교운영위원회의 구성과 운영에 필요한 사항은 대통령령으로 정하고, 공립학교에 두는 학교운영위원회의 구성과 운영에 필요한 사항은 대통령령으로 정하는 범위에서 시·도의 조례로 정한다.",위임,대통령령|조례,5,"국립학교는 대통령령, 공립학교는 대통령령이 정하는 범위에서 시·도 조례로 정하도록 두 법형식에 규율권한을 넘긴다."
P04227,"① 제31조에 따른 학교운영위원회 중 국립학교에 두는 학교운영위원회의 구성과 운영에 필요한 사항은 대통령령으로 정하고, 공립학교에 두는 학교운영위원회의 구성과 운영에 필요한 사항은 대통령령으로 정하는 범위에서 시·도의 조례로 정한다.",위임,대통령령|조례,5,"국립학교는 대통령령, 공립학교는 대통령령이 정하는 범위에서 시·도 조례로 정하도록 두 법형식에 규율권한을 넘긴다."
P04228,"① 제31조에 따른 학교운영위원회 중 국립학교에 두는 학교운영위원회의 구성과 운영에 필요한 사항은 대통령령으로 정하고, 공립학교에 두는 학교운영위원회의 구성과 운영에 필요한 사항은 대통령령으로 정하는 범위에서 시·도의 조례로 정한다.",위임,대통령령|조례,5,"국립학교는 대통령령, 공립학교는 대통령령이 정하는 범위에서 시·도 조례로 정하도록 병기 위임한다."
P04229,"① 제31조에 따른 학교운영위원회 중 국립학교에 두는 학교운영위원회의 구성과 운영에 필요한 사항은 대통령령으로 정하고, 공립학교에 두는 학교운영위원회의 구성과 운영에 필요한 사항은 대통령령으로 정하는 범위에서 시·도의 조례로 정한다.",위임,대통령령|조례,5,"국립학교는 대통령령, 공립학교는 대통령령이 정하는 범위에서 시·도 조례로 정하도록 규율권한을 넘기는 병기 위임이다."
P04230,"① 제31조에 따른 학교운영위원회 중 국립학교에 두는 학교운영위원회의 구성과 운영에 필요한 사항은 대통령령으로 정하고, 공립학교에 두는 학교운영위원회의 구성과 운영에 필요한 사항은 대통령령으로 정하는 범위에서 시·도의 조례로 정한다.",위임,대통령령|조례,5,"국립학교는 대통령령, 공립학교는 대통령령이 정하는 범위 내 시·도 조례로 정하도록 두 법형식에 규율권한을 넘긴다."
P04231,"① 제31조에 따른 학교운영위원회 중 국립학교에 두는 학교운영위원회의 구성과 운영에 필요한 사항은 대통령령으로 정하고, 공립학교에 두는 학교운영위원회의 구성과 운영에 필요한 사항은 대통령령으로 정하는 범위에서 시·도의 조례로 정한다.",위임,대통령령|조례,5,"국립학교는 대통령령, 공립학교는 대통령령이 정하는 범위에서 시·도 조례로 정하도록 두 법형식에 규율권한을 넘긴다."
P04232,"① 제31조에 따른 학교운영위원회 중 국립학교에 두는 학교운영위원회의 구성과 운영에 필요한 사항은 대통령령으로 정하고, 공립학교에 두는 학교운영위원회의 구성과 운영에 필요한 사항은 대통령령으로 정하는 범위에서 시·도의 조례로 정한다.",위임,대통령령|조례,5,"국립학교는 대통령령, 공립학교는 대통령령이 정하는 범위에서 시·도 조례로 정하도록 병기 위임한다."
P04233,"① 제31조에 따른 학교운영위원회 중 국립학교에 두는 학교운영위원회의 구성과 운영에 필요한 사항은 대통령령으로 정하고, 공립학교에 두는 학교운영위원회의 구성과 운영에 필요한 사항은 대통령령으로 정하는 범위에서 시·도의 조례로 정한다.",위임,대통령령|조례,5,"국립학교는 대통령령에, 공립학교는 대통령령이 정하는 범위에서 시·도 조례에 규율권한을 넘기는 병기 위임이다."
P04234,"① 제31조에 따른 학교운영위원회 중 국립학교에 두는 학교운영위원회의 구성과 운영에 필요한 사항은 대통령령으로 정하고, 공립학교에 두는 학교운영위원회의 구성과 운영에 필요한 사항은 대통령령으로 정하는 범위에서 시·도의 조례로 정한다.",위임,대통령령|조례,5,"국립학교는 대통령령, 공립학교는 대통령령이 정하는 범위에서 시·도 조례로 정하도록 병기 위임한다."
P04235,"① 제31조에 따른 학교운영위원회 중 국립학교에 두는 학교운영위원회의 구성과 운영에 필요한 사항은 대통령령으로 정하고, 공립학교에 두는 학교운영위원회의 구성과 운영에 필요한 사항은 대통령령으로 정하는 범위에서 시·도의 조례로 정한다.",위임,대통령령|조례,5,"국립학교는 대통령령, 공립학교는 대통령령이 정하는 범위에서 시·도 조례로 정하도록 규율권한을 병기하여 넘긴다."
P04236,"① 제31조에 따른 학교운영위원회 중 국립학교에 두는 학교운영위원회의 구성과 운영에 필요한 사항은 대통령령으로 정하고, 공립학교에 두는 학교운영위원회의 구성과 운영에 필요한 사항은 대통령령으로 정하는 범위에서 시·도의 조례로 정한다.",위임,대통령령|조례,5,"국립학교는 대통령령, 공립학교는 대통령령이 정하는 범위에서 시·도 조례로 정하도록 병기 위임한다."
P04237,"① 제31조에 따른 학교운영위원회 중 국립학교에 두는 학교운영위원회의 구성과 운영에 필요한 사항은 대통령령으로 정하고, 공립학교에 두는 학교운영위원회의 구성과 운영에 필요한 사항은 대통령령으로 정하는 범위에서 시·도의 조례로 정한다.",위임,대통령령|조례,5,"국립학교는 대통령령, 공립학교는 대통령령으로 정하는 범위에서 조례로 정하도록 병기하여 위임한다."
P04238,"① 제31조에 따른 학교운영위원회 중 국립학교에 두는 학교운영위원회의 구성과 운영에 필요한 사항은 대통령령으로 정하고, 공립학교에 두는 학교운영위원회의 구성과 운영에 필요한 사항은 대통령령으로 정하는 범위에서 시·도의 조례로 정한다.",위임,대통령령|조례,5,"국립학교는 대통령령, 공립학교는 대통령령이 정하는 범위에서 시·도 조례로 정하도록 두 법형식에 규율권한을 넘긴다."
P04239,"① 제31조에 따른 학교운영위원회 중 국립학교에 두는 학교운영위원회의 구성과 운영에 필요한 사항은 대통령령으로 정하고, 공립학교에 두는 학교운영위원회의 구성과 운영에 필요한 사항은 대통령령으로 정하는 범위에서 시·도의 조례로 정한다.",위임,대통령령|조례,5,"국립학교는 대통령령, 공립학교는 대통령령이 정하는 범위에서 시·도 조례로 정하도록 두 법형식에 규율권한을 넘긴다."
P04240,사항은 대통령령으로,판단불가,미특정,4,문장이 잘려 주어와 종결부가 없어 위임 여부를 확정할 수 없다.
P04241,사항은 대통령령으로,판단불가,대통령령,3,문장이 중간에서 잘려 종결부가 없어 위임 여부를 확정할 수 없으나 표지어구는 대통령령이다.
P04242,사항은 대통령령으로,판단불가,대통령령,3,문장이 중간에서 잘려 종결부가 없어 위임 여부를 확정할 수 없으나 표지어구로 대통령령이 나타난다.
P04243,사항은 대통령령으로,판단불가,대통령령,3,문장이 '사항은 대통령령으로'에서 잘려 서술어가 없어 위임 종결 여부를 확정할 수 없으나 표지어구는 대통령령이다.
P04244,사항은 대통령령으로,판단불가,해당없음,3,문장이 중간에서 잘려 종결부가 없어 위임 여부를 확정할 수 없다.
P04245,사항은 대통령령으로,판단불가,해당없음,3,문장이 중간에서 잘려 종결부가 없어 위임 여부를 확정할 수 없다.
P04246,사항은 대통령령으로,판단불가,대통령령,2,문장이 중간에서 잘려 종결부가 없어 위임 여부를 확정할 수 없으나 문언에는 대통령령이 명시되어 있다.
P04247,사항은 대통령령으로,판단불가,대통령령,2,문장이 중간에서 잘려 종결부가 없어 위임 여부를 확정할 수 없으나 표지어구는 대통령령이다.
P04248,사항은 대통령령으로,판단불가,대통령령,2,문장이 중간에서 잘려 주어와 서술어가 불완전해 위임 여부를 확정할 수 없으나 문언상 대통령령이 언급된다.
P04249,사항은 대통령령으로,판단불가,대통령령,2,문장이 '사항은 대통령령으로'에서 잘려 서술어가 없어 위임 종결 여부를 확정할 수 없다.
P04250,사항은 대통령령으로,판단불가,미특정,3,문장이 중간에서 잘려 종결부가 없어 위임 여부를 확정할 수 없다.
P04251,사항은 대통령령으로,판단불가,대통령령,3,문장이 중간에서 잘려 종결부가 없어 위임 여부를 확정할 수 없으나 문언상 대통령령이 지정되어 있다.
P04252,사항은 대통령령으로,판단불가,미특정,4,문장이 '사항은 대통령령으로'에서 끊겨 종결부가 없어 위임 여부를 확정할 수 없다.
P04253,사항은 대통령령으로,판단불가,미특정,3,문장이 '사항은 대통령령으로'에서 잘려 있어 위임 종결 여부를 확정할 수 없다.
P04254,사항은 대통령령으로,판단불가,대통령령,2,문장이 중간에서 잘려 종결부가 없어 위임 여부를 확정할 수 없으나 문언상 대통령령이 명시되어 있다.
P04255,사항은 대통령령으로,판단불가,미특정,4,문장이 중간에서 잘려 있어 위임 여부와 종결 문언을 확인할 수 없다.
P04256,사항은 대통령령으로,판단불가,대통령령,2,문장이 중간에서 잘려 종결형과 위임 대상 사항을 확인할 수 없으나 문언상 대통령령이 언급되어 있다.
P04257,사항은 대통령령으로,판단불가,대통령령,3,문장이 '사항은 대통령령으로'에서 잘려 서술어가 없어 위임 종결 여부를 확정할 수 없다.
P04258,사항은 대통령령으로,판단불가,대통령령,3,문장이 중간에서 잘려 종결 서술어가 없어 위임 여부를 확정할 수 없다.
P04259,사항은 대통령령으로,판단불가,미특정,4,문장이 중간에서 잘려 종결부가 없어 위임 여부를 확정할 수 없다.
P04260,사항은 대통령령으로,판단불가,대통령령,2,문장이 중간에 잘려 서술어가 없어 위임 여부를 확정할 수 없으나 표지어구는 대통령령이다.
P04261,사항은 대통령령으로,판단불가,대통령령,2,문장이 중간에서 잘려 종결 문언이 없어 위임 여부를 확정할 수 없으나 표지어구는 대통령령이다.
P04262,사항은 대통령령으로,판단불가,대통령령,3,문장이 중간에서 잘려 종결부가 없어 위임 여부를 확정할 수 없으나 문언상 대통령령이 지정되어 있다.
P04263,사항은 대통령령으로,판단불가,해당없음,4,문장이 잘려 종결부와 대상 사항이 없어 위임 여부를 확정할 수 없다.
P04264,사항은 대통령령으로,판단불가,대통령령,2,문장이 중간에서 잘려 서술어와 위임 대상이 확인되지 않아 위임 여부를 확정할 수 없다.
P04265,사항은 대통령령으로,판단불가,대통령령,3,문장이 중간에서 잘려 서술어가 없어 위임 종결 여부를 확정할 수 없으나 표지어구는 대통령령이다.
P04266,대통령령으로 정한다,위임,대통령령,4,문말 '대통령령으로 정한다'는 대통령령에 규율권한을 넘기는 위임이다.
P04267,대통령령으로 정한다,위임,대통령령,4,문말 종결형 '대통령령으로 정한다'로 대통령령에 규율권한을 넘긴다.
P04268,사항은 대통령령으로,판단불가,해당없음,3,문장이 잘려 있어 대통령령에 실제로 규율권한을 넘기는 종결 구조인지 확인할 수 없다.
P04269,사항은 대통령령으로,판단불가,대통령령,2,문장이 절단되어 서술어와 위임 대상이 확인되지 않으나 문언상 대통령령이 언급되어 있다.
P04270,사항은 대통령령으로,판단불가,대통령령,3,문장이 중간에서 잘려 서술어가 없어 위임 여부를 확정할 수 없으나 문언상 대통령령이 명시되어 있다.
P04271,사항은 교육부령으로,판단불가,부령,2,문장이 중간에서 잘려 위임 종결 여부를 확인할 수 없으나 표지어구상 교육부령이 언급된다.
P04272,사항은 교육부령으로,판단불가,부령,2,문장이 잘려 종결부가 없어 위임 여부를 확정할 수 없으나 문언상 교육부령(부령)이 지시되어 있다.
P04273,사항은 교육부령으로,판단불가,부령,3,문장이 중간에서 잘려 서술어가 없어 위임 여부를 확정할 수 없으나 문언상 교육부령이 표지된다.
P04274,사항은 교육부령으로,판단불가,부령,2,문장이 중간에 잘려 위임 종결 여부를 확인할 수 없으나 표지어구상 교육부령이 지정되어 있다.
P04275,사항은 교육부령으로,판단불가,부령,2,문장이 중간에서 잘려 종결부가 없어 위임 여부를 확정할 수 없으나 표지어구는 교육부령을 가리킨다.
P04276,사항은 교육부령으로,판단불가,미특정,4,문장이 중간에서 잘려 종결부가 없어 위임 여부를 확정할 수 없다.
P04277,사항은 교육부령으로,판단불가,부령,3,문장이 중간에서 잘려 종결 형태와 위임 대상이 확인되지 않으나 표지어구는 교육부령이다.
P04278,대통령령으로 정하는 사람,위임,대통령령,4,문장 조각이지만 '대통령령으로 정하는 사람'은 요건 일부를 대통령령에 맡기는 부분 위임이다.
P04279,대통령령으로 정하는 기준,위임,대통령령,3,문장이 단편이지만 '대통령령으로 정하는 기준'이라는 부분위임 표지가 명확하다.
P04280,필요한 사항은 대통령령으로,위임,대통령령,3,문말이 절단되었으나 '필요한 사항은 대통령령으로'라는 전형적 위임 구조가 확인된다.
P04281,대통령령으로 정한다,위임,대통령령,4,문말 종결형 '대통령령으로 정한다'로 규율권한을 대통령령에 넘긴다.
P04282,대통령령으로 정한다,위임,대통령령,5,문말 '대통령령으로 정한다'는 대통령령에 규율권한을 넘기는 위임이다.
P04283,대통령령으로 정하는,판단불가,해당없음,3,문장이 '대통령령으로 정하는'에서 잘려 있어 규율권한 이전 여부를 확정할 수 없다.
P04284,대통령령으로 정하는,판단불가,대통령령,3,문장이 어절 단위로 잘려 종결 형태와 위임 대상을 확인할 수 없으나 문언상 '대통령령'은 명시되어 있다.
P04285,대통령령으로 정하는,판단불가,대통령령,3,문장이 '대통령령으로 정하는'에서 잘려 있어 규율권한 이전 여부를 확정할 수 없으나 지정 법형식은 대통령령이다.
P04286,대통령령으로 정하는,판단불가,대통령령,2,문장이 '대통령령으로 정하는'에서 잘려 있어 규율 대상과 위임 여부를 확정할 수 없다.
P04287,대통령령으로 정하는,판단불가,대통령령,3,문장이 '대통령령으로 정하는'에서 잘려 수식 대상과 종결 형태를 확인할 수 없어 위임 여부를 확정할 수 없다.
P04288,대통령령으로 정하는,판단불가,미특정,3,문장이 '대통령령으로 정하는'에서 잘려 규율 대상과 종결형을 확인할 수 없다.
P04289,교육부령으로 정한다,위임,부령,4,'교육부령으로 정한다'는 종결형으로 교육부령에 규율권한을 넘기는 위임이다.
P04290,대통령령으로 정한다,위임,대통령령,4,문말 종결형 '대통령령으로 정한다'로 대통령령에 규율권한을 넘기는 위임이다.
P04291,교육부령으로 정하는 자료,위임,부령,4,'교육부령으로 정하는 자료'는 자료의 범위를 부령에 맡기는 부분 위임이다.
P04292,교육부령으로 정하는,판단불가,부령,3,문장이 '교육부령으로 정하는'에서 절단되어 무엇을 위임하는지 확인할 수 없으나 지시된 법형식은 교육부령이다.
P04293,② 제1항에 따른 통학 지원에 필요한 사항은 해당 시ㆍ도의 조례로 정한다.,위임,조례,5,통학 지원에 필요한 사항의 규율권한을 시·도 조례에 넘기는 위임이다.
P04294,② 제1항에 따른 통학 지원에 필요한 사항은 해당 시ㆍ도의 조례로 정한다.,위임,조례,5,통학 지원에 필요한 사항의 규율권한을 시·도 조례에 넘긴다.
P04295,② 제1항에 따른 통학 지원에 필요한 사항은 해당 시ㆍ도의 조례로 정한다.,위임,조례,5,통학 지원에 필요한 사항의 규율권한을 시·도 조례에 넘긴다.
P04296,② 제1항에 따른 통학 지원에 필요한 사항은 해당 시ㆍ도의 조례로 정한다.,위임,조례,5,통학 지원에 필요한 사항의 규율권한을 시·도 조례에 넘기는 위임이다.
P04297,② 제1항에 따른 통학 지원에 필요한 사항은 해당 시ㆍ도의 조례로 정한다.,위임,조례,5,문말 종결형으로 시·도 조례에 규율권한을 넘긴다.
P04298,② 제1항에 따른 통학 지원에 필요한 사항은 해당 시ㆍ도의 조례로 정한다.,위임,조례,5,통학 지원에 필요한 사항의 규율권한을 시·도 조례에 넘기는 문말 위임이다.
P04299,② 제1항에 따른 통학 지원에 필요한 사항은 해당 시ㆍ도의 조례로 정한다.,위임,조례,5,문말 종결형으로 시·도 조례에 규율권한을 넘긴다.
P04300,② 제1항에 따른 통학 지원에 필요한 사항은 해당 시ㆍ도의 조례로 정한다.,위임,조례,5,문말 종결형으로 시·도 조례에 규율권한을 넘긴다.
P04301,② 제1항에 따른 통학 지원에 필요한 사항은 해당 시ㆍ도의 조례로 정한다.,위임,조례,5,통학 지원에 필요한 사항의 규율권한을 시·도 조례에 넘긴다.
P04302,② 제1항에 따른 통학 지원에 필요한 사항은 해당 시ㆍ도의 조례로 정한다.,위임,조례,5,통학 지원에 필요한 사항의 규율권한을 시·도 조례에 넘긴다.
P04303,② 제1항에 따른 통학 지원에 필요한 사항은 해당 시ㆍ도의 조례로 정한다.,위임,조례,5,통학 지원에 필요한 사항의 규율권한을 시·도 조례에 넘기는 위임 규정이다.
P04304,② 제1항에 따른 통학 지원에 필요한 사항은 해당 시ㆍ도의 조례로 정한다.,위임,조례,5,문말 종결형으로 시·도 조례에 규율권한을 넘긴다.
P04305,② 제1항에 따른 통학 지원에 필요한 사항은 해당 시ㆍ도의 조례로 정한다.,위임,조례,5,문말 종결형으로 시·도 조례에 규율권한을 넘기는 위임이다.
P04306,② 제1항에 따른 통학 지원에 필요한 사항은 해당 시ㆍ도의 조례로 정한다.,위임,조례,5,통학 지원에 필요한 사항의 규율권한을 시·도 조례에 넘기는 위임 규정이다.
P04307,② 제1항에 따른 통학 지원에 필요한 사항은 해당 시ㆍ도의 조례로 정한다.,위임,조례,5,문말 종결형으로 시·도 조례에 규율권한을 넘긴다.
P04308,② 제1항에 따른 통학 지원에 필요한 사항은 해당 시ㆍ도의 조례로 정한다.,위임,조례,5,통학 지원에 필요한 사항을 시·도 조례로 정하도록 규율권한을 넘긴다.
P04309,② 제1항에 따른 통학 지원에 필요한 사항은 해당 시ㆍ도의 조례로 정한다.,위임,조례,5,통학 지원에 필요한 사항의 규율권한을 시·도 조례에 넘기는 위임 규정이다.
P04310,② 제1항에 따른 통학 지원에 필요한 사항은 해당 시ㆍ도의 조례로 정한다.,위임,조례,5,통학 지원에 필요한 사항을 시·도 조례로 정하도록 규율권한을 넘긴다.
P04311,② 제1항에 따른 통학 지원에 필요한 사항은 해당 시ㆍ도의 조례로 정한다.,위임,조례,5,통학 지원에 필요한 사항의 규율권한을 시·도 조례에 넘기는 문말 종결형 위임이다.
P04312,② 제1항에 따른 통학 지원에 필요한 사항은 해당 시ㆍ도의 조례로 정한다.,위임,조례,5,통학 지원에 필요한 사항의 규율권한을 시·도 조례에 넘기는 종결형 위임이다.
P04313,② 제1항에 따른 통학 지원에 필요한 사항은 해당 시ㆍ도의 조례로 정한다.,위임,조례,5,필요한 사항을 시·도 조례로 정하도록 규율권한을 넘긴다.
P04314,② 제1항에 따른 통학 지원에 필요한 사항은 해당 시ㆍ도의 조례로 정한다.,위임,조례,5,필요한 사항을 시·도 조례에 정하도록 규율권한을 넘긴다.
P04315,② 제1항에 따른 통학 지원에 필요한 사항은 해당 시ㆍ도의 조례로 정한다.,위임,조례,5,통학 지원에 필요한 사항의 규율권한을 시·도 조례에 넘기는 문말 종결형 위임이다.
P04316,② 제1항에 따른 통학 지원에 필요한 사항은 해당 시ㆍ도의 조례로 정한다.,위임,조례,5,문말 종결형으로 시·도 조례에 규율권한을 넘긴다.
P04317,② 제1항에 따른 통학 지원에 필요한 사항은 해당 시ㆍ도의 조례로 정한다.,위임,조례,5,통학 지원 필요사항을 시·도 조례에 정하도록 규율권한을 넘긴다.
P04318,② 제1항에 따른 통학 지원에 필요한 사항은 해당 시ㆍ도의 조례로 정한다.,위임,조례,5,통학 지원에 필요한 사항의 규율권한을 시·도 조례에 넘기는 위임 규정이다.
P04319,② 제1항에 따른 통학 지원에 필요한 사항은 해당 시ㆍ도의 조례로 정한다.,위임,조례,5,통학 지원에 필요한 사항의 규율권한을 시·도 조례에 넘기는 위임 규정이다.
P04320,② 제1항에 따른 통학 지원에 필요한 사항은 해당 시ㆍ도의 조례로 정한다.,위임,조례,5,통학 지원에 필요한 사항의 규율권한을 시·도 조례에 넘기는 위임 규정이다.
P04321,대통령령으로 정하는,판단불가,해당없음,3,문장이 '대통령령으로 정하는'에서 절단되어 무엇을 위임하는지 확인할 수 없다.
P04322,대통령령으로 정하는,판단불가,대통령령,2,문장이 '대통령령으로 정하는'에서 잘려 규율 대상과 종결 형태를 알 수 없어 위임 여부를 확정할 수 없다.
P04323,대통령령으로 정하는,위임,대통령령,3,문장이 조각이지만 '대통령령으로 정하는' 형태의 부분 위임 문언으로 규율권한을 대통령령에 넘긴다.
P04324,대통령령으로 정하는,판단불가,대통령령,2,문장이 '대통령령으로 정하는'에서 잘려 종결부가 없어 위임 여부를 확정할 수 없다.
P04325,대통령령으로 정하는,판단불가,대통령령,2,문장이 '대통령령으로 정하는'에서 절단되어 종결 서술과 위임 대상 사항을 확인할 수 없다.
P04326,대통령령으로 정하는,판단불가,대통령령,3,문장이 '대통령령으로 정하는'에서 잘려 위임 대상과 종결 구조를 확인할 수 없다.
P04327,대통령령으로 정하는,판단불가,대통령령,2,문장이 '대통령령으로 정하는'에서 잘려 규율권한 이전 여부를 확정할 수 없으나 표지어구는 대통령령이다.
P04328,대통령령으로 정하는,판단불가,해당없음,4,문장이 '대통령령으로 정하는'에서 잘려 규율권한 이전 여부를 확정할 수 없다.
P04329,대통령령으로 정하는,판단불가,대통령령,3,문장이 '대통령령으로 정하는'에서 잘려 종결부가 없어 위임 여부를 확정할 수 없다.
P04330,대통령령으로 정하는,판단불가,대통령령,3,문장이 '대통령령으로 정하는'에서 잘려 종결부가 없어 위임인지 인용인지 확정할 수 없다.
P04331,대통령령으로 정하는,판단불가,해당없음,4,문장이 '대통령령으로 정하는'에서 잘려 수식 대상과 종결 형태를 알 수 없어 위임 여부를 판정할 수 없다.
P04332,대통령령으로 정하는,판단불가,대통령령,2,문장이 '대통령령으로 정하는'에서 끊겨 위임 종결인지 요건 인용인지 판정할 수 없으나 표지된 법형식은 대통령령이다.
P04333,대통령령으로 정한다,위임,대통령령,4,문말 종결형 '대통령령으로 정한다'로 대통령령에 규율권한을 넘기는 위임이다.
P04334,과태료는 대통령령으로,판단불가,대통령령,2,문장이 중간에 잘려 서술어가 없어 위임 여부를 확정할 수 없으나 문언상 대통령령이 명시되어 있다.
P04335,대통령령으로 정한다,위임,대통령령,4,문말 종결형 '대통령령으로 정한다'로 대통령령에 규율권한을 넘기는 위임이다.
P04336,대통령령으로 정한다,위임,대통령령,4,문말 종결형 '대통령령으로 정한다'로 설립기준의 규율권한을 대통령령에 넘긴다.
P04337,교육부령으로 정하는 바에,판단불가,부령,2,문장이 중간에 잘려 규율권한 이전 여부를 확정할 수 없으나 표지어구는 교육부령이다.
P04338,교육부령으로 정하는 서류,위임,부령,4,'교육부령으로 정하는 서류'는 첨부서류의 구체적 내용을 부령에 넘기는 부분 위임이다.
P04339,교육부령으로 정하는 바에,판단불가,부령,3,문장이 중간에서 잘려 종결부가 없어 위임 여부를 확정할 수 없다.
P04340,교육부령으로 정하는 서류,위임,부령,4,'교육부령으로 정하는 서류'는 첨부서류 사항을 부령에 맡기는 부분 위임이다.
P04341,교육부령으로 정하는 바에,판단불가,부령,3,문장이 '교육부령으로 정하는 바에'에서 끊겨 있어 위임 종결인지 절차 인용인지 확정할 수 없으나 표지어구는 부령이다.
P04342,시·도교육청평가에 필요한 사항은 교육부장관이 정하고,위임,미특정,4,교육부장관에게 평가 관련 사항의 규율권한을 넘기나 법형식은 지정하지 않았다.
P04343,"법 제10조의2제3항에서 ""대통령령으로 정하는 사립학교""란 법 제10조제2항에 따른 시ㆍ도의 조례에서 수업료와 그 밖의 납부금을 해당 학교의 장이 정하도록 한 사립학교를 말한다.",인용,해당없음,4,상위법의 위임을 받아 정의를 확정하면서 시·도 조례의 내용을 가리키기만 하므로 인용이다.
P04344,"법 제10조의2제3항에서 ""대통령령으로 정하는 사립학교""란 법 제10조제2항에 따른 시ㆍ도의 조례에서 수업료와 그 밖의 납부금을 해당 학교의 장이 정하도록 한 사립학교를 말한다.",인용,해당없음,4,"상위법의 위임을 받아 정의를 확정하는 문장으로, 조례는 이미 정해진 규범을 가리키는 인용에 해당한다."
P04345,"법 제10조의2제3항에서 ""대통령령으로 정하는 사립학교""란 법 제10조제2항에 따른 시ㆍ도의 조례에서 수업료와 그 밖의 납부금을 해당 학교의 장이 정하도록 한 사립학교를 말한다.",인용,해당없음,4,상위법의 위임을 받아 시행령이 직접 정의를 확정하면서 기존 시ㆍ도 조례의 내용을 가리키는 인용에 해당한다.
P04346,"법 제10조의2제3항에서 ""대통령령으로 정하는 사립학교""란 법 제10조제2항에 따른 시ㆍ도의 조례에서 수업료와 그 밖의 납부금을 해당 학교의 장이 정하도록 한 사립학교를 말한다.",인용,해당없음,4,"상위법의 위임을 받아 개념을 확정하면서 조례 내용을 원용할 뿐, 하위 규범에 새로 규율권한을 넘기지 않는다."
P04347,"법 제10조의2제3항에서 ""대통령령으로 정하는 사립학교""란 법 제10조제2항에 따른 시ㆍ도의 조례에서 수업료와 그 밖의 납부금을 해당 학교의 장이 정하도록 한 사립학교를 말한다.",인용,해당없음,4,"상위법 문구의 정의를 구체화하며 시·도 조례를 가리키기만 하는 인용이고, 새로 하위 규범에 규율권한을 넘기지 않는다."
P04348,"법 제10조의2제3항에서 ""대통령령으로 정하는 사립학교""란 법 제10조제2항에 따른 시ㆍ도의 조례에서 수업료와 그 밖의 납부금을 해당 학교의 장이 정하도록 한 사립학교를 말한다.",인용,해당없음,4,상위법의 위임을 받아 개념을 확정하면서 기존 조례 내용을 가리키기만 하므로 인용이다.
P04349,"법 제10조의2제3항에서 ""대통령령으로 정하는 사립학교""란 법 제10조제2항에 따른 시ㆍ도의 조례에서 수업료와 그 밖의 납부금을 해당 학교의 장이 정하도록 한 사립학교를 말한다.",인용,해당없음,4,상위법의 위임을 받아 개념을 확정하면서 시ㆍ도 조례가 이미 정한 내용을 가리키는 인용에 해당한다.
P04350,"법 제10조의2제3항에서 ""대통령령으로 정하는 사립학교""란 법 제10조제2항에 따른 시ㆍ도의 조례에서 수업료와 그 밖의 납부금을 해당 학교의 장이 정하도록 한 사립학교를 말한다.",인용,해당없음,4,상위법의 위임문구를 시행령이 스스로 확정하며 기존 조례 규정을 가리키는 인용이다.
P04351,"법 제10조의2제3항에서 ""대통령령으로 정하는 사립학교""란 법 제10조제2항에 따른 시ㆍ도의 조례에서 수업료와 그 밖의 납부금을 해당 학교의 장이 정하도록 한 사립학교를 말한다.",인용,해당없음,4,상위법의 위임을 받아 정의를 확정하면서 시·도 조례의 기존 규정 내용을 원용한 인용 문장이다.
P04352,"법 제10조의2제3항에서 ""대통령령으로 정하는 사립학교""란 법 제10조제2항에 따른 시ㆍ도의 조례에서 수업료와 그 밖의 납부금을 해당 학교의 장이 정하도록 한 사립학교를 말한다.",인용,해당없음,4,상위법의 위임을 받아 용어를 정의하면서 기존 시ㆍ도 조례의 내용을 가리키는 인용에 해당한다.
P04353,"법 제10조의2제3항에서 ""대통령령으로 정하는 사립학교""란 법 제10조제2항에 따른 시ㆍ도의 조례에서 수업료와 그 밖의 납부금을 해당 학교의 장이 정하도록 한 사립학교를 말한다.",인용,해당없음,4,상위법의 위임을 받아 시행령이 스스로 정의를 확정하면서 기존 조례 내용을 가리키는 인용에 해당한다.
P04354,"법 제10조의2제3항에서 ""대통령령으로 정하는 사립학교""란 법 제10조제2항에 따른 시ㆍ도의 조례에서 수업료와 그 밖의 납부금을 해당 학교의 장이 정하도록 한 사립학교를 말한다.",인용,해당없음,4,상위법의 위임문구를 구체화하면서 이미 조례가 정한 내용을 가리키는 인용에 해당한다.
P04355,"법 제10조의2제3항에서 ""대통령령으로 정하는 사립학교""란 법 제10조제2항에 따른 시ㆍ도의 조례에서 수업료와 그 밖의 납부금을 해당 학교의 장이 정하도록 한 사립학교를 말한다.",인용,해당없음,4,상위법의 위임을 받아 용어를 확정하면서 기존 시·도 조례의 내용을 가리키는 인용에 해당한다.
P04356,"법 제10조의2제3항에서 ""대통령령으로 정하는 사립학교""란 법 제10조제2항에 따른 시ㆍ도의 조례에서 수업료와 그 밖의 납부금을 해당 학교의 장이 정하도록 한 사립학교를 말한다.",인용,해당없음,4,"상위법의 위임을 받아 개념을 확정하는 정의 규정으로, 기존 조례 내용을 가리키기만 하므로 인용이다."
P04357,"법 제10조의2제3항에서 ""대통령령으로 정하는 사립학교""란 법 제10조제2항에 따른 시ㆍ도의 조례에서 수업료와 그 밖의 납부금을 해당 학교의 장이 정하도록 한 사립학교를 말한다.",인용,해당없음,4,시행령이 스스로 정의를 확정하며 법·조례를 가리키기만 하므로 하위 규범에 규율권한을 넘기지 않는 인용이다.
P04358,"법 제10조의2제3항에서 ""대통령령으로 정하는 사립학교""란 법 제10조제2항에 따른 시ㆍ도의 조례에서 수업료와 그 밖의 납부금을 해당 학교의 장이 정하도록 한 사립학교를 말한다.",인용,해당없음,4,상위법의 위임사항을 시행령이 직접 확정하면서 조례·법 조항을 가리키기만 하므로 인용이다.
P04359,교육통계조사에 관하여 필요한 사항은 교육부장관이 정한다.,위임,미특정,5,교육부장관에게 규율권한을 넘기나 법형식을 지정하지 않았다.
P04360,배치기준은 따로 대통령령으로,판단불가,대통령령,2,문장이 종결부 없이 잘려 있어 위임 문언인지 확정할 수 없으나 '대통령령'이 명시되어 있다.
P04361,"지도의 범위, 방식 등에 관한 기준을 정하여 고시한다.",위임,고시,4,지도의 범위·방식 기준을 정하여 고시하도록 하여 고시 형식에 규율권한을 넘긴다.
P04362,제1항 및 제2항에서 규정한 사항 외에 개별학생교육지원에 필요한 사항은 교육부장관이 정한다.,위임,미특정,5,교육부장관에게 필요한 사항의 규율권한을 넘기나 법형식을 지정하지 않았다.
P04363,대통령령으로 정한다,판단불가,해당없음,3,문장이 '대통령령으로 정한다'만 남아 무엇을 위임하는지 대상이 잘려 있어 판정할 수 없다.
P04364,대통령령으로 정한다,위임,대통령령,3,문장이 단편적이나 '대통령령으로 정한다'는 종결형 위임 문언이므로 대통령령 위임으로 본다.
P04365,교육감의 의견을 들어 교육부장관이 정하여 고시한다.,위임,고시,4,교육부장관이 정하여 고시하도록 규율권한을 넘기는 종결형 위임이다.
P04366,교육감의 의견을 들어 교육부장관이 정하여 고시한다.,위임,고시,4,교육부장관이 정하여 고시하도록 규율권한을 넘기는 위임으로 법형식은 고시이다.
P04367,2. 제2항에 따른 지역다문화교육지원센터의 경우: 해당 시ㆍ도의 조례,위임,조례,4,각 호 구분 형식으로 지역다문화교육지원센터에 관한 사항을 해당 시·도 조례에 정하도록 규율권한을 넘긴다.
P04368,2. 제2항에 따른 지역다문화교육지원센터의 경우: 해당 시ㆍ도의 조례,위임,조례,4,각 호 형식으로 지역다문화교육지원센터 관련 사항을 시·도 조례에 정하도록 넘기는 위임이다.
P04369,2. 제2항에 따른 지역다문화교육지원센터의 경우: 해당 시ㆍ도의 조례,위임,조례,4,각 호 형식으로 지역다문화교육지원센터 관련 사항을 해당 시ㆍ도 조례에 정하도록 규율권한을 넘긴다.
P04370,2. 제2항에 따른 지역다문화교육지원센터의 경우: 해당 시ㆍ도의 조례,위임,조례,4,지역다문화교육지원센터에 관한 사항을 해당 시·도의 조례로 정하도록 규율권한을 넘기는 위임 항목이다.
P04371,2. 제2항에 따른 지역다문화교육지원센터의 경우: 해당 시ㆍ도의 조례,위임,조례,4,각 호 구분 형식으로 지역다문화교육지원센터에 관한 사항을 시·도 조례에 정하도록 규율권한을 넘긴다.
P04372,2. 제2항에 따른 지역다문화교육지원센터의 경우: 해당 시ㆍ도의 조례,위임,조례,4,각 호 형식으로 지역다문화교육지원센터에 관한 사항을 해당 시·도 조례에 정하도록 규율권한을 넘긴다.
P04373,2. 제2항에 따른 지역다문화교육지원센터의 경우: 해당 시ㆍ도의 조례,위임,조례,4,지역다문화교육지원센터에 관한 사항을 해당 시·도 조례로 정하도록 규율권한을 넘기는 호 규정이다.
P04374,2. 제2항에 따른 지역다문화교육지원센터의 경우: 해당 시ㆍ도의 조례,위임,조례,4,각 호 형식으로 지역다문화교육지원센터에 관한 사항을 해당 시·도 조례에 정하도록 규율권한을 넘기는 위임이다.
P04375,2. 제2항에 따른 지역다문화교육지원센터의 경우: 해당 시ㆍ도의 조례,위임,조례,4,각 호 구분에 따라 지역다문화교육지원센터에 관한 사항을 시·도 조례로 정하도록 규율권한을 넘긴다.
P04376,2. 제2항에 따른 지역다문화교육지원센터의 경우: 해당 시ㆍ도의 조례,위임,조례,4,각 호 형식으로 해당 시·도의 조례에 규율권한을 넘기는 위임의 일부이다.
P04377,2. 제2항에 따른 지역다문화교육지원센터의 경우: 해당 시ㆍ도의 조례,위임,조례,4,각 호 구분 형식으로 지역다문화교육지원센터에 관한 사항을 해당 시·도 조례에 위임한다.
P04378,2. 제2항에 따른 지역다문화교육지원센터의 경우: 해당 시ㆍ도의 조례,위임,조례,4,각 호에서 지역다문화교육지원센터에 관한 사항의 규율권한을 해당 시·도 조례에 넘기는 위임 구조이다.
P04379,2. 제2항에 따른 지역다문화교육지원센터의 경우: 해당 시ㆍ도의 조례,위임,조례,4,각 호의 구분에 따라 정하도록 하는 위임 구조에서 지역센터 관련 사항을 시·도 조례에 넘긴다.
P04380,2. 제2항에 따른 지역다문화교육지원센터의 경우: 해당 시ㆍ도의 조례,위임,조례,4,지역다문화교육지원센터에 관한 사항을 해당 시·도 조례로 정하도록 규율권한을 넘기는 각 호의 위임 규정이다.
P04381,2. 제2항에 따른 지역다문화교육지원센터의 경우: 해당 시ㆍ도의 조례,위임,조례,4,각 호 형식으로 지역다문화교육지원센터에 관한 사항의 규율권한을 해당 시·도 조례에 넘기는 위임이다.
P04382,2. 제2항에 따른 지역다문화교육지원센터의 경우: 해당 시ㆍ도의 조례,위임,조례,4,지역다문화교육지원센터에 관한 사항을 시·도 조례로 정하도록 규율권한을 넘기는 호이다.
P04383,대통령령,판단불가,대통령령,2,문장이 '대통령령'이라는 단어만으로 잘려 있어 규율권한 이전 여부를 판정할 수 없으나 문언상 언급된 법형식은 대통령령이다.
P04384,교육부령으로 정하는,판단불가,부령,3,문장이 '교육부령으로 정하는'에서 잘려 수식 대상과 종결 형태를 알 수 없어 위임 여부를 확정할 수 없다.
P04385,"④ 제2항 및 제3항에도 불구하고 다음 각 호의 구분에 따른 국ㆍ공립학교에 두는 운영위원회 위원의 구성비율은 국립학교의 경우에는 학칙으로, 공립학교의 경우에는 시ㆍ도의 조례로 정하는 범위에서 위원회규정으로 달리 정할 수 있다. 이 경우 학부모위원, 교원위원 및 지역위원은 각각 1명 이상 포함되어야 한다.",위임,조례|미특정,3,"위원 구성비율을 학칙·조례가 정하는 범위에서 위원회규정으로 정하도록 규율권한을 넘기므로 위임이며, 조례 외 학칙·위원회규정은 목록에 없는 형식이어서 미특정으로 병기한다."
P04386,"④ 제2항 및 제3항에도 불구하고 다음 각 호의 구분에 따른 국ㆍ공립학교에 두는 운영위원회 위원의 구성비율은 국립학교의 경우에는 학칙으로, 공립학교의 경우에는 시ㆍ도의 조례로 정하는 범위에서 위원회규정으로 달리 정할 수 있다. 이 경우 학부모위원, 교원위원 및 지역위원은 각각 1명 이상 포함되어야 한다.",위임,조례,3,"시·도 조례로 정하는 범위에서 학칙·위원회규정이 달리 정하도록 규율권한을 넘기는 위임이며, 명시된 법령 형식은 조례이다."
P04387,"④ 제2항 및 제3항에도 불구하고 다음 각 호의 구분에 따른 국ㆍ공립학교에 두는 운영위원회 위원의 구성비율은 국립학교의 경우에는 학칙으로, 공립학교의 경우에는 시ㆍ도의 조례로 정하는 범위에서 위원회규정으로 달리 정할 수 있다. 이 경우 학부모위원, 교원위원 및 지역위원은 각각 1명 이상 포함되어야 한다.",위임,조례|미특정,3,"위원 구성비율을 학칙·조례가 정하는 범위에서 위원회규정으로 정하도록 규율권한을 넘기므로 위임이며, 조례 외 학칙·위원회규정은 목록상 미특정으로 병기한다."
P04388,"④ 제2항 및 제3항에도 불구하고 다음 각 호의 구분에 따른 국ㆍ공립학교에 두는 운영위원회 위원의 구성비율은 국립학교의 경우에는 학칙으로, 공립학교의 경우에는 시ㆍ도의 조례로 정하는 범위에서 위원회규정으로 달리 정할 수 있다. 이 경우 학부모위원, 교원위원 및 지역위원은 각각 1명 이상 포함되어야 한다.",위임,미특정|조례,3,위원 구성비율 결정권을 학칙·위원회규정(목록 외 형식이므로 미특정)과 시·도 조례가 정하는 범위로 넘기는 병기 위임이다.
P04389,"④ 제2항 및 제3항에도 불구하고 다음 각 호의 구분에 따른 국ㆍ공립학교에 두는 운영위원회 위원의 구성비율은 국립학교의 경우에는 학칙으로, 공립학교의 경우에는 시ㆍ도의 조례로 정하는 범위에서 위원회규정으로 달리 정할 수 있다. 이 경우 학부모위원, 교원위원 및 지역위원은 각각 1명 이상 포함되어야 한다.",위임,조례|미특정,3,"공립학교는 시·도 조례로 정하는 범위에서, 국립학교는 학칙·위원회규정 등 목록에 없는 형식으로 정하도록 규율권한을 넘기므로 조례와 미특정을 병기한다."
P04390,"④ 제2항 및 제3항에도 불구하고 다음 각 호의 구분에 따른 국ㆍ공립학교에 두는 운영위원회 위원의 구성비율은 국립학교의 경우에는 학칙으로, 공립학교의 경우에는 시ㆍ도의 조례로 정하는 범위에서 위원회규정으로 달리 정할 수 있다. 이 경우 학부모위원, 교원위원 및 지역위원은 각각 1명 이상 포함되어야 한다.",위임,조례|미특정,3,"공립학교는 시·도 조례가 정하는 범위에서, 국립학교는 학칙·위원회규정 등 법형식이 특정되지 않은 자치규범에 구성비율 규율을 넘기는 위임이다."
P04391,"④ 제2항 및 제3항에도 불구하고 다음 각 호의 구분에 따른 국ㆍ공립학교에 두는 운영위원회 위원의 구성비율은 국립학교의 경우에는 학칙으로, 공립학교의 경우에는 시ㆍ도의 조례로 정하는 범위에서 위원회규정으로 달리 정할 수 있다. 이 경우 학부모위원, 교원위원 및 지역위원은 각각 1명 이상 포함되어야 한다.",위임,조례|미특정,4,"공립학교는 시ㆍ도 조례로 정하는 범위에서, 국립학교는 학칙·위원회규정 등 목록에 없는 형식으로 정하도록 권한을 넘기므로 조례와 미특정을 병기한다."
P04392,"④ 제2항 및 제3항에도 불구하고 다음 각 호의 구분에 따른 국ㆍ공립학교에 두는 운영위원회 위원의 구성비율은 국립학교의 경우에는 학칙으로, 공립학교의 경우에는 시ㆍ도의 조례로 정하는 범위에서 위원회규정으로 달리 정할 수 있다. 이 경우 학부모위원, 교원위원 및 지역위원은 각각 1명 이상 포함되어야 한다.",위임,조례|미특정,3,"위원 구성비율을 학칙·위원회규정 및 시·도 조례로 정하도록 규율권한을 넘기므로 위임이며, 조례 외 학칙·위원회규정은 목록에 없는 형식이어서 미특정으로 병기한다."
P04393,"④ 제2항 및 제3항에도 불구하고 다음 각 호의 구분에 따른 국ㆍ공립학교에 두는 운영위원회 위원의 구성비율은 국립학교의 경우에는 학칙으로, 공립학교의 경우에는 시ㆍ도의 조례로 정하는 범위에서 위원회규정으로 달리 정할 수 있다. 이 경우 학부모위원, 교원위원 및 지역위원은 각각 1명 이상 포함되어야 한다.",위임,조례|미특정,4,"국립학교는 학칙, 공립학교는 시·도 조례가 정하는 범위에서 위원회규정으로 정하도록 규율권한을 넘기며, 학칙·위원회규정은 법형식 미특정에 해당한다."
P04394,"④ 제2항 및 제3항에도 불구하고 다음 각 호의 구분에 따른 국ㆍ공립학교에 두는 운영위원회 위원의 구성비율은 국립학교의 경우에는 학칙으로, 공립학교의 경우에는 시ㆍ도의 조례로 정하는 범위에서 위원회규정으로 달리 정할 수 있다. 이 경우 학부모위원, 교원위원 및 지역위원은 각각 1명 이상 포함되어야 한다.",위임,조례|미특정,3,"위원 구성비율 규율권한을 학칙·조례·위원회규정에 넘기는 위임이며, 목록상 법형식은 조례이고 학칙·위원회규정은 미특정으로 병기한다."
P04395,"④ 제2항 및 제3항에도 불구하고 다음 각 호의 구분에 따른 국ㆍ공립학교에 두는 운영위원회 위원의 구성비율은 국립학교의 경우에는 학칙으로, 공립학교의 경우에는 시ㆍ도의 조례로 정하는 범위에서 위원회규정으로 달리 정할 수 있다. 이 경우 학부모위원, 교원위원 및 지역위원은 각각 1명 이상 포함되어야 한다.",위임,조례|미특정,3,"위원 구성비율을 학칙·조례가 정하는 범위에서 위원회규정으로 달리 정하도록 규율권한을 넘기므로 위임이며, 조례 외 학칙·위원회규정은 목록에 없는 형식이어서 미특정으로 병기한다."
P04396,"④ 제2항 및 제3항에도 불구하고 다음 각 호의 구분에 따른 국ㆍ공립학교에 두는 운영위원회 위원의 구성비율은 국립학교의 경우에는 학칙으로, 공립학교의 경우에는 시ㆍ도의 조례로 정하는 범위에서 위원회규정으로 달리 정할 수 있다. 이 경우 학부모위원, 교원위원 및 지역위원은 각각 1명 이상 포함되어야 한다.",위임,조례|미특정,3,"조례로 정하는 범위에서 학칙·위원회규정으로 정하도록 위임하며, 학칙·위원회규정은 목록에 없는 형식이므로 미특정과 병기한다."
P04397,"④ 제2항 및 제3항에도 불구하고 다음 각 호의 구분에 따른 국ㆍ공립학교에 두는 운영위원회 위원의 구성비율은 국립학교의 경우에는 학칙으로, 공립학교의 경우에는 시ㆍ도의 조례로 정하는 범위에서 위원회규정으로 달리 정할 수 있다. 이 경우 학부모위원, 교원위원 및 지역위원은 각각 1명 이상 포함되어야 한다.",위임,조례|미특정,3,"위원 구성비율을 학칙·조례가 정하는 범위에서 위원회규정으로 정하도록 규율권한을 넘기며, 조례 외 학칙·위원회규정은 목록에 없는 형식이므로 미특정으로 병기한다."
P04398,"④ 제2항 및 제3항에도 불구하고 다음 각 호의 구분에 따른 국ㆍ공립학교에 두는 운영위원회 위원의 구성비율은 국립학교의 경우에는 학칙으로, 공립학교의 경우에는 시ㆍ도의 조례로 정하는 범위에서 위원회규정으로 달리 정할 수 있다. 이 경우 학부모위원, 교원위원 및 지역위원은 각각 1명 이상 포함되어야 한다.",위임,조례|미특정,3,"공립학교는 시·도 조례로, 국립학교는 학칙·위원회규정(목록 외 형식이므로 미특정)으로 위원 구성비율을 정하도록 규율권한을 넘긴다."
P04399,"④ 제2항 및 제3항에도 불구하고 다음 각 호의 구분에 따른 국ㆍ공립학교에 두는 운영위원회 위원의 구성비율은 국립학교의 경우에는 학칙으로, 공립학교의 경우에는 시ㆍ도의 조례로 정하는 범위에서 위원회규정으로 달리 정할 수 있다. 이 경우 학부모위원, 교원위원 및 지역위원은 각각 1명 이상 포함되어야 한다.",위임,조례|미특정,3,"공립학교는 시·도 조례가 정하는 범위에서, 국립학교는 학칙·위원회규정 등 목록에 없는 자치규범에 위원 구성비율 규율을 넘기는 위임이다."
P04400,"④ 제2항 및 제3항에도 불구하고 다음 각 호의 구분에 따른 국ㆍ공립학교에 두는 운영위원회 위원의 구성비율은 국립학교의 경우에는 학칙으로, 공립학교의 경우에는 시ㆍ도의 조례로 정하는 범위에서 위원회규정으로 달리 정할 수 있다. 이 경우 학부모위원, 교원위원 및 지역위원은 각각 1명 이상 포함되어야 한다.",위임,조례|미특정,3,"공립학교는 시·도 조례가 정하는 범위에서, 국립학교는 학칙·위원회규정 등 목록에 없는 형식으로 규율권한을 넘기는 위임이다."
P04401,"④ 제2항 및 제3항에도 불구하고 다음 각 호의 구분에 따른 국ㆍ공립학교에 두는 운영위원회 위원의 구성비율은 국립학교의 경우에는 학칙으로, 공립학교의 경우에는 시ㆍ도의 조례로 정하는 범위에서 위원회규정으로 달리 정할 수 있다. 이 경우 학부모위원, 교원위원 및 지역위원은 각각 1명 이상 포함되어야 한다.",위임,조례|미특정,4,"위원 구성비율을 학칙·조례가 정하는 범위에서 위원회규정으로 정하도록 규율권한을 넘기며, 조례 외 학칙·위원회규정은 지정 법형식 외이므로 미특정으로 병기한다."
P04402,"③ 국·공립학교에 두는 운영위원회는 국립학교의 경우에는 학칙으로, 공립학교의 경우에는 시·도의 조례로 정하는 바에 따라 학생 대표가 학생의 학교생활에 관련된 사항에 관하여 학생들의 의견을 수렴하여 운영위원회에 제안하게 할 수 있다.",위임,조례,3,"학칙과 시·도 조례에 학생 의견 수렴 절차의 규율을 맡기는 위임이며, 지정 목록상 법형식은 조례에 해당한다."
P04403,"③ 국·공립학교에 두는 운영위원회는 국립학교의 경우에는 학칙으로, 공립학교의 경우에는 시·도의 조례로 정하는 바에 따라 학생 대표가 학생의 학교생활에 관련된 사항에 관하여 학생들의 의견을 수렴하여 운영위원회에 제안하게 할 수 있다.",위임,미특정|조례,3,"학칙과 시·도 조례로 정하는 바에 따르도록 규율권한을 넘기는 위임이며, 학칙은 목록에 없는 형식이어서 미특정으로 병기했다."
P04404,"① 국ㆍ공립학교에 두는 운영위원회는 다음 각 호의 어느 하나에 해당하는 사항을 심의하려는 경우 국립학교의 경우에는 학칙으로, 공립학교의 경우에는 시ㆍ도의 조례로 정하는 바에 따라 미리 학부모의 의견을 수렴해야 한다.",위임,조례,4,"의견 수렴 방법을 국립학교는 학칙, 공립학교는 시·도 조례로 정하도록 규율권한을 넘기며, 지정 목록상 법형식은 조례이다."
P04405,"2. 그 밖에 국립학교의 경우에는 학칙으로, 공립학교의 경우에는 시·도의 조례로 미리 학부모의 의견을 수렴하도록 정한 사항",인용,해당없음,3,'정한 사항'은 학칙·조례에 이미 규정된 사항을 가리키는 완료형 인용으로 새로운 규율권한을 넘기는 문언이 아니다.
P04406,"③ 국·공립학교에 두는 운영위원회는 국립학교의 경우에는 학칙으로, 공립학교의 경우에는 시·도의 조례로 정하는 바에 따라 학생 대표가 학생의 학교생활에 관련된 사항에 관하여 학생들의 의견을 수렴하여 운영위원회에 제안하게 할 수 있다.",위임,조례,3,"학칙(목록 외 형식)과 시·도 조례에 세부 규율을 맡기는 위임으로, 지정된 법형식 중에서는 조례에 해당한다."
P04407,"① 국ㆍ공립학교에 두는 운영위원회는 다음 각 호의 어느 하나에 해당하는 사항을 심의하려는 경우 국립학교의 경우에는 학칙으로, 공립학교의 경우에는 시ㆍ도의 조례로 정하는 바에 따라 미리 학부모의 의견을 수렴해야 한다.",위임,미특정|조례,4,"의견 수렴 절차를 국립학교는 학칙(목록에 없는 형식이라 미특정), 공립학교는 시·도 조례로 정하도록 규율권한을 넘기는 병기 위임이다."
P04408,"2. 그 밖에 국립학교의 경우에는 학칙으로, 공립학교의 경우에는 시·도의 조례로 미리 학부모의 의견을 수렴하도록 정한 사항",인용,해당없음,3,완료형 '정한 사항'으로 이미 학칙·조례에 규정된 사항을 지시하는 인용이다.
P04409,"③ 국·공립학교에 두는 운영위원회는 국립학교의 경우에는 학칙으로, 공립학교의 경우에는 시·도의 조례로 정하는 바에 따라 학생 대표가 학생의 학교생활에 관련된 사항에 관하여 학생들의 의견을 수렴하여 운영위원회에 제안하게 할 수 있다.",위임,미특정|조례,3,"국립학교는 학칙(목록 외 형식이므로 미특정), 공립학교는 시·도 조례에 학생 의견수렴 절차의 규율을 맡기는 병기 위임이다."
P04410,"① 국ㆍ공립학교에 두는 운영위원회는 다음 각 호의 어느 하나에 해당하는 사항을 심의하려는 경우 국립학교의 경우에는 학칙으로, 공립학교의 경우에는 시ㆍ도의 조례로 정하는 바에 따라 미리 학부모의 의견을 수렴해야 한다.",위임,조례,4,"의견 수렴 절차를 공립학교의 경우 시·도 조례(국립학교는 학칙)로 정하도록 규율권한을 넘기는 위임이며, 목록상 법형식은 조례이다."
P04411,"2. 그 밖에 국립학교의 경우에는 학칙으로, 공립학교의 경우에는 시·도의 조례로 미리 학부모의 의견을 수렴하도록 정한 사항",위임,조례,3,"국립학교는 학칙, 공립학교는 시·도 조례로 의견 수렴 대상 사항을 정하도록 하는 부분 위임이며, 목록상 지정된 법형식은 조례이다."
P04412,"2. 그 밖에 국립학교의 경우에는 학칙으로, 공립학교의 경우에는 시·도의 조례로 미리 학부모의 의견을 수렴하도록 정한 사항",인용,해당없음,3,'정한 사항'이라는 완료형으로 학칙·조례에 이미 정해진 사항을 지시하는 인용에 해당한다.
P04413,"① 국ㆍ공립학교에 두는 운영위원회는 다음 각 호의 어느 하나에 해당하는 사항을 심의하려는 경우 국립학교의 경우에는 학칙으로, 공립학교의 경우에는 시ㆍ도의 조례로 정하는 바에 따라 미리 학부모의 의견을 수렴해야 한다.",위임,조례,4,"의견 수렴 절차를 공립학교는 시·도 조례로 정하도록 규율권한을 넘기는 위임이며, 병기된 '학칙'은 지정된 법형식 목록에 없어 조례로 판정한다."
P04414,"③ 국·공립학교에 두는 운영위원회는 국립학교의 경우에는 학칙으로, 공립학교의 경우에는 시·도의 조례로 정하는 바에 따라 학생 대표가 학생의 학교생활에 관련된 사항에 관하여 학생들의 의견을 수렴하여 운영위원회에 제안하게 할 수 있다.",위임,미특정|조례,3,"국립학교는 학칙(목록에 없는 형식이라 미특정), 공립학교는 시·도 조례로 정하도록 규율권한을 넘기는 병기 위임이다."
P04415,"2. 그 밖에 국립학교의 경우에는 학칙으로, 공립학교의 경우에는 시·도의 조례로 미리 학부모의 의견을 수렴하도록 정한 사항",인용,해당없음,3,'정한 사항'이라는 완료형으로 이미 학칙·조례에 규정된 사항을 지칭하는 인용에 해당한다.
P04416,"① 국ㆍ공립학교에 두는 운영위원회는 다음 각 호의 어느 하나에 해당하는 사항을 심의하려는 경우 국립학교의 경우에는 학칙으로, 공립학교의 경우에는 시ㆍ도의 조례로 정하는 바에 따라 미리 학부모의 의견을 수렴해야 한다.",위임,미특정|조례,4,"국립학교는 학칙(목록에 없는 형식이므로 미특정), 공립학교는 시·도 조례로 정하도록 규율권한을 넘기는 병기 위임이다."
P04417,"③ 국·공립학교에 두는 운영위원회는 국립학교의 경우에는 학칙으로, 공립학교의 경우에는 시·도의 조례로 정하는 바에 따라 학생 대표가 학생의 학교생활에 관련된 사항에 관하여 학생들의 의견을 수렴하여 운영위원회에 제안하게 할 수 있다.",위임,미특정|조례,3,"국립학교는 학칙, 공립학교는 시·도 조례로 정하도록 규율권한을 넘기며, 학칙은 지정 목록에 없어 미특정으로 병기한다."
P04418,"2. 그 밖에 국립학교의 경우에는 학칙으로, 공립학교의 경우에는 시·도의 조례로 미리 학부모의 의견을 수렴하도록 정한 사항",인용,해당없음,3,'정한 사항'이라는 완료형으로 학칙·조례에 이미 규정된 사항을 가리키는 인용에 해당한다.
P04419,"① 국ㆍ공립학교에 두는 운영위원회는 다음 각 호의 어느 하나에 해당하는 사항을 심의하려는 경우 국립학교의 경우에는 학칙으로, 공립학교의 경우에는 시ㆍ도의 조례로 정하는 바에 따라 미리 학부모의 의견을 수렴해야 한다.",위임,조례,4,"의견 수렴 절차를 국립은 학칙, 공립은 시·도 조례로 정하도록 규율권한을 넘기며, 지정 법형식 중 해당하는 것은 조례이다."
P04420,"③ 국·공립학교에 두는 운영위원회는 국립학교의 경우에는 학칙으로, 공립학교의 경우에는 시·도의 조례로 정하는 바에 따라 학생 대표가 학생의 학교생활에 관련된 사항에 관하여 학생들의 의견을 수렴하여 운영위원회에 제안하게 할 수 있다.",위임,미특정|조례,3,"국립학교는 학칙(목록 외 형식이므로 미특정), 공립학교는 시·도 조례로 정하도록 규율권한을 넘기는 위임이다."
P04421,"2. 그 밖에 국립학교의 경우에는 학칙으로, 공립학교의 경우에는 시·도의 조례로 미리 학부모의 의견을 수렴하도록 정한 사항",위임,조례,3,"국립학교는 학칙, 공립학교는 시·도 조례가 학부모 의견 수렴 사항을 정하도록 규율권한을 넘기고 있어 조례 위임으로 본다(학칙은 지정 법형식 목록 외)."
P04422,"① 국ㆍ공립학교에 두는 운영위원회는 다음 각 호의 어느 하나에 해당하는 사항을 심의하려는 경우 국립학교의 경우에는 학칙으로, 공립학교의 경우에는 시ㆍ도의 조례로 정하는 바에 따라 미리 학부모의 의견을 수렴해야 한다.",위임,조례,4,"공립학교의 경우 시·도 조례로 정하는 바에 따르도록 규율권한을 넘기는 위임이며(국립학교는 학칙으로 목록 외 형식), 지정된 법형식은 조례이다."
P04423,"③ 국·공립학교에 두는 운영위원회는 국립학교의 경우에는 학칙으로, 공립학교의 경우에는 시·도의 조례로 정하는 바에 따라 학생 대표가 학생의 학교생활에 관련된 사항에 관하여 학생들의 의견을 수렴하여 운영위원회에 제안하게 할 수 있다.",위임,미특정|조례,3,"국립학교는 학칙, 공립학교는 시·도 조례로 정하도록 규율권한을 넘기며, 학칙은 열거된 법형식에 없어 미특정으로 병기한다."
P04424,"① 국ㆍ공립학교에 두는 운영위원회는 다음 각 호의 어느 하나에 해당하는 사항을 심의하려는 경우 국립학교의 경우에는 학칙으로, 공립학교의 경우에는 시ㆍ도의 조례로 정하는 바에 따라 미리 학부모의 의견을 수렴해야 한다.",위임,조례,4,"학부모 의견 수렴 절차를 공립학교는 시·도 조례(국립학교는 학칙)로 정하도록 규율권한을 넘기므로 위임이며, 목록상 법형식은 조례이다."
P04425,"2. 그 밖에 국립학교의 경우에는 학칙으로, 공립학교의 경우에는 시·도의 조례로 미리 학부모의 의견을 수렴하도록 정한 사항",인용,해당없음,3,완료형 '정한 사항'으로 이미 학칙·조례에 규정된 내용을 가리키는 인용이다.
P04426,"① 국ㆍ공립학교에 두는 운영위원회는 다음 각 호의 어느 하나에 해당하는 사항을 심의하려는 경우 국립학교의 경우에는 학칙으로, 공립학교의 경우에는 시ㆍ도의 조례로 정하는 바에 따라 미리 학부모의 의견을 수렴해야 한다.",위임,조례,4,"공립학교의 의견 수렴 절차를 시·도 조례로 정하도록 규율권한을 넘기고 있으며(국립학교는 학칙), 지정된 법형식은 조례이다."
P04427,"③ 국·공립학교에 두는 운영위원회는 국립학교의 경우에는 학칙으로, 공립학교의 경우에는 시·도의 조례로 정하는 바에 따라 학생 대표가 학생의 학교생활에 관련된 사항에 관하여 학생들의 의견을 수렴하여 운영위원회에 제안하게 할 수 있다.",위임,미특정|조례,3,"국립학교는 학칙(목록 외 형식이므로 미특정), 공립학교는 시·도 조례로 정하도록 규율권한을 넘기는 병기 위임이다."
P04428,"2. 그 밖에 국립학교의 경우에는 학칙으로, 공립학교의 경우에는 시·도의 조례로 미리 학부모의 의견을 수렴하도록 정한 사항",위임,조례,3,"국립학교 학칙 및 공립학교 시·도 조례에 학부모 의견 수렴 대상 사항의 결정을 맡기는 위임으로, 법형식 목록상 조례가 해당된다."
P04429,"① 국ㆍ공립학교에 두는 운영위원회는 다음 각 호의 어느 하나에 해당하는 사항을 심의하려는 경우 국립학교의 경우에는 학칙으로, 공립학교의 경우에는 시ㆍ도의 조례로 정하는 바에 따라 미리 학부모의 의견을 수렴해야 한다.",위임,미특정|조례,4,"국립학교는 학칙(목록에 없는 형식이므로 미특정), 공립학교는 시·도 조례로 정하도록 규율권한을 병기하여 넘긴다."
P04430,"③ 국·공립학교에 두는 운영위원회는 국립학교의 경우에는 학칙으로, 공립학교의 경우에는 시·도의 조례로 정하는 바에 따라 학생 대표가 학생의 학교생활에 관련된 사항에 관하여 학생들의 의견을 수렴하여 운영위원회에 제안하게 할 수 있다.",위임,미특정|조례,3,"국립학교는 학칙, 공립학교는 시·도 조례로 정하도록 규율권한을 넘기며 학칙은 지정 목록에 없어 미특정으로 처리한다."
P04431,"2. 그 밖에 국립학교의 경우에는 학칙으로, 공립학교의 경우에는 시·도의 조례로 미리 학부모의 의견을 수렴하도록 정한 사항",인용,해당없음,3,완료형 '정한 사항'으로 학칙·조례가 이미 정한 사항을 가리키는 인용에 해당한다.
P04432,"① 국ㆍ공립학교에 두는 운영위원회는 다음 각 호의 어느 하나에 해당하는 사항을 심의하려는 경우 국립학교의 경우에는 학칙으로, 공립학교의 경우에는 시ㆍ도의 조례로 정하는 바에 따라 미리 학부모의 의견을 수렴해야 한다.",위임,조례,4,공립학교의 의견 수렴 방법을 시·도 조례로 정하도록 규율권한을 넘기는 위임이다(국립학교 부분의 학칙은 지정 법형식 목록 외).
P04433,"③ 국·공립학교에 두는 운영위원회는 국립학교의 경우에는 학칙으로, 공립학교의 경우에는 시·도의 조례로 정하는 바에 따라 학생 대표가 학생의 학교생활에 관련된 사항에 관하여 학생들의 의견을 수렴하여 운영위원회에 제안하게 할 수 있다.",위임,미특정|조례,3,"국립학교는 학칙, 공립학교는 시·도 조례로 정하는 바에 따르도록 규율권한을 넘기며, 학칙은 열거된 법형식에 없어 미특정으로 처리해 조례와 병기한다."
P04434,"2. 그 밖에 국립학교의 경우에는 학칙으로, 공립학교의 경우에는 시·도의 조례로 미리 학부모의 의견을 수렴하도록 정한 사항",인용,해당없음,4,완료형 '정한 사항'으로 이미 학칙·조례에 규정된 사항을 가리키는 인용이다.
P04435,"① 국ㆍ공립학교에 두는 운영위원회는 다음 각 호의 어느 하나에 해당하는 사항을 심의하려는 경우 국립학교의 경우에는 학칙으로, 공립학교의 경우에는 시ㆍ도의 조례로 정하는 바에 따라 미리 학부모의 의견을 수렴해야 한다.",위임,조례,4,"의견 수렴 방법을 국립은 학칙, 공립은 시·도 조례로 정하도록 규율권한을 넘기며 제시된 법형식 중에는 조례가 해당한다."
P04436,"③ 국·공립학교에 두는 운영위원회는 국립학교의 경우에는 학칙으로, 공립학교의 경우에는 시·도의 조례로 정하는 바에 따라 학생 대표가 학생의 학교생활에 관련된 사항에 관하여 학생들의 의견을 수렴하여 운영위원회에 제안하게 할 수 있다.",위임,미특정|조례,3,"국립학교는 학칙, 공립학교는 시·도 조례에 의견수렴 절차 규율을 맡기는 위임이며 학칙은 지정 목록에 없어 미특정으로 병기했다."
P04437,"2. 그 밖에 국립학교의 경우에는 학칙으로, 공립학교의 경우에는 시·도의 조례로 미리 학부모의 의견을 수렴하도록 정한 사항",인용,해당없음,3,완료형 '정한 사항'으로 학칙·조례에 이미 규정된 사항을 가리키는 인용에 해당한다.
P04438,"① 국ㆍ공립학교에 두는 운영위원회는 다음 각 호의 어느 하나에 해당하는 사항을 심의하려는 경우 국립학교의 경우에는 학칙으로, 공립학교의 경우에는 시ㆍ도의 조례로 정하는 바에 따라 미리 학부모의 의견을 수렴해야 한다.",위임,조례,4,"의견 수렴 절차를 국립학교는 학칙, 공립학교는 시·도 조례로 정하도록 규율권한을 넘기며, 제시된 법형식 중에는 조례가 해당한다."
P04439,"③ 국·공립학교에 두는 운영위원회는 국립학교의 경우에는 학칙으로, 공립학교의 경우에는 시·도의 조례로 정하는 바에 따라 학생 대표가 학생의 학교생활에 관련된 사항에 관하여 학생들의 의견을 수렴하여 운영위원회에 제안하게 할 수 있다.",위임,미특정|조례,3,"국립학교는 학칙(목록 외 형식이므로 미특정), 공립학교는 시·도 조례에 세부 사항을 맡기는 위임이다."
P04440,"① 국ㆍ공립학교에 두는 운영위원회는 다음 각 호의 어느 하나에 해당하는 사항을 심의하려는 경우 국립학교의 경우에는 학칙으로, 공립학교의 경우에는 시ㆍ도의 조례로 정하는 바에 따라 미리 학부모의 의견을 수렴해야 한다.",위임,미특정|조례,4,"의견 수렴 절차를 국립학교는 학칙(목록 외 형식이므로 미특정), 공립학교는 시·도 조례로 정하도록 규율권한을 넘기는 위임이다."
P04441,"2. 그 밖에 국립학교의 경우에는 학칙으로, 공립학교의 경우에는 시·도의 조례로 미리 학부모의 의견을 수렴하도록 정한 사항",인용,해당없음,4,완료형 '정한 사항'으로 이미 학칙·조례에 규정된 사항을 지시하는 인용이다.
P04442,"① 국ㆍ공립학교에 두는 운영위원회는 다음 각 호의 어느 하나에 해당하는 사항을 심의하려는 경우 국립학교의 경우에는 학칙으로, 공립학교의 경우에는 시ㆍ도의 조례로 정하는 바에 따라 미리 학부모의 의견을 수렴해야 한다.",위임,조례,4,공립학교의 경우 시·도 조례로 정하는 바에 따르도록 규율권한을 넘기는 위임이다(국립학교는 학칙으로 별도 규정).
P04443,"③ 국·공립학교에 두는 운영위원회는 국립학교의 경우에는 학칙으로, 공립학교의 경우에는 시·도의 조례로 정하는 바에 따라 학생 대표가 학생의 학교생활에 관련된 사항에 관하여 학생들의 의견을 수렴하여 운영위원회에 제안하게 할 수 있다.",위임,미특정|조례,3,"국립학교는 학칙, 공립학교는 시·도 조례로 정하는 바에 따르도록 규율권한을 넘기며, 학칙은 열거된 법형식이 아니어서 미특정으로 병기했다."
P04444,"2. 그 밖에 국립학교의 경우에는 학칙으로, 공립학교의 경우에는 시·도의 조례로 미리 학부모의 의견을 수렴하도록 정한 사항",인용,해당없음,3,완료형 '정한 사항'으로 학칙·조례에 이미 규정된 사항을 가리키는 인용이다.
P04445,"③ 국·공립학교에 두는 운영위원회는 국립학교의 경우에는 학칙으로, 공립학교의 경우에는 시·도의 조례로 정하는 바에 따라 학생 대표가 학생의 학교생활에 관련된 사항에 관하여 학생들의 의견을 수렴하여 운영위원회에 제안하게 할 수 있다.",위임,미특정|조례,3,"국립학교는 학칙(목록에 없는 형식이므로 미특정), 공립학교는 시·도 조례에 세부 사항을 정하도록 넘기는 위임이다."
P04446,"2. 그 밖에 국립학교의 경우에는 학칙으로, 공립학교의 경우에는 시·도의 조례로 미리 학부모의 의견을 수렴하도록 정한 사항",인용,해당없음,3,'정한 사항'이라는 완료형으로 이미 학칙·조례에 규정된 사항을 지시하는 인용이다.
P04447,"① 국ㆍ공립학교에 두는 운영위원회는 다음 각 호의 어느 하나에 해당하는 사항을 심의하려는 경우 국립학교의 경우에는 학칙으로, 공립학교의 경우에는 시ㆍ도의 조례로 정하는 바에 따라 미리 학부모의 의견을 수렴해야 한다.",위임,미특정|조례,4,"의견 수렴 절차를 국립학교는 학칙(법형식 미특정), 공립학교는 시·도 조례에 정하도록 병기 위임한다."
P04448,"③ 국·공립학교에 두는 운영위원회는 국립학교의 경우에는 학칙으로, 공립학교의 경우에는 시·도의 조례로 정하는 바에 따라 학생 대표가 학생의 학교생활에 관련된 사항에 관하여 학생들의 의견을 수렴하여 운영위원회에 제안하게 할 수 있다.",위임,조례,3,"학칙과 시·도 조례로 정하는 바에 따르도록 규율권한을 넘기며, 지정 가능한 법형식은 조례이다."
P04449,"2. 그 밖에 국립학교의 경우에는 학칙으로, 공립학교의 경우에는 시·도의 조례로 미리 학부모의 의견을 수렴하도록 정한 사항",인용,해당없음,3,완료형 '정한 사항'으로 이미 학칙·조례에 규정된 사항을 가리키는 인용이다.
P04450,"① 국ㆍ공립학교에 두는 운영위원회는 다음 각 호의 어느 하나에 해당하는 사항을 심의하려는 경우 국립학교의 경우에는 학칙으로, 공립학교의 경우에는 시ㆍ도의 조례로 정하는 바에 따라 미리 학부모의 의견을 수렴해야 한다.",위임,조례,4,공립학교의 학부모 의견 수렴 절차를 시·도 조례로 정하도록 규율권한을 넘기는 위임이다(국립학교 부분은 학칙).
P04451,"③ 국·공립학교에 두는 운영위원회는 국립학교의 경우에는 학칙으로, 공립학교의 경우에는 시·도의 조례로 정하는 바에 따라 학생 대표가 학생의 학교생활에 관련된 사항에 관하여 학생들의 의견을 수렴하여 운영위원회에 제안하게 할 수 있다.",위임,미특정|조례,3,"국립학교는 학칙(목록 외 형식이므로 미특정), 공립학교는 시·도 조례로 정하도록 규율권한을 넘기는 병기 위임이다."
P04452,"② 제1항에 따른 소위원회의 구성 및 운영에 필요한 사항은 국립학교의 경우에는 학칙으로, 공립학교의 경우에는 시·도의 조례로 정한다.",위임,미특정|조례,4,"국립학교는 학칙(목록에 없는 형식이므로 미특정), 공립학교는 시·도 조례로 정하도록 규율권한을 넘기는 병기 위임이다."
P04453,"② 제1항에 따른 소위원회의 구성 및 운영에 필요한 사항은 국립학교의 경우에는 학칙으로, 공립학교의 경우에는 시·도의 조례로 정한다.",위임,미특정|조례,4,학칙(목록에 없는 형식이므로 미특정)과 시·도 조례 두 가지에 규율권한을 넘기는 위임이다.
P04454,"② 제1항에 따른 소위원회의 구성 및 운영에 필요한 사항은 국립학교의 경우에는 학칙으로, 공립학교의 경우에는 시·도의 조례로 정한다.",위임,미특정|조례,4,"소위원회 구성·운영 사항을 국립학교는 학칙(목록에 없는 형식이므로 미특정), 공립학교는 시·도 조례에 위임한다."
P04455,"② 제1항에 따른 소위원회의 구성 및 운영에 필요한 사항은 국립학교의 경우에는 학칙으로, 공립학교의 경우에는 시·도의 조례로 정한다.",위임,미특정|조례,4,소위원회 구성·운영 사항을 학칙(목록에 없는 형식이므로 미특정)과 시·도 조례에 병기하여 위임한다.
P04456,"② 제1항에 따른 소위원회의 구성 및 운영에 필요한 사항은 국립학교의 경우에는 학칙으로, 공립학교의 경우에는 시·도의 조례로 정한다.",위임,미특정|조례,4,"국립학교는 학칙(목록에 없는 형식이므로 미특정), 공립학교는 시·도 조례로 정하도록 규율권한을 넘기는 병기 위임이다."
P04457,"② 제1항에 따른 소위원회의 구성 및 운영에 필요한 사항은 국립학교의 경우에는 학칙으로, 공립학교의 경우에는 시·도의 조례로 정한다.",위임,미특정|조례,4,소위원회 구성·운영 사항을 학칙(목록 외 형식이므로 미특정)과 시·도 조례에 넘기는 병기 위임이다.
P04458,"② 제1항에 따른 소위원회의 구성 및 운영에 필요한 사항은 국립학교의 경우에는 학칙으로, 공립학교의 경우에는 시·도의 조례로 정한다.",위임,미특정|조례,4,"국립학교는 학칙(목록에 없는 형식이므로 미특정), 공립학교는 시·도 조례에 규율권한을 넘기는 위임이다."
P04459,"② 제1항에 따른 소위원회의 구성 및 운영에 필요한 사항은 국립학교의 경우에는 학칙으로, 공립학교의 경우에는 시·도의 조례로 정한다.",위임,조례,4,"소위원회 구성·운영 사항의 규율권한을 학칙과 시·도 조례에 넘기는 위임이며, 목록상 법형식은 조례에 해당한다."
P04460,"② 제1항에 따른 소위원회의 구성 및 운영에 필요한 사항은 국립학교의 경우에는 학칙으로, 공립학교의 경우에는 시·도의 조례로 정한다.",위임,미특정|조례,4,"국립학교는 학칙(목록에 없는 형식이므로 미특정), 공립학교는 시·도 조례로 정하도록 규율권한을 병기하여 넘긴다."
P04461,"② 제1항에 따른 소위원회의 구성 및 운영에 필요한 사항은 국립학교의 경우에는 학칙으로, 공립학교의 경우에는 시·도의 조례로 정한다.",위임,미특정|조례,4,"소위원회 구성·운영 사항을 국립학교는 학칙(목록에 없는 형식이라 미특정), 공립학교는 시·도 조례에 넘기는 위임이다."
P04462,"② 제1항에 따른 소위원회의 구성 및 운영에 필요한 사항은 국립학교의 경우에는 학칙으로, 공립학교의 경우에는 시·도의 조례로 정한다.",위임,조례,3,"소위원회 구성·운영 사항을 학칙과 시·도 조례에 넘기는 위임이며, 목록상 지정 가능한 법형식은 조례이다."
P04463,"② 제1항에 따른 소위원회의 구성 및 운영에 필요한 사항은 국립학교의 경우에는 학칙으로, 공립학교의 경우에는 시·도의 조례로 정한다.",위임,조례,4,"소위원회 구성·운영 사항을 학칙과 시·도 조례에 넘기는 위임으로, 지정 가능한 법형식은 조례이다."
P04464,"② 제1항에 따른 소위원회의 구성 및 운영에 필요한 사항은 국립학교의 경우에는 학칙으로, 공립학교의 경우에는 시·도의 조례로 정한다.",위임,미특정|조례,4,"국립학교는 학칙(목록에 없는 형식이라 미특정), 공립학교는 시·도 조례에 구성·운영 사항을 넘기는 병기 위임이다."
P04465,"② 제1항에 따른 소위원회의 구성 및 운영에 필요한 사항은 국립학교의 경우에는 학칙으로, 공립학교의 경우에는 시·도의 조례로 정한다.",위임,미특정|조례,4,소위원회 구성·운영 사항을 학칙(목록에 없는 형식이므로 미특정)과 시·도 조례에 각각 위임하고 있다.
P04466,"② 제1항에 따른 소위원회의 구성 및 운영에 필요한 사항은 국립학교의 경우에는 학칙으로, 공립학교의 경우에는 시·도의 조례로 정한다.",위임,미특정|조례,4,"국립학교는 학칙(목록에 없는 형식이므로 미특정), 공립학교는 시·도 조례로 정하도록 규율권한을 넘기는 병기 위임이다."
P04467,"② 제1항에 따른 소위원회의 구성 및 운영에 필요한 사항은 국립학교의 경우에는 학칙으로, 공립학교의 경우에는 시·도의 조례로 정한다.",위임,미특정|조례,4,소위원회 구성·운영 사항을 학칙(목록에 없는 형식이므로 미특정)과 시·도 조례에 병기하여 위임한다.
P04468,"② 제1항에 따른 소위원회의 구성 및 운영에 필요한 사항은 국립학교의 경우에는 학칙으로, 공립학교의 경우에는 시·도의 조례로 정한다.",위임,미특정|조례,4,"국립학교는 학칙(지정 목록 외 형식이라 미특정), 공립학교는 시·도 조례로 정하도록 규율권한을 넘기는 병기 위임이다."
P04469,"국·공립학교에 두는 운영위원회의 구성 및 운영에 관하여 이 영에서 규정하지 아니한 사항은 국립학교의 경우에는 학칙으로, 공립학교의 경우에는 시·도의 조례로 정한다.",위임,조례,4,"이 영에서 규정하지 않은 사항을 학칙과 시·도 조례에 넘기는 위임이며, 지정된 법형식 중 해당하는 것은 조례이다."
P04470,"국·공립학교에 두는 운영위원회의 구성 및 운영에 관하여 이 영에서 규정하지 아니한 사항은 국립학교의 경우에는 학칙으로, 공립학교의 경우에는 시·도의 조례로 정한다.",위임,조례,4,"이 영에서 규정하지 않은 사항을 학칙과 시·도 조례에 넘기는 위임으로, 지정된 법형식 중 해당하는 것은 조례이다."
P04471,"국·공립학교에 두는 운영위원회의 구성 및 운영에 관하여 이 영에서 규정하지 아니한 사항은 국립학교의 경우에는 학칙으로, 공립학교의 경우에는 시·도의 조례로 정한다.",위임,조례,4,"이 영에서 정하지 않은 사항을 학칙과 시·도 조례에 넘기는 위임이며, 지정된 법형식 중 해당하는 것은 조례이다."
P04472,"국·공립학교에 두는 운영위원회의 구성 및 운영에 관하여 이 영에서 규정하지 아니한 사항은 국립학교의 경우에는 학칙으로, 공립학교의 경우에는 시·도의 조례로 정한다.",위임,조례,4,이 영에서 규정하지 않은 사항을 학칙과 시·도 조례에 넘기는 위임이며 법형식으로는 조례가 명시되었다.
P04473,"국·공립학교에 두는 운영위원회의 구성 및 운영에 관하여 이 영에서 규정하지 아니한 사항은 국립학교의 경우에는 학칙으로, 공립학교의 경우에는 시·도의 조례로 정한다.",위임,조례,4,"이 영에서 규정하지 않은 사항을 학칙과 시·도 조례에 넘기는 위임이며, 지정된 법형식 중 해당하는 것은 조례이다."
P04474,"국·공립학교에 두는 운영위원회의 구성 및 운영에 관하여 이 영에서 규정하지 아니한 사항은 국립학교의 경우에는 학칙으로, 공립학교의 경우에는 시·도의 조례로 정한다.",위임,조례,4,"이 영에서 규정하지 않은 사항을 학칙과 시·도 조례에 넘기는 위임이며, 지정된 법형식 중 해당하는 것은 조례이다."
P04475,"국·공립학교에 두는 운영위원회의 구성 및 운영에 관하여 이 영에서 규정하지 아니한 사항은 국립학교의 경우에는 학칙으로, 공립학교의 경우에는 시·도의 조례로 정한다.",위임,조례,4,"이 영에서 정하지 않은 사항을 학칙과 시·도 조례에 넘기는 위임이며, 지정된 법형식 중에는 조례가 해당한다."
P04476,"국·공립학교에 두는 운영위원회의 구성 및 운영에 관하여 이 영에서 규정하지 아니한 사항은 국립학교의 경우에는 학칙으로, 공립학교의 경우에는 시·도의 조례로 정한다.",위임,조례,4,"이 영에서 정하지 않은 사항을 학칙과 시·도 조례에 넘기는 위임이며, 지정된 법형식 중 해당하는 것은 조례이다."
P04477,"국·공립학교에 두는 운영위원회의 구성 및 운영에 관하여 이 영에서 규정하지 아니한 사항은 국립학교의 경우에는 학칙으로, 공립학교의 경우에는 시·도의 조례로 정한다.",위임,미특정|조례,4,"이 영에서 정하지 않은 사항을 국립학교는 학칙(목록에 없는 형식이므로 미특정), 공립학교는 시·도 조례로 정하도록 규율권한을 넘긴다."
P04478,"국·공립학교에 두는 운영위원회의 구성 및 운영에 관하여 이 영에서 규정하지 아니한 사항은 국립학교의 경우에는 학칙으로, 공립학교의 경우에는 시·도의 조례로 정한다.",위임,미특정|조례,4,"이 영에서 정하지 않은 사항을 국립학교는 학칙(목록에 없는 형식이므로 미특정), 공립학교는 시·도 조례에 넘기는 병기 위임이다."
P04479,"국·공립학교에 두는 운영위원회의 구성 및 운영에 관하여 이 영에서 규정하지 아니한 사항은 국립학교의 경우에는 학칙으로, 공립학교의 경우에는 시·도의 조례로 정한다.",위임,미특정|조례,4,"학칙과 시·도 조례에 규율권한을 넘기는 위임이며, 학칙은 지정 목록에 없어 미특정으로 처리해 병기했다."
P04480,"국·공립학교에 두는 운영위원회의 구성 및 운영에 관하여 이 영에서 규정하지 아니한 사항은 국립학교의 경우에는 학칙으로, 공립학교의 경우에는 시·도의 조례로 정한다.",위임,조례,4,"이 영에서 정하지 않은 사항을 학칙과 시·도 조례에 넘기는 위임이며, 명시된 법형식은 조례이다(학칙은 법형식 목록에 없음)."
P04481,"국·공립학교에 두는 운영위원회의 구성 및 운영에 관하여 이 영에서 규정하지 아니한 사항은 국립학교의 경우에는 학칙으로, 공립학교의 경우에는 시·도의 조례로 정한다.",위임,조례,4,"이 영에서 정하지 않은 사항을 학칙과 시·도 조례에 넘기는 위임이며, 명시된 법형식은 조례이다(학칙은 법형식 목록에 없음)."
P04482,"국·공립학교에 두는 운영위원회의 구성 및 운영에 관하여 이 영에서 규정하지 아니한 사항은 국립학교의 경우에는 학칙으로, 공립학교의 경우에는 시·도의 조례로 정한다.",위임,조례,4,"이 영에서 규정하지 않은 사항을 학칙과 시·도 조례에 넘기는 위임이며, 지정된 법형식 중 해당하는 것은 조례이다."
P04483,"국·공립학교에 두는 운영위원회의 구성 및 운영에 관하여 이 영에서 규정하지 아니한 사항은 국립학교의 경우에는 학칙으로, 공립학교의 경우에는 시·도의 조례로 정한다.",위임,미특정|조례,4,이 영에서 정하지 않은 사항을 학칙(형식 미특정)과 시·도 조례에 각각 넘기는 병기 위임이다.
P04484,"국·공립학교에 두는 운영위원회의 구성 및 운영에 관하여 이 영에서 규정하지 아니한 사항은 국립학교의 경우에는 학칙으로, 공립학교의 경우에는 시·도의 조례로 정한다.",위임,조례,4,"이 영에서 규정하지 않은 사항을 학칙과 시·도 조례에 넘기는 위임이며, 지정된 법형식 중 조례가 해당한다."
P04485,"국·공립학교에 두는 운영위원회의 구성 및 운영에 관하여 이 영에서 규정하지 아니한 사항은 국립학교의 경우에는 학칙으로, 공립학교의 경우에는 시·도의 조례로 정한다.",위임,조례,4,"이 영에서 규정하지 않은 사항을 학칙과 시·도 조례에 넘기는 위임이며, 지정된 법형식 중 해당하는 것은 조례이다."
P04486,교육부령이 정하는,판단불가,부령,2,문장이 '교육부령이 정하는'에서 잘려 위임 여부를 확정할 수 없으나 표지어구상 법형식은 부령이다.
P04487,사항은 교육부령으로,판단불가,부령,3,문장이 '사항은 교육부령으로'에서 잘려 종결 문언이 없어 위임 여부를 확정할 수 없으나 표지어구는 교육부령이다.
P04488,사항은 교육부령으로,판단불가,부령,3,문장이 중간에서 잘려 서술어가 없어 위임 여부를 확정할 수 없으나 표지어구상 교육부령(부령)이 언급된다.
P04489,사항은 교육부령으로,판단불가,부령,3,문장이 중간에서 잘려 종결부가 없어 위임 여부를 확정할 수 없으나 표지어구로 교육부령이 지시되어 있다.
P04490,사항은 교육부령으로,판단불가,부령,3,문장이 중간에서 잘려 종결 서술어가 없어 위임 여부를 확정할 수 없으나 표지어구는 교육부령이다.
P04491,사항은 교육부령으로,판단불가,부령,2,문장이 '사항은 교육부령으로'에서 잘려 종결부가 없어 위임 여부를 확정할 수 없으나 표지어구는 교육부령(부령)이다.
P04492,사항은 교육부령으로,판단불가,부령,3,문장이 중간에서 잘려 종결 형태를 확인할 수 없어 위임 여부를 확정할 수 없으나 표지어구는 교육부령(부령)이다.
P04493,사항은 교육부령으로,판단불가,부령,3,문장이 중간에서 잘려 종결부가 없어 위임인지 확정할 수 없으나 표지어구는 교육부령이다.
P04494,사항은 교육부령으로,판단불가,부령,2,"문장이 중간에서 잘려 종결부와 위임 대상이 확인되지 않아 판정이 불가하나, 표지어구상 교육부령이 언급된다."
P04495,사항은 교육부령으로,판단불가,부령,2,문장이 '사항은 교육부령으로'에서 끊겨 종결부(정한다 등)가 없어 위임 여부를 확정할 수 없으나 표지어구는 교육부령이다.
P04496,사항은 교육부령으로,판단불가,부령,2,"문장이 중간에서 잘려 서술어가 없어 위임 여부를 확정할 수 없으나, 문언에 교육부령이 명시되어 있다."
P04497,사항은 교육부령으로,판단불가,부령,3,문장이 '사항은 교육부령으로'에서 잘려 종결부가 없어 위임 여부를 확정할 수 없으나 표지어구상 교육부령(부령) 관련 조항으로 보인다.
P04498,사항은 교육부령으로,판단불가,부령,3,"문장이 중간에서 잘려 서술어와 위임 대상이 확인되지 않아 판정이 불가하나, 명시된 법형식은 교육부령이다."
P04499,"중학교 학생의 입학, 재취학 또는 편입학은 해당 학교의 교육과정 이수에 지장이 없는 범위에서 수시로 할 수 있다. 다만, 제77조제2항에 따라 시·도 조례로 정하는 지역에서의 편입학 시기는 교육감이 정할 수 있다.",위임,조례|미특정,3,"편입학 시기를 형식 미지정으로 교육감에게 맡기고, 대상 지역은 시·도 조례로 정하도록 하여 두 형식이 병기된 위임이다."
P04500,"중학교 학생의 입학, 재취학 또는 편입학은 해당 학교의 교육과정 이수에 지장이 없는 범위에서 수시로 할 수 있다. 다만, 제77조제2항에 따라 시·도 조례로 정하는 지역에서의 편입학 시기는 교육감이 정할 수 있다.",위임,미특정,3,"편입학 시기를 교육감이 정하도록 규율권한을 넘기며 법형식을 지정하지 않았고, 조례 부분은 제77조제2항을 원용한 인용에 해당한다."
P04501,"중학교 학생의 입학, 재취학 또는 편입학은 해당 학교의 교육과정 이수에 지장이 없는 범위에서 수시로 할 수 있다. 다만, 제77조제2항에 따라 시·도 조례로 정하는 지역에서의 편입학 시기는 교육감이 정할 수 있다.",위임,미특정,4,"단서에서 편입학 시기를 교육감이 정하도록 규율권한을 넘기되 법형식을 지정하지 않았고, '시·도 조례로 정하는 지역'은 제77조제2항을 가리키는 인용에 그친다."
P04502,"중학교 학생의 입학, 재취학 또는 편입학은 해당 학교의 교육과정 이수에 지장이 없는 범위에서 수시로 할 수 있다. 다만, 제77조제2항에 따라 시·도 조례로 정하는 지역에서의 편입학 시기는 교육감이 정할 수 있다.",위임,미특정,4,"단서에서 편입학 시기를 교육감이 정하도록 규율권한을 넘기나 법형식을 지정하지 않았고, '시·도 조례로 정하는 지역'은 제77조제2항을 가리키는 인용에 그친다."
P04503,"중학교 학생의 입학, 재취학 또는 편입학은 해당 학교의 교육과정 이수에 지장이 없는 범위에서 수시로 할 수 있다. 다만, 제77조제2항에 따라 시·도 조례로 정하는 지역에서의 편입학 시기는 교육감이 정할 수 있다.",위임,미특정,3,"단서에서 편입학 시기를 교육감이 정할 수 있도록 규율권한을 넘기며 법형식은 지정하지 않았고, '조례로 정하는 지역'은 제77조제2항 인용에 불과하다."
P04504,"중학교 학생의 입학, 재취학 또는 편입학은 해당 학교의 교육과정 이수에 지장이 없는 범위에서 수시로 할 수 있다. 다만, 제77조제2항에 따라 시·도 조례로 정하는 지역에서의 편입학 시기는 교육감이 정할 수 있다.",위임,미특정,4,"단서에서 편입학 시기를 교육감이 정하도록 규율권한을 넘기며 법형식은 지정하지 않았고, '시·도 조례로 정하는 지역'은 제77조제2항을 인용한 부분이다."
P04505,"중학교 학생의 입학, 재취학 또는 편입학은 해당 학교의 교육과정 이수에 지장이 없는 범위에서 수시로 할 수 있다. 다만, 제77조제2항에 따라 시·도 조례로 정하는 지역에서의 편입학 시기는 교육감이 정할 수 있다.",위임,미특정,3,"단서에서 편입학 시기를 교육감이 정하도록 규율권한을 넘기되 법형식을 지정하지 않았고, '조례로 정하는 지역'은 제77조제2항의 원용에 불과하다."
P04506,"중학교 학생의 입학, 재취학 또는 편입학은 해당 학교의 교육과정 이수에 지장이 없는 범위에서 수시로 할 수 있다. 다만, 제77조제2항에 따라 시·도 조례로 정하는 지역에서의 편입학 시기는 교육감이 정할 수 있다.",위임,조례|미특정,3,"편입학 시기 대상 지역은 시·도 조례에, 그 시기는 법형식을 지정하지 않고 교육감이 정하도록 규율권한을 넘긴다."
P04507,"중학교 학생의 입학, 재취학 또는 편입학은 해당 학교의 교육과정 이수에 지장이 없는 범위에서 수시로 할 수 있다. 다만, 제77조제2항에 따라 시·도 조례로 정하는 지역에서의 편입학 시기는 교육감이 정할 수 있다.",위임,미특정,4,"단서에서 편입학 시기를 교육감이 정하도록 규율권한을 넘기되 법형식을 지정하지 않았고, '조례로 정하는 지역'은 제77조제2항을 가리키는 인용에 그친다."
P04508,"중학교 학생의 입학, 재취학 또는 편입학은 해당 학교의 교육과정 이수에 지장이 없는 범위에서 수시로 할 수 있다. 다만, 제77조제2항에 따라 시·도 조례로 정하는 지역에서의 편입학 시기는 교육감이 정할 수 있다.",위임,미특정,4,"단서에서 편입학 시기를 교육감이 정하도록 법형식 없이 위임하고, 조례 부분은 제77조제2항의 인용적 참조에 그친다."
P04509,"중학교 학생의 입학, 재취학 또는 편입학은 해당 학교의 교육과정 이수에 지장이 없는 범위에서 수시로 할 수 있다. 다만, 제77조제2항에 따라 시·도 조례로 정하는 지역에서의 편입학 시기는 교육감이 정할 수 있다.",위임,미특정,3,"편입학 시기를 교육감이 정할 수 있도록 법형식을 특정하지 않고 위임하며, '시·도 조례로 정하는 지역'은 제77조제2항을 원용한 인용에 해당한다."
P04510,"②제1항의 규정에 의한 중학교입학추첨관리위원회는 교육장이 임명 또는 위촉하는 5인 내지 7인의 위원으로 구성하되, 그 구성 및 운영에 관하여 필요한 사항은 시·도별 교육규칙으로 정한다.",위임,교육규칙,5,구성·운영에 필요한 사항을 시·도별 교육규칙으로 정하도록 규율권한을 넘긴다.
P04511,"②제1항의 규정에 의한 중학교입학추첨관리위원회는 교육장이 임명 또는 위촉하는 5인 내지 7인의 위원으로 구성하되, 그 구성 및 운영에 관하여 필요한 사항은 시·도별 교육규칙으로 정한다.",위임,교육규칙,5,구성·운영에 필요한 사항을 시·도별 교육규칙으로 정하도록 규율권한을 넘긴다.
P04512,"②제1항의 규정에 의한 중학교입학추첨관리위원회는 교육장이 임명 또는 위촉하는 5인 내지 7인의 위원으로 구성하되, 그 구성 및 운영에 관하여 필요한 사항은 시·도별 교육규칙으로 정한다.",위임,교육규칙,5,구성·운영에 필요한 사항을 시·도별 교육규칙으로 정하도록 규율권한을 넘긴다.
P04513,"②제1항의 규정에 의한 중학교입학추첨관리위원회는 교육장이 임명 또는 위촉하는 5인 내지 7인의 위원으로 구성하되, 그 구성 및 운영에 관하여 필요한 사항은 시·도별 교육규칙으로 정한다.",위임,교육규칙,5,위원회 구성·운영에 관한 사항을 시·도별 교육규칙에 정하도록 규율권한을 넘긴다.
P04514,"②제1항의 규정에 의한 중학교입학추첨관리위원회는 교육장이 임명 또는 위촉하는 5인 내지 7인의 위원으로 구성하되, 그 구성 및 운영에 관하여 필요한 사항은 시·도별 교육규칙으로 정한다.",위임,교육규칙,5,위원회 구성·운영에 필요한 사항을 시·도별 교육규칙으로 정하도록 규율권한을 넘긴다.
P04515,"②제1항의 규정에 의한 중학교입학추첨관리위원회는 교육장이 임명 또는 위촉하는 5인 내지 7인의 위원으로 구성하되, 그 구성 및 운영에 관하여 필요한 사항은 시·도별 교육규칙으로 정한다.",위임,교육규칙,5,위원회 구성·운영에 필요한 사항을 시·도별 교육규칙에 정하도록 규율권한을 넘긴다.
P04516,"②제1항의 규정에 의한 중학교입학추첨관리위원회는 교육장이 임명 또는 위촉하는 5인 내지 7인의 위원으로 구성하되, 그 구성 및 운영에 관하여 필요한 사항은 시·도별 교육규칙으로 정한다.",위임,교육규칙,5,위원회 구성·운영에 필요한 사항을 시·도별 교육규칙에 정하도록 규율권한을 넘긴다.
P04517,"②제1항의 규정에 의한 중학교입학추첨관리위원회는 교육장이 임명 또는 위촉하는 5인 내지 7인의 위원으로 구성하되, 그 구성 및 운영에 관하여 필요한 사항은 시·도별 교육규칙으로 정한다.",위임,교육규칙,5,위원회 구성·운영에 필요한 사항을 시·도별 교육규칙에 정하도록 규율권한을 넘긴다.
P04518,"③ 제1항 및 제2항에도 불구하고 중학교입학추첨관리위원회와 성격ㆍ기능이 유사한 위원회가 해당 교육장 소속으로 설치되어 있는 경우에는 해당 시ㆍ도의 조례로 정하는 바에 따라 그 위원회가 중학교입학추첨관리위원회의 기능을 대신할 수 있다. 다만, 성격ㆍ기능이 유사한 위원회의 설치 근거가 되는 법령 또는 조례에서 위원회의 구성ㆍ운영 관련 사항을 교육감이 정하도록 하고 있거나 교육규칙으로 정하도록 하고 있는 경우에는 해당 시ㆍ도의 교육규칙으로 정하는 바에 따라 대신할 수 있다.",위임,조례|교육규칙,4,유사 위원회의 기능 대행 방식을 시·도 조례 또는 교육규칙으로 정하도록 규율권한을 넘기고 있다.
P04519,"②제1항의 규정에 의한 중학교입학추첨관리위원회는 교육장이 임명 또는 위촉하는 5인 내지 7인의 위원으로 구성하되, 그 구성 및 운영에 관하여 필요한 사항은 시·도별 교육규칙으로 정한다.",위임,교육규칙,5,위원회 구성·운영에 필요한 사항을 시·도별 교육규칙으로 정하도록 규율권한을 넘긴다.
P04520,"②제1항의 규정에 의한 중학교입학추첨관리위원회는 교육장이 임명 또는 위촉하는 5인 내지 7인의 위원으로 구성하되, 그 구성 및 운영에 관하여 필요한 사항은 시·도별 교육규칙으로 정한다.",위임,교육규칙,5,구성·운영에 필요한 사항을 시·도별 교육규칙으로 정하도록 규율권한을 넘긴다.
P04521,"②제1항의 규정에 의한 중학교입학추첨관리위원회는 교육장이 임명 또는 위촉하는 5인 내지 7인의 위원으로 구성하되, 그 구성 및 운영에 관하여 필요한 사항은 시·도별 교육규칙으로 정한다.",위임,교육규칙,5,위원회 구성·운영에 관한 사항을 시·도별 교육규칙에 정하도록 규율권한을 넘긴다.
P04522,"②제1항의 규정에 의한 중학교입학추첨관리위원회는 교육장이 임명 또는 위촉하는 5인 내지 7인의 위원으로 구성하되, 그 구성 및 운영에 관하여 필요한 사항은 시·도별 교육규칙으로 정한다.",위임,교육규칙,5,구성·운영에 필요한 사항을 시·도별 교육규칙에 정하도록 규율권한을 넘긴다.
P04523,"②제1항의 규정에 의한 중학교입학추첨관리위원회는 교육장이 임명 또는 위촉하는 5인 내지 7인의 위원으로 구성하되, 그 구성 및 운영에 관하여 필요한 사항은 시·도별 교육규칙으로 정한다.",위임,교육규칙,5,위원회 구성·운영에 관한 사항을 시·도별 교육규칙에 정하도록 규율권한을 넘긴다.
P04524,"②제1항의 규정에 의한 중학교입학추첨관리위원회는 교육장이 임명 또는 위촉하는 5인 내지 7인의 위원으로 구성하되, 그 구성 및 운영에 관하여 필요한 사항은 시·도별 교육규칙으로 정한다.",위임,교육규칙,5,구성 및 운영에 필요한 사항을 시·도 교육규칙으로 정하도록 규율권한을 넘긴다.
P04525,"②제1항의 규정에 의한 중학교입학추첨관리위원회는 교육장이 임명 또는 위촉하는 5인 내지 7인의 위원으로 구성하되, 그 구성 및 운영에 관하여 필요한 사항은 시·도별 교육규칙으로 정한다.",위임,교육규칙,5,위원회 구성·운영에 필요한 사항을 시·도별 교육규칙으로 정하도록 규율권한을 넘긴다.
P04526,"②제1항의 규정에 의한 중학교입학추첨관리위원회는 교육장이 임명 또는 위촉하는 5인 내지 7인의 위원으로 구성하되, 그 구성 및 운영에 관하여 필요한 사항은 시·도별 교육규칙으로 정한다.",위임,교육규칙,5,위원회 구성·운영에 필요한 사항을 시·도별 교육규칙으로 정하도록 규율권한을 넘긴다.
P04527,"②제1항의 규정에 의한 중학교입학추첨관리위원회는 교육장이 임명 또는 위촉하는 5인 내지 7인의 위원으로 구성하되, 그 구성 및 운영에 관하여 필요한 사항은 시·도별 교육규칙으로 정한다.",위임,교육규칙,5,구성·운영에 필요한 사항을 시·도별 교육규칙으로 정하도록 규율권한을 넘긴다.
P04528,"②제1항의 규정에 의한 중학교입학추첨관리위원회는 교육장이 임명 또는 위촉하는 5인 내지 7인의 위원으로 구성하되, 그 구성 및 운영에 관하여 필요한 사항은 시·도별 교육규칙으로 정한다.",위임,교육규칙,5,위원회 구성·운영에 관한 사항을 시·도별 교육규칙으로 정하도록 규율권한을 넘긴다.
P04529,학생의 지원에 의하여 학생을 선발하는 중학교의 전형료 기준은 시·도 교육규칙으로 정한다.,위임,교육규칙,5,전형료 기준을 시·도 교육규칙으로 정하도록 규율권한을 넘긴다.
P04530,학생의 지원에 의하여 학생을 선발하는 중학교의 전형료 기준은 시·도 교육규칙으로 정한다.,위임,교육규칙,5,전형료 기준을 시·도 교육규칙으로 정하도록 규율권한을 넘기는 위임이다.
P04531,학생의 지원에 의하여 학생을 선발하는 중학교의 전형료 기준은 시·도 교육규칙으로 정한다.,위임,교육규칙,5,전형료 기준을 시·도 교육규칙으로 정하도록 규율권한을 넘긴다.
P04532,학생의 지원에 의하여 학생을 선발하는 중학교의 전형료 기준은 시·도 교육규칙으로 정한다.,위임,교육규칙,5,전형료 기준을 시·도 교육규칙으로 정하도록 규율권한을 넘긴다.
P04533,학생의 지원에 의하여 학생을 선발하는 중학교의 전형료 기준은 시·도 교육규칙으로 정한다.,위임,교육규칙,5,전형료 기준을 시·도 교육규칙에 정하도록 규율권한을 넘긴다.
P04534,학생의 지원에 의하여 학생을 선발하는 중학교의 전형료 기준은 시·도 교육규칙으로 정한다.,위임,교육규칙,5,전형료 기준을 시·도 교육규칙으로 정하도록 규율권한을 넘긴다.
P04535,학생의 지원에 의하여 학생을 선발하는 중학교의 전형료 기준은 시·도 교육규칙으로 정한다.,위임,교육규칙,5,전형료 기준의 규율권한을 시·도 교육규칙에 넘기는 문말 위임이다.
P04536,학생의 지원에 의하여 학생을 선발하는 중학교의 전형료 기준은 시·도 교육규칙으로 정한다.,위임,교육규칙,5,전형료 기준을 시·도 교육규칙에 정하도록 규율권한을 넘긴다.
P04537,학생의 지원에 의하여 학생을 선발하는 중학교의 전형료 기준은 시·도 교육규칙으로 정한다.,위임,교육규칙,5,전형료 기준을 시·도 교육규칙으로 정하도록 규율권한을 넘긴다.
P04538,학생의 지원에 의하여 학생을 선발하는 중학교의 전형료 기준은 시·도 교육규칙으로 정한다.,위임,교육규칙,5,전형료 기준을 시·도 교육규칙에 정하도록 규율권한을 넘긴다.
P04539,대통령령으로 정한다,위임,대통령령,4,문장이 단편적이나 '대통령령으로 정한다'는 종결형 위임 문언이다.
P04540,사항은 교육부령으로,판단불가,미특정,4,문장이 중간에서 잘려 종결부가 없어 위임 여부를 확정할 수 없다.
P04541,사항은 교육부령으로,판단불가,부령,3,문장이 중간에 잘려 종결부가 없어 위임 여부를 확정할 수 없으나 표지어구상 교육부령(부령)을 지목하고 있다.
P04542,사항은 교육부령으로,판단불가,부령,3,문장이 중간에서 잘려 완결된 규율 구조를 확인할 수 없으나 문언상 교육부령이 명시되어 있다.
P04543,사항은 교육부령으로,판단불가,부령,2,문장이 중간에서 잘려 종결부가 없어 위임 여부를 확정할 수 없으나 표지어구는 교육부령(부령)을 가리킨다.
P04544,사항은 교육부령으로,판단불가,부령,3,문장이 중간에서 잘려 완결되지 않아 위임 여부를 확정할 수 없으나 표지어구는 교육부령이다.
P04545,사항은 교육부령으로,판단불가,해당없음,3,문장이 중간에서 잘려 서술어가 없어 위임 여부를 확정할 수 없다.
P04546,사항은 교육부령으로,판단불가,부령,3,문장이 중간에 잘려 종결부가 없어 위임 여부를 확정할 수 없으나 표지어구는 교육부령이다.
P04547,사항은 교육부령으로,판단불가,부령,3,문장이 중간에서 잘려 종결부가 없어 위임 여부를 확정할 수 없으나 문언상 교육부령(부령)이 지시되어 있다.
P04548,사항은 교육부령으로,판단불가,부령,2,문장이 '사항은 교육부령으로'에서 잘려 종결 문언을 확인할 수 없어 위임 여부를 확정할 수 없으나 표지어구는 교육부령(부령)이다.
P04549,5. 교육감이 5년마다 시·도 교육규칙으로 정하는 바에 따라 해당 학교 운영 성과 등을 평가하여 지정 목적의 달성이 불가능하다고 인정되는 경우,위임,교육규칙,4,평가 절차·기준을 시·도 교육규칙으로 정하도록 규율권한을 넘긴다.
P04550,5. 교육감이 5년마다 시·도 교육규칙으로 정하는 바에 따라 해당 학교 운영 성과 등을 평가하여 지정 목적의 달성이 불가능하다고 인정되는 경우,위임,교육규칙,4,평가의 방법 등을 시·도 교육규칙으로 정하도록 규율권한을 넘긴다.
P04551,5. 교육감이 5년마다 시·도 교육규칙으로 정하는 바에 따라 해당 학교 운영 성과 등을 평가하여 지정 목적의 달성이 불가능하다고 인정되는 경우,위임,교육규칙,4,평가 방법 등을 시·도 교육규칙이 정하도록 규율권한을 넘기는 부분 위임이다.
P04552,5. 교육감이 5년마다 시·도 교육규칙으로 정하는 바에 따라 해당 학교 운영 성과 등을 평가하여 지정 목적의 달성이 불가능하다고 인정되는 경우,위임,교육규칙,4,평가의 구체적 사항을 시·도 교육규칙에 정하도록 규율권한을 넘기는 부분 위임이다.
P04553,5. 교육감이 5년마다 시·도 교육규칙으로 정하는 바에 따라 해당 학교 운영 성과 등을 평가하여 지정 목적의 달성이 불가능하다고 인정되는 경우,위임,교육규칙,4,평가 절차 등을 시·도 교육규칙으로 정하도록 규율권한을 넘기는 부분 위임이다.
P04554,5. 교육감이 5년마다 시·도 교육규칙으로 정하는 바에 따라 해당 학교 운영 성과 등을 평가하여 지정 목적의 달성이 불가능하다고 인정되는 경우,위임,교육규칙,4,평가 방법 등을 시·도 교육규칙으로 정하도록 규율권한을 넘기는 부분 위임이다.
P04555,5. 교육감이 5년마다 시·도 교육규칙으로 정하는 바에 따라 해당 학교 운영 성과 등을 평가하여 지정 목적의 달성이 불가능하다고 인정되는 경우,위임,교육규칙,4,평가의 기준·절차를 시·도 교육규칙으로 정하도록 규율권한을 넘기는 부분 위임이다.
P04556,5. 교육감이 5년마다 시·도 교육규칙으로 정하는 바에 따라 해당 학교 운영 성과 등을 평가하여 지정 목적의 달성이 불가능하다고 인정되는 경우,위임,교육규칙,4,평가 방법 등을 시·도 교육규칙으로 정하도록 규율권한을 넘기는 부분 위임이다.
P04557,5. 교육감이 5년마다 시·도 교육규칙으로 정하는 바에 따라 해당 학교 운영 성과 등을 평가하여 지정 목적의 달성이 불가능하다고 인정되는 경우,위임,교육규칙,4,평가 방법 등을 시·도 교육규칙으로 정하도록 규율권한을 넘기는 부분 위임이다.
P04558,5. 교육감이 5년마다 시·도 교육규칙으로 정하는 바에 따라 해당 학교 운영 성과 등을 평가하여 지정 목적의 달성이 불가능하다고 인정되는 경우,위임,교육규칙,4,평가 방식 등을 시·도 교육규칙으로 정하도록 규율권한을 넘긴다.
P04559,5. 교육감이 5년마다 시·도 교육규칙으로 정하는 바에 따라 해당 학교 운영 성과 등을 평가하여 지정 목적의 달성이 불가능하다고 인정되는 경우,위임,교육규칙,4,평가 방법·절차를 시·도 교육규칙에 맡기는 부분 위임이다.
P04560,5. 교육감이 5년마다 시·도 교육규칙으로 정하는 바에 따라 해당 학교 운영 성과 등을 평가하여 지정 목적의 달성이 불가능하다고 인정되는 경우,위임,교육규칙,4,'시·도 교육규칙으로 정하는 바에 따라'로 평가 절차 규율권한을 교육규칙에 넘긴다.
P04561,5. 교육감이 5년마다 시·도 교육규칙으로 정하는 바에 따라 해당 학교 운영 성과 등을 평가하여 지정 목적의 달성이 불가능하다고 인정되는 경우,위임,교육규칙,4,평가의 구체적 사항을 시·도 교육규칙으로 정하도록 규율권한을 넘긴다.
P04562,② 제1항에 따른 특성화중학교 지정·운영위원회의 구성 및 운영에 필요한 사항은 시·도 교육규칙으로 정한다.,위임,교육규칙,5,구성·운영에 필요한 사항을 시·도 교육규칙으로 정하도록 규율권한을 넘긴다.
P04563,② 제1항에 따른 특성화중학교 지정·운영위원회의 구성 및 운영에 필요한 사항은 시·도 교육규칙으로 정한다.,위임,교육규칙,5,구성·운영에 필요한 사항의 규율권한을 시·도 교육규칙에 넘기는 위임 종결문이다.
P04564,② 제1항에 따른 특성화중학교 지정·운영위원회의 구성 및 운영에 필요한 사항은 시·도 교육규칙으로 정한다.,위임,교육규칙,5,문말 종결형으로 시·도 교육규칙에 구성·운영 사항의 규율권한을 넘긴다.
P04565,② 제1항에 따른 특성화중학교 지정·운영위원회의 구성 및 운영에 필요한 사항은 시·도 교육규칙으로 정한다.,위임,교육규칙,5,구성·운영에 필요한 사항을 시·도 교육규칙으로 정하도록 규율권한을 넘긴다.
P04566,② 제1항에 따른 특성화중학교 지정·운영위원회의 구성 및 운영에 필요한 사항은 시·도 교육규칙으로 정한다.,위임,교육규칙,5,문말 종결형으로 시·도 교육규칙에 구성·운영 사항의 규율권한을 넘긴다.
P04567,② 제1항에 따른 특성화중학교 지정·운영위원회의 구성 및 운영에 필요한 사항은 시·도 교육규칙으로 정한다.,위임,교육규칙,5,위원회 구성·운영 사항을 시·도 교육규칙에 정하도록 규율권한을 넘긴다.
P04568,② 제1항에 따른 특성화중학교 지정·운영위원회의 구성 및 운영에 필요한 사항은 시·도 교육규칙으로 정한다.,위임,교육규칙,5,구성·운영에 필요한 사항을 시·도 교육규칙으로 정하도록 규율권한을 넘긴다.
P04569,② 제1항에 따른 특성화중학교 지정·운영위원회의 구성 및 운영에 필요한 사항은 시·도 교육규칙으로 정한다.,위임,교육규칙,5,구성·운영에 필요한 사항의 규율권한을 시·도 교육규칙에 넘기는 위임이다.
P04570,② 제1항에 따른 특성화중학교 지정·운영위원회의 구성 및 운영에 필요한 사항은 시·도 교육규칙으로 정한다.,위임,교육규칙,5,구성·운영에 필요한 사항을 시·도 교육규칙에 정하도록 규율권한을 넘긴다.
P04571,② 제1항에 따른 특성화중학교 지정·운영위원회의 구성 및 운영에 필요한 사항은 시·도 교육규칙으로 정한다.,위임,교육규칙,5,구성·운영에 필요한 사항을 시·도 교육규칙에 정하도록 규율권한을 넘긴다.
P04572,② 제1항에 따른 특성화중학교 지정·운영위원회의 구성 및 운영에 필요한 사항은 시·도 교육규칙으로 정한다.,위임,교육규칙,5,구성·운영에 필요한 사항을 시·도 교육규칙에 정하도록 규율권한을 넘긴다.
P04573,② 제1항에 따른 특성화중학교 지정·운영위원회의 구성 및 운영에 필요한 사항은 시·도 교육규칙으로 정한다.,위임,교육규칙,5,구성·운영에 필요한 사항의 규율권한을 시·도 교육규칙에 넘기는 위임이다.
P04574,② 제1항에 따른 특성화중학교 지정·운영위원회의 구성 및 운영에 필요한 사항은 시·도 교육규칙으로 정한다.,위임,교육규칙,5,구성·운영에 필요한 사항의 규율권한을 시·도 교육규칙에 넘기는 위임 규정이다.
P04575,4. 해당 지역에 거주하는 학생·학부모 등을 대상으로 실시한 여론조사 결과가 시·도 조례로 정하는 기준을 충족할 것. 이 경우 여론조사 내용에는 제3호 각 목의 사항이 포함되어야 한다.,위임,조례,4,여론조사 결과 충족 기준을 시·도 조례에 맡기는 부분 위임이다.
P04576,③ 제2항에 따라 교육감이 입학전형을 실시하는 지역의 지정을 해제하기 위하여 시·도 조례를 개정하려는 경우에는 해당 지역에 거주하는 학생·학부모 등을 대상으로 한 여론조사 결과가 시·도 조례로 정하는 기준을 충족하여야 한다.,위임,조례,4,'시·도 조례로 정하는 기준'이라는 부분 위임으로 기준 설정 권한을 조례에 넘긴다.
P04577,② 제1항에도 불구하고 다음 각 호의 요건을 모두 충족하는 지역으로서 시ㆍ도 조례로 정하는 지역 안에 소재하는 제80조제1항에 따른 후기학교(제90조제1항제6호에 해당하는 특수목적고등학교 및 제91조의4에 따른 자율형 사립고등학교는 제외한다)의 입학전형은 교육감이 실시한다.,위임,조례,4,적용 대상 지역의 지정을 시·도 조례에 맡기는 부분 위임이다.
P04578,③ 제2항에 따라 교육감이 입학전형을 실시하는 지역의 지정을 해제하기 위하여 시·도 조례를 개정하려는 경우에는 해당 지역에 거주하는 학생·학부모 등을 대상으로 한 여론조사 결과가 시·도 조례로 정하는 기준을 충족하여야 한다.,위임,조례,4,여론조사 결과가 충족해야 할 기준을 시·도 조례가 정하도록 맡기는 부분 위임이다.
P04579,4. 해당 지역에 거주하는 학생·학부모 등을 대상으로 실시한 여론조사 결과가 시·도 조례로 정하는 기준을 충족할 것. 이 경우 여론조사 내용에는 제3호 각 목의 사항이 포함되어야 한다.,위임,조례,4,여론조사 결과 충족 기준을 시·도 조례에 맡기는 부분 위임이다.
P04580,② 제1항에도 불구하고 다음 각 호의 요건을 모두 충족하는 지역으로서 시ㆍ도 조례로 정하는 지역 안에 소재하는 제80조제1항에 따른 후기학교(제90조제1항제6호에 해당하는 특수목적고등학교 및 제91조의4에 따른 자율형 사립고등학교는 제외한다)의 입학전형은 교육감이 실시한다.,위임,조례,4,적용 대상 지역의 지정을 시·도 조례에 맡기는 부분 위임이다.
P04581,"④ 제2항제3호·제4호 및 제3항의 타당성 조사, 여론조사에 필요한 구체적인 내용은 시·도 교육규칙으로 정한다.",위임,교육규칙,5,구체적 내용을 시·도 교육규칙으로 정하도록 규율권한을 넘긴다.
P04582,③ 제2항에 따라 교육감이 입학전형을 실시하는 지역의 지정을 해제하기 위하여 시·도 조례를 개정하려는 경우에는 해당 지역에 거주하는 학생·학부모 등을 대상으로 한 여론조사 결과가 시·도 조례로 정하는 기준을 충족하여야 한다.,위임,조례,4,여론조사 결과의 충족 기준을 시·도 조례가 정하도록 맡긴 부분 위임이다.
P04583,② 제1항에도 불구하고 다음 각 호의 요건을 모두 충족하는 지역으로서 시ㆍ도 조례로 정하는 지역 안에 소재하는 제80조제1항에 따른 후기학교(제90조제1항제6호에 해당하는 특수목적고등학교 및 제91조의4에 따른 자율형 사립고등학교는 제외한다)의 입학전형은 교육감이 실시한다.,위임,조례,4,적용 지역의 범위를 시ㆍ도 조례로 정하도록 맡긴 부분 위임이다.
P04584,4. 해당 지역에 거주하는 학생·학부모 등을 대상으로 실시한 여론조사 결과가 시·도 조례로 정하는 기준을 충족할 것. 이 경우 여론조사 내용에는 제3호 각 목의 사항이 포함되어야 한다.,위임,조례,4,여론조사 결과 충족 기준이라는 요건 일부를 시·도 조례에 맡기는 부분 위임이다.
P04585,"④ 제2항제3호·제4호 및 제3항의 타당성 조사, 여론조사에 필요한 구체적인 내용은 시·도 교육규칙으로 정한다.",위임,교육규칙,5,타당성 조사·여론조사의 구체적 내용을 시·도 교육규칙에 정하도록 규율권한을 넘긴다.
P04586,③ 제2항에 따라 교육감이 입학전형을 실시하는 지역의 지정을 해제하기 위하여 시·도 조례를 개정하려는 경우에는 해당 지역에 거주하는 학생·학부모 등을 대상으로 한 여론조사 결과가 시·도 조례로 정하는 기준을 충족하여야 한다.,위임,조례,4,여론조사 결과 충족 기준을 시·도 조례로 정하도록 맡기는 부분 위임이다.
P04587,② 제1항에도 불구하고 다음 각 호의 요건을 모두 충족하는 지역으로서 시ㆍ도 조례로 정하는 지역 안에 소재하는 제80조제1항에 따른 후기학교(제90조제1항제6호에 해당하는 특수목적고등학교 및 제91조의4에 따른 자율형 사립고등학교는 제외한다)의 입학전형은 교육감이 실시한다.,위임,조례,4,'시·도 조례로 정하는 지역'으로 요건의 일부인 대상 지역 지정을 조례에 넘기는 부분 위임이다.
P04588,4. 해당 지역에 거주하는 학생·학부모 등을 대상으로 실시한 여론조사 결과가 시·도 조례로 정하는 기준을 충족할 것. 이 경우 여론조사 내용에는 제3호 각 목의 사항이 포함되어야 한다.,위임,조례,4,여론조사 결과 충족 기준을 시·도 조례에 정하도록 맡긴 부분 위임이다.
P04589,③ 제2항에 따라 교육감이 입학전형을 실시하는 지역의 지정을 해제하기 위하여 시·도 조례를 개정하려는 경우에는 해당 지역에 거주하는 학생·학부모 등을 대상으로 한 여론조사 결과가 시·도 조례로 정하는 기준을 충족하여야 한다.,위임,조례,4,여론조사 결과의 충족 기준을 시·도 조례가 정하도록 맡기는 부분 위임이다.
P04590,③ 제2항에 따라 교육감이 입학전형을 실시하는 지역의 지정을 해제하기 위하여 시·도 조례를 개정하려는 경우에는 해당 지역에 거주하는 학생·학부모 등을 대상으로 한 여론조사 결과가 시·도 조례로 정하는 기준을 충족하여야 한다.,위임,조례,4,여론조사 결과의 충족 기준을 시·도 조례로 정하도록 맡긴 부분 위임이다.
P04591,② 제1항에도 불구하고 다음 각 호의 요건을 모두 충족하는 지역으로서 시ㆍ도 조례로 정하는 지역 안에 소재하는 제80조제1항에 따른 후기학교(제90조제1항제6호에 해당하는 특수목적고등학교 및 제91조의4에 따른 자율형 사립고등학교는 제외한다)의 입학전형은 교육감이 실시한다.,위임,조례,4,적용 대상 지역의 지정을 시·도 조례에 맡기는 부분 위임이다.
P04592,4. 해당 지역에 거주하는 학생·학부모 등을 대상으로 실시한 여론조사 결과가 시·도 조례로 정하는 기준을 충족할 것. 이 경우 여론조사 내용에는 제3호 각 목의 사항이 포함되어야 한다.,위임,조례,4,여론조사 결과의 충족 기준을 시·도 조례에 정하도록 맡기는 부분 위임이다.
P04593,③ 제2항에 따라 교육감이 입학전형을 실시하는 지역의 지정을 해제하기 위하여 시·도 조례를 개정하려는 경우에는 해당 지역에 거주하는 학생·학부모 등을 대상으로 한 여론조사 결과가 시·도 조례로 정하는 기준을 충족하여야 한다.,위임,조례,4,여론조사 결과 충족 기준의 구체적 내용을 시·도 조례에 맡기는 부분 위임이다.
P04594,② 제1항에도 불구하고 다음 각 호의 요건을 모두 충족하는 지역으로서 시ㆍ도 조례로 정하는 지역 안에 소재하는 제80조제1항에 따른 후기학교(제90조제1항제6호에 해당하는 특수목적고등학교 및 제91조의4에 따른 자율형 사립고등학교는 제외한다)의 입학전형은 교육감이 실시한다.,위임,조례,4,'시ㆍ도 조례로 정하는 지역'이라는 요건 일부를 조례에 맡기는 부분 위임이다.
P04595,② 제1항에도 불구하고 다음 각 호의 요건을 모두 충족하는 지역으로서 시ㆍ도 조례로 정하는 지역 안에 소재하는 제80조제1항에 따른 후기학교(제90조제1항제6호에 해당하는 특수목적고등학교 및 제91조의4에 따른 자율형 사립고등학교는 제외한다)의 입학전형은 교육감이 실시한다.,위임,조례,4,적용 대상 지역의 지정을 시ㆍ도 조례에 맡기는 부분 위임이다.
P04596,4. 해당 지역에 거주하는 학생·학부모 등을 대상으로 실시한 여론조사 결과가 시·도 조례로 정하는 기준을 충족할 것. 이 경우 여론조사 내용에는 제3호 각 목의 사항이 포함되어야 한다.,위임,조례,4,여론조사 결과의 충족 기준을 시·도 조례에 맡기는 부분 위임이다.
P04597,4. 해당 지역에 거주하는 학생·학부모 등을 대상으로 실시한 여론조사 결과가 시·도 조례로 정하는 기준을 충족할 것. 이 경우 여론조사 내용에는 제3호 각 목의 사항이 포함되어야 한다.,위임,조례,4,요건의 일부인 여론조사 결과 기준을 시·도 조례에 맡기는 부분 위임이다.
P04598,② 제1항에도 불구하고 다음 각 호의 요건을 모두 충족하는 지역으로서 시ㆍ도 조례로 정하는 지역 안에 소재하는 제80조제1항에 따른 후기학교(제90조제1항제6호에 해당하는 특수목적고등학교 및 제91조의4에 따른 자율형 사립고등학교는 제외한다)의 입학전형은 교육감이 실시한다.,위임,조례,4,적용 지역의 구체적 지정을 시·도 조례에 맡기는 부분 위임이다.
P04599,③ 제2항에 따라 교육감이 입학전형을 실시하는 지역의 지정을 해제하기 위하여 시·도 조례를 개정하려는 경우에는 해당 지역에 거주하는 학생·학부모 등을 대상으로 한 여론조사 결과가 시·도 조례로 정하는 기준을 충족하여야 한다.,위임,조례,4,'시·도 조례로 정하는 기준'으로 여론조사 기준의 구체화를 조례에 맡기는 부분 위임이다.
P04600,"④ 제2항제3호·제4호 및 제3항의 타당성 조사, 여론조사에 필요한 구체적인 내용은 시·도 교육규칙으로 정한다.",위임,교육규칙,5,타당성 조사·여론조사의 구체적 내용을 시·도 교육규칙에 정하도록 규율권한을 넘긴다.
P04601,4. 해당 지역에 거주하는 학생·학부모 등을 대상으로 실시한 여론조사 결과가 시·도 조례로 정하는 기준을 충족할 것. 이 경우 여론조사 내용에는 제3호 각 목의 사항이 포함되어야 한다.,위임,조례,4,여론조사 결과 판단 기준을 시·도 조례에 맡기는 부분 위임이다.
P04602,② 제1항에도 불구하고 다음 각 호의 요건을 모두 충족하는 지역으로서 시ㆍ도 조례로 정하는 지역 안에 소재하는 제80조제1항에 따른 후기학교(제90조제1항제6호에 해당하는 특수목적고등학교 및 제91조의4에 따른 자율형 사립고등학교는 제외한다)의 입학전형은 교육감이 실시한다.,위임,조례,4,적용 지역의 구체적 지정을 시·도 조례에 맡기는 부분 위임이다.
P04603,③ 제2항에 따라 교육감이 입학전형을 실시하는 지역의 지정을 해제하기 위하여 시·도 조례를 개정하려는 경우에는 해당 지역에 거주하는 학생·학부모 등을 대상으로 한 여론조사 결과가 시·도 조례로 정하는 기준을 충족하여야 한다.,위임,조례,4,여론조사 결과의 충족 기준을 시·도 조례에 맡기는 부분 위임이다.
P04604,"④ 제2항제3호·제4호 및 제3항의 타당성 조사, 여론조사에 필요한 구체적인 내용은 시·도 교육규칙으로 정한다.",위임,교육규칙,5,구체적 내용을 시·도 교육규칙으로 정하도록 규율권한을 넘긴다.
P04605,4. 해당 지역에 거주하는 학생·학부모 등을 대상으로 실시한 여론조사 결과가 시·도 조례로 정하는 기준을 충족할 것. 이 경우 여론조사 내용에는 제3호 각 목의 사항이 포함되어야 한다.,위임,조례,4,요건의 기준을 시·도 조례에 정하도록 맡긴 부분 위임이다.
P04606,② 제1항에도 불구하고 다음 각 호의 요건을 모두 충족하는 지역으로서 시ㆍ도 조례로 정하는 지역 안에 소재하는 제80조제1항에 따른 후기학교(제90조제1항제6호에 해당하는 특수목적고등학교 및 제91조의4에 따른 자율형 사립고등학교는 제외한다)의 입학전형은 교육감이 실시한다.,위임,조례,4,적용 대상 지역의 구체적 지정을 시·도 조례에 맡기는 부분 위임이다.
P04607,③ 제2항에 따라 교육감이 입학전형을 실시하는 지역의 지정을 해제하기 위하여 시·도 조례를 개정하려는 경우에는 해당 지역에 거주하는 학생·학부모 등을 대상으로 한 여론조사 결과가 시·도 조례로 정하는 기준을 충족하여야 한다.,위임,조례,4,여론조사 결과의 충족 기준을 시·도 조례가 정하도록 맡긴 부분 위임이다.
P04608,"④ 제2항제3호·제4호 및 제3항의 타당성 조사, 여론조사에 필요한 구체적인 내용은 시·도 교육규칙으로 정한다.",위임,교육규칙,5,필요한 구체적 내용을 시·도 교육규칙에 정하도록 규율권한을 넘긴다.
P04609,4. 해당 지역에 거주하는 학생·학부모 등을 대상으로 실시한 여론조사 결과가 시·도 조례로 정하는 기준을 충족할 것. 이 경우 여론조사 내용에는 제3호 각 목의 사항이 포함되어야 한다.,위임,조례,4,여론조사 결과 충족 기준을 시·도 조례로 정하도록 요건 일부를 넘기는 부분 위임이다.
P04610,② 제1항에도 불구하고 다음 각 호의 요건을 모두 충족하는 지역으로서 시ㆍ도 조례로 정하는 지역 안에 소재하는 제80조제1항에 따른 후기학교(제90조제1항제6호에 해당하는 특수목적고등학교 및 제91조의4에 따른 자율형 사립고등학교는 제외한다)의 입학전형은 교육감이 실시한다.,위임,조례,4,적용 대상 지역의 지정을 시·도 조례에 맡기는 부분 위임이다.
P04611,③ 제2항에 따라 교육감이 입학전형을 실시하는 지역의 지정을 해제하기 위하여 시·도 조례를 개정하려는 경우에는 해당 지역에 거주하는 학생·학부모 등을 대상으로 한 여론조사 결과가 시·도 조례로 정하는 기준을 충족하여야 한다.,위임,조례,4,여론조사 결과의 충족 기준을 시·도 조례가 정하도록 맡긴 부분 위임이다.
P04612,4. 해당 지역에 거주하는 학생·학부모 등을 대상으로 실시한 여론조사 결과가 시·도 조례로 정하는 기준을 충족할 것. 이 경우 여론조사 내용에는 제3호 각 목의 사항이 포함되어야 한다.,위임,조례,4,여론조사 결과 충족 기준을 시·도 조례로 정하도록 요건 일부를 넘기는 부분 위임이다.
P04613,② 제1항에도 불구하고 다음 각 호의 요건을 모두 충족하는 지역으로서 시ㆍ도 조례로 정하는 지역 안에 소재하는 제80조제1항에 따른 후기학교(제90조제1항제6호에 해당하는 특수목적고등학교 및 제91조의4에 따른 자율형 사립고등학교는 제외한다)의 입학전형은 교육감이 실시한다.,위임,조례,4,적용 대상 지역의 범위를 시·도 조례에 맡기는 부분 위임이다.
P04614,③ 제2항에 따라 교육감이 입학전형을 실시하는 지역의 지정을 해제하기 위하여 시·도 조례를 개정하려는 경우에는 해당 지역에 거주하는 학생·학부모 등을 대상으로 한 여론조사 결과가 시·도 조례로 정하는 기준을 충족하여야 한다.,위임,조례,4,여론조사 결과 충족 기준을 시·도 조례로 정하도록 맡긴 부분 위임이다.
P04615,"④ 제2항제3호·제4호 및 제3항의 타당성 조사, 여론조사에 필요한 구체적인 내용은 시·도 교육규칙으로 정한다.",위임,교육규칙,5,필요한 구체적 내용을 시·도 교육규칙에 정하도록 규율권한을 넘긴다.
P04616,②고등학교입학전형위원회의 조직 및 운영에 관한 사항은 시ㆍ도 교육규칙으로 정한다.,위임,교육규칙,5,조직·운영 사항의 규율권한을 시·도 교육규칙에 넘기는 위임이다.
P04617,②고등학교입학전형위원회의 조직 및 운영에 관한 사항은 시ㆍ도 교육규칙으로 정한다.,위임,교육규칙,5,조직·운영 사항의 규율권한을 시·도 교육규칙에 넘기는 위임이다.
P04618,②고등학교입학전형위원회의 조직 및 운영에 관한 사항은 시ㆍ도 교육규칙으로 정한다.,위임,교육규칙,5,조직 및 운영 사항의 규율권한을 시·도 교육규칙에 넘기는 위임이다.
P04619,②고등학교입학전형위원회의 조직 및 운영에 관한 사항은 시ㆍ도 교육규칙으로 정한다.,위임,교육규칙,5,조직 및 운영 사항을 시·도 교육규칙에 정하도록 규율권한을 넘긴다.
P04620,②고등학교입학전형위원회의 조직 및 운영에 관한 사항은 시ㆍ도 교육규칙으로 정한다.,위임,교육규칙,5,조직·운영 사항의 규율권한을 시·도 교육규칙에 넘기는 위임이다.
P04621,②고등학교입학전형위원회의 조직 및 운영에 관한 사항은 시ㆍ도 교육규칙으로 정한다.,위임,교육규칙,5,조직·운영 사항의 규율권한을 시·도 교육규칙에 넘기는 위임이다.
P04622,②고등학교입학전형위원회의 조직 및 운영에 관한 사항은 시ㆍ도 교육규칙으로 정한다.,위임,교육규칙,5,조직·운영 사항의 규율권한을 시·도 교육규칙에 넘기는 위임 규정이다.
P04623,②고등학교입학전형위원회의 조직 및 운영에 관한 사항은 시ㆍ도 교육규칙으로 정한다.,위임,교육규칙,5,문말 종결형으로 시·도 교육규칙에 조직·운영 사항의 규율권한을 넘긴다.
P04624,②고등학교입학전형위원회의 조직 및 운영에 관한 사항은 시ㆍ도 교육규칙으로 정한다.,위임,교육규칙,5,조직 및 운영 사항의 규율권한을 시·도 교육규칙에 넘기는 위임이다.
P04625,②고등학교입학전형위원회의 조직 및 운영에 관한 사항은 시ㆍ도 교육규칙으로 정한다.,위임,교육규칙,5,조직·운영 사항을 시·도 교육규칙에 정하도록 규율권한을 넘긴다.
P04626,②고등학교입학전형위원회의 조직 및 운영에 관한 사항은 시ㆍ도 교육규칙으로 정한다.,위임,교육규칙,5,시·도 교육규칙에 조직·운영 사항의 규율권한을 넘기는 위임이다.
P04627,②고등학교입학전형위원회의 조직 및 운영에 관한 사항은 시ㆍ도 교육규칙으로 정한다.,위임,교육규칙,5,조직 및 운영 사항을 시·도 교육규칙에 정하도록 규율권한을 넘긴다.
P04628,②고등학교입학전형위원회의 조직 및 운영에 관한 사항은 시ㆍ도 교육규칙으로 정한다.,위임,교육규칙,5,조직·운영 사항의 규율권한을 시·도 교육규칙에 넘기는 위임 규정이다.
P04629,②고등학교입학전형위원회의 조직 및 운영에 관한 사항은 시ㆍ도 교육규칙으로 정한다.,위임,교육규칙,5,문말 종결형으로 시·도 교육규칙에 조직 및 운영 사항의 규율권한을 넘긴다.
P04630,②고등학교입학전형위원회의 조직 및 운영에 관한 사항은 시ㆍ도 교육규칙으로 정한다.,위임,교육규칙,5,문말 종결형으로 시·도 교육규칙에 조직·운영 사항의 규율권한을 넘긴다.
P04631,②고등학교입학전형위원회의 조직 및 운영에 관한 사항은 시ㆍ도 교육규칙으로 정한다.,위임,교육규칙,5,조직·운영 사항의 규율권한을 시·도 교육규칙에 넘기는 종결형 위임이다.
P04632,②고등학교입학전형위원회의 조직 및 운영에 관한 사항은 시ㆍ도 교육규칙으로 정한다.,위임,교육규칙,5,조직·운영 사항의 규율권한을 시·도 교육규칙에 넘기는 위임이다.
P04633,교육부장관이 정하여 고시하는 지역의 학교는 선발시기를 달리하여 신입생을 선발할 수 있다.,위임,고시,4,'교육부장관이 정하여 고시하는 지역'으로 요건 일부를 고시에 맡기는 부분 위임이다.
P04634,⑤제1항 본문에도 불구하고 제77조제2항에 따라 시ㆍ도 조례로 정하는 지역의 후기학교 주간부에 입학하려는 사람은 교육감이 정하는 방법 및 절차에 따라 2개 이상의 학교를 선택하여 지원할 수 있다.,위임,미특정,4,"지원 방법 및 절차를 '교육감이 정하는' 바에 맡겨 법형식을 특정하지 않은 위임이며, 조례 부분은 제77조제2항 인용에 불과하다."
P04635,⑤제1항 본문에도 불구하고 제77조제2항에 따라 시ㆍ도 조례로 정하는 지역의 후기학교 주간부에 입학하려는 사람은 교육감이 정하는 방법 및 절차에 따라 2개 이상의 학교를 선택하여 지원할 수 있다.,위임,미특정,4,"'조례로 정하는 지역'은 제77조제2항 인용이지만, 지원 방법·절차를 '교육감이 정하는' 바에 맡겨 법형식을 지정하지 않은 위임이다."
P04636,⑤제1항 본문에도 불구하고 제77조제2항에 따라 시ㆍ도 조례로 정하는 지역의 후기학교 주간부에 입학하려는 사람은 교육감이 정하는 방법 및 절차에 따라 2개 이상의 학교를 선택하여 지원할 수 있다.,위임,미특정,4,"'교육감이 정하는 방법 및 절차'로 규율권한을 넘기나 법형식을 지정하지 않았고, 조례 부분은 기존 규정 인용에 해당한다."
P04637,⑤제1항 본문에도 불구하고 제77조제2항에 따라 시ㆍ도 조례로 정하는 지역의 후기학교 주간부에 입학하려는 사람은 교육감이 정하는 방법 및 절차에 따라 2개 이상의 학교를 선택하여 지원할 수 있다.,위임,조례|미특정,3,"지역은 시·도 조례로, 지원 방법 및 절차는 교육감이 정하도록 규율권한을 넘기므로 조례와 형식 미특정이 병기된 위임이다."
P04638,⑤제1항 본문에도 불구하고 제77조제2항에 따라 시ㆍ도 조례로 정하는 지역의 후기학교 주간부에 입학하려는 사람은 교육감이 정하는 방법 및 절차에 따라 2개 이상의 학교를 선택하여 지원할 수 있다.,위임,미특정,3,"'교육감이 정하는 방법 및 절차'로 법형식을 특정하지 않고 규율권한을 넘기며, '시·도 조례로 정하는 지역'은 제77조제2항을 원용한 인용에 해당한다."
P04639,⑤제1항 본문에도 불구하고 제77조제2항에 따라 시ㆍ도 조례로 정하는 지역의 후기학교 주간부에 입학하려는 사람은 교육감이 정하는 방법 및 절차에 따라 2개 이상의 학교를 선택하여 지원할 수 있다.,위임,미특정,3,"지원 방법·절차를 교육감이 정하도록 맡긴 부분 위임이며 법형식을 지정하지 않았고, '시·도 조례로 정하는 지역'은 제77조제2항의 재인용에 해당한다."
P04640,⑤제1항 본문에도 불구하고 제77조제2항에 따라 시ㆍ도 조례로 정하는 지역의 후기학교 주간부에 입학하려는 사람은 교육감이 정하는 방법 및 절차에 따라 2개 이상의 학교를 선택하여 지원할 수 있다.,위임,미특정,4,"'교육감이 정하는 방법 및 절차에 따라'로 법형식을 지정하지 않은 채 규율권한을 넘기며, '조례로 정하는 지역'은 제77조제2항 인용에 불과하다."
P04641,⑤제1항 본문에도 불구하고 제77조제2항에 따라 시ㆍ도 조례로 정하는 지역의 후기학교 주간부에 입학하려는 사람은 교육감이 정하는 방법 및 절차에 따라 2개 이상의 학교를 선택하여 지원할 수 있다.,위임,미특정,4,"지원 방법 및 절차를 교육감이 정하도록 맡기되 법형식을 지정하지 않았고, '조례로 정하는 지역'은 제77조제2항의 위임을 원용한 인용적 표현이다."
P04642,⑤제1항 본문에도 불구하고 제77조제2항에 따라 시ㆍ도 조례로 정하는 지역의 후기학교 주간부에 입학하려는 사람은 교육감이 정하는 방법 및 절차에 따라 2개 이상의 학교를 선택하여 지원할 수 있다.,위임,미특정,4,"'교육감이 정하는 방법 및 절차'로 규율권한을 넘기나 법형식을 지정하지 않았고, '조례로 정하는 지역'은 제77조제2항 인용에 해당한다."
P04643,⑤제1항 본문에도 불구하고 제77조제2항에 따라 시ㆍ도 조례로 정하는 지역의 후기학교 주간부에 입학하려는 사람은 교육감이 정하는 방법 및 절차에 따라 2개 이상의 학교를 선택하여 지원할 수 있다.,위임,조례|미특정,3,"지역은 시ㆍ도 조례로, 지원 방법 및 절차는 교육감이 정하도록 각각 규율권한을 넘기고 있어 부분 위임으로 병기한다."
P04644,⑤제1항 본문에도 불구하고 제77조제2항에 따라 시ㆍ도 조례로 정하는 지역의 후기학교 주간부에 입학하려는 사람은 교육감이 정하는 방법 및 절차에 따라 2개 이상의 학교를 선택하여 지원할 수 있다.,위임,조례|미특정,3,'조례로 정하는 지역'이라는 부분위임과 '교육감이 정하는 방법 및 절차'라는 형식 미특정 위임이 함께 나타난다.
P04645,교육부령으로 정하는,위임,부령,3,문장이 일부만 제시되었으나 '교육부령으로 정하는'은 교육부령에 규율사항을 맡기는 부분 위임 표지이다.
P04646,교육부령으로 정하는,위임,부령,3,문장이 잘려 대상 사항은 불명확하나 '교육부령으로 정하는'이라는 부분위임 문언이 드러나 부령에 규율권한을 넘기는 것으로 본다.
P04647,교육부령으로 정하는 기준,위임,부령,3,'교육부령으로 정하는 기준'은 기준 설정 권한을 부령에 넘기는 부분 위임 문구이다.
P04648,"⑦제2항 본문에 따른 후기학교의 추첨ㆍ배정에 관하여 교육감의 자문에 응하게 하기 위하여 학교군별로 고등학교입학추첨관리위원회를 두며, 그 조직과 운영에 관한 사항은 시ㆍ도 교육규칙으로 정한다.",위임,교육규칙,5,위원회 조직·운영 사항을 시·도 교육규칙에 정하도록 규율권한을 넘긴다.
P04649,④제77조제2항에 따라 시ㆍ도 조례로 정하는 지역의 후기학교 야간부 신입생은 교육감이 각 학교에 통보한 입학전형에 관한 자료에 따라 당해 학교의 장이 선발한다.,위임,조례,3,"'조례로 정하는 지역'이라는 요건 일부를 조례에 맡기는 부분 위임 문언이나, 제77조제2항 원용 성격도 있어 확신도는 낮다."
P04650,③ 제2항 본문에도 불구하고 제77조제2항에 따라 시ㆍ도 조례로 정하는 지역의 주간부 후기학교 중 거리ㆍ교통이 통학상 극히 불편한 지역에 소재하거나 특별한 사유가 있어 추첨 배정이 곤란한 학교로서 교육감이 지정하는 학교의 신입생은 교육감이 추첨으로 배정하는 대신 해당 학교의 장이 선발할 수 있다.,인용,해당없음,4,제77조제2항에 따라 조례로 정하는 지역을 원용하고 교육감의 개별 지정·학교장 선발 권한만 규정하므로 인용이다.
P04651,"②제77조제2항에 따라 시ㆍ도 조례로 정하는 지역의 후기학교 주간부 신입생은 고등학교 학교군별로 추첨에 의하여 교육감이 각 고등학교에 배정하되, 제81조제5항에 따라 2이상의 학교를 선택하여 지원한 경우에는 그 입학지원자 중에서 추첨에 의하여 해당 학교 정원의 전부 또는 일부를 배정할 수 있다. 다만, 제90조제1항제6호에 해당하는 특수목적고등학교 및 제91조의4에 따른 자율형 사립고등학교의 신입생은 해당 학교의 장이 선발한다.",인용,해당없음,4,"제77조제2항에 따른 조례로 정하는 지역을 가리키는 인용이며, 본문은 교육감의 개별 배정 권한과 절차를 규정할 뿐 새로운 규율권한을 하위 규범에 넘기지 않는다."
P04652,"⑦제2항 본문에 따른 후기학교의 추첨ㆍ배정에 관하여 교육감의 자문에 응하게 하기 위하여 학교군별로 고등학교입학추첨관리위원회를 두며, 그 조직과 운영에 관한 사항은 시ㆍ도 교육규칙으로 정한다.",위임,교육규칙,5,위원회의 조직·운영 사항을 시·도 교육규칙에 정하도록 규율권한을 넘긴다.
P04653,④제77조제2항에 따라 시ㆍ도 조례로 정하는 지역의 후기학교 야간부 신입생은 교육감이 각 학교에 통보한 입학전형에 관한 자료에 따라 당해 학교의 장이 선발한다.,인용,해당없음,3,조례 위임은 제77조제2항에서 이미 이루어진 것이고 이 문장은 그에 따른 지역을 원용하며 학교장의 선발 권한만 정하므로 인용이다.
P04654,③ 제2항 본문에도 불구하고 제77조제2항에 따라 시ㆍ도 조례로 정하는 지역의 주간부 후기학교 중 거리ㆍ교통이 통학상 극히 불편한 지역에 소재하거나 특별한 사유가 있어 추첨 배정이 곤란한 학교로서 교육감이 지정하는 학교의 신입생은 교육감이 추첨으로 배정하는 대신 해당 학교의 장이 선발할 수 있다.,인용,해당없음,4,제77조제2항에 따른 조례 지역을 원용하고 교육감의 학교 지정은 개별 처분 권한이어서 규범 제정 위임이 아니다.
P04655,"②제77조제2항에 따라 시ㆍ도 조례로 정하는 지역의 후기학교 주간부 신입생은 고등학교 학교군별로 추첨에 의하여 교육감이 각 고등학교에 배정하되, 제81조제5항에 따라 2이상의 학교를 선택하여 지원한 경우에는 그 입학지원자 중에서 추첨에 의하여 해당 학교 정원의 전부 또는 일부를 배정할 수 있다. 다만, 제90조제1항제6호에 해당하는 특수목적고등학교 및 제91조의4에 따른 자율형 사립고등학교의 신입생은 해당 학교의 장이 선발한다.",인용,해당없음,4,제77조제2항에 따라 이미 조례로 정해진 지역을 원용하고 교육감의 개별 배정 처분을 정한 것이므로 인용이다.
P04656,"⑦제2항 본문에 따른 후기학교의 추첨ㆍ배정에 관하여 교육감의 자문에 응하게 하기 위하여 학교군별로 고등학교입학추첨관리위원회를 두며, 그 조직과 운영에 관한 사항은 시ㆍ도 교육규칙으로 정한다.",위임,교육규칙,5,위원회 조직·운영 사항을 시·도 교육규칙에 정하도록 규율권한을 넘긴다.
P04657,"⑦제2항 본문에 따른 후기학교의 추첨ㆍ배정에 관하여 교육감의 자문에 응하게 하기 위하여 학교군별로 고등학교입학추첨관리위원회를 두며, 그 조직과 운영에 관한 사항은 시ㆍ도 교육규칙으로 정한다.",위임,교육규칙,5,위원회의 조직·운영 사항을 시·도 교육규칙에 정하도록 규율권한을 넘긴다.
P04658,④제77조제2항에 따라 시ㆍ도 조례로 정하는 지역의 후기학교 야간부 신입생은 교육감이 각 학교에 통보한 입학전형에 관한 자료에 따라 당해 학교의 장이 선발한다.,위임,조례,3,'시·도 조례로 정하는 지역'이라는 현재형 부분위임 문언으로 적용 지역의 지정을 조례에 맡기고 있다.
P04659,③ 제2항 본문에도 불구하고 제77조제2항에 따라 시ㆍ도 조례로 정하는 지역의 주간부 후기학교 중 거리ㆍ교통이 통학상 극히 불편한 지역에 소재하거나 특별한 사유가 있어 추첨 배정이 곤란한 학교로서 교육감이 지정하는 학교의 신입생은 교육감이 추첨으로 배정하는 대신 해당 학교의 장이 선발할 수 있다.,인용,해당없음,4,제77조제2항에 따라 조례로 정하는 지역을 원용하고 교육감의 개별 학교 지정·선발 권한을 정한 것이므로 규율권한 위임이 아니다.
P04660,"②제77조제2항에 따라 시ㆍ도 조례로 정하는 지역의 후기학교 주간부 신입생은 고등학교 학교군별로 추첨에 의하여 교육감이 각 고등학교에 배정하되, 제81조제5항에 따라 2이상의 학교를 선택하여 지원한 경우에는 그 입학지원자 중에서 추첨에 의하여 해당 학교 정원의 전부 또는 일부를 배정할 수 있다. 다만, 제90조제1항제6호에 해당하는 특수목적고등학교 및 제91조의4에 따른 자율형 사립고등학교의 신입생은 해당 학교의 장이 선발한다.",인용,해당없음,3,"제77조제2항에 따라 이미 조례로 정해진 지역을 원용하는 인용이며, 배정방법은 본 조문이 직접 규정한다."
P04661,"⑦제2항 본문에 따른 후기학교의 추첨ㆍ배정에 관하여 교육감의 자문에 응하게 하기 위하여 학교군별로 고등학교입학추첨관리위원회를 두며, 그 조직과 운영에 관한 사항은 시ㆍ도 교육규칙으로 정한다.",위임,교육규칙,5,위원회 조직·운영 사항을 시·도 교육규칙에 정하도록 규율권한을 넘긴다.
P04662,"⑦제2항 본문에 따른 후기학교의 추첨ㆍ배정에 관하여 교육감의 자문에 응하게 하기 위하여 학교군별로 고등학교입학추첨관리위원회를 두며, 그 조직과 운영에 관한 사항은 시ㆍ도 교육규칙으로 정한다.",위임,교육규칙,5,위원회 조직·운영 사항을 시·도 교육규칙에 정하도록 규율권한을 넘긴다.
P04663,"⑦제2항 본문에 따른 후기학교의 추첨ㆍ배정에 관하여 교육감의 자문에 응하게 하기 위하여 학교군별로 고등학교입학추첨관리위원회를 두며, 그 조직과 운영에 관한 사항은 시ㆍ도 교육규칙으로 정한다.",위임,교육규칙,5,위원회 조직·운영 사항을 시·도 교육규칙에 정하도록 규율권한을 넘긴다.
P04664,"⑦제2항 본문에 따른 후기학교의 추첨ㆍ배정에 관하여 교육감의 자문에 응하게 하기 위하여 학교군별로 고등학교입학추첨관리위원회를 두며, 그 조직과 운영에 관한 사항은 시ㆍ도 교육규칙으로 정한다.",위임,교육규칙,5,위원회의 조직과 운영에 관한 사항을 시·도 교육규칙으로 정하도록 규율권한을 넘긴다.
P04665,④제77조제2항에 따라 시ㆍ도 조례로 정하는 지역의 후기학교 야간부 신입생은 교육감이 각 학교에 통보한 입학전형에 관한 자료에 따라 당해 학교의 장이 선발한다.,인용,해당없음,3,제77조제2항의 위임에 따라 이미 조례로 정해진 지역을 가리키는 원용이므로 인용이다.
P04666,③ 제2항 본문에도 불구하고 제77조제2항에 따라 시ㆍ도 조례로 정하는 지역의 주간부 후기학교 중 거리ㆍ교통이 통학상 극히 불편한 지역에 소재하거나 특별한 사유가 있어 추첨 배정이 곤란한 학교로서 교육감이 지정하는 학교의 신입생은 교육감이 추첨으로 배정하는 대신 해당 학교의 장이 선발할 수 있다.,인용,해당없음,4,제77조제2항에 따른 조례 지역과 교육감의 개별 지정을 원용할 뿐 하위 규범에 규율권한을 새로 넘기지 않는다.
P04667,"②제77조제2항에 따라 시ㆍ도 조례로 정하는 지역의 후기학교 주간부 신입생은 고등학교 학교군별로 추첨에 의하여 교육감이 각 고등학교에 배정하되, 제81조제5항에 따라 2이상의 학교를 선택하여 지원한 경우에는 그 입학지원자 중에서 추첨에 의하여 해당 학교 정원의 전부 또는 일부를 배정할 수 있다. 다만, 제90조제1항제6호에 해당하는 특수목적고등학교 및 제91조의4에 따른 자율형 사립고등학교의 신입생은 해당 학교의 장이 선발한다.",인용,해당없음,4,제77조제2항에 따른 조례상 지역을 원용하며 배정방법은 시행령이 직접 정하므로 인용이다.
P04668,"⑦제2항 본문에 따른 후기학교의 추첨ㆍ배정에 관하여 교육감의 자문에 응하게 하기 위하여 학교군별로 고등학교입학추첨관리위원회를 두며, 그 조직과 운영에 관한 사항은 시ㆍ도 교육규칙으로 정한다.",위임,교육규칙,5,위원회 조직·운영 사항을 시·도 교육규칙에 정하도록 규율권한을 넘긴다.
P04669,④제77조제2항에 따라 시ㆍ도 조례로 정하는 지역의 후기학교 야간부 신입생은 교육감이 각 학교에 통보한 입학전형에 관한 자료에 따라 당해 학교의 장이 선발한다.,인용,해당없음,3,"본문은 학교장의 선발을 직접 규정하고, 조례 부분은 제77조제2항의 위임을 원용해 대상 지역을 지칭하는 인용이다."
P04670,③ 제2항 본문에도 불구하고 제77조제2항에 따라 시ㆍ도 조례로 정하는 지역의 주간부 후기학교 중 거리ㆍ교통이 통학상 극히 불편한 지역에 소재하거나 특별한 사유가 있어 추첨 배정이 곤란한 학교로서 교육감이 지정하는 학교의 신입생은 교육감이 추첨으로 배정하는 대신 해당 학교의 장이 선발할 수 있다.,인용,해당없음,4,제77조제2항의 조례 위임을 원용하고 교육감의 학교 지정·학교장 선발이라는 개별 처분 권한만 정하므로 인용이다.
P04671,"②제77조제2항에 따라 시ㆍ도 조례로 정하는 지역의 후기학교 주간부 신입생은 고등학교 학교군별로 추첨에 의하여 교육감이 각 고등학교에 배정하되, 제81조제5항에 따라 2이상의 학교를 선택하여 지원한 경우에는 그 입학지원자 중에서 추첨에 의하여 해당 학교 정원의 전부 또는 일부를 배정할 수 있다. 다만, 제90조제1항제6호에 해당하는 특수목적고등학교 및 제91조의4에 따른 자율형 사립고등학교의 신입생은 해당 학교의 장이 선발한다.",인용,해당없음,4,"제77조제2항에 따라 이미 조례로 정해진 지역을 가리키는 원용이고, 본문은 교육감의 배정 처분 권한을 정한 것이다."
P04672,"⑦제2항 본문에 따른 후기학교의 추첨ㆍ배정에 관하여 교육감의 자문에 응하게 하기 위하여 학교군별로 고등학교입학추첨관리위원회를 두며, 그 조직과 운영에 관한 사항은 시ㆍ도 교육규칙으로 정한다.",위임,교육규칙,5,위원회의 조직·운영 사항을 시·도 교육규칙에 정하도록 규율권한을 넘긴다.
P04673,④제77조제2항에 따라 시ㆍ도 조례로 정하는 지역의 후기학교 야간부 신입생은 교육감이 각 학교에 통보한 입학전형에 관한 자료에 따라 당해 학교의 장이 선발한다.,위임,조례,3,"'시ㆍ도 조례로 정하는 지역'이라는 요건 일부를 조례에 맡기는 부분 위임 형태이나, '제77조제2항에 따라'라는 원용 성격도 함께 있다."
P04674,③ 제2항 본문에도 불구하고 제77조제2항에 따라 시ㆍ도 조례로 정하는 지역의 주간부 후기학교 중 거리ㆍ교통이 통학상 극히 불편한 지역에 소재하거나 특별한 사유가 있어 추첨 배정이 곤란한 학교로서 교육감이 지정하는 학교의 신입생은 교육감이 추첨으로 배정하는 대신 해당 학교의 장이 선발할 수 있다.,인용,해당없음,4,제77조제2항의 조례 위임을 원용하고 교육감의 개별 학교 지정·학교장 선발 권한만 정하므로 규율권한 이전이 아닌 인용이다.
P04675,"②제77조제2항에 따라 시ㆍ도 조례로 정하는 지역의 후기학교 주간부 신입생은 고등학교 학교군별로 추첨에 의하여 교육감이 각 고등학교에 배정하되, 제81조제5항에 따라 2이상의 학교를 선택하여 지원한 경우에는 그 입학지원자 중에서 추첨에 의하여 해당 학교 정원의 전부 또는 일부를 배정할 수 있다. 다만, 제90조제1항제6호에 해당하는 특수목적고등학교 및 제91조의4에 따른 자율형 사립고등학교의 신입생은 해당 학교의 장이 선발한다.",위임,조례,3,"'시·도 조례로 정하는 지역'이라는 요건 일부를 조례에 맡기는 부분 위임 형태이나, 제77조제2항 인용을 매개한 재인용 성격도 있다."
P04676,"⑦제2항 본문에 따른 후기학교의 추첨ㆍ배정에 관하여 교육감의 자문에 응하게 하기 위하여 학교군별로 고등학교입학추첨관리위원회를 두며, 그 조직과 운영에 관한 사항은 시ㆍ도 교육규칙으로 정한다.",위임,교육규칙,5,위원회의 조직·운영 사항을 시·도 교육규칙으로 정하도록 규율권한을 넘긴다.
P04677,"⑦제2항 본문에 따른 후기학교의 추첨ㆍ배정에 관하여 교육감의 자문에 응하게 하기 위하여 학교군별로 고등학교입학추첨관리위원회를 두며, 그 조직과 운영에 관한 사항은 시ㆍ도 교육규칙으로 정한다.",위임,교육규칙,5,위원회 조직·운영 사항을 시·도 교육규칙으로 정하도록 규율권한을 넘긴다.
P04678,"⑦제2항 본문에 따른 후기학교의 추첨ㆍ배정에 관하여 교육감의 자문에 응하게 하기 위하여 학교군별로 고등학교입학추첨관리위원회를 두며, 그 조직과 운영에 관한 사항은 시ㆍ도 교육규칙으로 정한다.",위임,교육규칙,5,위원회의 조직·운영 사항을 시·도 교육규칙에 정하도록 규율권한을 넘긴다.
P04679,"②제77조제2항에 따라 시ㆍ도 조례로 정하는 지역의 후기학교 주간부 신입생은 고등학교 학교군별로 추첨에 의하여 교육감이 각 고등학교에 배정하되, 제81조제5항에 따라 2이상의 학교를 선택하여 지원한 경우에는 그 입학지원자 중에서 추첨에 의하여 해당 학교 정원의 전부 또는 일부를 배정할 수 있다. 다만, 제90조제1항제6호에 해당하는 특수목적고등학교 및 제91조의4에 따른 자율형 사립고등학교의 신입생은 해당 학교의 장이 선발한다.",인용,해당없음,3,제77조제2항에 따른 조례 지정 지역을 원용하고 교육감의 개별 배정 처분 권한만 규정하므로 인용이다.
P04680,③ 제2항 본문에도 불구하고 제77조제2항에 따라 시ㆍ도 조례로 정하는 지역의 주간부 후기학교 중 거리ㆍ교통이 통학상 극히 불편한 지역에 소재하거나 특별한 사유가 있어 추첨 배정이 곤란한 학교로서 교육감이 지정하는 학교의 신입생은 교육감이 추첨으로 배정하는 대신 해당 학교의 장이 선발할 수 있다.,인용,해당없음,4,제77조제2항에 따라 조례로 정하는 지역을 원용하고 교육감의 학교 지정은 개별 처분 권한이므로 인용이다.
P04681,④제77조제2항에 따라 시ㆍ도 조례로 정하는 지역의 후기학교 야간부 신입생은 교육감이 각 학교에 통보한 입학전형에 관한 자료에 따라 당해 학교의 장이 선발한다.,위임,조례,3,'시·도 조례로 정하는 지역'은 적용 대상 요건의 일부를 조례에 맡기는 부분 위임이다(다만 제77조제2항의 위임을 원용하는 성격도 있음).
P04682,"⑦제2항 본문에 따른 후기학교의 추첨ㆍ배정에 관하여 교육감의 자문에 응하게 하기 위하여 학교군별로 고등학교입학추첨관리위원회를 두며, 그 조직과 운영에 관한 사항은 시ㆍ도 교육규칙으로 정한다.",위임,교육규칙,5,위원회의 조직·운영 사항을 시·도 교육규칙에 정하도록 규율권한을 넘긴다.
P04683,"②제77조제2항에 따라 시ㆍ도 조례로 정하는 지역의 후기학교 주간부 신입생은 고등학교 학교군별로 추첨에 의하여 교육감이 각 고등학교에 배정하되, 제81조제5항에 따라 2이상의 학교를 선택하여 지원한 경우에는 그 입학지원자 중에서 추첨에 의하여 해당 학교 정원의 전부 또는 일부를 배정할 수 있다. 다만, 제90조제1항제6호에 해당하는 특수목적고등학교 및 제91조의4에 따른 자율형 사립고등학교의 신입생은 해당 학교의 장이 선발한다.",인용,해당없음,3,제77조제2항에 따라 이미 조례에 위임된 지역을 원용하는 것일 뿐 이 문장 자체가 조례에 새로운 규율권한을 넘기지 않는다.
P04684,③ 제2항 본문에도 불구하고 제77조제2항에 따라 시ㆍ도 조례로 정하는 지역의 주간부 후기학교 중 거리ㆍ교통이 통학상 극히 불편한 지역에 소재하거나 특별한 사유가 있어 추첨 배정이 곤란한 학교로서 교육감이 지정하는 학교의 신입생은 교육감이 추첨으로 배정하는 대신 해당 학교의 장이 선발할 수 있다.,인용,해당없음,4,제77조제2항의 조례를 원용하고 교육감의 학교 지정·학교장의 선발이라는 개별 처분 권한만 정하므로 규율권한 위임이 아니다.
P04685,④제77조제2항에 따라 시ㆍ도 조례로 정하는 지역의 후기학교 야간부 신입생은 교육감이 각 학교에 통보한 입학전형에 관한 자료에 따라 당해 학교의 장이 선발한다.,위임,조례,3,'시·도 조례로 정하는 지역'이라는 미완료형 부분위임 문구로 조례에 요건 확정을 맡기고 있다.
P04686,④제77조제2항에 따라 시ㆍ도 조례로 정하는 지역의 후기학교 야간부 신입생은 교육감이 각 학교에 통보한 입학전형에 관한 자료에 따라 당해 학교의 장이 선발한다.,위임,조례,3,'조례로 정하는 지역'이라는 요건 일부를 조례에 맡기는 부분 위임 형태이나 제77조제2항의 위임을 원용하는 성격도 있다.
P04687,③ 제2항 본문에도 불구하고 제77조제2항에 따라 시ㆍ도 조례로 정하는 지역의 주간부 후기학교 중 거리ㆍ교통이 통학상 극히 불편한 지역에 소재하거나 특별한 사유가 있어 추첨 배정이 곤란한 학교로서 교육감이 지정하는 학교의 신입생은 교육감이 추첨으로 배정하는 대신 해당 학교의 장이 선발할 수 있다.,인용,해당없음,4,"제77조제2항에 따라 조례로 정하는 지역을 원용하고 교육감 지정·학교장 선발이라는 개별 권한을 부여할 뿐, 새로 하위 규범에 규율권한을 넘기지 않는다."
P04688,"②제77조제2항에 따라 시ㆍ도 조례로 정하는 지역의 후기학교 주간부 신입생은 고등학교 학교군별로 추첨에 의하여 교육감이 각 고등학교에 배정하되, 제81조제5항에 따라 2이상의 학교를 선택하여 지원한 경우에는 그 입학지원자 중에서 추첨에 의하여 해당 학교 정원의 전부 또는 일부를 배정할 수 있다. 다만, 제90조제1항제6호에 해당하는 특수목적고등학교 및 제91조의4에 따른 자율형 사립고등학교의 신입생은 해당 학교의 장이 선발한다.",인용,해당없음,3,"제77조제2항에 따른 조례 지정 지역을 원용하는 인용이고, 이 문장 자체가 조례에 새 규율권한을 넘기지는 않는다."
P04689,"⑦제2항 본문에 따른 후기학교의 추첨ㆍ배정에 관하여 교육감의 자문에 응하게 하기 위하여 학교군별로 고등학교입학추첨관리위원회를 두며, 그 조직과 운영에 관한 사항은 시ㆍ도 교육규칙으로 정한다.",위임,교육규칙,5,위원회 조직·운영 사항을 시·도 교육규칙에 정하도록 규율권한을 넘긴다.
P04690,④제77조제2항에 따라 시ㆍ도 조례로 정하는 지역의 후기학교 야간부 신입생은 교육감이 각 학교에 통보한 입학전형에 관한 자료에 따라 당해 학교의 장이 선발한다.,인용,해당없음,3,제77조제2항에 따른 조례 지정 지역을 원용할 뿐 새로운 규율권한을 넘기지 않는다.
P04691,③ 제2항 본문에도 불구하고 제77조제2항에 따라 시ㆍ도 조례로 정하는 지역의 주간부 후기학교 중 거리ㆍ교통이 통학상 극히 불편한 지역에 소재하거나 특별한 사유가 있어 추첨 배정이 곤란한 학교로서 교육감이 지정하는 학교의 신입생은 교육감이 추첨으로 배정하는 대신 해당 학교의 장이 선발할 수 있다.,인용,해당없음,4,제77조제2항에 따른 조례 지역을 원용하고 교육감의 학교 지정·학교장 선발은 개별 처분 권한이므로 규율권한 위임이 아니다.
P04692,"②제77조제2항에 따라 시ㆍ도 조례로 정하는 지역의 후기학교 주간부 신입생은 고등학교 학교군별로 추첨에 의하여 교육감이 각 고등학교에 배정하되, 제81조제5항에 따라 2이상의 학교를 선택하여 지원한 경우에는 그 입학지원자 중에서 추첨에 의하여 해당 학교 정원의 전부 또는 일부를 배정할 수 있다. 다만, 제90조제1항제6호에 해당하는 특수목적고등학교 및 제91조의4에 따른 자율형 사립고등학교의 신입생은 해당 학교의 장이 선발한다.",위임,조례,3,'시·도 조례로 정하는 지역'이라는 요건 일부를 조례에 맡기는 부분 위임 형태이다(제77조제2항 근거 참조 포함).
P04693,"⑦제2항 본문에 따른 후기학교의 추첨ㆍ배정에 관하여 교육감의 자문에 응하게 하기 위하여 학교군별로 고등학교입학추첨관리위원회를 두며, 그 조직과 운영에 관한 사항은 시ㆍ도 교육규칙으로 정한다.",위임,교육규칙,5,위원회의 조직·운영 사항을 시·도 교육규칙에 정하도록 규율권한을 넘긴다.
P04694,④제77조제2항에 따라 시ㆍ도 조례로 정하는 지역의 후기학교 야간부 신입생은 교육감이 각 학교에 통보한 입학전형에 관한 자료에 따라 당해 학교의 장이 선발한다.,위임,조례,3,'시ㆍ도 조례로 정하는 지역'이라는 요건 일부를 조례에 맡기는 부분 위임 형식이다.
P04695,③ 제2항 본문에도 불구하고 제77조제2항에 따라 시ㆍ도 조례로 정하는 지역의 주간부 후기학교 중 거리ㆍ교통이 통학상 극히 불편한 지역에 소재하거나 특별한 사유가 있어 추첨 배정이 곤란한 학교로서 교육감이 지정하는 학교의 신입생은 교육감이 추첨으로 배정하는 대신 해당 학교의 장이 선발할 수 있다.,인용,해당없음,4,조례로 정하는 지역은 제77조제2항을 원용한 것이고 교육감의 학교 지정·학교장의 선발은 개별 처분 권한이므로 인용이다.
P04696,"②제77조제2항에 따라 시ㆍ도 조례로 정하는 지역의 후기학교 주간부 신입생은 고등학교 학교군별로 추첨에 의하여 교육감이 각 고등학교에 배정하되, 제81조제5항에 따라 2이상의 학교를 선택하여 지원한 경우에는 그 입학지원자 중에서 추첨에 의하여 해당 학교 정원의 전부 또는 일부를 배정할 수 있다. 다만, 제90조제1항제6호에 해당하는 특수목적고등학교 및 제91조의4에 따른 자율형 사립고등학교의 신입생은 해당 학교의 장이 선발한다.",인용,해당없음,3,제77조제2항에 따른 조례 지정 지역을 원용하고 교육감의 개별 배정 처분 권한을 규정한 것이므로 인용이다.
P04697,"⑦제2항 본문에 따른 후기학교의 추첨ㆍ배정에 관하여 교육감의 자문에 응하게 하기 위하여 학교군별로 고등학교입학추첨관리위원회를 두며, 그 조직과 운영에 관한 사항은 시ㆍ도 교육규칙으로 정한다.",위임,교육규칙,5,위원회의 조직·운영 사항을 시·도 교육규칙에 정하도록 규율권한을 넘긴다.
P04698,"⑦제2항 본문에 따른 후기학교의 추첨ㆍ배정에 관하여 교육감의 자문에 응하게 하기 위하여 학교군별로 고등학교입학추첨관리위원회를 두며, 그 조직과 운영에 관한 사항은 시ㆍ도 교육규칙으로 정한다.",위임,교육규칙,5,위원회 조직·운영 사항을 시·도 교육규칙에 정하도록 규율권한을 넘긴다.
P04699,"①교육감은 입학전형에 응시한 자중 체육특기자에 대하여는 입학전형결과에 불구하고 그 관할지역의 당해 학년 입학정원중 그가 정하는 범위안에서 입학을 허가하되, 제77조제2항에 따라 시·도 조례로 정하는 지역의 후기학교의 경우에는 교육감이 제84조제1항 및 제2항의 규정에 불구하고 학교군에 제한없이 체육종목별로 체육특기학교와 종목별 정원을 정하고 이에 따라 체육특기자를 배정한다.",위임,미특정,3,"교육감이 '정하는 범위'로 규율권한을 넘기나 법형식을 지정하지 않았고, '시·도 조례로 정하는 지역'은 제77조제2항을 가리키는 인용에 해당한다."
P04700,"①교육감은 입학전형에 응시한 자중 체육특기자에 대하여는 입학전형결과에 불구하고 그 관할지역의 당해 학년 입학정원중 그가 정하는 범위안에서 입학을 허가하되, 제77조제2항에 따라 시·도 조례로 정하는 지역의 후기학교의 경우에는 교육감이 제84조제1항 및 제2항의 규정에 불구하고 학교군에 제한없이 체육종목별로 체육특기학교와 종목별 정원을 정하고 이에 따라 체육특기자를 배정한다.",위임,미특정,3,"교육감이 '그가 정하는 범위'에서 입학 허가 범위를 정하도록 법형식 없이 위임하며, '시·도 조례로 정하는 지역'은 제77조제2항을 인용한 부분에 불과하다."
P04701,"①교육감은 입학전형에 응시한 자중 체육특기자에 대하여는 입학전형결과에 불구하고 그 관할지역의 당해 학년 입학정원중 그가 정하는 범위안에서 입학을 허가하되, 제77조제2항에 따라 시·도 조례로 정하는 지역의 후기학교의 경우에는 교육감이 제84조제1항 및 제2항의 규정에 불구하고 학교군에 제한없이 체육종목별로 체육특기학교와 종목별 정원을 정하고 이에 따라 체육특기자를 배정한다.",위임,미특정,3,"'그가 정하는 범위안에서'로 교육감에게 형식 미지정의 기준 설정 권한을 넘기며, '조례로 정하는 지역'은 기존 조례를 가리키는 인용에 불과하다."
P04702,"①교육감은 입학전형에 응시한 자중 체육특기자에 대하여는 입학전형결과에 불구하고 그 관할지역의 당해 학년 입학정원중 그가 정하는 범위안에서 입학을 허가하되, 제77조제2항에 따라 시·도 조례로 정하는 지역의 후기학교의 경우에는 교육감이 제84조제1항 및 제2항의 규정에 불구하고 학교군에 제한없이 체육종목별로 체육특기학교와 종목별 정원을 정하고 이에 따라 체육특기자를 배정한다.",위임,미특정,3,"'그가 정하는 범위안에서'로 교육감에게 형식을 지정하지 않은 부분 위임을 하고 있고, '시·도 조례로 정하는 지역'은 제77조제2항의 인용에 해당한다."
P04703,"①교육감은 입학전형에 응시한 자중 체육특기자에 대하여는 입학전형결과에 불구하고 그 관할지역의 당해 학년 입학정원중 그가 정하는 범위안에서 입학을 허가하되, 제77조제2항에 따라 시·도 조례로 정하는 지역의 후기학교의 경우에는 교육감이 제84조제1항 및 제2항의 규정에 불구하고 학교군에 제한없이 체육종목별로 체육특기학교와 종목별 정원을 정하고 이에 따라 체육특기자를 배정한다.",위임,미특정,3,"'그가 정하는 범위안에서'로 교육감에게 형식을 지정하지 않은 규율권한을 넘기며, 조례 부분은 제77조제2항에 따른 인용에 그친다."
P04704,"①교육감은 입학전형에 응시한 자중 체육특기자에 대하여는 입학전형결과에 불구하고 그 관할지역의 당해 학년 입학정원중 그가 정하는 범위안에서 입학을 허가하되, 제77조제2항에 따라 시·도 조례로 정하는 지역의 후기학교의 경우에는 교육감이 제84조제1항 및 제2항의 규정에 불구하고 학교군에 제한없이 체육종목별로 체육특기학교와 종목별 정원을 정하고 이에 따라 체육특기자를 배정한다.",위임,미특정,3,"교육감이 '정하는 범위안에서' 입학 허가 범위를 정하도록 법형식을 지정하지 않고 맡기는 부분 위임이며, '시·도 조례로 정하는 지역'은 제77조제2항을 가리키는 인용에 해당한다."
P04705,"①교육감은 입학전형에 응시한 자중 체육특기자에 대하여는 입학전형결과에 불구하고 그 관할지역의 당해 학년 입학정원중 그가 정하는 범위안에서 입학을 허가하되, 제77조제2항에 따라 시·도 조례로 정하는 지역의 후기학교의 경우에는 교육감이 제84조제1항 및 제2항의 규정에 불구하고 학교군에 제한없이 체육종목별로 체육특기학교와 종목별 정원을 정하고 이에 따라 체육특기자를 배정한다.",인용,해당없음,3,"표지어구 '조례로'는 제77조제2항에 따라 조례로 정하는 지역을 가리키는 원용에 해당하고, 이 문장 자체는 조례에 새로 규율권한을 넘기지 않는다."
P04706,"①교육감은 입학전형에 응시한 자중 체육특기자에 대하여는 입학전형결과에 불구하고 그 관할지역의 당해 학년 입학정원중 그가 정하는 범위안에서 입학을 허가하되, 제77조제2항에 따라 시·도 조례로 정하는 지역의 후기학교의 경우에는 교육감이 제84조제1항 및 제2항의 규정에 불구하고 학교군에 제한없이 체육종목별로 체육특기학교와 종목별 정원을 정하고 이에 따라 체육특기자를 배정한다.",위임,미특정|조례,3,교육감이 정하는 범위와 시·도 조례로 정하는 지역이라는 부분 위임이 문언에 포함되어 있어 형식 미특정과 조례가 병기된 위임으로 본다.
P04707,"①교육감은 입학전형에 응시한 자중 체육특기자에 대하여는 입학전형결과에 불구하고 그 관할지역의 당해 학년 입학정원중 그가 정하는 범위안에서 입학을 허가하되, 제77조제2항에 따라 시·도 조례로 정하는 지역의 후기학교의 경우에는 교육감이 제84조제1항 및 제2항의 규정에 불구하고 학교군에 제한없이 체육종목별로 체육특기학교와 종목별 정원을 정하고 이에 따라 체육특기자를 배정한다.",인용,해당없음,3,"'시·도 조례로 정하는 지역'은 제77조제2항에 따라 이미 조례로 정해진 지역을 가리키는 인용이고, 나머지는 교육감의 개별 배정 처분 권한 부여에 해당한다."
P04708,"①교육감은 입학전형에 응시한 자중 체육특기자에 대하여는 입학전형결과에 불구하고 그 관할지역의 당해 학년 입학정원중 그가 정하는 범위안에서 입학을 허가하되, 제77조제2항에 따라 시·도 조례로 정하는 지역의 후기학교의 경우에는 교육감이 제84조제1항 및 제2항의 규정에 불구하고 학교군에 제한없이 체육종목별로 체육특기학교와 종목별 정원을 정하고 이에 따라 체육특기자를 배정한다.",위임,미특정,3,"'그가 정하는 범위안에서'로 교육감에게 법형식을 특정하지 않은 채 기준 설정 권한을 넘기며, 조례 언급 부분은 기존 조례를 가리키는 인용에 불과하다."
P04709,"①교육감은 입학전형에 응시한 자중 체육특기자에 대하여는 입학전형결과에 불구하고 그 관할지역의 당해 학년 입학정원중 그가 정하는 범위안에서 입학을 허가하되, 제77조제2항에 따라 시·도 조례로 정하는 지역의 후기학교의 경우에는 교육감이 제84조제1항 및 제2항의 규정에 불구하고 학교군에 제한없이 체육종목별로 체육특기학교와 종목별 정원을 정하고 이에 따라 체육특기자를 배정한다.",위임,미특정,3,"교육감이 '정하는 범위안에서'로 규율권한을 넘기되 법형식을 지정하지 않았고, '시·도 조례로 정하는 지역'은 제77조제2항에 따른 인용에 해당한다."
P04710,제81조의 규정에 의하여 입학전형에 응시하고자 하는 자는 시·도교육규칙이 정하는 바에 의하여 전형료를 납부하여야 한다.,위임,교육규칙,4,전형료 납부 사항을 시·도교육규칙이 정하도록 규율권한을 넘긴다.
P04711,제81조의 규정에 의하여 입학전형에 응시하고자 하는 자는 시·도교육규칙이 정하는 바에 의하여 전형료를 납부하여야 한다.,위임,교육규칙,4,전형료 납부 사항을 시·도교육규칙이 정하도록 규율권한을 넘긴다.
P04712,제81조의 규정에 의하여 입학전형에 응시하고자 하는 자는 시·도교육규칙이 정하는 바에 의하여 전형료를 납부하여야 한다.,위임,교육규칙,4,전형료 납부 사항을 시·도교육규칙이 정하도록 규율권한을 넘긴다.
P04713,제81조의 규정에 의하여 입학전형에 응시하고자 하는 자는 시·도교육규칙이 정하는 바에 의하여 전형료를 납부하여야 한다.,위임,교육규칙,5,전형료 납부에 관한 사항을 시·도교육규칙이 정하도록 규율권한을 넘긴다.
P04714,제81조의 규정에 의하여 입학전형에 응시하고자 하는 자는 시·도교육규칙이 정하는 바에 의하여 전형료를 납부하여야 한다.,위임,교육규칙,4,전형료 납부에 관한 사항을 시·도교육규칙이 정하도록 규율권한을 넘긴다.
P04715,제81조의 규정에 의하여 입학전형에 응시하고자 하는 자는 시·도교육규칙이 정하는 바에 의하여 전형료를 납부하여야 한다.,위임,교육규칙,5,전형료 납부 사항을 시·도교육규칙이 정하도록 규율권한을 넘긴다.
P04716,제81조의 규정에 의하여 입학전형에 응시하고자 하는 자는 시·도교육규칙이 정하는 바에 의하여 전형료를 납부하여야 한다.,위임,교육규칙,5,전형료 납부 방법을 시·도교육규칙에 정하도록 규율권한을 넘긴다.
P04717,제81조의 규정에 의하여 입학전형에 응시하고자 하는 자는 시·도교육규칙이 정하는 바에 의하여 전형료를 납부하여야 한다.,위임,교육규칙,5,전형료 납부에 관한 사항을 시·도교육규칙이 정하도록 규율권한을 넘긴다.
P04718,제81조의 규정에 의하여 입학전형에 응시하고자 하는 자는 시·도교육규칙이 정하는 바에 의하여 전형료를 납부하여야 한다.,위임,교육규칙,4,전형료 납부 사항을 시·도교육규칙이 정하도록 규율권한을 넘긴다.
P04719,제81조의 규정에 의하여 입학전형에 응시하고자 하는 자는 시·도교육규칙이 정하는 바에 의하여 전형료를 납부하여야 한다.,위임,교육규칙,4,전형료 납부에 관한 구체적 사항을 시·도교육규칙이 정하도록 규율권한을 넘긴다.
P04720,제81조의 규정에 의하여 입학전형에 응시하고자 하는 자는 시·도교육규칙이 정하는 바에 의하여 전형료를 납부하여야 한다.,위임,교육규칙,4,전형료 납부 방법을 시·도교육규칙이 정하도록 규율권한을 넘기는 부분 위임이다.
P04721,제81조의 규정에 의하여 입학전형에 응시하고자 하는 자는 시·도교육규칙이 정하는 바에 의하여 전형료를 납부하여야 한다.,위임,교육규칙,5,전형료 납부에 관한 사항을 시·도교육규칙이 정하도록 규율권한을 넘긴다.
P04722,제81조의 규정에 의하여 입학전형에 응시하고자 하는 자는 시·도교육규칙이 정하는 바에 의하여 전형료를 납부하여야 한다.,위임,교육규칙,4,전형료 납부에 관한 사항을 시·도교육규칙이 정하도록 규율권한을 넘긴다.
P04723,제81조의 규정에 의하여 입학전형에 응시하고자 하는 자는 시·도교육규칙이 정하는 바에 의하여 전형료를 납부하여야 한다.,위임,교육규칙,4,전형료 납부 사항을 시·도교육규칙이 정하도록 규율권한을 넘긴다.
P04724,제81조의 규정에 의하여 입학전형에 응시하고자 하는 자는 시·도교육규칙이 정하는 바에 의하여 전형료를 납부하여야 한다.,위임,교육규칙,4,전형료 납부에 관한 사항을 시·도교육규칙이 정하도록 규율권한을 넘긴다.
P04725,제81조의 규정에 의하여 입학전형에 응시하고자 하는 자는 시·도교육규칙이 정하는 바에 의하여 전형료를 납부하여야 한다.,위임,교육규칙,4,전형료 납부에 관한 사항을 시·도교육규칙이 정하도록 규율권한을 넘긴다.
P04726,제81조의 규정에 의하여 입학전형에 응시하고자 하는 자는 시·도교육규칙이 정하는 바에 의하여 전형료를 납부하여야 한다.,위임,교육규칙,5,전형료 납부에 관한 사항을 시·도교육규칙이 정하도록 규율권한을 넘긴다.
P04727,제81조의 규정에 의하여 입학전형에 응시하고자 하는 자는 시·도교육규칙이 정하는 바에 의하여 전형료를 납부하여야 한다.,위임,교육규칙,4,전형료 납부에 관한 사항을 시·도교육규칙이 정하도록 규율권한을 넘기고 있다.
P04728,"②제1항의 규정에 불구하고 일반고등학교 주간부에서 제77조제2항에 따라 시·도 조례로 정하는 지역에 소재하는 일반고등학교 주간부로의 전학의 경우에는 전학하려는 사람의 거주지가 학교군 또는 시·도가 다른 지역에서 이전된 경우에 한정하며, 교육감이 전학할 학교를 배정한다. 이 경우 거주지가 이전된 사람중 당해 학교군에 소재하는 학교에 결원이 없고 인근학교군에 소재하는 학교에 결원이 있는 경우로서 본인이 원하는 때에는 거주지의 인근 학교군에 소재하는 학교로의 전학을 허용할 수 있다.",인용,해당없음,4,"제77조제2항에 따라 조례로 정해지는 지역을 요건으로 원용하는 인용이고, 교육감의 학교 배정은 개별 처분 권한이다."
P04729,"②제1항의 규정에 불구하고 일반고등학교 주간부에서 제77조제2항에 따라 시·도 조례로 정하는 지역에 소재하는 일반고등학교 주간부로의 전학의 경우에는 전학하려는 사람의 거주지가 학교군 또는 시·도가 다른 지역에서 이전된 경우에 한정하며, 교육감이 전학할 학교를 배정한다. 이 경우 거주지가 이전된 사람중 당해 학교군에 소재하는 학교에 결원이 없고 인근학교군에 소재하는 학교에 결원이 있는 경우로서 본인이 원하는 때에는 거주지의 인근 학교군에 소재하는 학교로의 전학을 허용할 수 있다.",인용,해당없음,3,"제77조제2항에 따라 이미 위임된 조례로 정하는 지역을 가리키는 인용이며, 교육감의 배정은 개별 처분 권한이다."
P04730,"②제1항의 규정에 불구하고 일반고등학교 주간부에서 제77조제2항에 따라 시·도 조례로 정하는 지역에 소재하는 일반고등학교 주간부로의 전학의 경우에는 전학하려는 사람의 거주지가 학교군 또는 시·도가 다른 지역에서 이전된 경우에 한정하며, 교육감이 전학할 학교를 배정한다. 이 경우 거주지가 이전된 사람중 당해 학교군에 소재하는 학교에 결원이 없고 인근학교군에 소재하는 학교에 결원이 있는 경우로서 본인이 원하는 때에는 거주지의 인근 학교군에 소재하는 학교로의 전학을 허용할 수 있다.",인용,해당없음,3,"제77조제2항에 이미 마련된 조례 위임을 원용하여 지역을 특정하는 인용이고, 교육감의 학교 배정은 개별 처분 권한이다."
P04731,"②제1항의 규정에 불구하고 일반고등학교 주간부에서 제77조제2항에 따라 시·도 조례로 정하는 지역에 소재하는 일반고등학교 주간부로의 전학의 경우에는 전학하려는 사람의 거주지가 학교군 또는 시·도가 다른 지역에서 이전된 경우에 한정하며, 교육감이 전학할 학교를 배정한다. 이 경우 거주지가 이전된 사람중 당해 학교군에 소재하는 학교에 결원이 없고 인근학교군에 소재하는 학교에 결원이 있는 경우로서 본인이 원하는 때에는 거주지의 인근 학교군에 소재하는 학교로의 전학을 허용할 수 있다.",인용,해당없음,4,"제77조제2항에 따라 이미 조례로 정한 지역을 가리키는 인용이고, 교육감의 학교 배정은 개별 처분 권한에 해당한다."
P04732,"②제1항의 규정에 불구하고 일반고등학교 주간부에서 제77조제2항에 따라 시·도 조례로 정하는 지역에 소재하는 일반고등학교 주간부로의 전학의 경우에는 전학하려는 사람의 거주지가 학교군 또는 시·도가 다른 지역에서 이전된 경우에 한정하며, 교육감이 전학할 학교를 배정한다. 이 경우 거주지가 이전된 사람중 당해 학교군에 소재하는 학교에 결원이 없고 인근학교군에 소재하는 학교에 결원이 있는 경우로서 본인이 원하는 때에는 거주지의 인근 학교군에 소재하는 학교로의 전학을 허용할 수 있다.",인용,해당없음,4,"제77조제2항에 따른 조례로 정하는 지역을 가리키는 원용이고, 교육감의 학교 배정은 개별 처분 권한이므로 인용이다."
P04733,"②제1항의 규정에 불구하고 일반고등학교 주간부에서 제77조제2항에 따라 시·도 조례로 정하는 지역에 소재하는 일반고등학교 주간부로의 전학의 경우에는 전학하려는 사람의 거주지가 학교군 또는 시·도가 다른 지역에서 이전된 경우에 한정하며, 교육감이 전학할 학교를 배정한다. 이 경우 거주지가 이전된 사람중 당해 학교군에 소재하는 학교에 결원이 없고 인근학교군에 소재하는 학교에 결원이 있는 경우로서 본인이 원하는 때에는 거주지의 인근 학교군에 소재하는 학교로의 전학을 허용할 수 있다.",인용,해당없음,3,제77조제2항에 따라 이미 조례로 정해진 지역을 원용하고 교육감의 개별 배정 처분 권한만 정한 것이므로 인용이다.
P04734,"②제1항의 규정에 불구하고 일반고등학교 주간부에서 제77조제2항에 따라 시·도 조례로 정하는 지역에 소재하는 일반고등학교 주간부로의 전학의 경우에는 전학하려는 사람의 거주지가 학교군 또는 시·도가 다른 지역에서 이전된 경우에 한정하며, 교육감이 전학할 학교를 배정한다. 이 경우 거주지가 이전된 사람중 당해 학교군에 소재하는 학교에 결원이 없고 인근학교군에 소재하는 학교에 결원이 있는 경우로서 본인이 원하는 때에는 거주지의 인근 학교군에 소재하는 학교로의 전학을 허용할 수 있다.",인용,해당없음,3,제77조제2항에 따라 이미 조례로 정해진 지역을 가리키는 원용이고 교육감의 학교 배정은 개별 처분 권한이다.
P04735,"②제1항의 규정에 불구하고 일반고등학교 주간부에서 제77조제2항에 따라 시·도 조례로 정하는 지역에 소재하는 일반고등학교 주간부로의 전학의 경우에는 전학하려는 사람의 거주지가 학교군 또는 시·도가 다른 지역에서 이전된 경우에 한정하며, 교육감이 전학할 학교를 배정한다. 이 경우 거주지가 이전된 사람중 당해 학교군에 소재하는 학교에 결원이 없고 인근학교군에 소재하는 학교에 결원이 있는 경우로서 본인이 원하는 때에는 거주지의 인근 학교군에 소재하는 학교로의 전학을 허용할 수 있다.",인용,해당없음,3,제77조제2항에 따른 시·도 조례로 정하는 지역을 원용하고 교육감의 개별 배정 처분 권한만 정하므로 인용이다.
P04736,"②제1항의 규정에 불구하고 일반고등학교 주간부에서 제77조제2항에 따라 시·도 조례로 정하는 지역에 소재하는 일반고등학교 주간부로의 전학의 경우에는 전학하려는 사람의 거주지가 학교군 또는 시·도가 다른 지역에서 이전된 경우에 한정하며, 교육감이 전학할 학교를 배정한다. 이 경우 거주지가 이전된 사람중 당해 학교군에 소재하는 학교에 결원이 없고 인근학교군에 소재하는 학교에 결원이 있는 경우로서 본인이 원하는 때에는 거주지의 인근 학교군에 소재하는 학교로의 전학을 허용할 수 있다.",인용,해당없음,3,제77조제2항이 이미 위임한 '조례로 정하는 지역'을 원용하고 교육감의 개별 배정 처분 권한만 정하므로 인용이다.
P04737,"②제1항의 규정에 불구하고 일반고등학교 주간부에서 제77조제2항에 따라 시·도 조례로 정하는 지역에 소재하는 일반고등학교 주간부로의 전학의 경우에는 전학하려는 사람의 거주지가 학교군 또는 시·도가 다른 지역에서 이전된 경우에 한정하며, 교육감이 전학할 학교를 배정한다. 이 경우 거주지가 이전된 사람중 당해 학교군에 소재하는 학교에 결원이 없고 인근학교군에 소재하는 학교에 결원이 있는 경우로서 본인이 원하는 때에는 거주지의 인근 학교군에 소재하는 학교로의 전학을 허용할 수 있다.",인용,해당없음,3,제77조제2항에 따른 조례 위임 내용을 원용하고 교육감의 개별 배정 처분 권한만 정하므로 인용이다.
P04738,"②제1항의 규정에 불구하고 일반고등학교 주간부에서 제77조제2항에 따라 시·도 조례로 정하는 지역에 소재하는 일반고등학교 주간부로의 전학의 경우에는 전학하려는 사람의 거주지가 학교군 또는 시·도가 다른 지역에서 이전된 경우에 한정하며, 교육감이 전학할 학교를 배정한다. 이 경우 거주지가 이전된 사람중 당해 학교군에 소재하는 학교에 결원이 없고 인근학교군에 소재하는 학교에 결원이 있는 경우로서 본인이 원하는 때에는 거주지의 인근 학교군에 소재하는 학교로의 전학을 허용할 수 있다.",인용,해당없음,3,제77조제2항에 따른 조례 지정 지역을 원용하고 교육감의 개별 배정 처분 권한을 정한 것이므로 인용이다.
P04739,사항은 교육부령으로,판단불가,부령,2,문장이 중간에서 잘려 종결 형태와 위임 여부를 확정할 수 없으나 표지어구상 교육부령이 지정되어 있다.
P04740,사항은 교육부령으로,판단불가,부령,2,문장이 중간에서 잘려 종결어(정한다 등)가 없어 위임 여부를 확정할 수 없으나 문언상 교육부령이 명시되어 있다.
P04741,사항은 교육부령으로,판단불가,부령,2,문장이 중간에서 잘려 종결부가 없어 위임 여부를 확정할 수 없으나 표지어구상 법형식은 교육부령(부령)으로 나타난다.
P04742,사항은 교육부령으로,판단불가,부령,3,문장이 중간에서 잘려 종결부가 없어 위임 여부를 확정할 수 없으나 표지어구상 교육부령(부령)이 지시되어 있다.
P04743,사항은 교육부령으로,판단불가,부령,3,문장이 '사항은 교육부령으로'에서 잘려 종결 문언을 확인할 수 없어 위임 여부를 확정할 수 없으나 표지어구는 교육부령이다.
P04744,사항은 교육부령으로,판단불가,부령,3,문장이 중간에서 잘려 종결부가 없어 위임 여부를 확정할 수 없으나 표지어구는 교육부령이다.
P04745,사항은 교육부령으로,판단불가,미특정,3,문장이 중간에 잘려 종결부가 없어 위임 여부를 확정할 수 없다.
P04746,사항은 교육부령으로,판단불가,부령,2,문장이 중간에서 잘려 종결 구조를 확인할 수 없어 위임 여부를 확정할 수 없으나 표지어구상 교육부령(부령)이 지목되어 있다.
P04747,운영 등에 관하여 교육부장관 또는 교육감이 정하여 고시하는 사항,위임,고시,4,교육부장관 또는 교육감이 정하여 고시하도록 규율권한을 넘기므로 고시 형식의 위임이다.
P04748,5. 교육감이 5년마다 시ㆍ도 교육규칙으로 정하는 바에 따라 해당 학교 운영 성과 등을 평가하여 지정 목적의 달성이 불가능하다고 인정되는 경우,위임,교육규칙,4,평가의 절차·기준 등을 시·도 교육규칙으로 정하도록 규율권한을 넘기는 부분 위임이다.
P04749,5. 교육감이 5년마다 시ㆍ도 교육규칙으로 정하는 바에 따라 해당 학교 운영 성과 등을 평가하여 지정 목적의 달성이 불가능하다고 인정되는 경우,위임,교육규칙,5,평가 절차 등을 시·도 교육규칙으로 정하도록 규율권한을 넘긴다.
P04750,5. 교육감이 5년마다 시ㆍ도 교육규칙으로 정하는 바에 따라 해당 학교 운영 성과 등을 평가하여 지정 목적의 달성이 불가능하다고 인정되는 경우,위임,교육규칙,4,평가의 구체적 사항을 시·도 교육규칙으로 정하도록 규율권한을 넘기는 부분 위임이다.
P04751,5. 교육감이 5년마다 시ㆍ도 교육규칙으로 정하는 바에 따라 해당 학교 운영 성과 등을 평가하여 지정 목적의 달성이 불가능하다고 인정되는 경우,위임,교육규칙,4,평가 절차 등을 시·도 교육규칙으로 정하도록 규율권한을 넘긴다.
P04752,5. 교육감이 5년마다 시ㆍ도 교육규칙으로 정하는 바에 따라 해당 학교 운영 성과 등을 평가하여 지정 목적의 달성이 불가능하다고 인정되는 경우,위임,교육규칙,4,평가 방법 등을 교육감이 시·도 교육규칙으로 정하도록 규율권한을 넘기는 부분 위임이다.
P04753,5. 교육감이 5년마다 시ㆍ도 교육규칙으로 정하는 바에 따라 해당 학교 운영 성과 등을 평가하여 지정 목적의 달성이 불가능하다고 인정되는 경우,위임,교육규칙,4,평가 절차·기준을 교육감이 시·도 교육규칙으로 정하도록 규율권한을 넘긴다.
P04754,5. 교육감이 5년마다 시ㆍ도 교육규칙으로 정하는 바에 따라 해당 학교 운영 성과 등을 평가하여 지정 목적의 달성이 불가능하다고 인정되는 경우,위임,교육규칙,4,평가 방법 등을 시·도 교육규칙으로 정하도록 규율권한을 넘기는 부분 위임이다.
P04755,5. 교육감이 5년마다 시ㆍ도 교육규칙으로 정하는 바에 따라 해당 학교 운영 성과 등을 평가하여 지정 목적의 달성이 불가능하다고 인정되는 경우,위임,교육규칙,4,평가의 기준·절차를 시·도 교육규칙으로 정하도록 규율권한을 넘기는 부분 위임이다.
P04756,5. 교육감이 5년마다 시ㆍ도 교육규칙으로 정하는 바에 따라 해당 학교 운영 성과 등을 평가하여 지정 목적의 달성이 불가능하다고 인정되는 경우,위임,교육규칙,4,평가의 구체적 사항을 시·도 교육규칙으로 정하도록 규율권한을 넘긴다.
P04757,5. 교육감이 5년마다 시ㆍ도 교육규칙으로 정하는 바에 따라 해당 학교 운영 성과 등을 평가하여 지정 목적의 달성이 불가능하다고 인정되는 경우,위임,교육규칙,4,평가 방법 등을 시·도 교육규칙으로 정하도록 규율권한을 넘긴다.
P04758,5. 교육감이 5년마다 시ㆍ도 교육규칙으로 정하는 바에 따라 해당 학교 운영 성과 등을 평가하여 지정 목적의 달성이 불가능하다고 인정되는 경우,위임,교육규칙,4,평가 방법 등을 시·도 교육규칙으로 정하도록 규율권한을 넘기는 부분 위임이다.
P04759,5. 교육감이 5년마다 시ㆍ도 교육규칙으로 정하는 바에 따라 해당 학교 운영 성과 등을 평가하여 지정 목적의 달성이 불가능하다고 인정되는 경우,위임,교육규칙,4,평가 방법 등을 시·도 교육규칙으로 정하도록 규율권한을 넘기는 부분 위임이다.
P04760,5. 교육감이 5년마다 시ㆍ도 교육규칙으로 정하는 바에 따라 해당 학교 운영 성과 등을 평가하여 지정 목적의 달성이 불가능하다고 인정되는 경우,위임,교육규칙,4,평가 방식 등을 시·도 교육규칙으로 정하도록 규율권한을 넘긴다.
P04761,② 제1항에 따른 특수목적고등학교 지정·운영위원회의 구성 및 운영에 필요한 사항은 시·도 교육규칙으로 정한다.,위임,교육규칙,5,위원회 구성·운영 사항을 시·도 교육규칙에 위임하는 종결형 위임 문장이다.
P04762,② 제1항에 따른 특수목적고등학교 지정·운영위원회의 구성 및 운영에 필요한 사항은 시·도 교육규칙으로 정한다.,위임,교육규칙,5,구성·운영에 필요한 사항을 시·도 교육규칙에 정하도록 규율권한을 넘긴다.
P04763,② 제1항에 따른 특수목적고등학교 지정·운영위원회의 구성 및 운영에 필요한 사항은 시·도 교육규칙으로 정한다.,위임,교육규칙,5,위원회 구성·운영에 필요한 사항을 시·도 교육규칙에 규율권한을 넘기는 위임이다.
P04764,② 제1항에 따른 특수목적고등학교 지정·운영위원회의 구성 및 운영에 필요한 사항은 시·도 교육규칙으로 정한다.,위임,교육규칙,5,구성·운영에 필요한 사항을 시·도 교육규칙에 규율권한을 넘기는 위임이다.
P04765,② 제1항에 따른 특수목적고등학교 지정·운영위원회의 구성 및 운영에 필요한 사항은 시·도 교육규칙으로 정한다.,위임,교육규칙,5,구성·운영에 필요한 사항의 규율권한을 시·도 교육규칙에 넘기는 위임이다.
P04766,② 제1항에 따른 특수목적고등학교 지정·운영위원회의 구성 및 운영에 필요한 사항은 시·도 교육규칙으로 정한다.,위임,교육규칙,5,위원회 구성·운영 사항을 시·도 교육규칙에 정하도록 규율권한을 넘긴다.
P04767,② 제1항에 따른 특수목적고등학교 지정·운영위원회의 구성 및 운영에 필요한 사항은 시·도 교육규칙으로 정한다.,위임,교육규칙,5,구성·운영에 필요한 사항의 규율권한을 시·도 교육규칙에 넘기는 위임이다.
P04768,② 제1항에 따른 특수목적고등학교 지정·운영위원회의 구성 및 운영에 필요한 사항은 시·도 교육규칙으로 정한다.,위임,교육규칙,5,위원회 구성·운영에 관한 사항을 시·도 교육규칙에 정하도록 규율권한을 넘긴다.
P04769,② 제1항에 따른 특수목적고등학교 지정·운영위원회의 구성 및 운영에 필요한 사항은 시·도 교육규칙으로 정한다.,위임,교육규칙,5,구성·운영에 필요한 사항을 시·도 교육규칙에 정하도록 규율권한을 넘긴다.
P04770,② 제1항에 따른 특수목적고등학교 지정·운영위원회의 구성 및 운영에 필요한 사항은 시·도 교육규칙으로 정한다.,위임,교육규칙,5,구성·운영에 관한 사항을 시·도 교육규칙에 규율권한을 넘기는 위임이다.
P04771,② 제1항에 따른 특수목적고등학교 지정·운영위원회의 구성 및 운영에 필요한 사항은 시·도 교육규칙으로 정한다.,위임,교육규칙,5,구성·운영에 필요한 사항을 시·도 교육규칙에 정하도록 규율권한을 넘긴다.
P04772,② 제1항에 따른 특수목적고등학교 지정·운영위원회의 구성 및 운영에 필요한 사항은 시·도 교육규칙으로 정한다.,위임,교육규칙,5,구성·운영에 필요한 사항을 시·도 교육규칙에 위임한다.
P04773,② 제1항에 따른 특수목적고등학교 지정·운영위원회의 구성 및 운영에 필요한 사항은 시·도 교육규칙으로 정한다.,위임,교육규칙,5,구성·운영에 관한 사항을 시·도 교육규칙에 규율권한을 넘기는 위임이다.
P04774,② 제1항에 따른 특수목적고등학교 지정·운영위원회의 구성 및 운영에 필요한 사항은 시·도 교육규칙으로 정한다.,위임,교육규칙,5,위원회 구성·운영 사항을 시·도 교육규칙에 정하도록 규율권한을 넘긴다.
P04775,② 제1항에 따른 특수목적고등학교 지정·운영위원회의 구성 및 운영에 필요한 사항은 시·도 교육규칙으로 정한다.,위임,교육규칙,5,위원회 구성·운영 사항을 시·도 교육규칙에 규율권한을 넘기는 위임이다.
P04776,② 제1항에 따른 특수목적고등학교 지정·운영위원회의 구성 및 운영에 필요한 사항은 시·도 교육규칙으로 정한다.,위임,교육규칙,5,구성 및 운영에 필요한 사항을 시·도 교육규칙에 정하도록 규율권한을 넘긴다.
P04777,② 제1항에 따른 특수목적고등학교 지정·운영위원회의 구성 및 운영에 필요한 사항은 시·도 교육규칙으로 정한다.,위임,교육규칙,5,구성·운영에 관한 사항을 시·도 교육규칙에 정하도록 규율권한을 넘긴다.
P04778,③ 제1항 및 제2항에서 규정한 사항 외에 특성화고등학교의 지정 및 운영에 필요한 사항은 시·도 교육규칙으로 정한다.,위임,교육규칙,5,잔여 사항의 규율권한을 시·도 교육규칙에 넘기는 위임 규정이다.
P04779,③ 제1항 및 제2항에서 규정한 사항 외에 특성화고등학교의 지정 및 운영에 필요한 사항은 시·도 교육규칙으로 정한다.,위임,교육규칙,5,문말 종결형으로 시·도 교육규칙에 규율권한을 넘긴다.
P04780,③ 제1항 및 제2항에서 규정한 사항 외에 특성화고등학교의 지정 및 운영에 필요한 사항은 시·도 교육규칙으로 정한다.,위임,교육규칙,5,잔여 사항의 규율권한을 시·도 교육규칙에 넘기는 위임 규정이다.
P04781,③ 제1항 및 제2항에서 규정한 사항 외에 특성화고등학교의 지정 및 운영에 필요한 사항은 시·도 교육규칙으로 정한다.,위임,교육규칙,5,문말 종결형으로 시·도 교육규칙에 규율권한을 넘긴다.
P04782,③ 제1항 및 제2항에서 규정한 사항 외에 특성화고등학교의 지정 및 운영에 필요한 사항은 시·도 교육규칙으로 정한다.,위임,교육규칙,5,문말 종결형으로 시·도 교육규칙에 규율권한을 넘긴다.
P04783,③ 제1항 및 제2항에서 규정한 사항 외에 특성화고등학교의 지정 및 운영에 필요한 사항은 시·도 교육규칙으로 정한다.,위임,교육규칙,5,잔여 사항의 규율권한을 시·도 교육규칙에 넘기는 위임이다.
P04784,③ 제1항 및 제2항에서 규정한 사항 외에 특성화고등학교의 지정 및 운영에 필요한 사항은 시·도 교육규칙으로 정한다.,위임,교육규칙,5,필요한 사항을 시·도 교육규칙으로 정하도록 규율권한을 넘긴다.
P04785,③ 제1항 및 제2항에서 규정한 사항 외에 특성화고등학교의 지정 및 운영에 필요한 사항은 시·도 교육규칙으로 정한다.,위임,교육규칙,5,문말 종결형으로 시·도 교육규칙에 규율권한을 넘긴다.
P04786,③ 제1항 및 제2항에서 규정한 사항 외에 특성화고등학교의 지정 및 운영에 필요한 사항은 시·도 교육규칙으로 정한다.,위임,교육규칙,5,시·도 교육규칙에 세부사항 규율권한을 넘기는 문말 종결형 위임이다.
P04787,③ 제1항 및 제2항에서 규정한 사항 외에 특성화고등학교의 지정 및 운영에 필요한 사항은 시·도 교육규칙으로 정한다.,위임,교육규칙,5,문말 종결형으로 시·도 교육규칙에 규율권한을 넘긴다.
P04788,③ 제1항 및 제2항에서 규정한 사항 외에 특성화고등학교의 지정 및 운영에 필요한 사항은 시·도 교육규칙으로 정한다.,위임,교육규칙,5,나머지 필요한 사항의 규율권한을 시·도 교육규칙에 넘기는 위임 규정이다.
P04789,③ 제1항 및 제2항에서 규정한 사항 외에 특성화고등학교의 지정 및 운영에 필요한 사항은 시·도 교육규칙으로 정한다.,위임,교육규칙,5,문말 종결형으로 시·도 교육규칙에 규율권한을 넘긴다.
P04790,③ 제1항 및 제2항에서 규정한 사항 외에 특성화고등학교의 지정 및 운영에 필요한 사항은 시·도 교육규칙으로 정한다.,위임,교육규칙,5,문말 종결형으로 시·도 교육규칙에 규율권한을 넘기는 위임이다.
P04791,③ 제1항 및 제2항에서 규정한 사항 외에 특성화고등학교의 지정 및 운영에 필요한 사항은 시·도 교육규칙으로 정한다.,위임,교육규칙,5,문말 종결형으로 시·도 교육규칙에 규율권한을 넘긴다.
P04792,② 제1항에 따른 특성화고등학교 지정·운영위원회의 구성 및 운영에 필요한 사항은 시·도 교육규칙으로 정한다.,위임,교육규칙,5,위원회 구성·운영 사항을 시·도 교육규칙에 정하도록 규율권한을 넘긴다.
P04793,② 제1항에 따른 특성화고등학교 지정·운영위원회의 구성 및 운영에 필요한 사항은 시·도 교육규칙으로 정한다.,위임,교육규칙,5,구성·운영에 필요한 사항을 시·도 교육규칙에 정하도록 규율권한을 넘긴다.
P04794,② 제1항에 따른 특성화고등학교 지정·운영위원회의 구성 및 운영에 필요한 사항은 시·도 교육규칙으로 정한다.,위임,교육규칙,5,위원회 구성·운영 사항을 시·도 교육규칙에 정하도록 규율권한을 넘긴다.
P04795,② 제1항에 따른 특성화고등학교 지정·운영위원회의 구성 및 운영에 필요한 사항은 시·도 교육규칙으로 정한다.,위임,교육규칙,5,구성·운영에 필요한 사항의 규율권한을 시·도 교육규칙에 넘기는 위임이다.
P04796,② 제1항에 따른 특성화고등학교 지정·운영위원회의 구성 및 운영에 필요한 사항은 시·도 교육규칙으로 정한다.,위임,교육규칙,5,위원회 구성·운영 사항을 시·도 교육규칙에 정하도록 규율권한을 넘긴다.
P04797,② 제1항에 따른 특성화고등학교 지정·운영위원회의 구성 및 운영에 필요한 사항은 시·도 교육규칙으로 정한다.,위임,교육규칙,5,위원회 구성·운영에 필요한 사항을 시·도 교육규칙에 정하도록 규율권한을 넘긴다.
P04798,② 제1항에 따른 특성화고등학교 지정·운영위원회의 구성 및 운영에 필요한 사항은 시·도 교육규칙으로 정한다.,위임,교육규칙,5,위원회 구성·운영 사항을 시·도 교육규칙에 정하도록 규율권한을 넘긴다.
P04799,② 제1항에 따른 특성화고등학교 지정·운영위원회의 구성 및 운영에 필요한 사항은 시·도 교육규칙으로 정한다.,위임,교육규칙,5,위원회 구성·운영 사항을 시·도 교육규칙에 정하도록 규율권한을 넘긴다.
P04800,② 제1항에 따른 특성화고등학교 지정·운영위원회의 구성 및 운영에 필요한 사항은 시·도 교육규칙으로 정한다.,위임,교육규칙,5,위원회 구성·운영 사항을 시·도 교육규칙에 정하도록 규율권한을 넘긴다.
P04801,② 제1항에 따른 특성화고등학교 지정·운영위원회의 구성 및 운영에 필요한 사항은 시·도 교육규칙으로 정한다.,위임,교육규칙,5,구성·운영에 필요한 사항을 시·도 교육규칙에 정하도록 규율권한을 넘긴다.
P04802,② 제1항에 따른 특성화고등학교 지정·운영위원회의 구성 및 운영에 필요한 사항은 시·도 교육규칙으로 정한다.,위임,교육규칙,5,위원회 구성·운영 사항을 시·도 교육규칙에 규율권한을 넘기는 위임이다.
P04803,② 제1항에 따른 특성화고등학교 지정·운영위원회의 구성 및 운영에 필요한 사항은 시·도 교육규칙으로 정한다.,위임,교육규칙,5,위원회 구성·운영 사항을 시·도 교육규칙에 정하도록 규율권한을 넘긴다.
P04804,② 제1항에 따른 특성화고등학교 지정·운영위원회의 구성 및 운영에 필요한 사항은 시·도 교육규칙으로 정한다.,위임,교육규칙,5,위원회 구성·운영 사항을 시·도 교육규칙에 규율권한으로 넘기는 위임이다.
P04805,② 제1항에 따른 특성화고등학교 지정·운영위원회의 구성 및 운영에 필요한 사항은 시·도 교육규칙으로 정한다.,위임,교육규칙,5,위원회 구성·운영 사항의 규율권한을 시·도 교육규칙에 넘기는 위임이다.
P04806,② 제1항에 따른 특성화고등학교 지정·운영위원회의 구성 및 운영에 필요한 사항은 시·도 교육규칙으로 정한다.,위임,교육규칙,5,위원회 구성·운영 사항을 시·도 교육규칙에 정하도록 규율권한을 넘긴다.
P04807,② 제1항에 따른 특성화고등학교 지정·운영위원회의 구성 및 운영에 필요한 사항은 시·도 교육규칙으로 정한다.,위임,교육규칙,5,위원회 구성·운영 사항을 시·도 교육규칙에 정하도록 규율권한을 넘긴다.
P04808,② 제1항에 따른 특성화고등학교 지정·운영위원회의 구성 및 운영에 필요한 사항은 시·도 교육규칙으로 정한다.,위임,교육규칙,5,위원회 구성·운영 사항을 시·도 교육규칙에 정하도록 규율권한을 넘긴다.
P04809,교육부령으로 정한다,위임,부령,5,문말 '교육부령으로 정한다'로 부령에 규율권한을 넘기는 위임이다.
P04810,교육부령으로 정한다,위임,부령,4,종결형 '교육부령으로 정한다'로 교육부령에 규율권한을 넘기는 위임이다.
P04811,교육부령으로 정한다,위임,부령,4,종결형 '교육부령으로 정한다'로 부령에 규율권한을 넘기는 위임이다.
P04812,교육부령으로 정한다,위임,부령,4,'교육부령으로 정한다'는 종결형으로 부령에 규율권한을 넘기는 위임이다.
P04813,교육부령으로 정한다,위임,부령,4,'교육부령으로 정한다'는 종결형으로 부령에 규율권한을 넘기는 위임이다.
P04814,교육부령으로 정한다,위임,부령,4,종결형 '교육부령으로 정한다'로 부령에 규율권한을 넘기는 위임이다.
P04815,교육부령으로 정한다,위임,부령,4,문말 종결형 '교육부령으로 정한다'로 부령에 규율권한을 넘긴다.
P04816,교육부령으로 정하는,판단불가,부령,3,문장이 '교육부령으로 정하는'에서 잘려 있어 위임 여부를 확정할 수 없으나 표지어구는 교육부령(부령)이다.
P04817,교육부령으로 정하는,위임,부령,3,문장이 잘린 조각이나 '교육부령으로 정하는'은 요건 일부를 부령에 맡기는 부분 위임 표지이다.
P04818,5. 교육감이 5년마다 시ㆍ도 교육규칙으로 정하는 바에 따라 해당 학교 운영 성과 등을 평가하여 지정 목적의 달성이 불가능하다고 인정되는 경우,위임,교육규칙,4,평가 방법 등을 시·도 교육규칙으로 정하도록 규율권한을 넘기는 부분 위임이다.
P04819,5. 교육감이 5년마다 시ㆍ도 교육규칙으로 정하는 바에 따라 해당 학교 운영 성과 등을 평가하여 지정 목적의 달성이 불가능하다고 인정되는 경우,위임,교육규칙,4,평가 방법 등을 시·도 교육규칙으로 정하도록 규율권한을 넘기는 부분 위임이다.
P04820,5. 교육감이 5년마다 시ㆍ도 교육규칙으로 정하는 바에 따라 해당 학교 운영 성과 등을 평가하여 지정 목적의 달성이 불가능하다고 인정되는 경우,위임,교육규칙,4,평가 방법 등을 시·도 교육규칙으로 정하도록 규율권한을 넘기는 부분 위임이다.
P04821,5. 교육감이 5년마다 시ㆍ도 교육규칙으로 정하는 바에 따라 해당 학교 운영 성과 등을 평가하여 지정 목적의 달성이 불가능하다고 인정되는 경우,위임,교육규칙,4,평가 방법 등을 시·도 교육규칙으로 정하도록 규율권한을 넘기는 부분 위임이다.
P04822,5. 교육감이 5년마다 시ㆍ도 교육규칙으로 정하는 바에 따라 해당 학교 운영 성과 등을 평가하여 지정 목적의 달성이 불가능하다고 인정되는 경우,위임,교육규칙,4,평가 방법 등을 시·도 교육규칙으로 정하도록 규율권한을 넘긴다.
P04823,5. 교육감이 5년마다 시ㆍ도 교육규칙으로 정하는 바에 따라 해당 학교 운영 성과 등을 평가하여 지정 목적의 달성이 불가능하다고 인정되는 경우,위임,교육규칙,4,평가 절차를 시·도 교육규칙으로 정하도록 규율권한을 넘기는 부분 위임이다.
P04824,5. 교육감이 5년마다 시ㆍ도 교육규칙으로 정하는 바에 따라 해당 학교 운영 성과 등을 평가하여 지정 목적의 달성이 불가능하다고 인정되는 경우,위임,교육규칙,4,평가 방법 등을 시·도 교육규칙으로 정하도록 규율권한을 넘긴다.
P04825,5. 교육감이 5년마다 시ㆍ도 교육규칙으로 정하는 바에 따라 해당 학교 운영 성과 등을 평가하여 지정 목적의 달성이 불가능하다고 인정되는 경우,위임,교육규칙,4,'시ㆍ도 교육규칙으로 정하는 바에 따라'로 평가 기준 등의 규율권한을 교육규칙에 넘긴다.
P04826,5. 교육감이 5년마다 시ㆍ도 교육규칙으로 정하는 바에 따라 해당 학교 운영 성과 등을 평가하여 지정 목적의 달성이 불가능하다고 인정되는 경우,위임,교육규칙,4,평가 절차·기준을 시·도 교육규칙으로 정하도록 규율권한을 넘긴다.
P04827,5. 교육감이 5년마다 시ㆍ도 교육규칙으로 정하는 바에 따라 해당 학교 운영 성과 등을 평가하여 지정 목적의 달성이 불가능하다고 인정되는 경우,위임,교육규칙,5,평가 절차 등을 시·도 교육규칙으로 정하도록 규율권한을 넘긴다.
P04828,"고등학교(이하 ""자율형 공립고등학교""라 한다)를 교육부장관이 정하는 절차를 거쳐 지정·고시할 수 있다",위임,미특정,4,'교육부장관이 정하는 절차'로 절차 규율권한을 넘기지만 법형식을 지정하지 않았다.
P04829,자율형 공립고등학교의 지정 및 운영에 필요한 사항은 교육부장관이 정하여 고시한다.,위임,고시,5,'정하여 고시한다'는 종결형으로 고시에 규율권한을 넘긴다.
P04830,"③ 자율형 공립고등학교는 5년 이내로 지정ㆍ운영하되, 시ㆍ도 교육규칙으로 정하는 바에 따라 5년의 범위에서 연장할 수 있다.",위임,교육규칙,5,연장 관련 사항을 시·도 교육규칙에 정하도록 규율권한을 넘긴다.
P04831,"③ 자율형 공립고등학교는 5년 이내로 지정ㆍ운영하되, 시ㆍ도 교육규칙으로 정하는 바에 따라 5년의 범위에서 연장할 수 있다.",위임,교육규칙,4,연장 절차·요건을 시·도 교육규칙에 정하도록 규율권한을 넘긴다.
P04832,"③ 자율형 공립고등학교는 5년 이내로 지정ㆍ운영하되, 시ㆍ도 교육규칙으로 정하는 바에 따라 5년의 범위에서 연장할 수 있다.",위임,교육규칙,5,연장에 관한 사항을 시·도 교육규칙에 정하도록 규율권한을 넘긴다.
P04833,"③ 자율형 공립고등학교는 5년 이내로 지정ㆍ운영하되, 시ㆍ도 교육규칙으로 정하는 바에 따라 5년의 범위에서 연장할 수 있다.",위임,교육규칙,5,연장 요건과 절차를 시·도 교육규칙에 정하도록 규율권한을 넘긴다.
P04834,"③ 자율형 공립고등학교는 5년 이내로 지정ㆍ운영하되, 시ㆍ도 교육규칙으로 정하는 바에 따라 5년의 범위에서 연장할 수 있다.",위임,교육규칙,5,연장 절차 등을 시·도 교육규칙에 정하도록 규율권한을 넘긴다.
P04835,"③ 자율형 공립고등학교는 5년 이내로 지정ㆍ운영하되, 시ㆍ도 교육규칙으로 정하는 바에 따라 5년의 범위에서 연장할 수 있다.",위임,교육규칙,5,연장 절차를 시·도 교육규칙에 정하도록 규율권한을 넘긴다.
P04836,"③ 자율형 공립고등학교는 5년 이내로 지정ㆍ운영하되, 시ㆍ도 교육규칙으로 정하는 바에 따라 5년의 범위에서 연장할 수 있다.",위임,교육규칙,5,연장 절차·요건을 시·도 교육규칙에 정하도록 규율권한을 넘긴다.
P04837,"③ 자율형 공립고등학교는 5년 이내로 지정ㆍ운영하되, 시ㆍ도 교육규칙으로 정하는 바에 따라 5년의 범위에서 연장할 수 있다.",위임,교육규칙,5,연장 절차를 시·도 교육규칙으로 정하도록 규율권한을 넘긴다.
P04838,"③ 자율형 공립고등학교는 5년 이내로 지정ㆍ운영하되, 시ㆍ도 교육규칙으로 정하는 바에 따라 5년의 범위에서 연장할 수 있다.",위임,교육규칙,5,연장 절차·기준을 시·도 교육규칙에 정하도록 규율권한을 넘긴다.
P04839,"③ 자율형 공립고등학교는 5년 이내로 지정ㆍ운영하되, 시ㆍ도 교육규칙으로 정하는 바에 따라 5년의 범위에서 연장할 수 있다.",위임,교육규칙,5,연장 절차·요건을 시·도 교육규칙에 정하도록 규율권한을 넘긴다.
P04840,"③ 자율형 공립고등학교는 5년 이내로 지정ㆍ운영하되, 시ㆍ도 교육규칙으로 정하는 바에 따라 5년의 범위에서 연장할 수 있다.",위임,교육규칙,5,연장 절차·기준을 시·도 교육규칙에 정하도록 규율권한을 넘긴다.
P04841,"③ 자율형 공립고등학교는 5년 이내로 지정ㆍ운영하되, 시ㆍ도 교육규칙으로 정하는 바에 따라 5년의 범위에서 연장할 수 있다.",위임,교육규칙,5,연장 절차·요건을 시·도 교육규칙에 정하도록 규율권한을 넘긴다.
P04842,"③ 자율형 공립고등학교는 5년 이내로 지정ㆍ운영하되, 시ㆍ도 교육규칙으로 정하는 바에 따라 5년의 범위에서 연장할 수 있다.",위임,교육규칙,5,연장 절차·기준을 시·도 교육규칙에 정하도록 규율권한을 넘긴다.
P04843,"③ 자율형 공립고등학교는 5년 이내로 지정ㆍ운영하되, 시ㆍ도 교육규칙으로 정하는 바에 따라 5년의 범위에서 연장할 수 있다.",위임,교육규칙,5,연장 절차·요건을 시·도 교육규칙에 정하도록 규율권한을 넘긴다.
P04844,업무를 위탁하는 경우 위탁받는 기관과 위탁업무의 내용을 고시해야 한다.,인용,해당없음,3,위탁 사실의 공시 의무를 정한 것으로 하위 규범에 규율권한을 넘기는 위임이 아니다.
P04845,교육부장관이 설치하는 고교학점제 지원센터의 설치·운영 등에 필요한 사항은 교육부장관이 정하고,위임,미특정,4,교육부장관이 정하도록 규율권한을 넘기나 법형식은 지정하지 않았다.
P04846,따로 대통령령으로,판단불가,해당없음,4,문장이 '따로 대통령령으로'에서 잘려 있어 위임 여부와 규율 대상을 확정할 수 없다.
P04847,교육부령으로 정한다,위임,부령,5,'교육부령으로 정한다'는 종결형으로 부령에 규율권한을 위임한다.
P04848,교육부령으로 정한다,위임,부령,4,'교육부령으로 정한다'는 종결형으로 부령에 규율권한을 넘기는 위임이다.
P04849,교육부령으로 정한다,위임,부령,5,문말 '교육부령으로 정한다'는 부령에 규율권한을 넘기는 위임이다.
P04850,교육부령으로 정한다,위임,부령,4,종결형 '교육부령으로 정한다'로 부령에 규율권한을 넘기는 위임이다.
P04851,교육부령으로 정한다,위임,부령,4,종결형 '교육부령으로 정한다'로 부령에 규율권한을 넘기는 위임이다.
P04852,교육부령으로 정한다,위임,부령,5,현재형 종결 '교육부령으로 정한다'로 부령에 규율권한을 넘기는 위임이다.
P04853,교육부령으로 정한다,위임,부령,4,종결형 '교육부령으로 정한다'로 부령에 규율권한을 넘기는 위임이다.
P04854,교육부령으로 정한다,위임,부령,4,문말 종결형 '교육부령으로 정한다'로 부령에 규율권한을 넘기는 위임이다.
P04855,교육부령으로 정한다,위임,부령,5,'교육부령으로 정한다'는 종결형으로 부령에 규율권한을 넘기는 위임이다.
P04856,교육부령으로 정한다,위임,부령,4,'교육부령으로 정한다'는 현재형 종결로 부령에 규율권한을 넘기는 위임이다.
P04857,교육부령으로 정한다,위임,부령,5,문말 종결형 '교육부령으로 정한다'로 부령에 규율권한을 넘긴다.
P04858,교육부령으로 정한다,위임,부령,5,문말 종결형 '교육부령으로 정한다'로 부령에 규율권한을 넘긴다.
P04859,교육부령으로 정한다,위임,부령,5,'교육부령으로 정한다'는 종결형으로 부령에 규율권한을 넘기는 위임이다.
P04860,교육부령으로 정한다,위임,부령,4,'교육부령으로 정한다'는 종결형으로 부령에 규율권한을 넘기는 위임이다.
P04861,교육부령으로 정한다,위임,부령,5,문말 '교육부령으로 정한다'로 부령에 규율권한을 넘기는 위임이다.
P04862,교육부령으로 정한다,위임,부령,5,문말 종결형으로 교육부령에 규율권한을 넘기는 위임이다.
P04863,교육부령으로 정한다,위임,부령,4,'교육부령으로 정한다'는 종결형 위임으로 부령에 규율권한을 넘긴다.
P04864,교육부령으로 정한다,위임,부령,5,'교육부령으로 정한다'는 종결형으로 부령에 규율권한을 넘기는 위임이다.
P04865,교육부령으로 정한다,위임,부령,4,문말 종결형 '교육부령으로 정한다'로 부령에 규율권한을 넘긴다.
P04866,교육부령으로 정하는,판단불가,부령,2,문장이 '교육부령으로 정하는'에서 끊겨 위임 대상과 종결 형태를 확인할 수 없다.
P04867,교육부령으로 정한다,위임,부령,5,문말 종결형으로 교육부령에 규율권한을 넘기는 위임이다.
P04868,교육부령으로 정한다,위임,부령,4,'교육부령으로 정한다'는 종결형으로 부령에 규율권한을 넘기는 위임이다.
P04869,교육부령으로 정한다,위임,부령,4,'교육부령으로 정한다'는 종결형으로 부령에 규율권한을 넘기는 위임이다.
P04870,교육부령으로 정한다,위임,부령,4,'교육부령으로 정한다'는 종결형으로 부령에 규율권한을 넘기는 위임이다.
P04871,교육부령으로 정한다,위임,부령,5,문말 종결형 '교육부령으로 정한다'로 부령에 규율권한을 넘긴다.
P04872,교육부령으로 정한다,위임,부령,5,'교육부령으로 정한다'는 종결형으로 부령에 규율권한을 넘기는 위임이다.
P04873,교육부령으로 정한다,위임,부령,4,'교육부령으로 정한다'는 종결형으로 부령에 규율권한을 넘기는 위임이다.
P04874,교육부령으로 정한다,위임,부령,4,'교육부령으로 정한다'는 종결형으로 부령에 규율권한을 넘기는 위임이다.
P04875,교육부령으로 정한다,위임,부령,4,'교육부령으로 정한다'는 종결형으로 부령에 규율권한을 넘기는 위임이다.
P04876,교육부령으로 정한다,위임,부령,4,'교육부령으로 정한다'는 종결형 위임으로 부령에 규율권한을 넘긴다.
P04877,교육부령으로 정한다,위임,부령,4,'교육부령으로 정한다'는 종결형으로 부령에 규율권한을 넘기는 위임이다.
P04878,교육부령으로 정한다,위임,부령,4,'교육부령으로 정한다'는 종결형 위임으로 부령에 규율권한을 넘긴다.
P04879,교육부령으로 정한다,위임,부령,4,'교육부령으로 정한다'는 종결형 위임으로 부령에 규율권한을 넘긴다.
P04880,교육부령으로 정한다,위임,부령,5,문말 종결형 '교육부령으로 정한다'로 부령에 규율권한을 넘긴다.
P04881,교육부령으로 정한다,위임,부령,4,종결형 '교육부령으로 정한다'로 부령에 규율권한을 넘기는 위임이다.
P04882,교육부령으로 정한다,위임,부령,5,'교육부령으로 정한다'는 종결형으로 부령에 규율권한을 넘기는 위임이다.
P04883,교육부령으로 정한다,위임,부령,5,'교육부령으로 정한다'는 종결형으로 부령에 규율권한을 넘기는 위임이다.
P04884,교육부령으로 정한다,위임,부령,5,문말 종결형 '교육부령으로 정한다'로 부령에 규율권한을 넘긴다.
P04885,교육부령으로 정한다,위임,부령,5,'교육부령으로 정한다'는 종결형 위임으로 부령에 규율권한을 넘긴다.
P04886,교육부령으로 정하는,판단불가,부령,3,문장이 '교육부령으로 정하는'에서 끊겨 규율 대상이 드러나지 않아 위임 여부를 확정할 수 없다.
P04887,교육부령으로 정한다,위임,부령,5,'교육부령으로 정한다'는 문말 종결형으로 부령에 규율권한을 넘기는 위임이다.
P04888,교육부령으로 정한다,위임,부령,4,'교육부령으로 정한다'는 종결형 위임으로 부령에 규율권한을 넘긴다.
P04889,교육부령으로 정한다,위임,부령,4,'교육부령으로 정한다'는 종결형 위임 문언으로 부령에 규율권한을 넘긴다.
P04890,교육부령으로 정한다,위임,부령,4,'교육부령으로 정한다'는 종결형으로 부령에 규율권한을 넘기는 위임이다.
P04891,교육부령으로 정한다,위임,부령,4,문말 종결형 '교육부령으로 정한다'로 부령에 규율권한을 넘긴다.
P04892,교육부령으로 정한다,위임,부령,4,'교육부령으로 정한다'는 종결형으로 교육부령에 규율권한을 넘기는 위임이다.
P04893,교육부령으로 정한다,위임,부령,4,문말 종결형 '교육부령으로 정한다'로 부령에 규율권한을 넘기는 위임이다.
P04894,교육부령으로 정한다,위임,부령,4,'교육부령으로 정한다'는 종결형 위임으로 부령에 규율권한을 넘긴다.
P04895,교육부령으로 정한다,위임,부령,5,'교육부령으로 정한다'는 종결형 위임으로 부령에 규율권한을 넘긴다.
P04896,교육부령으로 정한다,위임,부령,5,문말 종결형 '교육부령으로 정한다'로 부령에 규율권한을 넘긴다.
P04897,교육부령으로 정한다,위임,부령,5,문말 종결형 '교육부령으로 정한다'로 부령에 규율권한을 넘긴다.
P04898,교육부령으로 정한다,위임,부령,4,종결형 '교육부령으로 정한다'로 교육부령에 규율권한을 넘기는 위임이다.
P04899,교육부령으로 정한다,위임,부령,5,종결형 '교육부령으로 정한다'로 부령에 규율권한을 넘기는 위임이다.
P04900,교육부령으로 정한다,위임,부령,4,문말 '교육부령으로 정한다'는 교육부령에 규율권한을 넘기는 위임이다.
P04901,교육부령으로 정한다,위임,부령,5,문말 '교육부령으로 정한다'는 부령에 규율권한을 넘기는 위임이다.
P04902,교육부령으로 정한다,위임,부령,4,'교육부령으로 정한다'는 종결형 위임으로 부령에 규율권한을 넘긴다.
P04903,교육부령으로 정한다,위임,부령,5,'교육부령으로 정한다'는 종결형으로 부령에 규율권한을 넘기는 위임이다.
P04904,교육부령으로 정한다,위임,부령,5,'교육부령으로 정한다'는 종결형으로 부령에 규율권한을 넘기는 위임이다.
P04905,"⑧ 제1항부터 제7항까지의 규정에도 불구하고 학력심의위원회와 성격ㆍ기능이 유사한 위원회가 해당 교육감 소속으로 설치되어 있는 경우에는 해당 시ㆍ도의 조례로 정하는 바에 따라 그 위원회가 학력심의위원회의 기능을 대신할 수 있다. 다만, 성격ㆍ기능이 유사한 위원회의 설치 근거가 되는 법령 또는 조례에서 위원회의 구성ㆍ운영 관련 사항을 교육감이 정하도록 하고 있거나 교육규칙으로 정하도록 하고 있는 경우에는 해당 시ㆍ도의 교육규칙으로 정하는 바에 따라 대신할 수 있다.",위임,조례|교육규칙,4,유사 위원회의 기능 대행 사항을 시·도 조례 또는 교육규칙으로 정하도록 규율권한을 넘긴다.
P04906,교육부령으로 정하는,판단불가,부령,3,문장이 '교육부령으로 정하는'에서 잘려 후행 요소와 종결 형태를 알 수 없어 위임 여부를 확정할 수 없다.
P04907,사항은 교육부령으로,판단불가,부령,3,문장이 중간에서 잘려 서술어가 없어 위임 여부를 확정할 수 없으나 문언상 교육부령이 지정되어 있다.
P04908,사항은 교육부령으로,판단불가,부령,3,문장이 중간에서 잘려 위임 종결 여부를 확인할 수 없으나 표지어구로 교육부령이 언급된다.
P04909,사항은 교육부령으로,판단불가,부령,2,문장이 중간에서 잘려 종결부를 확인할 수 없어 위임 여부를 확정할 수 없으나 표지어구는 교육부령이다.
P04910,사항은 교육부령으로,판단불가,부령,2,문장이 중간에서 잘려 서술어가 없어 위임 여부를 확정할 수 없으나 표지어구상 교육부령이 지정되어 있다.
P04911,사항은 교육부령으로,판단불가,미특정,4,문장이 잘려 종결부가 없어 위임 여부를 확정할 수 없다.
P04912,사항은 교육부령으로,판단불가,미특정,4,문장이 잘려 있어 서술어가 없고 위임 여부를 확정할 수 없다.
P04913,사항은 교육부령으로,판단불가,부령,3,문장이 잘려 서술어가 없어 위임 여부를 확정할 수 없으나 표지어구로 교육부령이 명시되어 있다.
P04914,② 제1항에 따른 자율학교등 지정·운영위원회의 구성 및 운영에 필요한 사항은 시·도 교육규칙으로 정한다.,위임,교육규칙,5,위원회 구성·운영에 관한 규율권한을 시·도 교육규칙에 넘기는 위임이다.
P04915,② 제1항에 따른 자율학교등 지정·운영위원회의 구성 및 운영에 필요한 사항은 시·도 교육규칙으로 정한다.,위임,교육규칙,5,위원회 구성·운영에 필요한 사항을 시·도 교육규칙에 규율권한으로 넘긴다.
P04916,② 제1항에 따른 자율학교등 지정·운영위원회의 구성 및 운영에 필요한 사항은 시·도 교육규칙으로 정한다.,위임,교육규칙,5,위원회 구성·운영에 필요한 사항의 규율권한을 시·도 교육규칙에 넘기는 위임 규정이다.
P04917,② 제1항에 따른 자율학교등 지정·운영위원회의 구성 및 운영에 필요한 사항은 시·도 교육규칙으로 정한다.,위임,교육규칙,5,위원회 구성·운영 사항을 시·도 교육규칙에 넘기는 위임 규정이다.
P04918,② 제1항에 따른 자율학교등 지정·운영위원회의 구성 및 운영에 필요한 사항은 시·도 교육규칙으로 정한다.,위임,교육규칙,5,구성·운영에 관한 사항을 시·도 교육규칙에 정하도록 규율권한을 넘긴다.
P04919,② 제1항에 따른 자율학교등 지정·운영위원회의 구성 및 운영에 필요한 사항은 시·도 교육규칙으로 정한다.,위임,교육규칙,5,위원회 구성·운영에 관한 사항을 시·도 교육규칙에 정하도록 규율권한을 넘긴다.
P04920,② 제1항에 따른 자율학교등 지정·운영위원회의 구성 및 운영에 필요한 사항은 시·도 교육규칙으로 정한다.,위임,교육규칙,5,위원회 구성·운영 사항을 시·도 교육규칙에 정하도록 규율권한을 넘긴다.
P04921,② 제1항에 따른 자율학교등 지정·운영위원회의 구성 및 운영에 필요한 사항은 시·도 교육규칙으로 정한다.,위임,교육규칙,5,구성·운영에 필요한 사항의 규율권한을 시·도 교육규칙에 넘기는 위임이다.
P04922,② 제1항에 따른 자율학교등 지정·운영위원회의 구성 및 운영에 필요한 사항은 시·도 교육규칙으로 정한다.,위임,교육규칙,5,위원회 구성·운영에 필요한 사항의 규율권한을 시·도 교육규칙에 넘기는 위임이다.
P04923,② 제1항에 따른 자율학교등 지정·운영위원회의 구성 및 운영에 필요한 사항은 시·도 교육규칙으로 정한다.,위임,교육규칙,5,위원회 구성·운영에 필요한 사항을 시·도 교육규칙에 정하도록 규율권한을 넘긴다.
P04924,② 제1항에 따른 자율학교등 지정·운영위원회의 구성 및 운영에 필요한 사항은 시·도 교육규칙으로 정한다.,위임,교육규칙,5,구성·운영에 필요한 사항의 규율권한을 시·도 교육규칙에 넘기는 위임이다.
P04925,② 제1항에 따른 자율학교등 지정·운영위원회의 구성 및 운영에 필요한 사항은 시·도 교육규칙으로 정한다.,위임,교육규칙,5,위원회 구성·운영에 필요한 사항을 시·도 교육규칙에 넘기는 위임이다.
P04926,② 제1항에 따른 자율학교등 지정·운영위원회의 구성 및 운영에 필요한 사항은 시·도 교육규칙으로 정한다.,위임,교육규칙,5,위원회 구성·운영 사항을 시·도 교육규칙에 규율권한으로 넘기는 위임이다.
P04927,② 제1항에 따른 자율학교등 지정·운영위원회의 구성 및 운영에 필요한 사항은 시·도 교육규칙으로 정한다.,위임,교육규칙,5,구성 및 운영에 필요한 사항의 규율권한을 시·도 교육규칙에 넘기는 위임이다.
P04928,② 제1항에 따른 자율학교등 지정·운영위원회의 구성 및 운영에 필요한 사항은 시·도 교육규칙으로 정한다.,위임,교육규칙,5,구성·운영에 필요한 사항의 규율권한을 시·도 교육규칙에 넘기는 위임이다.
P04929,② 제1항에 따른 자율학교등 지정·운영위원회의 구성 및 운영에 필요한 사항은 시·도 교육규칙으로 정한다.,위임,교육규칙,5,구성 및 운영에 필요한 사항을 시·도 교육규칙에 정하도록 규율권한을 넘긴다.
P04930,② 제1항에 따른 자율학교등 지정·운영위원회의 구성 및 운영에 필요한 사항은 시·도 교육규칙으로 정한다.,위임,교육규칙,5,위원회 구성·운영에 필요한 사항의 규율권한을 시·도 교육규칙에 넘기는 위임 규정이다.
P04931,② 제1항에 따른 자율학교등 지정·운영위원회의 구성 및 운영에 필요한 사항은 시·도 교육규칙으로 정한다.,위임,교육규칙,5,구성·운영에 필요한 사항의 규율권한을 시·도 교육규칙에 넘기는 위임이다.
P04932,② 제1항에 따른 자율학교등 지정·운영위원회의 구성 및 운영에 필요한 사항은 시·도 교육규칙으로 정한다.,위임,교육규칙,5,위원회 구성·운영 사항을 시·도 교육규칙에 규율권한을 넘기는 위임이다.
P04933,교육부령으로 정하는 신입생,위임,부령,3,문장이 불완전하나 '교육부령으로 정하는 ○○' 형태의 부분 위임으로 부령에 규율권한을 넘긴다.
P04934,교육부령으로 정하는 신입생,위임,부령,3,문장이 잘린 조각이지만 '교육부령으로 정하는 신입생'이라는 부분 위임 문언이 확인된다.
P04935,교육부령으로 정한다,위임,부령,5,문말 종결형 '교육부령으로 정한다'로 부령에 규율권한을 넘긴다.
P04936,교육부령으로 정한다,위임,부령,5,'교육부령으로 정한다'는 종결형으로 부령에 규율권한을 넘기는 위임이다.
P04937,"① 제13조에 따른 보수교육 대상자는 특별시·광역시·특별자치시·도·특별자치도(이하 ""시·도""라 한다)의 조례에서 정하는 바에 따라 교육감에게 수강료를 내야 한다.",위임,조례,5,수강료 납부에 관한 사항을 시·도 조례가 정하도록 규율권한을 넘긴다.
P04938,"① 제13조에 따른 보수교육 대상자는 특별시·광역시·특별자치시·도·특별자치도(이하 ""시·도""라 한다)의 조례에서 정하는 바에 따라 교육감에게 수강료를 내야 한다.",위임,조례,4,수강료 납부 사항을 시·도 조례가 정하도록 규율권한을 넘긴다.
P04939,"① 제13조에 따른 보수교육 대상자는 특별시·광역시·특별자치시·도·특별자치도(이하 ""시·도""라 한다)의 조례에서 정하는 바에 따라 교육감에게 수강료를 내야 한다.",위임,조례,4,수강료 부과 기준을 시·도 조례가 정하도록 규율권한을 넘긴다.
P04940,"① 제13조에 따른 보수교육 대상자는 특별시·광역시·특별자치시·도·특별자치도(이하 ""시·도""라 한다)의 조례에서 정하는 바에 따라 교육감에게 수강료를 내야 한다.",위임,조례,4,수강료 납부 기준을 시·도 조례가 정하도록 규율권한을 넘긴다.
P04941,"① 제13조에 따른 보수교육 대상자는 특별시·광역시·특별자치시·도·특별자치도(이하 ""시·도""라 한다)의 조례에서 정하는 바에 따라 교육감에게 수강료를 내야 한다.",위임,조례,4,수강료 납부 기준을 시·도 조례가 정하도록 규율권한을 넘기는 부분 위임이다.
P04942,"① 제13조에 따른 보수교육 대상자는 특별시·광역시·특별자치시·도·특별자치도(이하 ""시·도""라 한다)의 조례에서 정하는 바에 따라 교육감에게 수강료를 내야 한다.",위임,조례,4,수강료 납부 기준을 시·도 조례가 정하도록 규율권한을 넘기는 부분 위임이다.
P04943,"① 제13조에 따른 보수교육 대상자는 특별시·광역시·특별자치시·도·특별자치도(이하 ""시·도""라 한다)의 조례에서 정하는 바에 따라 교육감에게 수강료를 내야 한다.",위임,조례,4,수강료 납부 사항을 시·도 조례가 정할 바에 맡기므로 조례에 대한 위임이다.
P04944,"① 제13조에 따른 보수교육 대상자는 특별시·광역시·특별자치시·도·특별자치도(이하 ""시·도""라 한다)의 조례에서 정하는 바에 따라 교육감에게 수강료를 내야 한다.",위임,조례,4,수강료 납부 기준을 시·도 조례가 정하도록 규율권한을 넘긴 부분 위임이다.
P04945,교육부장관이 정하는 바에 따라 해당 학생이 졸업하기 직전에,위임,미특정,4,'교육부장관이 정하는 바에 따라'로 규율권한을 넘기나 법형식은 지정하지 않았다.
P04946,학교생활기록 작성·관리 등에 필요한 사항은 교육부장관이 정한다.,위임,미특정,5,교육부장관에게 규율권한을 넘기지만 법형식을 지정하지 않았다.
P04947,① 시험 응시 수수료 및 검정고시에 따르는 각종 증명서의 발급 수수료에 관하여 필요한 사항은 시·도의 조례로 정한다.,위임,조례,5,필요한 사항을 시·도 조례로 정하도록 규율권한을 넘긴다.
P04948,① 시험 응시 수수료 및 검정고시에 따르는 각종 증명서의 발급 수수료에 관하여 필요한 사항은 시·도의 조례로 정한다.,위임,조례,5,수수료에 관한 필요한 사항의 규율권한을 시·도 조례에 넘기는 위임 규정이다.
P04949,② 응시자가 수수료를 잘못 내거나 불가피한 사유로 시험에 응시하지 못하는 등 정당한 사유가 인정되는 경우에는 시·도 조례에서 정하는 바에 따라 납부된 수수료의 전부 또는 일부를 반환받을 수 있다.,위임,조례,4,수수료 반환의 구체적 사항을 시·도 조례가 정하도록 규율권한을 넘긴다.
P04950,② 응시자가 수수료를 잘못 내거나 불가피한 사유로 시험에 응시하지 못하는 등 정당한 사유가 인정되는 경우에는 시·도 조례에서 정하는 바에 따라 납부된 수수료의 전부 또는 일부를 반환받을 수 있다.,위임,조례,4,수수료 반환의 구체적 사항을 시·도 조례가 정하도록 규율권한을 넘긴다.
P04951,"2. 도 및 특별자치도에 있는 고등학교: 매년 학생으로부터 받은 수업료 및 입학금 총액의 3퍼센트 이상으로 하되, 구체적인 기준은 해당 도 및 특별자치도의 교육규칙으로 정할 것",위임,교육규칙,5,구체적 기준을 해당 도·특별자치도 교육규칙에 정하도록 규율권한을 넘긴다.
P04952,"2. 도 및 특별자치도에 있는 고등학교: 매년 학생으로부터 받은 수업료 및 입학금 총액의 3퍼센트 이상으로 하되, 구체적인 기준은 해당 도 및 특별자치도의 교육규칙으로 정할 것",위임,교육규칙,5,구체적 기준을 해당 도 및 특별자치도의 교육규칙으로 정하도록 규율권한을 넘긴다.
P04953,"1. 특별시, 광역시 및 특별자치시에 있는 고등학교: 매년 학생으로부터 받은 수업료 및 입학금 총액의 5퍼센트 이상으로 하되, 구체적인 기준은 해당 특별시, 광역시 및 특별자치시의 교육규칙으로 정할 것",위임,교육규칙,5,구체적 기준을 교육감이 제정하는 교육규칙에 정하도록 규율권한을 넘긴다.
P04954,"1. 특별시, 광역시 및 특별자치시에 있는 고등학교: 매년 학생으로부터 받은 수업료 및 입학금 총액의 5퍼센트 이상으로 하되, 구체적인 기준은 해당 특별시, 광역시 및 특별자치시의 교육규칙으로 정할 것",위임,교육규칙,5,구체적 기준을 시·도 교육규칙으로 정하도록 규율권한을 넘긴다.
P04955,"1. 특별시, 광역시 및 특별자치시에 있는 고등학교: 매년 학생으로부터 받은 수업료 및 입학금 총액의 5퍼센트 이상으로 하되, 구체적인 기준은 해당 특별시, 광역시 및 특별자치시의 교육규칙으로 정할 것",위임,교육규칙,5,구체적 기준을 교육감이 제정하는 교육규칙으로 정하도록 규율권한을 넘긴다.
P04956,"1. 특별시, 광역시 및 특별자치시에 있는 고등학교: 매년 학생으로부터 받은 수업료 및 입학금 총액의 5퍼센트 이상으로 하되, 구체적인 기준은 해당 특별시, 광역시 및 특별자치시의 교육규칙으로 정할 것",위임,교육규칙,5,구체적 기준을 교육감이 제정하는 교육규칙으로 정하도록 규율권한을 넘긴다.
P04957,"1. 특별시, 광역시 및 특별자치시에 있는 고등학교: 매년 학생으로부터 받은 수업료 및 입학금 총액의 5퍼센트 이상으로 하되, 구체적인 기준은 해당 특별시, 광역시 및 특별자치시의 교육규칙으로 정할 것",위임,교육규칙,5,구체적 기준을 시·도 교육규칙으로 정하도록 규율권한을 넘긴다.
P04958,"1. 특별시, 광역시 및 특별자치시에 있는 고등학교: 매년 학생으로부터 받은 수업료 및 입학금 총액의 5퍼센트 이상으로 하되, 구체적인 기준은 해당 특별시, 광역시 및 특별자치시의 교육규칙으로 정할 것",위임,교육규칙,5,구체적 기준을 교육감이 제정하는 교육규칙으로 정하도록 규율권한을 넘긴다.
P04959,"1. 특별시, 광역시 및 특별자치시에 있는 고등학교: 매년 학생으로부터 받은 수업료 및 입학금 총액의 5퍼센트 이상으로 하되, 구체적인 기준은 해당 특별시, 광역시 및 특별자치시의 교육규칙으로 정할 것",위임,교육규칙,5,구체적 기준을 교육감의 교육규칙으로 정하도록 규율권한을 넘긴다.
P04960,"2. 도 및 특별자치도에 있는 고등학교: 매년 학생으로부터 받은 수업료 및 입학금 총액의 3퍼센트 이상으로 하되, 구체적인 기준은 해당 도 및 특별자치도의 교육규칙으로 정할 것",위임,교육규칙,5,구체적 기준을 도·특별자치도의 교육규칙으로 정하도록 규율권한을 넘긴다.
P04961,"2. 도 및 특별자치도에 있는 고등학교: 매년 학생으로부터 받은 수업료 및 입학금 총액의 3퍼센트 이상으로 하되, 구체적인 기준은 해당 도 및 특별자치도의 교육규칙으로 정할 것",위임,교육규칙,5,구체적 기준을 해당 도·특별자치도의 교육규칙으로 정하도록 규율권한을 넘긴다.
P04962,"2. 도 및 특별자치도에 있는 고등학교: 매년 학생으로부터 받은 수업료 및 입학금 총액의 3퍼센트 이상으로 하되, 구체적인 기준은 해당 도 및 특별자치도의 교육규칙으로 정할 것",위임,교육규칙,5,구체적 기준을 교육감이 제정하는 교육규칙에 정하도록 규율권한을 넘긴다.
P04963,"2. 도 및 특별자치도에 있는 고등학교: 매년 학생으로부터 받은 수업료 및 입학금 총액의 3퍼센트 이상으로 하되, 구체적인 기준은 해당 도 및 특별자치도의 교육규칙으로 정할 것",위임,교육규칙,5,구체적 기준을 교육감이 제정하는 교육규칙으로 정하도록 규율권한을 넘긴다.
P04964,"2. 도 및 특별자치도에 있는 고등학교: 매년 학생으로부터 받은 수업료 및 입학금 총액의 3퍼센트 이상으로 하되, 구체적인 기준은 해당 도 및 특별자치도의 교육규칙으로 정할 것",위임,교육규칙,5,구체적 기준을 교육감이 제정하는 교육규칙에 정하도록 규율권한을 넘긴다.
P04965,교육부장관이 정한 교육과정의 기준과 내용 중 자율형 사립고등학교에 관한 것으로 한다.,인용,해당없음,4,완료형 '정한'으로 이미 존재하는 교육과정 기준을 가리키는 인용이다.
P04966,"이 규칙에서 규정한 사항 외에 특성화중학교, 특수목적고등학교 또는 자율형 사립고등학교의 지정·지정 취소 및 운영에 필요한 사항에 관하여는 법령의 범위 내에서 시·도 교육규칙으로 정할 수 있다.",위임,교육규칙,5,시·도 교육규칙에 세부 사항의 규율권한을 넘기는 위임 규정이다.
P04967,"이 규칙에서 규정한 사항 외에 특성화중학교, 특수목적고등학교 또는 자율형 사립고등학교의 지정·지정 취소 및 운영에 필요한 사항에 관하여는 법령의 범위 내에서 시·도 교육규칙으로 정할 수 있다.",위임,교육규칙,5,이 규칙에서 정하지 않은 사항을 시·도 교육규칙으로 정할 수 있도록 규율권한을 넘긴다.
P04968,"이 규칙에서 규정한 사항 외에 특성화중학교, 특수목적고등학교 또는 자율형 사립고등학교의 지정·지정 취소 및 운영에 필요한 사항에 관하여는 법령의 범위 내에서 시·도 교육규칙으로 정할 수 있다.",위임,교육규칙,5,이 규칙에서 정하지 않은 사항의 규율권한을 시·도 교육규칙에 넘기는 위임 규정이다.
P04969,"이 규칙에서 규정한 사항 외에 특성화중학교, 특수목적고등학교 또는 자율형 사립고등학교의 지정·지정 취소 및 운영에 필요한 사항에 관하여는 법령의 범위 내에서 시·도 교육규칙으로 정할 수 있다.",위임,교육규칙,5,이 규칙 외의 사항을 시·도 교육규칙으로 정할 수 있게 하여 교육감 제정 규범에 규율권한을 넘긴다.
P04970,"이 규칙에서 규정한 사항 외에 특성화중학교, 특수목적고등학교 또는 자율형 사립고등학교의 지정·지정 취소 및 운영에 필요한 사항에 관하여는 법령의 범위 내에서 시·도 교육규칙으로 정할 수 있다.",위임,교육규칙,5,이 규칙 외의 사항을 시·도 교육규칙으로 정할 수 있도록 규율권한을 넘기는 위임이다.
P04971,"이 규칙에서 규정한 사항 외에 특성화중학교, 특수목적고등학교 또는 자율형 사립고등학교의 지정·지정 취소 및 운영에 필요한 사항에 관하여는 법령의 범위 내에서 시·도 교육규칙으로 정할 수 있다.",위임,교육규칙,5,규칙에서 정하지 않은 사항을 시·도 교육규칙으로 정할 수 있도록 규율권한을 넘긴다.
P04972,"이 규칙에서 규정한 사항 외에 특성화중학교, 특수목적고등학교 또는 자율형 사립고등학교의 지정·지정 취소 및 운영에 필요한 사항에 관하여는 법령의 범위 내에서 시·도 교육규칙으로 정할 수 있다.",위임,교육규칙,5,이 규칙에서 정한 사항 외의 지정·운영 관련 사항을 시·도 교육규칙에 정하도록 규율권한을 넘긴다.
P04973,"이 규칙에서 규정한 사항 외에 특성화중학교, 특수목적고등학교 또는 자율형 사립고등학교의 지정·지정 취소 및 운영에 필요한 사항에 관하여는 법령의 범위 내에서 시·도 교육규칙으로 정할 수 있다.",위임,교육규칙,5,이 규칙에서 정하지 않은 사항을 시·도 교육규칙으로 정할 수 있게 규율권한을 넘긴다.
P04974,"이 규칙에서 규정한 사항 외에 특성화중학교, 특수목적고등학교 또는 자율형 사립고등학교의 지정·지정 취소 및 운영에 필요한 사항에 관하여는 법령의 범위 내에서 시·도 교육규칙으로 정할 수 있다.",위임,교육규칙,5,이 규칙 외 필요한 사항을 시·도 교육규칙으로 정하도록 규율권한을 넘긴다.
P04975,"이 규칙에서 규정한 사항 외에 특성화중학교, 특수목적고등학교 또는 자율형 사립고등학교의 지정·지정 취소 및 운영에 필요한 사항에 관하여는 법령의 범위 내에서 시·도 교육규칙으로 정할 수 있다.",위임,교육규칙,5,이 규칙 외의 사항을 시·도 교육규칙으로 정할 수 있도록 규율권한을 넘기는 위임이다.
P04976,"이 규칙에서 규정한 사항 외에 특성화중학교, 특수목적고등학교 또는 자율형 사립고등학교의 지정·지정 취소 및 운영에 필요한 사항에 관하여는 법령의 범위 내에서 시·도 교육규칙으로 정할 수 있다.",위임,교육규칙,5,이 규칙에서 정하지 않은 사항을 시·도 교육규칙으로 정하도록 규율권한을 넘긴다.
P04977,"이 규칙에서 규정한 사항 외에 특성화중학교, 특수목적고등학교 또는 자율형 사립고등학교의 지정·지정 취소 및 운영에 필요한 사항에 관하여는 법령의 범위 내에서 시·도 교육규칙으로 정할 수 있다.",위임,교육규칙,5,이 규칙에서 정하지 않은 사항을 시·도 교육규칙으로 정할 수 있게 규율권한을 넘긴다.
P04978,"이 규칙에서 규정한 사항 외에 특성화중학교, 특수목적고등학교 또는 자율형 사립고등학교의 지정·지정 취소 및 운영에 필요한 사항에 관하여는 법령의 범위 내에서 시·도 교육규칙으로 정할 수 있다.",위임,교육규칙,5,이 규칙 외의 사항을 시·도 교육규칙으로 정할 수 있게 규율권한을 넘긴다.
P04979,"이 규칙에서 규정한 사항 외에 특성화중학교, 특수목적고등학교 또는 자율형 사립고등학교의 지정·지정 취소 및 운영에 필요한 사항에 관하여는 법령의 범위 내에서 시·도 교육규칙으로 정할 수 있다.",위임,교육규칙,5,이 규칙에서 정하지 않은 사항을 시·도 교육규칙으로 정하도록 규율권한을 넘긴다.
P04980,"이 규칙에서 규정한 사항 외에 특성화중학교, 특수목적고등학교 또는 자율형 사립고등학교의 지정·지정 취소 및 운영에 필요한 사항에 관하여는 법령의 범위 내에서 시·도 교육규칙으로 정할 수 있다.",위임,교육규칙,5,이 규칙에서 정하지 않은 사항을 시·도 교육규칙으로 정할 수 있도록 규율권한을 넘긴다.
P04981,"이 규칙에서 규정한 사항 외에 특성화중학교, 특수목적고등학교 또는 자율형 사립고등학교의 지정·지정 취소 및 운영에 필요한 사항에 관하여는 법령의 범위 내에서 시·도 교육규칙으로 정할 수 있다.",위임,교육규칙,5,이 규칙에서 정하지 않은 사항을 시·도 교육규칙으로 정할 수 있도록 규율권한을 넘긴다.
P04982,"이 규칙에서 규정한 사항 외에 특성화중학교, 특수목적고등학교 또는 자율형 사립고등학교의 지정·지정 취소 및 운영에 필요한 사항에 관하여는 법령의 범위 내에서 시·도 교육규칙으로 정할 수 있다.",위임,교육규칙,5,이 규칙 외의 사항을 시·도 교육규칙으로 정하도록 규율권한을 넘긴다.
P04983,"이 규칙에서 규정한 사항 외에 특성화중학교, 특수목적고등학교 또는 자율형 사립고등학교의 지정·지정 취소 및 운영에 필요한 사항에 관하여는 법령의 범위 내에서 시·도 교육규칙으로 정할 수 있다.",위임,교육규칙,5,시·도 교육규칙에 지정·운영 관련 사항의 규율권한을 넘기는 위임 규정이다.
P04984,"이 규칙에서 규정한 사항 외에 특성화중학교, 특수목적고등학교 또는 자율형 사립고등학교의 지정·지정 취소 및 운영에 필요한 사항에 관하여는 법령의 범위 내에서 시·도 교육규칙으로 정할 수 있다.",위임,교육규칙,5,이 규칙 외의 사항을 시·도 교육규칙으로 정할 수 있게 규율권한을 넘긴다.
P04985,"이 규칙에서 규정한 사항 외에 특성화중학교, 특수목적고등학교 또는 자율형 사립고등학교의 지정·지정 취소 및 운영에 필요한 사항에 관하여는 법령의 범위 내에서 시·도 교육규칙으로 정할 수 있다.",위임,교육규칙,5,규칙에서 정한 사항 외의 사항을 시·도 교육규칙으로 정하도록 규율권한을 넘기는 위임이다.
P04986,"이 규칙에서 규정한 사항 외에 특성화중학교, 특수목적고등학교 또는 자율형 사립고등학교의 지정·지정 취소 및 운영에 필요한 사항에 관하여는 법령의 범위 내에서 시·도 교육규칙으로 정할 수 있다.",위임,교육규칙,5,이 규칙에 규정되지 않은 사항을 시·도 교육규칙으로 정할 수 있도록 규율권한을 넘기는 위임이다.
P04987,"이 규칙에서 규정한 사항 외에 특성화중학교, 특수목적고등학교 또는 자율형 사립고등학교의 지정·지정 취소 및 운영에 필요한 사항에 관하여는 법령의 범위 내에서 시·도 교육규칙으로 정할 수 있다.",위임,교육규칙,5,이 규칙에서 정하지 않은 사항을 시·도 교육규칙으로 정할 수 있도록 규율권한을 넘긴다.
P04988,"이 규칙에서 규정한 사항 외에 특성화중학교, 특수목적고등학교 또는 자율형 사립고등학교의 지정·지정 취소 및 운영에 필요한 사항에 관하여는 법령의 범위 내에서 시·도 교육규칙으로 정할 수 있다.",위임,교육규칙,5,이 규칙 외의 사항을 시·도 교육규칙으로 정할 수 있도록 규율권한을 넘긴다.
P04989,"이 규칙에서 규정한 사항 외에 특성화중학교, 특수목적고등학교 또는 자율형 사립고등학교의 지정·지정 취소 및 운영에 필요한 사항에 관하여는 법령의 범위 내에서 시·도 교육규칙으로 정할 수 있다.",위임,교육규칙,5,이 규칙 외의 사항을 시·도 교육규칙으로 정할 수 있게 하여 교육규칙에 규율권한을 넘긴다.
P04990,"이 규칙에서 규정한 사항 외에 특성화중학교, 특수목적고등학교 또는 자율형 사립고등학교의 지정·지정 취소 및 운영에 필요한 사항에 관하여는 법령의 범위 내에서 시·도 교육규칙으로 정할 수 있다.",위임,교육규칙,5,이 규칙 외의 사항을 시·도 교육규칙으로 정할 수 있도록 규율권한을 넘긴다.
P04991,"이 규칙에서 규정한 사항 외에 특성화중학교, 특수목적고등학교 또는 자율형 사립고등학교의 지정·지정 취소 및 운영에 필요한 사항에 관하여는 법령의 범위 내에서 시·도 교육규칙으로 정할 수 있다.",위임,교육규칙,5,시·도 교육규칙에 지정·운영에 필요한 사항의 규율권한을 넘기는 위임이다.
P04992,"이 규칙에서 규정한 사항 외에 특성화중학교, 특수목적고등학교 또는 자율형 사립고등학교의 지정·지정 취소 및 운영에 필요한 사항에 관하여는 법령의 범위 내에서 시·도 교육규칙으로 정할 수 있다.",위임,교육규칙,5,이 규칙에서 정하지 않은 사항을 시·도 교육규칙으로 정할 수 있도록 규율권한을 넘긴다.
P04993,"이 규칙에서 규정한 사항 외에 특성화중학교, 특수목적고등학교 또는 자율형 사립고등학교의 지정·지정 취소 및 운영에 필요한 사항에 관하여는 법령의 범위 내에서 시·도 교육규칙으로 정할 수 있다.",위임,교육규칙,5,이 규칙에서 정하지 않은 사항을 시·도 교육규칙으로 정할 수 있게 규율권한을 넘긴다.
P04994,"이 규칙에서 규정한 사항 외에 특성화중학교, 특수목적고등학교 또는 자율형 사립고등학교의 지정·지정 취소 및 운영에 필요한 사항에 관하여는 법령의 범위 내에서 시·도 교육규칙으로 정할 수 있다.",위임,교육규칙,5,시·도 교육규칙에 지정·운영에 필요한 사항의 규율권한을 넘기는 위임이다.
P04995,"이 규칙에서 규정한 사항 외에 특성화중학교, 특수목적고등학교 또는 자율형 사립고등학교의 지정·지정 취소 및 운영에 필요한 사항에 관하여는 법령의 범위 내에서 시·도 교육규칙으로 정할 수 있다.",위임,교육규칙,5,이 규칙 외의 사항을 시·도 교육규칙으로 정할 수 있도록 규율권한을 넘긴다.
P04996,"이 규칙에서 규정한 사항 외에 특성화중학교, 특수목적고등학교 또는 자율형 사립고등학교의 지정·지정 취소 및 운영에 필요한 사항에 관하여는 법령의 범위 내에서 시·도 교육규칙으로 정할 수 있다.",위임,교육규칙,5,시·도 교육규칙으로 정할 수 있다며 교육감 제정 규범에 규율권한을 넘긴다.
P04997,"이 규칙에서 규정한 사항 외에 특성화중학교, 특수목적고등학교 또는 자율형 사립고등학교의 지정·지정 취소 및 운영에 필요한 사항에 관하여는 법령의 범위 내에서 시·도 교육규칙으로 정할 수 있다.",위임,교육규칙,5,이 규칙 외의 사항을 시·도 교육규칙으로 정할 수 있도록 규율권한을 넘기는 위임이다.
P04998,"이 규칙에서 규정한 사항 외에 특성화중학교, 특수목적고등학교 또는 자율형 사립고등학교의 지정·지정 취소 및 운영에 필요한 사항에 관하여는 법령의 범위 내에서 시·도 교육규칙으로 정할 수 있다.",위임,교육규칙,5,시·도 교육규칙에 지정·운영에 필요한 사항의 규율권한을 넘기는 위임 규정이다.
P04999,"이 규칙에서 규정한 사항 외에 특성화중학교, 특수목적고등학교 또는 자율형 사립고등학교의 지정·지정 취소 및 운영에 필요한 사항에 관하여는 법령의 범위 내에서 시·도 교육규칙으로 정할 수 있다.",위임,교육규칙,5,시·도 교육규칙에 지정·운영 관련 세부사항의 규율권한을 넘긴다.
P05000,"이 규칙에서 규정한 사항 외에 특성화중학교, 특수목적고등학교 또는 자율형 사립고등학교의 지정·지정 취소 및 운영에 필요한 사항에 관하여는 법령의 범위 내에서 시·도 교육규칙으로 정할 수 있다.",위임,교육규칙,5,이 규칙에서 정하지 않은 사항의 규율권한을 시·도 교육규칙에 넘기는 위임이다.
P05001,"이 규칙에서 규정한 사항 외에 특성화중학교, 특수목적고등학교 또는 자율형 사립고등학교의 지정·지정 취소 및 운영에 필요한 사항에 관하여는 법령의 범위 내에서 시·도 교육규칙으로 정할 수 있다.",위임,교육규칙,5,이 규칙에서 정한 사항 외의 세부사항을 시·도 교육규칙으로 정하도록 규율권한을 넘긴다.
P05002,"이 규칙에서 규정한 사항 외에 특성화중학교, 특수목적고등학교 또는 자율형 사립고등학교의 지정·지정 취소 및 운영에 필요한 사항에 관하여는 법령의 범위 내에서 시·도 교육규칙으로 정할 수 있다.",위임,교육규칙,5,시·도 교육규칙에 지정·운영 관련 사항의 규율권한을 넘기는 위임이다.
P05003,보건복지부장관이 정하여 고시하는 공통서식에 따른다.,위임,고시,4,'보건복지부장관이 정하여 고시하는' 공통서식으로 규율 내용을 고시에 넘기는 부분 위임이다.
P05004,상환 비율은 대통령령으로,판단불가,대통령령,2,문장이 종결되지 않고 잘려 있어 위임 여부를 확정할 수 없으나 표지어구는 대통령령이다.
P05005,대통령령으로 정하는,판단불가,대통령령,3,문장이 '대통령령으로 정하는'에서 끊겨 있어 위임 여부를 확정할 수 없으나 문언상 지정 형식은 대통령령이다.
P05006,대통령령으로 정하는 기관을,위임,대통령령,3,문장이 불완전하지만 '대통령령으로 정하는 기관'이라는 부분 위임 문언이 확인된다.
P05007,"학칙으로 정하는 바에 따라 교육과정을 마치는 경우를 말하며, 그 구체적인 기준은 교육부장관이 정하여 고시한다.",위임,고시,4,구체적 기준의 규율권한을 교육부장관 고시에 넘기는 위임이다.
P05008,"학칙으로 정하는 바에 따라 교육과정을 마치는 경우를 말하며, 그 구체적인 기준은 교육부장관이 정하여 고시한다.",위임,고시,4,"구체적 기준의 규율권한을 교육부장관 고시에 넘기고 있으며, 앞부분 '학칙으로 정하는 바에 따라'는 인용적 표현이다."
P05009,대통령령으로 정하는,판단불가,대통령령,3,문장이 '대통령령으로 정하는'에서 잘려 수임 대상과 종결 형태를 확인할 수 없어 위임 여부를 판정할 수 없다.
P05010,"취업 후 상환 학자금대출을 하고자 하는 때에는 가구소득분위 및 다자녀 가구 해당 여부, 학점, 연령 등의 자격요건을 정하여 고시한",위임,고시,3,자격요건을 정하여 고시하도록 규율권한을 넘기는 위임이나 문장이 잘려 주체 확인이 어렵다.
P05011,"취업 후 상환 학자금대출을 하고자 하는 때에는 가구소득분위 및 다자녀 가구 해당 여부, 학점, 연령 등의 자격요건을 정하여 고시한",위임,고시,3,자격요건을 정하여 고시하도록 규율권한을 넘기는 문언이나 문장이 잘려 주체가 불명확하다.
P05012,필요한 세부사항을 정하여 고시한 후 그에 따라 대출할 수 있다.,위임,고시,3,세부사항을 정하여 고시하도록 하여 고시에 규율권한을 넘기고 있으나 주체가 생략되어 확신도는 낮다.
P05013,필요한 세부사항을 정하여 고시한 후 그에 따라 대출할 수 있다.,위임,고시,4,세부사항을 고시로 정하도록 규율권한을 넘기는 문언으로 법형식은 고시이다.
P05014,"다만, 전문기술석사학위 과정·석사학위 과정 및 박사학위 과정의 경우 교육부장관이 정하는 바에 따라 한도를 달리 정할 수 있다.",위임,미특정,4,한도 결정 권한을 교육부장관이 정하는 바에 넘기되 법형식을 지정하지 않았다.
P05015,"다만, 전문기술석사학위 과정·석사학위 과정 및 박사학위 과정의 경우 교육부장관이 정하는 바에 따라 한도를 달리 정할 수 있다.",위임,미특정,4,교육부장관이 정하는 바에 따라 한도를 달리 정하도록 규율권한을 넘기나 법형식은 지정하지 않았다.
P05016,생활비대출은 교육부장관이 정하는 바에 따라 한도를 달리 정할 수 있다.,위임,미특정,4,교육부장관에게 한도 결정 기준을 정할 권한을 넘기지만 법형식을 명시하지 않았다.
P05017,생활비대출은 교육부장관이 정하는 바에 따라 한도를 달리 정할 수 있다.,위임,미특정,4,교육부장관이 정하는 바에 따라 한도를 정하도록 규율권한을 넘기나 법형식은 지정하지 않았다.
P05018,매 학기 대출이 시작되기 전까지 교육부장관이 결정하여 고시한다.,위임,고시,4,대출 금리 결정을 교육부장관의 고시에 맡기는 위임으로 법형식이 '고시'로 명시되었다.
P05019,매 학기 대출이 시작되기 전까지 교육부장관이 결정하여 고시한다.,위임,고시,4,대출 금리라는 규율 사항의 결정을 교육부장관의 고시에 맡기고 있다.
P05020,대통령령으로 정하는,판단불가,대통령령,3,문장이 '대통령령으로 정하는'에서 잘려 있어 위임 대상과 종결 구조를 확인할 수 없다.
P05021,사항은 대통령령으로,판단불가,미특정,2,문장이 중간에서 잘려 있어 위임 종결 여부를 확인할 수 없다.
P05022,대통령령으로 정하는 소득인정액,위임,대통령령,3,구절 형태이지만 '대통령령으로 정하는 소득인정액'은 요건의 일부를 대통령령에 맡기는 부분위임 표지이다.
P05023,대통령령으로 정하는 연령으로,위임,대통령령,3,문장이 불완전하지만 '대통령령으로 정하는 연령'이라는 요건 일부를 대통령령에 맡기는 부분 위임이 드러난다.
P05024,대통령령으로 정하는,판단불가,대통령령,3,문장이 '대통령령으로 정하는'에서 잘려 있어 규율권한 이전 여부를 확정할 수 없으나 문언상 법형식은 대통령령으로 표시되어 있다.
P05025,대통령령으로 정하는,판단불가,대통령령,3,문장이 '대통령령으로 정하는'에서 잘려 있어 무엇을 위임하는지 확인할 수 없다.
P05026,대통령령으로 정하는,판단불가,대통령령,2,문장이 '대통령령으로 정하는'에서 잘려 규율 대상과 종결 구조를 확인할 수 없어 위임 여부를 판정하기 어렵다.
P05027,대통령령으로 정하는 대학생,위임,대통령령,4,'대통령령으로 정하는 대학생'은 요건의 일부를 대통령령에 맡기는 부분 위임이다.
P05028,제9조에 따라 교육부장관이 고시하는 다자녀 가구의 자녀,위임,고시,3,'교육부장관이 고시하는' 현재형으로 다자녀 가구 자녀의 구체적 범위 확정을 고시에 맡기는 부분 위임이다.
P05029,제9조에 따라 교육부장관이 고시하는 다자녀 가구의 자녀,위임,고시,4,'교육부장관이 고시하는'으로 다자녀 가구 자녀의 범위 확정을 고시에 맡기는 부분 위임이다.
P05030,제38조제2항에 따른 자립지원 대상자 중 교육부장관이 정하여 고시하는 사람,위임,고시,5,대상자 범위를 교육부장관 고시로 정하도록 부분 위임하고 있다.
P05031,중위소득의 100분의 130 이하에 준하는 사람으로서 교육부장관이 정하여 고시하는 사람,위임,고시,5,'교육부장관이 정하여 고시하는'으로 대상자 범위 확정을 고시에 넘기는 부분 위임이다.
P05032,매 학기의 기간은 교육부장관이 정하여 고시한다.,위임,고시,5,교육부장관이 정하여 고시하도록 규율권한을 넘기며 법형식으로 고시를 명시했다.
P05033,매 학기의 기간은 교육부장관이 정하여 고시한다.,위임,고시,5,매 학기 기간의 확정을 교육부장관 고시에 넘기는 위임이다.
P05034,생활비 대출원리금의 계산방법은 교육부장관이 정하여 고시한다.,위임,고시,5,생활비 대출원리금 계산방법을 교육부장관의 고시로 정하도록 규율권한을 넘긴다.
P05035,생활비 대출원리금의 계산방법은 교육부장관이 정하여 고시한다.,위임,고시,5,계산방법을 교육부장관의 고시로 정하도록 규율권한을 넘긴다.
P05036,대통령령으로 정하는 최소부담의무상환액,위임,대통령령,4,'대통령령으로 정하는 최소부담의무상환액'은 요건 일부를 대통령령에 맡기는 부분 위임이다.
P05037,대통령령으로 정하는 비율,위임,대통령령,4,호의 일부 조각이나 '대통령령으로 정하는 비율'로 비율 결정 권한을 대통령령에 넘기는 부분 위임이다.
P05038,대통령령으로 정하는,판단불가,해당없음,3,문장이 '대통령령으로 정하는'에서 잘려 있어 규율권한 이전 여부를 확정할 수 없다.
P05039,대통령령으로 정한다,위임,대통령령,4,문장이 단편이지만 '대통령령으로 정한다'는 종결형 위임 문언이다.
P05040,대통령령으로 정하는,판단불가,미특정,3,'대통령령으로 정하는'이라는 구절만 잘려 있어 위임 대상과 범위를 확인할 수 없다.
P05041,사항은 대통령령으로,판단불가,미특정,4,문장이 중간에서 잘려 위임 여부와 종결 형식을 확정할 수 없다.
P05042,사항은 대통령령으로,판단불가,대통령령,3,문장이 잘려 주어와 서술어가 불완전해 위임 여부를 확정할 수 없으나 문언상 대통령령이 명시되어 있다.
P05043,상환기준소득은 교육부장관이 「국민기초생활 보장법」 제2조제11호에 따른 기준 중위소득 및 물가상승률 등을 고려하여 매년 고시한다,위임,고시,4,"상환기준소득 산정을 교육부장관 고시에 맡기는 위임 규정이며, 「국민기초생활 보장법」 인용은 고려요소에 불과하다."
P05044,상환기준소득은 교육부장관이 「국민기초생활 보장법」 제2조제11호에 따른 기준 중위소득 및 물가상승률 등을 고려하여 매년 고시한다,위임,고시,5,"상환기준소득 산정을 교육부장관의 매년 고시에 맡기는 위임이며, 타 법령 인용은 고려요소 지시에 그친다."
P05045,대통령령으로 정하는 일정 배수를,위임,대통령령,3,문장이 절단되었으나 '대통령령으로 정하는 일정 배수'라는 부분 위임 문언이 명확하다.
P05046,사항은 대통령령으로,판단불가,미특정,4,문장이 잘려 종결부가 없어 위임 여부를 확정할 수 없다.
P05047,사항은 대통령령으로,판단불가,대통령령,3,문장이 중간에서 잘려 있어 위임 종결 여부를 확정할 수 없으나 문언상 대통령령이 지정되어 있다.
P05048,사항은 대통령령으로,판단불가,대통령령,2,문장이 중간에서 잘려 종결부와 주어가 없어 위임 여부를 확정할 수 없으나 표지어구로 대통령령이 나타난다.
P05049,사항은 대통령령으로,판단불가,대통령령,2,문장이 중간에서 잘려 종결부가 없어 위임인지 확정할 수 없으나 문언상 대통령령이 명시되어 있다.
P05050,사항은 대통령령으로,판단불가,대통령령,3,문장이 '사항은 대통령령으로'에서 잘려 종결 형태와 위임 여부를 확정할 수 없으나 법형식은 대통령령으로 표시되어 있다.
P05051,사항은 대통령령으로,판단불가,대통령령,2,문장이 중간에서 잘려 종결부가 없어 위임 여부를 확정할 수 없으나 표지어구상 대통령령이 지정되어 있다.
P05052,사항은 대통령령으로,판단불가,대통령령,2,문장이 중간에서 잘려 위임 여부를 확정할 수 없으나 문언상 언급된 법형식은 대통령령이다.
P05053,사항은 대통령령으로,판단불가,대통령령,2,문장이 중간에서 잘린 파편이어서 위임 종결 여부를 확정할 수 없으나 문언상 대통령령이 지정되어 있다.
P05054,대통령령으로 정하는,판단불가,해당없음,3,문장이 '대통령령으로 정하는'에서 잘려 무엇을 위임하는지 확인할 수 없다.
P05055,필요한 사항은 대통령령으로,위임,대통령령,3,문말이 절단되었으나 '필요한 사항은 대통령령으로'는 대통령령에 규율권한을 넘기는 위임 문형으로 판정된다.
P05056,교육부령으로 정하는 취업,위임,부령,3,문장이 절단되었으나 '교육부령으로 정하는 취업'은 요건 일부를 교육부령에 맡기는 부분 위임 형태이다.
P05057,내용은 대통령령으로,판단불가,대통령령,2,문장이 중간에서 잘려 서술어가 없어 위임 여부를 확정할 수 없으나 문언상 '대통령령'이 표지된다.
P05058,대통령령으로 정하는,판단불가,대통령령,3,문장이 '대통령령으로 정하는'에서 잘려 무엇을 위임하는지 확인할 수 없으나 표지어구는 대통령령이다.
P05059,구체적인 사항은 대통령령으로,판단불가,대통령령,3,문장이 종결되지 않고 잘려 있어 위임 여부를 확정할 수 없으나 대통령령이 표지어구로 나타난다.
P05060,대통령령으로 정하는 바에,판단불가,대통령령,3,문장이 중간에 잘려 규율 대상과 종결 구조를 확인할 수 없어 위임 여부를 확정할 수 없으나 문언상 대통령령이 명시되어 있다.
P05061,원천공제의무자는 대통령령으로,판단불가,해당없음,3,문장이 '대통령령으로'에서 끊겨 위임인지 인용인지 종결 문언을 확인할 수 없다.
P05062,대통령령으로 정하는 귀책사유가,위임,대통령령,3,문장이 잘려 있으나 '대통령령으로 정하는 귀책사유'는 요건 일부를 대통령령에 맡기는 부분 위임이다.
P05063,대통령령으로 정하는 사유로,위임,대통령령,4,문장이 단편이지만 '대통령령으로 정하는 사유'는 요건 일부를 대통령령에 맡기는 부분 위임이다.
P05064,사항은 대통령령으로,판단불가,대통령령,3,문장이 '사항은 대통령령으로'에서 잘려 종결부가 없어 위임 여부를 확정할 수 없다.
P05065,교육부장관이 정하는 바에 따라 상환금명세서를 함께 제출하여야 한다.,위임,미특정,4,'교육부장관이 정하는 바에 따라'로 법형식을 지정하지 않은 채 규율권한을 넘긴다.
P05066,대통령령으로 정하는 금액,위임,대통령령,4,'대통령령으로 정하는 금액'은 요건의 일부를 대통령령에 맡기는 부분 위임이다.
P05067,구체적인 사항은 대통령령으로,위임,대통령령,3,문장이 잘려 있으나 '구체적인 사항은 대통령령으로'라는 문언상 대통령령에 규율권한을 넘기는 위임으로 판단된다.
P05068,사항은 대통령령으로,판단불가,대통령령,2,문장이 '사항은 대통령령으로'에서 잘려 종결어를 알 수 없어 위임 여부를 확정할 수 없으나 문언상 대통령령이 명시되어 있다.
P05069,대통령령으로 정하는,판단불가,대통령령,2,문장이 '대통령령으로 정하는'에서 절단되어 무엇을 위임하는지 확인할 수 없다.
P05070,대통령령으로 정하는,판단불가,대통령령,2,문장이 '대통령령으로 정하는'에서 절단되어 무엇을 위임하는지 확인할 수 없다.
P05071,대통령령으로 정하는,위임,대통령령,3,문장이 단편으로 잘려 있으나 '대통령령으로 정하는'이라는 부분 위임 문언이 확인된다.
P05072,대통령령으로 정하는,판단불가,대통령령,3,문장이 '대통령령으로 정하는'에서 절단되어 위임 대상과 종결 형태를 확인할 수 없다.
P05073,대통령령으로 정하는,판단불가,대통령령,3,문장이 '대통령령으로 정하는'에서 잘려 규율 대상과 종결 형태를 확인할 수 없어 위임 여부를 판정할 수 없다.
P05074,대통령령으로 정하는,판단불가,대통령령,3,문장이 '대통령령으로 정하는'에서 잘려 무엇을 위임하는지 확인할 수 없다.
P05075,필요한 사항은 대통령령으로,위임,대통령령,3,문장 말미가 잘렸으나 '필요한 사항은 대통령령으로'라는 문언상 대통령령에 규율권한을 넘기는 위임 문장으로 판단된다.
P05076,대통령령으로 정하는,판단불가,대통령령,3,문장이 '대통령령으로 정하는'에서 잘려 규율 대상과 종결 형태를 확인할 수 없어 위임 여부를 확정할 수 없다.
P05077,대통령령으로 정하는,판단불가,대통령령,3,문장이 '대통령령으로 정하는'에서 절단되어 무엇을 위임하는지 확인할 수 없으나 표지어구는 대통령령이다.
P05078,자는 대통령령으로,판단불가,대통령령,2,문장이 '자는 대통령령으로'에서 잘려 있어 위임인지 인용인지 확정할 수 없으나 문언상 대통령령이 언급된다.
P05079,대통령령으로 정하는,판단불가,대통령령,3,'대통령령으로 정하는'이라는 조각만 제시되어 문장이 잘려 규율 대상과 위임 여부를 확정할 수 없다.
P05080,관하여는 대통령령으로,판단불가,대통령령,3,문장이 중간에서 잘려 위임 대상과 종결 형태를 확인할 수 없으나 '대통령령으로'라는 표지어구만 남아 있다.
P05081,대통령령으로 정하는,판단불가,대통령령,2,문장이 '대통령령으로 정하는'에서 잘려 규율 대상과 종결 형태를 확인할 수 없어 위임 여부를 확정할 수 없다.
P05082,대통령령으로 정하는 규모 이상의 법인,위임,대통령령,4,'대통령령으로 정하는 규모'로 요건 일부를 대통령령에 맡기는 부분 위임이다.
P05083,대통령령으로 정하는 기관,위임,대통령령,4,'대통령령으로 정하는 기관'은 요건 일부를 대통령령에 맡기는 부분 위임이다.
P05084,대통령령으로 정한다,위임,대통령령,4,문장이 일부 잘렸으나 '대통령령으로 정한다'는 종결형으로 규율권한을 대통령령에 넘기는 위임이다.
P05085,대통령령으로 정한다,위임,대통령령,4,문말 '대통령령으로 정한다'는 규율권한을 대통령령에 넘기는 위임 종결형이다.
P05086,대통령령으로 정한다,위임,대통령령,4,'대통령령으로 정한다'는 종결형 위임 문언으로 규율권한을 대통령령에 넘긴다.
P05087,예외 처리에 관한 사항은 교육부장관이 정하는 바에 따른다.,위임,미특정,5,교육부장관에게 예외 처리 사항의 규율권한을 넘기되 법형식을 지정하지 않았다.
P05088,과태료는 대통령령으로,판단불가,미특정,3,문장이 '대통령령으로'에서 잘려 위임인지 인용인지 종결 형태를 확인할 수 없다.
P05089,교육부장관이 정하여 고시하는 정보통신망,위임,고시,4,문장 조각이나 '교육부장관이 정하여 고시하는'은 고시에 구체적 사항을 맡기는 부분 위임이다.
P05090,교육부장관이 정하여 고시하는 정보통신망,위임,고시,4,문장 조각이지만 '교육부장관이 정하여 고시하는'으로 고시에 구체적 사항을 넘기는 부분 위임이다.
P05091,다음 각 호의 어느 하나에 해당하는 사유가 있는 경우에는 교육부장관이 정하는 별도의 기간에 신고를 할 수 있다.,위임,미특정,4,신고기간 설정을 교육부장관에게 맡기는 부분 위임이나 법형식은 지정되지 않았다.
P05092,4. 그 밖에 제1호부터 제3호까지에 준하는 것으로서 교육부장관이 정하는 사유,위임,미특정,5,사유의 구체적 내용을 교육부장관이 정하도록 위임하되 법형식은 지정하지 않았다.
P05093,"신고의 절차, 방법 등에 관하여 필요한 사항은 교육부장관이 정한다.",위임,미특정,5,교육부장관에게 규율권한을 넘기지만 고시 등 법형식을 지정하지 않았다.
P05094,"신고의 절차, 방법 등에 관하여 필요한 사항은 교육부장관이 정한다.",위임,미특정,5,교육부장관에게 신고 절차·방법의 규율권한을 넘기나 법형식을 지정하지 않았다.
P05095,교육부령으로 정하는 신청서에,위임,부령,3,문장이 잘려 있으나 '교육부령으로 정하는 신청서'는 신청서 서식을 부령에 맡기는 부분 위임이다.
P05096,이 경우 상환 면제의 기준에 관한 세부 사항은 교육부장관이 정하여 고시한다.,위임,고시,5,세부 사항의 규율권한을 교육부장관의 고시에 넘긴다.
P05097,교육부장관이 학자금대출 이자의 면제가 필요하다고 인정하여 고시하는 가구소득분위를 말한다,위임,고시,4,가구소득분위의 구체적 내용을 교육부장관 고시에 넘기는 부분 위임이다.
P05098,교육부장관이 학자금대출 이자의 면제가 필요하다고 인정하여 고시하는 가구소득분위를 말한다,위임,고시,4,가구소득분위의 구체적 결정을 교육부장관의 고시에 넘기는 부분 위임이다.
P05099,교육부령으로 정하는 신청서,위임,부령,4,'교육부령으로 정하는 신청서'는 신청서 서식 등 사항을 부령에 맡기는 부분 위임이다.
P05100,교육부령으로 정하는 서류,위임,부령,4,'교육부령으로 정하는 서류'는 서류의 종류를 부령에 맡기는 부분 위임이다.
P05101,사항은 교육부령으로,판단불가,미특정,4,문장이 중간에서 잘려 서술어와 대상이 불완전하여 위임 여부를 확정할 수 없다.
P05102,교육부령으로 정하는,판단불가,부령,3,'교육부령으로 정하는'만 남아 문장이 잘려 있어 규율권한 이전 여부를 확정할 수 없으나 표지어구상 법형식은 부령이다.
P05103,교육부령으로 정하는,위임,부령,3,문장이 잘려 있으나 '교육부령으로 정하는'이라는 현재형 부분위임 문언으로 교육부령에 규율권한을 넘기는 것으로 보인다.
P05104,교육부령으로 정하는,판단불가,부령,3,문장이 '교육부령으로 정하는'에서 잘려 무엇을 위임하는지 확인할 수 없어 판정이 불가하나 지정 형식은 부령으로 보인다.
P05105,교육부령으로 정하는,판단불가,부령,2,문장이 '교육부령으로 정하는'에서 잘려 규율권한 이전 여부를 확정할 수 없으나 문언상 지정된 법형식은 부령이다.
P05106,교육부령으로 정하는 금액,위임,부령,4,'교육부령으로 정하는 금액'은 금액 산정을 부령에 맡기는 부분 위임이다.
P05107,교육부령으로 정하는 부채,위임,부령,4,'교육부령으로 정하는 부채'는 부채의 범위를 교육부령에 맡기는 부분 위임이다.
P05108,부동산 및 전세가격상승률 등을 고려하여 교육부장관이 정하여 고시한다.,위임,고시,5,교육부장관이 정하여 고시하도록 규율권한을 넘기는 위임이며 법형식으로 고시를 명시했다.
P05109,교육부령으로 정한다,위임,부령,4,종결형 '교육부령으로 정한다'로 부령에 규율권한을 넘기는 위임이다.
P05110,기간을 정하여 교육부령으로,판단불가,부령,2,문장이 중간에서 잘려 종결부가 없어 위임 여부를 확정할 수 없으나 문언상 교육부령이 언급되어 있다.
P05111,교육부령으로 정하는,판단불가,부령,3,문장이 '교육부령으로 정하는'에서 잘려 있어 위임 종결 여부를 확정할 수 없으나 문언상 지정된 법형식은 부령이다.
P05112,교육부령으로 정하는,위임,부령,3,문장이 절단된 조각이지만 '교육부령으로 정하는'이라는 부분위임 표지가 명확하여 부령에 대한 위임으로 본다.
P05113,3. 그 밖에 의무상환액의 납부에 필요한 사항으로서 교육부장관이 정하는 사항,위임,미특정,4,교육부장관에게 필요한 사항의 규율권한을 넘기나 법형식을 지정하지 않았다.
P05114,사항은 교육부령으로,판단불가,부령,2,문장이 중간에서 잘려 종결부가 없어 위임 여부를 확정할 수 없으나 표지어구상 교육부령(부령)이 지정되어 있다.
P05115,사항은 교육부령으로,판단불가,부령,2,문장이 잘려 종결부와 위임 대상 사항을 확인할 수 없으나 문언상 교육부령이 지정되어 있다.
P05116,사항은 교육부령으로,판단불가,미특정,4,문장이 잘려 있어 위임 종결 여부와 규율 대상을 확인할 수 없다.
P05117,사항은 교육부령으로,판단불가,부령,2,문장이 중간에서 잘려 완결된 규율 구조를 확인할 수 없으나 문언상 교육부령이 표시되어 있다.
P05118,사항은 교육부령으로,판단불가,부령,3,문장이 중간에 잘려 종결형과 위임 대상 사항을 확인할 수 없으나 문언상 교육부령이 언급되어 있다.
P05119,사항은 교육부령으로,판단불가,부령,3,문장이 중간에 잘려 규율권한 이전 여부를 확정할 수 없으나 표지어구상 교육부령(부령)이 지정되어 있다.
P05120,사항은 교육부령으로,판단불가,부령,3,문장이 중간에서 잘려 종결 형태와 위임 여부를 확인할 수 없으나 표지어구는 교육부령이다.
P05121,사항은 교육부령으로,판단불가,해당없음,4,문장이 중간에서 잘려 종결부가 없어 위임 여부를 확정할 수 없다.
P05122,사항은 교육부령으로,판단불가,미특정,4,문장이 중간에서 잘려 있어 위임 여부와 대상 사항을 확정할 수 없다.
P05123,사항은 교육부령으로,판단불가,부령,2,문장이 잘려 서술어와 위임 범위를 확인할 수 없어 판정이 불가하나 표지어구상 교육부령이 언급되어 있다.
P05124,교육부령으로 정하는,위임,부령,3,문장이 불완전하나 '교육부령으로 정하는' 형태의 부분 위임 표지가 명확하다.
P05125,교육부령으로 정하는,판단불가,부령,3,문장이 '교육부령으로 정하는'에서 잘려 규율 대상과 종결 형태를 확인할 수 없으나 표지어구는 부령이다.
P05126,교육부령으로 정하는,판단불가,부령,3,문장이 '교육부령으로 정하는'에서 잘려 종결부가 없어 위임 여부를 확정할 수 없으나 표지어구는 교육부령(부령)이다.
P05127,교육부령으로 정하는,판단불가,부령,2,문장이 '교육부령으로 정하는'에서 잘려 규율권한 이전 여부를 확정할 수 없으나 표지어구는 교육부령이다.
P05128,교육부령으로 정하는,위임,부령,3,문장이 단편이지만 '교육부령으로 정하는'이라는 부분위임 문언으로 교육부령에 규율권한을 넘긴다.
P05129,5. 그 밖에 대출원리금의 원천공제를 위하여 교육부장관이 정하는 사항,위임,미특정,4,교육부장관에게 사항 결정 권한을 넘기지만 법형식은 지정하지 않았다.
P05130,원천공제한 의무상환액은 교육부령으로 정하는 납부서를 첨부하여 교육부장관이 정하는 수납기관에 납부하여야 한다.,위임,부령|미특정,4,"납부서 서식은 교육부령에, 수납기관 지정은 형식 미지정으로 교육부장관에게 각각 규율권한을 넘긴다."
P05131,해당 원천공제기간 종료일까지 교육부령으로 정하는 납부서를 첨부하여 교육부장관이 정하는 수납기관에 납부하여야 한다.,위임,부령|미특정,4,"납부서 서식은 교육부령에, 수납기관은 형식 미지정으로 교육부장관에게 각각 규율권한을 넘기므로 두 형식을 병기한다."
P05132,교육부령으로 정하는,위임,부령,3,문장이 단편이지만 '교육부령으로 정하는'이라는 부분 위임 문언이 명확하다.
P05133,납부를 하려는 채무자는 교육부령으로 정하는 납부서를 첨부하여 교육부장관이 정하는 수납기관에 납부하여야 한다.,위임,부령|미특정,4,"납부서 서식은 교육부령에, 수납기관은 법형식을 지정하지 않은 교육부장관 결정에 각각 규율권한을 넘긴다."
P05134,교육부령으로 정하는,위임,부령,3,문장이 단편이지만 '교육부령으로 정하는'은 요건 일부를 부령에 맡기는 부분 위임 표지이다.
P05135,교육부령으로 정하는,판단불가,부령,3,문장이 '교육부령으로 정하는'에서 잘려 있어 위임 여부를 확정할 수 없으나 문언상 교육부령이 표시되어 있다.
P05136,3. 그 밖에 의무상환액의 납부에 필요한 사항으로서 교육부장관이 정하는 사항,위임,미특정,4,교육부장관이 정하는 사항으로 규율권한을 넘기나 법형식은 지정되지 않았다.
P05137,교육부령으로 정하는,판단불가,부령,3,문장이 '교육부령으로 정하는'에서 잘려 규율 대상과 종결 형태를 확인할 수 없어 위임 여부를 확정할 수 없다.
P05138,교육부령으로 정하는,판단불가,미특정,4,문장이 '교육부령으로 정하는'에서 잘려 있어 규율 대상과 종결 형태를 알 수 없다.
P05139,3. 그 밖에 의무상환액의 납부에 필요한 사항으로서 교육부장관이 정하는 사항,위임,미특정,4,교육부장관에게 필요한 사항의 규율권한을 넘기되 법형식을 지정하지 않았다.
P05140,교육부령으로 정하는,판단불가,부령,3,문장이 '교육부령으로 정하는'에서 잘려 규율 대상이 드러나지 않아 위임 여부를 확정할 수 없다.
P05141,이 경우 교육부장관이 정하여 고시하는 면제신청서에,위임,고시,4,문장이 일부 잘렸으나 '교육부장관이 정하여 고시하는'은 면제신청서 서식 사항을 고시에 넘기는 부분 위임이다.
P05142,교육부장관이 정하여 고시하는 기준 및 순서에,위임,고시,3,문장이 잘려 있으나 '교육부장관이 정하여 고시하는 기준 및 순서'로 고시에 규율권한을 넘기는 부분 위임이 확인된다.
P05143,대통령령으로 정하는 언어를,위임,대통령령,3,문장이 잘려 있으나 '대통령령으로 정하는 언어'는 정의 요건의 일부를 대통령령에 맡기는 부분 위임이다.
P05144,사항은 대통령령으로,판단불가,대통령령,2,문장이 중간에 잘려 서술어가 없어 위임 종결 여부를 확정할 수 없으나 문언상 대통령령이 명시되어 있다.
P05145,필요한 사항은 대통령령으로,위임,대통령령,3,문장이 일부 잘렸으나 '필요한 사항은 대통령령으로'라는 표현상 대통령령에 규율권한을 넘기는 위임으로 읽힌다.
P05146,사항은 대통령령으로,위임,대통령령,3,문장이 일부 절단되었으나 '사항은 대통령령으로'는 대통령령에 규율권한을 넘기는 전형적 위임 문언이다.
P05147,대통령령으로 정한다,위임,대통령령,4,주어가 생략된 단편이지만 '대통령령으로 정한다'는 종결 문언으로 대통령령에 규율권한을 넘기는 위임이다.
P05148,대통령령으로 정하는,위임,대통령령,3,문장이 단절되어 있으나 '대통령령으로 정하는'이라는 부분위임 표지로 전문교육기관 업무의 일부를 대통령령에 넘기는 위임으로 판단된다.
P05149,권한의 일부를 대통령령으로,판단불가,해당없음,4,문장이 중간에 잘려 서술어가 없어 위임 여부를 확정할 수 없다.
P05150,"①학교가 학생의 교육을 위하여 설치하여야 하는 시설의 종류 및 그 기준은 별표 1과 같다. 다만, 지역의 여건 및 학생의 장애 유형 등을 고려하여 시설의 종류별 면적기준을 3분의 1의 범위에서 시·도 조례로 정하는 바에 따라 완화하거나 강화하여 적용할 수 있다.",위임,조례,4,단서에서 면적기준의 완화·강화 범위를 시·도 조례로 정하도록 규율권한을 넘긴다.
P05151,대통령령으로 정하는,판단불가,대통령령,2,문장이 '대통령령으로 정하는'에서 잘려 무엇을 위임하는지 확인할 수 없어 위임 여부를 확정할 수 없다.
P05152,사항은 대통령령으로,판단불가,대통령령,3,문장이 중간에 잘려 종결부가 없어 위임 여부를 확정할 수 없으나 표지어구로 대통령령이 명시되어 있다.
P05153,사항은 대통령령으로,판단불가,대통령령,3,문장이 중간에서 잘려 서술어가 없어 위임 여부를 확정할 수 없으나 법형식으로 대통령령이 언급되어 있다.
P05154,사항은 대통령령으로,판단불가,해당없음,3,문장이 '사항은 대통령령으로'에서 잘려 종결 형태를 확인할 수 없어 위임 여부를 확정할 수 없다.
P05155,대통령령으로 정하는,판단불가,대통령령,2,문장이 '대통령령으로 정하는'에서 끊겨 무엇을 위임하는지 확인할 수 없다.
P05156,대통령령으로 정한다,위임,대통령령,4,문장이 단독으로 잘려 있으나 '대통령령으로 정한다'는 종결형 위임 문언이다.
P05157,⑤ 시·도협의회의 구성·운영에 필요한 사항은 해당 지방자치단체의 조례로 정한다.,위임,조례,5,시·도협의회 구성·운영 사항의 규율권한을 지방자치단체 조례에 넘긴다.
P05158,⑤ 시·도협의회의 구성·운영에 필요한 사항은 해당 지방자치단체의 조례로 정한다.,위임,조례,5,시·도협의회 구성·운영 사항의 규율권한을 지방자치단체 조례에 넘긴다.
P05159,⑤ 시·도협의회의 구성·운영에 필요한 사항은 해당 지방자치단체의 조례로 정한다.,위임,조례,5,시·도협의회 구성·운영 사항의 규율권한을 지방자치단체 조례에 넘긴다.
P05160,⑤ 시·도협의회의 구성·운영에 필요한 사항은 해당 지방자치단체의 조례로 정한다.,위임,조례,5,시·도협의회 구성·운영 사항을 지방자치단체 조례에 위임한다.
P05161,⑤ 시·도협의회의 구성·운영에 필요한 사항은 해당 지방자치단체의 조례로 정한다.,위임,조례,5,구성·운영에 필요한 사항의 규율권한을 지방자치단체 조례에 넘긴다.
P05162,⑤ 시·도협의회의 구성·운영에 필요한 사항은 해당 지방자치단체의 조례로 정한다.,위임,조례,5,시·도협의회 구성·운영 사항의 규율권한을 지방자치단체 조례에 넘긴다.
P05163,⑤ 시·도협의회의 구성·운영에 필요한 사항은 해당 지방자치단체의 조례로 정한다.,위임,조례,5,시·도협의회 구성·운영 사항을 지방자치단체 조례에 위임한다.
P05164,⑤ 시·도협의회의 구성·운영에 필요한 사항은 해당 지방자치단체의 조례로 정한다.,위임,조례,5,구성·운영에 필요한 사항을 지방자치단체 조례에 정하도록 규율권한을 넘긴다.
P05165,⑤ 시·도협의회의 구성·운영에 필요한 사항은 해당 지방자치단체의 조례로 정한다.,위임,조례,5,시·도협의회의 구성·운영 사항을 지방자치단체 조례로 정하도록 규율권한을 넘긴다.
P05166,⑤ 시·도협의회의 구성·운영에 필요한 사항은 해당 지방자치단체의 조례로 정한다.,위임,조례,5,시·도협의회 구성·운영 사항을 지방자치단체 조례에 정하도록 규율권한을 넘긴다.
P05167,⑤ 시·도협의회의 구성·운영에 필요한 사항은 해당 지방자치단체의 조례로 정한다.,위임,조례,5,시·도협의회 구성·운영 사항을 지방자치단체 조례에 규율권한으로 넘긴다.
P05168,⑤ 시·도협의회의 구성·운영에 필요한 사항은 해당 지방자치단체의 조례로 정한다.,위임,조례,5,시·도협의회 구성·운영 사항의 규율권한을 지방자치단체 조례에 넘긴다.
P05169,⑤ 시·도협의회의 구성·운영에 필요한 사항은 해당 지방자치단체의 조례로 정한다.,위임,조례,5,시·도협의회 구성·운영 사항을 지방자치단체 조례에 위임한다.
P05170,⑤ 시·도협의회의 구성·운영에 필요한 사항은 해당 지방자치단체의 조례로 정한다.,위임,조례,5,시·도협의회 구성·운영 사항의 규율권한을 지방자치단체 조례에 넘긴다.
P05171,⑤ 시·도협의회의 구성·운영에 필요한 사항은 해당 지방자치단체의 조례로 정한다.,위임,조례,5,시·도협의회 구성·운영 사항의 규율권한을 지방자치단체 조례에 넘긴다.
P05172,⑤ 시·도협의회의 구성·운영에 필요한 사항은 해당 지방자치단체의 조례로 정한다.,위임,조례,5,구성·운영 사항의 규율권한을 지방자치단체 조례에 넘기는 위임이다.
P05173,⑤ 시·도협의회의 구성·운영에 필요한 사항은 해당 지방자치단체의 조례로 정한다.,위임,조례,5,시·도협의회 구성·운영 사항을 지방자치단체 조례에 정하도록 규율권한을 넘긴다.
P05174,④ 시·군·구협의회의 구성·운영 등에 필요한 사항은 지방자치단체의 조례로 정한다.,위임,조례,5,구성·운영에 필요한 사항의 규율권한을 지방자치단체 조례에 넘기는 위임이다.
P05175,④ 시·군·구협의회의 구성·운영 등에 필요한 사항은 지방자치단체의 조례로 정한다.,위임,조례,5,문말 종결형으로 지방자치단체 조례에 구성·운영 사항의 규율권한을 넘긴다.
P05176,④ 시·군·구협의회의 구성·운영 등에 필요한 사항은 지방자치단체의 조례로 정한다.,위임,조례,5,시·군·구협의회의 구성·운영 사항을 지방자치단체 조례에 정하도록 규율권한을 넘긴다.
P05177,④ 시·군·구협의회의 구성·운영 등에 필요한 사항은 지방자치단체의 조례로 정한다.,위임,조례,5,필요한 사항을 지방자치단체 조례로 정하도록 규율권한을 넘긴다.
P05178,④ 시·군·구협의회의 구성·운영 등에 필요한 사항은 지방자치단체의 조례로 정한다.,위임,조례,5,필요한 사항을 지방자치단체 조례로 정하도록 규율권한을 넘기는 위임이다.
P05179,④ 시·군·구협의회의 구성·운영 등에 필요한 사항은 지방자치단체의 조례로 정한다.,위임,조례,5,구성·운영에 필요한 사항의 규율권한을 지방자치단체 조례에 넘기는 종결형 위임이다.
P05180,④ 시·군·구협의회의 구성·운영 등에 필요한 사항은 지방자치단체의 조례로 정한다.,위임,조례,5,구성·운영에 필요한 사항의 규율권한을 지방자치단체 조례에 넘기는 위임 규정이다.
P05181,④ 시·군·구협의회의 구성·운영 등에 필요한 사항은 지방자치단체의 조례로 정한다.,위임,조례,5,구성·운영에 필요한 사항의 규율권한을 지방자치단체 조례에 넘긴다.
P05182,④ 시·군·구협의회의 구성·운영 등에 필요한 사항은 지방자치단체의 조례로 정한다.,위임,조례,5,구성·운영에 필요한 사항의 규율권한을 지방자치단체 조례에 넘긴다.
P05183,④ 시·군·구협의회의 구성·운영 등에 필요한 사항은 지방자치단체의 조례로 정한다.,위임,조례,5,시·군·구협의회 구성·운영 사항을 지방자치단체 조례로 정하도록 규율권한을 넘긴다.
P05184,④ 시·군·구협의회의 구성·운영 등에 필요한 사항은 지방자치단체의 조례로 정한다.,위임,조례,5,문말 종결형으로 지방자치단체 조례에 구성·운영 사항의 규율권한을 넘긴다.
P05185,④ 시·군·구협의회의 구성·운영 등에 필요한 사항은 지방자치단체의 조례로 정한다.,위임,조례,5,시·군·구협의회의 구성·운영 사항을 지방자치단체 조례에 규율권한을 넘기는 위임 규정이다.
P05186,④ 시·군·구협의회의 구성·운영 등에 필요한 사항은 지방자치단체의 조례로 정한다.,위임,조례,5,필요한 사항의 규율권한을 지방자치단체 조례에 넘기는 위임 규정이다.
P05187,④ 시·군·구협의회의 구성·운영 등에 필요한 사항은 지방자치단체의 조례로 정한다.,위임,조례,5,시·군·구협의회 구성·운영 사항을 지방자치단체 조례에 규율권한을 넘기는 위임이다.
P05188,④ 시·군·구협의회의 구성·운영 등에 필요한 사항은 지방자치단체의 조례로 정한다.,위임,조례,5,시·군·구협의회의 구성·운영에 관한 사항을 지방자치단체 조례에 규율권한을 넘기는 위임이다.
P05189,④ 시·군·구협의회의 구성·운영 등에 필요한 사항은 지방자치단체의 조례로 정한다.,위임,조례,5,구성·운영 사항을 지방자치단체 조례로 정하도록 규율권한을 넘긴다.
P05190,④ 시·군·구협의회의 구성·운영 등에 필요한 사항은 지방자치단체의 조례로 정한다.,위임,조례,5,필요한 사항의 규율권한을 지방자치단체 조례에 넘기는 위임 규정이다.
P05191,④ 시·군·구협의회의 구성·운영 등에 필요한 사항은 지방자치단체의 조례로 정한다.,위임,조례,5,시·군·구협의회의 구성·운영 사항을 지방자치단체 조례로 정하도록 규율권한을 넘긴다.
P05192,④ 시·군·구협의회의 구성·운영 등에 필요한 사항은 지방자치단체의 조례로 정한다.,위임,조례,5,문말 종결형으로 지방자치단체 조례에 구성·운영 사항의 규율권한을 넘긴다.
P05193,④ 시·군·구협의회의 구성·운영 등에 필요한 사항은 지방자치단체의 조례로 정한다.,위임,조례,5,문말 종결형으로 지방자치단체 조례에 구성·운영 사항의 규율권한을 넘긴다.
P05194,④ 시·군·구협의회의 구성·운영 등에 필요한 사항은 지방자치단체의 조례로 정한다.,위임,조례,5,구성·운영 사항의 규율권한을 지방자치단체 조례에 넘기는 위임이다.
P05195,④ 시·군·구협의회의 구성·운영 등에 필요한 사항은 지방자치단체의 조례로 정한다.,위임,조례,5,문말 종결형으로 지방자치단체 조례에 구성·운영 사항의 규율권한을 넘긴다.
P05196,④ 시·군·구협의회의 구성·운영 등에 필요한 사항은 지방자치단체의 조례로 정한다.,위임,조례,5,구성·운영에 필요한 사항의 규율권한을 지방자치단체 조례에 넘기는 위임 규정이다.
P05197,④ 시·군·구협의회의 구성·운영 등에 필요한 사항은 지방자치단체의 조례로 정한다.,위임,조례,5,필요한 사항을 지방자치단체 조례로 정하도록 규율권한을 넘긴다.
P05198,④ 시·군·구협의회의 구성·운영 등에 필요한 사항은 지방자치단체의 조례로 정한다.,위임,조례,5,시·군·구협의회 구성·운영 사항을 지방자치단체 조례로 정하도록 규율권한을 넘긴다.
P05199,④ 시·군·구협의회의 구성·운영 등에 필요한 사항은 지방자치단체의 조례로 정한다.,위임,조례,5,시·군·구협의회 구성·운영 사항을 지방자치단체 조례에 규율권한을 넘기는 위임이다.
P05200,④ 시·군·구협의회의 구성·운영 등에 필요한 사항은 지방자치단체의 조례로 정한다.,위임,조례,5,문말 종결형으로 지방자치단체 조례에 구성·운영 사항의 규율권한을 넘긴다.
P05201,④ 시·군·구협의회의 구성·운영 등에 필요한 사항은 지방자치단체의 조례로 정한다.,위임,조례,5,필요한 사항을 지방자치단체 조례로 정하도록 규율권한을 넘긴다.
P05202,④ 시·군·구협의회의 구성·운영 등에 필요한 사항은 지방자치단체의 조례로 정한다.,위임,조례,5,시·군·구협의회 구성·운영 사항을 지방자치단체 조례에 정하도록 규율권한을 넘긴다.
P05203,④ 시·군·구협의회의 구성·운영 등에 필요한 사항은 지방자치단체의 조례로 정한다.,위임,조례,5,필요한 사항의 규율권한을 지방자치단체 조례에 넘기는 위임 규정이다.
P05204,④ 시·군·구협의회의 구성·운영 등에 필요한 사항은 지방자치단체의 조례로 정한다.,위임,조례,5,구성·운영에 필요한 사항의 규율권한을 지방자치단체 조례에 넘긴다.
P05205,④ 시·군·구협의회의 구성·운영 등에 필요한 사항은 지방자치단체의 조례로 정한다.,위임,조례,5,필요한 사항을 지방자치단체 조례로 정하도록 규율권한을 넘긴다.
P05206,④ 시·군·구협의회의 구성·운영 등에 필요한 사항은 지방자치단체의 조례로 정한다.,위임,조례,5,필요한 사항을 지방자치단체 조례로 정하도록 규율권한을 넘긴다.
P05207,④ 시·군·구협의회의 구성·운영 등에 필요한 사항은 지방자치단체의 조례로 정한다.,위임,조례,5,구성·운영에 필요한 사항의 규율권한을 지방자치단체 조례에 넘기는 종결형 위임이다.
P05208,④ 시·군·구협의회의 구성·운영 등에 필요한 사항은 지방자치단체의 조례로 정한다.,위임,조례,5,필요한 사항의 규율권한을 지방자치단체 조례에 넘기는 위임 규정이다.
P05209,④ 시·군·구협의회의 구성·운영 등에 필요한 사항은 지방자치단체의 조례로 정한다.,위임,조례,5,필요한 사항의 규율권한을 지방자치단체 조례에 넘기는 위임 문장이다.
P05210,④ 시·군·구협의회의 구성·운영 등에 필요한 사항은 지방자치단체의 조례로 정한다.,위임,조례,5,시·군·구협의회 구성·운영 사항을 지방자치단체 조례에 정하도록 규율권한을 넘긴다.
P05211,④ 시·군·구협의회의 구성·운영 등에 필요한 사항은 지방자치단체의 조례로 정한다.,위임,조례,5,필요한 사항의 규율권한을 지방자치단체 조례로 넘기는 위임 규정이다.
P05212,④ 시·군·구협의회의 구성·운영 등에 필요한 사항은 지방자치단체의 조례로 정한다.,위임,조례,5,필요한 사항의 규율권한을 지방자치단체 조례에 넘기는 위임 규정이다.
P05213,④ 시·군·구협의회의 구성·운영 등에 필요한 사항은 지방자치단체의 조례로 정한다.,위임,조례,5,필요한 사항의 규율권한을 지방자치단체 조례에 넘기는 위임 규정이다.
P05214,④ 시·군·구협의회의 구성·운영 등에 필요한 사항은 지방자치단체의 조례로 정한다.,위임,조례,5,구성·운영에 관한 사항을 지방자치단체 조례에 규율권한을 넘긴다.
P05215,④ 시·군·구협의회의 구성·운영 등에 필요한 사항은 지방자치단체의 조례로 정한다.,위임,조례,5,구성·운영 사항을 지방자치단체 조례로 정하도록 규율권한을 넘긴다.
P05216,④ 시·군·구협의회의 구성·운영 등에 필요한 사항은 지방자치단체의 조례로 정한다.,위임,조례,5,구성·운영 등 필요한 사항을 지방자치단체 조례에 정하도록 규율권한을 넘긴다.
P05217,④ 시·군·구협의회의 구성·운영 등에 필요한 사항은 지방자치단체의 조례로 정한다.,위임,조례,5,시·군·구협의회 구성·운영 사항의 규율권한을 지방자치단체 조례에 넘긴다.
P05218,④ 시·군·구협의회의 구성·운영 등에 필요한 사항은 지방자치단체의 조례로 정한다.,위임,조례,5,필요한 사항을 지방자치단체 조례로 정하도록 규율권한을 넘기는 위임 규정이다.
P05219,④ 시·군·구협의회의 구성·운영 등에 필요한 사항은 지방자치단체의 조례로 정한다.,위임,조례,5,필요한 사항의 규율권한을 지방자치단체 조례에 넘기는 위임 규정이다.
P05220,④ 시·군·구협의회의 구성·운영 등에 필요한 사항은 지방자치단체의 조례로 정한다.,위임,조례,5,필요한 사항을 지방자치단체 조례로 정하도록 규율권한을 넘긴다.
P05221,④ 시·군·구협의회의 구성·운영 등에 필요한 사항은 지방자치단체의 조례로 정한다.,위임,조례,5,구성·운영 사항을 지방자치단체 조례에 규율권한을 넘기는 위임이다.
P05222,④ 시·군·구협의회의 구성·운영 등에 필요한 사항은 지방자치단체의 조례로 정한다.,위임,조례,5,구성·운영에 필요한 사항의 규율권한을 지방자치단체 조례에 넘기는 위임 규정이다.
P05223,④ 시·군·구협의회의 구성·운영 등에 필요한 사항은 지방자치단체의 조례로 정한다.,위임,조례,5,필요한 사항을 지방자치단체 조례로 정하도록 규율권한을 넘긴다.
P05224,④ 시·군·구협의회의 구성·운영 등에 필요한 사항은 지방자치단체의 조례로 정한다.,위임,조례,5,구성·운영에 필요한 사항의 규율권한을 지방자치단체 조례에 넘기는 문말 위임이다.
P05225,④ 시·군·구협의회의 구성·운영 등에 필요한 사항은 지방자치단체의 조례로 정한다.,위임,조례,5,필요한 사항의 규율권한을 지방자치단체 조례에 넘기는 종결형 위임이다.
P05226,④ 시·군·구협의회의 구성·운영 등에 필요한 사항은 지방자치단체의 조례로 정한다.,위임,조례,5,구성·운영에 필요한 사항을 지방자치단체 조례로 정하도록 규율권한을 넘긴다.
P05227,④ 시·군·구협의회의 구성·운영 등에 필요한 사항은 지방자치단체의 조례로 정한다.,위임,조례,5,구성·운영에 필요한 사항을 지방자치단체 조례로 정하도록 규율권한을 넘기는 위임이다.
P05228,④ 시·군·구협의회의 구성·운영 등에 필요한 사항은 지방자치단체의 조례로 정한다.,위임,조례,5,문말 종결형으로 지방자치단체 조례에 구성·운영 사항의 규율권한을 넘긴다.
P05229,④ 시·군·구협의회의 구성·운영 등에 필요한 사항은 지방자치단체의 조례로 정한다.,위임,조례,5,구성·운영에 필요한 사항의 규율권한을 지방자치단체 조례에 넘기는 위임이다.
P05230,④ 시·군·구협의회의 구성·운영 등에 필요한 사항은 지방자치단체의 조례로 정한다.,위임,조례,5,필요한 사항의 규율권한을 지방자치단체 조례에 넘기는 위임 규정이다.
P05231,④ 시·군·구협의회의 구성·운영 등에 필요한 사항은 지방자치단체의 조례로 정한다.,위임,조례,5,문말 종결형으로 지방자치단체 조례에 구성·운영 사항의 규율권한을 넘긴다.
P05232,④ 시·군·구협의회의 구성·운영 등에 필요한 사항은 지방자치단체의 조례로 정한다.,위임,조례,5,필요한 사항의 규율권한을 지방자치단체 조례에 넘기는 위임 규정이다.
P05233,④ 시·군·구협의회의 구성·운영 등에 필요한 사항은 지방자치단체의 조례로 정한다.,위임,조례,5,구성·운영에 필요한 사항의 규율권한을 지방자치단체 조례에 넘기는 위임 규정이다.
P05234,④ 시·군·구협의회의 구성·운영 등에 필요한 사항은 지방자치단체의 조례로 정한다.,위임,조례,5,구성·운영 사항을 지방자치단체 조례로 정하도록 규율권한을 넘긴다.
P05235,④ 시·군·구협의회의 구성·운영 등에 필요한 사항은 지방자치단체의 조례로 정한다.,위임,조례,5,필요한 사항을 지방자치단체 조례로 정하도록 규율권한을 넘긴다.
P05236,④ 시·군·구협의회의 구성·운영 등에 필요한 사항은 지방자치단체의 조례로 정한다.,위임,조례,5,구성·운영에 필요한 사항을 지방자치단체 조례에 규율권한을 넘기는 위임이다.
P05237,④ 시·군·구협의회의 구성·운영 등에 필요한 사항은 지방자치단체의 조례로 정한다.,위임,조례,5,문말 종결형으로 지방자치단체 조례에 구성·운영 사항의 규율권한을 넘긴다.
P05238,④ 시·군·구협의회의 구성·운영 등에 필요한 사항은 지방자치단체의 조례로 정한다.,위임,조례,5,필요한 사항의 규율권한을 지방자치단체 조례에 넘기는 위임 규정이다.
P05239,④ 시·군·구협의회의 구성·운영 등에 필요한 사항은 지방자치단체의 조례로 정한다.,위임,조례,5,문말 종결형으로 지방자치단체 조례에 구성·운영 사항의 규율권한을 넘긴다.
P05240,④ 시·군·구협의회의 구성·운영 등에 필요한 사항은 지방자치단체의 조례로 정한다.,위임,조례,5,구성·운영에 필요한 사항의 규율권한을 지방자치단체 조례에 넘기는 위임 규정이다.
P05241,④ 시·군·구협의회의 구성·운영 등에 필요한 사항은 지방자치단체의 조례로 정한다.,위임,조례,5,시·군·구협의회의 구성·운영 사항을 지방자치단체 조례로 정하도록 규율권한을 넘긴다.
P05242,④ 시·군·구협의회의 구성·운영 등에 필요한 사항은 지방자치단체의 조례로 정한다.,위임,조례,5,필요한 사항을 지방자치단체 조례에 정하도록 규율권한을 넘기는 위임이다.
P05243,④ 시·군·구협의회의 구성·운영 등에 필요한 사항은 지방자치단체의 조례로 정한다.,위임,조례,5,필요한 사항의 규율권한을 지방자치단체 조례에 넘기는 종결형 위임이다.
P05244,④ 시·군·구협의회의 구성·운영 등에 필요한 사항은 지방자치단체의 조례로 정한다.,위임,조례,5,구성·운영에 필요한 사항을 지방자치단체 조례에 정하도록 규율권한을 넘긴다.
P05245,④ 시·군·구협의회의 구성·운영 등에 필요한 사항은 지방자치단체의 조례로 정한다.,위임,조례,5,구성·운영에 필요한 사항의 규율권한을 지방자치단체 조례에 넘기는 종결형 위임이다.
P05246,④ 시·군·구협의회의 구성·운영 등에 필요한 사항은 지방자치단체의 조례로 정한다.,위임,조례,5,구성·운영에 필요한 사항의 규율권한을 지방자치단체 조례에 넘기는 위임이다.
P05247,④ 시·군·구협의회의 구성·운영 등에 필요한 사항은 지방자치단체의 조례로 정한다.,위임,조례,5,시·군·구협의회 구성·운영 사항을 지방자치단체 조례에 규율권한을 넘기는 위임이다.
P05248,④ 시·군·구협의회의 구성·운영 등에 필요한 사항은 지방자치단체의 조례로 정한다.,위임,조례,5,필요한 사항을 지방자치단체 조례로 정하도록 규율권한을 넘기는 위임 규정이다.
P05249,④ 시·군·구협의회의 구성·운영 등에 필요한 사항은 지방자치단체의 조례로 정한다.,위임,조례,5,시·군·구협의회의 구성·운영에 관한 사항을 지방자치단체 조례에 정하도록 규율권한을 넘긴다.
P05250,④ 시·군·구협의회의 구성·운영 등에 필요한 사항은 지방자치단체의 조례로 정한다.,위임,조례,5,시·군·구협의회의 구성·운영 사항을 지방자치단체 조례에 규율권한을 넘기는 위임 규정이다.
P05251,④ 시·군·구협의회의 구성·운영 등에 필요한 사항은 지방자치단체의 조례로 정한다.,위임,조례,5,문말 종결형으로 지방자치단체 조례에 구성·운영 사항의 규율권한을 넘긴다.
P05252,④ 시·군·구협의회의 구성·운영 등에 필요한 사항은 지방자치단체의 조례로 정한다.,위임,조례,5,구성·운영에 필요한 사항의 규율권한을 지방자치단체 조례에 넘긴다.
P05253,④ 시·군·구협의회의 구성·운영 등에 필요한 사항은 지방자치단체의 조례로 정한다.,위임,조례,5,필요한 사항의 규율권한을 지방자치단체 조례에 넘기는 위임 규정이다.
P05254,④ 시·군·구협의회의 구성·운영 등에 필요한 사항은 지방자치단체의 조례로 정한다.,위임,조례,5,필요한 사항의 규율권한을 지방자치단체 조례에 넘기는 종결형 위임이다.
P05255,④ 시·군·구협의회의 구성·운영 등에 필요한 사항은 지방자치단체의 조례로 정한다.,위임,조례,5,구성·운영에 필요한 사항의 규율권한을 지방자치단체 조례에 넘긴다.
P05256,④ 시·군·구협의회의 구성·운영 등에 필요한 사항은 지방자치단체의 조례로 정한다.,위임,조례,5,구성·운영 사항을 지방자치단체 조례로 정하도록 규율권한을 넘긴다.
P05257,④ 시·군·구협의회의 구성·운영 등에 필요한 사항은 지방자치단체의 조례로 정한다.,위임,조례,5,필요한 사항의 규율권한을 지방자치단체 조례에 넘기는 위임 규정이다.
P05258,④ 시·군·구협의회의 구성·운영 등에 필요한 사항은 지방자치단체의 조례로 정한다.,위임,조례,5,시·군·구협의회 구성·운영 사항의 규율권한을 지방자치단체 조례에 넘긴다.
P05259,④ 시·군·구협의회의 구성·운영 등에 필요한 사항은 지방자치단체의 조례로 정한다.,위임,조례,5,시·군·구협의회의 구성·운영 사항을 지방자치단체 조례에 규율권한으로 넘긴다.
P05260,④ 시·군·구협의회의 구성·운영 등에 필요한 사항은 지방자치단체의 조례로 정한다.,위임,조례,5,시·군·구협의회의 구성·운영 사항을 지방자치단체 조례에 정하도록 규율권한을 넘긴다.
P05261,④ 시·군·구협의회의 구성·운영 등에 필요한 사항은 지방자치단체의 조례로 정한다.,위임,조례,5,구성·운영에 필요한 사항의 규율권한을 지방자치단체 조례에 넘기는 위임 규정이다.
P05262,④ 시·군·구협의회의 구성·운영 등에 필요한 사항은 지방자치단체의 조례로 정한다.,위임,조례,5,필요한 사항의 규율권한을 지방자치단체 조례에 넘기는 위임 규정이다.
P05263,④ 시·군·구협의회의 구성·운영 등에 필요한 사항은 지방자치단체의 조례로 정한다.,위임,조례,5,필요한 사항의 규율권한을 지방자치단체 조례에 넘기는 위임 규정이다.
P05264,④ 시·군·구협의회의 구성·운영 등에 필요한 사항은 지방자치단체의 조례로 정한다.,위임,조례,5,필요한 사항의 규율권한을 지방자치단체 조례에 넘기는 위임 규정이다.
P05265,④ 시·군·구협의회의 구성·운영 등에 필요한 사항은 지방자치단체의 조례로 정한다.,위임,조례,5,구성·운영에 필요한 사항의 규율권한을 지방자치단체 조례에 넘기는 위임 규정이다.
P05266,④ 시·군·구협의회의 구성·운영 등에 필요한 사항은 지방자치단체의 조례로 정한다.,위임,조례,5,문말 종결형으로 지방자치단체 조례에 구성·운영 사항의 규율권한을 넘긴다.
P05267,④ 시·군·구협의회의 구성·운영 등에 필요한 사항은 지방자치단체의 조례로 정한다.,위임,조례,5,구성·운영에 필요한 사항의 규율권한을 지방자치단체 조례에 넘기는 위임 규정이다.
P05268,④ 시·군·구협의회의 구성·운영 등에 필요한 사항은 지방자치단체의 조례로 정한다.,위임,조례,5,구성·운영에 필요한 사항의 규율권한을 지방자치단체 조례에 넘기는 위임이다.
P05269,④ 시·군·구협의회의 구성·운영 등에 필요한 사항은 지방자치단체의 조례로 정한다.,위임,조례,5,시·군·구협의회 구성·운영 사항을 지방자치단체 조례에 위임하는 종결형 위임 규정이다.
P05270,④ 시·군·구협의회의 구성·운영 등에 필요한 사항은 지방자치단체의 조례로 정한다.,위임,조례,5,문말 종결형으로 지방자치단체 조례에 구성·운영 사항의 규율권한을 넘긴다.
P05271,④ 시·군·구협의회의 구성·운영 등에 필요한 사항은 지방자치단체의 조례로 정한다.,위임,조례,5,필요한 사항의 규율권한을 지방자치단체의 조례에 넘기는 위임 규정이다.
P05272,④ 시·군·구협의회의 구성·운영 등에 필요한 사항은 지방자치단체의 조례로 정한다.,위임,조례,5,문말 종결형으로 지방자치단체 조례에 구성·운영 사항의 규율권한을 넘긴다.
P05273,④ 시·군·구협의회의 구성·운영 등에 필요한 사항은 지방자치단체의 조례로 정한다.,위임,조례,5,시·군·구협의회의 구성·운영에 필요한 사항의 규율권한을 지방자치단체 조례에 넘긴다.
P05274,④ 시·군·구협의회의 구성·운영 등에 필요한 사항은 지방자치단체의 조례로 정한다.,위임,조례,5,구성·운영에 필요한 사항의 규율권한을 지방자치단체 조례에 넘기는 위임 규정이다.
P05275,④ 시·군·구협의회의 구성·운영 등에 필요한 사항은 지방자치단체의 조례로 정한다.,위임,조례,5,필요한 사항을 지방자치단체 조례로 정하도록 규율권한을 넘긴다.
P05276,④ 시·군·구협의회의 구성·운영 등에 필요한 사항은 지방자치단체의 조례로 정한다.,위임,조례,5,문말 종결형으로 지방자치단체의 조례에 구성·운영 사항의 규율권한을 넘긴다.
P05277,④ 시·군·구협의회의 구성·운영 등에 필요한 사항은 지방자치단체의 조례로 정한다.,위임,조례,5,필요한 사항의 규율권한을 지방자치단체 조례에 넘기는 위임 규정이다.
P05278,④ 시·군·구협의회의 구성·운영 등에 필요한 사항은 지방자치단체의 조례로 정한다.,위임,조례,5,시·군·구협의회의 구성·운영 사항을 지방자치단체 조례로 정하도록 규율권한을 넘긴다.
P05279,④ 시·군·구협의회의 구성·운영 등에 필요한 사항은 지방자치단체의 조례로 정한다.,위임,조례,5,구성·운영에 필요한 사항의 규율권한을 지방자치단체 조례에 넘기는 위임 규정이다.
P05280,④ 시·군·구협의회의 구성·운영 등에 필요한 사항은 지방자치단체의 조례로 정한다.,위임,조례,5,문말 종결형으로 지방자치단체 조례에 구성·운영 사항의 규율권한을 넘긴다.
P05281,④ 시·군·구협의회의 구성·운영 등에 필요한 사항은 지방자치단체의 조례로 정한다.,위임,조례,5,구성·운영에 필요한 사항의 규율권한을 지방자치단체 조례에 넘긴다.
P05282,④ 시·군·구협의회의 구성·운영 등에 필요한 사항은 지방자치단체의 조례로 정한다.,위임,조례,5,구성·운영에 필요한 사항의 규율권한을 지방자치단체 조례에 넘기는 위임 규정이다.
P05283,④ 시·군·구협의회의 구성·운영 등에 필요한 사항은 지방자치단체의 조례로 정한다.,위임,조례,5,필요한 사항을 지방자치단체 조례로 정하도록 규율권한을 넘긴다.
P05284,④ 시·군·구협의회의 구성·운영 등에 필요한 사항은 지방자치단체의 조례로 정한다.,위임,조례,5,구성·운영에 필요한 사항을 지방자치단체 조례로 정하도록 규율권한을 넘긴다.
P05285,④ 시·군·구협의회의 구성·운영 등에 필요한 사항은 지방자치단체의 조례로 정한다.,위임,조례,5,필요한 사항의 규율권한을 지방자치단체 조례에 넘기는 위임 규정이다.
P05286,④ 시·군·구협의회의 구성·운영 등에 필요한 사항은 지방자치단체의 조례로 정한다.,위임,조례,5,시·군·구협의회 구성·운영 사항을 지방자치단체 조례에 규율권한으로 넘긴다.
P05287,④ 시·군·구협의회의 구성·운영 등에 필요한 사항은 지방자치단체의 조례로 정한다.,위임,조례,5,구성·운영에 필요한 사항의 규율권한을 지방자치단체 조례에 넘긴다.
P05288,④ 시·군·구협의회의 구성·운영 등에 필요한 사항은 지방자치단체의 조례로 정한다.,위임,조례,5,필요한 사항의 규율권한을 지방자치단체 조례에 넘기는 종결형 위임이다.
P05289,④ 시·군·구협의회의 구성·운영 등에 필요한 사항은 지방자치단체의 조례로 정한다.,위임,조례,5,필요한 사항을 지방자치단체 조례에 정하도록 규율권한을 넘긴다.
P05290,④ 시·군·구협의회의 구성·운영 등에 필요한 사항은 지방자치단체의 조례로 정한다.,위임,조례,5,구성·운영에 필요한 사항을 지방자치단체 조례에 정하도록 규율권한을 넘긴다.
P05291,④ 시·군·구협의회의 구성·운영 등에 필요한 사항은 지방자치단체의 조례로 정한다.,위임,조례,5,시·군·구협의회의 구성·운영 사항을 지방자치단체 조례에 정하도록 규율권한을 넘긴다.
P05292,④ 시·군·구협의회의 구성·운영 등에 필요한 사항은 지방자치단체의 조례로 정한다.,위임,조례,5,필요한 사항을 지방자치단체 조례로 정하도록 규율권한을 넘긴다.
P05293,④ 시·군·구협의회의 구성·운영 등에 필요한 사항은 지방자치단체의 조례로 정한다.,위임,조례,5,필요한 사항을 지방자치단체 조례로 정하도록 규율권한을 넘기는 위임이다.
P05294,④ 시·군·구협의회의 구성·운영 등에 필요한 사항은 지방자치단체의 조례로 정한다.,위임,조례,5,필요한 사항의 규율권한을 지방자치단체 조례에 넘기는 위임 규정이다.
P05295,④ 시·군·구협의회의 구성·운영 등에 필요한 사항은 지방자치단체의 조례로 정한다.,위임,조례,5,필요한 사항을 지방자치단체 조례로 정하도록 규율권한을 넘긴다.
P05296,④ 시·군·구협의회의 구성·운영 등에 필요한 사항은 지방자치단체의 조례로 정한다.,위임,조례,5,시·군·구협의회 구성·운영 사항을 지방자치단체 조례로 정하도록 규율권한을 넘긴다.
P05297,④ 시·군·구협의회의 구성·운영 등에 필요한 사항은 지방자치단체의 조례로 정한다.,위임,조례,5,필요한 사항을 지방자치단체 조례로 정하도록 규율권한을 넘긴다.
P05298,④ 시·군·구협의회의 구성·운영 등에 필요한 사항은 지방자치단체의 조례로 정한다.,위임,조례,5,필요한 사항을 지방자치단체 조례로 정하도록 규율권한을 넘긴다.
P05299,④ 시·군·구협의회의 구성·운영 등에 필요한 사항은 지방자치단체의 조례로 정한다.,위임,조례,5,시·군·구협의회 구성·운영 사항을 지방자치단체 조례로 정하도록 규율권한을 넘긴다.
P05300,④ 시·군·구협의회의 구성·운영 등에 필요한 사항은 지방자치단체의 조례로 정한다.,위임,조례,5,구성·운영에 필요한 사항의 규율권한을 지방자치단체 조례에 넘긴다.
P05301,④ 시·군·구협의회의 구성·운영 등에 필요한 사항은 지방자치단체의 조례로 정한다.,위임,조례,5,시·군·구협의회 구성·운영 사항을 지방자치단체 조례로 정하도록 규율권한을 넘긴다.
P05302,④ 시·군·구협의회의 구성·운영 등에 필요한 사항은 지방자치단체의 조례로 정한다.,위임,조례,5,구성·운영에 필요한 사항의 규율권한을 지방자치단체 조례에 넘긴다.
P05303,④ 시·군·구협의회의 구성·운영 등에 필요한 사항은 지방자치단체의 조례로 정한다.,위임,조례,5,시·군·구협의회 구성·운영 사항을 지방자치단체 조례로 정하도록 규율권한을 넘긴다.
P05304,④ 시·군·구협의회의 구성·운영 등에 필요한 사항은 지방자치단체의 조례로 정한다.,위임,조례,5,시·군·구협의회의 구성·운영 사항을 지방자치단체 조례에 규율권한을 넘기는 위임이다.
P05305,④ 시·군·구협의회의 구성·운영 등에 필요한 사항은 지방자치단체의 조례로 정한다.,위임,조례,5,구성·운영 등 필요사항의 규율권한을 지방자치단체 조례에 넘긴다.
P05306,④ 시·군·구협의회의 구성·운영 등에 필요한 사항은 지방자치단체의 조례로 정한다.,위임,조례,5,필요한 사항의 규율권한을 지방자치단체 조례에 넘기는 위임 규정이다.
P05307,④ 시·군·구협의회의 구성·운영 등에 필요한 사항은 지방자치단체의 조례로 정한다.,위임,조례,5,시·군·구협의회의 구성·운영 사항을 지방자치단체 조례로 정하도록 규율권한을 넘긴다.
P05308,④ 시·군·구협의회의 구성·운영 등에 필요한 사항은 지방자치단체의 조례로 정한다.,위임,조례,5,필요한 사항을 지방자치단체 조례로 정하도록 규율권한을 넘긴다.
P05309,④ 시·군·구협의회의 구성·운영 등에 필요한 사항은 지방자치단체의 조례로 정한다.,위임,조례,5,구성·운영에 필요한 사항의 규율권한을 지방자치단체 조례에 넘긴다.
P05310,④ 시·군·구협의회의 구성·운영 등에 필요한 사항은 지방자치단체의 조례로 정한다.,위임,조례,5,필요한 사항을 지방자치단체 조례로 정하도록 규율권한을 넘긴다.
P05311,④ 시·군·구협의회의 구성·운영 등에 필요한 사항은 지방자치단체의 조례로 정한다.,위임,조례,5,구성·운영에 필요한 사항의 규율권한을 지방자치단체 조례에 넘긴다.
P05312,④ 시·군·구협의회의 구성·운영 등에 필요한 사항은 지방자치단체의 조례로 정한다.,위임,조례,5,필요한 사항을 지방자치단체 조례로 정하도록 규율권한을 넘긴다.
P05313,④ 시·군·구협의회의 구성·운영 등에 필요한 사항은 지방자치단체의 조례로 정한다.,위임,조례,5,필요한 사항을 지방자치단체 조례로 정하도록 규율권한을 넘긴다.
P05314,④ 시·군·구협의회의 구성·운영 등에 필요한 사항은 지방자치단체의 조례로 정한다.,위임,조례,5,구성·운영에 필요한 사항을 지방자치단체 조례에 규율권한으로 넘긴다.
P05315,④ 시·군·구협의회의 구성·운영 등에 필요한 사항은 지방자치단체의 조례로 정한다.,위임,조례,5,시·군·구협의회 구성·운영 사항을 지방자치단체 조례로 정하도록 규율권한을 넘긴다.
P05316,④ 시·군·구협의회의 구성·운영 등에 필요한 사항은 지방자치단체의 조례로 정한다.,위임,조례,5,구성·운영에 필요한 사항의 규율권한을 지방자치단체 조례에 넘기는 종결형 위임이다.
P05317,④ 시·군·구협의회의 구성·운영 등에 필요한 사항은 지방자치단체의 조례로 정한다.,위임,조례,5,시·군·구협의회의 구성·운영 사항을 지방자치단체 조례에 규율권한으로 넘긴다.
P05318,④ 시·군·구협의회의 구성·운영 등에 필요한 사항은 지방자치단체의 조례로 정한다.,위임,조례,5,문말 종결형으로 지방자치단체 조례에 구성·운영 사항의 규율권한을 넘긴다.
P05319,④ 시·군·구협의회의 구성·운영 등에 필요한 사항은 지방자치단체의 조례로 정한다.,위임,조례,5,구성·운영에 필요한 사항을 지방자치단체 조례로 정하도록 규율권한을 넘긴다.
P05320,④ 시·군·구협의회의 구성·운영 등에 필요한 사항은 지방자치단체의 조례로 정한다.,위임,조례,5,필요한 사항의 규율권한을 지방자치단체 조례에 넘기는 위임 규정이다.
P05321,④ 시·군·구협의회의 구성·운영 등에 필요한 사항은 지방자치단체의 조례로 정한다.,위임,조례,5,필요한 사항을 지방자치단체 조례로 정하도록 규율권한을 넘긴다.
P05322,④ 시·군·구협의회의 구성·운영 등에 필요한 사항은 지방자치단체의 조례로 정한다.,위임,조례,5,구성·운영 사항의 규율권한을 지방자치단체 조례에 넘기는 위임 규정이다.
P05323,④ 시·군·구협의회의 구성·운영 등에 필요한 사항은 지방자치단체의 조례로 정한다.,위임,조례,5,시·군·구협의회의 구성·운영 사항을 지방자치단체 조례에 규율권한으로 넘긴다.
P05324,④ 시·군·구협의회의 구성·운영 등에 필요한 사항은 지방자치단체의 조례로 정한다.,위임,조례,5,문말 종결형으로 지방자치단체 조례에 구성·운영 사항의 규율권한을 넘긴다.
P05325,④ 시·군·구협의회의 구성·운영 등에 필요한 사항은 지방자치단체의 조례로 정한다.,위임,조례,5,구성·운영에 필요한 사항의 규율권한을 지방자치단체 조례에 넘기는 위임 규정이다.
P05326,④ 시·군·구협의회의 구성·운영 등에 필요한 사항은 지방자치단체의 조례로 정한다.,위임,조례,5,필요한 사항의 규율권한을 지방자치단체 조례로 넘기는 위임 규정이다.
P05327,④ 시·군·구협의회의 구성·운영 등에 필요한 사항은 지방자치단체의 조례로 정한다.,위임,조례,5,필요한 사항을 지방자치단체 조례로 정하도록 규율권한을 넘긴다.
P05328,④ 시·군·구협의회의 구성·운영 등에 필요한 사항은 지방자치단체의 조례로 정한다.,위임,조례,5,시·군·구협의회 구성·운영 사항의 규율권한을 지방자치단체 조례에 넘긴다.
P05329,④ 시·군·구협의회의 구성·운영 등에 필요한 사항은 지방자치단체의 조례로 정한다.,위임,조례,5,구성·운영에 필요한 사항을 지방자치단체 조례로 정하도록 규율권한을 넘긴다.
P05330,④ 시·군·구협의회의 구성·운영 등에 필요한 사항은 지방자치단체의 조례로 정한다.,위임,조례,5,구성·운영에 필요한 사항의 규율권한을 지방자치단체 조례에 넘기는 위임 규정이다.
P05331,④ 시·군·구협의회의 구성·운영 등에 필요한 사항은 지방자치단체의 조례로 정한다.,위임,조례,5,시·군·구협의회 구성·운영 사항을 지방자치단체 조례에 규율권한으로 넘긴다.
P05332,④ 시·군·구협의회의 구성·운영 등에 필요한 사항은 지방자치단체의 조례로 정한다.,위임,조례,5,시·군·구협의회의 구성·운영 사항을 지방자치단체 조례로 정하도록 규율권한을 넘긴다.
P05333,④ 시·군·구협의회의 구성·운영 등에 필요한 사항은 지방자치단체의 조례로 정한다.,위임,조례,5,구성·운영에 필요한 사항의 규율권한을 지방자치단체 조례에 넘긴다.
P05334,④ 시·군·구협의회의 구성·운영 등에 필요한 사항은 지방자치단체의 조례로 정한다.,위임,조례,5,시·군·구협의회 구성·운영 사항을 지방자치단체 조례에 규율권한으로 넘긴다.
P05335,④ 시·군·구협의회의 구성·운영 등에 필요한 사항은 지방자치단체의 조례로 정한다.,위임,조례,5,필요한 사항을 지방자치단체 조례로 정하도록 규율권한을 넘긴다.
P05336,④ 시·군·구협의회의 구성·운영 등에 필요한 사항은 지방자치단체의 조례로 정한다.,위임,조례,5,시·군·구협의회의 구성·운영 사항을 지방자치단체 조례로 정하도록 규율권한을 넘긴다.
P05337,④ 시·군·구협의회의 구성·운영 등에 필요한 사항은 지방자치단체의 조례로 정한다.,위임,조례,5,시·군·구협의회 구성·운영 사항을 지방자치단체 조례에 규율권한을 넘기는 위임이다.
P05338,④ 시·군·구협의회의 구성·운영 등에 필요한 사항은 지방자치단체의 조례로 정한다.,위임,조례,5,필요한 사항의 규율권한을 지방자치단체 조례에 넘기는 위임 규정이다.
P05339,④ 시·군·구협의회의 구성·운영 등에 필요한 사항은 지방자치단체의 조례로 정한다.,위임,조례,5,문말 종결형으로 지방자치단체 조례에 구성·운영 사항의 규율권한을 넘긴다.
P05340,④ 시·군·구협의회의 구성·운영 등에 필요한 사항은 지방자치단체의 조례로 정한다.,위임,조례,5,필요한 사항을 지방자치단체 조례로 정하도록 규율권한을 넘기는 위임 규정이다.
P05341,④ 시·군·구협의회의 구성·운영 등에 필요한 사항은 지방자치단체의 조례로 정한다.,위임,조례,5,문말 종결형으로 지방자치단체 조례에 구성·운영 사항의 규율권한을 넘긴다.
P05342,④ 시·군·구협의회의 구성·운영 등에 필요한 사항은 지방자치단체의 조례로 정한다.,위임,조례,5,구성·운영에 필요한 사항의 규율권한을 지방자치단체 조례에 넘기는 위임 규정이다.
P05343,④ 시·군·구협의회의 구성·운영 등에 필요한 사항은 지방자치단체의 조례로 정한다.,위임,조례,5,필요한 사항의 규율권한을 지방자치단체 조례에 넘기는 위임 규정이다.
P05344,④ 시·군·구협의회의 구성·운영 등에 필요한 사항은 지방자치단체의 조례로 정한다.,위임,조례,5,필요한 사항을 지방자치단체 조례로 정하도록 규율권한을 넘긴다.
P05345,④ 시·군·구협의회의 구성·운영 등에 필요한 사항은 지방자치단체의 조례로 정한다.,위임,조례,5,필요한 사항의 규율권한을 지방자치단체 조례에 넘기는 위임 규정이다.
P05346,④ 시·군·구협의회의 구성·운영 등에 필요한 사항은 지방자치단체의 조례로 정한다.,위임,조례,5,필요한 사항의 규율권한을 지방자치단체 조례에 넘기는 종결형 위임이다.
P05347,④ 시·군·구협의회의 구성·운영 등에 필요한 사항은 지방자치단체의 조례로 정한다.,위임,조례,5,필요한 사항의 규율권한을 지방자치단체 조례에 넘기는 위임 규정이다.
P05348,④ 시·군·구협의회의 구성·운영 등에 필요한 사항은 지방자치단체의 조례로 정한다.,위임,조례,5,시·군·구협의회 구성·운영 사항을 지방자치단체 조례에 위임한다.
P05349,④ 시·군·구협의회의 구성·운영 등에 필요한 사항은 지방자치단체의 조례로 정한다.,위임,조례,5,필요한 사항을 지방자치단체 조례로 정하도록 규율권한을 넘긴다.
P05350,④ 시·군·구협의회의 구성·운영 등에 필요한 사항은 지방자치단체의 조례로 정한다.,위임,조례,5,문말 종결형으로 지방자치단체 조례에 구성·운영 사항의 규율권한을 넘긴다.
P05351,④ 시·군·구협의회의 구성·운영 등에 필요한 사항은 지방자치단체의 조례로 정한다.,위임,조례,5,문말 종결형으로 지방자치단체 조례에 구성·운영 사항의 규율권한을 넘긴다.
P05352,④ 시·군·구협의회의 구성·운영 등에 필요한 사항은 지방자치단체의 조례로 정한다.,위임,조례,5,시·군·구협의회 구성·운영 사항을 지방자치단체 조례에 위임한다.
P05353,④ 시·군·구협의회의 구성·운영 등에 필요한 사항은 지방자치단체의 조례로 정한다.,위임,조례,5,필요한 사항의 규율권한을 지방자치단체 조례에 넘기는 위임 규정이다.
P05354,④ 시·군·구협의회의 구성·운영 등에 필요한 사항은 지방자치단체의 조례로 정한다.,위임,조례,5,구성·운영에 필요한 사항을 지방자치단체 조례로 정하도록 규율권한을 넘긴다.
P05355,④ 시·군·구협의회의 구성·운영 등에 필요한 사항은 지방자치단체의 조례로 정한다.,위임,조례,5,필요한 사항을 지방자치단체 조례에 정하도록 규율권한을 넘기는 위임 규정이다.
P05356,④ 시·군·구협의회의 구성·운영 등에 필요한 사항은 지방자치단체의 조례로 정한다.,위임,조례,5,구성·운영에 필요한 사항의 규율권한을 지방자치단체 조례에 넘긴다.
P05357,④ 시·군·구협의회의 구성·운영 등에 필요한 사항은 지방자치단체의 조례로 정한다.,위임,조례,5,시·군·구협의회 구성·운영 사항을 지방자치단체 조례로 정하도록 규율권한을 넘긴다.
P05358,④ 시·군·구협의회의 구성·운영 등에 필요한 사항은 지방자치단체의 조례로 정한다.,위임,조례,5,구성·운영에 필요한 사항의 규율권한을 지방자치단체 조례에 넘기는 위임 규정이다.
P05359,④ 시·군·구협의회의 구성·운영 등에 필요한 사항은 지방자치단체의 조례로 정한다.,위임,조례,5,구성·운영에 필요한 사항을 지방자치단체 조례에 위임하는 종결형 규정이다.
P05360,④ 시·군·구협의회의 구성·운영 등에 필요한 사항은 지방자치단체의 조례로 정한다.,위임,조례,5,문말 종결형으로 지방자치단체 조례에 구성·운영 사항의 규율권한을 넘긴다.
P05361,④ 시·군·구협의회의 구성·운영 등에 필요한 사항은 지방자치단체의 조례로 정한다.,위임,조례,5,필요한 사항의 규율권한을 지방자치단체 조례에 넘기는 종결형 위임이다.
P05362,④ 시·군·구협의회의 구성·운영 등에 필요한 사항은 지방자치단체의 조례로 정한다.,위임,조례,5,구성·운영에 필요한 사항의 규율권한을 지방자치단체 조례에 넘기는 위임이다.
P05363,④ 시·군·구협의회의 구성·운영 등에 필요한 사항은 지방자치단체의 조례로 정한다.,위임,조례,5,필요한 사항의 규율권한을 지방자치단체 조례에 넘기는 위임 규정이다.
P05364,④ 시·군·구협의회의 구성·운영 등에 필요한 사항은 지방자치단체의 조례로 정한다.,위임,조례,5,구성·운영에 필요한 사항의 규율권한을 지방자치단체 조례에 넘긴다.
P05365,④ 시·군·구협의회의 구성·운영 등에 필요한 사항은 지방자치단체의 조례로 정한다.,위임,조례,5,필요한 사항을 지방자치단체 조례로 정하도록 규율권한을 넘긴다.
P05366,④ 시·군·구협의회의 구성·운영 등에 필요한 사항은 지방자치단체의 조례로 정한다.,위임,조례,5,필요한 사항의 규율권한을 지방자치단체 조례에 넘기는 위임 규정이다.
P05367,④ 시·군·구협의회의 구성·운영 등에 필요한 사항은 지방자치단체의 조례로 정한다.,위임,조례,5,필요한 사항의 규율권한을 지방자치단체 조례에 넘기는 위임 규정이다.
P05368,④ 시·군·구협의회의 구성·운영 등에 필요한 사항은 지방자치단체의 조례로 정한다.,위임,조례,5,시·군·구협의회의 구성·운영에 관한 사항을 지방자치단체 조례에 규율권한을 넘기는 위임이다.
P05369,④ 시·군·구협의회의 구성·운영 등에 필요한 사항은 지방자치단체의 조례로 정한다.,위임,조례,5,필요한 사항의 규율권한을 지방자치단체 조례에 넘기는 위임 규정이다.
P05370,④ 시·군·구협의회의 구성·운영 등에 필요한 사항은 지방자치단체의 조례로 정한다.,위임,조례,5,문말 종결형으로 지방자치단체 조례에 구성·운영 사항의 규율권한을 넘긴다.
P05371,④ 시·군·구협의회의 구성·운영 등에 필요한 사항은 지방자치단체의 조례로 정한다.,위임,조례,5,필요한 사항을 지방자치단체 조례로 정하도록 규율권한을 넘긴다.
P05372,④ 시·군·구협의회의 구성·운영 등에 필요한 사항은 지방자치단체의 조례로 정한다.,위임,조례,5,필요한 사항의 규율권한을 지방자치단체 조례에 넘기는 종결형 위임이다.
P05373,④ 시·군·구협의회의 구성·운영 등에 필요한 사항은 지방자치단체의 조례로 정한다.,위임,조례,5,시·군·구협의회의 구성·운영 사항을 지방자치단체 조례에 규율권한을 넘기는 위임 규정이다.
P05374,④ 시·군·구협의회의 구성·운영 등에 필요한 사항은 지방자치단체의 조례로 정한다.,위임,조례,5,필요한 사항의 규율권한을 지방자치단체 조례에 넘기는 위임 규정이다.
P05375,④ 시·군·구협의회의 구성·운영 등에 필요한 사항은 지방자치단체의 조례로 정한다.,위임,조례,5,필요한 사항을 지방자치단체 조례로 정하도록 규율권한을 넘긴다.
P05376,④ 시·군·구협의회의 구성·운영 등에 필요한 사항은 지방자치단체의 조례로 정한다.,위임,조례,5,필요한 사항의 규율권한을 지방자치단체 조례에 넘기는 위임 규정이다.
P05377,④ 시·군·구협의회의 구성·운영 등에 필요한 사항은 지방자치단체의 조례로 정한다.,위임,조례,5,시·군·구협의회의 구성·운영 사항을 지방자치단체 조례에 정하도록 규율권한을 넘긴다.
P05378,④ 시·군·구협의회의 구성·운영 등에 필요한 사항은 지방자치단체의 조례로 정한다.,위임,조례,5,구성·운영에 필요한 사항의 규율권한을 지방자치단체 조례에 넘기는 위임 규정이다.
P05379,④ 시·군·구협의회의 구성·운영 등에 필요한 사항은 지방자치단체의 조례로 정한다.,위임,조례,5,필요한 사항의 규율권한을 지방자치단체 조례에 넘기는 문말 위임이다.
P05380,④ 시·군·구협의회의 구성·운영 등에 필요한 사항은 지방자치단체의 조례로 정한다.,위임,조례,5,문말 종결형으로 지방자치단체 조례에 구성·운영 사항의 규율권한을 넘긴다.
P05381,④ 시·군·구협의회의 구성·운영 등에 필요한 사항은 지방자치단체의 조례로 정한다.,위임,조례,5,구성·운영 사항을 지방자치단체 조례에 정하도록 규율권한을 넘긴다.
P05382,④ 시·군·구협의회의 구성·운영 등에 필요한 사항은 지방자치단체의 조례로 정한다.,위임,조례,5,필요한 사항을 지방자치단체 조례로 정하도록 규율권한을 넘긴다.
P05383,④ 시·군·구협의회의 구성·운영 등에 필요한 사항은 지방자치단체의 조례로 정한다.,위임,조례,5,구성·운영 사항의 규율권한을 지방자치단체 조례에 넘기는 위임이다.
P05384,④ 시·군·구협의회의 구성·운영 등에 필요한 사항은 지방자치단체의 조례로 정한다.,위임,조례,5,필요한 사항을 지방자치단체 조례로 정하도록 규율권한을 넘긴다.
P05385,④ 시·군·구협의회의 구성·운영 등에 필요한 사항은 지방자치단체의 조례로 정한다.,위임,조례,5,필요한 사항을 지방자치단체 조례로 정하도록 규율권한을 넘긴다.
P05386,④ 시·군·구협의회의 구성·운영 등에 필요한 사항은 지방자치단체의 조례로 정한다.,위임,조례,5,필요한 사항을 지방자치단체 조례로 정하도록 규율권한을 넘긴다.
P05387,④ 시·군·구협의회의 구성·운영 등에 필요한 사항은 지방자치단체의 조례로 정한다.,위임,조례,5,구성·운영 사항을 지방자치단체 조례로 정하도록 규율권한을 넘긴다.
P05388,④ 시·군·구협의회의 구성·운영 등에 필요한 사항은 지방자치단체의 조례로 정한다.,위임,조례,5,필요한 사항의 규율권한을 지방자치단체 조례에 넘기는 위임 규정이다.
P05389,④ 시·군·구협의회의 구성·운영 등에 필요한 사항은 지방자치단체의 조례로 정한다.,위임,조례,5,필요한 사항의 규율권한을 지방자치단체 조례에 넘기는 위임 규정이다.
P05390,④ 시·군·구협의회의 구성·운영 등에 필요한 사항은 지방자치단체의 조례로 정한다.,위임,조례,5,필요한 사항의 규율권한을 지방자치단체 조례에 넘기는 종결형 위임이다.
P05391,④ 시·군·구협의회의 구성·운영 등에 필요한 사항은 지방자치단체의 조례로 정한다.,위임,조례,5,필요한 사항의 규율권한을 지방자치단체 조례에 넘기는 종결형 위임이다.
P05392,④ 시·군·구협의회의 구성·운영 등에 필요한 사항은 지방자치단체의 조례로 정한다.,위임,조례,5,구성·운영에 필요한 사항의 규율권한을 지방자치단체 조례에 넘기는 위임이다.
P05393,④ 시·군·구협의회의 구성·운영 등에 필요한 사항은 지방자치단체의 조례로 정한다.,위임,조례,5,구성·운영에 필요한 사항의 규율권한을 지방자치단체 조례에 넘긴다.
P05394,④ 시·군·구협의회의 구성·운영 등에 필요한 사항은 지방자치단체의 조례로 정한다.,위임,조례,5,필요한 사항을 지방자치단체 조례로 정하도록 규율권한을 넘기는 위임이다.
P05395,④ 시·군·구협의회의 구성·운영 등에 필요한 사항은 지방자치단체의 조례로 정한다.,위임,조례,5,필요한 사항을 지방자치단체 조례로 정하도록 규율권한을 넘기는 위임이다.
P05396,④ 시·군·구협의회의 구성·운영 등에 필요한 사항은 지방자치단체의 조례로 정한다.,위임,조례,5,필요한 사항을 지방자치단체 조례로 정하도록 규율권한을 넘긴다.
P05397,④ 시·군·구협의회의 구성·운영 등에 필요한 사항은 지방자치단체의 조례로 정한다.,위임,조례,5,구성·운영에 필요한 사항의 규율권한을 지방자치단체 조례에 넘기는 위임이다.
P05398,④ 시·군·구협의회의 구성·운영 등에 필요한 사항은 지방자치단체의 조례로 정한다.,위임,조례,5,필요한 사항을 지방자치단체 조례로 정하도록 규율권한을 넘긴다.
P05399,④ 시·군·구협의회의 구성·운영 등에 필요한 사항은 지방자치단체의 조례로 정한다.,위임,조례,5,필요한 사항을 지방자치단체 조례로 정하도록 규율권한을 넘긴다.
P05400,④ 시·군·구협의회의 구성·운영 등에 필요한 사항은 지방자치단체의 조례로 정한다.,위임,조례,5,문말 종결형으로 지방자치단체 조례에 구성·운영 사항의 규율권한을 넘긴다.
P05401,④ 시·군·구협의회의 구성·운영 등에 필요한 사항은 지방자치단체의 조례로 정한다.,위임,조례,5,필요한 사항을 지방자치단체 조례로 정하도록 규율권한을 넘긴다.
P05402,필요한 사항은 대통령령으로,판단불가,대통령령,3,문장이 종결되지 않고 잘려 있어 위임 종결 여부를 확정할 수 없으나 문언상 대통령령이 지정되어 있다.
P05403,구성·운영에 필요한 사항은 대통령령으로,위임,대통령령,3,문말이 잘렸으나 '구성·운영에 필요한 사항은 대통령령으로 (정한다)'는 전형적 위임 문형이다.
P05404,협의체의 구성 및 운영에 필요한 사항은 대통령령으로,위임,대통령령,4,문장이 다소 잘렸으나 협의체 구성·운영 사항을 대통령령에 맡기는 위임 문언임이 분명하다.
P05405,② 지방자치단체의 장은 해당 지방자치단체의 조례로 정하는 바에 따라 주민을 위한 평생교육진흥사업을 실시하거나 지원할 수 있다. 이 경우 교육감 또는 지역교육장과 협의하여야 한다.,위임,조례,4,평생교육진흥사업 실시·지원의 구체적 사항을 지방자치단체 조례로 정하도록 규율권한을 넘긴다.
P05406,② 지방자치단체의 장은 해당 지방자치단체의 조례로 정하는 바에 따라 주민을 위한 평생교육진흥사업을 실시하거나 지원할 수 있다. 이 경우 교육감 또는 지역교육장과 협의하여야 한다.,위임,조례,4,'조례로 정하는 바에 따라'는 평생교육진흥사업 실시·지원의 세부사항을 조례에 맡기는 위임이다.
P05407,② 지방자치단체의 장은 해당 지방자치단체의 조례로 정하는 바에 따라 주민을 위한 평생교육진흥사업을 실시하거나 지원할 수 있다. 이 경우 교육감 또는 지역교육장과 협의하여야 한다.,위임,조례,4,'조례로 정하는 바에 따라'로 사업 실시·지원의 구체적 사항을 조례에 맡기는 위임이다.
P05408,② 지방자치단체의 장은 해당 지방자치단체의 조례로 정하는 바에 따라 주민을 위한 평생교육진흥사업을 실시하거나 지원할 수 있다. 이 경우 교육감 또는 지역교육장과 협의하여야 한다.,위임,조례,4,평생교육진흥사업 실시·지원의 구체적 사항을 지방자치단체 조례에 규율권한을 넘긴다.
P05409,② 지방자치단체의 장은 해당 지방자치단체의 조례로 정하는 바에 따라 주민을 위한 평생교육진흥사업을 실시하거나 지원할 수 있다. 이 경우 교육감 또는 지역교육장과 협의하여야 한다.,위임,조례,4,'조례로 정하는 바에 따라'로 사업 실시·지원의 세부사항을 조례에 맡기는 위임이다.
P05410,② 지방자치단체의 장은 해당 지방자치단체의 조례로 정하는 바에 따라 주민을 위한 평생교육진흥사업을 실시하거나 지원할 수 있다. 이 경우 교육감 또는 지역교육장과 협의하여야 한다.,위임,조례,4,'조례로 정하는 바에 따라'로 평생교육진흥사업의 실시·지원 사항을 조례에 맡기는 위임이다.
P05411,② 지방자치단체의 장은 해당 지방자치단체의 조례로 정하는 바에 따라 주민을 위한 평생교육진흥사업을 실시하거나 지원할 수 있다. 이 경우 교육감 또는 지역교육장과 협의하여야 한다.,위임,조례,4,평생교육진흥사업 실시·지원의 구체적 사항을 지방자치단체 조례로 정하도록 규율권한을 넘긴다.
P05412,② 지방자치단체의 장은 해당 지방자치단체의 조례로 정하는 바에 따라 주민을 위한 평생교육진흥사업을 실시하거나 지원할 수 있다. 이 경우 교육감 또는 지역교육장과 협의하여야 한다.,위임,조례,4,'조례로 정하는 바에 따라'로 사업 실시·지원의 구체적 사항을 조례에 맡기는 위임이다.
P05413,② 지방자치단체의 장은 해당 지방자치단체의 조례로 정하는 바에 따라 주민을 위한 평생교육진흥사업을 실시하거나 지원할 수 있다. 이 경우 교육감 또는 지역교육장과 협의하여야 한다.,위임,조례,4,평생교육진흥사업 실시·지원의 구체적 사항을 조례로 정하도록 규율권한을 넘긴다.
P05414,② 지방자치단체의 장은 해당 지방자치단체의 조례로 정하는 바에 따라 주민을 위한 평생교육진흥사업을 실시하거나 지원할 수 있다. 이 경우 교육감 또는 지역교육장과 협의하여야 한다.,위임,조례,4,'조례로 정하는 바에 따라'로 사업 실시·지원의 구체적 사항을 조례에 맡기는 위임이다.
P05415,② 지방자치단체의 장은 해당 지방자치단체의 조례로 정하는 바에 따라 주민을 위한 평생교육진흥사업을 실시하거나 지원할 수 있다. 이 경우 교육감 또는 지역교육장과 협의하여야 한다.,위임,조례,4,'조례로 정하는 바에 따라'로 사업 실시·지원의 구체적 사항을 조례에 맡기는 위임이다.
P05416,② 지방자치단체의 장은 해당 지방자치단체의 조례로 정하는 바에 따라 주민을 위한 평생교육진흥사업을 실시하거나 지원할 수 있다. 이 경우 교육감 또는 지역교육장과 협의하여야 한다.,위임,조례,4,평생교육진흥사업 실시·지원의 방법과 기준을 지방자치단체 조례로 정하도록 규율권한을 넘긴다.
P05417,② 지방자치단체의 장은 해당 지방자치단체의 조례로 정하는 바에 따라 주민을 위한 평생교육진흥사업을 실시하거나 지원할 수 있다. 이 경우 교육감 또는 지역교육장과 협의하여야 한다.,위임,조례,4,평생교육진흥사업 실시·지원의 구체적 사항을 지방자치단체 조례에 정하도록 규율권한을 넘긴다.
P05418,② 지방자치단체의 장은 해당 지방자치단체의 조례로 정하는 바에 따라 주민을 위한 평생교육진흥사업을 실시하거나 지원할 수 있다. 이 경우 교육감 또는 지역교육장과 협의하여야 한다.,위임,조례,4,평생교육진흥사업 실시·지원의 구체적 사항을 지방자치단체 조례에 정하도록 규율권한을 넘긴다.
P05419,② 지방자치단체의 장은 해당 지방자치단체의 조례로 정하는 바에 따라 주민을 위한 평생교육진흥사업을 실시하거나 지원할 수 있다. 이 경우 교육감 또는 지역교육장과 협의하여야 한다.,위임,조례,4,'조례로 정하는 바에 따라'로 사업 실시·지원의 구체적 사항을 조례에 넘기는 위임이다.
P05420,② 지방자치단체의 장은 해당 지방자치단체의 조례로 정하는 바에 따라 주민을 위한 평생교육진흥사업을 실시하거나 지원할 수 있다. 이 경우 교육감 또는 지역교육장과 협의하여야 한다.,위임,조례,4,평생교육진흥사업의 실시·지원 방식을 지방자치단체 조례로 정하도록 규율권한을 넘긴다.
P05421,② 지방자치단체의 장은 해당 지방자치단체의 조례로 정하는 바에 따라 주민을 위한 평생교육진흥사업을 실시하거나 지원할 수 있다. 이 경우 교육감 또는 지역교육장과 협의하여야 한다.,위임,조례,4,'조례로 정하는 바에 따라'로 사업 실시·지원의 구체적 사항을 조례에 맡기는 위임이다.
P05422,② 지방자치단체의 장은 해당 지방자치단체의 조례로 정하는 바에 따라 주민을 위한 평생교육진흥사업을 실시하거나 지원할 수 있다. 이 경우 교육감 또는 지역교육장과 협의하여야 한다.,위임,조례,4,'조례로 정하는 바에 따라'로 사업 실시·지원의 구체적 사항을 조례에 맡기는 위임이다.
P05423,② 지방자치단체의 장은 해당 지방자치단체의 조례로 정하는 바에 따라 주민을 위한 평생교육진흥사업을 실시하거나 지원할 수 있다. 이 경우 교육감 또는 지역교육장과 협의하여야 한다.,위임,조례,4,'조례로 정하는 바에 따라'로 사업 실시·지원의 구체적 사항을 조례에 맡기는 위임이다.
P05424,② 지방자치단체의 장은 해당 지방자치단체의 조례로 정하는 바에 따라 주민을 위한 평생교육진흥사업을 실시하거나 지원할 수 있다. 이 경우 교육감 또는 지역교육장과 협의하여야 한다.,위임,조례,4,사업 실시·지원의 구체적 사항을 지방자치단체 조례에 정하도록 맡기는 위임이다.
P05425,② 지방자치단체의 장은 해당 지방자치단체의 조례로 정하는 바에 따라 주민을 위한 평생교육진흥사업을 실시하거나 지원할 수 있다. 이 경우 교육감 또는 지역교육장과 협의하여야 한다.,위임,조례,4,평생교육진흥사업 실시·지원의 방법을 지방자치단체 조례로 정하도록 규율권한을 넘긴다.
P05426,② 지방자치단체의 장은 해당 지방자치단체의 조례로 정하는 바에 따라 주민을 위한 평생교육진흥사업을 실시하거나 지원할 수 있다. 이 경우 교육감 또는 지역교육장과 협의하여야 한다.,위임,조례,4,'조례로 정하는 바에 따라'로 사업 실시·지원의 구체적 사항을 조례에 맡기는 위임이다.
P05427,② 지방자치단체의 장은 해당 지방자치단체의 조례로 정하는 바에 따라 주민을 위한 평생교육진흥사업을 실시하거나 지원할 수 있다. 이 경우 교육감 또는 지역교육장과 협의하여야 한다.,위임,조례,4,평생교육진흥사업 실시·지원의 구체적 사항을 조례로 정하도록 규율권한을 넘긴다.
P05428,② 지방자치단체의 장은 해당 지방자치단체의 조례로 정하는 바에 따라 주민을 위한 평생교육진흥사업을 실시하거나 지원할 수 있다. 이 경우 교육감 또는 지역교육장과 협의하여야 한다.,위임,조례,4,평생교육진흥사업 실시·지원의 구체적 사항을 지방자치단체 조례로 정하도록 규율권한을 넘긴다.
P05429,② 지방자치단체의 장은 해당 지방자치단체의 조례로 정하는 바에 따라 주민을 위한 평생교육진흥사업을 실시하거나 지원할 수 있다. 이 경우 교육감 또는 지역교육장과 협의하여야 한다.,위임,조례,4,평생교육진흥사업의 실시·지원 방법을 지방자치단체 조례로 정하도록 규율권한을 넘긴다.
P05430,② 지방자치단체의 장은 해당 지방자치단체의 조례로 정하는 바에 따라 주민을 위한 평생교육진흥사업을 실시하거나 지원할 수 있다. 이 경우 교육감 또는 지역교육장과 협의하여야 한다.,위임,조례,4,'조례로 정하는 바에 따라'로 사업 실시·지원의 구체적 사항을 조례에 맡기는 위임이다.
P05431,② 지방자치단체의 장은 해당 지방자치단체의 조례로 정하는 바에 따라 주민을 위한 평생교육진흥사업을 실시하거나 지원할 수 있다. 이 경우 교육감 또는 지역교육장과 협의하여야 한다.,위임,조례,4,평생교육진흥사업 실시·지원의 구체적 사항을 지방자치단체 조례로 정하도록 규율권한을 넘긴다.
P05432,② 지방자치단체의 장은 해당 지방자치단체의 조례로 정하는 바에 따라 주민을 위한 평생교육진흥사업을 실시하거나 지원할 수 있다. 이 경우 교육감 또는 지역교육장과 협의하여야 한다.,위임,조례,4,'조례로 정하는 바에 따라' 형식으로 사업 실시·지원의 구체적 사항을 조례에 맡기는 위임이다.
P05433,② 지방자치단체의 장은 해당 지방자치단체의 조례로 정하는 바에 따라 주민을 위한 평생교육진흥사업을 실시하거나 지원할 수 있다. 이 경우 교육감 또는 지역교육장과 협의하여야 한다.,위임,조례,4,'조례로 정하는 바에 따라'로 평생교육진흥사업의 실시·지원 사항을 조례에 맡기는 위임이다.
P05434,② 지방자치단체의 장은 해당 지방자치단체의 조례로 정하는 바에 따라 주민을 위한 평생교육진흥사업을 실시하거나 지원할 수 있다. 이 경우 교육감 또는 지역교육장과 협의하여야 한다.,위임,조례,4,평생교육진흥사업 실시·지원의 구체적 사항을 지방자치단체 조례로 정하도록 규율권한을 넘긴다.
P05435,② 지방자치단체의 장은 해당 지방자치단체의 조례로 정하는 바에 따라 주민을 위한 평생교육진흥사업을 실시하거나 지원할 수 있다. 이 경우 교육감 또는 지역교육장과 협의하여야 한다.,위임,조례,4,'조례로 정하는 바에 따라'는 사업 실시·지원의 세부사항을 조례에 맡기는 부분 위임이다.
P05436,② 지방자치단체의 장은 해당 지방자치단체의 조례로 정하는 바에 따라 주민을 위한 평생교육진흥사업을 실시하거나 지원할 수 있다. 이 경우 교육감 또는 지역교육장과 협의하여야 한다.,위임,조례,4,'조례로 정하는 바에 따라'는 평생교육진흥사업 실시·지원의 구체적 사항을 조례에 맡기는 위임이다.
P05437,② 지방자치단체의 장은 해당 지방자치단체의 조례로 정하는 바에 따라 주민을 위한 평생교육진흥사업을 실시하거나 지원할 수 있다. 이 경우 교육감 또는 지역교육장과 협의하여야 한다.,위임,조례,4,'조례로 정하는 바에 따라'는 사업 실시·지원의 구체적 사항을 조례에 맡기는 부분 위임이다.
P05438,② 지방자치단체의 장은 해당 지방자치단체의 조례로 정하는 바에 따라 주민을 위한 평생교육진흥사업을 실시하거나 지원할 수 있다. 이 경우 교육감 또는 지역교육장과 협의하여야 한다.,위임,조례,4,'해당 지방자치단체의 조례로 정하는 바에 따라'로 평생교육진흥사업의 실시·지원 사항을 조례에 맡기는 위임이다.
P05439,② 지방자치단체의 장은 해당 지방자치단체의 조례로 정하는 바에 따라 주민을 위한 평생교육진흥사업을 실시하거나 지원할 수 있다. 이 경우 교육감 또는 지역교육장과 협의하여야 한다.,위임,조례,4,사업 실시·지원의 구체적 사항을 지방자치단체 조례가 정하도록 규율권한을 넘기는 위임이다.
P05440,② 지방자치단체의 장은 해당 지방자치단체의 조례로 정하는 바에 따라 주민을 위한 평생교육진흥사업을 실시하거나 지원할 수 있다. 이 경우 교육감 또는 지역교육장과 협의하여야 한다.,위임,조례,4,'조례로 정하는 바에 따라' 사업 실시·지원의 구체적 규율을 조례에 맡기는 위임이다.
P05441,② 지방자치단체의 장은 해당 지방자치단체의 조례로 정하는 바에 따라 주민을 위한 평생교육진흥사업을 실시하거나 지원할 수 있다. 이 경우 교육감 또는 지역교육장과 협의하여야 한다.,위임,조례,4,'조례로 정하는 바에 따라'로 평생교육진흥사업의 실시·지원 사항에 관한 규율권한을 조례에 넘긴다.
P05442,② 지방자치단체의 장은 해당 지방자치단체의 조례로 정하는 바에 따라 주민을 위한 평생교육진흥사업을 실시하거나 지원할 수 있다. 이 경우 교육감 또는 지역교육장과 협의하여야 한다.,위임,조례,4,'조례로 정하는 바에 따라'로 사업 실시·지원의 규율사항을 조례에 맡기는 위임이다.
P05443,② 지방자치단체의 장은 해당 지방자치단체의 조례로 정하는 바에 따라 주민을 위한 평생교육진흥사업을 실시하거나 지원할 수 있다. 이 경우 교육감 또는 지역교육장과 협의하여야 한다.,위임,조례,4,'조례로 정하는 바에 따라'로 사업 실시·지원의 구체적 사항을 조례에 맡기는 위임이다.
P05444,② 지방자치단체의 장은 해당 지방자치단체의 조례로 정하는 바에 따라 주민을 위한 평생교육진흥사업을 실시하거나 지원할 수 있다. 이 경우 교육감 또는 지역교육장과 협의하여야 한다.,위임,조례,4,사업 실시·지원의 구체적 사항을 지방자치단체 조례로 정하도록 규율권한을 넘긴다.
P05445,② 지방자치단체의 장은 해당 지방자치단체의 조례로 정하는 바에 따라 주민을 위한 평생교육진흥사업을 실시하거나 지원할 수 있다. 이 경우 교육감 또는 지역교육장과 협의하여야 한다.,위임,조례,4,'해당 지방자치단체의 조례로 정하는 바에 따라'는 사업 실시·지원의 구체적 사항을 조례에 넘기는 위임이다.
P05446,② 지방자치단체의 장은 해당 지방자치단체의 조례로 정하는 바에 따라 주민을 위한 평생교육진흥사업을 실시하거나 지원할 수 있다. 이 경우 교육감 또는 지역교육장과 협의하여야 한다.,위임,조례,4,'조례로 정하는 바에 따라'는 사업 실시·지원의 구체적 사항을 조례에 맡기는 위임이다.
P05447,② 지방자치단체의 장은 해당 지방자치단체의 조례로 정하는 바에 따라 주민을 위한 평생교육진흥사업을 실시하거나 지원할 수 있다. 이 경우 교육감 또는 지역교육장과 협의하여야 한다.,위임,조례,4,평생교육진흥사업 실시·지원의 구체적 사항을 지방자치단체 조례로 정하도록 규율권한을 넘긴다.
P05448,② 지방자치단체의 장은 해당 지방자치단체의 조례로 정하는 바에 따라 주민을 위한 평생교육진흥사업을 실시하거나 지원할 수 있다. 이 경우 교육감 또는 지역교육장과 협의하여야 한다.,위임,조례,4,사업 실시·지원의 구체적 사항을 조례에 정하도록 규율권한을 넘긴다.
P05449,② 지방자치단체의 장은 해당 지방자치단체의 조례로 정하는 바에 따라 주민을 위한 평생교육진흥사업을 실시하거나 지원할 수 있다. 이 경우 교육감 또는 지역교육장과 협의하여야 한다.,위임,조례,4,사업 실시·지원의 구체적 사항을 해당 지방자치단체 조례로 정하도록 규율권한을 넘긴다.
P05450,② 지방자치단체의 장은 해당 지방자치단체의 조례로 정하는 바에 따라 주민을 위한 평생교육진흥사업을 실시하거나 지원할 수 있다. 이 경우 교육감 또는 지역교육장과 협의하여야 한다.,위임,조례,4,'조례로 정하는 바에 따라'로 사업 실시·지원의 세부사항을 조례에 맡기는 부분 위임이다.
P05451,② 지방자치단체의 장은 해당 지방자치단체의 조례로 정하는 바에 따라 주민을 위한 평생교육진흥사업을 실시하거나 지원할 수 있다. 이 경우 교육감 또는 지역교육장과 협의하여야 한다.,위임,조례,4,평생교육진흥사업 실시·지원의 구체적 사항을 지방자치단체 조례에 맡기는 위임 문언이다.
P05452,② 지방자치단체의 장은 해당 지방자치단체의 조례로 정하는 바에 따라 주민을 위한 평생교육진흥사업을 실시하거나 지원할 수 있다. 이 경우 교육감 또는 지역교육장과 협의하여야 한다.,위임,조례,4,'조례로 정하는 바에 따라'로 사업 실시·지원의 구체적 사항을 조례에 맡기는 위임이다.
P05453,② 지방자치단체의 장은 해당 지방자치단체의 조례로 정하는 바에 따라 주민을 위한 평생교육진흥사업을 실시하거나 지원할 수 있다. 이 경우 교육감 또는 지역교육장과 협의하여야 한다.,위임,조례,4,평생교육진흥사업 실시·지원의 구체적 사항을 지방자치단체 조례로 정하도록 규율권한을 넘긴다.
P05454,② 지방자치단체의 장은 해당 지방자치단체의 조례로 정하는 바에 따라 주민을 위한 평생교육진흥사업을 실시하거나 지원할 수 있다. 이 경우 교육감 또는 지역교육장과 협의하여야 한다.,위임,조례,4,평생교육진흥사업의 실시·지원 방식을 지방자치단체 조례로 정하도록 규율권한을 넘긴다.
P05455,② 지방자치단체의 장은 해당 지방자치단체의 조례로 정하는 바에 따라 주민을 위한 평생교육진흥사업을 실시하거나 지원할 수 있다. 이 경우 교육감 또는 지역교육장과 협의하여야 한다.,위임,조례,4,평생교육진흥사업의 실시·지원에 관한 사항을 조례로 정하도록 규율권한을 넘긴다.
P05456,② 지방자치단체의 장은 해당 지방자치단체의 조례로 정하는 바에 따라 주민을 위한 평생교육진흥사업을 실시하거나 지원할 수 있다. 이 경우 교육감 또는 지역교육장과 협의하여야 한다.,위임,조례,4,평생교육진흥사업 실시·지원의 구체적 사항을 지방자치단체 조례로 정하도록 규율권한을 넘긴다.
P05457,② 지방자치단체의 장은 해당 지방자치단체의 조례로 정하는 바에 따라 주민을 위한 평생교육진흥사업을 실시하거나 지원할 수 있다. 이 경우 교육감 또는 지역교육장과 협의하여야 한다.,위임,조례,4,사업 실시·지원의 구체적 사항을 지방자치단체 조례로 정하도록 규율권한을 넘긴다.
P05458,② 지방자치단체의 장은 해당 지방자치단체의 조례로 정하는 바에 따라 주민을 위한 평생교육진흥사업을 실시하거나 지원할 수 있다. 이 경우 교육감 또는 지역교육장과 협의하여야 한다.,위임,조례,4,평생교육진흥사업 실시·지원의 구체적 사항을 지방자치단체 조례로 정하도록 규율권한을 넘긴다.
P05459,② 지방자치단체의 장은 해당 지방자치단체의 조례로 정하는 바에 따라 주민을 위한 평생교육진흥사업을 실시하거나 지원할 수 있다. 이 경우 교육감 또는 지역교육장과 협의하여야 한다.,위임,조례,4,평생교육진흥사업 실시·지원의 구체적 사항을 지방자치단체 조례로 정하도록 규율권한을 넘긴다.
P05460,② 지방자치단체의 장은 해당 지방자치단체의 조례로 정하는 바에 따라 주민을 위한 평생교육진흥사업을 실시하거나 지원할 수 있다. 이 경우 교육감 또는 지역교육장과 협의하여야 한다.,위임,조례,4,'조례로 정하는 바에 따라'로 사업 실시·지원의 구체적 사항을 조례에 맡기는 위임이다.
P05461,② 지방자치단체의 장은 해당 지방자치단체의 조례로 정하는 바에 따라 주민을 위한 평생교육진흥사업을 실시하거나 지원할 수 있다. 이 경우 교육감 또는 지역교육장과 협의하여야 한다.,위임,조례,4,'조례로 정하는 바에 따라'로 사업 실시·지원의 세부사항 규율권한을 조례에 넘긴다.
P05462,② 지방자치단체의 장은 해당 지방자치단체의 조례로 정하는 바에 따라 주민을 위한 평생교육진흥사업을 실시하거나 지원할 수 있다. 이 경우 교육감 또는 지역교육장과 협의하여야 한다.,위임,조례,4,'조례로 정하는 바에 따라'로 사업 실시·지원의 구체적 사항을 조례에 맡기는 위임이다.
P05463,② 지방자치단체의 장은 해당 지방자치단체의 조례로 정하는 바에 따라 주민을 위한 평생교육진흥사업을 실시하거나 지원할 수 있다. 이 경우 교육감 또는 지역교육장과 협의하여야 한다.,위임,조례,4,평생교육진흥사업 실시·지원의 방법을 지방자치단체 조례로 정하도록 규율권한을 넘긴다.
P05464,② 지방자치단체의 장은 해당 지방자치단체의 조례로 정하는 바에 따라 주민을 위한 평생교육진흥사업을 실시하거나 지원할 수 있다. 이 경우 교육감 또는 지역교육장과 협의하여야 한다.,위임,조례,4,'조례로 정하는 바에 따라'로 평생교육진흥사업의 실시·지원에 관한 규율을 조례에 맡기는 부분 위임이다.
P05465,② 지방자치단체의 장은 해당 지방자치단체의 조례로 정하는 바에 따라 주민을 위한 평생교육진흥사업을 실시하거나 지원할 수 있다. 이 경우 교육감 또는 지역교육장과 협의하여야 한다.,위임,조례,4,사업 실시·지원의 구체적 사항을 조례가 정하도록 규율권한을 넘기는 위임이다.
P05466,② 지방자치단체의 장은 해당 지방자치단체의 조례로 정하는 바에 따라 주민을 위한 평생교육진흥사업을 실시하거나 지원할 수 있다. 이 경우 교육감 또는 지역교육장과 협의하여야 한다.,위임,조례,4,평생교육진흥사업 실시·지원의 구체적 사항을 지방자치단체 조례로 정하도록 규율권한을 넘긴다.
P05467,② 지방자치단체의 장은 해당 지방자치단체의 조례로 정하는 바에 따라 주민을 위한 평생교육진흥사업을 실시하거나 지원할 수 있다. 이 경우 교육감 또는 지역교육장과 협의하여야 한다.,위임,조례,4,'조례로 정하는 바에 따라'는 사업 실시·지원의 구체적 사항을 조례에 맡기는 위임이다.
P05468,② 지방자치단체의 장은 해당 지방자치단체의 조례로 정하는 바에 따라 주민을 위한 평생교육진흥사업을 실시하거나 지원할 수 있다. 이 경우 교육감 또는 지역교육장과 협의하여야 한다.,위임,조례,4,'조례로 정하는 바에 따라'로 사업 실시·지원의 구체적 사항을 조례에 맡기는 위임이다.
P05469,② 지방자치단체의 장은 해당 지방자치단체의 조례로 정하는 바에 따라 주민을 위한 평생교육진흥사업을 실시하거나 지원할 수 있다. 이 경우 교육감 또는 지역교육장과 협의하여야 한다.,위임,조례,4,평생교육진흥사업 실시·지원의 구체적 사항을 지방자치단체 조례로 정하도록 규율권한을 넘긴다.
P05470,② 지방자치단체의 장은 해당 지방자치단체의 조례로 정하는 바에 따라 주민을 위한 평생교육진흥사업을 실시하거나 지원할 수 있다. 이 경우 교육감 또는 지역교육장과 협의하여야 한다.,위임,조례,4,평생교육진흥사업 실시·지원의 구체적 사항을 해당 지방자치단체 조례에 맡기는 위임이다.
P05471,② 지방자치단체의 장은 해당 지방자치단체의 조례로 정하는 바에 따라 주민을 위한 평생교육진흥사업을 실시하거나 지원할 수 있다. 이 경우 교육감 또는 지역교육장과 협의하여야 한다.,위임,조례,4,'조례로 정하는 바에 따라'는 사업 실시·지원의 구체적 사항을 조례에 맡기는 위임이다.
P05472,② 지방자치단체의 장은 해당 지방자치단체의 조례로 정하는 바에 따라 주민을 위한 평생교육진흥사업을 실시하거나 지원할 수 있다. 이 경우 교육감 또는 지역교육장과 협의하여야 한다.,위임,조례,4,'조례로 정하는 바에 따라'로 사업 실시·지원의 구체적 사항을 조례에 맡기는 위임이다.
P05473,② 지방자치단체의 장은 해당 지방자치단체의 조례로 정하는 바에 따라 주민을 위한 평생교육진흥사업을 실시하거나 지원할 수 있다. 이 경우 교육감 또는 지역교육장과 협의하여야 한다.,위임,조례,4,평생교육진흥사업의 실시·지원에 관한 사항을 지방자치단체 조례로 정하도록 규율권한을 넘긴다.
P05474,② 지방자치단체의 장은 해당 지방자치단체의 조례로 정하는 바에 따라 주민을 위한 평생교육진흥사업을 실시하거나 지원할 수 있다. 이 경우 교육감 또는 지역교육장과 협의하여야 한다.,위임,조례,4,'조례로 정하는 바에 따라'로 사업 실시·지원의 구체적 규율을 조례에 맡기는 위임이다.
P05475,② 지방자치단체의 장은 해당 지방자치단체의 조례로 정하는 바에 따라 주민을 위한 평생교육진흥사업을 실시하거나 지원할 수 있다. 이 경우 교육감 또는 지역교육장과 협의하여야 한다.,위임,조례,4,사업 실시·지원의 세부 사항을 지방자치단체 조례로 정하도록 규율권한을 넘긴다.
P05476,② 지방자치단체의 장은 해당 지방자치단체의 조례로 정하는 바에 따라 주민을 위한 평생교육진흥사업을 실시하거나 지원할 수 있다. 이 경우 교육감 또는 지역교육장과 협의하여야 한다.,위임,조례,4,평생교육진흥사업의 실시·지원 방식을 조례로 정하도록 규율권한을 넘긴다.
P05477,② 지방자치단체의 장은 해당 지방자치단체의 조례로 정하는 바에 따라 주민을 위한 평생교육진흥사업을 실시하거나 지원할 수 있다. 이 경우 교육감 또는 지역교육장과 협의하여야 한다.,위임,조례,4,'조례로 정하는 바에 따라'로 평생교육진흥사업의 실시·지원 사항을 조례에 맡기는 위임이다.
P05478,② 지방자치단체의 장은 해당 지방자치단체의 조례로 정하는 바에 따라 주민을 위한 평생교육진흥사업을 실시하거나 지원할 수 있다. 이 경우 교육감 또는 지역교육장과 협의하여야 한다.,위임,조례,4,평생교육진흥사업 실시·지원의 구체적 사항을 지방자치단체 조례에 맡기는 위임이다.
P05479,② 지방자치단체의 장은 해당 지방자치단체의 조례로 정하는 바에 따라 주민을 위한 평생교육진흥사업을 실시하거나 지원할 수 있다. 이 경우 교육감 또는 지역교육장과 협의하여야 한다.,위임,조례,4,'조례로 정하는 바에 따라'로 평생교육진흥사업 실시·지원의 세부 사항을 조례에 맡기는 부분 위임이다.
P05480,② 지방자치단체의 장은 해당 지방자치단체의 조례로 정하는 바에 따라 주민을 위한 평생교육진흥사업을 실시하거나 지원할 수 있다. 이 경우 교육감 또는 지역교육장과 협의하여야 한다.,위임,조례,4,'조례로 정하는 바에 따라'로 사업 실시·지원의 구체적 사항을 조례에 맡기는 위임이다.
P05481,② 지방자치단체의 장은 해당 지방자치단체의 조례로 정하는 바에 따라 주민을 위한 평생교육진흥사업을 실시하거나 지원할 수 있다. 이 경우 교육감 또는 지역교육장과 협의하여야 한다.,위임,조례,4,'조례로 정하는 바에 따라' 형태로 사업 실시·지원의 구체적 사항을 조례에 맡기는 위임이다.
P05482,② 지방자치단체의 장은 해당 지방자치단체의 조례로 정하는 바에 따라 주민을 위한 평생교육진흥사업을 실시하거나 지원할 수 있다. 이 경우 교육감 또는 지역교육장과 협의하여야 한다.,위임,조례,4,'조례로 정하는 바에 따라'는 사업 실시·지원의 구체적 사항을 조례에 맡기는 위임이다.
P05483,② 지방자치단체의 장은 해당 지방자치단체의 조례로 정하는 바에 따라 주민을 위한 평생교육진흥사업을 실시하거나 지원할 수 있다. 이 경우 교육감 또는 지역교육장과 협의하여야 한다.,위임,조례,4,'조례로 정하는 바에 따라'로 사업 실시·지원의 구체적 사항을 조례에 맡기는 위임이다.
P05484,② 지방자치단체의 장은 해당 지방자치단체의 조례로 정하는 바에 따라 주민을 위한 평생교육진흥사업을 실시하거나 지원할 수 있다. 이 경우 교육감 또는 지역교육장과 협의하여야 한다.,위임,조례,4,'조례로 정하는 바에 따라'로 사업 실시·지원의 구체적 사항을 조례에 맡기는 위임이다.
P05485,② 지방자치단체의 장은 해당 지방자치단체의 조례로 정하는 바에 따라 주민을 위한 평생교육진흥사업을 실시하거나 지원할 수 있다. 이 경우 교육감 또는 지역교육장과 협의하여야 한다.,위임,조례,4,'조례로 정하는 바에 따라'로 사업 실시·지원의 구체적 사항을 조례에 넘기는 위임이다.
P05486,② 지방자치단체의 장은 해당 지방자치단체의 조례로 정하는 바에 따라 주민을 위한 평생교육진흥사업을 실시하거나 지원할 수 있다. 이 경우 교육감 또는 지역교육장과 협의하여야 한다.,위임,조례,4,'조례로 정하는 바에 따라'로 사업 실시·지원의 구체적 사항을 조례에 맡기는 위임이다.
P05487,② 지방자치단체의 장은 해당 지방자치단체의 조례로 정하는 바에 따라 주민을 위한 평생교육진흥사업을 실시하거나 지원할 수 있다. 이 경우 교육감 또는 지역교육장과 협의하여야 한다.,위임,조례,4,'조례로 정하는 바에 따라'로 사업 실시·지원의 구체적 사항을 조례에 맡기는 위임이다.
P05488,② 지방자치단체의 장은 해당 지방자치단체의 조례로 정하는 바에 따라 주민을 위한 평생교육진흥사업을 실시하거나 지원할 수 있다. 이 경우 교육감 또는 지역교육장과 협의하여야 한다.,위임,조례,4,평생교육진흥사업의 실시·지원 방법을 지방자치단체 조례로 정하도록 규율권한을 넘긴다.
P05489,② 지방자치단체의 장은 해당 지방자치단체의 조례로 정하는 바에 따라 주민을 위한 평생교육진흥사업을 실시하거나 지원할 수 있다. 이 경우 교육감 또는 지역교육장과 협의하여야 한다.,위임,조례,4,평생교육진흥사업 실시·지원의 구체적 사항을 지방자치단체 조례에 맡기는 위임 문언이다.
P05490,② 지방자치단체의 장은 해당 지방자치단체의 조례로 정하는 바에 따라 주민을 위한 평생교육진흥사업을 실시하거나 지원할 수 있다. 이 경우 교육감 또는 지역교육장과 협의하여야 한다.,위임,조례,4,사업 실시·지원의 구체적 사항을 지방자치단체 조례가 정하도록 규율권한을 넘기는 위임이다.
P05491,② 지방자치단체의 장은 해당 지방자치단체의 조례로 정하는 바에 따라 주민을 위한 평생교육진흥사업을 실시하거나 지원할 수 있다. 이 경우 교육감 또는 지역교육장과 협의하여야 한다.,위임,조례,4,평생교육진흥사업 실시·지원의 구체적 사항을 지방자치단체 조례로 정하도록 규율권한을 넘긴다.
P05492,② 지방자치단체의 장은 해당 지방자치단체의 조례로 정하는 바에 따라 주민을 위한 평생교육진흥사업을 실시하거나 지원할 수 있다. 이 경우 교육감 또는 지역교육장과 협의하여야 한다.,위임,조례,4,'조례로 정하는 바에 따라'로 사업 실시·지원의 구체적 사항을 조례에 맡기는 위임이다.
P05493,② 지방자치단체의 장은 해당 지방자치단체의 조례로 정하는 바에 따라 주민을 위한 평생교육진흥사업을 실시하거나 지원할 수 있다. 이 경우 교육감 또는 지역교육장과 협의하여야 한다.,위임,조례,4,'조례로 정하는 바에 따라'는 사업 실시·지원의 구체적 사항을 조례에 맡기는 위임이다.
P05494,② 지방자치단체의 장은 해당 지방자치단체의 조례로 정하는 바에 따라 주민을 위한 평생교육진흥사업을 실시하거나 지원할 수 있다. 이 경우 교육감 또는 지역교육장과 협의하여야 한다.,위임,조례,4,평생교육진흥사업의 실시·지원 방식을 지방자치단체 조례가 정하도록 규율권한을 넘긴다.
P05495,② 지방자치단체의 장은 해당 지방자치단체의 조례로 정하는 바에 따라 주민을 위한 평생교육진흥사업을 실시하거나 지원할 수 있다. 이 경우 교육감 또는 지역교육장과 협의하여야 한다.,위임,조례,4,사업 실시·지원의 구체적 사항을 지방자치단체 조례로 정하도록 규율권한을 넘긴다.
P05496,② 지방자치단체의 장은 해당 지방자치단체의 조례로 정하는 바에 따라 주민을 위한 평생교육진흥사업을 실시하거나 지원할 수 있다. 이 경우 교육감 또는 지역교육장과 협의하여야 한다.,위임,조례,4,평생교육진흥사업의 실시·지원에 관한 사항을 지방자치단체 조례로 정하도록 규율권한을 넘긴다.
P05497,② 지방자치단체의 장은 해당 지방자치단체의 조례로 정하는 바에 따라 주민을 위한 평생교육진흥사업을 실시하거나 지원할 수 있다. 이 경우 교육감 또는 지역교육장과 협의하여야 한다.,위임,조례,4,'조례로 정하는 바에 따라'는 사업 실시·지원의 구체적 사항을 조례에 맡기는 위임이다.
P05498,② 지방자치단체의 장은 해당 지방자치단체의 조례로 정하는 바에 따라 주민을 위한 평생교육진흥사업을 실시하거나 지원할 수 있다. 이 경우 교육감 또는 지역교육장과 협의하여야 한다.,위임,조례,4,'조례로 정하는 바에 따라'로 평생교육진흥사업 실시·지원의 구체적 사항을 조례에 넘기는 위임이다.
P05499,② 지방자치단체의 장은 해당 지방자치단체의 조례로 정하는 바에 따라 주민을 위한 평생교육진흥사업을 실시하거나 지원할 수 있다. 이 경우 교육감 또는 지역교육장과 협의하여야 한다.,위임,조례,4,평생교육진흥사업의 실시·지원 방식을 지방자치단체 조례로 정하도록 규율권한을 넘긴다.
P05500,② 지방자치단체의 장은 해당 지방자치단체의 조례로 정하는 바에 따라 주민을 위한 평생교육진흥사업을 실시하거나 지원할 수 있다. 이 경우 교육감 또는 지역교육장과 협의하여야 한다.,위임,조례,4,'조례로 정하는 바에 따라'로 평생교육진흥사업 실시·지원의 구체적 사항을 조례에 맡기는 위임이다.
P05501,② 지방자치단체의 장은 해당 지방자치단체의 조례로 정하는 바에 따라 주민을 위한 평생교육진흥사업을 실시하거나 지원할 수 있다. 이 경우 교육감 또는 지역교육장과 협의하여야 한다.,위임,조례,4,'조례로 정하는 바에 따라'는 사업 실시·지원의 구체적 사항을 조례에 맡기는 부분 위임이다.
P05502,② 지방자치단체의 장은 해당 지방자치단체의 조례로 정하는 바에 따라 주민을 위한 평생교육진흥사업을 실시하거나 지원할 수 있다. 이 경우 교육감 또는 지역교육장과 협의하여야 한다.,위임,조례,4,평생교육진흥사업의 실시·지원 방법을 지방자치단체 조례로 정하도록 규율권한을 넘긴다.
P05503,② 지방자치단체의 장은 해당 지방자치단체의 조례로 정하는 바에 따라 주민을 위한 평생교육진흥사업을 실시하거나 지원할 수 있다. 이 경우 교육감 또는 지역교육장과 협의하여야 한다.,위임,조례,4,'조례로 정하는 바에 따라'로 평생교육진흥사업 실시·지원의 구체적 사항을 조례에 맡기는 위임이다.
P05504,② 지방자치단체의 장은 해당 지방자치단체의 조례로 정하는 바에 따라 주민을 위한 평생교육진흥사업을 실시하거나 지원할 수 있다. 이 경우 교육감 또는 지역교육장과 협의하여야 한다.,위임,조례,4,'조례로 정하는 바에 따라'로 사업 실시·지원의 구체적 사항을 조례에 맡기는 위임이다.
P05505,② 지방자치단체의 장은 해당 지방자치단체의 조례로 정하는 바에 따라 주민을 위한 평생교육진흥사업을 실시하거나 지원할 수 있다. 이 경우 교육감 또는 지역교육장과 협의하여야 한다.,위임,조례,4,'조례로 정하는 바에 따라'로 사업 실시·지원의 구체적 사항을 조례에 맡기는 위임이다.
P05506,② 지방자치단체의 장은 해당 지방자치단체의 조례로 정하는 바에 따라 주민을 위한 평생교육진흥사업을 실시하거나 지원할 수 있다. 이 경우 교육감 또는 지역교육장과 협의하여야 한다.,위임,조례,4,사업 실시·지원의 구체적 사항을 지방자치단체 조례에 정하도록 맡기는 위임이다.
P05507,② 지방자치단체의 장은 해당 지방자치단체의 조례로 정하는 바에 따라 주민을 위한 평생교육진흥사업을 실시하거나 지원할 수 있다. 이 경우 교육감 또는 지역교육장과 협의하여야 한다.,위임,조례,4,'조례로 정하는 바에 따라'로 사업 실시·지원의 구체적 사항을 조례에 맡기는 위임이다.
P05508,② 지방자치단체의 장은 해당 지방자치단체의 조례로 정하는 바에 따라 주민을 위한 평생교육진흥사업을 실시하거나 지원할 수 있다. 이 경우 교육감 또는 지역교육장과 협의하여야 한다.,위임,조례,4,'해당 지방자치단체의 조례로 정하는 바에 따라'로 사업 실시·지원에 관한 사항을 조례에 맡기는 위임이다.
P05509,② 지방자치단체의 장은 해당 지방자치단체의 조례로 정하는 바에 따라 주민을 위한 평생교육진흥사업을 실시하거나 지원할 수 있다. 이 경우 교육감 또는 지역교육장과 협의하여야 한다.,위임,조례,4,'조례로 정하는 바에 따라'는 사업 실시·지원의 구체적 사항을 조례에 맡기는 위임이다.
P05510,② 지방자치단체의 장은 해당 지방자치단체의 조례로 정하는 바에 따라 주민을 위한 평생교육진흥사업을 실시하거나 지원할 수 있다. 이 경우 교육감 또는 지역교육장과 협의하여야 한다.,위임,조례,4,'조례로 정하는 바에 따라'로 사업 실시·지원의 구체적 사항을 조례에 맡기는 부분 위임이다.
P05511,② 지방자치단체의 장은 해당 지방자치단체의 조례로 정하는 바에 따라 주민을 위한 평생교육진흥사업을 실시하거나 지원할 수 있다. 이 경우 교육감 또는 지역교육장과 협의하여야 한다.,위임,조례,4,'조례로 정하는 바에 따라'로 사업 실시·지원의 구체적 사항을 조례에 맡기는 위임이다.
P05512,② 지방자치단체의 장은 해당 지방자치단체의 조례로 정하는 바에 따라 주민을 위한 평생교육진흥사업을 실시하거나 지원할 수 있다. 이 경우 교육감 또는 지역교육장과 협의하여야 한다.,위임,조례,4,평생교육진흥사업의 실시·지원 방식을 조례가 정하도록 규율권한을 넘긴 위임이다.
P05513,② 지방자치단체의 장은 해당 지방자치단체의 조례로 정하는 바에 따라 주민을 위한 평생교육진흥사업을 실시하거나 지원할 수 있다. 이 경우 교육감 또는 지역교육장과 협의하여야 한다.,위임,조례,4,'조례로 정하는 바에 따라'로 평생교육진흥사업 실시·지원의 구체적 사항을 조례에 맡기는 위임이다.
P05514,② 지방자치단체의 장은 해당 지방자치단체의 조례로 정하는 바에 따라 주민을 위한 평생교육진흥사업을 실시하거나 지원할 수 있다. 이 경우 교육감 또는 지역교육장과 협의하여야 한다.,위임,조례,4,사업 실시·지원의 구체적 사항을 해당 지방자치단체 조례로 정하도록 규율권한을 넘긴다.
P05515,② 지방자치단체의 장은 해당 지방자치단체의 조례로 정하는 바에 따라 주민을 위한 평생교육진흥사업을 실시하거나 지원할 수 있다. 이 경우 교육감 또는 지역교육장과 협의하여야 한다.,위임,조례,4,'조례로 정하는 바에 따라'로 사업 실시·지원의 구체적 규율을 조례에 맡기는 부분 위임이다.
P05516,② 지방자치단체의 장은 해당 지방자치단체의 조례로 정하는 바에 따라 주민을 위한 평생교육진흥사업을 실시하거나 지원할 수 있다. 이 경우 교육감 또는 지역교육장과 협의하여야 한다.,위임,조례,4,평생교육진흥사업 실시·지원의 방법을 지방자치단체 조례로 정하도록 규율권한을 넘긴다.
P05517,② 지방자치단체의 장은 해당 지방자치단체의 조례로 정하는 바에 따라 주민을 위한 평생교육진흥사업을 실시하거나 지원할 수 있다. 이 경우 교육감 또는 지역교육장과 협의하여야 한다.,위임,조례,4,'조례로 정하는 바에 따라'로 사업 실시·지원의 구체적 사항을 조례에 맡기는 부분 위임이다.
P05518,② 지방자치단체의 장은 해당 지방자치단체의 조례로 정하는 바에 따라 주민을 위한 평생교육진흥사업을 실시하거나 지원할 수 있다. 이 경우 교육감 또는 지역교육장과 협의하여야 한다.,위임,조례,4,평생교육진흥사업 실시·지원의 구체적 사항을 지방자치단체 조례로 정하도록 규율권한을 넘긴다.
P05519,② 지방자치단체의 장은 해당 지방자치단체의 조례로 정하는 바에 따라 주민을 위한 평생교육진흥사업을 실시하거나 지원할 수 있다. 이 경우 교육감 또는 지역교육장과 협의하여야 한다.,위임,조례,4,'조례로 정하는 바에 따라'로 사업 실시·지원의 구체적 사항을 조례에 맡기는 위임이다.
P05520,② 지방자치단체의 장은 해당 지방자치단체의 조례로 정하는 바에 따라 주민을 위한 평생교육진흥사업을 실시하거나 지원할 수 있다. 이 경우 교육감 또는 지역교육장과 협의하여야 한다.,위임,조례,4,'조례로 정하는 바에 따라'로 사업 실시·지원의 구체적 사항을 조례에 맡기는 위임이다.
P05521,② 지방자치단체의 장은 해당 지방자치단체의 조례로 정하는 바에 따라 주민을 위한 평생교육진흥사업을 실시하거나 지원할 수 있다. 이 경우 교육감 또는 지역교육장과 협의하여야 한다.,위임,조례,4,'조례로 정하는 바에 따라'는 평생교육진흥사업의 실시·지원 사항을 조례에 맡기는 위임이다.
P05522,② 지방자치단체의 장은 해당 지방자치단체의 조례로 정하는 바에 따라 주민을 위한 평생교육진흥사업을 실시하거나 지원할 수 있다. 이 경우 교육감 또는 지역교육장과 협의하여야 한다.,위임,조례,4,'조례로 정하는 바에 따라'로 사업 실시·지원의 구체적 사항을 조례에 맡기는 위임이다.
P05523,② 지방자치단체의 장은 해당 지방자치단체의 조례로 정하는 바에 따라 주민을 위한 평생교육진흥사업을 실시하거나 지원할 수 있다. 이 경우 교육감 또는 지역교육장과 협의하여야 한다.,위임,조례,4,'조례로 정하는 바에 따라'로 사업 실시·지원의 세부사항을 조례에 맡기는 위임이다.
P05524,② 지방자치단체의 장은 해당 지방자치단체의 조례로 정하는 바에 따라 주민을 위한 평생교육진흥사업을 실시하거나 지원할 수 있다. 이 경우 교육감 또는 지역교육장과 협의하여야 한다.,위임,조례,4,평생교육진흥사업 실시·지원의 구체적 사항을 지방자치단체 조례로 정하도록 규율권한을 넘긴다.
P05525,② 지방자치단체의 장은 해당 지방자치단체의 조례로 정하는 바에 따라 주민을 위한 평생교육진흥사업을 실시하거나 지원할 수 있다. 이 경우 교육감 또는 지역교육장과 협의하여야 한다.,위임,조례,4,'조례로 정하는 바에 따라'로 사업 실시·지원의 구체적 사항을 조례에 넘기는 위임이다.
P05526,② 지방자치단체의 장은 해당 지방자치단체의 조례로 정하는 바에 따라 주민을 위한 평생교육진흥사업을 실시하거나 지원할 수 있다. 이 경우 교육감 또는 지역교육장과 협의하여야 한다.,위임,조례,4,평생교육진흥사업의 실시·지원에 관한 사항을 지방자치단체 조례로 정하도록 규율권한을 넘긴다.
P05527,② 지방자치단체의 장은 해당 지방자치단체의 조례로 정하는 바에 따라 주민을 위한 평생교육진흥사업을 실시하거나 지원할 수 있다. 이 경우 교육감 또는 지역교육장과 협의하여야 한다.,위임,조례,4,'조례로 정하는 바에 따라'로 사업 실시·지원의 세부사항을 조례에 맡기는 부분 위임이다.
P05528,② 지방자치단체의 장은 해당 지방자치단체의 조례로 정하는 바에 따라 주민을 위한 평생교육진흥사업을 실시하거나 지원할 수 있다. 이 경우 교육감 또는 지역교육장과 협의하여야 한다.,위임,조례,4,평생교육진흥사업의 실시·지원 방법을 지방자치단체 조례로 정하도록 규율권한을 넘긴다.
P05529,② 지방자치단체의 장은 해당 지방자치단체의 조례로 정하는 바에 따라 주민을 위한 평생교육진흥사업을 실시하거나 지원할 수 있다. 이 경우 교육감 또는 지역교육장과 협의하여야 한다.,위임,조례,4,평생교육진흥사업의 실시·지원에 관한 사항을 지방자치단체 조례로 정하도록 규율권한을 넘긴다.
P05530,② 지방자치단체의 장은 해당 지방자치단체의 조례로 정하는 바에 따라 주민을 위한 평생교육진흥사업을 실시하거나 지원할 수 있다. 이 경우 교육감 또는 지역교육장과 협의하여야 한다.,위임,조례,4,'조례로 정하는 바에 따라'로 사업 실시·지원의 구체적 사항을 조례에 맡기는 위임이다.
P05531,② 지방자치단체의 장은 해당 지방자치단체의 조례로 정하는 바에 따라 주민을 위한 평생교육진흥사업을 실시하거나 지원할 수 있다. 이 경우 교육감 또는 지역교육장과 협의하여야 한다.,위임,조례,4,'조례로 정하는 바에 따라'로 사업 실시·지원의 규율사항을 조례에 맡기는 위임이다.
P05532,② 지방자치단체의 장은 해당 지방자치단체의 조례로 정하는 바에 따라 주민을 위한 평생교육진흥사업을 실시하거나 지원할 수 있다. 이 경우 교육감 또는 지역교육장과 협의하여야 한다.,위임,조례,4,'조례로 정하는 바에 따라'로 사업 실시·지원의 구체적 사항을 조례에 맡기는 위임이다.
P05533,② 지방자치단체의 장은 해당 지방자치단체의 조례로 정하는 바에 따라 주민을 위한 평생교육진흥사업을 실시하거나 지원할 수 있다. 이 경우 교육감 또는 지역교육장과 협의하여야 한다.,위임,조례,4,평생교육진흥사업의 실시·지원에 관한 사항을 지방자치단체 조례로 정하도록 규율권한을 넘긴다.
P05534,② 지방자치단체의 장은 해당 지방자치단체의 조례로 정하는 바에 따라 주민을 위한 평생교육진흥사업을 실시하거나 지원할 수 있다. 이 경우 교육감 또는 지역교육장과 협의하여야 한다.,위임,조례,4,'조례로 정하는 바에 따라'로 사업 실시·지원의 구체적 사항을 조례에 맡기는 위임이다.
P05535,② 지방자치단체의 장은 해당 지방자치단체의 조례로 정하는 바에 따라 주민을 위한 평생교육진흥사업을 실시하거나 지원할 수 있다. 이 경우 교육감 또는 지역교육장과 협의하여야 한다.,위임,조례,4,평생교육진흥사업 실시·지원의 구체적 사항을 지방자치단체 조례로 정하도록 규율권한을 넘긴다.
P05536,② 지방자치단체의 장은 해당 지방자치단체의 조례로 정하는 바에 따라 주민을 위한 평생교육진흥사업을 실시하거나 지원할 수 있다. 이 경우 교육감 또는 지역교육장과 협의하여야 한다.,위임,조례,4,'조례로 정하는 바에 따라'로 평생교육진흥사업 실시·지원의 구체적 규율권한을 조례에 넘긴다.
P05537,② 지방자치단체의 장은 해당 지방자치단체의 조례로 정하는 바에 따라 주민을 위한 평생교육진흥사업을 실시하거나 지원할 수 있다. 이 경우 교육감 또는 지역교육장과 협의하여야 한다.,위임,조례,4,평생교육진흥사업의 실시·지원에 관한 사항을 지방자치단체 조례로 정하도록 규율권한을 넘긴다.
P05538,② 지방자치단체의 장은 해당 지방자치단체의 조례로 정하는 바에 따라 주민을 위한 평생교육진흥사업을 실시하거나 지원할 수 있다. 이 경우 교육감 또는 지역교육장과 협의하여야 한다.,위임,조례,4,사업 실시·지원의 구체적 사항을 지방자치단체 조례로 정하도록 규율권한을 넘긴다.
P05539,② 지방자치단체의 장은 해당 지방자치단체의 조례로 정하는 바에 따라 주민을 위한 평생교육진흥사업을 실시하거나 지원할 수 있다. 이 경우 교육감 또는 지역교육장과 협의하여야 한다.,위임,조례,4,평생교육진흥사업 실시·지원의 구체적 사항을 조례로 정하도록 규율권한을 넘긴다.
P05540,② 지방자치단체의 장은 해당 지방자치단체의 조례로 정하는 바에 따라 주민을 위한 평생교육진흥사업을 실시하거나 지원할 수 있다. 이 경우 교육감 또는 지역교육장과 협의하여야 한다.,위임,조례,4,평생교육진흥사업의 실시·지원에 관한 사항을 지방자치단체 조례에 정하도록 규율권한을 넘긴다.
P05541,② 지방자치단체의 장은 해당 지방자치단체의 조례로 정하는 바에 따라 주민을 위한 평생교육진흥사업을 실시하거나 지원할 수 있다. 이 경우 교육감 또는 지역교육장과 협의하여야 한다.,위임,조례,4,평생교육진흥사업의 실시·지원에 관한 사항을 조례로 정하도록 규율권한을 넘긴다.
P05542,② 지방자치단체의 장은 해당 지방자치단체의 조례로 정하는 바에 따라 주민을 위한 평생교육진흥사업을 실시하거나 지원할 수 있다. 이 경우 교육감 또는 지역교육장과 협의하여야 한다.,위임,조례,4,평생교육진흥사업의 실시·지원 방식을 지방자치단체 조례로 정하도록 규율권한을 넘긴다.
P05543,② 지방자치단체의 장은 해당 지방자치단체의 조례로 정하는 바에 따라 주민을 위한 평생교육진흥사업을 실시하거나 지원할 수 있다. 이 경우 교육감 또는 지역교육장과 협의하여야 한다.,위임,조례,4,'조례로 정하는 바에 따라'로 사업 실시·지원의 구체적 사항을 조례에 맡기는 위임이다.
P05544,② 지방자치단체의 장은 해당 지방자치단체의 조례로 정하는 바에 따라 주민을 위한 평생교육진흥사업을 실시하거나 지원할 수 있다. 이 경우 교육감 또는 지역교육장과 협의하여야 한다.,위임,조례,4,평생교육진흥사업 실시·지원의 구체적 사항을 지방자치단체 조례로 정하도록 규율권한을 넘긴다.
P05545,② 지방자치단체의 장은 해당 지방자치단체의 조례로 정하는 바에 따라 주민을 위한 평생교육진흥사업을 실시하거나 지원할 수 있다. 이 경우 교육감 또는 지역교육장과 협의하여야 한다.,위임,조례,4,평생교육진흥사업 실시·지원의 구체적 사항을 지방자치단체 조례로 정하도록 규율권한을 넘긴다.
P05546,② 지방자치단체의 장은 해당 지방자치단체의 조례로 정하는 바에 따라 주민을 위한 평생교육진흥사업을 실시하거나 지원할 수 있다. 이 경우 교육감 또는 지역교육장과 협의하여야 한다.,위임,조례,4,'조례로 정하는 바에 따라'로 사업 실시·지원의 구체적 규율을 조례에 넘기는 위임이다.
P05547,② 지방자치단체의 장은 해당 지방자치단체의 조례로 정하는 바에 따라 주민을 위한 평생교육진흥사업을 실시하거나 지원할 수 있다. 이 경우 교육감 또는 지역교육장과 협의하여야 한다.,위임,조례,4,'조례로 정하는 바에 따라'로 사업 실시·지원의 구체적 사항을 조례에 맡기는 위임이다.
P05548,② 지방자치단체의 장은 해당 지방자치단체의 조례로 정하는 바에 따라 주민을 위한 평생교육진흥사업을 실시하거나 지원할 수 있다. 이 경우 교육감 또는 지역교육장과 협의하여야 한다.,위임,조례,4,'조례로 정하는 바에 따라'는 사업 실시·지원의 세부사항을 조례에 맡기는 부분 위임이다.
P05549,② 지방자치단체의 장은 해당 지방자치단체의 조례로 정하는 바에 따라 주민을 위한 평생교육진흥사업을 실시하거나 지원할 수 있다. 이 경우 교육감 또는 지역교육장과 협의하여야 한다.,위임,조례,4,'조례로 정하는 바에 따라'로 사업 실시·지원의 구체적 사항을 조례에 넘기는 부분 위임이다.
P05550,② 지방자치단체의 장은 해당 지방자치단체의 조례로 정하는 바에 따라 주민을 위한 평생교육진흥사업을 실시하거나 지원할 수 있다. 이 경우 교육감 또는 지역교육장과 협의하여야 한다.,위임,조례,4,'조례로 정하는 바에 따라'로 평생교육진흥사업의 실시·지원 사항을 조례에 맡기는 위임이다.
P05551,② 지방자치단체의 장은 해당 지방자치단체의 조례로 정하는 바에 따라 주민을 위한 평생교육진흥사업을 실시하거나 지원할 수 있다. 이 경우 교육감 또는 지역교육장과 협의하여야 한다.,위임,조례,4,'조례로 정하는 바에 따라'로 평생교육진흥사업 실시·지원의 구체적 규율권한을 조례에 넘긴다.
P05552,② 지방자치단체의 장은 해당 지방자치단체의 조례로 정하는 바에 따라 주민을 위한 평생교육진흥사업을 실시하거나 지원할 수 있다. 이 경우 교육감 또는 지역교육장과 협의하여야 한다.,위임,조례,4,'조례로 정하는 바에 따라'로 사업 실시·지원의 구체적 사항을 조례에 맡기는 위임이다.
P05553,② 지방자치단체의 장은 해당 지방자치단체의 조례로 정하는 바에 따라 주민을 위한 평생교육진흥사업을 실시하거나 지원할 수 있다. 이 경우 교육감 또는 지역교육장과 협의하여야 한다.,위임,조례,4,평생교육진흥사업의 실시·지원 방식을 지방자치단체 조례에 정하도록 규율권한을 넘긴다.
P05554,② 지방자치단체의 장은 해당 지방자치단체의 조례로 정하는 바에 따라 주민을 위한 평생교육진흥사업을 실시하거나 지원할 수 있다. 이 경우 교육감 또는 지역교육장과 협의하여야 한다.,위임,조례,4,평생교육진흥사업 실시·지원의 기준과 방법을 지방자치단체 조례로 정하도록 규율권한을 넘긴다.
P05555,② 지방자치단체의 장은 해당 지방자치단체의 조례로 정하는 바에 따라 주민을 위한 평생교육진흥사업을 실시하거나 지원할 수 있다. 이 경우 교육감 또는 지역교육장과 협의하여야 한다.,위임,조례,4,'조례로 정하는 바에 따라'는 사업 실시·지원의 구체적 사항을 조례에 맡기는 위임이다.
P05556,② 지방자치단체의 장은 해당 지방자치단체의 조례로 정하는 바에 따라 주민을 위한 평생교육진흥사업을 실시하거나 지원할 수 있다. 이 경우 교육감 또는 지역교육장과 협의하여야 한다.,위임,조례,4,'조례로 정하는 바에 따라'로 사업 실시·지원의 구체적 사항을 조례에 맡기는 위임이다.
P05557,② 지방자치단체의 장은 해당 지방자치단체의 조례로 정하는 바에 따라 주민을 위한 평생교육진흥사업을 실시하거나 지원할 수 있다. 이 경우 교육감 또는 지역교육장과 협의하여야 한다.,위임,조례,4,평생교육진흥사업 실시·지원의 구체적 사항을 지방자치단체 조례로 정하도록 규율권한을 넘긴다.
P05558,② 지방자치단체의 장은 해당 지방자치단체의 조례로 정하는 바에 따라 주민을 위한 평생교육진흥사업을 실시하거나 지원할 수 있다. 이 경우 교육감 또는 지역교육장과 협의하여야 한다.,위임,조례,4,사업 실시·지원의 구체적 사항을 지방자치단체 조례로 정하도록 규율권한을 넘기는 위임이다.
P05559,② 지방자치단체의 장은 해당 지방자치단체의 조례로 정하는 바에 따라 주민을 위한 평생교육진흥사업을 실시하거나 지원할 수 있다. 이 경우 교육감 또는 지역교육장과 협의하여야 한다.,위임,조례,4,평생교육진흥사업 실시·지원의 구체적 사항을 조례로 정하도록 규율권한을 넘긴다.
P05560,② 지방자치단체의 장은 해당 지방자치단체의 조례로 정하는 바에 따라 주민을 위한 평생교육진흥사업을 실시하거나 지원할 수 있다. 이 경우 교육감 또는 지역교육장과 협의하여야 한다.,위임,조례,4,평생교육진흥사업 실시·지원의 구체적 사항을 조례로 정하도록 규율권한을 넘긴다.
P05561,② 지방자치단체의 장은 해당 지방자치단체의 조례로 정하는 바에 따라 주민을 위한 평생교육진흥사업을 실시하거나 지원할 수 있다. 이 경우 교육감 또는 지역교육장과 협의하여야 한다.,위임,조례,4,'조례로 정하는 바에 따라'로 평생교육진흥사업의 실시·지원 사항을 조례에 맡기는 부분 위임이다.
P05562,② 지방자치단체의 장은 해당 지방자치단체의 조례로 정하는 바에 따라 주민을 위한 평생교육진흥사업을 실시하거나 지원할 수 있다. 이 경우 교육감 또는 지역교육장과 협의하여야 한다.,위임,조례,4,평생교육진흥사업 실시·지원의 구체적 사항을 지방자치단체 조례에 정하도록 규율권한을 넘긴다.
P05563,② 지방자치단체의 장은 해당 지방자치단체의 조례로 정하는 바에 따라 주민을 위한 평생교육진흥사업을 실시하거나 지원할 수 있다. 이 경우 교육감 또는 지역교육장과 협의하여야 한다.,위임,조례,4,평생교육진흥사업의 실시·지원에 관한 사항을 조례로 정하도록 규율권한을 넘긴다.
P05564,② 지방자치단체의 장은 해당 지방자치단체의 조례로 정하는 바에 따라 주민을 위한 평생교육진흥사업을 실시하거나 지원할 수 있다. 이 경우 교육감 또는 지역교육장과 협의하여야 한다.,위임,조례,4,사업 실시·지원의 구체적 사항을 지방자치단체 조례로 정하도록 규율권한을 넘긴다.
P05565,② 지방자치단체의 장은 해당 지방자치단체의 조례로 정하는 바에 따라 주민을 위한 평생교육진흥사업을 실시하거나 지원할 수 있다. 이 경우 교육감 또는 지역교육장과 협의하여야 한다.,위임,조례,4,평생교육진흥사업 실시·지원의 구체적 사항을 지방자치단체 조례로 정하도록 규율권한을 넘긴다.
P05566,② 지방자치단체의 장은 해당 지방자치단체의 조례로 정하는 바에 따라 주민을 위한 평생교육진흥사업을 실시하거나 지원할 수 있다. 이 경우 교육감 또는 지역교육장과 협의하여야 한다.,위임,조례,4,평생교육진흥사업 실시·지원의 기준과 방법을 해당 지방자치단체 조례로 정하도록 규율권한을 넘긴다.
P05567,② 지방자치단체의 장은 해당 지방자치단체의 조례로 정하는 바에 따라 주민을 위한 평생교육진흥사업을 실시하거나 지원할 수 있다. 이 경우 교육감 또는 지역교육장과 협의하여야 한다.,위임,조례,4,'조례로 정하는 바에 따라'로 사업 실시·지원의 구체적 사항을 조례에 맡기는 위임이다.
P05568,② 지방자치단체의 장은 해당 지방자치단체의 조례로 정하는 바에 따라 주민을 위한 평생교육진흥사업을 실시하거나 지원할 수 있다. 이 경우 교육감 또는 지역교육장과 협의하여야 한다.,위임,조례,4,'조례로 정하는 바에 따라'는 사업 실시·지원의 구체적 사항을 조례에 맡기는 위임이다.
P05569,② 지방자치단체의 장은 해당 지방자치단체의 조례로 정하는 바에 따라 주민을 위한 평생교육진흥사업을 실시하거나 지원할 수 있다. 이 경우 교육감 또는 지역교육장과 협의하여야 한다.,위임,조례,4,'조례로 정하는 바에 따라'로 평생교육진흥사업 실시·지원 사항의 규율을 조례에 맡기는 부분 위임이다.
P05570,② 지방자치단체의 장은 해당 지방자치단체의 조례로 정하는 바에 따라 주민을 위한 평생교육진흥사업을 실시하거나 지원할 수 있다. 이 경우 교육감 또는 지역교육장과 협의하여야 한다.,위임,조례,4,'조례로 정하는 바에 따라'로 사업 실시·지원의 세부 사항을 조례에 맡기는 위임이다.
P05571,② 지방자치단체의 장은 해당 지방자치단체의 조례로 정하는 바에 따라 주민을 위한 평생교육진흥사업을 실시하거나 지원할 수 있다. 이 경우 교육감 또는 지역교육장과 협의하여야 한다.,위임,조례,4,사업 실시·지원의 구체적 사항을 지방자치단체 조례로 정하도록 규율권한을 넘긴다.
P05572,② 지방자치단체의 장은 해당 지방자치단체의 조례로 정하는 바에 따라 주민을 위한 평생교육진흥사업을 실시하거나 지원할 수 있다. 이 경우 교육감 또는 지역교육장과 협의하여야 한다.,위임,조례,4,평생교육진흥사업 실시·지원의 구체적 사항을 지방자치단체 조례로 정하도록 규율권한을 넘긴다.
P05573,② 지방자치단체의 장은 해당 지방자치단체의 조례로 정하는 바에 따라 주민을 위한 평생교육진흥사업을 실시하거나 지원할 수 있다. 이 경우 교육감 또는 지역교육장과 협의하여야 한다.,위임,조례,4,'조례로 정하는 바에 따라'로 사업 실시·지원의 구체적 사항을 조례에 맡기는 위임이다.
P05574,② 지방자치단체의 장은 해당 지방자치단체의 조례로 정하는 바에 따라 주민을 위한 평생교육진흥사업을 실시하거나 지원할 수 있다. 이 경우 교육감 또는 지역교육장과 협의하여야 한다.,위임,조례,4,평생교육진흥사업 실시·지원의 구체적 사항을 지방자치단체 조례에 맡기는 위임이다.
P05575,② 지방자치단체의 장은 해당 지방자치단체의 조례로 정하는 바에 따라 주민을 위한 평생교육진흥사업을 실시하거나 지원할 수 있다. 이 경우 교육감 또는 지역교육장과 협의하여야 한다.,위임,조례,4,평생교육진흥사업 실시·지원의 구체적 사항을 지방자치단체 조례로 정하도록 규율권한을 넘긴다.
P05576,② 지방자치단체의 장은 해당 지방자치단체의 조례로 정하는 바에 따라 주민을 위한 평생교육진흥사업을 실시하거나 지원할 수 있다. 이 경우 교육감 또는 지역교육장과 협의하여야 한다.,위임,조례,4,'조례로 정하는 바에 따라'로 사업 실시·지원의 구체적 사항을 조례에 맡기는 위임이다.
P05577,② 지방자치단체의 장은 해당 지방자치단체의 조례로 정하는 바에 따라 주민을 위한 평생교육진흥사업을 실시하거나 지원할 수 있다. 이 경우 교육감 또는 지역교육장과 협의하여야 한다.,위임,조례,4,'조례로 정하는 바에 따라'로 사업 실시·지원의 구체적 사항을 조례에 맡기는 위임이다.
P05578,② 지방자치단체의 장은 해당 지방자치단체의 조례로 정하는 바에 따라 주민을 위한 평생교육진흥사업을 실시하거나 지원할 수 있다. 이 경우 교육감 또는 지역교육장과 협의하여야 한다.,위임,조례,4,'조례로 정하는 바에 따라'로 평생교육진흥사업 실시·지원의 구체적 사항을 조례에 맡기는 부분 위임이다.
P05579,② 지방자치단체의 장은 해당 지방자치단체의 조례로 정하는 바에 따라 주민을 위한 평생교육진흥사업을 실시하거나 지원할 수 있다. 이 경우 교육감 또는 지역교육장과 협의하여야 한다.,위임,조례,4,평생교육진흥사업 실시·지원의 구체적 사항을 지방자치단체 조례로 정하도록 규율권한을 넘긴다.
P05580,② 지방자치단체의 장은 해당 지방자치단체의 조례로 정하는 바에 따라 주민을 위한 평생교육진흥사업을 실시하거나 지원할 수 있다. 이 경우 교육감 또는 지역교육장과 협의하여야 한다.,위임,조례,4,평생교육진흥사업 실시·지원의 구체적 사항을 지방자치단체 조례로 정하도록 규율권한을 넘긴다.
P05581,② 지방자치단체의 장은 해당 지방자치단체의 조례로 정하는 바에 따라 주민을 위한 평생교육진흥사업을 실시하거나 지원할 수 있다. 이 경우 교육감 또는 지역교육장과 협의하여야 한다.,위임,조례,4,평생교육진흥사업의 실시·지원 방식을 지방자치단체 조례로 정하도록 규율권한을 넘긴다.
P05582,② 지방자치단체의 장은 해당 지방자치단체의 조례로 정하는 바에 따라 주민을 위한 평생교육진흥사업을 실시하거나 지원할 수 있다. 이 경우 교육감 또는 지역교육장과 협의하여야 한다.,위임,조례,4,'조례로 정하는 바에 따라'로 사업 실시·지원의 구체적 사항을 조례에 맡기는 위임이다.
P05583,② 지방자치단체의 장은 해당 지방자치단체의 조례로 정하는 바에 따라 주민을 위한 평생교육진흥사업을 실시하거나 지원할 수 있다. 이 경우 교육감 또는 지역교육장과 협의하여야 한다.,위임,조례,4,'조례로 정하는 바에 따라'는 사업 실시·지원의 구체적 사항을 조례에 맡기는 위임이다.
P05584,② 지방자치단체의 장은 해당 지방자치단체의 조례로 정하는 바에 따라 주민을 위한 평생교육진흥사업을 실시하거나 지원할 수 있다. 이 경우 교육감 또는 지역교육장과 협의하여야 한다.,위임,조례,4,'조례로 정하는 바에 따라'는 사업 실시·지원의 구체적 사항을 조례에 맡기는 위임이다.
P05585,② 지방자치단체의 장은 해당 지방자치단체의 조례로 정하는 바에 따라 주민을 위한 평생교육진흥사업을 실시하거나 지원할 수 있다. 이 경우 교육감 또는 지역교육장과 협의하여야 한다.,위임,조례,4,'조례로 정하는 바에 따라'로 사업 실시·지원의 구체적 사항을 조례에 넘기는 위임이다.
P05586,② 지방자치단체의 장은 해당 지방자치단체의 조례로 정하는 바에 따라 주민을 위한 평생교육진흥사업을 실시하거나 지원할 수 있다. 이 경우 교육감 또는 지역교육장과 협의하여야 한다.,위임,조례,4,평생교육진흥사업의 실시·지원에 관한 사항을 지방자치단체 조례로 정하도록 규율권한을 넘긴다.
P05587,② 지방자치단체의 장은 해당 지방자치단체의 조례로 정하는 바에 따라 주민을 위한 평생교육진흥사업을 실시하거나 지원할 수 있다. 이 경우 교육감 또는 지역교육장과 협의하여야 한다.,위임,조례,4,평생교육진흥사업 실시·지원의 구체적 사항을 조례로 정하도록 규율권한을 넘긴다.
P05588,② 지방자치단체의 장은 해당 지방자치단체의 조례로 정하는 바에 따라 주민을 위한 평생교육진흥사업을 실시하거나 지원할 수 있다. 이 경우 교육감 또는 지역교육장과 협의하여야 한다.,위임,조례,4,평생교육진흥사업의 실시·지원에 관한 사항을 해당 지방자치단체 조례가 정하도록 규율권한을 넘기고 있다.
P05589,② 지방자치단체의 장은 해당 지방자치단체의 조례로 정하는 바에 따라 주민을 위한 평생교육진흥사업을 실시하거나 지원할 수 있다. 이 경우 교육감 또는 지역교육장과 협의하여야 한다.,위임,조례,4,평생교육진흥사업의 실시·지원에 관한 사항을 지방자치단체 조례로 정하도록 규율권한을 넘긴다.
P05590,② 지방자치단체의 장은 해당 지방자치단체의 조례로 정하는 바에 따라 주민을 위한 평생교육진흥사업을 실시하거나 지원할 수 있다. 이 경우 교육감 또는 지역교육장과 협의하여야 한다.,위임,조례,4,평생교육진흥사업 실시·지원의 방법을 지방자치단체 조례로 정하도록 규율권한을 넘긴다.
P05591,② 지방자치단체의 장은 해당 지방자치단체의 조례로 정하는 바에 따라 주민을 위한 평생교육진흥사업을 실시하거나 지원할 수 있다. 이 경우 교육감 또는 지역교육장과 협의하여야 한다.,위임,조례,4,평생교육진흥사업의 실시·지원에 관한 사항을 지방자치단체 조례로 정하도록 규율권한을 넘긴다.
P05592,② 지방자치단체의 장은 해당 지방자치단체의 조례로 정하는 바에 따라 주민을 위한 평생교육진흥사업을 실시하거나 지원할 수 있다. 이 경우 교육감 또는 지역교육장과 협의하여야 한다.,위임,조례,4,사업 실시·지원의 구체적 사항을 지방자치단체 조례로 정하도록 맡기는 부분 위임이다.
P05593,② 지방자치단체의 장은 해당 지방자치단체의 조례로 정하는 바에 따라 주민을 위한 평생교육진흥사업을 실시하거나 지원할 수 있다. 이 경우 교육감 또는 지역교육장과 협의하여야 한다.,위임,조례,4,'조례로 정하는 바에 따라'로 사업 실시·지원의 구체적 사항을 조례에 맡기는 부분 위임이다.
P05594,② 지방자치단체의 장은 해당 지방자치단체의 조례로 정하는 바에 따라 주민을 위한 평생교육진흥사업을 실시하거나 지원할 수 있다. 이 경우 교육감 또는 지역교육장과 협의하여야 한다.,위임,조례,4,'조례로 정하는 바에 따라'로 사업 실시·지원의 구체적 규율을 조례에 맡기는 위임이다.
P05595,② 지방자치단체의 장은 해당 지방자치단체의 조례로 정하는 바에 따라 주민을 위한 평생교육진흥사업을 실시하거나 지원할 수 있다. 이 경우 교육감 또는 지역교육장과 협의하여야 한다.,위임,조례,4,'조례로 정하는 바에 따라'는 사업 실시·지원의 구체적 사항을 조례에 맡기는 위임이다.
P05596,② 지방자치단체의 장은 해당 지방자치단체의 조례로 정하는 바에 따라 주민을 위한 평생교육진흥사업을 실시하거나 지원할 수 있다. 이 경우 교육감 또는 지역교육장과 협의하여야 한다.,위임,조례,4,평생교육진흥사업의 실시·지원 사항을 지방자치단체 조례로 정하도록 규율권한을 넘긴다.
P05597,② 지방자치단체의 장은 해당 지방자치단체의 조례로 정하는 바에 따라 주민을 위한 평생교육진흥사업을 실시하거나 지원할 수 있다. 이 경우 교육감 또는 지역교육장과 협의하여야 한다.,위임,조례,4,'조례로 정하는 바에 따라'로 사업 실시·지원의 구체적 사항을 조례에 맡기는 위임이다.
P05598,② 지방자치단체의 장은 해당 지방자치단체의 조례로 정하는 바에 따라 주민을 위한 평생교육진흥사업을 실시하거나 지원할 수 있다. 이 경우 교육감 또는 지역교육장과 협의하여야 한다.,위임,조례,4,'조례로 정하는 바에 따라'로 사업 실시·지원의 구체적 사항을 조례에 맡기는 부분 위임이다.
P05599,② 지방자치단체의 장은 해당 지방자치단체의 조례로 정하는 바에 따라 주민을 위한 평생교육진흥사업을 실시하거나 지원할 수 있다. 이 경우 교육감 또는 지역교육장과 협의하여야 한다.,위임,조례,4,평생교육진흥사업 실시·지원의 구체적 사항을 지방자치단체 조례로 정하도록 규율권한을 넘긴다.
P05600,② 지방자치단체의 장은 해당 지방자치단체의 조례로 정하는 바에 따라 주민을 위한 평생교육진흥사업을 실시하거나 지원할 수 있다. 이 경우 교육감 또는 지역교육장과 협의하여야 한다.,위임,조례,4,'조례로 정하는 바에 따라'로 평생교육진흥사업의 실시·지원 사항을 조례에 맡기는 위임이다.
P05601,② 지방자치단체의 장은 해당 지방자치단체의 조례로 정하는 바에 따라 주민을 위한 평생교육진흥사업을 실시하거나 지원할 수 있다. 이 경우 교육감 또는 지역교육장과 협의하여야 한다.,위임,조례,4,'조례로 정하는 바에 따라'로 사업 실시·지원의 구체적 사항을 조례에 맡기는 위임이다.
P05602,② 지방자치단체의 장은 해당 지방자치단체의 조례로 정하는 바에 따라 주민을 위한 평생교육진흥사업을 실시하거나 지원할 수 있다. 이 경우 교육감 또는 지역교육장과 협의하여야 한다.,위임,조례,4,'조례로 정하는 바에 따라'는 사업 실시·지원의 구체적 사항을 조례에 맡기는 위임이다.
P05603,② 지방자치단체의 장은 해당 지방자치단체의 조례로 정하는 바에 따라 주민을 위한 평생교육진흥사업을 실시하거나 지원할 수 있다. 이 경우 교육감 또는 지역교육장과 협의하여야 한다.,위임,조례,4,평생교육진흥사업의 실시·지원 방식을 지방자치단체 조례로 정하도록 규율권한을 넘긴다.
P05604,② 지방자치단체의 장은 해당 지방자치단체의 조례로 정하는 바에 따라 주민을 위한 평생교육진흥사업을 실시하거나 지원할 수 있다. 이 경우 교육감 또는 지역교육장과 협의하여야 한다.,위임,조례,4,'조례로 정하는 바에 따라'로 사업 실시·지원의 구체적 사항을 조례에 맡기는 위임이다.
P05605,② 지방자치단체의 장은 해당 지방자치단체의 조례로 정하는 바에 따라 주민을 위한 평생교육진흥사업을 실시하거나 지원할 수 있다. 이 경우 교육감 또는 지역교육장과 협의하여야 한다.,위임,조례,4,평생교육진흥사업의 실시·지원에 관한 사항을 지방자치단체 조례로 정하도록 규율권한을 넘긴다.
P05606,② 지방자치단체의 장은 해당 지방자치단체의 조례로 정하는 바에 따라 주민을 위한 평생교육진흥사업을 실시하거나 지원할 수 있다. 이 경우 교육감 또는 지역교육장과 협의하여야 한다.,위임,조례,4,'조례로 정하는 바에 따라'로 사업 실시·지원의 구체적 사항을 조례에 넘기는 위임이다.
P05607,② 지방자치단체의 장은 해당 지방자치단체의 조례로 정하는 바에 따라 주민을 위한 평생교육진흥사업을 실시하거나 지원할 수 있다. 이 경우 교육감 또는 지역교육장과 협의하여야 한다.,위임,조례,4,'조례로 정하는 바에 따라'는 사업 실시·지원의 구체적 사항을 조례에 맡기는 위임이다.
P05608,② 지방자치단체의 장은 해당 지방자치단체의 조례로 정하는 바에 따라 주민을 위한 평생교육진흥사업을 실시하거나 지원할 수 있다. 이 경우 교육감 또는 지역교육장과 협의하여야 한다.,위임,조례,4,평생교육진흥사업 실시·지원의 구체적 사항을 지방자치단체 조례로 정하도록 규율권한을 넘긴다.
P05609,② 지방자치단체의 장은 해당 지방자치단체의 조례로 정하는 바에 따라 주민을 위한 평생교육진흥사업을 실시하거나 지원할 수 있다. 이 경우 교육감 또는 지역교육장과 협의하여야 한다.,위임,조례,4,평생교육진흥사업 실시·지원의 구체적 사항을 지방자치단체 조례에 맡기는 위임이다.
P05610,② 지방자치단체의 장은 해당 지방자치단체의 조례로 정하는 바에 따라 주민을 위한 평생교육진흥사업을 실시하거나 지원할 수 있다. 이 경우 교육감 또는 지역교육장과 협의하여야 한다.,위임,조례,4,평생교육진흥사업의 실시·지원 방식을 지방자치단체 조례가 정하도록 규율권한을 넘긴다.
P05611,② 지방자치단체의 장은 해당 지방자치단체의 조례로 정하는 바에 따라 주민을 위한 평생교육진흥사업을 실시하거나 지원할 수 있다. 이 경우 교육감 또는 지역교육장과 협의하여야 한다.,위임,조례,4,'조례로 정하는 바에 따라'로 평생교육진흥사업 실시·지원의 구체적 사항을 조례에 맡기는 위임이다.
P05612,② 지방자치단체의 장은 해당 지방자치단체의 조례로 정하는 바에 따라 주민을 위한 평생교육진흥사업을 실시하거나 지원할 수 있다. 이 경우 교육감 또는 지역교육장과 협의하여야 한다.,위임,조례,4,'조례로 정하는 바에 따라'로 사업 실시·지원의 구체적 사항을 조례에 맡기는 부분 위임이다.
P05613,② 지방자치단체의 장은 해당 지방자치단체의 조례로 정하는 바에 따라 주민을 위한 평생교육진흥사업을 실시하거나 지원할 수 있다. 이 경우 교육감 또는 지역교육장과 협의하여야 한다.,위임,조례,4,'조례로 정하는 바에 따라'로 사업 실시·지원의 구체적 규율을 조례에 넘긴다.
P05614,② 지방자치단체의 장은 해당 지방자치단체의 조례로 정하는 바에 따라 주민을 위한 평생교육진흥사업을 실시하거나 지원할 수 있다. 이 경우 교육감 또는 지역교육장과 협의하여야 한다.,위임,조례,4,평생교육진흥사업의 실시·지원 방식을 지방자치단체 조례로 정하도록 규율권한을 넘긴다.
P05615,② 지방자치단체의 장은 해당 지방자치단체의 조례로 정하는 바에 따라 주민을 위한 평생교육진흥사업을 실시하거나 지원할 수 있다. 이 경우 교육감 또는 지역교육장과 협의하여야 한다.,위임,조례,4,'조례로 정하는 바에 따라'라는 현재형 표지로 평생교육진흥사업의 실시·지원 사항을 조례에 맡기는 위임이다.
P05616,② 지방자치단체의 장은 해당 지방자치단체의 조례로 정하는 바에 따라 주민을 위한 평생교육진흥사업을 실시하거나 지원할 수 있다. 이 경우 교육감 또는 지역교육장과 협의하여야 한다.,위임,조례,4,'조례로 정하는 바에 따라'로 사업 실시·지원의 구체적 사항을 조례에 맡기는 위임이다.
P05617,② 지방자치단체의 장은 해당 지방자치단체의 조례로 정하는 바에 따라 주민을 위한 평생교육진흥사업을 실시하거나 지원할 수 있다. 이 경우 교육감 또는 지역교육장과 협의하여야 한다.,위임,조례,4,평생교육진흥사업 실시·지원의 구체적 사항을 조례로 정하도록 규율권한을 넘긴다.
P05618,② 지방자치단체의 장은 해당 지방자치단체의 조례로 정하는 바에 따라 주민을 위한 평생교육진흥사업을 실시하거나 지원할 수 있다. 이 경우 교육감 또는 지역교육장과 협의하여야 한다.,위임,조례,4,평생교육진흥사업 실시·지원의 구체적 사항을 지방자치단체 조례로 정하도록 규율권한을 넘긴다.
P05619,② 지방자치단체의 장은 해당 지방자치단체의 조례로 정하는 바에 따라 주민을 위한 평생교육진흥사업을 실시하거나 지원할 수 있다. 이 경우 교육감 또는 지역교육장과 협의하여야 한다.,위임,조례,4,'조례로 정하는 바에 따라'로 사업 실시·지원의 구체적 사항을 조례에 넘기는 부분 위임이다.
P05620,② 지방자치단체의 장은 해당 지방자치단체의 조례로 정하는 바에 따라 주민을 위한 평생교육진흥사업을 실시하거나 지원할 수 있다. 이 경우 교육감 또는 지역교육장과 협의하여야 한다.,위임,조례,4,평생교육진흥사업의 실시·지원 방식을 지방자치단체 조례로 정하도록 규율권한을 넘긴다.
P05621,② 지방자치단체의 장은 해당 지방자치단체의 조례로 정하는 바에 따라 주민을 위한 평생교육진흥사업을 실시하거나 지원할 수 있다. 이 경우 교육감 또는 지역교육장과 협의하여야 한다.,위임,조례,4,'조례로 정하는 바에 따라'로 사업 실시·지원의 구체적 사항을 조례에 넘기는 위임이다.
P05622,② 지방자치단체의 장은 해당 지방자치단체의 조례로 정하는 바에 따라 주민을 위한 평생교육진흥사업을 실시하거나 지원할 수 있다. 이 경우 교육감 또는 지역교육장과 협의하여야 한다.,위임,조례,4,사업 실시·지원의 구체적 사항을 지방자치단체 조례로 정하도록 규율권한을 넘긴다.
P05623,② 지방자치단체의 장은 해당 지방자치단체의 조례로 정하는 바에 따라 주민을 위한 평생교육진흥사업을 실시하거나 지원할 수 있다. 이 경우 교육감 또는 지역교육장과 협의하여야 한다.,위임,조례,4,평생교육진흥사업 실시·지원의 구체적 사항을 지방자치단체 조례에 맡기는 위임이다.
P05624,② 지방자치단체의 장은 해당 지방자치단체의 조례로 정하는 바에 따라 주민을 위한 평생교육진흥사업을 실시하거나 지원할 수 있다. 이 경우 교육감 또는 지역교육장과 협의하여야 한다.,위임,조례,4,'조례로 정하는 바에 따라'로 사업 실시·지원의 세부사항 규율권한을 조례에 넘긴다.
P05625,② 지방자치단체의 장은 해당 지방자치단체의 조례로 정하는 바에 따라 주민을 위한 평생교육진흥사업을 실시하거나 지원할 수 있다. 이 경우 교육감 또는 지역교육장과 협의하여야 한다.,위임,조례,4,평생교육진흥사업 실시·지원의 구체적 사항을 지방자치단체 조례로 정하도록 규율권한을 넘긴다.
P05626,② 지방자치단체의 장은 해당 지방자치단체의 조례로 정하는 바에 따라 주민을 위한 평생교육진흥사업을 실시하거나 지원할 수 있다. 이 경우 교육감 또는 지역교육장과 협의하여야 한다.,위임,조례,4,평생교육진흥사업의 실시·지원 방식을 지방자치단체 조례로 정하도록 규율권한을 넘긴다.
P05627,② 지방자치단체의 장은 해당 지방자치단체의 조례로 정하는 바에 따라 주민을 위한 평생교육진흥사업을 실시하거나 지원할 수 있다. 이 경우 교육감 또는 지역교육장과 협의하여야 한다.,위임,조례,4,'조례로 정하는 바에 따라'로 사업 실시·지원의 구체적 사항을 조례에 맡기는 위임이다.
P05628,② 지방자치단체의 장은 해당 지방자치단체의 조례로 정하는 바에 따라 주민을 위한 평생교육진흥사업을 실시하거나 지원할 수 있다. 이 경우 교육감 또는 지역교육장과 협의하여야 한다.,위임,조례,4,'조례로 정하는 바에 따라'로 사업 실시·지원의 구체적 사항을 조례에 맡기는 위임이다.
P05629,② 지방자치단체의 장은 해당 지방자치단체의 조례로 정하는 바에 따라 주민을 위한 평생교육진흥사업을 실시하거나 지원할 수 있다. 이 경우 교육감 또는 지역교육장과 협의하여야 한다.,위임,조례,4,'조례로 정하는 바에 따라'로 사업 실시·지원의 구체적 사항을 조례에 맡기는 위임이다.
P05630,② 지방자치단체의 장은 해당 지방자치단체의 조례로 정하는 바에 따라 주민을 위한 평생교육진흥사업을 실시하거나 지원할 수 있다. 이 경우 교육감 또는 지역교육장과 협의하여야 한다.,위임,조례,4,'조례로 정하는 바에 따라'로 사업 실시·지원의 구체적 사항을 조례에 맡기는 위임이다.
P05631,② 지방자치단체의 장은 해당 지방자치단체의 조례로 정하는 바에 따라 주민을 위한 평생교육진흥사업을 실시하거나 지원할 수 있다. 이 경우 교육감 또는 지역교육장과 협의하여야 한다.,위임,조례,4,'조례로 정하는 바에 따라'로 사업 실시·지원의 구체적 규율을 조례에 맡기는 부분 위임이다.
P05632,② 지방자치단체의 장은 해당 지방자치단체의 조례로 정하는 바에 따라 주민을 위한 평생교육진흥사업을 실시하거나 지원할 수 있다. 이 경우 교육감 또는 지역교육장과 협의하여야 한다.,위임,조례,4,'조례로 정하는 바에 따라'로 사업 실시·지원의 구체적 사항을 조례에 맡기는 위임이다.
P05633,② 지방자치단체의 장은 해당 지방자치단체의 조례로 정하는 바에 따라 주민을 위한 평생교육진흥사업을 실시하거나 지원할 수 있다. 이 경우 교육감 또는 지역교육장과 협의하여야 한다.,위임,조례,4,'조례로 정하는 바에 따라'로 사업 실시·지원의 구체적 사항을 조례에 맡기는 위임이다.
P05634,② 지방자치단체의 장은 해당 지방자치단체의 조례로 정하는 바에 따라 주민을 위한 평생교육진흥사업을 실시하거나 지원할 수 있다. 이 경우 교육감 또는 지역교육장과 협의하여야 한다.,위임,조례,4,'조례로 정하는 바에 따라'로 사업 실시·지원의 구체적 사항을 조례에 맡기는 위임이다.
P05635,② 지방자치단체의 장은 해당 지방자치단체의 조례로 정하는 바에 따라 주민을 위한 평생교육진흥사업을 실시하거나 지원할 수 있다. 이 경우 교육감 또는 지역교육장과 협의하여야 한다.,위임,조례,4,평생교육진흥사업의 실시·지원 방식을 지방자치단체 조례로 정하도록 규율권한을 넘긴다.
P05636,② 지방자치단체의 장은 해당 지방자치단체의 조례로 정하는 바에 따라 주민을 위한 평생교육진흥사업을 실시하거나 지원할 수 있다. 이 경우 교육감 또는 지역교육장과 협의하여야 한다.,위임,조례,4,평생교육진흥사업의 실시·지원에 관한 사항을 지방자치단체 조례로 정하도록 규율권한을 넘긴 부분 위임이다.
P05637,② 지방자치단체의 장은 해당 지방자치단체의 조례로 정하는 바에 따라 주민을 위한 평생교육진흥사업을 실시하거나 지원할 수 있다. 이 경우 교육감 또는 지역교육장과 협의하여야 한다.,위임,조례,4,'조례로 정하는 바에 따라'로 사업 실시·지원의 구체적 사항을 조례에 맡기는 위임이다.
P05638,② 지방자치단체의 장은 해당 지방자치단체의 조례로 정하는 바에 따라 주민을 위한 평생교육진흥사업을 실시하거나 지원할 수 있다. 이 경우 교육감 또는 지역교육장과 협의하여야 한다.,위임,조례,4,'해당 지방자치단체의 조례로 정하는 바에 따라'로 사업 실시·지원의 구체적 사항을 조례에 맡기는 위임이다.
P05639,② 지방자치단체의 장은 해당 지방자치단체의 조례로 정하는 바에 따라 주민을 위한 평생교육진흥사업을 실시하거나 지원할 수 있다. 이 경우 교육감 또는 지역교육장과 협의하여야 한다.,위임,조례,4,'조례로 정하는 바에 따라'로 사업 실시·지원의 구체적 사항을 조례에 맡기는 위임이다.
P05640,② 지방자치단체의 장은 해당 지방자치단체의 조례로 정하는 바에 따라 주민을 위한 평생교육진흥사업을 실시하거나 지원할 수 있다. 이 경우 교육감 또는 지역교육장과 협의하여야 한다.,위임,조례,4,'조례로 정하는 바에 따라'로 사업 실시·지원의 구체적 사항을 조례에 맡기는 위임이다.
P05641,② 지방자치단체의 장은 해당 지방자치단체의 조례로 정하는 바에 따라 주민을 위한 평생교육진흥사업을 실시하거나 지원할 수 있다. 이 경우 교육감 또는 지역교육장과 협의하여야 한다.,위임,조례,4,'조례로 정하는 바에 따라'로 사업 실시·지원의 구체적 사항을 조례에 맡기는 위임이다.
P05642,② 지방자치단체의 장은 해당 지방자치단체의 조례로 정하는 바에 따라 주민을 위한 평생교육진흥사업을 실시하거나 지원할 수 있다. 이 경우 교육감 또는 지역교육장과 협의하여야 한다.,위임,조례,4,'조례로 정하는 바에 따라'는 사업 실시·지원의 구체적 사항을 조례에 맡기는 위임이다.
P05643,② 지방자치단체의 장은 해당 지방자치단체의 조례로 정하는 바에 따라 주민을 위한 평생교육진흥사업을 실시하거나 지원할 수 있다. 이 경우 교육감 또는 지역교육장과 협의하여야 한다.,위임,조례,4,'조례로 정하는 바에 따라'로 평생교육진흥사업 실시·지원의 구체적 사항을 조례에 맡기는 위임이다.
P05644,② 지방자치단체의 장은 해당 지방자치단체의 조례로 정하는 바에 따라 주민을 위한 평생교육진흥사업을 실시하거나 지원할 수 있다. 이 경우 교육감 또는 지역교육장과 협의하여야 한다.,위임,조례,4,'조례로 정하는 바에 따라'로 사업 실시·지원의 구체적 사항을 조례에 넘기는 위임이다.
P05645,② 지방자치단체의 장은 해당 지방자치단체의 조례로 정하는 바에 따라 주민을 위한 평생교육진흥사업을 실시하거나 지원할 수 있다. 이 경우 교육감 또는 지역교육장과 협의하여야 한다.,위임,조례,4,'조례로 정하는 바에 따라'로 사업 실시·지원의 구체적 사항을 조례에 맡기는 부분 위임이다.
P05646,② 지방자치단체의 장은 해당 지방자치단체의 조례로 정하는 바에 따라 주민을 위한 평생교육진흥사업을 실시하거나 지원할 수 있다. 이 경우 교육감 또는 지역교육장과 협의하여야 한다.,위임,조례,4,'조례로 정하는 바에 따라'로 사업 실시·지원의 구체적 사항을 지방자치단체 조례에 맡기는 위임이다.
P05647,② 지방자치단체의 장은 해당 지방자치단체의 조례로 정하는 바에 따라 주민을 위한 평생교육진흥사업을 실시하거나 지원할 수 있다. 이 경우 교육감 또는 지역교육장과 협의하여야 한다.,위임,조례,4,'조례로 정하는 바에 따라' 형태로 사업 실시·지원의 구체적 사항을 조례에 넘기는 위임이다.
P05648,② 지방자치단체의 장은 해당 지방자치단체의 조례로 정하는 바에 따라 주민을 위한 평생교육진흥사업을 실시하거나 지원할 수 있다. 이 경우 교육감 또는 지역교육장과 협의하여야 한다.,위임,조례,4,'조례로 정하는 바에 따라'로 사업 실시·지원의 구체적 사항을 조례에 맡기는 위임이다.
P05649,② 지방자치단체의 장은 해당 지방자치단체의 조례로 정하는 바에 따라 주민을 위한 평생교육진흥사업을 실시하거나 지원할 수 있다. 이 경우 교육감 또는 지역교육장과 협의하여야 한다.,위임,조례,4,'해당 지방자치단체의 조례로 정하는 바에 따라'로 사업 실시·지원의 구체적 사항을 조례에 맡기는 위임이다.
P05650,② 지방자치단체의 장은 해당 지방자치단체의 조례로 정하는 바에 따라 주민을 위한 평생교육진흥사업을 실시하거나 지원할 수 있다. 이 경우 교육감 또는 지역교육장과 협의하여야 한다.,위임,조례,4,'조례로 정하는 바에 따라'로 사업 실시·지원의 구체적 사항을 조례에 맡기는 위임이다.
P05651,② 지방자치단체의 장은 해당 지방자치단체의 조례로 정하는 바에 따라 주민을 위한 평생교육진흥사업을 실시하거나 지원할 수 있다. 이 경우 교육감 또는 지역교육장과 협의하여야 한다.,위임,조례,4,'조례로 정하는 바에 따라'로 사업 실시·지원의 구체적 사항을 조례에 맡기는 부분 위임이다.
P05652,② 지방자치단체의 장은 해당 지방자치단체의 조례로 정하는 바에 따라 주민을 위한 평생교육진흥사업을 실시하거나 지원할 수 있다. 이 경우 교육감 또는 지역교육장과 협의하여야 한다.,위임,조례,4,평생교육진흥사업 실시·지원의 구체적 사항을 지방자치단체 조례에 맡기는 위임이다.
P05653,② 지방자치단체의 장은 해당 지방자치단체의 조례로 정하는 바에 따라 주민을 위한 평생교육진흥사업을 실시하거나 지원할 수 있다. 이 경우 교육감 또는 지역교육장과 협의하여야 한다.,위임,조례,4,평생교육진흥사업 실시·지원의 구체적 사항을 지방자치단체 조례가 정하도록 규율권한을 넘긴다.
P05654,② 지방자치단체의 장은 해당 지방자치단체의 조례로 정하는 바에 따라 주민을 위한 평생교육진흥사업을 실시하거나 지원할 수 있다. 이 경우 교육감 또는 지역교육장과 협의하여야 한다.,위임,조례,4,평생교육진흥사업의 실시·지원 방식을 지방자치단체 조례로 정하도록 규율권한을 넘긴다.
P05655,② 지방자치단체의 장은 해당 지방자치단체의 조례로 정하는 바에 따라 주민을 위한 평생교육진흥사업을 실시하거나 지원할 수 있다. 이 경우 교육감 또는 지역교육장과 협의하여야 한다.,위임,조례,4,'조례로 정하는 바에 따라'로 사업 실시·지원의 구체적 사항을 조례에 넘기는 위임이다.
P05656,② 지방자치단체의 장은 해당 지방자치단체의 조례로 정하는 바에 따라 주민을 위한 평생교육진흥사업을 실시하거나 지원할 수 있다. 이 경우 교육감 또는 지역교육장과 협의하여야 한다.,위임,조례,4,평생교육진흥사업 실시·지원의 구체적 사항을 지방자치단체 조례가 정하도록 규율권한을 넘긴다.
P05657,대통령령으로 신청자의,판단불가,대통령령,3,문장이 중간에서 잘려 위임 종결 여부를 확인할 수 없으나 '대통령령'이라는 법형식만 표시되어 있다.
P05658,대통령령으로 정하는,판단불가,대통령령,2,문장이 '대통령령으로 정하는'에서 잘려 있어 위임 대상과 종결 구조를 확인할 수 없다.
P05659,대통령령으로 정하는 바에 따라 전담기관을,판단불가,대통령령,3,문장이 중간에서 잘려 있어 위임 종결 여부를 확정할 수 없으나 표지어구로 대통령령이 명시되어 있다.
P05660,대통령령으로 정한다,위임,대통령령,4,문말 '대통령령으로 정한다'로 규율권한을 대통령령에 넘기는 위임이다.
P05661,대통령령으로 정한다,위임,대통령령,4,문말 종결형 '대통령령으로 정한다'로 대통령령에 규율권한을 넘기는 위임이다.
P05662,환수 등에 필요한 사항은 대통령령으로,위임,대통령령,4,문장이 일부 잘렸으나 환수 등에 필요한 사항을 대통령령에 맡기는 위임 문언이 명확하다.
P05663,대통령령으로 정하는 바에 따라 국가평생교육통계센터를,위임,대통령령,3,문장이 중간에 끊겼으나 '대통령령으로 정하는 바에 따라'로 통계센터 관련 사항의 규율권한을 대통령령에 넘기는 위임 문언이다.
P05664,평생교육종합정보시스템의 구축·운영에 필요한 사항은 대통령령으로,위임,대통령령,4,문미가 다소 잘렸으나 종합정보시스템 구축·운영에 필요한 사항을 대통령령에 넘기는 위임 문언이다.
P05665,필요한 사항은 대통령령으로,위임,대통령령,3,문장이 잘렸으나 '필요한 사항은 대통령령으로'라는 전형적 위임 문구로 대통령령에 규율권한을 넘기는 취지가 명백하다.
P05666,교육부령으로 정하는 인권교육을,위임,부령,3,문장이 일부 잘렸으나 '교육부령으로 정하는 인권교육'이라는 부분위임 표지가 명확하다.
P05667,필요한 사항은 대통령령으로,위임,대통령령,3,문장이 일부 잘렸으나 '필요한 사항은 대통령령으로'는 대통령령에 규율권한을 넘기는 전형적 위임 문구이다.
P05668,대통령령으로 정하는,판단불가,대통령령,2,문장이 '대통령령으로 정하는'에서 잘려 규율권한 이전 여부를 판정할 수 없으나 문언상 지정된 법형식은 대통령령이다.
P05669,대통령령으로 정한다,위임,대통령령,4,문말 종결형 '대통령령으로 정한다'로 대통령령에 규율권한을 넘기는 위임이다.
P05670,대통령령으로 정하는,판단불가,대통령령,3,문장이 '대통령령으로 정하는'에서 잘려 있어 무엇을 위임하는지 확정할 수 없다.
P05671,대통령령으로 정하는,판단불가,해당없음,3,문장이 '대통령령으로 정하는'에서 잘려 있어 규율 대상과 종결 형태를 확인할 수 없다.
P05672,대통령령으로 정하는,판단불가,대통령령,3,'대통령령으로 정하는'만 남아 문장이 잘려 무엇을 위임하는지 확인할 수 없다.
P05673,④ 제1항 및 제2항에 따른 평생학습관의 설치·운영 등에 필요한 사항은 해당 지방자치단체의 조례로 정한다.,위임,조례,5,평생학습관 설치·운영에 필요한 사항을 지방자치단체 조례에 규율권한을 넘기는 위임이다.
P05674,④ 제1항 및 제2항에 따른 평생학습관의 설치·운영 등에 필요한 사항은 해당 지방자치단체의 조례로 정한다.,위임,조례,5,평생학습관 설치·운영에 필요한 사항의 규율권한을 해당 지방자치단체 조례에 넘긴다.
P05675,④ 제1항 및 제2항에 따른 평생학습관의 설치·운영 등에 필요한 사항은 해당 지방자치단체의 조례로 정한다.,위임,조례,5,평생학습관 설치·운영에 필요한 사항을 지방자치단체 조례에 정하도록 규율권한을 넘긴다.
P05676,④ 제1항 및 제2항에 따른 평생학습관의 설치·운영 등에 필요한 사항은 해당 지방자치단체의 조례로 정한다.,위임,조례,5,평생학습관 설치·운영에 필요한 사항의 규율권한을 지방자치단체 조례에 넘긴다.
P05677,④ 제1항 및 제2항에 따른 평생학습관의 설치·운영 등에 필요한 사항은 해당 지방자치단체의 조례로 정한다.,위임,조례,5,평생학습관 설치·운영에 필요한 사항의 규율권한을 지방자치단체 조례에 넘기는 위임 규정이다.
P05678,④ 제1항 및 제2항에 따른 평생학습관의 설치·운영 등에 필요한 사항은 해당 지방자치단체의 조례로 정한다.,위임,조례,5,평생학습관 설치·운영에 필요한 사항을 지방자치단체 조례에 위임한다.
P05679,④ 제1항 및 제2항에 따른 평생학습관의 설치·운영 등에 필요한 사항은 해당 지방자치단체의 조례로 정한다.,위임,조례,5,평생학습관 설치·운영에 필요한 사항의 규율권한을 지방자치단체 조례에 넘긴다.
P05680,④ 제1항 및 제2항에 따른 평생학습관의 설치·운영 등에 필요한 사항은 해당 지방자치단체의 조례로 정한다.,위임,조례,5,평생학습관 설치·운영에 필요한 사항의 규율권한을 지방자치단체 조례에 넘긴다.
P05681,④ 제1항 및 제2항에 따른 평생학습관의 설치·운영 등에 필요한 사항은 해당 지방자치단체의 조례로 정한다.,위임,조례,5,필요한 사항을 지방자치단체 조례로 정하도록 규율권한을 넘기는 위임 규정이다.
P05682,④ 제1항 및 제2항에 따른 평생학습관의 설치·운영 등에 필요한 사항은 해당 지방자치단체의 조례로 정한다.,위임,조례,5,평생학습관 설치·운영에 필요한 사항의 규율권한을 지방자치단체 조례에 넘긴다.
P05683,④ 제1항 및 제2항에 따른 평생학습관의 설치·운영 등에 필요한 사항은 해당 지방자치단체의 조례로 정한다.,위임,조례,5,평생학습관 설치·운영에 필요한 사항을 지방자치단체 조례에 위임한다.
P05684,④ 제1항 및 제2항에 따른 평생학습관의 설치·운영 등에 필요한 사항은 해당 지방자치단체의 조례로 정한다.,위임,조례,5,평생학습관 설치·운영에 필요한 사항을 지방자치단체 조례에 위임한다.
P05685,④ 제1항 및 제2항에 따른 평생학습관의 설치·운영 등에 필요한 사항은 해당 지방자치단체의 조례로 정한다.,위임,조례,5,평생학습관 설치·운영에 필요한 사항을 지방자치단체 조례에 규율권한을 넘긴다.
P05686,④ 제1항 및 제2항에 따른 평생학습관의 설치·운영 등에 필요한 사항은 해당 지방자치단체의 조례로 정한다.,위임,조례,5,평생학습관 설치·운영에 필요한 사항의 규율권한을 지방자치단체 조례에 넘긴다.
P05687,④ 제1항 및 제2항에 따른 평생학습관의 설치·운영 등에 필요한 사항은 해당 지방자치단체의 조례로 정한다.,위임,조례,5,필요한 사항의 규율권한을 지방자치단체 조례에 넘기는 위임 규정이다.
P05688,④ 제1항 및 제2항에 따른 평생학습관의 설치·운영 등에 필요한 사항은 해당 지방자치단체의 조례로 정한다.,위임,조례,5,평생학습관 설치·운영에 필요한 사항을 지방자치단체 조례로 정하도록 규율권한을 넘긴다.
P05689,④ 제1항 및 제2항에 따른 평생학습관의 설치·운영 등에 필요한 사항은 해당 지방자치단체의 조례로 정한다.,위임,조례,5,평생학습관 설치·운영에 필요한 사항을 지방자치단체 조례로 정하도록 규율권한을 넘긴다.
P05690,④ 제1항 및 제2항에 따른 평생학습관의 설치·운영 등에 필요한 사항은 해당 지방자치단체의 조례로 정한다.,위임,조례,5,평생학습관 설치·운영에 필요한 사항을 지방자치단체 조례에 위임하는 종결형 문장이다.
P05691,④ 제1항 및 제2항에 따른 평생학습관의 설치·운영 등에 필요한 사항은 해당 지방자치단체의 조례로 정한다.,위임,조례,5,평생학습관 설치·운영에 필요한 사항을 지방자치단체 조례로 정하도록 규율권한을 넘긴다.
P05692,④ 제1항 및 제2항에 따른 평생학습관의 설치·운영 등에 필요한 사항은 해당 지방자치단체의 조례로 정한다.,위임,조례,5,평생학습관 설치·운영에 필요한 사항의 규율권한을 지방자치단체 조례에 넘긴다.
P05693,④ 제1항 및 제2항에 따른 평생학습관의 설치·운영 등에 필요한 사항은 해당 지방자치단체의 조례로 정한다.,위임,조례,5,필요한 사항을 지방자치단체 조례로 정하도록 규율권한을 넘긴다.
P05694,④ 제1항 및 제2항에 따른 평생학습관의 설치·운영 등에 필요한 사항은 해당 지방자치단체의 조례로 정한다.,위임,조례,5,평생학습관 설치·운영에 필요한 사항의 규율권한을 지방자치단체 조례에 넘긴다.
P05695,④ 제1항 및 제2항에 따른 평생학습관의 설치·운영 등에 필요한 사항은 해당 지방자치단체의 조례로 정한다.,위임,조례,5,필요한 사항을 해당 지방자치단체 조례에 정하도록 규율권한을 넘긴다.
P05696,④ 제1항 및 제2항에 따른 평생학습관의 설치·운영 등에 필요한 사항은 해당 지방자치단체의 조례로 정한다.,위임,조례,5,필요한 사항을 해당 지방자치단체의 조례로 정하도록 규율권한을 넘긴다.
P05697,④ 제1항 및 제2항에 따른 평생학습관의 설치·운영 등에 필요한 사항은 해당 지방자치단체의 조례로 정한다.,위임,조례,5,평생학습관 설치·운영에 필요한 사항의 규율권한을 지방자치단체 조례에 넘긴다.
P05698,④ 제1항 및 제2항에 따른 평생학습관의 설치·운영 등에 필요한 사항은 해당 지방자치단체의 조례로 정한다.,위임,조례,5,평생학습관 설치·운영에 필요한 사항을 지방자치단체 조례로 정하도록 규율권한을 넘긴다.
P05699,④ 제1항 및 제2항에 따른 평생학습관의 설치·운영 등에 필요한 사항은 해당 지방자치단체의 조례로 정한다.,위임,조례,5,평생학습관 설치·운영에 필요한 사항의 규율권한을 지방자치단체 조례에 넘긴다.
P05700,④ 제1항 및 제2항에 따른 평생학습관의 설치·운영 등에 필요한 사항은 해당 지방자치단체의 조례로 정한다.,위임,조례,5,평생학습관 설치·운영에 필요한 사항의 규율권한을 지방자치단체 조례에 넘긴다.
P05701,④ 제1항 및 제2항에 따른 평생학습관의 설치·운영 등에 필요한 사항은 해당 지방자치단체의 조례로 정한다.,위임,조례,5,평생학습관 설치·운영에 필요한 사항을 지방자치단체 조례에 규율권한으로 넘긴다.
P05702,④ 제1항 및 제2항에 따른 평생학습관의 설치·운영 등에 필요한 사항은 해당 지방자치단체의 조례로 정한다.,위임,조례,5,평생학습관 설치·운영에 필요한 사항의 규율권한을 지방자치단체 조례에 넘긴다.
P05703,④ 제1항 및 제2항에 따른 평생학습관의 설치·운영 등에 필요한 사항은 해당 지방자치단체의 조례로 정한다.,위임,조례,5,평생학습관 설치·운영에 필요한 사항을 지방자치단체 조례로 정하도록 규율권한을 넘긴다.
P05704,④ 제1항 및 제2항에 따른 평생학습관의 설치·운영 등에 필요한 사항은 해당 지방자치단체의 조례로 정한다.,위임,조례,5,평생학습관 설치·운영에 필요한 사항의 규율권한을 지방자치단체 조례에 넘긴다.
P05705,④ 제1항 및 제2항에 따른 평생학습관의 설치·운영 등에 필요한 사항은 해당 지방자치단체의 조례로 정한다.,위임,조례,5,필요한 사항을 지방자치단체 조례로 정하도록 규율권한을 넘긴다.
P05706,④ 제1항 및 제2항에 따른 평생학습관의 설치·운영 등에 필요한 사항은 해당 지방자치단체의 조례로 정한다.,위임,조례,5,평생학습관 설치·운영에 필요한 사항의 규율권한을 지방자치단체 조례에 넘긴다.
P05707,④ 제1항 및 제2항에 따른 평생학습관의 설치·운영 등에 필요한 사항은 해당 지방자치단체의 조례로 정한다.,위임,조례,5,평생학습관 설치·운영에 필요한 사항의 규율권한을 지방자치단체 조례에 넘긴다.
P05708,④ 제1항 및 제2항에 따른 평생학습관의 설치·운영 등에 필요한 사항은 해당 지방자치단체의 조례로 정한다.,위임,조례,5,평생학습관 설치·운영에 필요한 사항을 지방자치단체 조례에 위임한다.
P05709,④ 제1항 및 제2항에 따른 평생학습관의 설치·운영 등에 필요한 사항은 해당 지방자치단체의 조례로 정한다.,위임,조례,5,평생학습관 설치·운영에 필요한 사항을 지방자치단체 조례에 위임한다.
P05710,④ 제1항 및 제2항에 따른 평생학습관의 설치·운영 등에 필요한 사항은 해당 지방자치단체의 조례로 정한다.,위임,조례,5,평생학습관 설치·운영에 필요한 사항의 규율권한을 지방자치단체 조례에 넘긴다.
P05711,④ 제1항 및 제2항에 따른 평생학습관의 설치·운영 등에 필요한 사항은 해당 지방자치단체의 조례로 정한다.,위임,조례,5,평생학습관 설치·운영에 필요한 사항의 규율권한을 지방자치단체 조례에 넘긴다.
P05712,④ 제1항 및 제2항에 따른 평생학습관의 설치·운영 등에 필요한 사항은 해당 지방자치단체의 조례로 정한다.,위임,조례,5,평생학습관 설치·운영에 필요한 사항의 규율권한을 지방자치단체 조례에 넘기는 위임이다.
P05713,④ 제1항 및 제2항에 따른 평생학습관의 설치·운영 등에 필요한 사항은 해당 지방자치단체의 조례로 정한다.,위임,조례,5,평생학습관 설치·운영에 필요한 사항의 규율권한을 지방자치단체 조례에 넘긴다.
P05714,④ 제1항 및 제2항에 따른 평생학습관의 설치·운영 등에 필요한 사항은 해당 지방자치단체의 조례로 정한다.,위임,조례,5,평생학습관 설치·운영에 필요한 사항을 지방자치단체 조례로 정하도록 규율권한을 넘긴다.
P05715,④ 제1항 및 제2항에 따른 평생학습관의 설치·운영 등에 필요한 사항은 해당 지방자치단체의 조례로 정한다.,위임,조례,5,평생학습관 설치·운영에 필요한 사항의 규율권한을 지방자치단체 조례에 넘긴다.
P05716,④ 제1항 및 제2항에 따른 평생학습관의 설치·운영 등에 필요한 사항은 해당 지방자치단체의 조례로 정한다.,위임,조례,5,평생학습관 설치·운영에 필요한 사항을 지방자치단체 조례에 위임한다.
P05717,④ 제1항 및 제2항에 따른 평생학습관의 설치·운영 등에 필요한 사항은 해당 지방자치단체의 조례로 정한다.,위임,조례,5,평생학습관 설치·운영에 필요한 사항을 지방자치단체 조례로 정하도록 규율권한을 넘긴다.
P05718,④ 제1항 및 제2항에 따른 평생학습관의 설치·운영 등에 필요한 사항은 해당 지방자치단체의 조례로 정한다.,위임,조례,5,평생학습관 설치·운영에 필요한 사항을 지방자치단체 조례에 규율권한을 넘긴다.
P05719,④ 제1항 및 제2항에 따른 평생학습관의 설치·운영 등에 필요한 사항은 해당 지방자치단체의 조례로 정한다.,위임,조례,5,평생학습관 설치·운영에 필요한 사항을 지방자치단체 조례에 위임한다.
P05720,④ 제1항 및 제2항에 따른 평생학습관의 설치·운영 등에 필요한 사항은 해당 지방자치단체의 조례로 정한다.,위임,조례,5,평생학습관 설치·운영에 필요한 사항을 지방자치단체 조례로 정하도록 규율권한을 넘긴다.
P05721,④ 제1항 및 제2항에 따른 평생학습관의 설치·운영 등에 필요한 사항은 해당 지방자치단체의 조례로 정한다.,위임,조례,5,평생학습관 설치·운영에 필요한 사항의 규율권한을 지방자치단체 조례에 넘긴다.
P05722,④ 제1항 및 제2항에 따른 평생학습관의 설치·운영 등에 필요한 사항은 해당 지방자치단체의 조례로 정한다.,위임,조례,5,평생학습관 설치·운영에 필요한 사항의 규율권한을 지방자치단체 조례에 넘긴다.
P05723,④ 제1항 및 제2항에 따른 평생학습관의 설치·운영 등에 필요한 사항은 해당 지방자치단체의 조례로 정한다.,위임,조례,5,필요한 사항을 해당 지방자치단체 조례로 정하도록 규율권한을 넘긴다.
P05724,④ 제1항 및 제2항에 따른 평생학습관의 설치·운영 등에 필요한 사항은 해당 지방자치단체의 조례로 정한다.,위임,조례,5,평생학습관 설치·운영에 필요한 사항을 지방자치단체 조례에 위임한다.
P05725,④ 제1항 및 제2항에 따른 평생학습관의 설치·운영 등에 필요한 사항은 해당 지방자치단체의 조례로 정한다.,위임,조례,5,평생학습관 설치·운영에 필요한 사항을 지방자치단체 조례로 정하도록 규율권한을 넘긴다.
P05726,④ 제1항 및 제2항에 따른 평생학습관의 설치·운영 등에 필요한 사항은 해당 지방자치단체의 조례로 정한다.,위임,조례,5,평생학습관 설치·운영에 필요한 사항을 지방자치단체 조례로 정하도록 규율권한을 넘긴다.
P05727,④ 제1항 및 제2항에 따른 평생학습관의 설치·운영 등에 필요한 사항은 해당 지방자치단체의 조례로 정한다.,위임,조례,5,필요한 사항을 지방자치단체 조례로 정하도록 규율권한을 넘긴다.
P05728,④ 제1항 및 제2항에 따른 평생학습관의 설치·운영 등에 필요한 사항은 해당 지방자치단체의 조례로 정한다.,위임,조례,5,필요한 사항을 지방자치단체 조례로 정하도록 규율권한을 넘긴다.
P05729,④ 제1항 및 제2항에 따른 평생학습관의 설치·운영 등에 필요한 사항은 해당 지방자치단체의 조례로 정한다.,위임,조례,5,평생학습관 설치·운영에 필요한 사항을 해당 지방자치단체 조례에 위임한다.
P05730,④ 제1항 및 제2항에 따른 평생학습관의 설치·운영 등에 필요한 사항은 해당 지방자치단체의 조례로 정한다.,위임,조례,5,평생학습관 설치·운영에 필요한 사항의 규율권한을 지방자치단체 조례에 넘기는 위임 규정이다.
P05731,④ 제1항 및 제2항에 따른 평생학습관의 설치·운영 등에 필요한 사항은 해당 지방자치단체의 조례로 정한다.,위임,조례,5,평생학습관 설치·운영에 필요한 사항의 규율권한을 지방자치단체 조례에 넘긴다.
P05732,④ 제1항 및 제2항에 따른 평생학습관의 설치·운영 등에 필요한 사항은 해당 지방자치단체의 조례로 정한다.,위임,조례,5,평생학습관 설치·운영에 필요한 사항을 지방자치단체 조례로 정하도록 규율권한을 넘긴다.
P05733,④ 제1항 및 제2항에 따른 평생학습관의 설치·운영 등에 필요한 사항은 해당 지방자치단체의 조례로 정한다.,위임,조례,5,평생학습관 설치·운영에 필요한 사항의 규율권한을 지방자치단체 조례에 넘긴다.
P05734,④ 제1항 및 제2항에 따른 평생학습관의 설치·운영 등에 필요한 사항은 해당 지방자치단체의 조례로 정한다.,위임,조례,5,평생학습관 설치·운영에 필요한 사항을 지방자치단체 조례에 위임하는 종결형 문장이다.
P05735,④ 제1항 및 제2항에 따른 평생학습관의 설치·운영 등에 필요한 사항은 해당 지방자치단체의 조례로 정한다.,위임,조례,5,평생학습관 설치·운영에 필요한 사항을 지방자치단체 조례로 정하도록 규율권한을 넘긴다.
P05736,④ 제1항 및 제2항에 따른 평생학습관의 설치·운영 등에 필요한 사항은 해당 지방자치단체의 조례로 정한다.,위임,조례,5,평생학습관 설치·운영에 필요한 사항의 규율권한을 지방자치단체 조례에 넘긴다.
P05737,④ 제1항 및 제2항에 따른 평생학습관의 설치·운영 등에 필요한 사항은 해당 지방자치단체의 조례로 정한다.,위임,조례,5,평생학습관 설치·운영에 필요한 사항의 규율권한을 지방자치단체 조례에 넘기는 위임 규정이다.
P05738,④ 제1항 및 제2항에 따른 평생학습관의 설치·운영 등에 필요한 사항은 해당 지방자치단체의 조례로 정한다.,위임,조례,5,평생학습관 설치·운영에 필요한 사항의 규율권한을 지방자치단체 조례에 넘긴다.
P05739,④ 제1항 및 제2항에 따른 평생학습관의 설치·운영 등에 필요한 사항은 해당 지방자치단체의 조례로 정한다.,위임,조례,5,평생학습관 설치·운영에 필요한 사항을 지방자치단체 조례에 규율권한으로 넘긴다.
P05740,④ 제1항 및 제2항에 따른 평생학습관의 설치·운영 등에 필요한 사항은 해당 지방자치단체의 조례로 정한다.,위임,조례,5,평생학습관 설치·운영에 필요한 사항의 규율권한을 지방자치단체 조례에 넘긴다.
P05741,④ 제1항 및 제2항에 따른 평생학습관의 설치·운영 등에 필요한 사항은 해당 지방자치단체의 조례로 정한다.,위임,조례,5,평생학습관 설치·운영에 필요한 사항의 규율권한을 지방자치단체 조례에 넘긴다.
P05742,④ 제1항 및 제2항에 따른 평생학습관의 설치·운영 등에 필요한 사항은 해당 지방자치단체의 조례로 정한다.,위임,조례,5,평생학습관 설치·운영에 필요한 사항의 규율권한을 지방자치단체 조례에 넘긴다.
P05743,④ 제1항 및 제2항에 따른 평생학습관의 설치·운영 등에 필요한 사항은 해당 지방자치단체의 조례로 정한다.,위임,조례,5,평생학습관 설치·운영에 필요한 사항의 규율권한을 지방자치단체 조례에 넘긴다.
P05744,④ 제1항 및 제2항에 따른 평생학습관의 설치·운영 등에 필요한 사항은 해당 지방자치단체의 조례로 정한다.,위임,조례,5,평생학습관 설치·운영에 필요한 사항의 규율권한을 지방자치단체 조례에 넘긴다.
P05745,④ 제1항 및 제2항에 따른 평생학습관의 설치·운영 등에 필요한 사항은 해당 지방자치단체의 조례로 정한다.,위임,조례,5,평생학습관 설치·운영에 필요한 사항을 지방자치단체 조례에 규율권한을 넘기는 위임 규정이다.
P05746,④ 제1항 및 제2항에 따른 평생학습관의 설치·운영 등에 필요한 사항은 해당 지방자치단체의 조례로 정한다.,위임,조례,5,평생학습관 설치·운영에 필요한 사항을 지방자치단체 조례로 정하도록 규율권한을 넘긴다.
P05747,④ 제1항 및 제2항에 따른 평생학습관의 설치·운영 등에 필요한 사항은 해당 지방자치단체의 조례로 정한다.,위임,조례,5,평생학습관 설치·운영에 필요한 사항을 지방자치단체 조례에 규율권한을 넘긴다.
P05748,④ 제1항 및 제2항에 따른 평생학습관의 설치·운영 등에 필요한 사항은 해당 지방자치단체의 조례로 정한다.,위임,조례,5,평생학습관 설치·운영에 필요한 사항의 규율권한을 지방자치단체 조례에 넘긴다.
P05749,④ 제1항 및 제2항에 따른 평생학습관의 설치·운영 등에 필요한 사항은 해당 지방자치단체의 조례로 정한다.,위임,조례,5,평생학습관 설치·운영에 필요한 사항의 규율권한을 지방자치단체 조례에 넘긴다.
P05750,④ 제1항 및 제2항에 따른 평생학습관의 설치·운영 등에 필요한 사항은 해당 지방자치단체의 조례로 정한다.,위임,조례,5,평생학습관 설치·운영에 필요한 사항을 지방자치단체 조례에 위임한다.
P05751,④ 제1항 및 제2항에 따른 평생학습관의 설치·운영 등에 필요한 사항은 해당 지방자치단체의 조례로 정한다.,위임,조례,5,평생학습관 설치·운영에 필요한 사항의 규율권한을 지방자치단체 조례에 넘긴다.
P05752,④ 제1항 및 제2항에 따른 평생학습관의 설치·운영 등에 필요한 사항은 해당 지방자치단체의 조례로 정한다.,위임,조례,5,평생학습관 설치·운영에 필요한 사항의 규율권한을 지방자치단체 조례에 넘긴다.
P05753,④ 제1항 및 제2항에 따른 평생학습관의 설치·운영 등에 필요한 사항은 해당 지방자치단체의 조례로 정한다.,위임,조례,5,평생학습관 설치·운영에 필요한 사항을 지방자치단체 조례에 규율권한을 넘긴다.
P05754,④ 제1항 및 제2항에 따른 평생학습관의 설치·운영 등에 필요한 사항은 해당 지방자치단체의 조례로 정한다.,위임,조례,5,평생학습관 설치·운영에 필요한 사항의 규율권한을 지방자치단체 조례에 넘긴다.
P05755,④ 제1항 및 제2항에 따른 평생학습관의 설치·운영 등에 필요한 사항은 해당 지방자치단체의 조례로 정한다.,위임,조례,5,평생학습관 설치·운영에 필요한 사항의 규율권한을 지방자치단체 조례에 넘기는 문말 위임이다.
P05756,④ 제1항 및 제2항에 따른 평생학습관의 설치·운영 등에 필요한 사항은 해당 지방자치단체의 조례로 정한다.,위임,조례,5,평생학습관 설치·운영에 필요한 사항의 규율권한을 지방자치단체 조례에 넘긴다.
P05757,④ 제1항 및 제2항에 따른 평생학습관의 설치·운영 등에 필요한 사항은 해당 지방자치단체의 조례로 정한다.,위임,조례,5,필요한 사항을 해당 지방자치단체 조례로 정하도록 규율권한을 넘긴다.
P05758,④ 제1항 및 제2항에 따른 평생학습관의 설치·운영 등에 필요한 사항은 해당 지방자치단체의 조례로 정한다.,위임,조례,5,평생학습관 설치·운영에 필요한 사항의 규율권한을 지방자치단체 조례에 넘긴다.
P05759,④ 제1항 및 제2항에 따른 평생학습관의 설치·운영 등에 필요한 사항은 해당 지방자치단체의 조례로 정한다.,위임,조례,5,평생학습관 설치·운영에 필요한 사항을 지방자치단체 조례에 위임하는 종결 문언이다.
P05760,④ 제1항 및 제2항에 따른 평생학습관의 설치·운영 등에 필요한 사항은 해당 지방자치단체의 조례로 정한다.,위임,조례,5,평생학습관 설치·운영에 필요한 사항의 규율권한을 지방자치단체 조례에 넘긴다.
P05761,④ 제1항 및 제2항에 따른 평생학습관의 설치·운영 등에 필요한 사항은 해당 지방자치단체의 조례로 정한다.,위임,조례,5,평생학습관 설치·운영에 필요한 사항을 지방자치단체 조례로 정하도록 규율권한을 넘긴다.
P05762,④ 제1항 및 제2항에 따른 평생학습관의 설치·운영 등에 필요한 사항은 해당 지방자치단체의 조례로 정한다.,위임,조례,5,평생학습관 설치·운영에 필요한 사항을 지방자치단체 조례에 넘기는 위임 규정이다.
P05763,④ 제1항 및 제2항에 따른 평생학습관의 설치·운영 등에 필요한 사항은 해당 지방자치단체의 조례로 정한다.,위임,조례,5,평생학습관 설치·운영에 필요한 사항을 지방자치단체 조례에 정하도록 규율권한을 넘긴다.
P05764,④ 제1항 및 제2항에 따른 평생학습관의 설치·운영 등에 필요한 사항은 해당 지방자치단체의 조례로 정한다.,위임,조례,5,문말 종결형으로 지방자치단체 조례에 규율권한을 넘긴다.
P05765,④ 제1항 및 제2항에 따른 평생학습관의 설치·운영 등에 필요한 사항은 해당 지방자치단체의 조례로 정한다.,위임,조례,5,문말 종결형으로 지방자치단체 조례에 규율권한을 넘긴다.
P05766,④ 제1항 및 제2항에 따른 평생학습관의 설치·운영 등에 필요한 사항은 해당 지방자치단체의 조례로 정한다.,위임,조례,5,평생학습관 설치·운영에 필요한 사항을 지방자치단체 조례에 위임하는 종결형 문장이다.
P05767,④ 제1항 및 제2항에 따른 평생학습관의 설치·운영 등에 필요한 사항은 해당 지방자치단체의 조례로 정한다.,위임,조례,5,평생학습관 설치·운영에 필요한 사항을 지방자치단체 조례로 정하도록 규율권한을 넘긴다.
P05768,④ 제1항 및 제2항에 따른 평생학습관의 설치·운영 등에 필요한 사항은 해당 지방자치단체의 조례로 정한다.,위임,조례,5,평생학습관 설치·운영에 필요한 사항을 지방자치단체 조례에 위임한다.
P05769,④ 제1항 및 제2항에 따른 평생학습관의 설치·운영 등에 필요한 사항은 해당 지방자치단체의 조례로 정한다.,위임,조례,5,평생학습관 설치·운영에 필요한 사항을 지방자치단체 조례에 위임한다.
P05770,④ 제1항 및 제2항에 따른 평생학습관의 설치·운영 등에 필요한 사항은 해당 지방자치단체의 조례로 정한다.,위임,조례,5,평생학습관 설치·운영에 필요한 사항을 해당 지방자치단체 조례에 위임한다.
P05771,④ 제1항 및 제2항에 따른 평생학습관의 설치·운영 등에 필요한 사항은 해당 지방자치단체의 조례로 정한다.,위임,조례,5,평생학습관 설치·운영에 필요한 사항을 지방자치단체 조례로 정하도록 규율권한을 넘긴다.
P05772,④ 제1항 및 제2항에 따른 평생학습관의 설치·운영 등에 필요한 사항은 해당 지방자치단체의 조례로 정한다.,위임,조례,5,평생학습관 설치·운영에 필요한 사항의 규율권한을 지방자치단체 조례에 넘긴다.
P05773,④ 제1항 및 제2항에 따른 평생학습관의 설치·운영 등에 필요한 사항은 해당 지방자치단체의 조례로 정한다.,위임,조례,5,평생학습관 설치·운영에 필요한 사항을 지방자치단체 조례에 위임한다.
P05774,④ 제1항 및 제2항에 따른 평생학습관의 설치·운영 등에 필요한 사항은 해당 지방자치단체의 조례로 정한다.,위임,조례,5,필요한 사항을 해당 지방자치단체의 조례로 정하도록 규율권한을 넘긴다.
P05775,④ 제1항 및 제2항에 따른 평생학습관의 설치·운영 등에 필요한 사항은 해당 지방자치단체의 조례로 정한다.,위임,조례,5,평생학습관 설치·운영에 필요한 사항의 규율권한을 지방자치단체 조례에 넘긴다.
P05776,④ 제1항 및 제2항에 따른 평생학습관의 설치·운영 등에 필요한 사항은 해당 지방자치단체의 조례로 정한다.,위임,조례,5,평생학습관 설치·운영에 필요한 사항의 규율권한을 지방자치단체 조례에 넘긴다.
P05777,④ 제1항 및 제2항에 따른 평생학습관의 설치·운영 등에 필요한 사항은 해당 지방자치단체의 조례로 정한다.,위임,조례,5,필요한 사항을 지방자치단체 조례로 정하도록 규율권한을 넘긴다.
P05778,④ 제1항 및 제2항에 따른 평생학습관의 설치·운영 등에 필요한 사항은 해당 지방자치단체의 조례로 정한다.,위임,조례,5,평생학습관 설치·운영에 필요한 사항의 규율권한을 지방자치단체 조례에 넘긴다.
P05779,④ 제1항 및 제2항에 따른 평생학습관의 설치·운영 등에 필요한 사항은 해당 지방자치단체의 조례로 정한다.,위임,조례,5,평생학습관 설치·운영에 필요한 사항의 규율권한을 지방자치단체 조례에 넘긴다.
P05780,④ 제1항 및 제2항에 따른 평생학습관의 설치·운영 등에 필요한 사항은 해당 지방자치단체의 조례로 정한다.,위임,조례,5,평생학습관 설치·운영에 필요한 사항의 규율권한을 지방자치단체 조례에 넘긴다.
P05781,④ 제1항 및 제2항에 따른 평생학습관의 설치·운영 등에 필요한 사항은 해당 지방자치단체의 조례로 정한다.,위임,조례,5,필요한 사항을 지방자치단체 조례로 정하도록 규율권한을 넘긴다.
P05782,④ 제1항 및 제2항에 따른 평생학습관의 설치·운영 등에 필요한 사항은 해당 지방자치단체의 조례로 정한다.,위임,조례,5,평생학습관 설치·운영에 필요한 사항을 지방자치단체 조례로 정하도록 규율권한을 넘긴다.
P05783,④ 제1항 및 제2항에 따른 평생학습관의 설치·운영 등에 필요한 사항은 해당 지방자치단체의 조례로 정한다.,위임,조례,5,평생학습관 설치·운영에 필요한 사항의 규율권한을 지방자치단체 조례에 넘긴다.
P05784,④ 제1항 및 제2항에 따른 평생학습관의 설치·운영 등에 필요한 사항은 해당 지방자치단체의 조례로 정한다.,위임,조례,5,평생학습관 설치·운영에 필요한 사항을 지방자치단체 조례로 정하도록 규율권한을 넘긴다.
P05785,④ 제1항 및 제2항에 따른 평생학습관의 설치·운영 등에 필요한 사항은 해당 지방자치단체의 조례로 정한다.,위임,조례,5,평생학습관 설치·운영에 필요한 사항을 지방자치단체 조례에 위임한다.
P05786,④ 제1항 및 제2항에 따른 평생학습관의 설치·운영 등에 필요한 사항은 해당 지방자치단체의 조례로 정한다.,위임,조례,5,평생학습관 설치·운영에 필요한 사항의 규율권한을 지방자치단체 조례에 넘긴다.
P05787,④ 제1항 및 제2항에 따른 평생학습관의 설치·운영 등에 필요한 사항은 해당 지방자치단체의 조례로 정한다.,위임,조례,5,평생학습관 설치·운영에 필요한 사항을 지방자치단체 조례로 정하도록 규율권한을 넘긴다.
P05788,④ 제1항 및 제2항에 따른 평생학습관의 설치·운영 등에 필요한 사항은 해당 지방자치단체의 조례로 정한다.,위임,조례,5,평생학습관 설치·운영에 필요한 사항을 지방자치단체 조례에 규율권한을 넘긴다.
P05789,④ 제1항 및 제2항에 따른 평생학습관의 설치·운영 등에 필요한 사항은 해당 지방자치단체의 조례로 정한다.,위임,조례,5,필요한 사항을 지방자치단체 조례로 정하도록 규율권한을 넘긴다.
P05790,④ 제1항 및 제2항에 따른 평생학습관의 설치·운영 등에 필요한 사항은 해당 지방자치단체의 조례로 정한다.,위임,조례,5,평생학습관 설치·운영에 필요한 사항의 규율권한을 지방자치단체 조례에 넘긴다.
P05791,④ 제1항 및 제2항에 따른 평생학습관의 설치·운영 등에 필요한 사항은 해당 지방자치단체의 조례로 정한다.,위임,조례,5,평생학습관 설치·운영에 필요한 사항의 규율권한을 지방자치단체 조례에 넘긴다.
P05792,④ 제1항 및 제2항에 따른 평생학습관의 설치·운영 등에 필요한 사항은 해당 지방자치단체의 조례로 정한다.,위임,조례,5,평생학습관 설치·운영에 필요한 사항의 규율권한을 지방자치단체 조례에 넘긴다.
P05793,④ 제1항 및 제2항에 따른 평생학습관의 설치·운영 등에 필요한 사항은 해당 지방자치단체의 조례로 정한다.,위임,조례,5,평생학습관 설치·운영에 필요한 사항의 규율권한을 지방자치단체 조례에 넘긴다.
P05794,④ 제1항 및 제2항에 따른 평생학습관의 설치·운영 등에 필요한 사항은 해당 지방자치단체의 조례로 정한다.,위임,조례,5,필요한 사항을 지방자치단체 조례로 정하도록 규율권한을 넘긴다.
P05795,④ 제1항 및 제2항에 따른 평생학습관의 설치·운영 등에 필요한 사항은 해당 지방자치단체의 조례로 정한다.,위임,조례,5,평생학습관 설치·운영에 필요한 사항의 규율권한을 지방자치단체 조례에 넘긴다.
P05796,④ 제1항 및 제2항에 따른 평생학습관의 설치·운영 등에 필요한 사항은 해당 지방자치단체의 조례로 정한다.,위임,조례,5,문말 종결형으로 지방자치단체 조례에 규율권한을 넘긴다.
P05797,④ 제1항 및 제2항에 따른 평생학습관의 설치·운영 등에 필요한 사항은 해당 지방자치단체의 조례로 정한다.,위임,조례,5,평생학습관 설치·운영에 필요한 사항의 규율권한을 지방자치단체 조례에 넘긴다.
P05798,④ 제1항 및 제2항에 따른 평생학습관의 설치·운영 등에 필요한 사항은 해당 지방자치단체의 조례로 정한다.,위임,조례,5,평생학습관 설치·운영에 필요한 사항을 지방자치단체 조례에 위임한다.
P05799,④ 제1항 및 제2항에 따른 평생학습관의 설치·운영 등에 필요한 사항은 해당 지방자치단체의 조례로 정한다.,위임,조례,5,평생학습관 설치·운영에 필요한 사항의 규율권한을 지방자치단체 조례에 넘긴다.
P05800,④ 제1항 및 제2항에 따른 평생학습관의 설치·운영 등에 필요한 사항은 해당 지방자치단체의 조례로 정한다.,위임,조례,5,평생학습관 설치·운영에 필요한 사항을 지방자치단체 조례에 규율권한을 넘긴다.
P05801,④ 제1항 및 제2항에 따른 평생학습관의 설치·운영 등에 필요한 사항은 해당 지방자치단체의 조례로 정한다.,위임,조례,5,평생학습관 설치·운영에 필요한 사항을 지방자치단체 조례로 정하도록 규율권한을 넘긴다.
P05802,④ 제1항 및 제2항에 따른 평생학습관의 설치·운영 등에 필요한 사항은 해당 지방자치단체의 조례로 정한다.,위임,조례,5,평생학습관 설치·운영에 필요한 사항을 해당 지방자치단체 조례에 위임한다.
P05803,④ 제1항 및 제2항에 따른 평생학습관의 설치·운영 등에 필요한 사항은 해당 지방자치단체의 조례로 정한다.,위임,조례,5,평생학습관 설치·운영에 필요한 사항을 지방자치단체 조례로 정하도록 규율권한을 넘긴다.
P05804,④ 제1항 및 제2항에 따른 평생학습관의 설치·운영 등에 필요한 사항은 해당 지방자치단체의 조례로 정한다.,위임,조례,5,평생학습관 설치·운영에 필요한 사항을 지방자치단체 조례에 위임한다.
P05805,④ 제1항 및 제2항에 따른 평생학습관의 설치·운영 등에 필요한 사항은 해당 지방자치단체의 조례로 정한다.,위임,조례,5,평생학습관 설치·운영에 필요한 사항을 지방자치단체 조례로 정하도록 규율권한을 넘긴다.
P05806,④ 제1항 및 제2항에 따른 평생학습관의 설치·운영 등에 필요한 사항은 해당 지방자치단체의 조례로 정한다.,위임,조례,5,평생학습관 설치·운영에 필요한 사항을 지방자치단체 조례에 위임한다.
P05807,④ 제1항 및 제2항에 따른 평생학습관의 설치·운영 등에 필요한 사항은 해당 지방자치단체의 조례로 정한다.,위임,조례,5,평생학습관 설치·운영에 필요한 사항의 규율권한을 지방자치단체 조례에 넘긴다.
P05808,④ 제1항 및 제2항에 따른 평생학습관의 설치·운영 등에 필요한 사항은 해당 지방자치단체의 조례로 정한다.,위임,조례,5,평생학습관 설치·운영에 필요한 사항을 지방자치단체 조례로 정하도록 규율권한을 넘긴다.
P05809,④ 제1항 및 제2항에 따른 평생학습관의 설치·운영 등에 필요한 사항은 해당 지방자치단체의 조례로 정한다.,위임,조례,5,평생학습관 설치·운영에 필요한 사항의 규율권한을 지방자치단체 조례에 넘긴다.
P05810,④ 제1항 및 제2항에 따른 평생학습관의 설치·운영 등에 필요한 사항은 해당 지방자치단체의 조례로 정한다.,위임,조례,5,필요한 사항의 규율권한을 지방자치단체 조례에 넘기는 위임 규정이다.
P05811,④ 제1항 및 제2항에 따른 평생학습관의 설치·운영 등에 필요한 사항은 해당 지방자치단체의 조례로 정한다.,위임,조례,5,평생학습관 설치·운영에 필요한 사항의 규율권한을 지방자치단체 조례에 넘긴다.
P05812,④ 제1항 및 제2항에 따른 평생학습관의 설치·운영 등에 필요한 사항은 해당 지방자치단체의 조례로 정한다.,위임,조례,5,필요한 사항의 규율권한을 지방자치단체 조례에 넘기는 위임 규정이다.
P05813,④ 제1항 및 제2항에 따른 평생학습관의 설치·운영 등에 필요한 사항은 해당 지방자치단체의 조례로 정한다.,위임,조례,5,평생학습관 설치·운영에 필요한 사항의 규율권한을 지방자치단체 조례에 넘긴다.
P05814,④ 제1항 및 제2항에 따른 평생학습관의 설치·운영 등에 필요한 사항은 해당 지방자치단체의 조례로 정한다.,위임,조례,5,평생학습관 설치·운영에 필요한 사항을 지방자치단체 조례로 정하도록 규율권한을 넘긴다.
P05815,④ 제1항 및 제2항에 따른 평생학습관의 설치·운영 등에 필요한 사항은 해당 지방자치단체의 조례로 정한다.,위임,조례,5,평생학습관 설치·운영에 필요한 사항을 지방자치단체 조례로 정하도록 규율권한을 넘긴다.
P05816,④ 제1항 및 제2항에 따른 평생학습관의 설치·운영 등에 필요한 사항은 해당 지방자치단체의 조례로 정한다.,위임,조례,5,평생학습관 설치·운영에 필요한 사항의 규율권한을 지방자치단체 조례에 넘긴다.
P05817,④ 제1항 및 제2항에 따른 평생학습관의 설치·운영 등에 필요한 사항은 해당 지방자치단체의 조례로 정한다.,위임,조례,5,평생학습관 설치·운영에 필요한 사항의 규율권한을 해당 지방자치단체 조례에 넘긴다.
P05818,④ 제1항 및 제2항에 따른 평생학습관의 설치·운영 등에 필요한 사항은 해당 지방자치단체의 조례로 정한다.,위임,조례,5,평생학습관 설치·운영에 필요한 사항을 해당 지방자치단체 조례에 위임한다.
P05819,④ 제1항 및 제2항에 따른 평생학습관의 설치·운영 등에 필요한 사항은 해당 지방자치단체의 조례로 정한다.,위임,조례,5,평생학습관 설치·운영에 필요한 사항을 지방자치단체 조례에 정하도록 규율권한을 넘긴다.
P05820,④ 제1항 및 제2항에 따른 평생학습관의 설치·운영 등에 필요한 사항은 해당 지방자치단체의 조례로 정한다.,위임,조례,5,평생학습관 설치·운영에 필요한 사항의 규율권한을 지방자치단체 조례에 넘긴다.
P05821,④ 제1항 및 제2항에 따른 평생학습관의 설치·운영 등에 필요한 사항은 해당 지방자치단체의 조례로 정한다.,위임,조례,5,평생학습관 설치·운영에 필요한 사항의 규율권한을 지방자치단체 조례에 넘긴다.
P05822,④ 제1항 및 제2항에 따른 평생학습관의 설치·운영 등에 필요한 사항은 해당 지방자치단체의 조례로 정한다.,위임,조례,5,평생학습관 설치·운영에 필요한 사항을 지방자치단체 조례로 정하도록 규율권한을 넘긴다.
P05823,④ 제1항 및 제2항에 따른 평생학습관의 설치·운영 등에 필요한 사항은 해당 지방자치단체의 조례로 정한다.,위임,조례,5,평생학습관 설치·운영에 필요한 사항을 지방자치단체 조례로 정하도록 규율권한을 넘긴다.
P05824,④ 제1항 및 제2항에 따른 평생학습관의 설치·운영 등에 필요한 사항은 해당 지방자치단체의 조례로 정한다.,위임,조례,5,필요한 사항을 지방자치단체 조례로 정하도록 규율권한을 넘기는 위임 규정이다.
P05825,④ 제1항 및 제2항에 따른 평생학습관의 설치·운영 등에 필요한 사항은 해당 지방자치단체의 조례로 정한다.,위임,조례,5,평생학습관 설치·운영에 필요한 사항의 규율권한을 지방자치단체 조례에 넘긴다.
P05826,④ 제1항 및 제2항에 따른 평생학습관의 설치·운영 등에 필요한 사항은 해당 지방자치단체의 조례로 정한다.,위임,조례,5,평생학습관 설치·운영에 필요한 사항의 규율권한을 지방자치단체 조례에 넘긴다.
P05827,④ 제1항 및 제2항에 따른 평생학습관의 설치·운영 등에 필요한 사항은 해당 지방자치단체의 조례로 정한다.,위임,조례,5,평생학습관 설치·운영에 필요한 사항을 지방자치단체 조례로 정하도록 규율권한을 넘긴다.
P05828,④ 제1항 및 제2항에 따른 평생학습관의 설치·운영 등에 필요한 사항은 해당 지방자치단체의 조례로 정한다.,위임,조례,5,평생학습관 설치·운영에 필요한 사항의 규율권한을 지방자치단체 조례에 넘긴다.
P05829,④ 제1항 및 제2항에 따른 평생학습관의 설치·운영 등에 필요한 사항은 해당 지방자치단체의 조례로 정한다.,위임,조례,5,평생학습관 설치·운영에 필요한 사항의 규율권한을 지방자치단체 조례에 넘긴다.
P05830,④ 제1항 및 제2항에 따른 평생학습관의 설치·운영 등에 필요한 사항은 해당 지방자치단체의 조례로 정한다.,위임,조례,5,평생학습관 설치·운영에 필요한 사항을 지방자치단체 조례에 위임하는 종결형 문장이다.
P05831,④ 제1항 및 제2항에 따른 평생학습관의 설치·운영 등에 필요한 사항은 해당 지방자치단체의 조례로 정한다.,위임,조례,5,평생학습관 설치·운영에 필요한 사항의 규율권한을 지방자치단체 조례에 넘긴다.
P05832,④ 제1항 및 제2항에 따른 평생학습관의 설치·운영 등에 필요한 사항은 해당 지방자치단체의 조례로 정한다.,위임,조례,5,평생학습관 설치·운영에 필요한 사항을 지방자치단체 조례에 위임한다.
P05833,④ 제1항 및 제2항에 따른 평생학습관의 설치·운영 등에 필요한 사항은 해당 지방자치단체의 조례로 정한다.,위임,조례,5,평생학습관 설치·운영에 필요한 사항의 규율권한을 지방자치단체 조례에 넘긴다.
P05834,④ 제1항 및 제2항에 따른 평생학습관의 설치·운영 등에 필요한 사항은 해당 지방자치단체의 조례로 정한다.,위임,조례,5,평생학습관 설치·운영에 필요한 사항을 지방자치단체 조례에 위임한다.
P05835,④ 제1항 및 제2항에 따른 평생학습관의 설치·운영 등에 필요한 사항은 해당 지방자치단체의 조례로 정한다.,위임,조례,5,평생학습관 설치·운영에 필요한 사항의 규율권한을 지방자치단체 조례에 넘긴다.
P05836,④ 제1항 및 제2항에 따른 평생학습관의 설치·운영 등에 필요한 사항은 해당 지방자치단체의 조례로 정한다.,위임,조례,5,평생학습관 설치·운영에 필요한 사항을 지방자치단체 조례에 규율권한으로 넘긴다.
P05837,④ 제1항 및 제2항에 따른 평생학습관의 설치·운영 등에 필요한 사항은 해당 지방자치단체의 조례로 정한다.,위임,조례,5,평생학습관 설치·운영에 필요한 사항의 규율권한을 지방자치단체 조례에 넘긴다.
P05838,④ 제1항 및 제2항에 따른 평생학습관의 설치·운영 등에 필요한 사항은 해당 지방자치단체의 조례로 정한다.,위임,조례,5,평생학습관 설치·운영에 필요한 사항의 규율권한을 지방자치단체 조례에 넘긴다.
P05839,④ 제1항 및 제2항에 따른 평생학습관의 설치·운영 등에 필요한 사항은 해당 지방자치단체의 조례로 정한다.,위임,조례,5,평생학습관 설치·운영에 필요한 사항의 규율권한을 지방자치단체 조례에 넘긴다.
P05840,④ 제1항 및 제2항에 따른 평생학습관의 설치·운영 등에 필요한 사항은 해당 지방자치단체의 조례로 정한다.,위임,조례,5,평생학습관 설치·운영에 필요한 사항의 규율권한을 지방자치단체 조례로 넘긴다.
P05841,④ 제1항 및 제2항에 따른 평생학습관의 설치·운영 등에 필요한 사항은 해당 지방자치단체의 조례로 정한다.,위임,조례,5,필요한 사항을 지방자치단체 조례로 정하도록 규율권한을 넘기는 위임 규정이다.
P05842,④ 제1항 및 제2항에 따른 평생학습관의 설치·운영 등에 필요한 사항은 해당 지방자치단체의 조례로 정한다.,위임,조례,5,평생학습관 설치·운영에 필요한 사항을 지방자치단체 조례에 위임한다.
P05843,④ 제1항 및 제2항에 따른 평생학습관의 설치·운영 등에 필요한 사항은 해당 지방자치단체의 조례로 정한다.,위임,조례,5,평생학습관 설치·운영에 필요한 사항의 규율권한을 지방자치단체 조례에 넘긴다.
P05844,④ 제1항 및 제2항에 따른 평생학습관의 설치·운영 등에 필요한 사항은 해당 지방자치단체의 조례로 정한다.,위임,조례,5,문말 종결형으로 지방자치단체 조례에 규율권한을 넘긴다.
P05845,④ 제1항 및 제2항에 따른 평생학습관의 설치·운영 등에 필요한 사항은 해당 지방자치단체의 조례로 정한다.,위임,조례,5,평생학습관 설치·운영에 필요한 사항의 규율권한을 지방자치단체 조례에 넘긴다.
P05846,④ 제1항 및 제2항에 따른 평생학습관의 설치·운영 등에 필요한 사항은 해당 지방자치단체의 조례로 정한다.,위임,조례,5,평생학습관 설치·운영에 필요한 사항의 규율권한을 지방자치단체 조례에 넘긴다.
P05847,④ 제1항 및 제2항에 따른 평생학습관의 설치·운영 등에 필요한 사항은 해당 지방자치단체의 조례로 정한다.,위임,조례,5,평생학습관 설치·운영에 필요한 사항의 규율권한을 지방자치단체 조례에 넘긴다.
P05848,④ 제1항 및 제2항에 따른 평생학습관의 설치·운영 등에 필요한 사항은 해당 지방자치단체의 조례로 정한다.,위임,조례,5,평생학습관 설치·운영에 필요한 사항의 규율권한을 지방자치단체 조례에 넘긴다.
P05849,④ 제1항 및 제2항에 따른 평생학습관의 설치·운영 등에 필요한 사항은 해당 지방자치단체의 조례로 정한다.,위임,조례,5,평생학습관 설치·운영에 필요한 사항의 규율권한을 해당 지방자치단체 조례에 넘긴다.
P05850,④ 제1항 및 제2항에 따른 평생학습관의 설치·운영 등에 필요한 사항은 해당 지방자치단체의 조례로 정한다.,위임,조례,5,평생학습관 설치·운영에 필요한 사항의 규율권한을 지방자치단체 조례에 넘긴다.
P05851,④ 제1항 및 제2항에 따른 평생학습관의 설치·운영 등에 필요한 사항은 해당 지방자치단체의 조례로 정한다.,위임,조례,5,평생학습관 설치·운영에 필요한 사항을 지방자치단체 조례로 정하도록 규율권한을 넘긴다.
P05852,④ 제1항 및 제2항에 따른 평생학습관의 설치·운영 등에 필요한 사항은 해당 지방자치단체의 조례로 정한다.,위임,조례,5,평생학습관 설치·운영에 필요한 사항의 규율권한을 지방자치단체 조례에 넘긴다.
P05853,④ 제1항 및 제2항에 따른 평생학습관의 설치·운영 등에 필요한 사항은 해당 지방자치단체의 조례로 정한다.,위임,조례,5,필요한 사항을 해당 지방자치단체의 조례로 정하도록 규율권한을 넘긴다.
P05854,④ 제1항 및 제2항에 따른 평생학습관의 설치·운영 등에 필요한 사항은 해당 지방자치단체의 조례로 정한다.,위임,조례,5,평생학습관 설치·운영에 필요한 사항의 규율권한을 지방자치단체 조례에 넘긴다.
P05855,④ 제1항 및 제2항에 따른 평생학습관의 설치·운영 등에 필요한 사항은 해당 지방자치단체의 조례로 정한다.,위임,조례,5,평생학습관 설치·운영에 필요한 사항의 규율권한을 지방자치단체 조례에 넘긴다.
P05856,④ 제1항 및 제2항에 따른 평생학습관의 설치·운영 등에 필요한 사항은 해당 지방자치단체의 조례로 정한다.,위임,조례,5,평생학습관 설치·운영에 필요한 사항의 규율권한을 지방자치단체 조례에 넘긴다.
P05857,④ 제1항 및 제2항에 따른 평생학습관의 설치·운영 등에 필요한 사항은 해당 지방자치단체의 조례로 정한다.,위임,조례,5,평생학습관 설치·운영에 필요한 사항의 규율권한을 지방자치단체 조례에 넘긴다.
P05858,④ 제1항 및 제2항에 따른 평생학습관의 설치·운영 등에 필요한 사항은 해당 지방자치단체의 조례로 정한다.,위임,조례,5,평생학습관 설치·운영에 필요한 사항의 규율권한을 지방자치단체 조례에 넘긴다.
P05859,④ 제1항 및 제2항에 따른 평생학습관의 설치·운영 등에 필요한 사항은 해당 지방자치단체의 조례로 정한다.,위임,조례,5,평생학습관 설치·운영에 필요한 사항을 지방자치단체 조례로 정하도록 규율권한을 넘긴다.
P05860,④ 제1항 및 제2항에 따른 평생학습관의 설치·운영 등에 필요한 사항은 해당 지방자치단체의 조례로 정한다.,위임,조례,5,평생학습관 설치·운영에 필요한 사항의 규율권한을 지방자치단체 조례에 넘긴다.
P05861,④ 제1항 및 제2항에 따른 평생학습관의 설치·운영 등에 필요한 사항은 해당 지방자치단체의 조례로 정한다.,위임,조례,5,평생학습관 설치·운영에 필요한 사항을 지방자치단체 조례로 정하도록 규율권한을 넘긴다.
P05862,④ 제1항 및 제2항에 따른 평생학습관의 설치·운영 등에 필요한 사항은 해당 지방자치단체의 조례로 정한다.,위임,조례,5,평생학습관 설치·운영에 필요한 사항의 규율권한을 지방자치단체 조례에 넘긴다.
P05863,④ 제1항 및 제2항에 따른 평생학습관의 설치·운영 등에 필요한 사항은 해당 지방자치단체의 조례로 정한다.,위임,조례,5,필요한 사항을 지방자치단체 조례로 정하도록 규율권한을 넘긴다.
P05864,④ 제1항 및 제2항에 따른 평생학습관의 설치·운영 등에 필요한 사항은 해당 지방자치단체의 조례로 정한다.,위임,조례,5,평생학습관 설치·운영에 필요한 사항을 지방자치단체 조례로 정하도록 규율권한을 넘긴다.
P05865,④ 제1항 및 제2항에 따른 평생학습관의 설치·운영 등에 필요한 사항은 해당 지방자치단체의 조례로 정한다.,위임,조례,5,평생학습관 설치·운영에 필요한 사항의 규율권한을 지방자치단체 조례에 넘긴다.
P05866,④ 제1항 및 제2항에 따른 평생학습관의 설치·운영 등에 필요한 사항은 해당 지방자치단체의 조례로 정한다.,위임,조례,5,필요한 사항을 해당 지방자치단체의 조례에 정하도록 규율권한을 넘긴다.
P05867,④ 제1항 및 제2항에 따른 평생학습관의 설치·운영 등에 필요한 사항은 해당 지방자치단체의 조례로 정한다.,위임,조례,5,필요한 사항을 지방자치단체 조례로 정하도록 규율권한을 넘긴다.
P05868,④ 제1항 및 제2항에 따른 평생학습관의 설치·운영 등에 필요한 사항은 해당 지방자치단체의 조례로 정한다.,위임,조례,5,평생학습관 설치·운영에 필요한 사항의 규율권한을 지방자치단체 조례에 넘긴다.
P05869,④ 제1항 및 제2항에 따른 평생학습관의 설치·운영 등에 필요한 사항은 해당 지방자치단체의 조례로 정한다.,위임,조례,5,평생학습관 설치·운영에 필요한 사항을 지방자치단체 조례로 정하도록 규율권한을 넘긴다.
P05870,④ 제1항 및 제2항에 따른 평생학습관의 설치·운영 등에 필요한 사항은 해당 지방자치단체의 조례로 정한다.,위임,조례,5,평생학습관 설치·운영에 필요한 사항을 지방자치단체 조례에 규율권한을 넘기는 위임이다.
P05871,④ 제1항 및 제2항에 따른 평생학습관의 설치·운영 등에 필요한 사항은 해당 지방자치단체의 조례로 정한다.,위임,조례,5,평생학습관 설치·운영에 필요한 사항의 규율권한을 지방자치단체 조례에 넘긴다.
P05872,④ 제1항 및 제2항에 따른 평생학습관의 설치·운영 등에 필요한 사항은 해당 지방자치단체의 조례로 정한다.,위임,조례,5,필요한 사항을 지방자치단체 조례로 정하도록 규율권한을 넘긴다.
P05873,④ 제1항 및 제2항에 따른 평생학습관의 설치·운영 등에 필요한 사항은 해당 지방자치단체의 조례로 정한다.,위임,조례,5,평생학습관 설치·운영에 필요한 사항의 규율권한을 지방자치단체 조례에 넘긴다.
P05874,④ 제1항 및 제2항에 따른 평생학습관의 설치·운영 등에 필요한 사항은 해당 지방자치단체의 조례로 정한다.,위임,조례,5,평생학습관 설치·운영에 필요한 사항의 규율권한을 지방자치단체 조례에 넘긴다.
P05875,④ 제1항 및 제2항에 따른 평생학습관의 설치·운영 등에 필요한 사항은 해당 지방자치단체의 조례로 정한다.,위임,조례,5,평생학습관 설치·운영에 필요한 사항을 지방자치단체 조례에 위임한다.
P05876,④ 제1항 및 제2항에 따른 평생학습관의 설치·운영 등에 필요한 사항은 해당 지방자치단체의 조례로 정한다.,위임,조례,5,평생학습관 설치·운영에 필요한 사항을 지방자치단체 조례에 규율권한으로 넘긴다.
P05877,④ 제1항 및 제2항에 따른 평생학습관의 설치·운영 등에 필요한 사항은 해당 지방자치단체의 조례로 정한다.,위임,조례,5,평생학습관 설치·운영에 필요한 사항의 규율권한을 지방자치단체 조례에 넘긴다.
P05878,④ 제1항 및 제2항에 따른 평생학습관의 설치·운영 등에 필요한 사항은 해당 지방자치단체의 조례로 정한다.,위임,조례,5,평생학습관 설치·운영에 필요한 사항을 지방자치단체 조례로 정하도록 규율권한을 넘긴다.
P05879,④ 제1항 및 제2항에 따른 평생학습관의 설치·운영 등에 필요한 사항은 해당 지방자치단체의 조례로 정한다.,위임,조례,5,평생학습관 설치·운영에 필요한 사항의 규율권한을 지방자치단체 조례에 넘긴다.
P05880,④ 제1항 및 제2항에 따른 평생학습관의 설치·운영 등에 필요한 사항은 해당 지방자치단체의 조례로 정한다.,위임,조례,5,평생학습관 설치·운영에 필요한 사항을 지방자치단체 조례에 위임한다.
P05881,④ 제1항 및 제2항에 따른 평생학습관의 설치·운영 등에 필요한 사항은 해당 지방자치단체의 조례로 정한다.,위임,조례,5,평생학습관 설치·운영 사항을 지방자치단체 조례에 규율권한으로 넘긴다.
P05882,④ 제1항 및 제2항에 따른 평생학습관의 설치·운영 등에 필요한 사항은 해당 지방자치단체의 조례로 정한다.,위임,조례,5,평생학습관 설치·운영에 필요한 사항의 규율권한을 지방자치단체 조례에 넘긴다.
P05883,④ 제1항 및 제2항에 따른 평생학습관의 설치·운영 등에 필요한 사항은 해당 지방자치단체의 조례로 정한다.,위임,조례,5,필요한 사항의 규율권한을 지방자치단체 조례에 넘기는 위임 규정이다.
P05884,④ 제1항 및 제2항에 따른 평생학습관의 설치·운영 등에 필요한 사항은 해당 지방자치단체의 조례로 정한다.,위임,조례,5,평생학습관 설치·운영에 필요한 사항을 지방자치단체 조례로 정하도록 규율권한을 넘긴다.
P05885,④ 제1항 및 제2항에 따른 평생학습관의 설치·운영 등에 필요한 사항은 해당 지방자치단체의 조례로 정한다.,위임,조례,5,평생학습관 설치·운영에 필요한 사항의 규율권한을 지방자치단체 조례에 넘긴다.
P05886,④ 제1항 및 제2항에 따른 평생학습관의 설치·운영 등에 필요한 사항은 해당 지방자치단체의 조례로 정한다.,위임,조례,5,평생학습관 설치·운영에 필요한 사항을 지방자치단체 조례에 위임한다.
P05887,④ 제1항 및 제2항에 따른 평생학습관의 설치·운영 등에 필요한 사항은 해당 지방자치단체의 조례로 정한다.,위임,조례,5,평생학습관 설치·운영에 필요한 사항을 지방자치단체 조례로 정하도록 규율권한을 넘긴다.
P05888,④ 제1항 및 제2항에 따른 평생학습관의 설치·운영 등에 필요한 사항은 해당 지방자치단체의 조례로 정한다.,위임,조례,5,평생학습관 설치·운영에 필요한 사항의 규율권한을 지방자치단체 조례에 넘긴다.
P05889,④ 제1항 및 제2항에 따른 평생학습관의 설치·운영 등에 필요한 사항은 해당 지방자치단체의 조례로 정한다.,위임,조례,5,평생학습관 설치·운영에 필요한 사항을 지방자치단체 조례에 위임한다.
P05890,④ 제1항 및 제2항에 따른 평생학습관의 설치·운영 등에 필요한 사항은 해당 지방자치단체의 조례로 정한다.,위임,조례,5,평생학습관 설치·운영에 필요한 사항을 지방자치단체 조례에 위임한다.
P05891,④ 제1항 및 제2항에 따른 평생학습관의 설치·운영 등에 필요한 사항은 해당 지방자치단체의 조례로 정한다.,위임,조례,5,평생학습관 설치·운영에 필요한 사항의 규율권한을 지방자치단체 조례에 넘긴다.
P05892,④ 제1항 및 제2항에 따른 평생학습관의 설치·운영 등에 필요한 사항은 해당 지방자치단체의 조례로 정한다.,위임,조례,5,평생학습관 설치·운영에 필요한 사항을 지방자치단체 조례에 위임한다.
P05893,④ 제1항 및 제2항에 따른 평생학습관의 설치·운영 등에 필요한 사항은 해당 지방자치단체의 조례로 정한다.,위임,조례,5,필요한 사항을 지방자치단체 조례로 정하도록 규율권한을 넘긴다.
P05894,④ 제1항 및 제2항에 따른 평생학습관의 설치·운영 등에 필요한 사항은 해당 지방자치단체의 조례로 정한다.,위임,조례,5,평생학습관 설치·운영에 필요한 사항의 규율권한을 지방자치단체 조례에 넘긴다.
P05895,④ 제1항 및 제2항에 따른 평생학습관의 설치·운영 등에 필요한 사항은 해당 지방자치단체의 조례로 정한다.,위임,조례,5,필요한 사항의 규율권한을 지방자치단체 조례에 넘기는 문말 위임이다.
P05896,④ 제1항 및 제2항에 따른 평생학습관의 설치·운영 등에 필요한 사항은 해당 지방자치단체의 조례로 정한다.,위임,조례,5,평생학습관 설치·운영에 필요한 사항을 지방자치단체 조례로 정하도록 규율권한을 넘긴다.
P05897,④ 제1항 및 제2항에 따른 평생학습관의 설치·운영 등에 필요한 사항은 해당 지방자치단체의 조례로 정한다.,위임,조례,5,평생학습관 설치·운영에 필요한 사항의 규율권한을 지방자치단체 조례에 넘긴다.
P05898,④ 제1항 및 제2항에 따른 평생학습관의 설치·운영 등에 필요한 사항은 해당 지방자치단체의 조례로 정한다.,위임,조례,5,평생학습관 설치·운영에 필요한 사항의 규율권한을 지방자치단체 조례에 넘긴다.
P05899,④ 제1항 및 제2항에 따른 평생학습관의 설치·운영 등에 필요한 사항은 해당 지방자치단체의 조례로 정한다.,위임,조례,5,평생학습관 설치·운영에 필요한 사항의 규율권한을 지방자치단체 조례에 넘긴다.
P05900,④ 제1항 및 제2항에 따른 평생학습관의 설치·운영 등에 필요한 사항은 해당 지방자치단체의 조례로 정한다.,위임,조례,5,평생학습관 설치·운영에 필요한 사항의 규율권한을 지방자치단체 조례에 넘긴다.
P05901,④ 제1항 및 제2항에 따른 평생학습관의 설치·운영 등에 필요한 사항은 해당 지방자치단체의 조례로 정한다.,위임,조례,5,평생학습관 설치·운영에 필요한 사항의 규율권한을 지방자치단체 조례에 넘긴다.
P05902,④ 제1항 및 제2항에 따른 평생학습관의 설치·운영 등에 필요한 사항은 해당 지방자치단체의 조례로 정한다.,위임,조례,5,평생학습관 설치·운영에 필요한 사항의 규율권한을 지방자치단체 조례에 넘긴다.
P05903,④ 제1항 및 제2항에 따른 평생학습관의 설치·운영 등에 필요한 사항은 해당 지방자치단체의 조례로 정한다.,위임,조례,5,평생학습관 설치·운영에 필요한 사항의 규율권한을 지방자치단체 조례에 넘긴다.
P05904,④ 제1항 및 제2항에 따른 평생학습관의 설치·운영 등에 필요한 사항은 해당 지방자치단체의 조례로 정한다.,위임,조례,5,평생학습관 설치·운영에 필요한 사항을 지방자치단체 조례로 정하도록 규율권한을 넘긴다.
P05905,④ 제1항 및 제2항에 따른 평생학습관의 설치·운영 등에 필요한 사항은 해당 지방자치단체의 조례로 정한다.,위임,조례,5,평생학습관 설치·운영에 필요한 사항을 지방자치단체 조례로 정하도록 규율권한을 넘긴다.
P05906,④ 제1항 및 제2항에 따른 평생학습관의 설치·운영 등에 필요한 사항은 해당 지방자치단체의 조례로 정한다.,위임,조례,5,평생학습관 설치·운영에 필요한 사항의 규율권한을 지방자치단체 조례에 넘긴다.
P05907,④ 제1항 및 제2항에 따른 평생학습관의 설치·운영 등에 필요한 사항은 해당 지방자치단체의 조례로 정한다.,위임,조례,5,평생학습관 설치·운영에 필요한 사항을 지방자치단체 조례로 정하도록 규율권한을 넘긴다.
P05908,④ 제1항 및 제2항에 따른 평생학습관의 설치·운영 등에 필요한 사항은 해당 지방자치단체의 조례로 정한다.,위임,조례,5,평생학습관 설치·운영에 필요한 사항의 규율권한을 지방자치단체 조례에 넘긴다.
P05909,④ 제1항 및 제2항에 따른 평생학습관의 설치·운영 등에 필요한 사항은 해당 지방자치단체의 조례로 정한다.,위임,조례,5,평생학습관 설치·운영에 필요한 사항을 지방자치단체 조례에 규율권한을 넘긴다.
P05910,④ 제1항 및 제2항에 따른 평생학습관의 설치·운영 등에 필요한 사항은 해당 지방자치단체의 조례로 정한다.,위임,조례,5,평생학습관 설치·운영에 필요한 사항의 규율권한을 지방자치단체 조례에 넘긴다.
P05911,④ 제1항 및 제2항에 따른 평생학습관의 설치·운영 등에 필요한 사항은 해당 지방자치단체의 조례로 정한다.,위임,조례,5,평생학습관 설치·운영에 필요한 사항의 규율권한을 지방자치단체 조례에 넘긴다.
P05912,④ 제1항 및 제2항에 따른 평생학습관의 설치·운영 등에 필요한 사항은 해당 지방자치단체의 조례로 정한다.,위임,조례,5,평생학습관 설치·운영에 필요한 사항의 규율권한을 지방자치단체 조례에 넘긴다.
P05913,④ 제1항 및 제2항에 따른 평생학습관의 설치·운영 등에 필요한 사항은 해당 지방자치단체의 조례로 정한다.,위임,조례,5,평생학습관 설치·운영에 필요한 사항을 지방자치단체 조례에 규율권한을 넘긴다.
P05914,④ 제1항 및 제2항에 따른 평생학습관의 설치·운영 등에 필요한 사항은 해당 지방자치단체의 조례로 정한다.,위임,조례,5,평생학습관 설치·운영에 필요한 사항을 지방자치단체 조례에 위임한다.
P05915,④ 제1항 및 제2항에 따른 평생학습관의 설치·운영 등에 필요한 사항은 해당 지방자치단체의 조례로 정한다.,위임,조례,5,평생학습관 설치·운영에 필요한 사항의 규율권한을 지방자치단체 조례에 넘긴다.
P05916,④ 제1항 및 제2항에 따른 평생학습관의 설치·운영 등에 필요한 사항은 해당 지방자치단체의 조례로 정한다.,위임,조례,5,필요한 사항을 지방자치단체 조례로 정하도록 규율권한을 넘긴다.
P05917,④ 제1항 및 제2항에 따른 평생학습관의 설치·운영 등에 필요한 사항은 해당 지방자치단체의 조례로 정한다.,위임,조례,5,평생학습관 설치·운영에 필요한 사항을 지방자치단체 조례에 정하도록 규율권한을 넘긴다.
P05918,④ 제1항 및 제2항에 따른 평생학습관의 설치·운영 등에 필요한 사항은 해당 지방자치단체의 조례로 정한다.,위임,조례,5,평생학습관 설치·운영에 필요한 사항을 지방자치단체 조례로 정하도록 규율권한을 넘긴다.
P05919,④ 제1항 및 제2항에 따른 평생학습관의 설치·운영 등에 필요한 사항은 해당 지방자치단체의 조례로 정한다.,위임,조례,5,평생학습관 설치·운영에 필요한 사항의 규율권한을 지방자치단체 조례에 넘긴다.
P05920,④ 제1항 및 제2항에 따른 평생학습관의 설치·운영 등에 필요한 사항은 해당 지방자치단체의 조례로 정한다.,위임,조례,5,평생학습관 설치·운영에 필요한 사항을 지방자치단체 조례에 위임한다.
P05921,④ 제1항 및 제2항에 따른 평생학습관의 설치·운영 등에 필요한 사항은 해당 지방자치단체의 조례로 정한다.,위임,조례,5,평생학습관 설치·운영에 필요한 사항을 지방자치단체 조례에 위임한다.
P05922,④ 제1항 및 제2항에 따른 평생학습관의 설치·운영 등에 필요한 사항은 해당 지방자치단체의 조례로 정한다.,위임,조례,5,평생학습관 설치·운영에 필요한 사항을 지방자치단체 조례로 정하도록 규율권한을 넘긴다.
P05923,④ 제1항 및 제2항에 따른 평생학습관의 설치·운영 등에 필요한 사항은 해당 지방자치단체의 조례로 정한다.,위임,조례,5,평생학습관 설치·운영에 필요한 사항의 규율권한을 지방자치단체 조례에 넘긴다.
P05924,④ 제1항 및 제2항에 따른 평생학습관의 설치·운영 등에 필요한 사항은 해당 지방자치단체의 조례로 정한다.,위임,조례,5,평생학습관 설치·운영에 필요한 사항의 규율권한을 지방자치단체 조례에 넘긴다.
P05925,④ 제1항 및 제2항에 따른 평생학습관의 설치·운영 등에 필요한 사항은 해당 지방자치단체의 조례로 정한다.,위임,조례,5,평생학습관 설치·운영에 필요한 사항을 지방자치단체 조례에 규율권한을 넘긴다.
P05926,④ 제1항 및 제2항에 따른 평생학습관의 설치·운영 등에 필요한 사항은 해당 지방자치단체의 조례로 정한다.,위임,조례,5,평생학습관 설치·운영에 필요한 사항을 지방자치단체 조례에 규율권한으로 넘긴다.
P05927,④ 제1항 및 제2항에 따른 평생학습관의 설치·운영 등에 필요한 사항은 해당 지방자치단체의 조례로 정한다.,위임,조례,5,문말 종결형으로 지방자치단체 조례에 규율권한을 넘긴다.
P05928,④ 제1항 및 제2항에 따른 평생학습관의 설치·운영 등에 필요한 사항은 해당 지방자치단체의 조례로 정한다.,위임,조례,5,평생학습관 설치·운영에 필요한 사항의 규율권한을 지방자치단체 조례에 넘긴다.
P05929,④ 제1항 및 제2항에 따른 평생학습관의 설치·운영 등에 필요한 사항은 해당 지방자치단체의 조례로 정한다.,위임,조례,5,필요한 사항을 해당 지방자치단체의 조례로 정하도록 규율권한을 넘긴다.
P05930,④ 제1항 및 제2항에 따른 평생학습관의 설치·운영 등에 필요한 사항은 해당 지방자치단체의 조례로 정한다.,위임,조례,5,평생학습관 설치·운영에 필요한 사항을 지방자치단체 조례로 정하도록 규율권한을 넘긴다.
P05931,④ 제1항 및 제2항에 따른 평생학습관의 설치·운영 등에 필요한 사항은 해당 지방자치단체의 조례로 정한다.,위임,조례,5,평생학습관 설치·운영에 필요한 사항의 규율권한을 지방자치단체 조례에 넘긴다.
P05932,④ 제1항 및 제2항에 따른 평생학습관의 설치·운영 등에 필요한 사항은 해당 지방자치단체의 조례로 정한다.,위임,조례,5,평생학습관 설치·운영에 필요한 사항을 지방자치단체 조례로 정하도록 규율권한을 넘긴다.
P05933,④ 제1항 및 제2항에 따른 평생학습관의 설치·운영 등에 필요한 사항은 해당 지방자치단체의 조례로 정한다.,위임,조례,5,평생학습관 설치·운영에 필요한 사항의 규율권한을 지방자치단체 조례에 넘긴다.
P05934,② 제1항에 따른 읍·면·동 평생학습센터의 설치 또는 지정 및 운영에 관한 사항은 해당 지방자치단체의 조례로 정한다.,위임,조례,5,설치·지정 및 운영 사항을 지방자치단체 조례로 정하도록 규율권한을 넘긴다.
P05935,② 제1항에 따른 읍·면·동 평생학습센터의 설치 또는 지정 및 운영에 관한 사항은 해당 지방자치단체의 조례로 정한다.,위임,조례,5,설치·지정 및 운영에 관한 사항을 지방자치단체 조례로 정하도록 규율권한을 넘긴다.
P05936,② 제1항에 따른 읍·면·동 평생학습센터의 설치 또는 지정 및 운영에 관한 사항은 해당 지방자치단체의 조례로 정한다.,위임,조례,5,설치·지정 및 운영에 관한 사항을 해당 지방자치단체 조례에 규율권한을 넘기는 위임이다.
P05937,② 제1항에 따른 읍·면·동 평생학습센터의 설치 또는 지정 및 운영에 관한 사항은 해당 지방자치단체의 조례로 정한다.,위임,조례,5,설치·지정 및 운영 사항을 지방자치단체 조례에 규율권한을 넘기는 위임이다.
P05938,② 제1항에 따른 읍·면·동 평생학습센터의 설치 또는 지정 및 운영에 관한 사항은 해당 지방자치단체의 조례로 정한다.,위임,조례,5,설치·지정 및 운영 사항을 지방자치단체 조례로 정하도록 규율권한을 넘긴다.
P05939,② 제1항에 따른 읍·면·동 평생학습센터의 설치 또는 지정 및 운영에 관한 사항은 해당 지방자치단체의 조례로 정한다.,위임,조례,5,설치·지정·운영 사항을 지방자치단체 조례로 정하도록 규율권한을 넘긴다.
P05940,② 제1항에 따른 읍·면·동 평생학습센터의 설치 또는 지정 및 운영에 관한 사항은 해당 지방자치단체의 조례로 정한다.,위임,조례,5,설치·지정·운영 사항을 지방자치단체 조례에 규율권한으로 넘기는 위임이다.
P05941,② 제1항에 따른 읍·면·동 평생학습센터의 설치 또는 지정 및 운영에 관한 사항은 해당 지방자치단체의 조례로 정한다.,위임,조례,5,설치·지정 및 운영 사항을 지방자치단체 조례로 정하도록 규율권한을 넘긴다.
P05942,② 제1항에 따른 읍·면·동 평생학습센터의 설치 또는 지정 및 운영에 관한 사항은 해당 지방자치단체의 조례로 정한다.,위임,조례,5,설치·지정 및 운영 사항을 지방자치단체 조례에 정하도록 규율권한을 넘긴다.
P05943,② 제1항에 따른 읍·면·동 평생학습센터의 설치 또는 지정 및 운영에 관한 사항은 해당 지방자치단체의 조례로 정한다.,위임,조례,5,설치·지정·운영 사항을 해당 지방자치단체의 조례에 규율권한을 넘기는 위임이다.
P05944,② 제1항에 따른 읍·면·동 평생학습센터의 설치 또는 지정 및 운영에 관한 사항은 해당 지방자치단체의 조례로 정한다.,위임,조례,5,설치·지정 및 운영 사항의 규율권한을 해당 지방자치단체 조례에 넘긴다.
P05945,② 제1항에 따른 읍·면·동 평생학습센터의 설치 또는 지정 및 운영에 관한 사항은 해당 지방자치단체의 조례로 정한다.,위임,조례,5,설치·지정·운영 사항을 지방자치단체 조례로 정하도록 규율권한을 넘긴다.
P05946,② 제1항에 따른 읍·면·동 평생학습센터의 설치 또는 지정 및 운영에 관한 사항은 해당 지방자치단체의 조례로 정한다.,위임,조례,5,설치·지정 및 운영 사항의 규율권한을 지방자치단체 조례에 넘긴다.
P05947,② 제1항에 따른 읍·면·동 평생학습센터의 설치 또는 지정 및 운영에 관한 사항은 해당 지방자치단체의 조례로 정한다.,위임,조례,5,설치·지정 및 운영 사항을 지방자치단체 조례에 규율권한을 넘긴다.
P05948,② 제1항에 따른 읍·면·동 평생학습센터의 설치 또는 지정 및 운영에 관한 사항은 해당 지방자치단체의 조례로 정한다.,위임,조례,5,설치·지정 및 운영 사항을 지방자치단체 조례로 정하도록 규율권한을 넘긴다.
P05949,② 제1항에 따른 읍·면·동 평생학습센터의 설치 또는 지정 및 운영에 관한 사항은 해당 지방자치단체의 조례로 정한다.,위임,조례,5,설치·지정·운영 사항을 지방자치단체 조례에 규율권한으로 넘긴다.
P05950,② 제1항에 따른 읍·면·동 평생학습센터의 설치 또는 지정 및 운영에 관한 사항은 해당 지방자치단체의 조례로 정한다.,위임,조례,5,설치·지정·운영 사항을 지방자치단체 조례에 정하도록 규율권한을 넘긴다.
P05951,② 제1항에 따른 읍·면·동 평생학습센터의 설치 또는 지정 및 운영에 관한 사항은 해당 지방자치단체의 조례로 정한다.,위임,조례,5,설치·지정 및 운영 사항을 해당 지방자치단체 조례로 정하도록 규율권한을 넘긴다.
P05952,② 제1항에 따른 읍·면·동 평생학습센터의 설치 또는 지정 및 운영에 관한 사항은 해당 지방자치단체의 조례로 정한다.,위임,조례,5,설치·지정 및 운영 사항을 해당 지방자치단체 조례에 위임하는 종결형 규정이다.
P05953,② 제1항에 따른 읍·면·동 평생학습센터의 설치 또는 지정 및 운영에 관한 사항은 해당 지방자치단체의 조례로 정한다.,위임,조례,5,설치·지정 및 운영 사항을 지방자치단체 조례로 정하도록 규율권한을 넘긴다.
P05954,② 제1항에 따른 읍·면·동 평생학습센터의 설치 또는 지정 및 운영에 관한 사항은 해당 지방자치단체의 조례로 정한다.,위임,조례,5,설치·지정·운영 사항을 지방자치단체 조례로 정하도록 규율권한을 넘긴다.
P05955,② 제1항에 따른 읍·면·동 평생학습센터의 설치 또는 지정 및 운영에 관한 사항은 해당 지방자치단체의 조례로 정한다.,위임,조례,5,설치·지정 및 운영 사항을 지방자치단체 조례에 규율권한을 넘긴다.
P05956,② 제1항에 따른 읍·면·동 평생학습센터의 설치 또는 지정 및 운영에 관한 사항은 해당 지방자치단체의 조례로 정한다.,위임,조례,5,설치·지정 및 운영에 관한 사항을 지방자치단체 조례로 정하도록 규율권한을 넘긴다.
P05957,② 제1항에 따른 읍·면·동 평생학습센터의 설치 또는 지정 및 운영에 관한 사항은 해당 지방자치단체의 조례로 정한다.,위임,조례,5,설치·지정 및 운영 사항의 규율권한을 해당 지방자치단체 조례에 넘긴다.
P05958,② 제1항에 따른 읍·면·동 평생학습센터의 설치 또는 지정 및 운영에 관한 사항은 해당 지방자치단체의 조례로 정한다.,위임,조례,5,설치·지정 및 운영 사항을 해당 지방자치단체 조례로 정하도록 규율권한을 넘긴다.
P05959,② 제1항에 따른 읍·면·동 평생학습센터의 설치 또는 지정 및 운영에 관한 사항은 해당 지방자치단체의 조례로 정한다.,위임,조례,5,설치·지정·운영 사항을 지방자치단체 조례로 정하도록 규율권한을 넘긴다.
P05960,② 제1항에 따른 읍·면·동 평생학습센터의 설치 또는 지정 및 운영에 관한 사항은 해당 지방자치단체의 조례로 정한다.,위임,조례,5,설치·지정 및 운영 사항을 지방자치단체 조례로 정하도록 규율권한을 넘긴다.
P05961,② 제1항에 따른 읍·면·동 평생학습센터의 설치 또는 지정 및 운영에 관한 사항은 해당 지방자치단체의 조례로 정한다.,위임,조례,5,설치·지정·운영 사항을 지방자치단체 조례로 정하도록 규율권한을 넘긴다.
P05962,② 제1항에 따른 읍·면·동 평생학습센터의 설치 또는 지정 및 운영에 관한 사항은 해당 지방자치단체의 조례로 정한다.,위임,조례,5,설치·지정 및 운영 사항을 해당 지방자치단체 조례로 정하도록 규율권한을 넘긴다.
P05963,② 제1항에 따른 읍·면·동 평생학습센터의 설치 또는 지정 및 운영에 관한 사항은 해당 지방자치단체의 조례로 정한다.,위임,조례,5,설치·지정 및 운영 사항을 지방자치단체 조례로 정하도록 규율권한을 넘긴다.
P05964,② 제1항에 따른 읍·면·동 평생학습센터의 설치 또는 지정 및 운영에 관한 사항은 해당 지방자치단체의 조례로 정한다.,위임,조례,5,설치·지정 및 운영 사항을 지방자치단체 조례로 정하도록 규율권한을 넘긴다.
P05965,② 제1항에 따른 읍·면·동 평생학습센터의 설치 또는 지정 및 운영에 관한 사항은 해당 지방자치단체의 조례로 정한다.,위임,조례,5,읍·면·동 평생학습센터의 설치·지정·운영 사항을 지방자치단체 조례에 규율권한을 넘긴다.
P05966,② 제1항에 따른 읍·면·동 평생학습센터의 설치 또는 지정 및 운영에 관한 사항은 해당 지방자치단체의 조례로 정한다.,위임,조례,5,설치·지정 및 운영 사항을 지방자치단체 조례로 정하도록 규율권한을 넘긴다.
P05967,② 제1항에 따른 읍·면·동 평생학습센터의 설치 또는 지정 및 운영에 관한 사항은 해당 지방자치단체의 조례로 정한다.,위임,조례,5,읍·면·동 평생학습센터의 설치·지정·운영 사항을 지방자치단체 조례에 정하도록 규율권한을 넘긴다.
P05968,② 제1항에 따른 읍·면·동 평생학습센터의 설치 또는 지정 및 운영에 관한 사항은 해당 지방자치단체의 조례로 정한다.,위임,조례,5,설치·지정 및 운영 사항을 지방자치단체 조례에 규율권한을 넘기는 위임이다.
P05969,② 제1항에 따른 읍·면·동 평생학습센터의 설치 또는 지정 및 운영에 관한 사항은 해당 지방자치단체의 조례로 정한다.,위임,조례,5,설치·지정·운영 사항을 지방자치단체 조례로 정하도록 규율권한을 넘긴다.
P05970,② 제1항에 따른 읍·면·동 평생학습센터의 설치 또는 지정 및 운영에 관한 사항은 해당 지방자치단체의 조례로 정한다.,위임,조례,5,설치·지정 및 운영 사항을 지방자치단체 조례에 규율권한으로 넘긴다.
P05971,② 제1항에 따른 읍·면·동 평생학습센터의 설치 또는 지정 및 운영에 관한 사항은 해당 지방자치단체의 조례로 정한다.,위임,조례,5,설치·지정 및 운영 사항을 지방자치단체 조례에 규율권한으로 넘긴다.
P05972,② 제1항에 따른 읍·면·동 평생학습센터의 설치 또는 지정 및 운영에 관한 사항은 해당 지방자치단체의 조례로 정한다.,위임,조례,5,읍·면·동 평생학습센터 설치·지정 및 운영 사항을 지방자치단체 조례에 규율권한을 넘긴다.
P05973,② 제1항에 따른 읍·면·동 평생학습센터의 설치 또는 지정 및 운영에 관한 사항은 해당 지방자치단체의 조례로 정한다.,위임,조례,5,설치·지정 및 운영 사항을 지방자치단체 조례로 정하도록 규율권한을 넘긴다.
P05974,② 제1항에 따른 읍·면·동 평생학습센터의 설치 또는 지정 및 운영에 관한 사항은 해당 지방자치단체의 조례로 정한다.,위임,조례,5,설치·지정 및 운영 사항을 지방자치단체 조례에 규율권한을 넘긴다.
P05975,② 제1항에 따른 읍·면·동 평생학습센터의 설치 또는 지정 및 운영에 관한 사항은 해당 지방자치단체의 조례로 정한다.,위임,조례,5,설치·지정 및 운영에 관한 사항을 해당 지방자치단체 조례에 규율권한을 넘긴다.
P05976,② 제1항에 따른 읍·면·동 평생학습센터의 설치 또는 지정 및 운영에 관한 사항은 해당 지방자치단체의 조례로 정한다.,위임,조례,5,설치·지정 및 운영에 관한 사항을 지방자치단체 조례에 정하도록 규율권한을 넘긴다.
P05977,② 제1항에 따른 읍·면·동 평생학습센터의 설치 또는 지정 및 운영에 관한 사항은 해당 지방자치단체의 조례로 정한다.,위임,조례,5,설치·지정 및 운영 사항을 해당 지방자치단체 조례로 정하도록 규율권한을 넘긴다.
P05978,② 제1항에 따른 읍·면·동 평생학습센터의 설치 또는 지정 및 운영에 관한 사항은 해당 지방자치단체의 조례로 정한다.,위임,조례,5,설치·지정·운영 사항을 해당 지방자치단체 조례에 규율권한을 넘기는 위임이다.
P05979,② 제1항에 따른 읍·면·동 평생학습센터의 설치 또는 지정 및 운영에 관한 사항은 해당 지방자치단체의 조례로 정한다.,위임,조례,5,설치·지정 및 운영 사항을 지방자치단체 조례로 정하도록 규율권한을 넘긴다.
P05980,② 제1항에 따른 읍·면·동 평생학습센터의 설치 또는 지정 및 운영에 관한 사항은 해당 지방자치단체의 조례로 정한다.,위임,조례,5,설치·지정 및 운영 사항을 지방자치단체 조례에 정하도록 규율권한을 넘긴다.
P05981,② 제1항에 따른 읍·면·동 평생학습센터의 설치 또는 지정 및 운영에 관한 사항은 해당 지방자치단체의 조례로 정한다.,위임,조례,5,설치·지정 및 운영 사항을 지방자치단체 조례로 정하도록 규율권한을 넘긴다.
P05982,② 제1항에 따른 읍·면·동 평생학습센터의 설치 또는 지정 및 운영에 관한 사항은 해당 지방자치단체의 조례로 정한다.,위임,조례,5,설치·지정 및 운영 사항을 지방자치단체 조례로 정하도록 규율권한을 넘긴다.
P05983,② 제1항에 따른 읍·면·동 평생학습센터의 설치 또는 지정 및 운영에 관한 사항은 해당 지방자치단체의 조례로 정한다.,위임,조례,5,설치·지정 및 운영 사항을 지방자치단체 조례에 정하도록 규율권한을 넘긴다.
P05984,② 제1항에 따른 읍·면·동 평생학습센터의 설치 또는 지정 및 운영에 관한 사항은 해당 지방자치단체의 조례로 정한다.,위임,조례,5,설치·지정 및 운영에 관한 사항을 해당 지방자치단체 조례에 규율권한을 넘기는 위임이다.
P05985,② 제1항에 따른 읍·면·동 평생학습센터의 설치 또는 지정 및 운영에 관한 사항은 해당 지방자치단체의 조례로 정한다.,위임,조례,5,설치·지정 및 운영 사항을 해당 지방자치단체의 조례로 정하도록 규율권한을 넘긴다.
P05986,② 제1항에 따른 읍·면·동 평생학습센터의 설치 또는 지정 및 운영에 관한 사항은 해당 지방자치단체의 조례로 정한다.,위임,조례,5,설치·지정 및 운영 사항의 규율권한을 지방자치단체 조례에 넘긴다.
P05987,② 제1항에 따른 읍·면·동 평생학습센터의 설치 또는 지정 및 운영에 관한 사항은 해당 지방자치단체의 조례로 정한다.,위임,조례,5,설치·지정 및 운영 사항을 지방자치단체 조례에 규율권한을 넘긴다.
P05988,② 제1항에 따른 읍·면·동 평생학습센터의 설치 또는 지정 및 운영에 관한 사항은 해당 지방자치단체의 조례로 정한다.,위임,조례,5,설치·지정 및 운영 사항을 지방자치단체 조례에 규율권한을 넘기는 위임이다.
P05989,② 제1항에 따른 읍·면·동 평생학습센터의 설치 또는 지정 및 운영에 관한 사항은 해당 지방자치단체의 조례로 정한다.,위임,조례,5,설치·지정 및 운영 사항을 해당 지방자치단체 조례에 규율권한으로 넘긴다.
P05990,② 제1항에 따른 읍·면·동 평생학습센터의 설치 또는 지정 및 운영에 관한 사항은 해당 지방자치단체의 조례로 정한다.,위임,조례,5,설치·지정 및 운영 사항을 지방자치단체 조례로 정하도록 규율권한을 넘긴다.
P05991,② 제1항에 따른 읍·면·동 평생학습센터의 설치 또는 지정 및 운영에 관한 사항은 해당 지방자치단체의 조례로 정한다.,위임,조례,5,설치·지정 및 운영 사항을 해당 지방자치단체 조례로 정하도록 규율권한을 넘긴다.
P05992,② 제1항에 따른 읍·면·동 평생학습센터의 설치 또는 지정 및 운영에 관한 사항은 해당 지방자치단체의 조례로 정한다.,위임,조례,5,설치·지정 및 운영에 관한 사항을 해당 지방자치단체 조례로 정하도록 규율권한을 넘긴다.
P05993,② 제1항에 따른 읍·면·동 평생학습센터의 설치 또는 지정 및 운영에 관한 사항은 해당 지방자치단체의 조례로 정한다.,위임,조례,5,설치·지정 및 운영 사항을 지방자치단체 조례로 정하도록 규율권한을 넘긴다.
P05994,② 제1항에 따른 읍·면·동 평생학습센터의 설치 또는 지정 및 운영에 관한 사항은 해당 지방자치단체의 조례로 정한다.,위임,조례,5,설치·지정 및 운영에 관한 사항을 지방자치단체 조례에 규율권한을 넘긴다.
P05995,② 제1항에 따른 읍·면·동 평생학습센터의 설치 또는 지정 및 운영에 관한 사항은 해당 지방자치단체의 조례로 정한다.,위임,조례,5,설치·지정 및 운영 사항을 지방자치단체 조례로 정하도록 규율권한을 넘긴다.
P05996,② 제1항에 따른 읍·면·동 평생학습센터의 설치 또는 지정 및 운영에 관한 사항은 해당 지방자치단체의 조례로 정한다.,위임,조례,5,설치·지정 및 운영 사항을 지방자치단체 조례로 정하도록 규율권한을 넘긴다.
P05997,② 제1항에 따른 읍·면·동 평생학습센터의 설치 또는 지정 및 운영에 관한 사항은 해당 지방자치단체의 조례로 정한다.,위임,조례,5,설치·지정 및 운영 사항을 해당 지방자치단체의 조례로 정하도록 규율권한을 넘긴다.
P05998,② 제1항에 따른 읍·면·동 평생학습센터의 설치 또는 지정 및 운영에 관한 사항은 해당 지방자치단체의 조례로 정한다.,위임,조례,5,설치·지정 및 운영 사항을 지방자치단체 조례에 규율권한으로 넘긴다.
P05999,② 제1항에 따른 읍·면·동 평생학습센터의 설치 또는 지정 및 운영에 관한 사항은 해당 지방자치단체의 조례로 정한다.,위임,조례,5,설치·지정 및 운영 사항을 지방자치단체 조례에 규율권한을 넘긴다.
P06000,② 제1항에 따른 읍·면·동 평생학습센터의 설치 또는 지정 및 운영에 관한 사항은 해당 지방자치단체의 조례로 정한다.,위임,조례,5,읍·면·동 평생학습센터의 설치·지정·운영 사항을 지방자치단체 조례로 정하도록 규율권한을 넘긴다.
P06001,② 제1항에 따른 읍·면·동 평생학습센터의 설치 또는 지정 및 운영에 관한 사항은 해당 지방자치단체의 조례로 정한다.,위임,조례,5,설치·지정 및 운영 사항을 지방자치단체 조례에 규율권한으로 넘긴다.
P06002,② 제1항에 따른 읍·면·동 평생학습센터의 설치 또는 지정 및 운영에 관한 사항은 해당 지방자치단체의 조례로 정한다.,위임,조례,5,설치·지정 및 운영 사항을 지방자치단체 조례에 위임하는 종결형 문장이다.
P06003,② 제1항에 따른 읍·면·동 평생학습센터의 설치 또는 지정 및 운영에 관한 사항은 해당 지방자치단체의 조례로 정한다.,위임,조례,5,설치·지정 및 운영 사항을 해당 지방자치단체 조례로 정하도록 규율권한을 넘긴다.
P06004,② 제1항에 따른 읍·면·동 평생학습센터의 설치 또는 지정 및 운영에 관한 사항은 해당 지방자치단체의 조례로 정한다.,위임,조례,5,설치·지정 및 운영 사항을 지방자치단체 조례에 규율권한으로 넘긴다.
P06005,② 제1항에 따른 읍·면·동 평생학습센터의 설치 또는 지정 및 운영에 관한 사항은 해당 지방자치단체의 조례로 정한다.,위임,조례,5,설치·지정 및 운영 사항을 해당 지방자치단체 조례로 정하도록 규율권한을 넘긴다.
P06006,② 제1항에 따른 읍·면·동 평생학습센터의 설치 또는 지정 및 운영에 관한 사항은 해당 지방자치단체의 조례로 정한다.,위임,조례,5,설치·지정 및 운영 사항을 지방자치단체 조례로 정하도록 규율권한을 넘긴다.
P06007,② 제1항에 따른 읍·면·동 평생학습센터의 설치 또는 지정 및 운영에 관한 사항은 해당 지방자치단체의 조례로 정한다.,위임,조례,5,설치·지정 및 운영 사항의 규율권한을 해당 지방자치단체 조례에 넘긴다.
P06008,② 제1항에 따른 읍·면·동 평생학습센터의 설치 또는 지정 및 운영에 관한 사항은 해당 지방자치단체의 조례로 정한다.,위임,조례,5,설치·지정·운영 사항을 지방자치단체 조례로 정하도록 규율권한을 넘긴다.
P06009,② 제1항에 따른 읍·면·동 평생학습센터의 설치 또는 지정 및 운영에 관한 사항은 해당 지방자치단체의 조례로 정한다.,위임,조례,5,설치·지정 및 운영 사항을 지방자치단체 조례에 규율권한을 넘기는 위임 규정이다.
P06010,② 제1항에 따른 읍·면·동 평생학습센터의 설치 또는 지정 및 운영에 관한 사항은 해당 지방자치단체의 조례로 정한다.,위임,조례,5,설치·지정 및 운영 사항을 해당 지방자치단체 조례로 정하도록 규율권한을 넘긴다.
P06011,② 제1항에 따른 읍·면·동 평생학습센터의 설치 또는 지정 및 운영에 관한 사항은 해당 지방자치단체의 조례로 정한다.,위임,조례,5,설치·지정 및 운영 사항을 지방자치단체 조례로 정하도록 규율권한을 넘긴다.
P06012,② 제1항에 따른 읍·면·동 평생학습센터의 설치 또는 지정 및 운영에 관한 사항은 해당 지방자치단체의 조례로 정한다.,위임,조례,5,설치·지정 및 운영 사항을 지방자치단체 조례에 규율권한으로 넘긴다.
P06013,② 제1항에 따른 읍·면·동 평생학습센터의 설치 또는 지정 및 운영에 관한 사항은 해당 지방자치단체의 조례로 정한다.,위임,조례,5,설치·지정 및 운영 사항을 지방자치단체 조례로 정하도록 규율권한을 넘긴다.
P06014,② 제1항에 따른 읍·면·동 평생학습센터의 설치 또는 지정 및 운영에 관한 사항은 해당 지방자치단체의 조례로 정한다.,위임,조례,5,설치·지정 및 운영 사항을 해당 지방자치단체 조례에 규율권한으로 넘긴다.
P06015,② 제1항에 따른 읍·면·동 평생학습센터의 설치 또는 지정 및 운영에 관한 사항은 해당 지방자치단체의 조례로 정한다.,위임,조례,5,설치·지정 및 운영 사항을 해당 지방자치단체 조례로 정하도록 규율권한을 넘긴다.
P06016,② 제1항에 따른 읍·면·동 평생학습센터의 설치 또는 지정 및 운영에 관한 사항은 해당 지방자치단체의 조례로 정한다.,위임,조례,5,설치·지정 및 운영 사항을 지방자치단체 조례에 정하도록 규율권한을 넘긴다.
P06017,② 제1항에 따른 읍·면·동 평생학습센터의 설치 또는 지정 및 운영에 관한 사항은 해당 지방자치단체의 조례로 정한다.,위임,조례,5,설치·지정 및 운영 사항의 규율권한을 해당 지방자치단체 조례에 넘긴다.
P06018,② 제1항에 따른 읍·면·동 평생학습센터의 설치 또는 지정 및 운영에 관한 사항은 해당 지방자치단체의 조례로 정한다.,위임,조례,5,설치·지정 및 운영 사항을 지방자치단체 조례에 정하도록 규율권한을 넘긴다.
P06019,② 제1항에 따른 읍·면·동 평생학습센터의 설치 또는 지정 및 운영에 관한 사항은 해당 지방자치단체의 조례로 정한다.,위임,조례,5,설치·지정 및 운영 사항을 지방자치단체 조례로 정하도록 규율권한을 넘긴다.
P06020,② 제1항에 따른 읍·면·동 평생학습센터의 설치 또는 지정 및 운영에 관한 사항은 해당 지방자치단체의 조례로 정한다.,위임,조례,5,설치·지정·운영 사항을 해당 지방자치단체의 조례에 규율권한을 넘기는 위임이다.
P06021,② 제1항에 따른 읍·면·동 평생학습센터의 설치 또는 지정 및 운영에 관한 사항은 해당 지방자치단체의 조례로 정한다.,위임,조례,5,설치·지정 및 운영 사항을 지방자치단체 조례에 정하도록 규율권한을 넘긴다.
P06022,② 제1항에 따른 읍·면·동 평생학습센터의 설치 또는 지정 및 운영에 관한 사항은 해당 지방자치단체의 조례로 정한다.,위임,조례,5,설치·지정 및 운영 사항을 지방자치단체 조례로 정하도록 규율권한을 넘긴다.
P06023,② 제1항에 따른 읍·면·동 평생학습센터의 설치 또는 지정 및 운영에 관한 사항은 해당 지방자치단체의 조례로 정한다.,위임,조례,5,설치·지정 및 운영 사항을 해당 지방자치단체의 조례로 정하도록 규율권한을 넘긴다.
P06024,② 제1항에 따른 읍·면·동 평생학습센터의 설치 또는 지정 및 운영에 관한 사항은 해당 지방자치단체의 조례로 정한다.,위임,조례,5,설치·지정 및 운영 사항을 지방자치단체 조례에 규율권한으로 넘긴다.
P06025,② 제1항에 따른 읍·면·동 평생학습센터의 설치 또는 지정 및 운영에 관한 사항은 해당 지방자치단체의 조례로 정한다.,위임,조례,5,설치·지정 및 운영에 관한 사항을 지방자치단체 조례에 정하도록 규율권한을 넘긴다.
P06026,② 제1항에 따른 읍·면·동 평생학습센터의 설치 또는 지정 및 운영에 관한 사항은 해당 지방자치단체의 조례로 정한다.,위임,조례,5,설치·지정 및 운영 사항을 해당 지방자치단체 조례에 규율권한을 넘긴다.
P06027,② 제1항에 따른 읍·면·동 평생학습센터의 설치 또는 지정 및 운영에 관한 사항은 해당 지방자치단체의 조례로 정한다.,위임,조례,5,설치·지정 및 운영에 관한 사항을 지방자치단체 조례로 정하도록 규율권한을 넘긴다.
P06028,② 제1항에 따른 읍·면·동 평생학습센터의 설치 또는 지정 및 운영에 관한 사항은 해당 지방자치단체의 조례로 정한다.,위임,조례,5,설치·지정 및 운영 사항을 해당 지방자치단체 조례에 규율권한으로 넘긴다.
P06029,② 제1항에 따른 읍·면·동 평생학습센터의 설치 또는 지정 및 운영에 관한 사항은 해당 지방자치단체의 조례로 정한다.,위임,조례,5,설치·지정 및 운영 사항을 지방자치단체 조례에 규율권한을 넘기는 위임이다.
P06030,② 제1항에 따른 읍·면·동 평생학습센터의 설치 또는 지정 및 운영에 관한 사항은 해당 지방자치단체의 조례로 정한다.,위임,조례,5,설치·지정 및 운영 사항을 해당 지방자치단체의 조례로 정하도록 규율권한을 넘긴다.
P06031,② 제1항에 따른 읍·면·동 평생학습센터의 설치 또는 지정 및 운영에 관한 사항은 해당 지방자치단체의 조례로 정한다.,위임,조례,5,설치·지정 및 운영 사항을 해당 지방자치단체의 조례로 정하도록 규율권한을 넘긴다.
P06032,② 제1항에 따른 읍·면·동 평생학습센터의 설치 또는 지정 및 운영에 관한 사항은 해당 지방자치단체의 조례로 정한다.,위임,조례,5,설치·지정 및 운영 사항을 지방자치단체 조례로 정하도록 규율권한을 넘긴다.
P06033,② 제1항에 따른 읍·면·동 평생학습센터의 설치 또는 지정 및 운영에 관한 사항은 해당 지방자치단체의 조례로 정한다.,위임,조례,5,설치·지정 및 운영 사항을 지방자치단체 조례로 정하도록 규율권한을 넘긴다.
P06034,② 제1항에 따른 읍·면·동 평생학습센터의 설치 또는 지정 및 운영에 관한 사항은 해당 지방자치단체의 조례로 정한다.,위임,조례,5,설치·지정 및 운영 사항을 지방자치단체 조례에 정하도록 규율권한을 넘긴다.
P06035,② 제1항에 따른 읍·면·동 평생학습센터의 설치 또는 지정 및 운영에 관한 사항은 해당 지방자치단체의 조례로 정한다.,위임,조례,5,설치·지정 및 운영에 관한 사항의 규율권한을 지방자치단체 조례에 넘기는 위임 규정이다.
P06036,② 제1항에 따른 읍·면·동 평생학습센터의 설치 또는 지정 및 운영에 관한 사항은 해당 지방자치단체의 조례로 정한다.,위임,조례,5,설치·지정 및 운영 사항을 지방자치단체 조례로 정하도록 규율권한을 넘긴다.
P06037,② 제1항에 따른 읍·면·동 평생학습센터의 설치 또는 지정 및 운영에 관한 사항은 해당 지방자치단체의 조례로 정한다.,위임,조례,5,설치·지정 및 운영 사항을 해당 지방자치단체 조례로 정하도록 규율권한을 넘긴다.
P06038,② 제1항에 따른 읍·면·동 평생학습센터의 설치 또는 지정 및 운영에 관한 사항은 해당 지방자치단체의 조례로 정한다.,위임,조례,5,설치·지정 및 운영 사항을 해당 지방자치단체 조례에 정하도록 규율권한을 넘긴다.
P06039,② 제1항에 따른 읍·면·동 평생학습센터의 설치 또는 지정 및 운영에 관한 사항은 해당 지방자치단체의 조례로 정한다.,위임,조례,5,설치·지정 및 운영 사항을 지방자치단체 조례에 정하도록 규율권한을 넘긴다.
P06040,② 제1항에 따른 읍·면·동 평생학습센터의 설치 또는 지정 및 운영에 관한 사항은 해당 지방자치단체의 조례로 정한다.,위임,조례,5,설치·지정 및 운영 사항을 해당 지방자치단체 조례에 규율권한을 넘기는 위임이다.
P06041,② 제1항에 따른 읍·면·동 평생학습센터의 설치 또는 지정 및 운영에 관한 사항은 해당 지방자치단체의 조례로 정한다.,위임,조례,5,설치·지정 및 운영 사항의 규율권한을 해당 지방자치단체 조례에 넘긴다.
P06042,② 제1항에 따른 읍·면·동 평생학습센터의 설치 또는 지정 및 운영에 관한 사항은 해당 지방자치단체의 조례로 정한다.,위임,조례,5,설치·지정 및 운영 사항을 해당 지방자치단체 조례에 규율권한으로 넘긴다.
P06043,② 제1항에 따른 읍·면·동 평생학습센터의 설치 또는 지정 및 운영에 관한 사항은 해당 지방자치단체의 조례로 정한다.,위임,조례,5,설치·지정 및 운영에 관한 사항을 지방자치단체 조례에 위임한다.
P06044,② 제1항에 따른 읍·면·동 평생학습센터의 설치 또는 지정 및 운영에 관한 사항은 해당 지방자치단체의 조례로 정한다.,위임,조례,5,설치·지정·운영 사항을 해당 지방자치단체 조례로 정하도록 규율권한을 넘긴다.
P06045,② 제1항에 따른 읍·면·동 평생학습센터의 설치 또는 지정 및 운영에 관한 사항은 해당 지방자치단체의 조례로 정한다.,위임,조례,5,설치·지정 및 운영 사항을 해당 지방자치단체 조례에 규율권한을 넘기는 위임이다.
P06046,② 제1항에 따른 읍·면·동 평생학습센터의 설치 또는 지정 및 운영에 관한 사항은 해당 지방자치단체의 조례로 정한다.,위임,조례,5,설치·지정·운영 사항을 지방자치단체 조례로 정하도록 규율권한을 넘긴다.
P06047,② 제1항에 따른 읍·면·동 평생학습센터의 설치 또는 지정 및 운영에 관한 사항은 해당 지방자치단체의 조례로 정한다.,위임,조례,5,읍·면·동 평생학습센터의 설치·지정 및 운영 사항을 지방자치단체 조례에 규율권한을 넘긴다.
P06048,② 제1항에 따른 읍·면·동 평생학습센터의 설치 또는 지정 및 운영에 관한 사항은 해당 지방자치단체의 조례로 정한다.,위임,조례,5,설치·지정 및 운영 사항을 해당 지방자치단체 조례에 정하도록 규율권한을 넘긴다.
P06049,② 제1항에 따른 읍·면·동 평생학습센터의 설치 또는 지정 및 운영에 관한 사항은 해당 지방자치단체의 조례로 정한다.,위임,조례,5,읍·면·동 평생학습센터의 설치·지정·운영 사항을 지방자치단체 조례에 정하도록 규율권한을 넘긴다.
P06050,② 제1항에 따른 읍·면·동 평생학습센터의 설치 또는 지정 및 운영에 관한 사항은 해당 지방자치단체의 조례로 정한다.,위임,조례,5,설치·지정 및 운영 사항을 지방자치단체 조례에 규율권한을 넘기는 위임이다.
P06051,② 제1항에 따른 읍·면·동 평생학습센터의 설치 또는 지정 및 운영에 관한 사항은 해당 지방자치단체의 조례로 정한다.,위임,조례,5,설치·지정 및 운영 사항의 규율권한을 지방자치단체 조례에 넘기는 종결형 위임이다.
P06052,② 제1항에 따른 읍·면·동 평생학습센터의 설치 또는 지정 및 운영에 관한 사항은 해당 지방자치단체의 조례로 정한다.,위임,조례,5,읍·면·동 평생학습센터의 설치·지정·운영 사항을 지방자치단체 조례에 정하도록 규율권한을 넘긴다.
P06053,② 제1항에 따른 읍·면·동 평생학습센터의 설치 또는 지정 및 운영에 관한 사항은 해당 지방자치단체의 조례로 정한다.,위임,조례,5,설치·지정 및 운영에 관한 사항을 지방자치단체 조례로 정하도록 규율권한을 넘긴다.
P06054,② 제1항에 따른 읍·면·동 평생학습센터의 설치 또는 지정 및 운영에 관한 사항은 해당 지방자치단체의 조례로 정한다.,위임,조례,5,설치·지정 및 운영 사항을 지방자치단체 조례로 정하도록 규율권한을 넘긴다.
P06055,② 제1항에 따른 읍·면·동 평생학습센터의 설치 또는 지정 및 운영에 관한 사항은 해당 지방자치단체의 조례로 정한다.,위임,조례,5,설치·지정 및 운영 사항을 지방자치단체 조례에 정하도록 규율권한을 넘긴다.
P06056,② 제1항에 따른 읍·면·동 평생학습센터의 설치 또는 지정 및 운영에 관한 사항은 해당 지방자치단체의 조례로 정한다.,위임,조례,5,설치·지정 및 운영 사항을 해당 지방자치단체 조례에 규율권한을 넘긴다.
P06057,② 제1항에 따른 읍·면·동 평생학습센터의 설치 또는 지정 및 운영에 관한 사항은 해당 지방자치단체의 조례로 정한다.,위임,조례,5,설치·지정 및 운영에 관한 사항을 지방자치단체 조례에 규율권한을 넘기는 위임이다.
P06058,② 제1항에 따른 읍·면·동 평생학습센터의 설치 또는 지정 및 운영에 관한 사항은 해당 지방자치단체의 조례로 정한다.,위임,조례,5,설치·지정 및 운영 사항을 지방자치단체 조례로 정하도록 규율권한을 넘긴다.
P06059,② 제1항에 따른 읍·면·동 평생학습센터의 설치 또는 지정 및 운영에 관한 사항은 해당 지방자치단체의 조례로 정한다.,위임,조례,5,설치·지정 및 운영 사항을 해당 지방자치단체의 조례로 정하도록 규율권한을 넘긴다.
P06060,② 제1항에 따른 읍·면·동 평생학습센터의 설치 또는 지정 및 운영에 관한 사항은 해당 지방자치단체의 조례로 정한다.,위임,조례,5,설치·지정 및 운영 사항을 해당 지방자치단체의 조례에 규율권한을 넘긴다.
P06061,② 제1항에 따른 읍·면·동 평생학습센터의 설치 또는 지정 및 운영에 관한 사항은 해당 지방자치단체의 조례로 정한다.,위임,조례,5,설치·지정 및 운영 사항을 지방자치단체 조례로 정하도록 규율권한을 넘긴다.
P06062,② 제1항에 따른 읍·면·동 평생학습센터의 설치 또는 지정 및 운영에 관한 사항은 해당 지방자치단체의 조례로 정한다.,위임,조례,5,설치·지정 및 운영 사항을 지방자치단체 조례로 정하도록 규율권한을 넘긴다.
P06063,② 제1항에 따른 읍·면·동 평생학습센터의 설치 또는 지정 및 운영에 관한 사항은 해당 지방자치단체의 조례로 정한다.,위임,조례,5,설치·지정 및 운영 사항을 지방자치단체 조례에 규율권한을 넘기는 종결형 위임이다.
P06064,② 제1항에 따른 읍·면·동 평생학습센터의 설치 또는 지정 및 운영에 관한 사항은 해당 지방자치단체의 조례로 정한다.,위임,조례,5,설치·지정 및 운영 사항을 지방자치단체 조례에 규율권한을 넘기는 위임이다.
P06065,② 제1항에 따른 읍·면·동 평생학습센터의 설치 또는 지정 및 운영에 관한 사항은 해당 지방자치단체의 조례로 정한다.,위임,조례,5,읍·면·동 평생학습센터의 설치·지정·운영 사항을 지방자치단체 조례로 정하도록 규율권한을 넘긴다.
P06066,② 제1항에 따른 읍·면·동 평생학습센터의 설치 또는 지정 및 운영에 관한 사항은 해당 지방자치단체의 조례로 정한다.,위임,조례,5,설치·지정 및 운영 사항을 지방자치단체 조례에 정하도록 규율권한을 넘긴다.
P06067,② 제1항에 따른 읍·면·동 평생학습센터의 설치 또는 지정 및 운영에 관한 사항은 해당 지방자치단체의 조례로 정한다.,위임,조례,5,설치·지정 및 운영 사항의 규율권한을 지방자치단체 조례에 넘긴다.
P06068,② 제1항에 따른 읍·면·동 평생학습센터의 설치 또는 지정 및 운영에 관한 사항은 해당 지방자치단체의 조례로 정한다.,위임,조례,5,설치·지정 및 운영 사항을 지방자치단체 조례에 규율권한을 넘기는 위임 규정이다.
P06069,② 제1항에 따른 읍·면·동 평생학습센터의 설치 또는 지정 및 운영에 관한 사항은 해당 지방자치단체의 조례로 정한다.,위임,조례,5,설치·지정·운영 사항을 지방자치단체 조례에 규율권한으로 넘긴다.
P06070,② 제1항에 따른 읍·면·동 평생학습센터의 설치 또는 지정 및 운영에 관한 사항은 해당 지방자치단체의 조례로 정한다.,위임,조례,5,설치·지정 및 운영 사항을 지방자치단체 조례로 정하도록 규율권한을 넘긴다.
P06071,② 제1항에 따른 읍·면·동 평생학습센터의 설치 또는 지정 및 운영에 관한 사항은 해당 지방자치단체의 조례로 정한다.,위임,조례,5,설치·지정·운영 사항을 지방자치단체 조례에 규율권한을 넘기는 위임이다.
P06072,② 제1항에 따른 읍·면·동 평생학습센터의 설치 또는 지정 및 운영에 관한 사항은 해당 지방자치단체의 조례로 정한다.,위임,조례,5,설치·지정 및 운영 사항의 규율권한을 해당 지방자치단체 조례에 넘기는 위임이다.
P06073,② 제1항에 따른 읍·면·동 평생학습센터의 설치 또는 지정 및 운영에 관한 사항은 해당 지방자치단체의 조례로 정한다.,위임,조례,5,설치·지정 및 운영에 관한 사항을 지방자치단체 조례에 규율권한으로 넘긴다.
P06074,② 제1항에 따른 읍·면·동 평생학습센터의 설치 또는 지정 및 운영에 관한 사항은 해당 지방자치단체의 조례로 정한다.,위임,조례,5,설치·지정 및 운영 사항을 해당 지방자치단체의 조례로 정하도록 규율권한을 넘긴다.
P06075,② 제1항에 따른 읍·면·동 평생학습센터의 설치 또는 지정 및 운영에 관한 사항은 해당 지방자치단체의 조례로 정한다.,위임,조례,5,설치·지정 및 운영 사항을 해당 지방자치단체 조례로 정하도록 규율권한을 넘긴다.
P06076,② 제1항에 따른 읍·면·동 평생학습센터의 설치 또는 지정 및 운영에 관한 사항은 해당 지방자치단체의 조례로 정한다.,위임,조례,5,설치·지정·운영 사항을 지방자치단체 조례로 정하도록 규율권한을 넘긴다.
P06077,② 제1항에 따른 읍·면·동 평생학습센터의 설치 또는 지정 및 운영에 관한 사항은 해당 지방자치단체의 조례로 정한다.,위임,조례,5,설치·지정 및 운영에 관한 사항을 지방자치단체 조례에 위임하는 종결형 규정이다.
P06078,② 제1항에 따른 읍·면·동 평생학습센터의 설치 또는 지정 및 운영에 관한 사항은 해당 지방자치단체의 조례로 정한다.,위임,조례,5,설치·지정 및 운영 사항을 지방자치단체 조례로 정하도록 규율권한을 넘긴다.
P06079,② 제1항에 따른 읍·면·동 평생학습센터의 설치 또는 지정 및 운영에 관한 사항은 해당 지방자치단체의 조례로 정한다.,위임,조례,5,읍·면·동 평생학습센터의 설치·지정·운영 사항을 지방자치단체 조례로 정하도록 규율권한을 넘긴다.
P06080,② 제1항에 따른 읍·면·동 평생학습센터의 설치 또는 지정 및 운영에 관한 사항은 해당 지방자치단체의 조례로 정한다.,위임,조례,5,설치·지정 및 운영에 관한 사항을 지방자치단체 조례로 정하도록 규율권한을 넘긴다.
P06081,② 제1항에 따른 읍·면·동 평생학습센터의 설치 또는 지정 및 운영에 관한 사항은 해당 지방자치단체의 조례로 정한다.,위임,조례,5,설치·지정 및 운영 사항을 지방자치단체 조례로 정하도록 규율권한을 넘긴다.
P06082,② 제1항에 따른 읍·면·동 평생학습센터의 설치 또는 지정 및 운영에 관한 사항은 해당 지방자치단체의 조례로 정한다.,위임,조례,5,설치·지정 및 운영 사항을 지방자치단체 조례로 정하도록 규율권한을 넘긴다.
P06083,② 제1항에 따른 읍·면·동 평생학습센터의 설치 또는 지정 및 운영에 관한 사항은 해당 지방자치단체의 조례로 정한다.,위임,조례,5,설치·지정 및 운영 사항을 지방자치단체 조례로 정하도록 규율권한을 넘긴다.
P06084,② 제1항에 따른 읍·면·동 평생학습센터의 설치 또는 지정 및 운영에 관한 사항은 해당 지방자치단체의 조례로 정한다.,위임,조례,5,설치·지정 및 운영 사항을 지방자치단체 조례로 정하도록 규율권한을 넘긴다.
P06085,② 제1항에 따른 읍·면·동 평생학습센터의 설치 또는 지정 및 운영에 관한 사항은 해당 지방자치단체의 조례로 정한다.,위임,조례,5,설치·지정·운영 사항을 지방자치단체 조례에 규율권한으로 넘긴다.
P06086,② 제1항에 따른 읍·면·동 평생학습센터의 설치 또는 지정 및 운영에 관한 사항은 해당 지방자치단체의 조례로 정한다.,위임,조례,5,설치·지정 및 운영 사항의 규율권한을 지방자치단체 조례에 넘기는 위임이다.
P06087,② 제1항에 따른 읍·면·동 평생학습센터의 설치 또는 지정 및 운영에 관한 사항은 해당 지방자치단체의 조례로 정한다.,위임,조례,5,설치·지정 및 운영에 관한 사항의 규율권한을 지방자치단체 조례에 넘긴다.
P06088,② 제1항에 따른 읍·면·동 평생학습센터의 설치 또는 지정 및 운영에 관한 사항은 해당 지방자치단체의 조례로 정한다.,위임,조례,5,설치·지정 및 운영 사항을 지방자치단체 조례에 정하도록 규율권한을 넘긴다.
P06089,② 제1항에 따른 읍·면·동 평생학습센터의 설치 또는 지정 및 운영에 관한 사항은 해당 지방자치단체의 조례로 정한다.,위임,조례,5,문말 종결형으로 지방자치단체 조례에 규율권한을 넘긴다.
P06090,② 제1항에 따른 읍·면·동 평생학습센터의 설치 또는 지정 및 운영에 관한 사항은 해당 지방자치단체의 조례로 정한다.,위임,조례,5,설치·지정 및 운영 사항을 지방자치단체 조례로 정하도록 규율권한을 넘긴다.
P06091,② 제1항에 따른 읍·면·동 평생학습센터의 설치 또는 지정 및 운영에 관한 사항은 해당 지방자치단체의 조례로 정한다.,위임,조례,5,설치·지정·운영 사항을 지방자치단체 조례에 규율권한을 넘기는 위임이다.
P06092,② 제1항에 따른 읍·면·동 평생학습센터의 설치 또는 지정 및 운영에 관한 사항은 해당 지방자치단체의 조례로 정한다.,위임,조례,5,설치·지정 및 운영 사항을 지방자치단체 조례로 정하도록 규율권한을 넘긴다.
P06093,② 제1항에 따른 읍·면·동 평생학습센터의 설치 또는 지정 및 운영에 관한 사항은 해당 지방자치단체의 조례로 정한다.,위임,조례,5,설치·지정 및 운영 사항을 지방자치단체 조례에 정하도록 규율권한을 넘긴다.
P06094,② 제1항에 따른 읍·면·동 평생학습센터의 설치 또는 지정 및 운영에 관한 사항은 해당 지방자치단체의 조례로 정한다.,위임,조례,5,설치·지정 및 운영 사항을 해당 지방자치단체 조례로 정하도록 규율권한을 넘긴다.
P06095,② 제1항에 따른 읍·면·동 평생학습센터의 설치 또는 지정 및 운영에 관한 사항은 해당 지방자치단체의 조례로 정한다.,위임,조례,5,설치·지정 및 운영 사항을 지방자치단체 조례에 규율권한으로 넘긴다.
P06096,② 제1항에 따른 읍·면·동 평생학습센터의 설치 또는 지정 및 운영에 관한 사항은 해당 지방자치단체의 조례로 정한다.,위임,조례,5,설치·지정 및 운영 사항을 지방자치단체 조례에 규율권한으로 넘긴다.
P06097,위하여 대통령령으로,판단불가,해당없음,4,문장이 '위하여 대통령령으로'에서 잘려 규율권한 이전 여부를 확정할 수 없다.
P06098,대통령령으로 정하는,판단불가,대통령령,3,문장이 잘려 서술어가 없어 위임 여부를 확정할 수 없으나 문언상 지정된 법형식은 대통령령이다.
P06099,대통령령으로 정한다,위임,대통령령,5,문말 종결형 '대통령령으로 정한다'로 규율권한을 대통령령에 넘긴다.
P06100,대통령령으로 정하는,판단불가,대통령령,2,문장이 '대통령령으로 정하는'에서 잘려 규율 대상과 종결 형태를 확인할 수 없어 위임 여부를 확정할 수 없다.
P06101,인정되는 기관에서 교육부령으로,판단불가,해당없음,4,문장이 중간에서 잘려 있어 교육부령이 규율권한 위임인지 기존 규범 인용인지 판정할 수 없다.
P06102,한다)에서 교육부령으로,판단불가,부령,2,"문장이 중간에서 잘려 규율권한 이전 여부를 확정할 수 없고, 문언상 '교육부령'만 드러난다."
P06103,학점은행기관에서 교육부령으로,판단불가,미특정,4,문장이 중간에 잘려 위임 여부와 규율 대상을 확인할 수 없다.
P06104,대통령령으로 정하는,판단불가,해당없음,4,문장이 '대통령령으로 정하는'에서 잘려 무엇을 위임하는지 확인할 수 없다.
P06105,필요한 사항은 대통령령으로,판단불가,대통령령,3,문장이 종결부 없이 잘려 있어 위임 종결인지 인용 표현인지 확정할 수 없으나 표지어구는 대통령령이다.
P06106,필요한 사항은 대통령령으로,판단불가,대통령령,3,문장이 종결부 없이 잘려 있어 위임 여부를 확정할 수 없으나 표지어구상 대통령령이 지목되어 있다.
P06107,필요한 사항은 대통령령으로,판단불가,대통령령,3,문장이 '대통령령으로'에서 잘려 종결 표현이 없어 위임 여부를 확정할 수 없으나 표지어구는 대통령령이다.
P06108,필요한 사항은 대통령령으로,판단불가,대통령령,3,문장이 종결부 없이 잘려 있어 위임 여부를 확정할 수 없으나 표지어구로 대통령령이 언급된다.
P06109,필요한 사항은 대통령령으로,판단불가,대통령령,3,문장이 종결부 없이 잘려 있어 위임 여부를 확정할 수 없으나 문언상 대통령령이 지목되어 있다.
P06110,교육부령으로 정하는,판단불가,부령,2,문장이 '교육부령으로 정하는'에서 절단되어 위임 대상과 종결 구조를 확인할 수 없다.
P06111,대통령령으로 정하는,판단불가,대통령령,3,문장이 '대통령령으로 정하는'에서 잘려 있어 위임인지 인용인지 종결 형태를 확인할 수 없다.
P06112,배치기준은 대통령령으로,판단불가,대통령령,3,문장이 '대통령령으로'에서 잘려 종결 문언이 없어 위임 여부를 확정할 수 없으나 표지어구는 대통령령이다.
P06113,대통령령으로 정한다,위임,대통령령,4,문장이 축약되어 있으나 '대통령령으로 정한다'는 종결형 위임 문언으로 실태조사 관련 사항의 규율권한을 대통령령에 넘긴다.
P06114,대통령령으로 정하는,판단불가,대통령령,2,문장이 '대통령령으로 정하는'에서 끊겨 무엇을 위임하는지 확인할 수 없어 판정이 불가하나 표지 법형식은 대통령령이다.
P06115,③ 제2조제2호가목에 따른 평생교육기관의 설치자는 특별시ㆍ광역시ㆍ특별자치시ㆍ도ㆍ특별자치도(이하 “시ㆍ도”라 한다)의 조례로 정하는 바에 따라 평생교육시설의 운영과 관련하여 그 시설의 이용자에게 발생한 생명ㆍ신체상의 손해를 배상할 것을 내용으로 하는 보험가입 또는 공제사업에의 가입 등 필요한 안전조치를 하여야 한다,위임,조례,5,시·도 조례로 정하는 바에 따라 안전조치를 하도록 규율권한을 조례에 넘긴다.
P06116,③ 제2조제2호가목에 따른 평생교육기관의 설치자는 특별시ㆍ광역시ㆍ특별자치시ㆍ도ㆍ특별자치도(이하 “시ㆍ도”라 한다)의 조례로 정하는 바에 따라 평생교육시설의 운영과 관련하여 그 시설의 이용자에게 발생한 생명ㆍ신체상의 손해를 배상할 것을 내용으로 하는 보험가입 또는 공제사업에의 가입 등 필요한 안전조치를 하여야 한다,위임,조례,5,안전조치의 구체적 내용을 시·도 조례로 정하도록 규율권한을 넘긴다.
P06117,③ 제2조제2호가목에 따른 평생교육기관의 설치자는 특별시ㆍ광역시ㆍ특별자치시ㆍ도ㆍ특별자치도(이하 “시ㆍ도”라 한다)의 조례로 정하는 바에 따라 평생교육시설의 운영과 관련하여 그 시설의 이용자에게 발생한 생명ㆍ신체상의 손해를 배상할 것을 내용으로 하는 보험가입 또는 공제사업에의 가입 등 필요한 안전조치를 하여야 한다,위임,조례,5,안전조치의 구체적 내용을 시·도 조례로 정하도록 규율권한을 넘긴다.
P06118,③ 제2조제2호가목에 따른 평생교육기관의 설치자는 특별시ㆍ광역시ㆍ특별자치시ㆍ도ㆍ특별자치도(이하 “시ㆍ도”라 한다)의 조례로 정하는 바에 따라 평생교육시설의 운영과 관련하여 그 시설의 이용자에게 발생한 생명ㆍ신체상의 손해를 배상할 것을 내용으로 하는 보험가입 또는 공제사업에의 가입 등 필요한 안전조치를 하여야 한다,위임,조례,5,안전조치의 구체적 내용과 방법을 시·도 조례로 정하도록 규율권한을 넘긴다.
P06119,③ 제2조제2호가목에 따른 평생교육기관의 설치자는 특별시ㆍ광역시ㆍ특별자치시ㆍ도ㆍ특별자치도(이하 “시ㆍ도”라 한다)의 조례로 정하는 바에 따라 평생교육시설의 운영과 관련하여 그 시설의 이용자에게 발생한 생명ㆍ신체상의 손해를 배상할 것을 내용으로 하는 보험가입 또는 공제사업에의 가입 등 필요한 안전조치를 하여야 한다,위임,조례,5,안전조치의 구체적 내용과 방법을 시·도 조례로 정하도록 규율권한을 넘긴다.
P06120,③ 제2조제2호가목에 따른 평생교육기관의 설치자는 특별시ㆍ광역시ㆍ특별자치시ㆍ도ㆍ특별자치도(이하 “시ㆍ도”라 한다)의 조례로 정하는 바에 따라 평생교육시설의 운영과 관련하여 그 시설의 이용자에게 발생한 생명ㆍ신체상의 손해를 배상할 것을 내용으로 하는 보험가입 또는 공제사업에의 가입 등 필요한 안전조치를 하여야 한다,위임,조례,5,안전조치의 구체적 내용과 방법을 시·도 조례로 정하도록 규율권한을 넘긴다.
P06121,③ 제2조제2호가목에 따른 평생교육기관의 설치자는 특별시ㆍ광역시ㆍ특별자치시ㆍ도ㆍ특별자치도(이하 “시ㆍ도”라 한다)의 조례로 정하는 바에 따라 평생교육시설의 운영과 관련하여 그 시설의 이용자에게 발생한 생명ㆍ신체상의 손해를 배상할 것을 내용으로 하는 보험가입 또는 공제사업에의 가입 등 필요한 안전조치를 하여야 한다,위임,조례,5,안전조치의 구체적 사항을 시·도 조례로 정하도록 규율권한을 넘긴다.
P06122,③ 제2조제2호가목에 따른 평생교육기관의 설치자는 특별시ㆍ광역시ㆍ특별자치시ㆍ도ㆍ특별자치도(이하 “시ㆍ도”라 한다)의 조례로 정하는 바에 따라 평생교육시설의 운영과 관련하여 그 시설의 이용자에게 발생한 생명ㆍ신체상의 손해를 배상할 것을 내용으로 하는 보험가입 또는 공제사업에의 가입 등 필요한 안전조치를 하여야 한다,위임,조례,5,안전조치의 구체적 내용을 시·도 조례로 정하도록 규율권한을 넘긴다.
P06123,③ 제2조제2호가목에 따른 평생교육기관의 설치자는 특별시ㆍ광역시ㆍ특별자치시ㆍ도ㆍ특별자치도(이하 “시ㆍ도”라 한다)의 조례로 정하는 바에 따라 평생교육시설의 운영과 관련하여 그 시설의 이용자에게 발생한 생명ㆍ신체상의 손해를 배상할 것을 내용으로 하는 보험가입 또는 공제사업에의 가입 등 필요한 안전조치를 하여야 한다,위임,조례,5,안전조치의 구체적 내용과 방법을 시·도 조례로 정하도록 규율권한을 넘긴다.
P06124,③ 제2조제2호가목에 따른 평생교육기관의 설치자는 특별시ㆍ광역시ㆍ특별자치시ㆍ도ㆍ특별자치도(이하 “시ㆍ도”라 한다)의 조례로 정하는 바에 따라 평생교육시설의 운영과 관련하여 그 시설의 이용자에게 발생한 생명ㆍ신체상의 손해를 배상할 것을 내용으로 하는 보험가입 또는 공제사업에의 가입 등 필요한 안전조치를 하여야 한다,위임,조례,5,시·도 조례로 정하는 바에 따라 안전조치 내용을 규율하도록 권한을 넘긴 위임이다.
P06125,③ 제2조제2호가목에 따른 평생교육기관의 설치자는 특별시ㆍ광역시ㆍ특별자치시ㆍ도ㆍ특별자치도(이하 “시ㆍ도”라 한다)의 조례로 정하는 바에 따라 평생교육시설의 운영과 관련하여 그 시설의 이용자에게 발생한 생명ㆍ신체상의 손해를 배상할 것을 내용으로 하는 보험가입 또는 공제사업에의 가입 등 필요한 안전조치를 하여야 한다,위임,조례,5,안전조치의 구체적 내용과 방법을 시·도 조례로 정하도록 규율권한을 넘긴다.
P06126,③ 제2조제2호가목에 따른 평생교육기관의 설치자는 특별시ㆍ광역시ㆍ특별자치시ㆍ도ㆍ특별자치도(이하 “시ㆍ도”라 한다)의 조례로 정하는 바에 따라 평생교육시설의 운영과 관련하여 그 시설의 이용자에게 발생한 생명ㆍ신체상의 손해를 배상할 것을 내용으로 하는 보험가입 또는 공제사업에의 가입 등 필요한 안전조치를 하여야 한다,위임,조례,5,안전조치의 구체적 사항을 시·도 조례로 정하도록 규율권한을 넘긴다.
P06127,③ 제2조제2호가목에 따른 평생교육기관의 설치자는 특별시ㆍ광역시ㆍ특별자치시ㆍ도ㆍ특별자치도(이하 “시ㆍ도”라 한다)의 조례로 정하는 바에 따라 평생교육시설의 운영과 관련하여 그 시설의 이용자에게 발생한 생명ㆍ신체상의 손해를 배상할 것을 내용으로 하는 보험가입 또는 공제사업에의 가입 등 필요한 안전조치를 하여야 한다,위임,조례,5,안전조치의 구체적 내용과 방법을 시·도 조례로 정하도록 규율권한을 넘긴다.
P06128,③ 제2조제2호가목에 따른 평생교육기관의 설치자는 특별시ㆍ광역시ㆍ특별자치시ㆍ도ㆍ특별자치도(이하 “시ㆍ도”라 한다)의 조례로 정하는 바에 따라 평생교육시설의 운영과 관련하여 그 시설의 이용자에게 발생한 생명ㆍ신체상의 손해를 배상할 것을 내용으로 하는 보험가입 또는 공제사업에의 가입 등 필요한 안전조치를 하여야 한다,위임,조례,5,안전조치의 구체적 내용을 시·도 조례로 정하도록 규율권한을 넘긴 부분 위임이다.
P06129,③ 제2조제2호가목에 따른 평생교육기관의 설치자는 특별시ㆍ광역시ㆍ특별자치시ㆍ도ㆍ특별자치도(이하 “시ㆍ도”라 한다)의 조례로 정하는 바에 따라 평생교육시설의 운영과 관련하여 그 시설의 이용자에게 발생한 생명ㆍ신체상의 손해를 배상할 것을 내용으로 하는 보험가입 또는 공제사업에의 가입 등 필요한 안전조치를 하여야 한다,위임,조례,5,안전조치의 구체적 내용을 시·도 조례로 정하도록 규율권한을 넘긴 부분 위임이다.
P06130,③ 제2조제2호가목에 따른 평생교육기관의 설치자는 특별시ㆍ광역시ㆍ특별자치시ㆍ도ㆍ특별자치도(이하 “시ㆍ도”라 한다)의 조례로 정하는 바에 따라 평생교육시설의 운영과 관련하여 그 시설의 이용자에게 발생한 생명ㆍ신체상의 손해를 배상할 것을 내용으로 하는 보험가입 또는 공제사업에의 가입 등 필요한 안전조치를 하여야 한다,위임,조례,5,안전조치의 구체적 내용을 시·도 조례로 정하도록 규율권한을 넘긴다.
P06131,③ 제2조제2호가목에 따른 평생교육기관의 설치자는 특별시ㆍ광역시ㆍ특별자치시ㆍ도ㆍ특별자치도(이하 “시ㆍ도”라 한다)의 조례로 정하는 바에 따라 평생교육시설의 운영과 관련하여 그 시설의 이용자에게 발생한 생명ㆍ신체상의 손해를 배상할 것을 내용으로 하는 보험가입 또는 공제사업에의 가입 등 필요한 안전조치를 하여야 한다,위임,조례,5,안전조치의 구체적 내용과 방법을 시·도 조례로 정하도록 규율권한을 넘긴다.
P06132,③ 제2조제2호가목에 따른 평생교육기관의 설치자는 특별시ㆍ광역시ㆍ특별자치시ㆍ도ㆍ특별자치도(이하 “시ㆍ도”라 한다)의 조례로 정하는 바에 따라 평생교육시설의 운영과 관련하여 그 시설의 이용자에게 발생한 생명ㆍ신체상의 손해를 배상할 것을 내용으로 하는 보험가입 또는 공제사업에의 가입 등 필요한 안전조치를 하여야 한다,위임,조례,5,안전조치의 구체적 사항을 시·도 조례로 정하도록 규율권한을 넘긴다.
P06133,③ 제2조제2호가목에 따른 평생교육기관의 설치자는 특별시ㆍ광역시ㆍ특별자치시ㆍ도ㆍ특별자치도(이하 “시ㆍ도”라 한다)의 조례로 정하는 바에 따라 평생교육시설의 운영과 관련하여 그 시설의 이용자에게 발생한 생명ㆍ신체상의 손해를 배상할 것을 내용으로 하는 보험가입 또는 공제사업에의 가입 등 필요한 안전조치를 하여야 한다,위임,조례,5,안전조치의 구체적 내용을 시·도 조례로 정하도록 규율권한을 넘긴 부분 위임이다.
P06134,③ 제2조제2호가목에 따른 평생교육기관의 설치자는 특별시ㆍ광역시ㆍ특별자치시ㆍ도ㆍ특별자치도(이하 “시ㆍ도”라 한다)의 조례로 정하는 바에 따라 평생교육시설의 운영과 관련하여 그 시설의 이용자에게 발생한 생명ㆍ신체상의 손해를 배상할 것을 내용으로 하는 보험가입 또는 공제사업에의 가입 등 필요한 안전조치를 하여야 한다,위임,조례,5,안전조치의 구체적 내용을 시·도 조례로 정하도록 규율권한을 넘긴다.
P06135,③ 제2조제2호가목에 따른 평생교육기관의 설치자는 특별시ㆍ광역시ㆍ특별자치시ㆍ도ㆍ특별자치도(이하 “시ㆍ도”라 한다)의 조례로 정하는 바에 따라 평생교육시설의 운영과 관련하여 그 시설의 이용자에게 발생한 생명ㆍ신체상의 손해를 배상할 것을 내용으로 하는 보험가입 또는 공제사업에의 가입 등 필요한 안전조치를 하여야 한다,위임,조례,5,시·도 조례로 정하는 바에 따라 안전조치를 하도록 하여 조례에 규율권한을 넘긴다.
P06136,③ 제2조제2호가목에 따른 평생교육기관의 설치자는 특별시ㆍ광역시ㆍ특별자치시ㆍ도ㆍ특별자치도(이하 “시ㆍ도”라 한다)의 조례로 정하는 바에 따라 평생교육시설의 운영과 관련하여 그 시설의 이용자에게 발생한 생명ㆍ신체상의 손해를 배상할 것을 내용으로 하는 보험가입 또는 공제사업에의 가입 등 필요한 안전조치를 하여야 한다,위임,조례,5,안전조치의 구체적 사항을 시·도 조례로 정하도록 규율권한을 넘긴 부분 위임이다.
P06137,대통령령으로 정한다,위임,대통령령,4,문장이 축약되어 있으나 '대통령령으로 정한다'는 종결형으로 대통령령에 규율권한을 넘기는 위임이다.
P06138,④ 제2항 및 제3항에 따라 학교의 장이 학교를 개방할 경우 개방시간 동안의 해당 시설의 관리·운영에 필요한 사항은 해당 지방자치단체의 조례로 정한다.,위임,조례,5,학교 개방 시설의 관리·운영 필요사항을 지방자치단체 조례로 정하도록 규율권한을 넘긴다.
P06139,④ 제2항 및 제3항에 따라 학교의 장이 학교를 개방할 경우 개방시간 동안의 해당 시설의 관리·운영에 필요한 사항은 해당 지방자치단체의 조례로 정한다.,위임,조례,5,문말 종결형으로 지방자치단체 조례에 관리·운영 사항의 규율권한을 넘긴다.
P06140,④ 제2항 및 제3항에 따라 학교의 장이 학교를 개방할 경우 개방시간 동안의 해당 시설의 관리·운영에 필요한 사항은 해당 지방자치단체의 조례로 정한다.,위임,조례,5,시설 관리·운영에 필요한 사항을 지방자치단체 조례로 정하도록 규율권한을 넘긴다.
P06141,④ 제2항 및 제3항에 따라 학교의 장이 학교를 개방할 경우 개방시간 동안의 해당 시설의 관리·운영에 필요한 사항은 해당 지방자치단체의 조례로 정한다.,위임,조례,5,시설 관리·운영에 필요한 사항의 규율권한을 지방자치단체 조례에 넘기는 위임 규정이다.
P06142,④ 제2항 및 제3항에 따라 학교의 장이 학교를 개방할 경우 개방시간 동안의 해당 시설의 관리·운영에 필요한 사항은 해당 지방자치단체의 조례로 정한다.,위임,조례,5,관리·운영에 필요한 사항을 지방자치단체 조례로 정하도록 규율권한을 넘긴다.
P06143,대통령령으로 정하는,위임,대통령령,3,문장 조각이지만 '대통령령으로 정하는' 형태의 부분 위임으로 대통령령에 규율권한을 넘긴다.
P06144,사항은 대통령령으로,판단불가,대통령령,2,문장이 중간에서 잘려 종결 형태와 위임 대상 사항을 확인할 수 없으나 표지어구는 대통령령이다.
P06145,사항은 대통령령으로,판단불가,대통령령,2,문장이 '사항은 대통령령으로'에서 잘려 종결부가 없어 위임 여부를 확정할 수 없으나 문언상 법형식은 대통령령으로 표시되어 있다.
P06146,사항은 대통령령으로,판단불가,미특정,4,문장이 잘려 주어와 종결부가 없어 위임 여부를 확정할 수 없다.
P06147,사항은 대통령령으로,판단불가,해당없음,4,문장이 중간에서 잘려 종결부와 위임 대상 사항을 확인할 수 없다.
P06148,사항은 대통령령으로,판단불가,해당없음,4,문장이 잘려 서술어와 위임 범위가 확인되지 않아 판정할 수 없다.
P06149,사항은 대통령령으로,판단불가,대통령령,3,문장이 중간에서 잘려 종결형과 위임 대상 사항을 확인할 수 없어 판정이 불가하나 '대통령령'이라는 법형식 표지만 드러난다.
P06150,사항은 대통령령으로,판단불가,대통령령,3,문장이 절단되어 위임 여부를 확정할 수 없으나 문언에 '대통령령'이 명시되어 있다.
P06151,사항은 대통령령으로,판단불가,대통령령,2,문장이 중간에서 잘려 종결부가 없어 위임 여부를 확정할 수 없으나 표지어구로 대통령령이 지정되어 있다.
P06152,사항은 대통령령으로,판단불가,대통령령,2,문장이 '사항은 대통령령으로'에서 잘려 종결부가 없어 위임 여부를 확정할 수 없다.
P06153,사항은 대통령령으로,판단불가,대통령령,2,문장이 중간에서 잘려 종결형과 위임 대상 사항을 확인할 수 없어 판정이 불가하나 표지어구로 대통령령만 확인된다.
P06154,대통령령으로 정하는,판단불가,대통령령,3,문장이 '대통령령으로 정하는'에서 잘려 규율 대상과 종결 형태를 확인할 수 없어 위임 여부를 판정할 수 없다.
P06155,대통령령으로 정하는,판단불가,대통령령,2,문장이 '대통령령으로 정하는'에서 잘려 있어 위임 종결인지 요건 인용인지 확정할 수 없다.
P06156,교육부령으로 정하는,위임,부령,3,문장이 단편이나 '교육부령으로 정하는'이라는 현재형 부분 위임 문언으로 교육부령에 규율권한을 넘긴다.
P06157,⑥ 지방자치단체는 해당 지방자치단체의 조례로 정하는 바에 따라 예산의 범위 내에서 「초ㆍ중등교육법」 제2조의 학교에 준하여 제2항에 따른 학력인정 평생교육시설에 필요한 보조금을 교부하거나 그 밖의 지원을 할 수 있다.,위임,조례,4,'조례로 정하는 바에 따라'로 보조금 교부·지원 사항의 규율권한을 조례에 넘긴다.
P06158,⑥ 지방자치단체는 해당 지방자치단체의 조례로 정하는 바에 따라 예산의 범위 내에서 「초ㆍ중등교육법」 제2조의 학교에 준하여 제2항에 따른 학력인정 평생교육시설에 필요한 보조금을 교부하거나 그 밖의 지원을 할 수 있다.,위임,조례,4,보조금 교부·지원의 구체적 사항을 해당 지방자치단체 조례로 정하도록 위임하고 있다.
P06159,⑥ 지방자치단체는 해당 지방자치단체의 조례로 정하는 바에 따라 예산의 범위 내에서 「초ㆍ중등교육법」 제2조의 학교에 준하여 제2항에 따른 학력인정 평생교육시설에 필요한 보조금을 교부하거나 그 밖의 지원을 할 수 있다.,위임,조례,4,보조금 교부·지원의 구체적 사항을 지방자치단체 조례에 정하도록 규율권한을 넘기고 있다.
P06160,⑥ 지방자치단체는 해당 지방자치단체의 조례로 정하는 바에 따라 예산의 범위 내에서 「초ㆍ중등교육법」 제2조의 학교에 준하여 제2항에 따른 학력인정 평생교육시설에 필요한 보조금을 교부하거나 그 밖의 지원을 할 수 있다.,위임,조례,4,'조례로 정하는 바에 따라'로 보조금 교부 등의 세부 사항을 조례에 위임한다.
P06161,⑥ 지방자치단체는 해당 지방자치단체의 조례로 정하는 바에 따라 예산의 범위 내에서 「초ㆍ중등교육법」 제2조의 학교에 준하여 제2항에 따른 학력인정 평생교육시설에 필요한 보조금을 교부하거나 그 밖의 지원을 할 수 있다.,위임,조례,4,보조금 교부 등 지원의 기준·절차를 해당 지방자치단체의 조례로 정하도록 규율권한을 넘긴다.
P06162,⑥ 지방자치단체는 해당 지방자치단체의 조례로 정하는 바에 따라 예산의 범위 내에서 「초ㆍ중등교육법」 제2조의 학교에 준하여 제2항에 따른 학력인정 평생교육시설에 필요한 보조금을 교부하거나 그 밖의 지원을 할 수 있다.,위임,조례,4,보조금 교부·지원의 기준과 절차를 해당 지방자치단체 조례로 정하도록 규율권한을 넘기고 있다.
P06163,⑥ 지방자치단체는 해당 지방자치단체의 조례로 정하는 바에 따라 예산의 범위 내에서 「초ㆍ중등교육법」 제2조의 학교에 준하여 제2항에 따른 학력인정 평생교육시설에 필요한 보조금을 교부하거나 그 밖의 지원을 할 수 있다.,위임,조례,4,보조금 교부 등 지원의 구체적 사항을 지방자치단체 조례로 정하도록 규율권한을 넘긴다.
P06164,⑥ 지방자치단체는 해당 지방자치단체의 조례로 정하는 바에 따라 예산의 범위 내에서 「초ㆍ중등교육법」 제2조의 학교에 준하여 제2항에 따른 학력인정 평생교육시설에 필요한 보조금을 교부하거나 그 밖의 지원을 할 수 있다.,위임,조례,4,'조례로 정하는 바에 따라'로 보조금 교부 기준 등의 규율권한을 지방자치단체 조례에 넘긴다.
P06165,⑥ 지방자치단체는 해당 지방자치단체의 조례로 정하는 바에 따라 예산의 범위 내에서 「초ㆍ중등교육법」 제2조의 학교에 준하여 제2항에 따른 학력인정 평생교육시설에 필요한 보조금을 교부하거나 그 밖의 지원을 할 수 있다.,위임,조례,4,보조금 교부 등 지원의 구체적 사항을 지방자치단체 조례로 정하도록 규율권한을 넘긴다.
P06166,⑥ 지방자치단체는 해당 지방자치단체의 조례로 정하는 바에 따라 예산의 범위 내에서 「초ㆍ중등교육법」 제2조의 학교에 준하여 제2항에 따른 학력인정 평생교육시설에 필요한 보조금을 교부하거나 그 밖의 지원을 할 수 있다.,위임,조례,4,'조례로 정하는 바에 따라'로 보조금 교부·지원의 구체적 사항을 조례에 맡기는 부분 위임이다.
P06167,⑥ 지방자치단체는 해당 지방자치단체의 조례로 정하는 바에 따라 예산의 범위 내에서 「초ㆍ중등교육법」 제2조의 학교에 준하여 제2항에 따른 학력인정 평생교육시설에 필요한 보조금을 교부하거나 그 밖의 지원을 할 수 있다.,위임,조례,4,'조례로 정하는 바에 따라'로 보조금 교부 기준의 규율권한을 조례에 넘긴다.
P06168,⑥ 지방자치단체는 해당 지방자치단체의 조례로 정하는 바에 따라 예산의 범위 내에서 「초ㆍ중등교육법」 제2조의 학교에 준하여 제2항에 따른 학력인정 평생교육시설에 필요한 보조금을 교부하거나 그 밖의 지원을 할 수 있다.,위임,조례,4,'조례로 정하는 바에 따라'로 보조금 교부·지원의 기준과 절차를 조례에 넘기는 위임이다.
P06169,⑥ 지방자치단체는 해당 지방자치단체의 조례로 정하는 바에 따라 예산의 범위 내에서 「초ㆍ중등교육법」 제2조의 학교에 준하여 제2항에 따른 학력인정 평생교육시설에 필요한 보조금을 교부하거나 그 밖의 지원을 할 수 있다.,위임,조례,4,'조례로 정하는 바에 따라'로 보조금 교부·지원의 구체적 사항을 조례에 맡기는 위임이다.
P06170,⑥ 지방자치단체는 해당 지방자치단체의 조례로 정하는 바에 따라 예산의 범위 내에서 「초ㆍ중등교육법」 제2조의 학교에 준하여 제2항에 따른 학력인정 평생교육시설에 필요한 보조금을 교부하거나 그 밖의 지원을 할 수 있다.,위임,조례,4,보조금 교부·지원의 방법을 지방자치단체 조례로 정하도록 규율권한을 넘기고 있다.
P06171,⑥ 지방자치단체는 해당 지방자치단체의 조례로 정하는 바에 따라 예산의 범위 내에서 「초ㆍ중등교육법」 제2조의 학교에 준하여 제2항에 따른 학력인정 평생교육시설에 필요한 보조금을 교부하거나 그 밖의 지원을 할 수 있다.,위임,조례,4,보조금 교부·지원의 구체적 사항을 지방자치단체 조례로 정하도록 규율권한을 넘긴다.
P06172,⑥ 지방자치단체는 해당 지방자치단체의 조례로 정하는 바에 따라 예산의 범위 내에서 「초ㆍ중등교육법」 제2조의 학교에 준하여 제2항에 따른 학력인정 평생교육시설에 필요한 보조금을 교부하거나 그 밖의 지원을 할 수 있다.,위임,조례,4,보조금 교부·지원의 기준과 절차를 해당 지방자치단체 조례에 정하도록 규율권한을 넘긴다.
P06173,⑥ 지방자치단체는 해당 지방자치단체의 조례로 정하는 바에 따라 예산의 범위 내에서 「초ㆍ중등교육법」 제2조의 학교에 준하여 제2항에 따른 학력인정 평생교육시설에 필요한 보조금을 교부하거나 그 밖의 지원을 할 수 있다.,위임,조례,4,보조금 교부·지원의 기준과 방법을 조례로 정하도록 규율권한을 넘긴 부분 위임이다.
P06174,⑥ 지방자치단체는 해당 지방자치단체의 조례로 정하는 바에 따라 예산의 범위 내에서 「초ㆍ중등교육법」 제2조의 학교에 준하여 제2항에 따른 학력인정 평생교육시설에 필요한 보조금을 교부하거나 그 밖의 지원을 할 수 있다.,위임,조례,4,보조금 교부·지원의 구체적 사항을 지방자치단체 조례로 정하도록 규율권한을 넘긴다.
P06175,대통령령으로 정하는,판단불가,대통령령,3,문장이 '대통령령으로 정하는'에서 잘려 무엇을 위임하는지 확인할 수 없으나 문언상 법형식은 대통령령이다.
P06176,대통령령으로 정하는,판단불가,대통령령,3,문장이 '대통령령으로 정하는'에서 잘려 있어 무엇을 위임하는지 확인할 수 없다.
P06177,대통령령으로 정하는,판단불가,대통령령,3,문장이 '대통령령으로 정하는'에서 잘려 있어 위임의 대상·범위를 확정할 수 없으나 문언상 법형식은 대통령령이다.
P06178,사항은 대통령령으로,판단불가,대통령령,2,문장이 '사항은 대통령령으로'에서 잘려 종결 형태를 확인할 수 없어 위임 여부를 확정할 수 없다.
P06179,사항은 대통령령으로,판단불가,대통령령,2,문장이 중간에서 잘려 종결부가 없어 위임인지 인용인지 확정할 수 없다.
P06180,사항은 대통령령으로,판단불가,대통령령,2,문장이 중간에서 잘려 종결 형태와 위임 여부를 확정할 수 없으나 '대통령령'이라는 법형식만은 문언에 나타난다.
P06181,사항은 대통령령으로,판단불가,해당없음,4,문장이 중간에서 잘려 서술어가 없어 위임 여부를 확정할 수 없다.
P06182,사항은 대통령령으로,판단불가,대통령령,3,문장이 중간에서 잘려 종결부가 없어 위임 여부를 확정할 수 없으나 표지어구는 대통령령이다.
P06183,사항은 대통령령으로,판단불가,미특정,3,문장이 중간에서 잘려 서술어가 없어 위임 여부를 확정할 수 없다.
P06184,사항은 대통령령으로,판단불가,해당없음,4,문장이 중간에서 잘려 종결부가 없어 위임 여부를 확정할 수 없다.
P06185,사항은 대통령령으로,판단불가,대통령령,2,문장이 중간에서 잘려 있어 위임 종결 여부를 확정할 수 없으나 문언상 대통령령이 지정되어 있다.
P06186,사항은 대통령령으로,판단불가,대통령령,3,문장이 중간에서 잘려 종결 형태와 위임 대상 사항을 확인할 수 없으나 '대통령령' 표지만 드러난다.
P06187,사항은 대통령령으로,판단불가,해당없음,3,문장이 중간에서 잘려 서술어가 없어 위임 여부를 확정할 수 없다.
P06188,사항은 대통령령으로,판단불가,대통령령,2,문장이 '사항은 대통령령으로'에서 잘려 종결부가 없어 위임 여부를 확정할 수 없으나 표지어구는 대통령령이다.
P06189,대통령령으로 정하는,위임,대통령령,3,문장이 단편적으로 잘려 있으나 '대통령령으로 정하는'이라는 부분 위임 문형이 명확하다.
P06190,대통령령으로 정하는,판단불가,대통령령,3,문장이 '대통령령으로 정하는'에서 잘려 무엇을 위임하는지 확인할 수 없어 판정이 어렵다.
P06191,경우에는 대통령령으로,판단불가,대통령령,2,문장이 중간에서 잘려 서술어가 없어 위임인지 인용인지 확정할 수 없으나 문언상 '대통령령'이 명시되어 있다.
P06192,경우에는 대통령령으로,판단불가,미특정,3,문장이 중간에서 잘려 있어 위임 여부와 규율 대상을 확정할 수 없다.
P06193,필요한 사항은 대통령령으로,판단불가,대통령령,3,문장이 종결부 없이 잘려 있어 위임 여부를 확정할 수 없으나 표지어구는 대통령령이다.
P06194,필요한 사항은 대통령령으로,판단불가,대통령령,3,문장이 종결부 없이 잘려 있어 위임 종결형인지 확정할 수 없으나 대통령령 표지어구만 확인된다.
P06195,필요한 사항은 대통령령으로,판단불가,대통령령,3,문장이 종결부 없이 잘려 있어 위임 종결 여부를 확정할 수 없으나 표지어구는 대통령령이다.
P06196,필요한 사항은 대통령령으로,판단불가,대통령령,3,문장이 서술어 없이 잘려 있어 위임 종결 여부를 확정할 수 없으나 표지어구는 대통령령이다.
P06197,필요한 사항은 대통령령으로,위임,대통령령,3,종결어가 잘려 있으나 '필요한 사항은 대통령령으로'라는 문언상 대통령령에 규율권한을 넘기는 위임으로 볼 수 있다.
P06198,필요한 사항은 대통령령으로,판단불가,대통령령,2,문장이 종결되지 않고 잘려 있어 위임 여부를 확정할 수 없으나 표지어구는 대통령령이다.
P06199,필요한 사항은 대통령령으로,판단불가,대통령령,3,문장이 중간에 잘려 종결부(정한다 등)가 없어 위임 문언인지 확정할 수 없으나 표지어구로 대통령령이 명시되어 있다.
P06200,필요한 사항은 대통령령으로,판단불가,대통령령,3,문장이 '대통령령으로'에서 잘려 종결 형태를 확인할 수 없어 위임 여부를 확정할 수 없다.
P06201,필요한 사항은 대통령령으로,판단불가,대통령령,3,문장이 중간에 절단되어 종결 형태(위임 여부)를 확정할 수 없으나 표지어구상 대통령령이 지시되어 있다.
P06202,필요한 사항은 대통령령으로,위임,대통령령,3,문장이 잘려 있으나 '필요한 사항은 대통령령으로'는 대통령령에 규율권한을 넘기는 위임 문형으로 읽힌다.
P06203,필요한 사항은 대통령령으로,판단불가,대통령령,3,문장이 '대통령령으로'에서 잘려 종결 문언이 없어 위임 여부를 확정할 수 없으나 표지어구는 대통령령이다.
P06204,대통령령으로 정한다,위임,대통령령,4,종결형 '대통령령으로 정한다'로 대통령령에 규율권한을 넘기는 위임이다.
P06205,대통령령으로 정하는 규모,위임,대통령령,4,'대통령령으로 정하는 규모'는 요건 일부를 대통령령에 맡기는 부분 위임이다.
P06206,자는 대통령령으로,판단불가,해당없음,4,문장이 '자는 대통령령으로'로 잘려 있어 위임 여부와 규율 대상을 확정할 수 없다.
P06207,대통령령으로 정하는 시민사회단체는,위임,대통령령,4,'대통령령으로 정하는 시민사회단체'는 요건 일부를 대통령령에 맡기는 부분 위임이다.
P06208,대통령령으로 정하는 바에 따라,위임,대통령령,3,문장이 절단되었으나 '대통령령으로 정하는 바에 따라'라는 위임 표지가 명확하다.
P06209,대통령령으로 정하는 언론기관을,위임,대통령령,3,문장이 절단되었으나 '대통령령으로 정하는 언론기관'은 요건 일부를 대통령령에 맡기는 부분 위임 표지이다.
P06210,대통령령으로 정하는 바에,판단불가,대통령령,2,문장이 중간에 잘려 종결부가 없어 위임 여부를 확정할 수 없으나 '대통령령'이라는 법형식은 명시되어 있다.
P06211,대통령령으로 정하는 자는,위임,대통령령,3,문장이 잘려 있으나 '대통령령으로 정하는 자'는 요건 일부를 대통령령에 맡기는 부분 위임이다.
P06212,대통령령으로 정하는 바에,판단불가,대통령령,3,문장이 중간에 잘려 종결부가 없어 위임 여부를 확정할 수 없으나 문언상 대통령령이 지정되어 있다.
P06213,대통령령으로 정하는,판단불가,대통령령,2,문장이 '대통령령으로 정하는'에서 잘려 규율 대상과 종결 구조를 확인할 수 없다.
P06214,대통령령으로 정하는,판단불가,대통령령,2,문장이 '대통령령으로 정하는'에서 잘려 있어 위임 여부를 확정할 수 없으나 문언상 대통령령이 지정되어 있다.
P06215,대통령령으로 정하는,판단불가,대통령령,3,문장이 '대통령령으로 정하는'에서 잘려 있어 규율 대상과 위임 여부를 확정할 수 없다.
P06216,대통령령으로 정하는,판단불가,대통령령,2,문장이 '대통령령으로 정하는'에서 잘려 수식 대상과 종결 형태를 알 수 없어 위임 여부를 확정할 수 없다.
P06217,대통령령으로 정하는,판단불가,대통령령,3,문장이 '대통령령으로 정하는'에서 절단되어 무엇을 위임하는지 확인할 수 없으나 표지어구는 대통령령이다.
P06218,대통령령으로 정하는,판단불가,대통령령,4,문장이 '대통령령으로 정하는'에서 잘려 규율 대상과 종결 형식을 확인할 수 없다.
P06219,대통령령으로 정하는,판단불가,대통령령,2,문장이 '대통령령으로 정하는'에서 절단되어 무엇을 위임하는지 확인할 수 없어 판정이 불가하다.
P06220,대통령령으로 정하는,판단불가,대통령령,3,문장이 '대통령령으로 정하는'에서 잘려 규율 대상과 종결 형태를 확인할 수 없어 위임 여부를 확정할 수 없다.
P06221,대통령령으로 정하는,판단불가,해당없음,3,문장이 '대통령령으로 정하는'에서 절단되어 규율 대상과 종결형을 확인할 수 없다.
P06222,대통령령으로 정하는,판단불가,대통령령,3,문장이 '대통령령으로 정하는'에서 잘려 무엇을 위임하는지 확인할 수 없어 판정이 불가하나 표지어구는 대통령령이다.
P06223,사항은 교육부령으로,판단불가,부령,3,문장이 중간에서 잘려 종결부가 없어 위임 여부를 확정할 수 없으나 표지어구는 교육부령이다.
P06224,사항은 교육부령으로,판단불가,부령,3,문장이 중간에서 잘려 서술어가 없어 위임 여부를 확정할 수 없으나 문언상 교육부령이 명시되어 있다.
P06225,사항은 교육부령으로,판단불가,미특정,4,문장이 중간에서 잘려 서술어와 종결형이 없어 위임 여부를 확정할 수 없다.
P06226,사항은 교육부령으로,판단불가,미특정,4,문장이 중간에서 잘려 종결 형태와 위임 범위를 확인할 수 없다.
P06227,사항은 교육부령으로,판단불가,부령,2,문장이 '사항은 교육부령으로'에서 잘려 종결부가 없어 위임 여부를 확정할 수 없으나 표지어구상 교육부령(부령)이 언급된다.
P06228,사항은 교육부령으로,판단불가,부령,3,문장이 중간에서 잘려 완결된 규율 내용을 확인할 수 없으나 표지어구로 교육부령이 나타난다.
P06229,대통령령으로 정하는,판단불가,대통령령,3,문장이 '대통령령으로 정하는'에서 잘려 무엇을 정하도록 하는지 확인할 수 없어 위임 여부를 확정할 수 없다.
P06230,대통령령으로 정하는,판단불가,대통령령,2,문장이 '대통령령으로 정하는'에서 잘려 있어 위임인지 인용인지 확정할 수 없으나 표지어구는 대통령령이다.
P06231,대통령령으로 정하는,판단불가,대통령령,3,문장이 '대통령령으로 정하는'에서 절단되어 무엇을 위임하는지 확인할 수 없어 판정이 불가하다.
P06232,대통령령으로 정하는,판단불가,미특정,3,문장이 '대통령령으로 정하는'에서 잘려 있어 무엇을 위임하는지 확인할 수 없다.
P06233,대통령령으로 정한다,위임,대통령령,4,'대통령령으로 정한다'는 종결형 위임 문언으로 대통령령에 규율권한을 넘긴다.
P06234,사항은 대통령령으로,판단불가,대통령령,3,문장이 '사항은 대통령령으로'에서 잘려 서술어가 없어 규율권한 이전 여부를 확정할 수 없다.
P06235,사항은 대통령령으로,판단불가,대통령령,3,문장이 중간에서 잘려 서술어가 없어 위임 여부를 확정할 수 없으나 문언상 대통령령이 지정되어 있다.
P06236,대통령령으로,판단불가,대통령령,2,문장이 '대통령령으로'에서 잘려 있어 위임 종결 여부를 확정할 수 없다.
P06237,대통령령으로 정하는,판단불가,대통령령,2,문장이 '대통령령으로 정하는'에서 잘려 수식 대상과 종결부가 없어 위임 여부를 확정할 수 없다.
P06238,대통령령으로 정하는,판단불가,대통령령,2,문장이 '대통령령으로 정하는'에서 잘려 규율 대상과 종결 형태를 확인할 수 없어 위임 여부를 판정할 수 없다.
P06239,대통령령으로 정하는,판단불가,대통령령,3,문장이 '대통령령으로 정하는'에서 잘려 위임 종결 여부를 확인할 수 없으나 명시된 법형식은 대통령령이다.
P06240,대통령령으로 정하는,판단불가,대통령령,3,문장이 '대통령령으로 정하는'에서 잘려 있어 위임인지 인용인지 확정할 수 없다.
P06241,교육부령으로 정하는,판단불가,부령,2,문장이 '교육부령으로 정하는'에서 잘려 있어 규율 대상과 위임 구조를 확인할 수 없으나 표지어구상 교육부령 관련 부분위임 표현으로 보인다.
P06242,대통령령으로 정하는,판단불가,대통령령,3,문장이 '대통령령으로 정하는'에서 잘려 있어 위임인지 인용인지 확정할 수 없으나 표지어구는 대통령령이다.
P06243,대통령령으로 정하는,판단불가,대통령령,2,문장이 '대통령령으로 정하는'에서 잘려 규율권한 이전 여부를 확정할 수 없으나 명시된 법형식은 대통령령이다.
P06244,과태료는 대통령령으로,판단불가,대통령령,2,문장이 '과태료는 대통령령으로'에서 잘려 종결 서술어가 없어 위임인지 확정할 수 없으나 표지어구는 대통령령이다.
P06245,운영은 교육부령으로,판단불가,해당없음,3,문장이 중간에서 잘려 서술어가 없어 위임 여부를 확정할 수 없다.
P06246,그 밖에 가구 소득이나 재산 등 경제적 수준이 교육부장관이 정하여 고시하는 기준에 해당하는 사람,위임,고시,4,기준 설정 권한을 교육부장관 고시에 넘기는 부분 위임이다.
P06247,교육부령으로 정하는,판단불가,부령,3,문장이 '교육부령으로 정하는'에서 잘려 있어 위임 종결 여부를 확정할 수 없으나 표지어구는 부령이다.
P06248,사항은 교육부령으로,판단불가,부령,2,문장이 '사항은 교육부령으로'에서 잘려 종결부가 없어 위임 여부를 확정할 수 없으나 표지어구상 법형식은 부령이다.
P06249,2. 그 밖에 평생교육 관련 업무 수행에 전문성을 갖춘 기관 또는 법인으로서 해당 지방자치단체의 조례로 정하는 기관 또는 법인,위임,조례,5,지정 대상 기관의 범위를 지방자치단체 조례로 정하도록 부분 위임하고 있다.
P06250,2. 그 밖에 평생교육 관련 업무 수행에 전문성을 갖춘 기관 또는 법인으로서 해당 지방자치단체의 조례로 정하는 기관 또는 법인,위임,조례,5,전담기관 지정 대상의 구체적 범위를 지방자치단체 조례에 맡기는 부분 위임이다.
P06251,2. 그 밖에 평생교육 관련 업무 수행에 전문성을 갖춘 기관 또는 법인으로서 해당 지방자치단체의 조례로 정하는 기관 또는 법인,위임,조례,5,지정 대상 기관의 범위를 지방자치단체 조례로 정하도록 부분 위임한다.
P06252,2. 그 밖에 평생교육 관련 업무 수행에 전문성을 갖춘 기관 또는 법인으로서 해당 지방자치단체의 조례로 정하는 기관 또는 법인,위임,조례,5,지정 대상 기관의 범위를 지방자치단체 조례에 부분 위임한다.
P06253,2. 그 밖에 평생교육 관련 업무 수행에 전문성을 갖춘 기관 또는 법인으로서 해당 지방자치단체의 조례로 정하는 기관 또는 법인,위임,조례,4,지정 대상 기관의 범위를 지방자치단체 조례에 맡기는 부분 위임이다.
P06254,2. 그 밖에 평생교육 관련 업무 수행에 전문성을 갖춘 기관 또는 법인으로서 해당 지방자치단체의 조례로 정하는 기관 또는 법인,위임,조례,5,지정 대상 기관의 범위를 지방자치단체 조례에 맡기는 부분 위임이다.
P06255,2. 그 밖에 평생교육 관련 업무 수행에 전문성을 갖춘 기관 또는 법인으로서 해당 지방자치단체의 조례로 정하는 기관 또는 법인,위임,조례,5,전담기관 대상 기관·법인의 구체적 범위를 지방자치단체 조례에 맡기는 부분 위임이다.
P06256,2. 그 밖에 평생교육 관련 업무 수행에 전문성을 갖춘 기관 또는 법인으로서 해당 지방자치단체의 조례로 정하는 기관 또는 법인,위임,조례,5,지정 대상 기관의 범위를 지방자치단체 조례로 정하도록 부분 위임한다.
P06257,2. 그 밖에 평생교육 관련 업무 수행에 전문성을 갖춘 기관 또는 법인으로서 해당 지방자치단체의 조례로 정하는 기관 또는 법인,위임,조례,5,전담기관 지정 대상의 구체적 범위를 지방자치단체 조례에 맡기는 부분 위임이다.
P06258,2. 그 밖에 평생교육 관련 업무 수행에 전문성을 갖춘 기관 또는 법인으로서 해당 지방자치단체의 조례로 정하는 기관 또는 법인,위임,조례,5,'조례로 정하는 기관'은 요건 일부를 조례에 맡기는 부분 위임이다.
P06259,2. 그 밖에 평생교육 관련 업무 수행에 전문성을 갖춘 기관 또는 법인으로서 해당 지방자치단체의 조례로 정하는 기관 또는 법인,위임,조례,5,지정 대상 기관의 범위를 지방자치단체 조례에 맡기는 부분 위임이다.
P06260,"② 시·도진흥원은 법 제20조제2항의 업무를 수행하는 데 필요한 조직과 시설을 갖추어야 하되, 그 운영에 필요한 조직과 시설, 지정절차 등에 필요한 사항은 그 지방자치단체의 조례로 정한다.",위임,조례,5,조직·시설·지정절차 등 필요한 사항을 지방자치단체 조례로 정하도록 규율권한을 넘긴다.
P06261,"② 시·도진흥원은 법 제20조제2항의 업무를 수행하는 데 필요한 조직과 시설을 갖추어야 하되, 그 운영에 필요한 조직과 시설, 지정절차 등에 필요한 사항은 그 지방자치단체의 조례로 정한다.",위임,조례,5,운영 조직·시설·지정절차 등 필요한 사항을 지방자치단체 조례로 정하도록 규율권한을 넘긴다.
P06262,"② 시·도진흥원은 법 제20조제2항의 업무를 수행하는 데 필요한 조직과 시설을 갖추어야 하되, 그 운영에 필요한 조직과 시설, 지정절차 등에 필요한 사항은 그 지방자치단체의 조례로 정한다.",위임,조례,5,운영 조직·시설·지정절차 등에 필요한 사항의 규율권한을 지방자치단체 조례에 넘긴다.
P06263,"② 시·도진흥원은 법 제20조제2항의 업무를 수행하는 데 필요한 조직과 시설을 갖추어야 하되, 그 운영에 필요한 조직과 시설, 지정절차 등에 필요한 사항은 그 지방자치단체의 조례로 정한다.",위임,조례,5,운영 조직·시설·지정절차 등 사항을 지방자치단체 조례로 정하도록 규율권한을 넘긴다.
P06264,"② 시·도진흥원은 법 제20조제2항의 업무를 수행하는 데 필요한 조직과 시설을 갖추어야 하되, 그 운영에 필요한 조직과 시설, 지정절차 등에 필요한 사항은 그 지방자치단체의 조례로 정한다.",위임,조례,5,운영 조직·시설·지정절차 등 필요한 사항을 지방자치단체 조례로 정하도록 규율권한을 넘긴다.
P06265,"② 시·도진흥원은 법 제20조제2항의 업무를 수행하는 데 필요한 조직과 시설을 갖추어야 하되, 그 운영에 필요한 조직과 시설, 지정절차 등에 필요한 사항은 그 지방자치단체의 조례로 정한다.",위임,조례,5,조직·시설·지정절차 등 필요한 사항을 지방자치단체 조례에 정하도록 규율권한을 넘긴다.
P06266,"② 시·도진흥원은 법 제20조제2항의 업무를 수행하는 데 필요한 조직과 시설을 갖추어야 하되, 그 운영에 필요한 조직과 시설, 지정절차 등에 필요한 사항은 그 지방자치단체의 조례로 정한다.",위임,조례,5,운영 조직·시설·지정절차 등 세부사항을 지방자치단체 조례에 규율권한으로 넘긴다.
P06267,"② 시·도진흥원은 법 제20조제2항의 업무를 수행하는 데 필요한 조직과 시설을 갖추어야 하되, 그 운영에 필요한 조직과 시설, 지정절차 등에 필요한 사항은 그 지방자치단체의 조례로 정한다.",위임,조례,5,운영 조직·시설·지정절차 등 필요한 사항을 지방자치단체 조례로 정하도록 규율권한을 넘긴다.
P06268,"② 시·도진흥원은 법 제20조제2항의 업무를 수행하는 데 필요한 조직과 시설을 갖추어야 하되, 그 운영에 필요한 조직과 시설, 지정절차 등에 필요한 사항은 그 지방자치단체의 조례로 정한다.",위임,조례,5,조직·시설·지정절차 등에 관한 사항을 지방자치단체 조례로 정하도록 규율권한을 넘긴다.
P06269,"② 시·도진흥원은 법 제20조제2항의 업무를 수행하는 데 필요한 조직과 시설을 갖추어야 하되, 그 운영에 필요한 조직과 시설, 지정절차 등에 필요한 사항은 그 지방자치단체의 조례로 정한다.",위임,조례,5,운영 조직·시설·지정절차 등 필요한 사항을 지방자치단체 조례로 정하도록 규율권한을 넘긴다.
P06270,"② 시·도진흥원은 법 제20조제2항의 업무를 수행하는 데 필요한 조직과 시설을 갖추어야 하되, 그 운영에 필요한 조직과 시설, 지정절차 등에 필요한 사항은 그 지방자치단체의 조례로 정한다.",위임,조례,5,운영 조직·시설·지정절차 등 필요한 사항을 지방자치단체 조례로 정하도록 규율권한을 넘긴다.
P06271,"② 시·도진흥원은 법 제20조제2항의 업무를 수행하는 데 필요한 조직과 시설을 갖추어야 하되, 그 운영에 필요한 조직과 시설, 지정절차 등에 필요한 사항은 그 지방자치단체의 조례로 정한다.",위임,조례,5,운영 조직·시설·지정절차 등에 관한 사항을 지방자치단체 조례로 정하도록 규율권한을 넘긴다.
P06272,"② 시·도진흥원은 법 제20조제2항의 업무를 수행하는 데 필요한 조직과 시설을 갖추어야 하되, 그 운영에 필요한 조직과 시설, 지정절차 등에 필요한 사항은 그 지방자치단체의 조례로 정한다.",위임,조례,5,운영 조직·시설·지정절차 등 필요한 사항을 지방자치단체 조례로 정하도록 규율권한을 넘긴다.
P06273,"② 시·도진흥원은 법 제20조제2항의 업무를 수행하는 데 필요한 조직과 시설을 갖추어야 하되, 그 운영에 필요한 조직과 시설, 지정절차 등에 필요한 사항은 그 지방자치단체의 조례로 정한다.",위임,조례,5,운영 조직·시설·지정절차 등 필요한 사항을 지방자치단체 조례로 정하도록 규율권한을 넘긴다.
P06274,"② 시·도진흥원은 법 제20조제2항의 업무를 수행하는 데 필요한 조직과 시설을 갖추어야 하되, 그 운영에 필요한 조직과 시설, 지정절차 등에 필요한 사항은 그 지방자치단체의 조례로 정한다.",위임,조례,5,운영 조직·시설·지정절차 등 사항을 지방자치단체 조례에 규율권한을 넘긴다.
P06275,"② 시·도진흥원은 법 제20조제2항의 업무를 수행하는 데 필요한 조직과 시설을 갖추어야 하되, 그 운영에 필요한 조직과 시설, 지정절차 등에 필요한 사항은 그 지방자치단체의 조례로 정한다.",위임,조례,5,조직·시설·지정절차 등 필요한 사항을 지방자치단체 조례로 정하도록 규율권한을 넘긴다.
P06276,"② 시·도진흥원은 법 제20조제2항의 업무를 수행하는 데 필요한 조직과 시설을 갖추어야 하되, 그 운영에 필요한 조직과 시설, 지정절차 등에 필요한 사항은 그 지방자치단체의 조례로 정한다.",위임,조례,5,운영 조직·시설·지정절차 등에 관한 사항을 지방자치단체 조례에 규율권한을 넘긴다.
P06277,"② 시·도진흥원은 법 제20조제2항의 업무를 수행하는 데 필요한 조직과 시설을 갖추어야 하되, 그 운영에 필요한 조직과 시설, 지정절차 등에 필요한 사항은 그 지방자치단체의 조례로 정한다.",위임,조례,5,운영 조직·시설·지정절차 등 필요한 사항을 지방자치단체 조례로 정하도록 규율권한을 넘긴다.
P06278,"② 시·도진흥원은 법 제20조제2항의 업무를 수행하는 데 필요한 조직과 시설을 갖추어야 하되, 그 운영에 필요한 조직과 시설, 지정절차 등에 필요한 사항은 그 지방자치단체의 조례로 정한다.",위임,조례,5,운영 조직·시설·지정절차 등 필요한 사항을 지방자치단체 조례로 정하도록 규율권한을 넘긴다.
P06279,"② 시·도진흥원은 법 제20조제2항의 업무를 수행하는 데 필요한 조직과 시설을 갖추어야 하되, 그 운영에 필요한 조직과 시설, 지정절차 등에 필요한 사항은 그 지방자치단체의 조례로 정한다.",위임,조례,5,조직·시설·지정절차 등 필요한 사항을 지방자치단체 조례로 정하도록 규율권한을 넘긴다.
P06280,"② 시·도진흥원은 법 제20조제2항의 업무를 수행하는 데 필요한 조직과 시설을 갖추어야 하되, 그 운영에 필요한 조직과 시설, 지정절차 등에 필요한 사항은 그 지방자치단체의 조례로 정한다.",위임,조례,5,조직·시설·지정절차 등 필요한 사항을 지방자치단체 조례로 정하도록 규율권한을 넘긴다.
P06281,"② 시·도진흥원은 법 제20조제2항의 업무를 수행하는 데 필요한 조직과 시설을 갖추어야 하되, 그 운영에 필요한 조직과 시설, 지정절차 등에 필요한 사항은 그 지방자치단체의 조례로 정한다.",위임,조례,5,운영 조직·시설·지정절차 등 필요한 사항을 지방자치단체 조례로 정하도록 규율권한을 넘긴다.
P06282,"② 시·도진흥원은 법 제20조제2항의 업무를 수행하는 데 필요한 조직과 시설을 갖추어야 하되, 그 운영에 필요한 조직과 시설, 지정절차 등에 필요한 사항은 그 지방자치단체의 조례로 정한다.",위임,조례,5,운영 조직·시설·지정절차 등 필요한 사항의 규율권한을 지방자치단체 조례에 넘긴다.
P06283,교육부령으로 정하는,판단불가,부령,2,문장이 '교육부령으로 정하는'에서 잘려 무엇을 위임하는지 확인할 수 없어 판정이 불가하다.
P06284,사항은 교육부령으로,판단불가,부령,2,문장이 중간에 잘려 서술어가 없어 위임 여부를 확정할 수 없으나 표지어구상 교육부령(부령)이 지시된다.
P06285,사항은 교육부령으로,판단불가,부령,3,문장이 중간에서 잘려 서술어가 없어 위임 여부를 확정할 수 없으나 표지어구로 교육부령이 언급된다.
P06286,교육부령으로 정하는,판단불가,부령,2,문장이 '교육부령으로 정하는'에서 잘려 무엇을 위임하는지 확인할 수 없으나 표지어구상 부령 관련 문구이다.
P06287,사항은 교육부령으로,판단불가,미특정,3,문장이 절단되어 서술어가 없어 위임 여부를 확정할 수 없다.
P06288,사항은 교육부령으로,판단불가,부령,3,문장이 중간에서 잘려 종결부가 없어 위임 여부를 확정할 수 없으나 표지어구상 법형식은 교육부령이다.
P06289,사항은 교육부령으로,판단불가,부령,3,문장이 중간에서 절단되어 종결 형태를 확인할 수 없으나 표지어구상 교육부령 위임으로 보인다.
P06290,교육부령으로 정하는 서류를,위임,부령,3,문장이 잘려 있으나 '교육부령으로 정하는 서류'는 부령에 규율사항을 넘기는 부분위임이다.
P06291,교육부령으로 정하는 서류를,위임,부령,3,문장이 절단되었으나 '교육부령으로 정하는 서류'라는 부분 위임 문언이 확인된다.
P06292,교육부령으로 정하는 서류를,위임,부령,3,문장이 잘려 있으나 '교육부령으로 정하는 서류'라는 부분 위임 문언이 확인된다.
P06293,교육부령으로 정하는 지정서를,판단불가,부령,3,문장이 중간에 잘려 종결 구조를 확인할 수 없으나 '교육부령으로 정하는'이라는 부령 지정 어구는 드러난다.
P06294,교육부령으로 정하는 보고서에,위임,부령,3,문장이 잘려 있으나 '교육부령으로 정하는 보고서'는 서식·내용을 부령에 맡기는 부분 위임이다.
P06295,세부기준은 교육부령으로,판단불가,해당없음,3,문장이 서술어 없이 잘려 있어 위임 종결인지 인용 수식인지 확정할 수 없으나 표지어구는 교육부령이다.
P06296,교육부령으로 정하는 서류를,위임,부령,3,문장이 잘렸으나 '교육부령으로 정하는 서류'는 제출서류의 범위를 부령에 맡기는 부분 위임이다.
P06297,교육부령으로 정하는 등록증을,판단불가,미특정,3,문장이 중간에서 잘려 종결되지 않아 규율권한 이전 여부를 확정할 수 없다.
P06298,교육부령으로 정하는,판단불가,부령,2,문장이 '교육부령으로 정하는'에서 잘려 규율권한 이전 여부를 확정할 수 없으나 지정된 법형식은 교육부령이다.
P06299,교육부령으로 정하는,판단불가,부령,3,문장이 '교육부령으로 정하는'에서 잘려 무엇을 위임하는지 확인할 수 없다.
P06300,교육부령으로 정하는,판단불가,해당없음,2,문장이 '교육부령으로 정하는'에서 잘려 수식 대상과 규율 범위를 확인할 수 없어 위임 여부를 판정할 수 없다.
P06301,교육부령으로 정하는,위임,부령,3,문장이 일부 잘렸으나 '교육부령으로 정하는' 형태의 부분 위임 문언으로 교육부령에 규율권한을 넘긴다.
P06302,방법은 교육부령으로,판단불가,부령,2,문장이 중간에 잘려 종결부가 없어 위임인지 인용인지 확정할 수 없다.
P06303,교육부령으로 정하는 원격교육시설을,위임,부령,3,문장이 미완결이나 '교육부령으로 정하는 원격교육시설'이라는 부분 위임 어구가 명확히 나타난다.
P06304,방법은 교육부령으로,판단불가,부령,3,문장이 중간에서 잘려 주어와 서술어가 불완전해 위임 여부를 확정할 수 없으나 문언상 교육부령이 지시되어 있다.
P06305,기준은 교육부령으로,판단불가,부령,3,문장이 서술어 없이 잘려 있어 위임 여부를 확정할 수 없으나 표지어구는 교육부령이다.
P06306,교육부령으로 정하는,판단불가,부령,3,문장이 '교육부령으로 정하는'에서 잘려 무엇을 위임하는지 확인할 수 없으나 명시된 법형식은 부령이다.
P06307,교육부령으로 정하는,판단불가,부령,3,문장이 '교육부령으로 정하는'에서 잘려 있어 위임 여부를 확정할 수 없으나 표지어구는 부령을 지시한다.
P06308,교육부령으로 정하는,판단불가,부령,4,문장이 '교육부령으로 정하는'에서 잘려 종결부가 없어 위임 여부를 확정할 수 없으나 표지어구는 부령이다.
P06309,교육부령으로 정하는 서류를,위임,부령,3,문장이 잘려 있으나 '교육부령으로 정하는 서류'는 서류의 범위를 부령에 맡기는 부분 위임이다.
P06310,원격교육설비의 세부기준은 교육부장관이 정한다.,위임,미특정,5,세부기준의 규율권한을 교육부장관에게 넘기나 법형식을 지정하지 않았다.
P06311,사항은 교육부령으로,판단불가,부령,2,문장이 '사항은 교육부령으로'에서 잘려 종결부가 없어 위임 여부를 확정할 수 없으나 지정 법형식은 교육부령(부령)으로 나타난다.
P06312,교육부령으로 정하는,위임,부령,3,문장이 조각이지만 '교육부령으로 정하는'이라는 현재형 관형 표현으로 부령에 사항 결정을 맡기는 부분 위임이다.
P06313,교육부령으로 정하는,판단불가,부령,2,문장이 '교육부령으로 정하는'에서 잘려 있어 위임인지 인용인지 확정할 수 없으나 문언상 법형식은 교육부령이다.
P06314,세부기준은 교육부령으로,판단불가,부령,2,문장이 서술어 없이 잘려 있어 위임 종결 여부를 확정할 수 없으나 문언상 교육부령이 지시되어 있다.
P06315,"④ 제1항부터 제3항까지에서 규정한 사항 외에 시·도문해교육센터의 조직, 시설 및 지정 등에 필요한 사항은 해당 시·도의 조례로 정한다.",위임,조례,5,시·도문해교육센터의 조직·시설·지정 등 필요한 사항을 해당 시·도 조례에 규율권한을 넘긴다.
P06316,"④ 제1항부터 제3항까지에서 규정한 사항 외에 시·도문해교육센터의 조직, 시설 및 지정 등에 필요한 사항은 해당 시·도의 조례로 정한다.",위임,조례,5,시·도문해교육센터의 조직·시설·지정 등 필요한 사항을 조례에 규율권한으로 넘긴다.
P06317,"④ 제1항부터 제3항까지에서 규정한 사항 외에 시·도문해교육센터의 조직, 시설 및 지정 등에 필요한 사항은 해당 시·도의 조례로 정한다.",위임,조례,5,시·도문해교육센터의 조직·시설·지정 등 필요 사항을 해당 시·도 조례에 정하도록 규율권한을 넘긴다.
P06318,"④ 제1항부터 제3항까지에서 규정한 사항 외에 시·도문해교육센터의 조직, 시설 및 지정 등에 필요한 사항은 해당 시·도의 조례로 정한다.",위임,조례,5,시·도문해교육센터의 조직·시설·지정 등 필요한 사항을 해당 시·도 조례에 정하도록 규율권한을 넘긴다.
P06319,"④ 제1항부터 제3항까지에서 규정한 사항 외에 시·도문해교육센터의 조직, 시설 및 지정 등에 필요한 사항은 해당 시·도의 조례로 정한다.",위임,조례,5,시·도문해교육센터 조직·시설·지정 등 필요한 사항을 해당 시·도 조례에 위임한다.
P06320,"④ 제1항부터 제3항까지에서 규정한 사항 외에 시·도문해교육센터의 조직, 시설 및 지정 등에 필요한 사항은 해당 시·도의 조례로 정한다.",위임,조례,5,잔여 사항의 규율권한을 시·도 조례에 넘기는 위임 규정이다.
P06321,"④ 제1항부터 제3항까지에서 규정한 사항 외에 시·도문해교육센터의 조직, 시설 및 지정 등에 필요한 사항은 해당 시·도의 조례로 정한다.",위임,조례,5,문말 종결형으로 시·도 조례에 세부사항 규율권한을 넘긴다.
P06322,"④ 제1항부터 제3항까지에서 규정한 사항 외에 시·도문해교육센터의 조직, 시설 및 지정 등에 필요한 사항은 해당 시·도의 조례로 정한다.",위임,조례,5,시·도문해교육센터의 조직·시설·지정 등 사항을 해당 시·도 조례에 규율권한을 넘긴다.
P06323,"④ 제1항부터 제3항까지에서 규정한 사항 외에 시·도문해교육센터의 조직, 시설 및 지정 등에 필요한 사항은 해당 시·도의 조례로 정한다.",위임,조례,5,필요한 사항을 시·도 조례로 정하도록 규율권한을 넘기는 위임이다.
P06324,"④ 제1항부터 제3항까지에서 규정한 사항 외에 시·도문해교육센터의 조직, 시설 및 지정 등에 필요한 사항은 해당 시·도의 조례로 정한다.",위임,조례,5,시·도문해교육센터의 조직·시설·지정 등 필요한 사항을 해당 시·도 조례에 규율권한을 넘긴다.
P06325,"④ 제1항부터 제3항까지에서 규정한 사항 외에 시·도문해교육센터의 조직, 시설 및 지정 등에 필요한 사항은 해당 시·도의 조례로 정한다.",위임,조례,5,시·도문해교육센터의 조직·시설·지정 등에 필요한 사항을 해당 시·도 조례에 규율권한을 넘기고 있다.
P06326,"④ 제1항부터 제3항까지에서 규정한 사항 외에 시·도문해교육센터의 조직, 시설 및 지정 등에 필요한 사항은 해당 시·도의 조례로 정한다.",위임,조례,5,시·도문해교육센터의 조직·시설·지정 등에 필요한 사항을 해당 시·도 조례에 규율권한을 넘기는 위임이다.
P06327,"④ 제1항부터 제3항까지에서 규정한 사항 외에 시·도문해교육센터의 조직, 시설 및 지정 등에 필요한 사항은 해당 시·도의 조례로 정한다.",위임,조례,5,시·도문해교육센터의 조직·시설·지정 등 필요한 사항을 해당 시·도 조례로 정하도록 규율권한을 넘긴다.
P06328,"④ 제1항부터 제3항까지에서 규정한 사항 외에 시·도문해교육센터의 조직, 시설 및 지정 등에 필요한 사항은 해당 시·도의 조례로 정한다.",위임,조례,5,시·도문해교육센터의 조직·시설·지정 등 필요사항을 해당 시·도 조례에 규율권한을 넘긴다.
P06329,교육부령으로 정하는 신청서류를,위임,부령,3,문장이 일부 잘렸으나 '교육부령으로 정하는 신청서류'라는 부분 위임 문구가 명확하다.
P06330,교육부령으로 정하는 학력인정서를,위임,부령,3,문장이 잘렸으나 '교육부령으로 정하는 학력인정서'라는 부분위임 표지가 온전히 포함되어 부령에 규율권한을 넘긴다.
P06331,교육부령으로 정하는,판단불가,해당없음,3,문장이 잘려 있어 규율권한 이전 여부를 확정할 수 없다.
P06332,③ 교육감은 법 제44조제3항에 따라 다음 각 호의 권한을 조례로 정하는 바에 따라 소관 교육장에게 위임할 수 있다.,위임,조례,4,"위임의 구체적 내용·방식을 조례가 정하도록 맡기고 있어 부분 위임에 해당하며, 문언이 '조례'를 명시한다."
P06333,③ 교육감은 법 제44조제3항에 따라 다음 각 호의 권한을 조례로 정하는 바에 따라 소관 교육장에게 위임할 수 있다.,위임,조례,4,권한 위임의 구체적 사항을 조례가 정하도록 규율권한을 넘기고 있다.
P06334,③ 교육감은 법 제44조제3항에 따라 다음 각 호의 권한을 조례로 정하는 바에 따라 소관 교육장에게 위임할 수 있다.,위임,조례,4,권한 위임의 구체적 사항을 '조례로 정하는 바에 따라'로 조례에 넘기는 부분 위임이다.
P06335,③ 교육감은 법 제44조제3항에 따라 다음 각 호의 권한을 조례로 정하는 바에 따라 소관 교육장에게 위임할 수 있다.,위임,조례,4,권한 위임의 구체적 사항을 조례가 정하도록 규율권한을 넘기고 있다.
P06336,③ 교육감은 법 제44조제3항에 따라 다음 각 호의 권한을 조례로 정하는 바에 따라 소관 교육장에게 위임할 수 있다.,위임,조례,4,권한 위임의 구체적 사항을 조례로 정하도록 규율권한을 넘기고 있다.
P06337,③ 교육감은 법 제44조제3항에 따라 다음 각 호의 권한을 조례로 정하는 바에 따라 소관 교육장에게 위임할 수 있다.,위임,조례,4,권한 위임의 구체적 사항을 조례가 정하도록 규율권한을 넘기는 부분 위임이다.
P06338,③ 교육감은 법 제44조제3항에 따라 다음 각 호의 권한을 조례로 정하는 바에 따라 소관 교육장에게 위임할 수 있다.,위임,조례,4,권한 위임의 구체적 사항을 조례로 정하도록 규율권한을 넘긴다.
P06339,③ 교육감은 법 제44조제3항에 따라 다음 각 호의 권한을 조례로 정하는 바에 따라 소관 교육장에게 위임할 수 있다.,위임,조례,4,권한 위임의 구체적 사항을 조례가 정하도록 하여 조례에 규율권한을 넘기는 부분 위임이다.
P06340,③ 교육감은 법 제44조제3항에 따라 다음 각 호의 권한을 조례로 정하는 바에 따라 소관 교육장에게 위임할 수 있다.,위임,조례,4,권한 위임의 구체적 사항을 조례로 정하도록 규율권한을 넘기고 있다.
P06341,③ 교육감은 법 제44조제3항에 따라 다음 각 호의 권한을 조례로 정하는 바에 따라 소관 교육장에게 위임할 수 있다.,위임,조례,4,권한 위임의 구체적 방식을 조례에 정하도록 맡기는 부분 위임이며 문언이 '조례'를 명시한다.
P06342,③ 교육감은 법 제44조제3항에 따라 다음 각 호의 권한을 조례로 정하는 바에 따라 소관 교육장에게 위임할 수 있다.,위임,조례,4,권한 위임의 구체적 내용을 조례로 정하도록 규율권한을 넘기고 있다.
P06343,③ 교육감은 법 제44조제3항에 따라 다음 각 호의 권한을 조례로 정하는 바에 따라 소관 교육장에게 위임할 수 있다.,위임,조례,4,권한 위임의 구체적 사항을 조례로 정하도록 규율권한을 넘기므로 위임이며 문언상 법형식은 조례이다.
P06344,③ 교육감은 법 제44조제3항에 따라 다음 각 호의 권한을 조례로 정하는 바에 따라 소관 교육장에게 위임할 수 있다.,위임,조례,4,권한 위임의 구체적 사항을 조례로 정하도록 맡기는 부분 위임이다.
P06345,③ 교육감은 법 제44조제3항에 따라 다음 각 호의 권한을 조례로 정하는 바에 따라 소관 교육장에게 위임할 수 있다.,위임,조례,4,'조례로 정하는 바에 따라'로 권한 위임의 세부사항을 조례에 맡기는 부분 위임이다.
P06346,③ 교육감은 법 제44조제3항에 따라 다음 각 호의 권한을 조례로 정하는 바에 따라 소관 교육장에게 위임할 수 있다.,위임,조례,4,권한 위임의 구체적 사항을 조례로 정하도록 규율권한을 넘기고 있다.
P06347,③ 교육감은 법 제44조제3항에 따라 다음 각 호의 권한을 조례로 정하는 바에 따라 소관 교육장에게 위임할 수 있다.,위임,조례,4,권한 위임의 구체적 사항을 조례가 정하도록 규율권한을 넘긴다.
P06348,대통령령으로 정하는 시설을,위임,대통령령,3,문장이 절단되었으나 '대통령령으로 정하는 시설'이라는 부분위임 문언이 확인된다.
P06349,대통령령으로 정하는,판단불가,대통령령,3,문장이 '대통령령으로 정하는'에서 잘려 있어 위임 대상과 문형을 확인할 수 없다.
P06350,대통령령으로 정한다,위임,대통령령,4,문말 종결형 '대통령령으로 정한다'로 대통령령에 규율권한을 넘긴다.
P06351,대통령령으로 정하는,판단불가,대통령령,3,문장이 '대통령령으로 정하는'에서 잘려 규율 대상과 위임 여부를 확정할 수 없으나 표지어구는 대통령령이다.
P06352,대통령령으로 정하는,판단불가,대통령령,3,문장이 '대통령령으로 정하는'에서 잘려 규율권한 이전 여부를 확정할 수 없으나 문언상 법형식은 대통령령이다.
P06353,대통령령으로 정하는,위임,대통령령,3,문장이 단편이지만 '대통령령으로 정하는' 형태의 부분 위임 문언으로 대통령령에 규율권한을 넘긴다.
P06354,대통령령으로 정하는,판단불가,미특정,4,문장이 '대통령령으로 정하는'에서 잘려 규율 대상과 종결 구조를 확인할 수 없다.
P06355,자에게 대통령령으로,판단불가,대통령령,2,문장이 절단되어 규율권한 이전 여부를 확인할 수 없으나 문언상 '대통령령'만 확인된다.
P06356,대통령령으로 정하는,판단불가,대통령령,3,문장이 '대통령령으로 정하는'에서 잘려 수식 대상과 종결부를 알 수 없어 위임 여부를 확정할 수 없다.
P06357,②법 제5조제1항에 따라 대부하는 경우 연간 대부료율은 해당 폐교재산평정가격(「공유재산 및 물품 관리법 시행령」 제31조제2항에 따른 가격을 말한다. 이하 같다)을 고려하여 해당 특별시ㆍ광역시ㆍ특별자치시ㆍ도 및 특별자치도(이하 “시ㆍ도”라 한다)의 조례로 정한다.,위임,조례,5,"연간 대부료율의 규율권한을 시·도 조례에 넘기는 위임이며, 괄호 안 시행령 인용은 정의 원용에 불과하다."
P06358,②법 제5조제1항에 따라 대부하는 경우 연간 대부료율은 해당 폐교재산평정가격(「공유재산 및 물품 관리법 시행령」 제31조제2항에 따른 가격을 말한다. 이하 같다)을 고려하여 해당 특별시ㆍ광역시ㆍ특별자치시ㆍ도 및 특별자치도(이하 “시ㆍ도”라 한다)의 조례로 정한다.,위임,조례,5,"연간 대부료율을 시·도 조례로 정하도록 규율권한을 넘기며, 괄호 안 법령 인용은 정의 원용에 불과하다."
P06359,②법 제5조제1항에 따라 대부하는 경우 연간 대부료율은 해당 폐교재산평정가격(「공유재산 및 물품 관리법 시행령」 제31조제2항에 따른 가격을 말한다. 이하 같다)을 고려하여 해당 특별시ㆍ광역시ㆍ특별자치시ㆍ도 및 특별자치도(이하 “시ㆍ도”라 한다)의 조례로 정한다.,위임,조례,5,"연간 대부료율을 시·도 조례로 정하도록 규율권한을 넘기는 위임이며, 괄호 안 시행령 인용은 정의 원용에 불과하다."
P06360,②법 제5조제1항에 따라 대부하는 경우 연간 대부료율은 해당 폐교재산평정가격(「공유재산 및 물품 관리법 시행령」 제31조제2항에 따른 가격을 말한다. 이하 같다)을 고려하여 해당 특별시ㆍ광역시ㆍ특별자치시ㆍ도 및 특별자치도(이하 “시ㆍ도”라 한다)의 조례로 정한다.,위임,조례,5,연간 대부료율을 시·도 조례로 정하도록 규율권한을 넘긴다.
P06361,②법 제5조제1항에 따라 대부하는 경우 연간 대부료율은 해당 폐교재산평정가격(「공유재산 및 물품 관리법 시행령」 제31조제2항에 따른 가격을 말한다. 이하 같다)을 고려하여 해당 특별시ㆍ광역시ㆍ특별자치시ㆍ도 및 특별자치도(이하 “시ㆍ도”라 한다)의 조례로 정한다.,위임,조례,5,"연간 대부료율의 규율권한을 시·도 조례에 넘기는 위임이며, 괄호 안 법령 인용은 가격 정의 원용에 불과하다."
P06362,②법 제5조제1항에 따라 대부하는 경우 연간 대부료율은 해당 폐교재산평정가격(「공유재산 및 물품 관리법 시행령」 제31조제2항에 따른 가격을 말한다. 이하 같다)을 고려하여 해당 특별시ㆍ광역시ㆍ특별자치시ㆍ도 및 특별자치도(이하 “시ㆍ도”라 한다)의 조례로 정한다.,위임,조례,5,"연간 대부료율을 시·도 조례로 정하도록 규율권한을 넘기며, 공유재산법 시행령 인용은 정의 원용에 불과하다."
P06363,②법 제5조제1항에 따라 대부하는 경우 연간 대부료율은 해당 폐교재산평정가격(「공유재산 및 물품 관리법 시행령」 제31조제2항에 따른 가격을 말한다. 이하 같다)을 고려하여 해당 특별시ㆍ광역시ㆍ특별자치시ㆍ도 및 특별자치도(이하 “시ㆍ도”라 한다)의 조례로 정한다.,위임,조례,5,"연간 대부료율을 시·도 조례로 정하도록 규율권한을 넘기며, 괄호 안 시행령 언급은 정의 원용에 불과하다."
P06364,②법 제5조제1항에 따라 대부하는 경우 연간 대부료율은 해당 폐교재산평정가격(「공유재산 및 물품 관리법 시행령」 제31조제2항에 따른 가격을 말한다. 이하 같다)을 고려하여 해당 특별시ㆍ광역시ㆍ특별자치시ㆍ도 및 특별자치도(이하 “시ㆍ도”라 한다)의 조례로 정한다.,위임,조례,5,"연간 대부료율의 결정을 시·도 조례에 넘기는 위임이며, 괄호 안 시행령 언급은 정의 원용에 불과하다."
P06365,②법 제5조제1항에 따라 대부하는 경우 연간 대부료율은 해당 폐교재산평정가격(「공유재산 및 물품 관리법 시행령」 제31조제2항에 따른 가격을 말한다. 이하 같다)을 고려하여 해당 특별시ㆍ광역시ㆍ특별자치시ㆍ도 및 특별자치도(이하 “시ㆍ도”라 한다)의 조례로 정한다.,위임,조례,5,연간 대부료율을 시·도 조례로 정하도록 규율권한을 넘긴다.
P06366,②법 제5조제1항에 따라 대부하는 경우 연간 대부료율은 해당 폐교재산평정가격(「공유재산 및 물품 관리법 시행령」 제31조제2항에 따른 가격을 말한다. 이하 같다)을 고려하여 해당 특별시ㆍ광역시ㆍ특별자치시ㆍ도 및 특별자치도(이하 “시ㆍ도”라 한다)의 조례로 정한다.,위임,조례,5,연간 대부료율을 시·도 조례로 정하도록 규율권한을 넘긴다.
P06367,②법 제5조제1항에 따라 대부하는 경우 연간 대부료율은 해당 폐교재산평정가격(「공유재산 및 물품 관리법 시행령」 제31조제2항에 따른 가격을 말한다. 이하 같다)을 고려하여 해당 특별시ㆍ광역시ㆍ특별자치시ㆍ도 및 특별자치도(이하 “시ㆍ도”라 한다)의 조례로 정한다.,위임,조례,5,연간 대부료율을 시·도 조례로 정하도록 규율권한을 넘긴다.
P06368,②법 제5조제1항에 따라 대부하는 경우 연간 대부료율은 해당 폐교재산평정가격(「공유재산 및 물품 관리법 시행령」 제31조제2항에 따른 가격을 말한다. 이하 같다)을 고려하여 해당 특별시ㆍ광역시ㆍ특별자치시ㆍ도 및 특별자치도(이하 “시ㆍ도”라 한다)의 조례로 정한다.,위임,조례,5,"연간 대부료율을 시·도 조례로 정하도록 규율권한을 넘기며, 괄호 안 인용은 정의 원용에 불과하다."
P06369,②법 제5조제1항에 따라 대부하는 경우 연간 대부료율은 해당 폐교재산평정가격(「공유재산 및 물품 관리법 시행령」 제31조제2항에 따른 가격을 말한다. 이하 같다)을 고려하여 해당 특별시ㆍ광역시ㆍ특별자치시ㆍ도 및 특별자치도(이하 “시ㆍ도”라 한다)의 조례로 정한다.,위임,조례,5,"연간 대부료율을 시·도 조례로 정하도록 규율권한을 넘기며, 시행령 인용은 정의 원용에 불과하다."
P06370,②법 제5조제1항에 따라 대부하는 경우 연간 대부료율은 해당 폐교재산평정가격(「공유재산 및 물품 관리법 시행령」 제31조제2항에 따른 가격을 말한다. 이하 같다)을 고려하여 해당 특별시ㆍ광역시ㆍ특별자치시ㆍ도 및 특별자치도(이하 “시ㆍ도”라 한다)의 조례로 정한다.,위임,조례,5,"연간 대부료율을 시·도 조례로 정하도록 규율권한을 넘기는 위임이며, 괄호 안 법령 원용은 정의 인용에 불과하다."
P06371,②법 제5조제1항에 따라 대부하는 경우 연간 대부료율은 해당 폐교재산평정가격(「공유재산 및 물품 관리법 시행령」 제31조제2항에 따른 가격을 말한다. 이하 같다)을 고려하여 해당 특별시ㆍ광역시ㆍ특별자치시ㆍ도 및 특별자치도(이하 “시ㆍ도”라 한다)의 조례로 정한다.,위임,조례,5,"연간 대부료율을 시·도 조례로 정하도록 규율권한을 넘기며, 괄호 안 법령은 정의 원용에 불과하다."
P06372,②법 제5조제1항에 따라 대부하는 경우 연간 대부료율은 해당 폐교재산평정가격(「공유재산 및 물품 관리법 시행령」 제31조제2항에 따른 가격을 말한다. 이하 같다)을 고려하여 해당 특별시ㆍ광역시ㆍ특별자치시ㆍ도 및 특별자치도(이하 “시ㆍ도”라 한다)의 조례로 정한다.,위임,조례,5,연간 대부료율을 시·도 조례로 정하도록 규율권한을 넘긴다.
P06373,②법 제5조제1항에 따라 대부하는 경우 연간 대부료율은 해당 폐교재산평정가격(「공유재산 및 물품 관리법 시행령」 제31조제2항에 따른 가격을 말한다. 이하 같다)을 고려하여 해당 특별시ㆍ광역시ㆍ특별자치시ㆍ도 및 특별자치도(이하 “시ㆍ도”라 한다)의 조례로 정한다.,위임,조례,5,연간 대부료율을 시·도 조례로 정하도록 규율권한을 넘긴다.
P06374,"① 법 제5조제3항에 따라 폐교재산을 감액하여 대부하는 경우 연간 감액비율은 해당 시ㆍ도의 조례로 정한다. 다만, 시ㆍ도 교육감은 대부를 받은 자가 재난(「재난 및 안전관리 기본법」 제3조제1호에 따른 재난을 말한다)에 따른 피해를 입은 경우 「공유재산 및 물품 관리법」 제16조에 따른 공유재산심의회의 심의를 거쳐 한시적으로 적용되는 연간 감액비율을 따로 정할 수 있다.",위임,조례,5,연간 감액비율의 규율권한을 시·도 조례에 넘기는 위임이다.
P06375,"① 법 제5조제3항에 따라 폐교재산을 감액하여 대부하는 경우 연간 감액비율은 해당 시ㆍ도의 조례로 정한다. 다만, 시ㆍ도 교육감은 대부를 받은 자가 재난(「재난 및 안전관리 기본법」 제3조제1호에 따른 재난을 말한다)에 따른 피해를 입은 경우 「공유재산 및 물품 관리법」 제16조에 따른 공유재산심의회의 심의를 거쳐 한시적으로 적용되는 연간 감액비율을 따로 정할 수 있다.",위임,조례,4,"연간 감액비율을 시·도 조례로 정하도록 규율권한을 넘기는 위임이며, 단서의 교육감 결정은 한시적 개별 조치로 보아 법형식은 조례로 본다."
P06376,"① 법 제5조제3항에 따라 폐교재산을 감액하여 대부하는 경우 연간 감액비율은 해당 시ㆍ도의 조례로 정한다. 다만, 시ㆍ도 교육감은 대부를 받은 자가 재난(「재난 및 안전관리 기본법」 제3조제1호에 따른 재난을 말한다)에 따른 피해를 입은 경우 「공유재산 및 물품 관리법」 제16조에 따른 공유재산심의회의 심의를 거쳐 한시적으로 적용되는 연간 감액비율을 따로 정할 수 있다.",위임,조례,4,"연간 감액비율의 규율권한을 시·도 조례에 넘기는 위임 규정이며, 단서의 교육감 결정은 한시적 예외 설정에 해당한다."
P06377,"① 법 제5조제3항에 따라 폐교재산을 감액하여 대부하는 경우 연간 감액비율은 해당 시ㆍ도의 조례로 정한다. 다만, 시ㆍ도 교육감은 대부를 받은 자가 재난(「재난 및 안전관리 기본법」 제3조제1호에 따른 재난을 말한다)에 따른 피해를 입은 경우 「공유재산 및 물품 관리법」 제16조에 따른 공유재산심의회의 심의를 거쳐 한시적으로 적용되는 연간 감액비율을 따로 정할 수 있다.",위임,조례|미특정,4,"연간 감액비율을 시·도 조례로 정하도록 위임하고, 단서에서 교육감이 형식을 특정하지 않은 채 한시 감액비율을 따로 정할 수 있게 하였다."
P06378,"① 법 제5조제3항에 따라 폐교재산을 감액하여 대부하는 경우 연간 감액비율은 해당 시ㆍ도의 조례로 정한다. 다만, 시ㆍ도 교육감은 대부를 받은 자가 재난(「재난 및 안전관리 기본법」 제3조제1호에 따른 재난을 말한다)에 따른 피해를 입은 경우 「공유재산 및 물품 관리법」 제16조에 따른 공유재산심의회의 심의를 거쳐 한시적으로 적용되는 연간 감액비율을 따로 정할 수 있다.",위임,조례,5,연간 감액비율을 시·도 조례로 정하도록 규율권한을 넘기는 위임이다(단서의 교육감 별도 정함은 부수적).
P06379,"① 법 제5조제3항에 따라 폐교재산을 감액하여 대부하는 경우 연간 감액비율은 해당 시ㆍ도의 조례로 정한다. 다만, 시ㆍ도 교육감은 대부를 받은 자가 재난(「재난 및 안전관리 기본법」 제3조제1호에 따른 재난을 말한다)에 따른 피해를 입은 경우 「공유재산 및 물품 관리법」 제16조에 따른 공유재산심의회의 심의를 거쳐 한시적으로 적용되는 연간 감액비율을 따로 정할 수 있다.",위임,조례,4,연간 감액비율을 시·도 조례로 정하도록 규율권한을 넘기는 위임이다(단서의 교육감 정함은 부수적).
P06380,"① 법 제5조제3항에 따라 폐교재산을 감액하여 대부하는 경우 연간 감액비율은 해당 시ㆍ도의 조례로 정한다. 다만, 시ㆍ도 교육감은 대부를 받은 자가 재난(「재난 및 안전관리 기본법」 제3조제1호에 따른 재난을 말한다)에 따른 피해를 입은 경우 「공유재산 및 물품 관리법」 제16조에 따른 공유재산심의회의 심의를 거쳐 한시적으로 적용되는 연간 감액비율을 따로 정할 수 있다.",위임,조례,4,연간 감액비율의 규율권한을 시·도 조례에 넘기는 위임 규정이다.
P06381,"① 법 제5조제3항에 따라 폐교재산을 감액하여 대부하는 경우 연간 감액비율은 해당 시ㆍ도의 조례로 정한다. 다만, 시ㆍ도 교육감은 대부를 받은 자가 재난(「재난 및 안전관리 기본법」 제3조제1호에 따른 재난을 말한다)에 따른 피해를 입은 경우 「공유재산 및 물품 관리법」 제16조에 따른 공유재산심의회의 심의를 거쳐 한시적으로 적용되는 연간 감액비율을 따로 정할 수 있다.",위임,조례,4,연간 감액비율을 시·도 조례로 정하도록 규율권한을 넘기는 위임이다(단서의 교육감 별도 결정은 형식 미지정의 부수적 권한).
P06382,"① 법 제5조제3항에 따라 폐교재산을 감액하여 대부하는 경우 연간 감액비율은 해당 시ㆍ도의 조례로 정한다. 다만, 시ㆍ도 교육감은 대부를 받은 자가 재난(「재난 및 안전관리 기본법」 제3조제1호에 따른 재난을 말한다)에 따른 피해를 입은 경우 「공유재산 및 물품 관리법」 제16조에 따른 공유재산심의회의 심의를 거쳐 한시적으로 적용되는 연간 감액비율을 따로 정할 수 있다.",위임,조례,5,연간 감액비율을 시·도 조례로 정하도록 규율권한을 넘긴다.
P06383,"① 법 제5조제3항에 따라 폐교재산을 감액하여 대부하는 경우 연간 감액비율은 해당 시ㆍ도의 조례로 정한다. 다만, 시ㆍ도 교육감은 대부를 받은 자가 재난(「재난 및 안전관리 기본법」 제3조제1호에 따른 재난을 말한다)에 따른 피해를 입은 경우 「공유재산 및 물품 관리법」 제16조에 따른 공유재산심의회의 심의를 거쳐 한시적으로 적용되는 연간 감액비율을 따로 정할 수 있다.",위임,조례,5,연간 감액비율을 시·도 조례로 정하도록 규율권한을 넘기는 위임이다.
P06384,"① 법 제5조제3항에 따라 폐교재산을 감액하여 대부하는 경우 연간 감액비율은 해당 시ㆍ도의 조례로 정한다. 다만, 시ㆍ도 교육감은 대부를 받은 자가 재난(「재난 및 안전관리 기본법」 제3조제1호에 따른 재난을 말한다)에 따른 피해를 입은 경우 「공유재산 및 물품 관리법」 제16조에 따른 공유재산심의회의 심의를 거쳐 한시적으로 적용되는 연간 감액비율을 따로 정할 수 있다.",위임,조례,4,"연간 감액비율의 규율권한을 시·도 조례에 넘기는 위임이며, 단서의 교육감 개별 결정은 부수적이다."
P06385,"① 법 제5조제3항에 따라 폐교재산을 감액하여 대부하는 경우 연간 감액비율은 해당 시ㆍ도의 조례로 정한다. 다만, 시ㆍ도 교육감은 대부를 받은 자가 재난(「재난 및 안전관리 기본법」 제3조제1호에 따른 재난을 말한다)에 따른 피해를 입은 경우 「공유재산 및 물품 관리법」 제16조에 따른 공유재산심의회의 심의를 거쳐 한시적으로 적용되는 연간 감액비율을 따로 정할 수 있다.",위임,조례,4,"연간 감액비율을 시·도 조례로 정하도록 규율권한을 넘기는 위임 규정이며, 단서의 교육감 결정은 한시적 개별 조치에 해당한다."
P06386,"① 법 제5조제3항에 따라 폐교재산을 감액하여 대부하는 경우 연간 감액비율은 해당 시ㆍ도의 조례로 정한다. 다만, 시ㆍ도 교육감은 대부를 받은 자가 재난(「재난 및 안전관리 기본법」 제3조제1호에 따른 재난을 말한다)에 따른 피해를 입은 경우 「공유재산 및 물품 관리법」 제16조에 따른 공유재산심의회의 심의를 거쳐 한시적으로 적용되는 연간 감액비율을 따로 정할 수 있다.",위임,조례|미특정,4,"연간 감액비율을 시·도 조례로 정하도록 위임하고, 단서에서 교육감이 별도 감액비율을 정할 수 있게 하나 법형식은 미특정이다."
P06387,"① 법 제5조제3항에 따라 폐교재산을 감액하여 대부하는 경우 연간 감액비율은 해당 시ㆍ도의 조례로 정한다. 다만, 시ㆍ도 교육감은 대부를 받은 자가 재난(「재난 및 안전관리 기본법」 제3조제1호에 따른 재난을 말한다)에 따른 피해를 입은 경우 「공유재산 및 물품 관리법」 제16조에 따른 공유재산심의회의 심의를 거쳐 한시적으로 적용되는 연간 감액비율을 따로 정할 수 있다.",위임,조례,5,연간 감액비율을 시·도 조례로 정하도록 규율권한을 넘긴다.
P06388,"① 법 제5조제3항에 따라 폐교재산을 감액하여 대부하는 경우 연간 감액비율은 해당 시ㆍ도의 조례로 정한다. 다만, 시ㆍ도 교육감은 대부를 받은 자가 재난(「재난 및 안전관리 기본법」 제3조제1호에 따른 재난을 말한다)에 따른 피해를 입은 경우 「공유재산 및 물품 관리법」 제16조에 따른 공유재산심의회의 심의를 거쳐 한시적으로 적용되는 연간 감액비율을 따로 정할 수 있다.",위임,조례,5,연간 감액비율을 시·도 조례로 정하도록 규율권한을 넘기는 위임 규정이다.
P06389,"① 법 제5조제3항에 따라 폐교재산을 감액하여 대부하는 경우 연간 감액비율은 해당 시ㆍ도의 조례로 정한다. 다만, 시ㆍ도 교육감은 대부를 받은 자가 재난(「재난 및 안전관리 기본법」 제3조제1호에 따른 재난을 말한다)에 따른 피해를 입은 경우 「공유재산 및 물품 관리법」 제16조에 따른 공유재산심의회의 심의를 거쳐 한시적으로 적용되는 연간 감액비율을 따로 정할 수 있다.",위임,조례,5,연간 감액비율을 시·도 조례로 정하도록 규율권한을 넘긴다(단서의 교육감 별도 결정은 형식 미지정 부수사항).
P06390,"법 제5조제4항제2호에서 ""대통령령으로 정하는 지역주민""이란 폐교 당시 해당 학교의 학생통학구역의 범위에서 해당 시·도조례로 정하는 지역에 주민등록이 되어 있는 사람을 말한다.",위임,조례,4,상위 위임사항을 구체화하면서 지역의 범위를 시·도조례로 정하도록 규율권한을 넘긴다.
P06391,"법 제5조제4항제2호에서 ""대통령령으로 정하는 지역주민""이란 폐교 당시 해당 학교의 학생통학구역의 범위에서 해당 시·도조례로 정하는 지역에 주민등록이 되어 있는 사람을 말한다.",위임,조례,4,'해당 시·도조례로 정하는 지역'으로 지역 범위 확정을 조례에 부분 위임한다.
P06392,"법 제5조제4항제2호에서 ""대통령령으로 정하는 지역주민""이란 폐교 당시 해당 학교의 학생통학구역의 범위에서 해당 시·도조례로 정하는 지역에 주민등록이 되어 있는 사람을 말한다.",위임,조례,4,지역주민의 범위 중 '지역'의 구체적 확정을 시·도조례에 맡기는 부분 위임이다.
P06393,"법 제5조제4항제2호에서 ""대통령령으로 정하는 지역주민""이란 폐교 당시 해당 학교의 학생통학구역의 범위에서 해당 시·도조례로 정하는 지역에 주민등록이 되어 있는 사람을 말한다.",위임,조례,4,지역주민의 범위 중 해당 지역을 시·도조례로 정하도록 규율권한을 넘긴다.
P06394,"법 제5조제4항제2호에서 ""대통령령으로 정하는 지역주민""이란 폐교 당시 해당 학교의 학생통학구역의 범위에서 해당 시·도조례로 정하는 지역에 주민등록이 되어 있는 사람을 말한다.",위임,조례,4,상위법의 위임사항을 구체화하면서 지역 범위를 시·도조례로 정하도록 재위임한다.
P06395,"법 제5조제4항제2호에서 ""대통령령으로 정하는 지역주민""이란 폐교 당시 해당 학교의 학생통학구역의 범위에서 해당 시·도조례로 정하는 지역에 주민등록이 되어 있는 사람을 말한다.",위임,조례,4,법의 위임사항을 구체화하면서 지역 범위를 시·도조례로 정하도록 재위임하고 있다.
P06396,"법 제5조제4항제2호에서 ""대통령령으로 정하는 지역주민""이란 폐교 당시 해당 학교의 학생통학구역의 범위에서 해당 시·도조례로 정하는 지역에 주민등록이 되어 있는 사람을 말한다.",위임,조례,4,대통령령 위임사항을 다시 시·도조례가 정할 지역 범위로 넘기는 재위임 문장이다.
P06397,"법 제5조제4항제2호에서 ""대통령령으로 정하는 지역주민""이란 폐교 당시 해당 학교의 학생통학구역의 범위에서 해당 시·도조례로 정하는 지역에 주민등록이 되어 있는 사람을 말한다.",위임,조례,4,지역주민의 범위 중 대상 지역의 확정을 시·도조례에 다시 넘기는 재위임 규정이다.
P06398,"법 제5조제4항제2호에서 ""대통령령으로 정하는 지역주민""이란 폐교 당시 해당 학교의 학생통학구역의 범위에서 해당 시·도조례로 정하는 지역에 주민등록이 되어 있는 사람을 말한다.",위임,조례,4,상위법 위임사항을 구체화하면서 해당 지역의 범위를 시·도조례로 정하도록 재위임한다.
P06399,"법 제5조제4항제2호에서 ""대통령령으로 정하는 지역주민""이란 폐교 당시 해당 학교의 학생통학구역의 범위에서 해당 시·도조례로 정하는 지역에 주민등록이 되어 있는 사람을 말한다.",위임,조례,4,지역주민 범위 중 대상 지역의 확정을 시·도조례로 정하도록 규율권한을 넘기는 부분 위임이다.
P06400,"법 제5조제4항제2호에서 ""대통령령으로 정하는 지역주민""이란 폐교 당시 해당 학교의 학생통학구역의 범위에서 해당 시·도조례로 정하는 지역에 주민등록이 되어 있는 사람을 말한다.",위임,조례,4,지역주민의 범위 중 지역 획정을 시·도조례로 정하도록 규율권한을 넘긴다.
P06401,"법 제5조제4항제2호에서 ""대통령령으로 정하는 지역주민""이란 폐교 당시 해당 학교의 학생통학구역의 범위에서 해당 시·도조례로 정하는 지역에 주민등록이 되어 있는 사람을 말한다.",위임,조례,4,법률의 위임사항을 구체화하면서 대상 지역의 확정을 다시 시·도조례에 맡기는 부분 위임이다.
P06402,"법 제5조제4항제2호에서 ""대통령령으로 정하는 지역주민""이란 폐교 당시 해당 학교의 학생통학구역의 범위에서 해당 시·도조례로 정하는 지역에 주민등록이 되어 있는 사람을 말한다.",위임,조례,4,지역주민의 구체적 지역 범위를 시·도조례로 정하도록 규율권한을 넘긴다.
P06403,"법 제5조제4항제2호에서 ""대통령령으로 정하는 지역주민""이란 폐교 당시 해당 학교의 학생통학구역의 범위에서 해당 시·도조례로 정하는 지역에 주민등록이 되어 있는 사람을 말한다.",위임,조례,4,상위법의 위임사항을 구체화하면서 지역 범위를 시·도조례로 정하도록 다시 위임한다.
P06404,"법 제5조제4항제2호에서 ""대통령령으로 정하는 지역주민""이란 폐교 당시 해당 학교의 학생통학구역의 범위에서 해당 시·도조례로 정하는 지역에 주민등록이 되어 있는 사람을 말한다.",위임,조례,5,지역주민의 구체적 범위를 시·도조례로 정하도록 재위임하고 있다.
P06405,대통령령으로 정하는 바에,판단불가,대통령령,3,문장이 중간에 잘려 종결부가 없어 위임 여부를 확정할 수 없으나 문언상 대통령령이 표지되어 있다.
P06406,대통령령으로 정하는 바에,판단불가,해당없음,4,문장이 중간에 잘려 있어 위임 여부와 규율 대상을 확정할 수 없다.
P06407,대통령령으로 정하는 규모,위임,대통령령,4,'대통령령으로 정하는 규모'는 급식 대상 요건의 일부를 대통령령에 맡기는 부분 위임이다.
P06408,필요한 사항은 대통령령으로,위임,대통령령,3,문장이 잘렸으나 '필요한 사항은 대통령령으로'라는 문언상 대통령령에 규율권한을 넘기는 위임으로 판단된다.
P06409,필요한 사항은 대통령령으로,판단불가,대통령령,3,문장이 종결부 없이 잘려 있어 위임 여부를 확정할 수 없으나 표지어구로는 대통령령이 지시된다.
P06410,⑤제3항의 규정에 따른 학교급식지원심의위원회의 구성ㆍ운영과 제4항의 규정에 따른 학교급식지원센터의 설치ㆍ운영에 관하여 필요한 사항은 해당지방자치단체의 조례로 정한다.,위임,조례,5,필요한 사항을 해당 지방자치단체의 조례로 정하도록 규율권한을 넘긴다.
P06411,⑤제3항의 규정에 따른 학교급식지원심의위원회의 구성ㆍ운영과 제4항의 규정에 따른 학교급식지원센터의 설치ㆍ운영에 관하여 필요한 사항은 해당지방자치단체의 조례로 정한다.,위임,조례,5,필요한 사항을 해당 지방자치단체의 조례로 정하도록 규율권한을 넘긴다.
P06412,⑤제3항의 규정에 따른 학교급식지원심의위원회의 구성ㆍ운영과 제4항의 규정에 따른 학교급식지원센터의 설치ㆍ운영에 관하여 필요한 사항은 해당지방자치단체의 조례로 정한다.,위임,조례,5,필요한 사항을 해당 지방자치단체 조례로 정하도록 규율권한을 넘긴다.
P06413,⑤제3항의 규정에 따른 학교급식지원심의위원회의 구성ㆍ운영과 제4항의 규정에 따른 학교급식지원센터의 설치ㆍ운영에 관하여 필요한 사항은 해당지방자치단체의 조례로 정한다.,위임,조례,5,심의위원회 구성·운영 및 지원센터 설치·운영에 관한 사항을 지방자치단체 조례에 위임한다.
P06414,⑤제3항의 규정에 따른 학교급식지원심의위원회의 구성ㆍ운영과 제4항의 규정에 따른 학교급식지원센터의 설치ㆍ운영에 관하여 필요한 사항은 해당지방자치단체의 조례로 정한다.,위임,조례,5,필요한 사항의 규율권한을 지방자치단체 조례에 넘기는 위임 규정이다.
P06415,⑤제3항의 규정에 따른 학교급식지원심의위원회의 구성ㆍ운영과 제4항의 규정에 따른 학교급식지원센터의 설치ㆍ운영에 관하여 필요한 사항은 해당지방자치단체의 조례로 정한다.,위임,조례,5,위원회 구성·운영 등 필요한 사항을 지방자치단체 조례로 정하도록 규율권한을 넘긴다.
P06416,⑤제3항의 규정에 따른 학교급식지원심의위원회의 구성ㆍ운영과 제4항의 규정에 따른 학교급식지원센터의 설치ㆍ운영에 관하여 필요한 사항은 해당지방자치단체의 조례로 정한다.,위임,조례,5,필요한 사항을 해당 지방자치단체의 조례로 정하도록 규율권한을 넘긴다.
P06417,⑤제3항의 규정에 따른 학교급식지원심의위원회의 구성ㆍ운영과 제4항의 규정에 따른 학교급식지원센터의 설치ㆍ운영에 관하여 필요한 사항은 해당지방자치단체의 조례로 정한다.,위임,조례,5,필요한 사항을 해당 지방자치단체 조례로 정하도록 규율권한을 넘긴다.
P06418,⑤제3항의 규정에 따른 학교급식지원심의위원회의 구성ㆍ운영과 제4항의 규정에 따른 학교급식지원센터의 설치ㆍ운영에 관하여 필요한 사항은 해당지방자치단체의 조례로 정한다.,위임,조례,5,필요한 사항을 해당 지방자치단체의 조례로 정하도록 규율권한을 넘긴다.
P06419,⑤제3항의 규정에 따른 학교급식지원심의위원회의 구성ㆍ운영과 제4항의 규정에 따른 학교급식지원센터의 설치ㆍ운영에 관하여 필요한 사항은 해당지방자치단체의 조례로 정한다.,위임,조례,5,위원회 구성·운영 등 필요한 사항을 지방자치단체 조례로 정하도록 규율권한을 넘긴다.
P06420,⑤제3항의 규정에 따른 학교급식지원심의위원회의 구성ㆍ운영과 제4항의 규정에 따른 학교급식지원센터의 설치ㆍ운영에 관하여 필요한 사항은 해당지방자치단체의 조례로 정한다.,위임,조례,5,필요한 사항을 해당 지방자치단체의 조례로 정하도록 규율권한을 넘긴다.
P06421,⑤제3항의 규정에 따른 학교급식지원심의위원회의 구성ㆍ운영과 제4항의 규정에 따른 학교급식지원센터의 설치ㆍ운영에 관하여 필요한 사항은 해당지방자치단체의 조례로 정한다.,위임,조례,5,필요한 사항을 지방자치단체 조례로 정하도록 규율권한을 넘긴다.
P06422,⑤제3항의 규정에 따른 학교급식지원심의위원회의 구성ㆍ운영과 제4항의 규정에 따른 학교급식지원센터의 설치ㆍ운영에 관하여 필요한 사항은 해당지방자치단체의 조례로 정한다.,위임,조례,5,심의위원회 구성·운영 등 필요 사항의 규율권한을 지방자치단체 조례에 넘긴다.
P06423,⑤제3항의 규정에 따른 학교급식지원심의위원회의 구성ㆍ운영과 제4항의 규정에 따른 학교급식지원센터의 설치ㆍ운영에 관하여 필요한 사항은 해당지방자치단체의 조례로 정한다.,위임,조례,5,필요한 사항을 해당 지방자치단체의 조례에 정하도록 규율권한을 넘긴다.
P06424,⑤제3항의 규정에 따른 학교급식지원심의위원회의 구성ㆍ운영과 제4항의 규정에 따른 학교급식지원센터의 설치ㆍ운영에 관하여 필요한 사항은 해당지방자치단체의 조례로 정한다.,위임,조례,5,필요한 사항을 지방자치단체 조례로 정하도록 규율권한을 넘긴다.
P06425,⑤제3항의 규정에 따른 학교급식지원심의위원회의 구성ㆍ운영과 제4항의 규정에 따른 학교급식지원센터의 설치ㆍ운영에 관하여 필요한 사항은 해당지방자치단체의 조례로 정한다.,위임,조례,5,위원회 구성·운영 및 센터 설치·운영에 필요한 사항을 지방자치단체 조례에 위임한다.
P06426,⑤제3항의 규정에 따른 학교급식지원심의위원회의 구성ㆍ운영과 제4항의 규정에 따른 학교급식지원센터의 설치ㆍ운영에 관하여 필요한 사항은 해당지방자치단체의 조례로 정한다.,위임,조례,5,필요한 사항을 해당 지방자치단체 조례로 정하도록 규율권한을 넘긴다.
P06427,⑤제3항의 규정에 따른 학교급식지원심의위원회의 구성ㆍ운영과 제4항의 규정에 따른 학교급식지원센터의 설치ㆍ운영에 관하여 필요한 사항은 해당지방자치단체의 조례로 정한다.,위임,조례,5,필요한 사항을 해당 지방자치단체의 조례로 정하도록 규율권한을 넘긴다.
P06428,⑤제3항의 규정에 따른 학교급식지원심의위원회의 구성ㆍ운영과 제4항의 규정에 따른 학교급식지원센터의 설치ㆍ운영에 관하여 필요한 사항은 해당지방자치단체의 조례로 정한다.,위임,조례,5,필요한 사항을 해당 지방자치단체의 조례로 정하도록 규율권한을 넘긴다.
P06429,⑤제3항의 규정에 따른 학교급식지원심의위원회의 구성ㆍ운영과 제4항의 규정에 따른 학교급식지원센터의 설치ㆍ운영에 관하여 필요한 사항은 해당지방자치단체의 조례로 정한다.,위임,조례,5,필요한 사항의 규율권한을 지방자치단체 조례에 넘기는 위임 규정이다.
P06430,⑤제3항의 규정에 따른 학교급식지원심의위원회의 구성ㆍ운영과 제4항의 규정에 따른 학교급식지원센터의 설치ㆍ운영에 관하여 필요한 사항은 해당지방자치단체의 조례로 정한다.,위임,조례,5,필요한 사항을 지방자치단체 조례로 정하도록 규율권한을 넘긴다.
P06431,⑤제3항의 규정에 따른 학교급식지원심의위원회의 구성ㆍ운영과 제4항의 규정에 따른 학교급식지원센터의 설치ㆍ운영에 관하여 필요한 사항은 해당지방자치단체의 조례로 정한다.,위임,조례,5,필요한 사항을 해당 지방자치단체의 조례로 정하도록 규율권한을 넘긴다.
P06432,⑤제3항의 규정에 따른 학교급식지원심의위원회의 구성ㆍ운영과 제4항의 규정에 따른 학교급식지원센터의 설치ㆍ운영에 관하여 필요한 사항은 해당지방자치단체의 조례로 정한다.,위임,조례,5,필요한 사항을 해당 지방자치단체의 조례로 정하도록 규율권한을 넘긴다.
P06433,⑤제3항의 규정에 따른 학교급식지원심의위원회의 구성ㆍ운영과 제4항의 규정에 따른 학교급식지원센터의 설치ㆍ운영에 관하여 필요한 사항은 해당지방자치단체의 조례로 정한다.,위임,조례,5,필요한 사항을 해당 지방자치단체의 조례로 정하도록 규율권한을 넘긴다.
P06434,⑤제3항의 규정에 따른 학교급식지원심의위원회의 구성ㆍ운영과 제4항의 규정에 따른 학교급식지원센터의 설치ㆍ운영에 관하여 필요한 사항은 해당지방자치단체의 조례로 정한다.,위임,조례,5,필요한 사항을 해당 지방자치단체의 조례에 정하도록 규율권한을 넘긴다.
P06435,⑤제3항의 규정에 따른 학교급식지원심의위원회의 구성ㆍ운영과 제4항의 규정에 따른 학교급식지원센터의 설치ㆍ운영에 관하여 필요한 사항은 해당지방자치단체의 조례로 정한다.,위임,조례,5,필요한 사항을 지방자치단체 조례로 정하도록 규율권한을 넘긴다.
P06436,⑤제3항의 규정에 따른 학교급식지원심의위원회의 구성ㆍ운영과 제4항의 규정에 따른 학교급식지원센터의 설치ㆍ운영에 관하여 필요한 사항은 해당지방자치단체의 조례로 정한다.,위임,조례,5,필요한 사항의 규율권한을 해당 지방자치단체 조례에 넘기는 종결형 위임이다.
P06437,⑤제3항의 규정에 따른 학교급식지원심의위원회의 구성ㆍ운영과 제4항의 규정에 따른 학교급식지원센터의 설치ㆍ운영에 관하여 필요한 사항은 해당지방자치단체의 조례로 정한다.,위임,조례,5,필요한 사항을 해당 지방자치단체의 조례로 정하도록 규율권한을 넘긴다.
P06438,⑤제3항의 규정에 따른 학교급식지원심의위원회의 구성ㆍ운영과 제4항의 규정에 따른 학교급식지원센터의 설치ㆍ운영에 관하여 필요한 사항은 해당지방자치단체의 조례로 정한다.,위임,조례,5,필요한 사항을 지방자치단체 조례로 정하도록 규율권한을 넘긴다.
P06439,⑤제3항의 규정에 따른 학교급식지원심의위원회의 구성ㆍ운영과 제4항의 규정에 따른 학교급식지원센터의 설치ㆍ운영에 관하여 필요한 사항은 해당지방자치단체의 조례로 정한다.,위임,조례,5,필요한 사항을 해당 지방자치단체의 조례로 정하도록 규율권한을 넘긴다.
P06440,⑤제3항의 규정에 따른 학교급식지원심의위원회의 구성ㆍ운영과 제4항의 규정에 따른 학교급식지원센터의 설치ㆍ운영에 관하여 필요한 사항은 해당지방자치단체의 조례로 정한다.,위임,조례,5,필요한 사항을 해당 지방자치단체의 조례로 정하도록 규율권한을 넘긴다.
P06441,⑤제3항의 규정에 따른 학교급식지원심의위원회의 구성ㆍ운영과 제4항의 규정에 따른 학교급식지원센터의 설치ㆍ운영에 관하여 필요한 사항은 해당지방자치단체의 조례로 정한다.,위임,조례,5,필요한 사항을 해당 지방자치단체의 조례로 정하도록 규율권한을 넘긴다.
P06442,⑤제3항의 규정에 따른 학교급식지원심의위원회의 구성ㆍ운영과 제4항의 규정에 따른 학교급식지원센터의 설치ㆍ운영에 관하여 필요한 사항은 해당지방자치단체의 조례로 정한다.,위임,조례,5,필요한 사항을 해당 지방자치단체 조례로 정하도록 규율권한을 넘긴다.
P06443,⑤제3항의 규정에 따른 학교급식지원심의위원회의 구성ㆍ운영과 제4항의 규정에 따른 학교급식지원센터의 설치ㆍ운영에 관하여 필요한 사항은 해당지방자치단체의 조례로 정한다.,위임,조례,5,필요한 사항을 지방자치단체 조례로 정하도록 규율권한을 넘긴다.
P06444,⑤제3항의 규정에 따른 학교급식지원심의위원회의 구성ㆍ운영과 제4항의 규정에 따른 학교급식지원센터의 설치ㆍ운영에 관하여 필요한 사항은 해당지방자치단체의 조례로 정한다.,위임,조례,5,필요한 사항을 해당 지방자치단체의 조례로 정하도록 규율권한을 넘긴다.
P06445,⑤제3항의 규정에 따른 학교급식지원심의위원회의 구성ㆍ운영과 제4항의 규정에 따른 학교급식지원센터의 설치ㆍ운영에 관하여 필요한 사항은 해당지방자치단체의 조례로 정한다.,위임,조례,5,필요한 사항을 해당 지방자치단체의 조례로 정하도록 규율권한을 넘긴다.
P06446,⑤제3항의 규정에 따른 학교급식지원심의위원회의 구성ㆍ운영과 제4항의 규정에 따른 학교급식지원센터의 설치ㆍ운영에 관하여 필요한 사항은 해당지방자치단체의 조례로 정한다.,위임,조례,5,위원회 구성·운영 등 필요사항을 지방자치단체 조례에 규율권한을 넘긴다.
P06447,⑤제3항의 규정에 따른 학교급식지원심의위원회의 구성ㆍ운영과 제4항의 규정에 따른 학교급식지원센터의 설치ㆍ운영에 관하여 필요한 사항은 해당지방자치단체의 조례로 정한다.,위임,조례,5,심의위원회 구성·운영 등 필요한 사항을 지방자치단체 조례에 규율권한을 넘기는 위임이다.
P06448,⑤제3항의 규정에 따른 학교급식지원심의위원회의 구성ㆍ운영과 제4항의 규정에 따른 학교급식지원센터의 설치ㆍ운영에 관하여 필요한 사항은 해당지방자치단체의 조례로 정한다.,위임,조례,5,필요한 사항을 해당 지방자치단체의 조례로 정하도록 규율권한을 넘긴다.
P06449,⑤제3항의 규정에 따른 학교급식지원심의위원회의 구성ㆍ운영과 제4항의 규정에 따른 학교급식지원센터의 설치ㆍ운영에 관하여 필요한 사항은 해당지방자치단체의 조례로 정한다.,위임,조례,5,심의위원회 구성·운영 및 지원센터 설치·운영에 필요한 사항을 지방자치단체 조례에 규율권한을 넘긴다.
P06450,⑤제3항의 규정에 따른 학교급식지원심의위원회의 구성ㆍ운영과 제4항의 규정에 따른 학교급식지원센터의 설치ㆍ운영에 관하여 필요한 사항은 해당지방자치단체의 조례로 정한다.,위임,조례,5,필요한 사항을 해당 지방자치단체의 조례로 정하도록 규율권한을 넘긴다.
P06451,⑤제3항의 규정에 따른 학교급식지원심의위원회의 구성ㆍ운영과 제4항의 규정에 따른 학교급식지원센터의 설치ㆍ운영에 관하여 필요한 사항은 해당지방자치단체의 조례로 정한다.,위임,조례,5,필요한 사항을 해당 지방자치단체의 조례로 정하도록 규율권한을 넘긴다.
P06452,⑤제3항의 규정에 따른 학교급식지원심의위원회의 구성ㆍ운영과 제4항의 규정에 따른 학교급식지원센터의 설치ㆍ운영에 관하여 필요한 사항은 해당지방자치단체의 조례로 정한다.,위임,조례,5,위원회 구성·운영 등 필요한 사항을 지방자치단체 조례로 정하도록 규율권한을 넘긴다.
P06453,⑤제3항의 규정에 따른 학교급식지원심의위원회의 구성ㆍ운영과 제4항의 규정에 따른 학교급식지원센터의 설치ㆍ운영에 관하여 필요한 사항은 해당지방자치단체의 조례로 정한다.,위임,조례,5,필요한 사항을 지방자치단체 조례로 정하도록 규율권한을 넘긴다.
P06454,⑤제3항의 규정에 따른 학교급식지원심의위원회의 구성ㆍ운영과 제4항의 규정에 따른 학교급식지원센터의 설치ㆍ운영에 관하여 필요한 사항은 해당지방자치단체의 조례로 정한다.,위임,조례,5,필요한 사항을 지방자치단체 조례로 정하도록 규율권한을 넘긴다.
P06455,⑤제3항의 규정에 따른 학교급식지원심의위원회의 구성ㆍ운영과 제4항의 규정에 따른 학교급식지원센터의 설치ㆍ운영에 관하여 필요한 사항은 해당지방자치단체의 조례로 정한다.,위임,조례,5,필요한 사항을 해당 지방자치단체의 조례로 정하도록 규율권한을 넘긴다.
P06456,⑤제3항의 규정에 따른 학교급식지원심의위원회의 구성ㆍ운영과 제4항의 규정에 따른 학교급식지원센터의 설치ㆍ운영에 관하여 필요한 사항은 해당지방자치단체의 조례로 정한다.,위임,조례,5,필요한 사항을 지방자치단체 조례로 정하도록 규율권한을 넘긴다.
P06457,⑤제3항의 규정에 따른 학교급식지원심의위원회의 구성ㆍ운영과 제4항의 규정에 따른 학교급식지원센터의 설치ㆍ운영에 관하여 필요한 사항은 해당지방자치단체의 조례로 정한다.,위임,조례,5,위원회 구성·운영 및 센터 설치·운영에 필요한 사항을 지방자치단체 조례에 규율권한을 넘긴다.
P06458,⑤제3항의 규정에 따른 학교급식지원심의위원회의 구성ㆍ운영과 제4항의 규정에 따른 학교급식지원센터의 설치ㆍ운영에 관하여 필요한 사항은 해당지방자치단체의 조례로 정한다.,위임,조례,5,필요한 사항을 해당 지방자치단체의 조례로 정하도록 규율권한을 넘긴다.
P06459,⑤제3항의 규정에 따른 학교급식지원심의위원회의 구성ㆍ운영과 제4항의 규정에 따른 학교급식지원센터의 설치ㆍ운영에 관하여 필요한 사항은 해당지방자치단체의 조례로 정한다.,위임,조례,5,필요한 사항을 지방자치단체 조례로 정하도록 규율권한을 넘긴다.
P06460,⑤제3항의 규정에 따른 학교급식지원심의위원회의 구성ㆍ운영과 제4항의 규정에 따른 학교급식지원센터의 설치ㆍ운영에 관하여 필요한 사항은 해당지방자치단체의 조례로 정한다.,위임,조례,5,위원회 구성·운영 등 필요한 사항을 지방자치단체 조례에 규율권한을 넘기는 위임이다.
P06461,⑤제3항의 규정에 따른 학교급식지원심의위원회의 구성ㆍ운영과 제4항의 규정에 따른 학교급식지원센터의 설치ㆍ운영에 관하여 필요한 사항은 해당지방자치단체의 조례로 정한다.,위임,조례,5,필요한 사항을 해당 지방자치단체의 조례로 정하도록 규율권한을 넘긴다.
P06462,⑤제3항의 규정에 따른 학교급식지원심의위원회의 구성ㆍ운영과 제4항의 규정에 따른 학교급식지원센터의 설치ㆍ운영에 관하여 필요한 사항은 해당지방자치단체의 조례로 정한다.,위임,조례,5,필요한 사항을 지방자치단체 조례로 정하도록 규율권한을 넘긴다.
P06463,⑤제3항의 규정에 따른 학교급식지원심의위원회의 구성ㆍ운영과 제4항의 규정에 따른 학교급식지원센터의 설치ㆍ운영에 관하여 필요한 사항은 해당지방자치단체의 조례로 정한다.,위임,조례,5,필요한 사항을 해당 지방자치단체의 조례로 정하도록 규율권한을 넘긴다.
P06464,⑤제3항의 규정에 따른 학교급식지원심의위원회의 구성ㆍ운영과 제4항의 규정에 따른 학교급식지원센터의 설치ㆍ운영에 관하여 필요한 사항은 해당지방자치단체의 조례로 정한다.,위임,조례,5,필요한 사항을 해당 지방자치단체의 조례로 정하도록 규율권한을 넘긴다.
P06465,⑤제3항의 규정에 따른 학교급식지원심의위원회의 구성ㆍ운영과 제4항의 규정에 따른 학교급식지원센터의 설치ㆍ운영에 관하여 필요한 사항은 해당지방자치단체의 조례로 정한다.,위임,조례,5,필요한 사항을 해당 지방자치단체의 조례로 정하도록 규율권한을 넘긴다.
P06466,⑤제3항의 규정에 따른 학교급식지원심의위원회의 구성ㆍ운영과 제4항의 규정에 따른 학교급식지원센터의 설치ㆍ운영에 관하여 필요한 사항은 해당지방자치단체의 조례로 정한다.,위임,조례,5,필요한 사항을 지방자치단체 조례로 정하도록 규율권한을 넘긴다.
P06467,⑤제3항의 규정에 따른 학교급식지원심의위원회의 구성ㆍ운영과 제4항의 규정에 따른 학교급식지원센터의 설치ㆍ운영에 관하여 필요한 사항은 해당지방자치단체의 조례로 정한다.,위임,조례,5,필요한 사항을 해당 지방자치단체의 조례로 정하도록 규율권한을 넘긴다.
P06468,⑤제3항의 규정에 따른 학교급식지원심의위원회의 구성ㆍ운영과 제4항의 규정에 따른 학교급식지원센터의 설치ㆍ운영에 관하여 필요한 사항은 해당지방자치단체의 조례로 정한다.,위임,조례,5,필요한 사항을 해당 지방자치단체의 조례로 정하도록 규율권한을 넘긴다.
P06469,⑤제3항의 규정에 따른 학교급식지원심의위원회의 구성ㆍ운영과 제4항의 규정에 따른 학교급식지원센터의 설치ㆍ운영에 관하여 필요한 사항은 해당지방자치단체의 조례로 정한다.,위임,조례,5,위원회 구성·운영 등 필요한 사항을 지방자치단체 조례로 정하도록 규율권한을 넘긴다.
P06470,⑤제3항의 규정에 따른 학교급식지원심의위원회의 구성ㆍ운영과 제4항의 규정에 따른 학교급식지원센터의 설치ㆍ운영에 관하여 필요한 사항은 해당지방자치단체의 조례로 정한다.,위임,조례,5,필요한 사항을 지방자치단체 조례로 정하도록 규율권한을 넘긴다.
P06471,⑤제3항의 규정에 따른 학교급식지원심의위원회의 구성ㆍ운영과 제4항의 규정에 따른 학교급식지원센터의 설치ㆍ운영에 관하여 필요한 사항은 해당지방자치단체의 조례로 정한다.,위임,조례,5,필요한 사항을 해당 지방자치단체의 조례로 정하도록 규율권한을 넘긴다.
P06472,⑤제3항의 규정에 따른 학교급식지원심의위원회의 구성ㆍ운영과 제4항의 규정에 따른 학교급식지원센터의 설치ㆍ운영에 관하여 필요한 사항은 해당지방자치단체의 조례로 정한다.,위임,조례,5,필요한 사항을 지방자치단체 조례로 정하도록 규율권한을 넘긴다.
P06473,⑤제3항의 규정에 따른 학교급식지원심의위원회의 구성ㆍ운영과 제4항의 규정에 따른 학교급식지원센터의 설치ㆍ운영에 관하여 필요한 사항은 해당지방자치단체의 조례로 정한다.,위임,조례,5,필요한 사항을 해당 지방자치단체의 조례로 정하도록 규율권한을 넘긴다.
P06474,⑤제3항의 규정에 따른 학교급식지원심의위원회의 구성ㆍ운영과 제4항의 규정에 따른 학교급식지원센터의 설치ㆍ운영에 관하여 필요한 사항은 해당지방자치단체의 조례로 정한다.,위임,조례,5,필요한 사항을 해당 지방자치단체의 조례로 정하도록 규율권한을 넘긴다.
P06475,⑤제3항의 규정에 따른 학교급식지원심의위원회의 구성ㆍ운영과 제4항의 규정에 따른 학교급식지원센터의 설치ㆍ운영에 관하여 필요한 사항은 해당지방자치단체의 조례로 정한다.,위임,조례,5,필요한 사항을 해당 지방자치단체의 조례로 정하도록 규율권한을 넘긴다.
P06476,⑤제3항의 규정에 따른 학교급식지원심의위원회의 구성ㆍ운영과 제4항의 규정에 따른 학교급식지원센터의 설치ㆍ운영에 관하여 필요한 사항은 해당지방자치단체의 조례로 정한다.,위임,조례,5,필요한 사항을 해당 지방자치단체의 조례로 정하도록 규율권한을 넘긴다.
P06477,⑤제3항의 규정에 따른 학교급식지원심의위원회의 구성ㆍ운영과 제4항의 규정에 따른 학교급식지원센터의 설치ㆍ운영에 관하여 필요한 사항은 해당지방자치단체의 조례로 정한다.,위임,조례,5,필요한 사항을 해당 지방자치단체 조례로 정하도록 규율권한을 넘긴다.
P06478,⑤제3항의 규정에 따른 학교급식지원심의위원회의 구성ㆍ운영과 제4항의 규정에 따른 학교급식지원센터의 설치ㆍ운영에 관하여 필요한 사항은 해당지방자치단체의 조례로 정한다.,위임,조례,5,필요한 사항을 지방자치단체 조례로 정하도록 규율권한을 넘긴다.
P06479,⑤제3항의 규정에 따른 학교급식지원심의위원회의 구성ㆍ운영과 제4항의 규정에 따른 학교급식지원센터의 설치ㆍ운영에 관하여 필요한 사항은 해당지방자치단체의 조례로 정한다.,위임,조례,5,필요한 사항의 규율권한을 해당 지방자치단체 조례에 넘기는 위임 규정이다.
P06480,⑤제3항의 규정에 따른 학교급식지원심의위원회의 구성ㆍ운영과 제4항의 규정에 따른 학교급식지원센터의 설치ㆍ운영에 관하여 필요한 사항은 해당지방자치단체의 조례로 정한다.,위임,조례,5,필요한 사항을 해당 지방자치단체의 조례로 정하도록 규율권한을 넘긴다.
P06481,⑤제3항의 규정에 따른 학교급식지원심의위원회의 구성ㆍ운영과 제4항의 규정에 따른 학교급식지원센터의 설치ㆍ운영에 관하여 필요한 사항은 해당지방자치단체의 조례로 정한다.,위임,조례,5,필요한 사항을 해당 지방자치단체의 조례로 정하도록 규율권한을 넘긴다.
P06482,⑤제3항의 규정에 따른 학교급식지원심의위원회의 구성ㆍ운영과 제4항의 규정에 따른 학교급식지원센터의 설치ㆍ운영에 관하여 필요한 사항은 해당지방자치단체의 조례로 정한다.,위임,조례,5,필요한 사항을 해당 지방자치단체의 조례로 정하도록 규율권한을 넘긴다.
P06483,⑤제3항의 규정에 따른 학교급식지원심의위원회의 구성ㆍ운영과 제4항의 규정에 따른 학교급식지원센터의 설치ㆍ운영에 관하여 필요한 사항은 해당지방자치단체의 조례로 정한다.,위임,조례,5,심의위원회 구성·운영 및 지원센터 설치·운영에 관한 사항을 지방자치단체 조례에 위임한다.
P06484,⑤제3항의 규정에 따른 학교급식지원심의위원회의 구성ㆍ운영과 제4항의 규정에 따른 학교급식지원센터의 설치ㆍ운영에 관하여 필요한 사항은 해당지방자치단체의 조례로 정한다.,위임,조례,5,필요한 사항을 해당 지방자치단체의 조례로 정하도록 규율권한을 넘긴다.
P06485,⑤제3항의 규정에 따른 학교급식지원심의위원회의 구성ㆍ운영과 제4항의 규정에 따른 학교급식지원센터의 설치ㆍ운영에 관하여 필요한 사항은 해당지방자치단체의 조례로 정한다.,위임,조례,5,필요한 사항을 해당 지방자치단체의 조례로 정하도록 규율권한을 넘긴다.
P06486,⑤제3항의 규정에 따른 학교급식지원심의위원회의 구성ㆍ운영과 제4항의 규정에 따른 학교급식지원센터의 설치ㆍ운영에 관하여 필요한 사항은 해당지방자치단체의 조례로 정한다.,위임,조례,5,필요한 사항을 해당 지방자치단체의 조례로 정하도록 규율권한을 넘긴다.
P06487,⑤제3항의 규정에 따른 학교급식지원심의위원회의 구성ㆍ운영과 제4항의 규정에 따른 학교급식지원센터의 설치ㆍ운영에 관하여 필요한 사항은 해당지방자치단체의 조례로 정한다.,위임,조례,5,필요한 사항을 해당 지방자치단체의 조례에 규율권한을 넘기는 위임 규정이다.
P06488,⑤제3항의 규정에 따른 학교급식지원심의위원회의 구성ㆍ운영과 제4항의 규정에 따른 학교급식지원센터의 설치ㆍ운영에 관하여 필요한 사항은 해당지방자치단체의 조례로 정한다.,위임,조례,5,필요한 사항을 해당 지방자치단체의 조례로 정하도록 규율권한을 넘긴다.
P06489,⑤제3항의 규정에 따른 학교급식지원심의위원회의 구성ㆍ운영과 제4항의 규정에 따른 학교급식지원센터의 설치ㆍ운영에 관하여 필요한 사항은 해당지방자치단체의 조례로 정한다.,위임,조례,5,필요한 사항을 지방자치단체 조례로 정하도록 규율권한을 넘긴다.
P06490,⑤제3항의 규정에 따른 학교급식지원심의위원회의 구성ㆍ운영과 제4항의 규정에 따른 학교급식지원센터의 설치ㆍ운영에 관하여 필요한 사항은 해당지방자치단체의 조례로 정한다.,위임,조례,5,필요한 사항을 지방자치단체 조례로 정하도록 규율권한을 넘긴다.
P06491,⑤제3항의 규정에 따른 학교급식지원심의위원회의 구성ㆍ운영과 제4항의 규정에 따른 학교급식지원센터의 설치ㆍ운영에 관하여 필요한 사항은 해당지방자치단체의 조례로 정한다.,위임,조례,5,위원회 구성·운영 등 필요한 사항을 지방자치단체 조례로 정하도록 규율권한을 넘긴다.
P06492,⑤제3항의 규정에 따른 학교급식지원심의위원회의 구성ㆍ운영과 제4항의 규정에 따른 학교급식지원센터의 설치ㆍ운영에 관하여 필요한 사항은 해당지방자치단체의 조례로 정한다.,위임,조례,5,필요한 사항을 해당 지방자치단체의 조례로 정하도록 규율권한을 넘긴다.
P06493,⑤제3항의 규정에 따른 학교급식지원심의위원회의 구성ㆍ운영과 제4항의 규정에 따른 학교급식지원센터의 설치ㆍ운영에 관하여 필요한 사항은 해당지방자치단체의 조례로 정한다.,위임,조례,5,필요한 사항을 해당 지방자치단체의 조례로 정하도록 규율권한을 넘긴다.
P06494,⑤제3항의 규정에 따른 학교급식지원심의위원회의 구성ㆍ운영과 제4항의 규정에 따른 학교급식지원센터의 설치ㆍ운영에 관하여 필요한 사항은 해당지방자치단체의 조례로 정한다.,위임,조례,5,필요한 사항을 해당 지방자치단체 조례로 정하도록 규율권한을 넘긴다.
P06495,⑤제3항의 규정에 따른 학교급식지원심의위원회의 구성ㆍ운영과 제4항의 규정에 따른 학교급식지원센터의 설치ㆍ운영에 관하여 필요한 사항은 해당지방자치단체의 조례로 정한다.,위임,조례,5,필요한 사항을 지방자치단체 조례로 정하도록 규율권한을 넘긴다.
P06496,⑤제3항의 규정에 따른 학교급식지원심의위원회의 구성ㆍ운영과 제4항의 규정에 따른 학교급식지원센터의 설치ㆍ운영에 관하여 필요한 사항은 해당지방자치단체의 조례로 정한다.,위임,조례,5,필요한 사항을 해당 지방자치단체의 조례로 정하도록 규율권한을 넘긴다.
P06497,⑤제3항의 규정에 따른 학교급식지원심의위원회의 구성ㆍ운영과 제4항의 규정에 따른 학교급식지원센터의 설치ㆍ운영에 관하여 필요한 사항은 해당지방자치단체의 조례로 정한다.,위임,조례,5,심의위원회 구성·운영 등 필요한 사항의 규율권한을 지방자치단체 조례에 넘긴다.
P06498,⑤제3항의 규정에 따른 학교급식지원심의위원회의 구성ㆍ운영과 제4항의 규정에 따른 학교급식지원센터의 설치ㆍ운영에 관하여 필요한 사항은 해당지방자치단체의 조례로 정한다.,위임,조례,5,필요한 사항을 해당 지방자치단체 조례로 정하도록 규율권한을 넘긴다.
P06499,⑤제3항의 규정에 따른 학교급식지원심의위원회의 구성ㆍ운영과 제4항의 규정에 따른 학교급식지원센터의 설치ㆍ운영에 관하여 필요한 사항은 해당지방자치단체의 조례로 정한다.,위임,조례,5,위원회 구성·운영 및 센터 설치·운영에 필요한 사항을 지방자치단체 조례에 규율권한으로 넘긴다.
P06500,⑤제3항의 규정에 따른 학교급식지원심의위원회의 구성ㆍ운영과 제4항의 규정에 따른 학교급식지원센터의 설치ㆍ운영에 관하여 필요한 사항은 해당지방자치단체의 조례로 정한다.,위임,조례,5,필요한 사항을 지방자치단체 조례로 정하도록 규율권한을 넘긴다.
P06501,⑤제3항의 규정에 따른 학교급식지원심의위원회의 구성ㆍ운영과 제4항의 규정에 따른 학교급식지원센터의 설치ㆍ운영에 관하여 필요한 사항은 해당지방자치단체의 조례로 정한다.,위임,조례,5,필요한 사항을 지방자치단체 조례로 정하도록 규율권한을 넘긴다.
P06502,⑤제3항의 규정에 따른 학교급식지원심의위원회의 구성ㆍ운영과 제4항의 규정에 따른 학교급식지원센터의 설치ㆍ운영에 관하여 필요한 사항은 해당지방자치단체의 조례로 정한다.,위임,조례,5,필요한 사항을 해당 지방자치단체의 조례로 정하도록 규율권한을 넘긴다.
P06503,⑤제3항의 규정에 따른 학교급식지원심의위원회의 구성ㆍ운영과 제4항의 규정에 따른 학교급식지원센터의 설치ㆍ운영에 관하여 필요한 사항은 해당지방자치단체의 조례로 정한다.,위임,조례,5,필요한 사항을 해당 지방자치단체의 조례로 정하도록 규율권한을 넘긴다.
P06504,⑤제3항의 규정에 따른 학교급식지원심의위원회의 구성ㆍ운영과 제4항의 규정에 따른 학교급식지원센터의 설치ㆍ운영에 관하여 필요한 사항은 해당지방자치단체의 조례로 정한다.,위임,조례,5,위원회 구성·운영 등 필요한 사항의 규율권한을 지방자치단체 조례에 넘긴다.
P06505,⑤제3항의 규정에 따른 학교급식지원심의위원회의 구성ㆍ운영과 제4항의 규정에 따른 학교급식지원센터의 설치ㆍ운영에 관하여 필요한 사항은 해당지방자치단체의 조례로 정한다.,위임,조례,5,필요한 사항을 해당 지방자치단체의 조례로 정하도록 규율권한을 넘긴다.
P06506,⑤제3항의 규정에 따른 학교급식지원심의위원회의 구성ㆍ운영과 제4항의 규정에 따른 학교급식지원센터의 설치ㆍ운영에 관하여 필요한 사항은 해당지방자치단체의 조례로 정한다.,위임,조례,5,필요한 사항을 해당 지방자치단체 조례로 정하도록 규율권한을 넘긴다.
P06507,⑤제3항의 규정에 따른 학교급식지원심의위원회의 구성ㆍ운영과 제4항의 규정에 따른 학교급식지원센터의 설치ㆍ운영에 관하여 필요한 사항은 해당지방자치단체의 조례로 정한다.,위임,조례,5,필요한 사항을 해당 지방자치단체 조례로 정하도록 규율권한을 넘긴다.
P06508,⑤제3항의 규정에 따른 학교급식지원심의위원회의 구성ㆍ운영과 제4항의 규정에 따른 학교급식지원센터의 설치ㆍ운영에 관하여 필요한 사항은 해당지방자치단체의 조례로 정한다.,위임,조례,5,필요한 사항을 해당 지방자치단체의 조례로 정하도록 규율권한을 넘긴다.
P06509,⑤제3항의 규정에 따른 학교급식지원심의위원회의 구성ㆍ운영과 제4항의 규정에 따른 학교급식지원센터의 설치ㆍ운영에 관하여 필요한 사항은 해당지방자치단체의 조례로 정한다.,위임,조례,5,필요한 사항을 지방자치단체 조례로 정하도록 규율권한을 넘긴다.
P06510,⑤제3항의 규정에 따른 학교급식지원심의위원회의 구성ㆍ운영과 제4항의 규정에 따른 학교급식지원센터의 설치ㆍ운영에 관하여 필요한 사항은 해당지방자치단체의 조례로 정한다.,위임,조례,5,필요한 사항을 해당 지방자치단체의 조례로 정하도록 규율권한을 넘긴다.
P06511,⑤제3항의 규정에 따른 학교급식지원심의위원회의 구성ㆍ운영과 제4항의 규정에 따른 학교급식지원센터의 설치ㆍ운영에 관하여 필요한 사항은 해당지방자치단체의 조례로 정한다.,위임,조례,5,필요한 사항을 지방자치단체 조례로 정하도록 규율권한을 넘긴다.
P06512,⑤제3항의 규정에 따른 학교급식지원심의위원회의 구성ㆍ운영과 제4항의 규정에 따른 학교급식지원센터의 설치ㆍ운영에 관하여 필요한 사항은 해당지방자치단체의 조례로 정한다.,위임,조례,5,필요한 사항을 해당 지방자치단체의 조례로 정하도록 규율권한을 넘긴다.
P06513,⑤제3항의 규정에 따른 학교급식지원심의위원회의 구성ㆍ운영과 제4항의 규정에 따른 학교급식지원센터의 설치ㆍ운영에 관하여 필요한 사항은 해당지방자치단체의 조례로 정한다.,위임,조례,5,필요한 사항을 해당 지방자치단체의 조례로 정하도록 규율권한을 넘긴다.
P06514,⑤제3항의 규정에 따른 학교급식지원심의위원회의 구성ㆍ운영과 제4항의 규정에 따른 학교급식지원센터의 설치ㆍ운영에 관하여 필요한 사항은 해당지방자치단체의 조례로 정한다.,위임,조례,5,필요한 사항을 해당 지방자치단체의 조례로 정하도록 규율권한을 넘긴다.
P06515,⑤제3항의 규정에 따른 학교급식지원심의위원회의 구성ㆍ운영과 제4항의 규정에 따른 학교급식지원센터의 설치ㆍ운영에 관하여 필요한 사항은 해당지방자치단체의 조례로 정한다.,위임,조례,5,필요한 사항을 지방자치단체 조례로 정하도록 규율권한을 넘긴다.
P06516,⑤제3항의 규정에 따른 학교급식지원심의위원회의 구성ㆍ운영과 제4항의 규정에 따른 학교급식지원센터의 설치ㆍ운영에 관하여 필요한 사항은 해당지방자치단체의 조례로 정한다.,위임,조례,5,필요한 사항을 해당 지방자치단체의 조례로 정하도록 규율권한을 넘긴다.
P06517,⑤제3항의 규정에 따른 학교급식지원심의위원회의 구성ㆍ운영과 제4항의 규정에 따른 학교급식지원센터의 설치ㆍ운영에 관하여 필요한 사항은 해당지방자치단체의 조례로 정한다.,위임,조례,5,필요한 사항을 해당 지방자치단체의 조례로 정하도록 규율권한을 넘긴다.
P06518,⑤제3항의 규정에 따른 학교급식지원심의위원회의 구성ㆍ운영과 제4항의 규정에 따른 학교급식지원센터의 설치ㆍ운영에 관하여 필요한 사항은 해당지방자치단체의 조례로 정한다.,위임,조례,5,필요한 사항을 해당 지방자치단체의 조례로 정하도록 규율권한을 넘긴다.
P06519,⑤제3항의 규정에 따른 학교급식지원심의위원회의 구성ㆍ운영과 제4항의 규정에 따른 학교급식지원센터의 설치ㆍ운영에 관하여 필요한 사항은 해당지방자치단체의 조례로 정한다.,위임,조례,5,필요한 사항을 해당 지방자치단체의 조례로 정하도록 규율권한을 넘긴다.
P06520,⑤제3항의 규정에 따른 학교급식지원심의위원회의 구성ㆍ운영과 제4항의 규정에 따른 학교급식지원센터의 설치ㆍ운영에 관하여 필요한 사항은 해당지방자치단체의 조례로 정한다.,위임,조례,5,필요한 사항을 해당 지방자치단체 조례로 정하도록 규율권한을 넘긴다.
P06521,⑤제3항의 규정에 따른 학교급식지원심의위원회의 구성ㆍ운영과 제4항의 규정에 따른 학교급식지원센터의 설치ㆍ운영에 관하여 필요한 사항은 해당지방자치단체의 조례로 정한다.,위임,조례,5,필요한 사항을 해당 지방자치단체 조례로 정하도록 규율권한을 넘기는 위임이다.
P06522,⑤제3항의 규정에 따른 학교급식지원심의위원회의 구성ㆍ운영과 제4항의 규정에 따른 학교급식지원센터의 설치ㆍ운영에 관하여 필요한 사항은 해당지방자치단체의 조례로 정한다.,위임,조례,5,필요한 사항을 해당 지방자치단체 조례로 정하도록 규율권한을 넘긴다.
P06523,⑤제3항의 규정에 따른 학교급식지원심의위원회의 구성ㆍ운영과 제4항의 규정에 따른 학교급식지원센터의 설치ㆍ운영에 관하여 필요한 사항은 해당지방자치단체의 조례로 정한다.,위임,조례,5,필요한 사항을 해당 지방자치단체의 조례로 정하도록 규율권한을 넘긴다.
P06524,⑤제3항의 규정에 따른 학교급식지원심의위원회의 구성ㆍ운영과 제4항의 규정에 따른 학교급식지원센터의 설치ㆍ운영에 관하여 필요한 사항은 해당지방자치단체의 조례로 정한다.,위임,조례,5,필요한 사항을 지방자치단체 조례로 정하도록 규율권한을 넘긴다.
P06525,⑤제3항의 규정에 따른 학교급식지원심의위원회의 구성ㆍ운영과 제4항의 규정에 따른 학교급식지원센터의 설치ㆍ운영에 관하여 필요한 사항은 해당지방자치단체의 조례로 정한다.,위임,조례,5,필요한 사항을 해당 지방자치단체의 조례로 정하도록 규율권한을 넘긴다.
P06526,⑤제3항의 규정에 따른 학교급식지원심의위원회의 구성ㆍ운영과 제4항의 규정에 따른 학교급식지원센터의 설치ㆍ운영에 관하여 필요한 사항은 해당지방자치단체의 조례로 정한다.,위임,조례,5,심의위원회 구성·운영 등 필요한 사항을 지방자치단체 조례로 정하도록 규율권한을 넘긴다.
P06527,⑤제3항의 규정에 따른 학교급식지원심의위원회의 구성ㆍ운영과 제4항의 규정에 따른 학교급식지원센터의 설치ㆍ운영에 관하여 필요한 사항은 해당지방자치단체의 조례로 정한다.,위임,조례,5,필요한 사항을 해당 지방자치단체의 조례로 정하도록 규율권한을 넘긴다.
P06528,⑤제3항의 규정에 따른 학교급식지원심의위원회의 구성ㆍ운영과 제4항의 규정에 따른 학교급식지원센터의 설치ㆍ운영에 관하여 필요한 사항은 해당지방자치단체의 조례로 정한다.,위임,조례,5,필요한 사항을 지방자치단체 조례로 정하도록 규율권한을 넘긴다.
P06529,⑤제3항의 규정에 따른 학교급식지원심의위원회의 구성ㆍ운영과 제4항의 규정에 따른 학교급식지원센터의 설치ㆍ운영에 관하여 필요한 사항은 해당지방자치단체의 조례로 정한다.,위임,조례,5,필요한 사항을 지방자치단체 조례로 정하도록 규율권한을 넘긴다.
P06530,⑤제3항의 규정에 따른 학교급식지원심의위원회의 구성ㆍ운영과 제4항의 규정에 따른 학교급식지원센터의 설치ㆍ운영에 관하여 필요한 사항은 해당지방자치단체의 조례로 정한다.,위임,조례,5,필요한 사항을 해당 지방자치단체의 조례로 정하도록 규율권한을 넘긴다.
P06531,⑤제3항의 규정에 따른 학교급식지원심의위원회의 구성ㆍ운영과 제4항의 규정에 따른 학교급식지원센터의 설치ㆍ운영에 관하여 필요한 사항은 해당지방자치단체의 조례로 정한다.,위임,조례,5,필요한 사항을 지방자치단체 조례로 정하도록 규율권한을 넘긴다.
P06532,⑤제3항의 규정에 따른 학교급식지원심의위원회의 구성ㆍ운영과 제4항의 규정에 따른 학교급식지원센터의 설치ㆍ운영에 관하여 필요한 사항은 해당지방자치단체의 조례로 정한다.,위임,조례,5,필요한 사항을 지방자치단체 조례로 정하도록 규율권한을 넘긴다.
P06533,⑤제3항의 규정에 따른 학교급식지원심의위원회의 구성ㆍ운영과 제4항의 규정에 따른 학교급식지원센터의 설치ㆍ운영에 관하여 필요한 사항은 해당지방자치단체의 조례로 정한다.,위임,조례,5,필요한 사항을 해당 지방자치단체의 조례로 정하도록 규율권한을 넘긴다.
P06534,⑤제3항의 규정에 따른 학교급식지원심의위원회의 구성ㆍ운영과 제4항의 규정에 따른 학교급식지원센터의 설치ㆍ운영에 관하여 필요한 사항은 해당지방자치단체의 조례로 정한다.,위임,조례,5,필요한 사항을 해당 지방자치단체의 조례로 정하도록 규율권한을 넘긴다.
P06535,⑤제3항의 규정에 따른 학교급식지원심의위원회의 구성ㆍ운영과 제4항의 규정에 따른 학교급식지원센터의 설치ㆍ운영에 관하여 필요한 사항은 해당지방자치단체의 조례로 정한다.,위임,조례,5,필요한 사항의 규율권한을 지방자치단체 조례에 넘기는 위임 규정이다.
P06536,⑤제3항의 규정에 따른 학교급식지원심의위원회의 구성ㆍ운영과 제4항의 규정에 따른 학교급식지원센터의 설치ㆍ운영에 관하여 필요한 사항은 해당지방자치단체의 조례로 정한다.,위임,조례,5,필요한 사항의 규율권한을 해당 지방자치단체 조례에 넘기는 위임 규정이다.
P06537,⑤제3항의 규정에 따른 학교급식지원심의위원회의 구성ㆍ운영과 제4항의 규정에 따른 학교급식지원센터의 설치ㆍ운영에 관하여 필요한 사항은 해당지방자치단체의 조례로 정한다.,위임,조례,5,필요한 사항을 해당 지방자치단체의 조례로 정하도록 규율권한을 넘긴다.
P06538,⑤제3항의 규정에 따른 학교급식지원심의위원회의 구성ㆍ운영과 제4항의 규정에 따른 학교급식지원센터의 설치ㆍ운영에 관하여 필요한 사항은 해당지방자치단체의 조례로 정한다.,위임,조례,5,위원회 구성·운영 등 필요한 사항을 지방자치단체 조례로 정하도록 규율권한을 넘긴다.
P06539,⑤제3항의 규정에 따른 학교급식지원심의위원회의 구성ㆍ운영과 제4항의 규정에 따른 학교급식지원센터의 설치ㆍ운영에 관하여 필요한 사항은 해당지방자치단체의 조례로 정한다.,위임,조례,5,필요한 사항을 해당 지방자치단체의 조례로 정하도록 규율권한을 넘긴다.
P06540,⑤제3항의 규정에 따른 학교급식지원심의위원회의 구성ㆍ운영과 제4항의 규정에 따른 학교급식지원센터의 설치ㆍ운영에 관하여 필요한 사항은 해당지방자치단체의 조례로 정한다.,위임,조례,5,필요한 사항을 해당 지방자치단체의 조례로 정하도록 규율권한을 넘긴다.
P06541,⑤제3항의 규정에 따른 학교급식지원심의위원회의 구성ㆍ운영과 제4항의 규정에 따른 학교급식지원센터의 설치ㆍ운영에 관하여 필요한 사항은 해당지방자치단체의 조례로 정한다.,위임,조례,5,필요한 사항의 규율권한을 해당 지방자치단체의 조례에 넘기는 위임 규정이다.
P06542,⑤제3항의 규정에 따른 학교급식지원심의위원회의 구성ㆍ운영과 제4항의 규정에 따른 학교급식지원센터의 설치ㆍ운영에 관하여 필요한 사항은 해당지방자치단체의 조례로 정한다.,위임,조례,5,필요한 사항을 해당 지방자치단체의 조례로 정하도록 규율권한을 넘긴다.
P06543,⑤제3항의 규정에 따른 학교급식지원심의위원회의 구성ㆍ운영과 제4항의 규정에 따른 학교급식지원센터의 설치ㆍ운영에 관하여 필요한 사항은 해당지방자치단체의 조례로 정한다.,위임,조례,5,필요한 사항을 지방자치단체 조례로 정하도록 규율권한을 넘긴다.
P06544,⑤제3항의 규정에 따른 학교급식지원심의위원회의 구성ㆍ운영과 제4항의 규정에 따른 학교급식지원센터의 설치ㆍ운영에 관하여 필요한 사항은 해당지방자치단체의 조례로 정한다.,위임,조례,5,위원회 구성·운영 및 센터 설치·운영에 필요한 사항을 지방자치단체 조례로 정하도록 규율권한을 넘긴다.
P06545,⑤제3항의 규정에 따른 학교급식지원심의위원회의 구성ㆍ운영과 제4항의 규정에 따른 학교급식지원센터의 설치ㆍ운영에 관하여 필요한 사항은 해당지방자치단체의 조례로 정한다.,위임,조례,5,위원회 구성·운영 및 센터 설치·운영에 필요한 사항을 지방자치단체 조례에 규율권한으로 넘긴다.
P06546,⑤제3항의 규정에 따른 학교급식지원심의위원회의 구성ㆍ운영과 제4항의 규정에 따른 학교급식지원센터의 설치ㆍ운영에 관하여 필요한 사항은 해당지방자치단체의 조례로 정한다.,위임,조례,5,필요한 사항을 해당 지방자치단체의 조례로 정하도록 규율권한을 넘긴다.
P06547,⑤제3항의 규정에 따른 학교급식지원심의위원회의 구성ㆍ운영과 제4항의 규정에 따른 학교급식지원센터의 설치ㆍ운영에 관하여 필요한 사항은 해당지방자치단체의 조례로 정한다.,위임,조례,5,필요한 사항의 규율권한을 지방자치단체 조례에 넘기는 종결형 위임이다.
P06548,⑤제3항의 규정에 따른 학교급식지원심의위원회의 구성ㆍ운영과 제4항의 규정에 따른 학교급식지원센터의 설치ㆍ운영에 관하여 필요한 사항은 해당지방자치단체의 조례로 정한다.,위임,조례,5,필요한 사항을 해당 지방자치단체의 조례로 정하도록 규율권한을 넘긴다.
P06549,⑤제3항의 규정에 따른 학교급식지원심의위원회의 구성ㆍ운영과 제4항의 규정에 따른 학교급식지원센터의 설치ㆍ운영에 관하여 필요한 사항은 해당지방자치단체의 조례로 정한다.,위임,조례,5,필요한 사항을 해당 지방자치단체의 조례로 정하도록 규율권한을 넘긴다.
P06550,⑤제3항의 규정에 따른 학교급식지원심의위원회의 구성ㆍ운영과 제4항의 규정에 따른 학교급식지원센터의 설치ㆍ운영에 관하여 필요한 사항은 해당지방자치단체의 조례로 정한다.,위임,조례,5,필요한 사항을 지방자치단체 조례로 정하도록 규율권한을 넘긴다.
P06551,⑤제3항의 규정에 따른 학교급식지원심의위원회의 구성ㆍ운영과 제4항의 규정에 따른 학교급식지원센터의 설치ㆍ운영에 관하여 필요한 사항은 해당지방자치단체의 조례로 정한다.,위임,조례,5,필요한 사항을 해당 지방자치단체의 조례로 정하도록 규율권한을 넘긴다.
P06552,⑤제3항의 규정에 따른 학교급식지원심의위원회의 구성ㆍ운영과 제4항의 규정에 따른 학교급식지원센터의 설치ㆍ운영에 관하여 필요한 사항은 해당지방자치단체의 조례로 정한다.,위임,조례,5,필요한 사항을 지방자치단체 조례로 정하도록 규율권한을 넘긴다.
P06553,⑤제3항의 규정에 따른 학교급식지원심의위원회의 구성ㆍ운영과 제4항의 규정에 따른 학교급식지원센터의 설치ㆍ운영에 관하여 필요한 사항은 해당지방자치단체의 조례로 정한다.,위임,조례,5,위원회 구성·운영 등 필요한 사항을 지방자치단체 조례로 정하도록 규율권한을 넘긴다.
P06554,⑤제3항의 규정에 따른 학교급식지원심의위원회의 구성ㆍ운영과 제4항의 규정에 따른 학교급식지원센터의 설치ㆍ운영에 관하여 필요한 사항은 해당지방자치단체의 조례로 정한다.,위임,조례,5,필요한 사항을 지방자치단체 조례로 정하도록 규율권한을 넘긴다.
P06555,⑤제3항의 규정에 따른 학교급식지원심의위원회의 구성ㆍ운영과 제4항의 규정에 따른 학교급식지원센터의 설치ㆍ운영에 관하여 필요한 사항은 해당지방자치단체의 조례로 정한다.,위임,조례,5,필요한 사항을 해당 지방자치단체의 조례로 정하도록 규율권한을 넘긴다.
P06556,⑤제3항의 규정에 따른 학교급식지원심의위원회의 구성ㆍ운영과 제4항의 규정에 따른 학교급식지원센터의 설치ㆍ운영에 관하여 필요한 사항은 해당지방자치단체의 조례로 정한다.,위임,조례,5,필요한 사항을 해당 지방자치단체의 조례로 정하도록 규율권한을 넘긴다.
P06557,⑤제3항의 규정에 따른 학교급식지원심의위원회의 구성ㆍ운영과 제4항의 규정에 따른 학교급식지원센터의 설치ㆍ운영에 관하여 필요한 사항은 해당지방자치단체의 조례로 정한다.,위임,조례,5,위원회 구성·운영 및 센터 설치·운영에 필요한 사항을 지방자치단체 조례에 위임한다.
P06558,⑤제3항의 규정에 따른 학교급식지원심의위원회의 구성ㆍ운영과 제4항의 규정에 따른 학교급식지원센터의 설치ㆍ운영에 관하여 필요한 사항은 해당지방자치단체의 조례로 정한다.,위임,조례,5,필요한 사항의 규율권한을 해당 지방자치단체의 조례에 넘기는 위임 규정이다.
P06559,⑤제3항의 규정에 따른 학교급식지원심의위원회의 구성ㆍ운영과 제4항의 규정에 따른 학교급식지원센터의 설치ㆍ운영에 관하여 필요한 사항은 해당지방자치단체의 조례로 정한다.,위임,조례,5,필요한 사항의 규율권한을 지방자치단체 조례에 넘기는 위임 규정이다.
P06560,⑤제3항의 규정에 따른 학교급식지원심의위원회의 구성ㆍ운영과 제4항의 규정에 따른 학교급식지원센터의 설치ㆍ운영에 관하여 필요한 사항은 해당지방자치단체의 조례로 정한다.,위임,조례,5,필요한 사항을 지방자치단체 조례로 정하도록 규율권한을 넘기는 위임이다.
P06561,⑤제3항의 규정에 따른 학교급식지원심의위원회의 구성ㆍ운영과 제4항의 규정에 따른 학교급식지원센터의 설치ㆍ운영에 관하여 필요한 사항은 해당지방자치단체의 조례로 정한다.,위임,조례,5,필요한 사항의 규율권한을 해당 지방자치단체 조례에 넘기는 위임 규정이다.
P06562,⑤제3항의 규정에 따른 학교급식지원심의위원회의 구성ㆍ운영과 제4항의 규정에 따른 학교급식지원센터의 설치ㆍ운영에 관하여 필요한 사항은 해당지방자치단체의 조례로 정한다.,위임,조례,5,필요한 사항을 해당 지방자치단체의 조례로 정하도록 규율권한을 넘긴다.
P06563,⑤제3항의 규정에 따른 학교급식지원심의위원회의 구성ㆍ운영과 제4항의 규정에 따른 학교급식지원센터의 설치ㆍ운영에 관하여 필요한 사항은 해당지방자치단체의 조례로 정한다.,위임,조례,5,필요한 사항을 지방자치단체 조례로 정하도록 규율권한을 넘긴다.
P06564,⑤제3항의 규정에 따른 학교급식지원심의위원회의 구성ㆍ운영과 제4항의 규정에 따른 학교급식지원센터의 설치ㆍ운영에 관하여 필요한 사항은 해당지방자치단체의 조례로 정한다.,위임,조례,5,위원회 구성·운영 등 필요한 사항을 지방자치단체 조례에 규율권한을 넘기는 위임이다.
P06565,⑤제3항의 규정에 따른 학교급식지원심의위원회의 구성ㆍ운영과 제4항의 규정에 따른 학교급식지원센터의 설치ㆍ운영에 관하여 필요한 사항은 해당지방자치단체의 조례로 정한다.,위임,조례,5,필요한 사항을 해당 지방자치단체 조례로 정하도록 규율권한을 넘긴다.
P06566,⑤제3항의 규정에 따른 학교급식지원심의위원회의 구성ㆍ운영과 제4항의 규정에 따른 학교급식지원센터의 설치ㆍ운영에 관하여 필요한 사항은 해당지방자치단체의 조례로 정한다.,위임,조례,5,필요한 사항의 규율권한을 해당 지방자치단체 조례에 넘기는 위임 규정이다.
P06567,⑤제3항의 규정에 따른 학교급식지원심의위원회의 구성ㆍ운영과 제4항의 규정에 따른 학교급식지원센터의 설치ㆍ운영에 관하여 필요한 사항은 해당지방자치단체의 조례로 정한다.,위임,조례,5,필요한 사항을 지방자치단체 조례로 정하도록 규율권한을 넘긴다.
P06568,⑤제3항의 규정에 따른 학교급식지원심의위원회의 구성ㆍ운영과 제4항의 규정에 따른 학교급식지원센터의 설치ㆍ운영에 관하여 필요한 사항은 해당지방자치단체의 조례로 정한다.,위임,조례,5,위원회 구성·운영 및 센터 설치·운영에 필요한 사항을 지방자치단체 조례에 규율권한으로 넘긴다.
P06569,⑤제3항의 규정에 따른 학교급식지원심의위원회의 구성ㆍ운영과 제4항의 규정에 따른 학교급식지원센터의 설치ㆍ운영에 관하여 필요한 사항은 해당지방자치단체의 조례로 정한다.,위임,조례,5,필요한 사항을 해당 지방자치단체의 조례로 정하도록 규율권한을 넘기는 위임 규정이다.
P06570,⑤제3항의 규정에 따른 학교급식지원심의위원회의 구성ㆍ운영과 제4항의 규정에 따른 학교급식지원센터의 설치ㆍ운영에 관하여 필요한 사항은 해당지방자치단체의 조례로 정한다.,위임,조례,5,필요한 사항을 지방자치단체 조례로 정하도록 규율권한을 넘긴다.
P06571,⑤제3항의 규정에 따른 학교급식지원심의위원회의 구성ㆍ운영과 제4항의 규정에 따른 학교급식지원센터의 설치ㆍ운영에 관하여 필요한 사항은 해당지방자치단체의 조례로 정한다.,위임,조례,5,필요한 사항을 해당 지방자치단체의 조례로 정하도록 규율권한을 넘긴다.
P06572,⑤제3항의 규정에 따른 학교급식지원심의위원회의 구성ㆍ운영과 제4항의 규정에 따른 학교급식지원센터의 설치ㆍ운영에 관하여 필요한 사항은 해당지방자치단체의 조례로 정한다.,위임,조례,5,필요한 사항을 지방자치단체 조례로 정하도록 규율권한을 넘긴다.
P06573,⑤제3항의 규정에 따른 학교급식지원심의위원회의 구성ㆍ운영과 제4항의 규정에 따른 학교급식지원센터의 설치ㆍ운영에 관하여 필요한 사항은 해당지방자치단체의 조례로 정한다.,위임,조례,5,필요한 사항의 규율권한을 해당 지방자치단체 조례에 넘기는 위임 규정이다.
P06574,⑤제3항의 규정에 따른 학교급식지원심의위원회의 구성ㆍ운영과 제4항의 규정에 따른 학교급식지원센터의 설치ㆍ운영에 관하여 필요한 사항은 해당지방자치단체의 조례로 정한다.,위임,조례,5,필요한 사항을 해당 지방자치단체의 조례로 정하도록 규율권한을 넘긴다.
P06575,⑤제3항의 규정에 따른 학교급식지원심의위원회의 구성ㆍ운영과 제4항의 규정에 따른 학교급식지원센터의 설치ㆍ운영에 관하여 필요한 사항은 해당지방자치단체의 조례로 정한다.,위임,조례,5,필요한 사항을 해당 지방자치단체의 조례로 정하도록 규율권한을 넘긴다.
P06576,⑤제3항의 규정에 따른 학교급식지원심의위원회의 구성ㆍ운영과 제4항의 규정에 따른 학교급식지원센터의 설치ㆍ운영에 관하여 필요한 사항은 해당지방자치단체의 조례로 정한다.,위임,조례,5,필요한 사항을 해당 지방자치단체의 조례로 정하도록 규율권한을 넘긴다.
P06577,⑤제3항의 규정에 따른 학교급식지원심의위원회의 구성ㆍ운영과 제4항의 규정에 따른 학교급식지원센터의 설치ㆍ운영에 관하여 필요한 사항은 해당지방자치단체의 조례로 정한다.,위임,조례,5,필요한 사항을 해당 지방자치단체의 조례로 정하도록 규율권한을 넘긴다.
P06578,⑤제3항의 규정에 따른 학교급식지원심의위원회의 구성ㆍ운영과 제4항의 규정에 따른 학교급식지원센터의 설치ㆍ운영에 관하여 필요한 사항은 해당지방자치단체의 조례로 정한다.,위임,조례,5,필요한 사항을 해당 지방자치단체의 조례로 정하도록 규율권한을 넘긴다.
P06579,⑤제3항의 규정에 따른 학교급식지원심의위원회의 구성ㆍ운영과 제4항의 규정에 따른 학교급식지원센터의 설치ㆍ운영에 관하여 필요한 사항은 해당지방자치단체의 조례로 정한다.,위임,조례,5,필요한 사항을 해당 지방자치단체의 조례로 정하도록 규율권한을 넘긴다.
P06580,⑤제3항의 규정에 따른 학교급식지원심의위원회의 구성ㆍ운영과 제4항의 규정에 따른 학교급식지원센터의 설치ㆍ운영에 관하여 필요한 사항은 해당지방자치단체의 조례로 정한다.,위임,조례,5,필요한 사항을 지방자치단체 조례로 정하도록 규율권한을 넘긴다.
P06581,⑤제3항의 규정에 따른 학교급식지원심의위원회의 구성ㆍ운영과 제4항의 규정에 따른 학교급식지원센터의 설치ㆍ운영에 관하여 필요한 사항은 해당지방자치단체의 조례로 정한다.,위임,조례,5,위원회 구성·운영 등 필요한 사항을 지방자치단체 조례로 정하도록 규율권한을 넘긴다.
P06582,⑤제3항의 규정에 따른 학교급식지원심의위원회의 구성ㆍ운영과 제4항의 규정에 따른 학교급식지원센터의 설치ㆍ운영에 관하여 필요한 사항은 해당지방자치단체의 조례로 정한다.,위임,조례,5,필요한 사항을 해당 지방자치단체 조례로 정하도록 규율권한을 넘긴다.
P06583,⑤제3항의 규정에 따른 학교급식지원심의위원회의 구성ㆍ운영과 제4항의 규정에 따른 학교급식지원센터의 설치ㆍ운영에 관하여 필요한 사항은 해당지방자치단체의 조례로 정한다.,위임,조례,5,필요한 사항을 지방자치단체 조례로 정하도록 규율권한을 넘긴다.
P06584,⑤제3항의 규정에 따른 학교급식지원심의위원회의 구성ㆍ운영과 제4항의 규정에 따른 학교급식지원센터의 설치ㆍ운영에 관하여 필요한 사항은 해당지방자치단체의 조례로 정한다.,위임,조례,5,필요한 사항을 해당 지방자치단체의 조례로 정하도록 규율권한을 넘긴다.
P06585,⑤제3항의 규정에 따른 학교급식지원심의위원회의 구성ㆍ운영과 제4항의 규정에 따른 학교급식지원센터의 설치ㆍ운영에 관하여 필요한 사항은 해당지방자치단체의 조례로 정한다.,위임,조례,5,필요한 사항을 해당 지방자치단체 조례로 정하도록 규율권한을 넘긴다.
P06586,⑤제3항의 규정에 따른 학교급식지원심의위원회의 구성ㆍ운영과 제4항의 규정에 따른 학교급식지원센터의 설치ㆍ운영에 관하여 필요한 사항은 해당지방자치단체의 조례로 정한다.,위임,조례,5,필요한 사항을 해당 지방자치단체의 조례로 정하도록 규율권한을 넘긴다.
P06587,⑤제3항의 규정에 따른 학교급식지원심의위원회의 구성ㆍ운영과 제4항의 규정에 따른 학교급식지원센터의 설치ㆍ운영에 관하여 필요한 사항은 해당지방자치단체의 조례로 정한다.,위임,조례,5,필요한 사항을 지방자치단체 조례로 정하도록 규율권한을 넘긴다.
P06588,⑤제3항의 규정에 따른 학교급식지원심의위원회의 구성ㆍ운영과 제4항의 규정에 따른 학교급식지원센터의 설치ㆍ운영에 관하여 필요한 사항은 해당지방자치단체의 조례로 정한다.,위임,조례,5,필요한 사항을 지방자치단체 조례로 정하도록 규율권한을 넘긴다.
P06589,⑤제3항의 규정에 따른 학교급식지원심의위원회의 구성ㆍ운영과 제4항의 규정에 따른 학교급식지원센터의 설치ㆍ운영에 관하여 필요한 사항은 해당지방자치단체의 조례로 정한다.,위임,조례,5,위원회 구성·운영 등 필요한 사항을 지방자치단체 조례로 정하도록 규율권한을 넘긴다.
P06590,⑤제3항의 규정에 따른 학교급식지원심의위원회의 구성ㆍ운영과 제4항의 규정에 따른 학교급식지원센터의 설치ㆍ운영에 관하여 필요한 사항은 해당지방자치단체의 조례로 정한다.,위임,조례,5,필요한 사항을 지방자치단체 조례에 정하도록 규율권한을 넘긴다.
P06591,⑤제3항의 규정에 따른 학교급식지원심의위원회의 구성ㆍ운영과 제4항의 규정에 따른 학교급식지원센터의 설치ㆍ운영에 관하여 필요한 사항은 해당지방자치단체의 조례로 정한다.,위임,조례,5,필요한 사항을 해당 지방자치단체의 조례에 정하도록 규율권한을 넘긴다.
P06592,⑤제3항의 규정에 따른 학교급식지원심의위원회의 구성ㆍ운영과 제4항의 규정에 따른 학교급식지원센터의 설치ㆍ운영에 관하여 필요한 사항은 해당지방자치단체의 조례로 정한다.,위임,조례,5,필요한 사항을 지방자치단체 조례로 정하도록 규율권한을 넘긴다.
P06593,⑤제3항의 규정에 따른 학교급식지원심의위원회의 구성ㆍ운영과 제4항의 규정에 따른 학교급식지원센터의 설치ㆍ운영에 관하여 필요한 사항은 해당지방자치단체의 조례로 정한다.,위임,조례,5,필요한 사항을 지방자치단체 조례로 정하도록 규율권한을 넘긴다.
P06594,⑤제3항의 규정에 따른 학교급식지원심의위원회의 구성ㆍ운영과 제4항의 규정에 따른 학교급식지원센터의 설치ㆍ운영에 관하여 필요한 사항은 해당지방자치단체의 조례로 정한다.,위임,조례,5,필요한 사항을 지방자치단체 조례로 정하도록 규율권한을 넘긴다.
P06595,⑤제3항의 규정에 따른 학교급식지원심의위원회의 구성ㆍ운영과 제4항의 규정에 따른 학교급식지원센터의 설치ㆍ운영에 관하여 필요한 사항은 해당지방자치단체의 조례로 정한다.,위임,조례,5,심의위원회 구성·운영 및 지원센터 설치·운영에 필요한 사항을 지방자치단체 조례에 규율권한으로 넘긴다.
P06596,⑤제3항의 규정에 따른 학교급식지원심의위원회의 구성ㆍ운영과 제4항의 규정에 따른 학교급식지원센터의 설치ㆍ운영에 관하여 필요한 사항은 해당지방자치단체의 조례로 정한다.,위임,조례,5,필요한 사항을 해당 지방자치단체 조례에 정하도록 규율권한을 넘긴다.
P06597,⑤제3항의 규정에 따른 학교급식지원심의위원회의 구성ㆍ운영과 제4항의 규정에 따른 학교급식지원센터의 설치ㆍ운영에 관하여 필요한 사항은 해당지방자치단체의 조례로 정한다.,위임,조례,5,필요한 사항을 해당 지방자치단체의 조례로 정하도록 규율권한을 넘긴다.
P06598,⑤제3항의 규정에 따른 학교급식지원심의위원회의 구성ㆍ운영과 제4항의 규정에 따른 학교급식지원센터의 설치ㆍ운영에 관하여 필요한 사항은 해당지방자치단체의 조례로 정한다.,위임,조례,5,필요한 사항을 지방자치단체 조례로 정하도록 규율권한을 넘긴다.
P06599,⑤제3항의 규정에 따른 학교급식지원심의위원회의 구성ㆍ운영과 제4항의 규정에 따른 학교급식지원센터의 설치ㆍ운영에 관하여 필요한 사항은 해당지방자치단체의 조례로 정한다.,위임,조례,5,필요한 사항을 해당 지방자치단체 조례로 정하도록 규율권한을 넘긴다.
P06600,⑤제3항의 규정에 따른 학교급식지원심의위원회의 구성ㆍ운영과 제4항의 규정에 따른 학교급식지원센터의 설치ㆍ운영에 관하여 필요한 사항은 해당지방자치단체의 조례로 정한다.,위임,조례,5,위원회 구성·운영 및 센터 설치·운영에 필요한 사항을 지방자치단체 조례에 규율권한을 넘긴다.
P06601,⑤제3항의 규정에 따른 학교급식지원심의위원회의 구성ㆍ운영과 제4항의 규정에 따른 학교급식지원센터의 설치ㆍ운영에 관하여 필요한 사항은 해당지방자치단체의 조례로 정한다.,위임,조례,5,필요한 사항을 해당 지방자치단체의 조례로 정하도록 규율권한을 넘긴다.
P06602,⑤제3항의 규정에 따른 학교급식지원심의위원회의 구성ㆍ운영과 제4항의 규정에 따른 학교급식지원센터의 설치ㆍ운영에 관하여 필요한 사항은 해당지방자치단체의 조례로 정한다.,위임,조례,5,필요한 사항을 지방자치단체 조례로 정하도록 규율권한을 넘긴다.
P06603,⑤제3항의 규정에 따른 학교급식지원심의위원회의 구성ㆍ운영과 제4항의 규정에 따른 학교급식지원센터의 설치ㆍ운영에 관하여 필요한 사항은 해당지방자치단체의 조례로 정한다.,위임,조례,5,필요한 사항을 해당 지방자치단체의 조례로 정하도록 규율권한을 넘긴다.
P06604,⑤제3항의 규정에 따른 학교급식지원심의위원회의 구성ㆍ운영과 제4항의 규정에 따른 학교급식지원센터의 설치ㆍ운영에 관하여 필요한 사항은 해당지방자치단체의 조례로 정한다.,위임,조례,5,심의위원회 구성·운영 등 필요한 사항을 지방자치단체 조례로 정하도록 규율권한을 넘긴다.
P06605,⑤제3항의 규정에 따른 학교급식지원심의위원회의 구성ㆍ운영과 제4항의 규정에 따른 학교급식지원센터의 설치ㆍ운영에 관하여 필요한 사항은 해당지방자치단체의 조례로 정한다.,위임,조례,5,필요한 사항을 지방자치단체 조례로 정하도록 규율권한을 넘긴다.
P06606,⑤제3항의 규정에 따른 학교급식지원심의위원회의 구성ㆍ운영과 제4항의 규정에 따른 학교급식지원센터의 설치ㆍ운영에 관하여 필요한 사항은 해당지방자치단체의 조례로 정한다.,위임,조례,5,필요한 사항을 지방자치단체 조례로 정하도록 규율권한을 넘긴다.
P06607,⑤제3항의 규정에 따른 학교급식지원심의위원회의 구성ㆍ운영과 제4항의 규정에 따른 학교급식지원센터의 설치ㆍ운영에 관하여 필요한 사항은 해당지방자치단체의 조례로 정한다.,위임,조례,5,위원회 구성·운영 등 필요한 사항을 해당 지방자치단체 조례로 정하도록 규율권한을 넘긴다.
P06608,⑤제3항의 규정에 따른 학교급식지원심의위원회의 구성ㆍ운영과 제4항의 규정에 따른 학교급식지원센터의 설치ㆍ운영에 관하여 필요한 사항은 해당지방자치단체의 조례로 정한다.,위임,조례,5,위원회 구성·운영 등 필요한 사항을 지방자치단체 조례에 규율권한을 넘긴다.
P06609,⑤제3항의 규정에 따른 학교급식지원심의위원회의 구성ㆍ운영과 제4항의 규정에 따른 학교급식지원센터의 설치ㆍ운영에 관하여 필요한 사항은 해당지방자치단체의 조례로 정한다.,위임,조례,5,심의위원회 구성·운영 및 지원센터 설치·운영에 필요한 사항을 지방자치단체 조례에 위임한다.
P06610,⑤제3항의 규정에 따른 학교급식지원심의위원회의 구성ㆍ운영과 제4항의 규정에 따른 학교급식지원센터의 설치ㆍ운영에 관하여 필요한 사항은 해당지방자치단체의 조례로 정한다.,위임,조례,5,필요한 사항을 해당 지방자치단체의 조례로 정하도록 규율권한을 넘긴다.
P06611,⑤제3항의 규정에 따른 학교급식지원심의위원회의 구성ㆍ운영과 제4항의 규정에 따른 학교급식지원센터의 설치ㆍ운영에 관하여 필요한 사항은 해당지방자치단체의 조례로 정한다.,위임,조례,5,필요한 사항을 지방자치단체 조례로 정하도록 규율권한을 넘긴다.
P06612,⑤제3항의 규정에 따른 학교급식지원심의위원회의 구성ㆍ운영과 제4항의 규정에 따른 학교급식지원센터의 설치ㆍ운영에 관하여 필요한 사항은 해당지방자치단체의 조례로 정한다.,위임,조례,5,필요한 사항을 지방자치단체 조례로 정하도록 규율권한을 넘긴다.
P06613,⑤제3항의 규정에 따른 학교급식지원심의위원회의 구성ㆍ운영과 제4항의 규정에 따른 학교급식지원센터의 설치ㆍ운영에 관하여 필요한 사항은 해당지방자치단체의 조례로 정한다.,위임,조례,5,필요한 사항을 지방자치단체 조례로 정하도록 규율권한을 넘긴다.
P06614,⑤제3항의 규정에 따른 학교급식지원심의위원회의 구성ㆍ운영과 제4항의 규정에 따른 학교급식지원센터의 설치ㆍ운영에 관하여 필요한 사항은 해당지방자치단체의 조례로 정한다.,위임,조례,5,심의위원회 구성·운영 및 지원센터 설치·운영에 필요한 사항을 지방자치단체 조례에 규율권한을 넘긴다.
P06615,⑤제3항의 규정에 따른 학교급식지원심의위원회의 구성ㆍ운영과 제4항의 규정에 따른 학교급식지원센터의 설치ㆍ운영에 관하여 필요한 사항은 해당지방자치단체의 조례로 정한다.,위임,조례,5,필요한 사항을 해당 지방자치단체 조례로 정하도록 규율권한을 넘긴다.
P06616,⑤제3항의 규정에 따른 학교급식지원심의위원회의 구성ㆍ운영과 제4항의 규정에 따른 학교급식지원센터의 설치ㆍ운영에 관하여 필요한 사항은 해당지방자치단체의 조례로 정한다.,위임,조례,5,심의위원회 구성·운영 등 필요한 사항을 지방자치단체 조례로 정하도록 규율권한을 넘긴다.
P06617,⑤제3항의 규정에 따른 학교급식지원심의위원회의 구성ㆍ운영과 제4항의 규정에 따른 학교급식지원센터의 설치ㆍ운영에 관하여 필요한 사항은 해당지방자치단체의 조례로 정한다.,위임,조례,5,필요한 사항을 해당 지방자치단체의 조례로 정하도록 규율권한을 넘긴다.
P06618,⑤제3항의 규정에 따른 학교급식지원심의위원회의 구성ㆍ운영과 제4항의 규정에 따른 학교급식지원센터의 설치ㆍ운영에 관하여 필요한 사항은 해당지방자치단체의 조례로 정한다.,위임,조례,5,필요한 사항의 규율권한을 해당 지방자치단체 조례에 넘기는 위임 규정이다.
P06619,⑤제3항의 규정에 따른 학교급식지원심의위원회의 구성ㆍ운영과 제4항의 규정에 따른 학교급식지원센터의 설치ㆍ운영에 관하여 필요한 사항은 해당지방자치단체의 조례로 정한다.,위임,조례,5,위원회 구성·운영 등 필요한 사항을 지방자치단체 조례에 정하도록 규율권한을 넘긴다.
P06620,⑤제3항의 규정에 따른 학교급식지원심의위원회의 구성ㆍ운영과 제4항의 규정에 따른 학교급식지원센터의 설치ㆍ운영에 관하여 필요한 사항은 해당지방자치단체의 조례로 정한다.,위임,조례,5,필요한 사항을 지방자치단체 조례로 정하도록 규율권한을 넘긴다.
P06621,⑤제3항의 규정에 따른 학교급식지원심의위원회의 구성ㆍ운영과 제4항의 규정에 따른 학교급식지원센터의 설치ㆍ운영에 관하여 필요한 사항은 해당지방자치단체의 조례로 정한다.,위임,조례,5,필요한 사항을 해당 지방자치단체의 조례로 정하도록 규율권한을 넘긴다.
P06622,⑤제3항의 규정에 따른 학교급식지원심의위원회의 구성ㆍ운영과 제4항의 규정에 따른 학교급식지원센터의 설치ㆍ운영에 관하여 필요한 사항은 해당지방자치단체의 조례로 정한다.,위임,조례,5,필요한 사항의 규율권한을 지방자치단체 조례에 넘기는 위임 규정이다.
P06623,⑤제3항의 규정에 따른 학교급식지원심의위원회의 구성ㆍ운영과 제4항의 규정에 따른 학교급식지원센터의 설치ㆍ운영에 관하여 필요한 사항은 해당지방자치단체의 조례로 정한다.,위임,조례,5,필요한 사항을 해당 지방자치단체의 조례로 정하도록 규율권한을 넘긴다.
P06624,⑤제3항의 규정에 따른 학교급식지원심의위원회의 구성ㆍ운영과 제4항의 규정에 따른 학교급식지원센터의 설치ㆍ운영에 관하여 필요한 사항은 해당지방자치단체의 조례로 정한다.,위임,조례,5,필요한 사항을 지방자치단체 조례로 정하도록 규율권한을 넘긴다.
P06625,⑤제3항의 규정에 따른 학교급식지원심의위원회의 구성ㆍ운영과 제4항의 규정에 따른 학교급식지원센터의 설치ㆍ운영에 관하여 필요한 사항은 해당지방자치단체의 조례로 정한다.,위임,조례,5,필요한 사항을 해당 지방자치단체의 조례로 정하도록 규율권한을 넘긴다.
P06626,⑤제3항의 규정에 따른 학교급식지원심의위원회의 구성ㆍ운영과 제4항의 규정에 따른 학교급식지원센터의 설치ㆍ운영에 관하여 필요한 사항은 해당지방자치단체의 조례로 정한다.,위임,조례,5,필요한 사항을 해당 지방자치단체의 조례로 정하도록 규율권한을 넘긴다.
P06627,⑤제3항의 규정에 따른 학교급식지원심의위원회의 구성ㆍ운영과 제4항의 규정에 따른 학교급식지원센터의 설치ㆍ운영에 관하여 필요한 사항은 해당지방자치단체의 조례로 정한다.,위임,조례,5,필요한 사항을 해당 지방자치단체의 조례로 정하도록 규율권한을 넘긴다.
P06628,⑤제3항의 규정에 따른 학교급식지원심의위원회의 구성ㆍ운영과 제4항의 규정에 따른 학교급식지원센터의 설치ㆍ운영에 관하여 필요한 사항은 해당지방자치단체의 조례로 정한다.,위임,조례,5,위원회 구성·운영 및 센터 설치·운영에 필요한 사항을 지방자치단체 조례에 규율권한을 넘긴다.
P06629,⑤제3항의 규정에 따른 학교급식지원심의위원회의 구성ㆍ운영과 제4항의 규정에 따른 학교급식지원센터의 설치ㆍ운영에 관하여 필요한 사항은 해당지방자치단체의 조례로 정한다.,위임,조례,5,필요한 사항을 해당 지방자치단체의 조례로 정하도록 규율권한을 넘긴다.
P06630,⑤제3항의 규정에 따른 학교급식지원심의위원회의 구성ㆍ운영과 제4항의 규정에 따른 학교급식지원센터의 설치ㆍ운영에 관하여 필요한 사항은 해당지방자치단체의 조례로 정한다.,위임,조례,5,필요한 사항을 해당 지방자치단체의 조례로 정하도록 규율권한을 넘긴다.
P06631,⑤제3항의 규정에 따른 학교급식지원심의위원회의 구성ㆍ운영과 제4항의 규정에 따른 학교급식지원센터의 설치ㆍ운영에 관하여 필요한 사항은 해당지방자치단체의 조례로 정한다.,위임,조례,5,위원회 구성·운영 등 필요한 사항을 해당 지방자치단체 조례로 정하도록 규율권한을 넘긴다.
P06632,⑤제3항의 규정에 따른 학교급식지원심의위원회의 구성ㆍ운영과 제4항의 규정에 따른 학교급식지원센터의 설치ㆍ운영에 관하여 필요한 사항은 해당지방자치단체의 조례로 정한다.,위임,조례,5,필요한 사항을 해당 지방자치단체의 조례로 정하도록 규율권한을 넘긴다.
P06633,⑤제3항의 규정에 따른 학교급식지원심의위원회의 구성ㆍ운영과 제4항의 규정에 따른 학교급식지원센터의 설치ㆍ운영에 관하여 필요한 사항은 해당지방자치단체의 조례로 정한다.,위임,조례,5,필요한 사항의 규율권한을 지방자치단체 조례에 넘기는 위임 규정이다.
P06634,⑤제3항의 규정에 따른 학교급식지원심의위원회의 구성ㆍ운영과 제4항의 규정에 따른 학교급식지원센터의 설치ㆍ운영에 관하여 필요한 사항은 해당지방자치단체의 조례로 정한다.,위임,조례,5,필요한 사항을 해당 지방자치단체의 조례로 정하도록 규율권한을 넘긴다.
P06635,⑤제3항의 규정에 따른 학교급식지원심의위원회의 구성ㆍ운영과 제4항의 규정에 따른 학교급식지원센터의 설치ㆍ운영에 관하여 필요한 사항은 해당지방자치단체의 조례로 정한다.,위임,조례,5,필요한 사항을 해당 지방자치단체의 조례로 정하도록 규율권한을 넘긴다.
P06636,⑤제3항의 규정에 따른 학교급식지원심의위원회의 구성ㆍ운영과 제4항의 규정에 따른 학교급식지원센터의 설치ㆍ운영에 관하여 필요한 사항은 해당지방자치단체의 조례로 정한다.,위임,조례,5,필요한 사항을 지방자치단체 조례로 정하도록 규율권한을 넘긴다.
P06637,⑤제3항의 규정에 따른 학교급식지원심의위원회의 구성ㆍ운영과 제4항의 규정에 따른 학교급식지원센터의 설치ㆍ운영에 관하여 필요한 사항은 해당지방자치단체의 조례로 정한다.,위임,조례,5,필요한 사항의 규율권한을 해당 지방자치단체의 조례에 넘기는 위임 규정이다.
P06638,종류와 기준은 대통령령으로,판단불가,해당없음,3,문장이 서술어 없이 잘려 있어 '대통령령으로 정한다'(위임)인지 '대통령령으로 정하는 바에 따라'(인용)인지 확정할 수 없다.
P06639,대통령령으로 정한다,위임,대통령령,4,'대통령령으로 정한다'는 종결형 위임 문언으로 대통령령에 규율권한을 넘긴다.
P06640,필요한 사항은 대통령령으로,판단불가,대통령령,3,문장이 종결부 없이 잘려 있어 위임 종결 여부를 확정할 수 없으나 대통령령 표지어구만 확인된다.
P06641,대통령령으로 정하는,판단불가,대통령령,2,문장이 '대통령령으로 정하는'에서 잘려 무엇을 위임하는지 확인할 수 없으나 문언상 지정 형식은 대통령령이다.
P06642,도서벽지에 있는 학교와 그에 준하는 지역으로서 대통령령으로,판단불가,미특정,3,'대통령령으로'에서 문장이 잘려 위임 종결 여부를 확정할 수 없다.
P06643,농어촌학교와 그에 준하는 지역으로서 대통령령으로,판단불가,해당없음,3,문장이 '대통령령으로'에서 끊겨 위임 종결 여부를 확정할 수 없다.
P06644,대통령령으로 정하는 바에,판단불가,대통령령,2,문장이 중간에서 잘려 종결 구조와 위임 여부를 확인할 수 없으나 표지어구는 대통령령이다.
P06645,사항은 교육부령으로,판단불가,부령,2,문장이 중간에서 잘려 종결형과 위임 여부를 확인할 수 없으나 문언상 교육부령이 지정되어 있다.
P06646,영양관리기준은 교육부령으로 정하고,위임,부령,5,영양관리기준의 규율권한을 교육부령에 넘기는 위임 문언이다.
P06647,안전관리기준은 교육부령으로,판단불가,부령,3,문장이 '교육부령으로'에서 잘려 종결어(정한다 등)가 없어 위임 여부를 확정할 수 없으나 표지어구는 교육부령이다.
P06648,대통령령으로 정한다,위임,대통령령,4,문말 종결형 '대통령령으로 정한다'로 대통령령에 규율권한을 넘기는 위임이다(단편이나 표지어구로 판정 가능).
P06649,대통령령으로 정한다,위임,대통령령,4,문말 종결형 '대통령령으로 정한다'로 대통령령에 규율권한을 넘기는 위임이다.
P06650,교육부령으로 정하는 사항,위임,부령,4,'교육부령으로 정하는 사항'은 규율할 사항을 교육부령에 넘기는 위임 문언이다.
P06651,필요한 사항은 교육부령으로,판단불가,부령,2,"문장이 절단되어 종결형(정한다/정한)을 확인할 수 없어 위임 여부를 확정할 수 없으나, 문언상 지정된 법형식은 교육부령이다."
P06652,사항은 대통령령으로,판단불가,대통령령,2,문장이 중간에서 잘려 종결부가 없어 위임 여부를 확정할 수 없으나 '대통령령'이라는 법형식은 드러난다.
P06653,대통령령으로 정하는,판단불가,대통령령,3,문장이 '대통령령으로 정하는'에서 잘려 종결부가 없어 규율권한 이전 여부를 확정할 수 없다.
P06654,과태료는 대통령령으로,판단불가,대통령령,3,문장이 '대통령령으로'에서 잘려 서술어가 없어 위임인지 부과·징수 절차 인용인지 확정할 수 없다.
P06655,교육부령이 정하는,판단불가,부령,2,문장이 '교육부령이 정하는'에서 잘려 있어 위임 여부를 확정할 수 없으나 지정 법형식은 교육부령(부령)이다.
P06656,세부적인 기준은 교육부령으로,위임,부령,3,종결어미가 절단되었으나 '세부적인 기준은 교육부령으로'는 교육부령에 규율권한을 넘기는 위임 문언이다.
P06657,"교육감은 법 제20조에 따라 법 제19조에 따른 출입·검사·수거 등, 법 제21조에 따른 행정처분 등의 요청 및 법 제25조에 따른 과태료 부과·징수권한을 조례로 정하는 바에 따라 교육장에게 위임할 수 있다.",위임,조례,4,위임의 구체적 내용을 조례로 정하도록 규율권한을 넘기고 있다.
P06658,"교육감은 법 제20조에 따라 법 제19조에 따른 출입·검사·수거 등, 법 제21조에 따른 행정처분 등의 요청 및 법 제25조에 따른 과태료 부과·징수권한을 조례로 정하는 바에 따라 교육장에게 위임할 수 있다.",위임,조례,4,권한 위임의 구체적 내용을 조례가 정하도록 규율권한을 넘기는 부분 위임이다.
P06659,"교육감은 법 제20조에 따라 법 제19조에 따른 출입·검사·수거 등, 법 제21조에 따른 행정처분 등의 요청 및 법 제25조에 따른 과태료 부과·징수권한을 조례로 정하는 바에 따라 교육장에게 위임할 수 있다.",위임,조례,4,권한 위임의 구체적 사항을 '조례로 정하는 바에 따라'라며 조례에 규율권한을 넘긴다.
P06660,"교육감은 법 제20조에 따라 법 제19조에 따른 출입·검사·수거 등, 법 제21조에 따른 행정처분 등의 요청 및 법 제25조에 따른 과태료 부과·징수권한을 조례로 정하는 바에 따라 교육장에게 위임할 수 있다.",위임,조례,4,권한 위임의 구체적 사항을 조례로 정하도록 규율권한을 넘기고 있다.
P06661,"교육감은 법 제20조에 따라 법 제19조에 따른 출입·검사·수거 등, 법 제21조에 따른 행정처분 등의 요청 및 법 제25조에 따른 과태료 부과·징수권한을 조례로 정하는 바에 따라 교육장에게 위임할 수 있다.",위임,조례,4,권한 위임의 구체적 내용을 '조례로 정하는 바에 따라'로 조례에 넘기는 부분 위임이다.
P06662,"교육감은 법 제20조에 따라 법 제19조에 따른 출입·검사·수거 등, 법 제21조에 따른 행정처분 등의 요청 및 법 제25조에 따른 과태료 부과·징수권한을 조례로 정하는 바에 따라 교육장에게 위임할 수 있다.",위임,조례,4,권한 위임의 구체적 사항을 조례로 정하도록 규율권한을 넘긴다.
P06663,"교육감은 법 제20조에 따라 법 제19조에 따른 출입·검사·수거 등, 법 제21조에 따른 행정처분 등의 요청 및 법 제25조에 따른 과태료 부과·징수권한을 조례로 정하는 바에 따라 교육장에게 위임할 수 있다.",위임,조례,4,권한 위임의 구체적 사항을 '조례로 정하는 바에 따라'로 조례에 맡기는 부분 위임이다.
P06664,"교육감은 법 제20조에 따라 법 제19조에 따른 출입·검사·수거 등, 법 제21조에 따른 행정처분 등의 요청 및 법 제25조에 따른 과태료 부과·징수권한을 조례로 정하는 바에 따라 교육장에게 위임할 수 있다.",위임,조례,4,'조례로 정하는 바에 따라'로 위임의 구체적 사항을 조례에 넘기는 부분 위임이다.
P06665,"교육감은 법 제20조에 따라 법 제19조에 따른 출입·검사·수거 등, 법 제21조에 따른 행정처분 등의 요청 및 법 제25조에 따른 과태료 부과·징수권한을 조례로 정하는 바에 따라 교육장에게 위임할 수 있다.",위임,조례,4,권한 위임의 구체적 사항을 조례로 정하도록 규율권한을 넘기는 부분 위임이다.
P06666,"교육감은 법 제20조에 따라 법 제19조에 따른 출입·검사·수거 등, 법 제21조에 따른 행정처분 등의 요청 및 법 제25조에 따른 과태료 부과·징수권한을 조례로 정하는 바에 따라 교육장에게 위임할 수 있다.",위임,조례,4,권한 위임의 구체적 사항을 '조례로 정하는 바에 따라'로 조례에 넘기고 있다.
P06667,"교육감은 법 제20조에 따라 법 제19조에 따른 출입·검사·수거 등, 법 제21조에 따른 행정처분 등의 요청 및 법 제25조에 따른 과태료 부과·징수권한을 조례로 정하는 바에 따라 교육장에게 위임할 수 있다.",위임,조례,4,권한 위임의 구체적 내용을 '조례로 정하는 바에 따라'로 조례에 넘기는 부분 위임이다.
P06668,"교육감은 법 제20조에 따라 법 제19조에 따른 출입·검사·수거 등, 법 제21조에 따른 행정처분 등의 요청 및 법 제25조에 따른 과태료 부과·징수권한을 조례로 정하는 바에 따라 교육장에게 위임할 수 있다.",위임,조례,4,권한 위임의 구체적 사항을 조례가 정하도록 규율권한을 넘기므로 위임이며 문언이 지정한 형식은 조례이다.
P06669,"교육감은 법 제20조에 따라 법 제19조에 따른 출입·검사·수거 등, 법 제21조에 따른 행정처분 등의 요청 및 법 제25조에 따른 과태료 부과·징수권한을 조례로 정하는 바에 따라 교육장에게 위임할 수 있다.",위임,조례,4,권한 위임의 구체적 범위·방법을 '조례로 정하는 바에 따라'로 하위 규범에 넘기는 부분 위임이다.
P06670,"교육감은 법 제20조에 따라 법 제19조에 따른 출입·검사·수거 등, 법 제21조에 따른 행정처분 등의 요청 및 법 제25조에 따른 과태료 부과·징수권한을 조례로 정하는 바에 따라 교육장에게 위임할 수 있다.",위임,조례,4,권한 위임의 구체적 사항을 조례로 정하도록 규율권한을 넘기는 부분 위임이다.
P06671,"교육감은 법 제20조에 따라 법 제19조에 따른 출입·검사·수거 등, 법 제21조에 따른 행정처분 등의 요청 및 법 제25조에 따른 과태료 부과·징수권한을 조례로 정하는 바에 따라 교육장에게 위임할 수 있다.",위임,조례,4,권한 위임의 세부 사항을 조례로 정하도록 규율권한을 넘기고 있다.
P06672,"교육감은 법 제20조에 따라 법 제19조에 따른 출입·검사·수거 등, 법 제21조에 따른 행정처분 등의 요청 및 법 제25조에 따른 과태료 부과·징수권한을 조례로 정하는 바에 따라 교육장에게 위임할 수 있다.",위임,조례,4,권한 위임의 구체적 사항을 '조례로 정하는 바에 따라' 하도록 하여 조례에 규율권한을 넘긴다.
P06673,사항은 대통령령으로,판단불가,해당없음,4,문장이 앞뒤가 잘려 있어 위임 여부와 종결 형태를 확인할 수 없다.
P06674,사항은 대통령령으로,판단불가,대통령령,3,문장이 중간에서 잘려 종결 형태와 위임 범위를 확인할 수 없으나 '대통령령'이라는 법형식만은 명시되어 있다.
P06675,사항은 대통령령으로,판단불가,대통령령,3,문장이 중간에서 잘려 주어와 서술어가 불완전해 위임 종결 여부를 확정할 수 없으나 문언상 대통령령이 지시되어 있다.
P06676,사항은 대통령령으로,판단불가,대통령령,2,문장이 중간에서 잘려 종결부가 없어 위임 여부를 확정할 수 없으나 문언상 대통령령이 명시되어 있다.
P06677,대통령령으로 정하는,판단불가,대통령령,3,문장이 '대통령령으로 정하는'에서 잘려 수임 대상과 종결 형태를 확인할 수 없으므로 판정할 수 없다.
P06678,정원·배치기준·업무범위 등은 대통령령으로,위임,대통령령,3,문장 끝이 잘렸으나 '정원·배치기준·업무범위 등은 대통령령으로'라는 문언상 대통령령에 규율권한을 넘기는 위임으로 읽힌다.
P06679,정원·배치기준·업무범위 등은 대통령령으로,위임,대통령령,4,문장이 다소 절단되었으나 정원·배치기준 등을 대통령령에 맡기는 위임 취지가 명확하다.
P06680,사항은 대통령령으로,판단불가,대통령령,3,문장이 중간에서 잘려 종결 형태와 위임 여부를 확인할 수 없으나 '대통령령'이라는 법형식만 드러난다.
P06681,대통령령으로 정하는,판단불가,대통령령,2,문장이 '대통령령으로 정하는'에서 잘려 무엇을 정하게 하는지 확인할 수 없어 위임 여부를 확정할 수 없다.
P06682,대통령령으로 정한다,위임,대통령령,4,문장이 축약되었으나 '대통령령으로 정한다'는 종결형 위임 문언이다.
P06683,대통령령으로 정하는,판단불가,대통령령,3,문장이 '대통령령으로 정하는'에서 잘려 수식 대상과 종결 구조를 알 수 없어 위임 여부를 확정할 수 없다.
P06684,교육부령으로 정하는,판단불가,부령,2,문장이 '교육부령으로 정하는'에서 잘려 규율 대상과 종결 형식을 확인할 수 없으나 법형식은 부령으로 표시되어 있다.
P06685,교육부령으로 정하는,판단불가,부령,2,문장이 '교육부령으로 정하는'에서 잘려 규율 대상과 종결 형태를 확인할 수 없어 위임 여부를 단정할 수 없다.
P06686,점검에 관한 업무를 교육부령으로,판단불가,해당없음,4,문장이 중간에서 잘려 종결부가 없어 위임인지 인용인지 확정할 수 없다.
P06687,점검 결과가 교육부령으로,판단불가,해당없음,4,문장이 중간에서 잘려 위임 여부를 판정할 수 없다.
P06688,교육부령으로 정하는,판단불가,부령,3,"문장이 '교육부령으로 정하는'에서 잘려 규율 대상과 종결 구조를 확인할 수 없어 위임 여부를 판정할 수 없으나, 표지된 법형식은 교육부령(부령)이다."
P06689,교육부령으로 정하는,판단불가,부령,2,문장이 '교육부령으로 정하는'에서 잘려 규율 대상과 종결 형태를 알 수 없어 위임 여부를 확정할 수 없으나 표지된 법형식은 교육부령이다.
P06690,대통령령으로 정하는 내용이,위임,대통령령,3,문장이 절단되었으나 '대통령령으로 정하는 내용'이라는 부분위임 문언이 확인된다.
P06691,필요한 사항은 대통령령으로,판단불가,대통령령,3,문장이 종결부 없이 잘려 있어 위임 종결 여부를 확정할 수 없으나 대통령령이라는 법형식은 명시되어 있다.
P06692,교육부령으로 정하는 사항에,판단불가,부령,2,문장이 중간에 잘려 완결되지 않아 위임 여부를 확정할 수 없으나 문언상 교육부령이 지시되어 있다.
P06693,교육부령으로 정하는 사항에,판단불가,해당없음,4,문장이 중간에 잘려 종결부가 없어 위임 여부를 확정할 수 없다.
P06694,교육부령으로 정하는 사항에,판단불가,해당없음,3,'교육부령으로 정하는 사항에'로 문장이 잘려 있어 위임 종결 여부를 확정할 수 없다.
P06695,교육부령으로 정하는 학생,위임,부령,4,'교육부령으로 정하는 학생'은 요건 일부를 부령에 맡기는 부분 위임이다.
P06696,교육부령으로 정하는 학생,위임,부령,3,문장이 단편이지만 '교육부령으로 정하는 학생'은 대상 범위를 부령에 맡기는 부분 위임 표현이다.
P06697,교육부령으로 정하는,판단불가,해당없음,3,문장이 '교육부령으로 정하는'에서 잘려 무엇을 위임하는지 확인할 수 없다.
P06698,교육부령으로 정하는,판단불가,부령,2,문장이 '교육부령으로 정하는'에서 잘려 규율 대상이 없어 위임 여부를 확정할 수 없으나 표지어구는 교육부령이다.
P06699,교육부령으로 정하는,판단불가,부령,3,문장이 '교육부령으로 정하는'에서 잘려 규율 대상과 종결 형태를 확인할 수 없어 위임 여부를 확정할 수 없다.
P06700,사항은 교육부령으로,판단불가,부령,2,문장이 '교육부령으로'에서 잘려 종결 문언(정한다/정하는 바에 따라)을 확인할 수 없어 위임 여부를 확정할 수 없다.
P06701,사항은 교육부령으로,판단불가,부령,3,문장이 중간에서 잘려 종결 형태를 확인할 수 없어 위임 여부를 확정할 수 없으나 표지어구는 교육부령이다.
P06702,사항은 교육부령으로,판단불가,부령,3,문장이 중간에 잘려 종결부가 없어 위임 여부를 확정할 수 없으나 표지어구는 교육부령이다.
P06703,사항은 교육부령으로,판단불가,해당없음,3,문장이 잘려 서술어가 없어 위임 종결 여부를 확정할 수 없다.
P06704,사항은 교육부령으로,판단불가,해당없음,3,문장이 중간에서 잘려 종결부가 없어 위임 여부를 확정할 수 없다.
P06705,사항은 교육부령으로,판단불가,미특정,4,문장이 중간에서 잘려 종결부가 없어 위임 여부를 확정할 수 없다.
P06706,사항은 교육부령으로,판단불가,부령,2,문장이 중간에서 잘려 종결부가 없어 위임인지 인용인지 확정할 수 없으나 명시된 법형식은 교육부령이다.
P06707,사항은 교육부령으로,판단불가,부령,3,문장이 중간에서 잘려 종결부가 없어 위임인지 확정할 수 없으나 표지어구상 교육부령이 지정되어 있다.
P06708,사항은 교육부령으로,판단불가,부령,2,"문장이 중간에 잘려 규율권한 이전 여부를 확정할 수 없으나, 문언상 '교육부령'이라는 법형식은 명시되어 있다."
P06709,사항은 교육부령으로,판단불가,부령,2,문장이 중간에서 잘려 종결부가 없어 위임 여부를 확정할 수 없으나 표지어구는 교육부령이다.
P06710,결과를 교육부령으로,판단불가,부령,2,문장이 중간에서 잘려 규율권한 이전 여부를 확정할 수 없으나 표지어구상 교육부령이 언급된다.
P06711,필요한 범위에서 교육부령으로,판단불가,부령,2,문장이 중간에서 잘려 종결부가 없어 위임 여부를 확정할 수 없으나 표지어구는 교육부령이다.
P06712,대통령령으로 정하는,판단불가,대통령령,2,문장이 '대통령령으로 정하는'에서 잘려 규율 대상과 종결 형태를 확인할 수 없으나 표지어구는 대통령령이다.
P06713,학교의 장은 교육부령으로 정하는 바에,판단불가,부령,2,문장이 중간에 잘려 규율권한 이전 여부를 확정할 수 없으나 문언상 지정된 법형식은 교육부령이다.
P06714,교육부령으로 정한다,위임,부령,5,'교육부령으로 정한다'는 종결형 위임으로 부령에 규율권한을 넘긴다.
P06715,대통령령으로 정하는,판단불가,대통령령,2,문장이 '대통령령으로 정하는'에서 잘려 있어 무엇을 위임하는지 확인할 수 없으나 표지어구는 대통령령이다.
P06716,대통령령으로 정하는,판단불가,미특정,3,문장이 '대통령령으로 정하는'에서 잘려 있어 위임 여부와 대상 사항을 확정할 수 없다.
P06717,교육부령으로 정한다,위임,부령,4,문말 종결형 '교육부령으로 정한다'로 부령에 규율권한을 넘기는 위임이다.
P06718,사항은 대통령령으로,판단불가,미특정,3,문장이 '사항은 대통령령으로'에서 절단되어 위임 종결 여부를 확인할 수 없다.
P06719,대통령령으로 정하는 바에 따라 학생과 교직원의,위임,대통령령,3,문장이 잘려 있으나 '대통령령으로 정하는 바에 따라'라는 위임 어구가 명확하여 대통령령에 규율권한을 넘기는 것으로 본다.
P06720,대통령령으로 정하는 일정 규모 이상의,위임,대통령령,3,문장이 잘려 있으나 '대통령령으로 정하는 일정 규모'라는 요건 일부를 대통령령에 맡기는 부분 위임 표지가 명확하다.
P06721,관하여는 교육부령으로,판단불가,부령,3,문장이 잘려 주어와 종결부가 없어 위임 여부를 확정할 수 없으나 '교육부령' 표지만 확인된다.
P06722,대통령령으로 정한다,위임,대통령령,4,문장이 축약되어 있으나 '대통령령으로 정한다'는 종결형 위임 표지가 명시되어 있다.
P06723,대통령령으로 정한다,위임,대통령령,5,문말 종결형 '대통령령으로 정한다'로 대통령령에 규율권한을 넘긴다.
P06724,사항은 대통령령으로,판단불가,대통령령,3,문장이 중간에서 잘려 종결 형태를 확인할 수 없어 위임 여부를 확정할 수 없으나 표지어구는 대통령령이다.
P06725,사항은 대통령령으로,판단불가,대통령령,2,문장이 중간에서 잘려 주어와 서술어가 불완전해 위임 종결 여부를 확정할 수 없으나 문언상 대통령령이 지정되어 있다.
P06726,사항은 대통령령으로,판단불가,대통령령,3,문장이 중간에서 잘려 종결 서술어가 없어 위임 여부를 확정할 수 없으나 표지어구는 대통령령이다.
P06727,사항은 대통령령으로,판단불가,대통령령,2,문장이 중간에 잘려 종결부가 없어 위임 여부를 확정할 수 없으나 표지어구로 대통령령이 언급된다.
P06728,사항은 대통령령으로,판단불가,대통령령,2,문장이 중간에서 잘려 서술어가 없어 위임 종결 여부를 확정할 수 없으나 '대통령령으로'라는 법형식 표지만 확인된다.
P06729,사항은 대통령령으로,판단불가,해당없음,4,문장이 중간에서 잘려 종결부와 위임 대상 사항이 확인되지 않아 판정할 수 없다.
P06730,사항은 대통령령으로,판단불가,대통령령,3,문장이 중간에서 잘려 서술어가 없어 위임 종결 여부를 확정할 수 없으나 '대통령령으로'라는 표지만 확인된다.
P06731,사항은 대통령령으로,판단불가,대통령령,3,문장이 중간에서 잘려 서술어가 없어 위임 여부를 확정할 수 없으나 표지어구로 대통령령이 지정되어 있다.
P06732,사항은 대통령령으로,판단불가,대통령령,2,문장이 중간에서 잘려 종결 문언이 없어 위임 여부를 확정할 수 없으나 대통령령 표지어구만 확인된다.
P06733,교육부령으로 정하고,판단불가,부령,3,"문장이 '교육부령으로 정하고'라는 연결형 조각으로 잘려 무엇을 어느 범위까지 맡기는지 확인할 수 없으나, 표지된 법형식은 교육부령(부령)이다."
P06734,"③ 제2항에 따라 보건실에 갖추어야 하는 시설과 기구 및 용품의 구체적인 기준은 「초ㆍ중등교육법」 제3조에 따른 국립학교와 「고등교육법」 제2조 각 호에 따른 학교의 경우에는 교육부령으로 정하고, 「초ㆍ중등교육법」 제3조에 따른 공립학교 및 사립학교의 경우에는 시ㆍ도 교육규칙으로 정한다.",위임,부령|교육규칙,5,구체적 기준을 교육부령과 시·도 교육규칙에 각각 넘기는 병기 위임이다.
P06735,"③ 제2항에 따라 보건실에 갖추어야 하는 시설과 기구 및 용품의 구체적인 기준은 「초ㆍ중등교육법」 제3조에 따른 국립학교와 「고등교육법」 제2조 각 호에 따른 학교의 경우에는 교육부령으로 정하고, 「초ㆍ중등교육법」 제3조에 따른 공립학교 및 사립학교의 경우에는 시ㆍ도 교육규칙으로 정한다.",위임,부령|교육규칙,5,구체적 기준을 교육부령과 시·도 교육규칙에 각각 위임하는 문언이다.
P06736,"③ 제2항에 따라 보건실에 갖추어야 하는 시설과 기구 및 용품의 구체적인 기준은 「초ㆍ중등교육법」 제3조에 따른 국립학교와 「고등교육법」 제2조 각 호에 따른 학교의 경우에는 교육부령으로 정하고, 「초ㆍ중등교육법」 제3조에 따른 공립학교 및 사립학교의 경우에는 시ㆍ도 교육규칙으로 정한다.",위임,부령|교육규칙,5,구체적 기준을 교육부령과 시·도 교육규칙에 각각 정하도록 규율권한을 넘기는 병기 위임이다.
P06737,"③ 제2항에 따라 보건실에 갖추어야 하는 시설과 기구 및 용품의 구체적인 기준은 「초ㆍ중등교육법」 제3조에 따른 국립학교와 「고등교육법」 제2조 각 호에 따른 학교의 경우에는 교육부령으로 정하고, 「초ㆍ중등교육법」 제3조에 따른 공립학교 및 사립학교의 경우에는 시ㆍ도 교육규칙으로 정한다.",위임,부령|교육규칙,5,학교 종류에 따라 교육부령과 시·도 교육규칙에 각각 구체적 기준 제정권을 넘기는 병기 위임이다.
P06738,"③ 제2항에 따라 보건실에 갖추어야 하는 시설과 기구 및 용품의 구체적인 기준은 「초ㆍ중등교육법」 제3조에 따른 국립학교와 「고등교육법」 제2조 각 호에 따른 학교의 경우에는 교육부령으로 정하고, 「초ㆍ중등교육법」 제3조에 따른 공립학교 및 사립학교의 경우에는 시ㆍ도 교육규칙으로 정한다.",위임,부령|교육규칙,5,구체적 기준을 교육부령과 시·도 교육규칙에 각각 위임하고 있다.
P06739,"③ 제2항에 따라 보건실에 갖추어야 하는 시설과 기구 및 용품의 구체적인 기준은 「초ㆍ중등교육법」 제3조에 따른 국립학교와 「고등교육법」 제2조 각 호에 따른 학교의 경우에는 교육부령으로 정하고, 「초ㆍ중등교육법」 제3조에 따른 공립학교 및 사립학교의 경우에는 시ㆍ도 교육규칙으로 정한다.",위임,부령|교육규칙,5,구체적 기준을 교육부령과 시·도 교육규칙에 각각 위임하고 있다.
P06740,"③ 제2항에 따라 보건실에 갖추어야 하는 시설과 기구 및 용품의 구체적인 기준은 「초ㆍ중등교육법」 제3조에 따른 국립학교와 「고등교육법」 제2조 각 호에 따른 학교의 경우에는 교육부령으로 정하고, 「초ㆍ중등교육법」 제3조에 따른 공립학교 및 사립학교의 경우에는 시ㆍ도 교육규칙으로 정한다.",위임,부령|교육규칙,5,구체적 기준을 교육부령과 시·도 교육규칙에 각각 정하도록 병기 위임한다.
P06741,"③ 제2항에 따라 보건실에 갖추어야 하는 시설과 기구 및 용품의 구체적인 기준은 「초ㆍ중등교육법」 제3조에 따른 국립학교와 「고등교육법」 제2조 각 호에 따른 학교의 경우에는 교육부령으로 정하고, 「초ㆍ중등교육법」 제3조에 따른 공립학교 및 사립학교의 경우에는 시ㆍ도 교육규칙으로 정한다.",위임,부령|교육규칙,5,구체적 기준을 교육부령과 시·도 교육규칙에 각각 넘기는 병기 위임이다.
P06742,"③ 제2항에 따라 보건실에 갖추어야 하는 시설과 기구 및 용품의 구체적인 기준은 「초ㆍ중등교육법」 제3조에 따른 국립학교와 「고등교육법」 제2조 각 호에 따른 학교의 경우에는 교육부령으로 정하고, 「초ㆍ중등교육법」 제3조에 따른 공립학교 및 사립학교의 경우에는 시ㆍ도 교육규칙으로 정한다.",위임,부령|교육규칙,5,구체적 기준을 교육부령과 시·도 교육규칙에 각각 위임하고 있다.
P06743,"③ 제2항에 따라 보건실에 갖추어야 하는 시설과 기구 및 용품의 구체적인 기준은 「초ㆍ중등교육법」 제3조에 따른 국립학교와 「고등교육법」 제2조 각 호에 따른 학교의 경우에는 교육부령으로 정하고, 「초ㆍ중등교육법」 제3조에 따른 공립학교 및 사립학교의 경우에는 시ㆍ도 교육규칙으로 정한다.",위임,부령|교육규칙,5,구체적 기준을 학교 유형에 따라 교육부령과 시·도 교육규칙에 각각 위임하고 있다.
P06744,"③ 제2항에 따라 보건실에 갖추어야 하는 시설과 기구 및 용품의 구체적인 기준은 「초ㆍ중등교육법」 제3조에 따른 국립학교와 「고등교육법」 제2조 각 호에 따른 학교의 경우에는 교육부령으로 정하고, 「초ㆍ중등교육법」 제3조에 따른 공립학교 및 사립학교의 경우에는 시ㆍ도 교육규칙으로 정한다.",위임,부령|교육규칙,5,구체적 기준을 교육부령과 시·도 교육규칙에 각각 위임한다.
P06745,"③ 제2항에 따라 보건실에 갖추어야 하는 시설과 기구 및 용품의 구체적인 기준은 「초ㆍ중등교육법」 제3조에 따른 국립학교와 「고등교육법」 제2조 각 호에 따른 학교의 경우에는 교육부령으로 정하고, 「초ㆍ중등교육법」 제3조에 따른 공립학교 및 사립학교의 경우에는 시ㆍ도 교육규칙으로 정한다.",위임,부령|교육규칙,5,구체적 기준을 학교 유형에 따라 교육부령과 시·도 교육규칙에 각각 넘기는 위임이다.
P06746,"③ 제2항에 따라 보건실에 갖추어야 하는 시설과 기구 및 용품의 구체적인 기준은 「초ㆍ중등교육법」 제3조에 따른 국립학교와 「고등교육법」 제2조 각 호에 따른 학교의 경우에는 교육부령으로 정하고, 「초ㆍ중등교육법」 제3조에 따른 공립학교 및 사립학교의 경우에는 시ㆍ도 교육규칙으로 정한다.",위임,부령|교육규칙,5,구체적 기준을 교육부령과 시·도 교육규칙에 각각 정하도록 규율권한을 넘기는 위임이다.
P06747,"③ 제2항에 따라 보건실에 갖추어야 하는 시설과 기구 및 용품의 구체적인 기준은 「초ㆍ중등교육법」 제3조에 따른 국립학교와 「고등교육법」 제2조 각 호에 따른 학교의 경우에는 교육부령으로 정하고, 「초ㆍ중등교육법」 제3조에 따른 공립학교 및 사립학교의 경우에는 시ㆍ도 교육규칙으로 정한다.",위임,부령|교육규칙,5,"국립·고등교육법상 학교는 교육부령, 공립·사립학교는 시·도 교육규칙에 구체적 기준의 규율권한을 넘기는 병기 위임이다."
P06748,"③ 제2항에 따라 보건실에 갖추어야 하는 시설과 기구 및 용품의 구체적인 기준은 「초ㆍ중등교육법」 제3조에 따른 국립학교와 「고등교육법」 제2조 각 호에 따른 학교의 경우에는 교육부령으로 정하고, 「초ㆍ중등교육법」 제3조에 따른 공립학교 및 사립학교의 경우에는 시ㆍ도 교육규칙으로 정한다.",위임,부령|교육규칙,5,보건실 시설·기구 기준을 교육부령과 시·도 교육규칙에 각각 위임하고 있다.
P06749,"③ 제2항에 따라 보건실에 갖추어야 하는 시설과 기구 및 용품의 구체적인 기준은 「초ㆍ중등교육법」 제3조에 따른 국립학교와 「고등교육법」 제2조 각 호에 따른 학교의 경우에는 교육부령으로 정하고, 「초ㆍ중등교육법」 제3조에 따른 공립학교 및 사립학교의 경우에는 시ㆍ도 교육규칙으로 정한다.",위임,부령|교육규칙,5,"국립·고등교육법상 학교는 교육부령, 공·사립학교는 시·도 교육규칙에 구체적 기준 제정을 위임하고 있다."
P06750,"③ 제2항에 따라 보건실에 갖추어야 하는 시설과 기구 및 용품의 구체적인 기준은 「초ㆍ중등교육법」 제3조에 따른 국립학교와 「고등교육법」 제2조 각 호에 따른 학교의 경우에는 교육부령으로 정하고, 「초ㆍ중등교육법」 제3조에 따른 공립학교 및 사립학교의 경우에는 시ㆍ도 교육규칙으로 정한다.",위임,부령|교육규칙,5,구체적 기준을 교육부령과 시·도 교육규칙에 각각 넘기는 병기 위임이다.
P06751,같은 법 제41조제1항에 따라 질병관리청장이 고시한 감염병에 대하여,인용,해당없음,5,완료형 '고시한'은 이미 존재하는 고시를 가리키는 인용이다.
P06752,학생건강증진전문기관이 갖추어야 하는 기준의 세부 내용은 교육부장관이 정하여 고시한다,위임,고시,5,세부 내용을 교육부장관의 고시로 정하도록 규율권한을 넘긴다.
P06753,학생건강증진전문기관의 지정·운영에 필요한 사항은 교육부장관이 정하여 고시한다,위임,고시,5,교육부장관이 정하여 고시하도록 규율권한을 넘기며 법형식으로 고시를 명시했다.
P06754,"③제2항에 따라 실시하는 점검의 종류 및 시기는 별표 6과 같이 하고, 점검방법 그 밖의 필요한 사항은 교육부장관이 정하여 이를 고시한다.",위임,고시,5,점검방법 등 필요한 사항을 교육부장관의 고시로 정하도록 규율권한을 넘긴다.
P06755,대통령령으로 정한다,위임,대통령령,4,문언이 '대통령령으로 정한다'는 종결형으로 대통령령에 규율권한을 넘긴다.
P06756,교육부령으로 정한다,위임,부령,5,'교육부령으로 정한다'는 현재형 종결로 부령에 규율권한을 넘기는 위임이다.
P06757,대통령령으로 정한다,위임,대통령령,4,문말 '대통령령으로 정한다'로 대통령령에 규율권한을 넘기는 위임이다.
P06758,대통령령으로 정한다,위임,대통령령,4,문말 '대통령령으로 정한다'는 대통령령에 규율권한을 넘기는 위임이다.
P06759,② 운영협의회의 구성ㆍ운영 등에 필요한 사항은 해당 지방자치단체의 조례로 정할 수 있다.,위임,조례,5,운영협의회 구성·운영에 필요한 사항을 지방자치단체 조례로 정하도록 규율권한을 넘긴다.
P06760,② 운영협의회의 구성ㆍ운영 등에 필요한 사항은 해당 지방자치단체의 조례로 정할 수 있다.,위임,조례,5,운영협의회 구성·운영에 관한 사항을 지방자치단체 조례로 정하도록 규율권한을 넘긴다.
P06761,② 운영협의회의 구성ㆍ운영 등에 필요한 사항은 해당 지방자치단체의 조례로 정할 수 있다.,위임,조례,5,운영협의회 구성·운영에 관한 사항의 규율권한을 지방자치단체 조례에 넘긴다.
P06762,② 운영협의회의 구성ㆍ운영 등에 필요한 사항은 해당 지방자치단체의 조례로 정할 수 있다.,위임,조례,5,운영협의회 구성·운영 사항을 지방자치단체 조례로 정하도록 규율권한을 넘긴다.
P06763,② 운영협의회의 구성ㆍ운영 등에 필요한 사항은 해당 지방자치단체의 조례로 정할 수 있다.,위임,조례,5,운영협의회 구성·운영에 관한 사항을 지방자치단체 조례에 규율권한을 넘긴다.
P06764,② 운영협의회의 구성ㆍ운영 등에 필요한 사항은 해당 지방자치단체의 조례로 정할 수 있다.,위임,조례,5,운영협의회 구성·운영 사항을 지방자치단체 조례로 정하도록 규율권한을 넘긴다.
P06765,② 운영협의회의 구성ㆍ운영 등에 필요한 사항은 해당 지방자치단체의 조례로 정할 수 있다.,위임,조례,5,운영협의회 구성·운영에 필요한 사항의 규율권한을 지방자치단체 조례에 넘긴다.
P06766,② 운영협의회의 구성ㆍ운영 등에 필요한 사항은 해당 지방자치단체의 조례로 정할 수 있다.,위임,조례,5,운영협의회 구성·운영 사항의 규율권한을 지방자치단체 조례에 넘긴다.
P06767,② 운영협의회의 구성ㆍ운영 등에 필요한 사항은 해당 지방자치단체의 조례로 정할 수 있다.,위임,조례,5,운영협의회 구성·운영 사항을 지방자치단체 조례로 정하도록 규율권한을 넘긴다.
P06768,② 운영협의회의 구성ㆍ운영 등에 필요한 사항은 해당 지방자치단체의 조례로 정할 수 있다.,위임,조례,5,운영협의회 구성·운영에 관한 사항을 지방자치단체 조례로 정하도록 규율권한을 넘긴다.
P06769,② 운영협의회의 구성ㆍ운영 등에 필요한 사항은 해당 지방자치단체의 조례로 정할 수 있다.,위임,조례,5,운영협의회 구성·운영에 필요한 사항의 규율권한을 지방자치단체 조례에 넘긴다.
P06770,② 운영협의회의 구성ㆍ운영 등에 필요한 사항은 해당 지방자치단체의 조례로 정할 수 있다.,위임,조례,5,운영협의회 구성·운영 사항을 지방자치단체 조례로 정하도록 규율권한을 넘기는 위임이다.
P06771,② 운영협의회의 구성ㆍ운영 등에 필요한 사항은 해당 지방자치단체의 조례로 정할 수 있다.,위임,조례,5,운영협의회 구성·운영에 필요한 사항의 규율권한을 지방자치단체 조례에 넘기는 위임 규정이다.
P06772,② 운영협의회의 구성ㆍ운영 등에 필요한 사항은 해당 지방자치단체의 조례로 정할 수 있다.,위임,조례,5,운영협의회 구성·운영에 관한 사항을 지방자치단체 조례에 정하도록 규율권한을 넘긴다.
P06773,② 운영협의회의 구성ㆍ운영 등에 필요한 사항은 해당 지방자치단체의 조례로 정할 수 있다.,위임,조례,5,운영협의회 구성·운영에 관한 사항을 지방자치단체 조례에 정하도록 규율권한을 넘긴다.
P06774,② 운영협의회의 구성ㆍ운영 등에 필요한 사항은 해당 지방자치단체의 조례로 정할 수 있다.,위임,조례,5,운영협의회 구성·운영 사항을 지방자치단체 조례로 정하도록 규율권한을 넘긴다.
P06775,② 운영협의회의 구성ㆍ운영 등에 필요한 사항은 해당 지방자치단체의 조례로 정할 수 있다.,위임,조례,5,운영협의회 구성·운영 사항을 지방자치단체 조례로 정하도록 규율권한을 넘긴다.
P06776,② 운영협의회의 구성ㆍ운영 등에 필요한 사항은 해당 지방자치단체의 조례로 정할 수 있다.,위임,조례,5,운영협의회 구성·운영에 필요한 사항의 규율권한을 지방자치단체 조례에 넘긴다.
P06777,② 운영협의회의 구성ㆍ운영 등에 필요한 사항은 해당 지방자치단체의 조례로 정할 수 있다.,위임,조례,5,운영협의회 구성·운영에 필요한 사항의 규율권한을 지방자치단체 조례에 넘긴다.
P06778,② 운영협의회의 구성ㆍ운영 등에 필요한 사항은 해당 지방자치단체의 조례로 정할 수 있다.,위임,조례,5,운영협의회의 구성·운영에 관한 사항을 지방자치단체 조례에 정하도록 규율권한을 넘긴다.
P06779,② 운영협의회의 구성ㆍ운영 등에 필요한 사항은 해당 지방자치단체의 조례로 정할 수 있다.,위임,조례,5,운영협의회의 구성·운영 사항을 지방자치단체 조례로 정하도록 규율권한을 넘긴다.
P06780,② 운영협의회의 구성ㆍ운영 등에 필요한 사항은 해당 지방자치단체의 조례로 정할 수 있다.,위임,조례,5,운영협의회 구성·운영에 관한 사항을 지방자치단체 조례에 정하도록 규율권한을 넘긴다.
P06781,② 운영협의회의 구성ㆍ운영 등에 필요한 사항은 해당 지방자치단체의 조례로 정할 수 있다.,위임,조례,5,운영협의회의 구성·운영 사항을 지방자치단체 조례로 정하도록 규율권한을 넘긴다.
P06782,② 운영협의회의 구성ㆍ운영 등에 필요한 사항은 해당 지방자치단체의 조례로 정할 수 있다.,위임,조례,5,운영협의회 구성·운영에 필요한 사항의 규율권한을 지방자치단체 조례에 넘긴다.
P06783,② 운영협의회의 구성ㆍ운영 등에 필요한 사항은 해당 지방자치단체의 조례로 정할 수 있다.,위임,조례,5,운영협의회 구성·운영에 필요한 사항의 규율권한을 지방자치단체 조례에 넘긴다.
P06784,② 운영협의회의 구성ㆍ운영 등에 필요한 사항은 해당 지방자치단체의 조례로 정할 수 있다.,위임,조례,5,운영협의회의 구성·운영 사항을 지방자치단체 조례로 정하도록 규율권한을 넘긴다.
P06785,② 운영협의회의 구성ㆍ운영 등에 필요한 사항은 해당 지방자치단체의 조례로 정할 수 있다.,위임,조례,5,운영협의회 구성·운영 사항을 지방자치단체 조례로 정하도록 규율권한을 넘긴다.
P06786,교육부령으로 정한다,위임,부령,5,'교육부령으로 정한다'는 종결형으로 부령에 규율권한을 위임한다.
P06787,대통령령으로 정하는,판단불가,대통령령,3,문장이 '대통령령으로 정하는'에서 잘려 있어 규율권한 이전 여부를 확정할 수 없으나 문언상 법형식은 대통령령이다.
P06788,대통령령으로 정한다,위임,대통령령,4,문장이 짧게 잘렸으나 '대통령령으로 정한다'는 종결형으로 대통령령에 규율권한을 넘기는 위임이다.
P06789,대통령령으로 정하는,판단불가,미특정,3,문장이 '대통령령으로 정하는'에서 잘려 무엇을 위임하는지 확인할 수 없다.
P06790,전문기관의 지정 및 운영 등에 필요한 사항은 교육부장관이 정하여 고시한다,위임,고시,5,"교육부장관이 정하여 고시하도록 규율권한을 넘기는 위임으로, 법형식은 고시이다."
P06791,1. 지원센터를 설치하는 경우: 해당 지방자치단체의 조례 또는 교육규칙으로 정하는 바에 따라 직속기관 또는 교육지원청 소속 기관에 설치할 것,위임,조례|교육규칙,4,지원센터 설치 방식을 조례 또는 교육규칙에 맡기는 병기 위임이다.
P06792,대통령령으로 정하는 시설,위임,대통령령,4,'대통령령으로 정하는 시설'은 시설의 범위를 대통령령에 맡기는 부분 위임이다.
P06793,대통령령으로 정하는 바에 따라 학교시설사업의,판단불가,대통령령,3,문장이 중간에 잘려 종결부가 없어 위임 여부를 확정할 수 없으나 표지어구는 대통령령이다.
P06794,대통령령으로 정하는 경미한 사항을,위임,대통령령,3,문장이 불완전하지만 '대통령령으로 정하는 경미한 사항'은 요건 일부를 대통령령에 맡기는 부분 위임이다.
P06795,하려면 대통령령으로,판단불가,해당없음,4,문장이 중간에서 잘려 있어 대통령령이 규율권한 부여인지 기존 규범 인용인지 확인할 수 없다.
P06796,작성하여 대통령령으로,판단불가,미특정,4,문장이 중간에서 잘려 서술어가 없어 위임 여부를 확정할 수 없다.
P06797,할 사항은 대통령령으로,판단불가,대통령령,2,문장이 잘려 종결부와 주어가 없어 위임 여부를 확정할 수 없으나 문언상 대통령령이 언급된다.
P06798,경우에는 대통령령으로,판단불가,대통령령,3,문장이 중간에 잘려 규율권한 이전 여부를 확정할 수 없으나 문언상 대통령령이 명시되어 있다.
P06799,대통령령,판단불가,미특정,4,문장이 '대통령령'이라는 단어만으로 잘려 있어 위임 여부를 판정할 수 없다.
P06800,대통령령,판단불가,미특정,4,문장이 '대통령령'이라는 단어만으로 잘려 있어 위임 여부를 판정할 수 없다.
P06801,대통령령으로 정하는 공공시설을,위임,대통령령,3,문장이 절단되었으나 '대통령령으로 정하는 공공시설'이라는 요건 일부의 부분 위임이 명확히 드러난다.
P06802,마치면 대통령령으로,판단불가,대통령령,2,"문장이 '마치면 대통령령으로'에서 잘려 서술어가 없어 위임 여부를 확정할 수 없으나, 문언상 명시된 법형식은 대통령령이다."
P06803,권한은 대통령령으로,판단불가,대통령령,2,문장이 중간에 잘려 종결부가 없어 규율권한 이전 여부를 확정할 수 없으나 문언상 '대통령령'이 명시되어 있다.
P06804,자는 교육부령으로,판단불가,해당없음,4,문장이 절단되어 위임 종결 여부와 대상 사항을 확인할 수 없다.
P06805,경우에는 교육부령이,판단불가,미특정,4,문장이 중간에서 잘려 있어 위임 여부를 확정할 수 없다.
P06806,교육부령이 정하는,판단불가,부령,2,문장이 '교육부령이 정하는'에서 잘려 목적어와 종결부가 없어 위임 여부를 확정할 수 없으나 문언상 법형식은 교육부령이다.
P06807,교육부령이 정하는,판단불가,부령,2,문장이 '교육부령이 정하는'에서 잘려 있어 위임 종결인지 요건 인용인지 확정할 수 없다.
P06808,교육부령이 정하는 건축등의,판단불가,해당없음,3,문장이 '교육부령이 정하는 건축등의'에서 절단되어 규율권한 이전 여부를 확정할 수 없다.
P06809,교육부령이 정하는 준공검사증명서,위임,부령,3,'교육부령이 정하는 준공검사증명서'는 서식 등 사항을 부령에 넘기는 부분 위임이나 문장이 불완전하다.
P06810,교육부령이 정하는 준공검사증명서,위임,부령,3,'교육부령이 정하는'은 준공검사증명서 서식·내용을 부령에 맡기는 부분 위임이나 문장이 조각이어서 확신도는 낮다.
P06811,대통령령으로 정하는 시간,위임,대통령령,4,'대통령령으로 정하는 시간'은 요건 일부를 하위 규범에 맡기는 부분 위임이다.
P06812,대통령령으로 정하는 것을,위임,대통령령,3,문장이 절단되었으나 '대통령령으로 정하는 것'은 정의 요건의 일부를 대통령령에 맡기는 부분 위임이다.
P06813,대통령령으로 정하는,판단불가,대통령령,2,문장이 '대통령령으로 정하는'에서 잘려 규율 대상과 종결 형태를 확인할 수 없어 위임 여부를 판정할 수 없다.
P06814,대통령령으로 정한다,위임,대통령령,4,문말 '대통령령으로 정한다'로 대통령령에 규율권한을 넘기는 위임이다.
P06815,대통령령으로 정한다,위임,대통령령,5,문말 종결형 '대통령령으로 정한다'로 대통령령에 규율권한을 넘긴다.
P06816,대통령령으로 정한다,위임,대통령령,4,문장이 단편적이나 '대통령령으로 정한다'는 종결형으로 규율권한을 대통령령에 넘긴다.
P06817,대통령령으로 정한다,위임,대통령령,4,문장이 일부 절단되었으나 '대통령령으로 정한다'는 종결형 위임 문언이다.
P06818,대통령령으로 정하는 관계,판단불가,대통령령,3,문장이 '대통령령으로 정하는 관계'에서 잘려 있어 위임 대상과 종결 구조를 확인할 수 없다.
P06819,대통령령으로 정한다,위임,대통령령,4,문장이 축약되었으나 '대통령령으로 정한다'는 종결형으로 위원회 구성 사항의 규율권한을 대통령령에 넘긴다.
P06820,대통령령으로 정한다,위임,대통령령,4,문장이 단편적이나 '대통령령으로 정한다'는 종결형으로 대통령령에 규율권한을 넘기는 위임이다.
P06821,사항은 대통령령으로,판단불가,대통령령,3,문장이 잘려 종결부가 없어 위임 여부를 확정할 수 없으나 표지어구로 대통령령이 나타난다.
P06822,교육부령으로 정하는,판단불가,부령,3,"문장이 '교육부령으로 정하는'에서 잘려 규율 대상과 종결 형태를 확인할 수 없어 위임 여부를 판정할 수 없으나, 문언상 지정된 법형식은 교육부령이다."
P06823,교육부령으로 정하는,판단불가,부령,2,문장이 '교육부령으로 정하는'에서 잘려 규율권한 이전 여부를 확정할 수 없으나 문언상 지정된 형식은 부령이다.
P06824,교육부령으로 정하는,판단불가,부령,2,문장이 '교육부령으로 정하는'에서 잘려 수식 대상과 종결 형태를 확인할 수 없어 위임 여부를 확정하기 어렵다.
P06825,사항은 대통령령으로,판단불가,대통령령,3,문장이 중간에서 잘려 있어 위임 여부를 확정할 수 없으나 표지어구로 대통령령이 언급된다.
P06826,사항은 대통령령으로,판단불가,대통령령,3,문장이 중간에 잘려 종결부가 없어 위임 여부를 확정할 수 없으나 표지어구는 대통령령이다.
P06827,③ 그 밖에 보조인력의 배치 기준ㆍ방법 등에 관한 세부적인 사항은 시ㆍ도의 조례로 정한다.,위임,조례,5,보조인력 배치 기준·방법 등 세부사항의 규율권한을 시·도 조례에 넘긴다.
P06828,③ 그 밖에 보조인력의 배치 기준ㆍ방법 등에 관한 세부적인 사항은 시ㆍ도의 조례로 정한다.,위임,조례,5,문말 종결형으로 시·도 조례에 세부사항 규율권한을 넘긴다.
P06829,③ 그 밖에 보조인력의 배치 기준ㆍ방법 등에 관한 세부적인 사항은 시ㆍ도의 조례로 정한다.,위임,조례,5,보조인력 배치 기준 등 세부사항을 시·도 조례에 정하도록 규율권한을 넘긴다.
P06830,③ 그 밖에 보조인력의 배치 기준ㆍ방법 등에 관한 세부적인 사항은 시ㆍ도의 조례로 정한다.,위임,조례,5,문말 종결형으로 시·도 조례에 세부사항 규율권한을 넘긴다.
P06831,③ 그 밖에 보조인력의 배치 기준ㆍ방법 등에 관한 세부적인 사항은 시ㆍ도의 조례로 정한다.,위임,조례,5,보조인력 배치 기준·방법 등 세부사항의 규율권한을 시·도 조례에 넘긴다.
P06832,③ 그 밖에 보조인력의 배치 기준ㆍ방법 등에 관한 세부적인 사항은 시ㆍ도의 조례로 정한다.,위임,조례,5,세부 사항을 시·도 조례에 정하도록 규율권한을 넘긴다.
P06833,③ 그 밖에 보조인력의 배치 기준ㆍ방법 등에 관한 세부적인 사항은 시ㆍ도의 조례로 정한다.,위임,조례,5,세부 사항을 시·도 조례로 정하도록 규율권한을 넘긴다.
P06834,③ 그 밖에 보조인력의 배치 기준ㆍ방법 등에 관한 세부적인 사항은 시ㆍ도의 조례로 정한다.,위임,조례,5,세부사항의 규율권한을 시·도 조례에 넘기는 문말 종결형 위임이다.
P06835,③ 그 밖에 보조인력의 배치 기준ㆍ방법 등에 관한 세부적인 사항은 시ㆍ도의 조례로 정한다.,위임,조례,5,문말 종결형으로 시·도 조례에 세부사항 규율권한을 넘긴다.
P06836,③ 그 밖에 보조인력의 배치 기준ㆍ방법 등에 관한 세부적인 사항은 시ㆍ도의 조례로 정한다.,위임,조례,5,보조인력 배치 기준 등 세부사항을 시·도 조례로 정하도록 규율권한을 넘긴다.
P06837,③ 그 밖에 보조인력의 배치 기준ㆍ방법 등에 관한 세부적인 사항은 시ㆍ도의 조례로 정한다.,위임,조례,5,문말 종결형으로 시·도 조례에 세부사항 규율권한을 넘긴다.
P06838,③ 그 밖에 보조인력의 배치 기준ㆍ방법 등에 관한 세부적인 사항은 시ㆍ도의 조례로 정한다.,위임,조례,5,보조인력 배치 기준 등 세부사항의 규율권한을 시·도 조례에 넘긴다.
P06839,③ 그 밖에 보조인력의 배치 기준ㆍ방법 등에 관한 세부적인 사항은 시ㆍ도의 조례로 정한다.,위임,조례,5,보조인력 배치 기준 등 세부사항의 규율권한을 시·도 조례에 넘긴다.
P06840,③ 그 밖에 보조인력의 배치 기준ㆍ방법 등에 관한 세부적인 사항은 시ㆍ도의 조례로 정한다.,위임,조례,5,보조인력 배치 기준·방법 등 세부사항을 시·도 조례에 정하도록 규율권한을 넘긴다.
P06841,③ 그 밖에 보조인력의 배치 기준ㆍ방법 등에 관한 세부적인 사항은 시ㆍ도의 조례로 정한다.,위임,조례,5,보조인력 배치 기준·방법 등 세부사항을 시·도 조례에 정하도록 규율권한을 넘긴다.
P06842,③ 그 밖에 보조인력의 배치 기준ㆍ방법 등에 관한 세부적인 사항은 시ㆍ도의 조례로 정한다.,위임,조례,5,문말 종결형으로 시·도 조례에 세부사항 규율권한을 넘긴다.
P06843,대통령령으로 정하는 범위에서,위임,대통령령,3,문장이 절 단위로 잘려 있으나 '대통령령으로 정하는 범위에서'는 대통령령에 규율 범위를 맡기는 부분 위임 표지이다.
P06844,대통령령으로 정하는,판단불가,미특정,4,문장이 '대통령령으로 정하는'에서 잘려 무엇을 위임하는지 확인할 수 없다.
P06845,대통령령으로 정하는,판단불가,대통령령,3,문장이 '대통령령으로 정하는'에서 잘려 무엇을 위임하는지 확인할 수 없으나 표지어구는 대통령령이다.
P06846,필요한 사항은 대통령령으로,판단불가,미특정,3,문장이 '대통령령으로'에서 잘려 종결 문형이 없어 위임 여부를 확정할 수 없다.
P06847,사항은 대통령령으로,판단불가,대통령령,3,문장이 중간에서 잘려 주어와 서술어가 불완전해 위임 여부를 확정할 수 없으나 문언에는 대통령령이 명시되어 있다.
P06848,사항은 대통령령으로,판단불가,대통령령,2,문장이 중간에서 잘려 종결부가 없어 위임 여부를 확정할 수 없으나 문언에는 대통령령이 명시되어 있다.
P06849,사항은 대통령령으로,판단불가,대통령령,2,문장이 중간에서 잘려 종결 문언이 없어 위임 여부를 확정할 수 없으나 '대통령령' 표지만 확인된다.
P06850,대통령령으로 정한다,위임,대통령령,4,문말 종결형 '대통령령으로 정한다'로 대통령령에 규율권한을 넘기는 위임이다.
P06851,대통령령으로 정한다,위임,대통령령,4,'대통령령으로 정한다'는 종결형 위임 문언으로 규율권한을 대통령령에 넘긴다.
P06852,대통령령으로 정한다,위임,대통령령,4,문말 종결형 '대통령령으로 정한다'로 대통령령에 규율권한을 넘기는 위임이다.
P06853,대통령령으로 정한다,위임,대통령령,4,문장이 짧게 잘렸으나 '대통령령으로 정한다'는 종결형 위임 문언이다.
P06854,대통령령으로 정한다,위임,대통령령,4,문말 '대통령령으로 정한다'로 장해급여 관련 사항의 규율권한을 대통령령에 넘긴다.
P06855,필요한 사항은 대통령령으로,판단불가,대통령령,3,문장이 종결부 없이 잘려 있어 위임 여부를 확정할 수 없으나 문언상 대통령령이 지정되어 있다.
P06856,사항은 대통령령으로,판단불가,대통령령,2,문장이 '사항은 대통령령으로'에서 잘려 종결부가 없어 위임 여부를 확정할 수 없으나 표지어구는 대통령령이다.
P06857,사항은 대통령령으로,판단불가,대통령령,2,문장이 중간에서 잘려 종결부와 위임 대상 사항이 확인되지 않아 위임 여부를 확정할 수 없다.
P06858,사항은 대통령령으로,판단불가,대통령령,2,"문장이 중간에서 잘려 종결부가 없어 위임 여부를 확정할 수 없고, 문언상 법형식으로 대통령령만 드러난다."
P06859,사항은 대통령령으로,판단불가,해당없음,3,문장이 '사항은 대통령령으로'에서 잘려 종결 문언을 확인할 수 없어 위임 여부를 확정할 수 없다.
P06860,사항은 대통령령으로,판단불가,대통령령,2,문장이 중간에서 잘려 종결 형태와 위임 여부를 확정할 수 없으나 '대통령령'이라는 법형식만 확인된다.
P06861,대통령령으로 정하는 위로금을,판단불가,해당없음,4,문장이 중간에 잘려 서술부가 없어 위임 여부를 확정할 수 없다.
P06862,교육부령으로 정하는,판단불가,미특정,4,문장이 절단되어 무엇을 위임하는지 확인할 수 없다.
P06863,사항은 대통령령으로,판단불가,대통령령,3,문장이 중간에서 잘려 종결 형식과 위임 대상 사항을 확인할 수 없어 위임 여부를 확정할 수 없다.
P06864,교육부령으로 정하는,판단불가,부령,2,문장이 '교육부령으로 정하는'에서 잘려 서술어가 없어 위임 종결인지 인용 수식인지 판정할 수 없다.
P06865,대통령령으로 정한다,위임,대통령령,4,문장이 단편적이나 '대통령령으로 정한다'는 종결형 위임 문언으로 대통령령에 규율권한을 넘긴다.
P06866,대통령령으로 정하는,판단불가,대통령령,2,문장이 '대통령령으로 정하는'에서 절단되어 무엇을 위임하는지 확인할 수 없다.
P06867,필요한 사항은 교육부령으로,판단불가,부령,3,문장이 종결부 없이 잘려 있어 위임 여부를 확정할 수 없으나 표지어구는 교육부령(부령)이다.
P06868,대통령령으로 정하는,판단불가,해당없음,3,문장이 '대통령령으로 정하는'에서 잘려 무엇을 위임하는지 확인할 수 없다.
P06869,대통령령으로 정하는,판단불가,미특정,4,문장이 '대통령령으로 정하는'에서 잘려 무엇을 위임하는지 확인할 수 없다.
P06870,교육부령으로 정하는,판단불가,부령,3,문장이 '교육부령으로 정하는'에서 잘려 규율권한 이전 여부를 확정할 수 없으나 문언상 법형식은 부령이다.
P06871,대통령령으로 정하는,판단불가,대통령령,3,문장이 '대통령령으로 정하는'에서 잘려 규율 대상과 종결 형태를 확인할 수 없어 위임 여부를 확정할 수 없다.
P06872,물가 상승률 등을 반영하여 공제료 산정기준을 정하고 이를 고시하여야 한다.,위임,고시,4,공제료 산정기준을 정해 고시하도록 규율권한을 넘기며 법형식으로 고시를 명시했다.
P06873,물가 상승률 등을 반영하여 공제료 산정기준을 정하고 이를 고시하여야 한다.,위임,고시,4,공제료 산정기준이라는 규율사항을 정하여 고시하도록 권한을 넘기므로 고시 형식의 위임이다.
P06874,교육부령으로 정하는,판단불가,부령,2,문장이 '교육부령으로 정하는'에서 잘려 무엇을 위임하는지 확인할 수 없어 판정이 불가하나 표지어구는 교육부령이다.
P06875,필요한 사항은 교육부령으로,판단불가,부령,2,문장이 종결부 없이 절단되어 위임 여부를 확정할 수 없으나 문언상 교육부령을 지시하고 있다.
P06876,대통령령으로 정하는 사업,위임,대통령령,4,호 형식의 단문이지만 '대통령령으로 정하는 사업'으로 사업 범위 확정을 대통령령에 맡기는 부분 위임이다.
P06877,방법 등은 교육부령으로,판단불가,부령,2,문장이 중간에서 잘려 종결부가 없어 위임 여부를 확정할 수 없으나 문언상 교육부령을 지목한다.
P06878,대통령령으로 정하는 사업,위임,대통령령,4,호 형식의 부분 위임으로 사업의 범위를 대통령령에 넘긴다.
P06879,대통령령으로 정하는,판단불가,대통령령,3,문장이 '대통령령으로 정하는'에서 잘려 규율 대상과 종결 형태를 확인할 수 없어 위임 여부를 판정할 수 없다.
P06880,필요한 사항은 대통령령으로,판단불가,대통령령,3,문장이 종결 없이 잘려 있어 위임 여부를 확정할 수 없으나 표지어구상 대통령령이 지시되어 있다.
P06881,필요한 사항은 대통령령으로,판단불가,대통령령,3,문장이 종결부 없이 잘려 있어 위임 종결 여부를 확정할 수 없으나 '대통령령으로'라는 표지만 남아 있다.
P06882,필요한 사항은 대통령령으로,판단불가,대통령령,2,문장이 서술어 없이 잘려 위임 종결 여부를 확정할 수 없으나 표지어구는 대통령령이다.
P06883,필요한 사항은 대통령령으로,판단불가,대통령령,3,문장이 '대통령령으로'에서 절단되어 위임 종결 여부를 확정할 수 없으나 표지어구는 대통령령이다.
P06884,필요한 사항은 대통령령으로,판단불가,대통령령,3,문장이 종결부 없이 잘려 위임 종결인지 확정할 수 없으나 문언상 대통령령이 지정되어 있다.
P06885,필요한 사항은 대통령령으로,판단불가,대통령령,3,문장이 '대통령령으로'에서 잘려 종결 형태(정한다/정한)를 확인할 수 없어 위임 여부를 확정할 수 없다.
P06886,과태료는 대통령령으로,판단불가,해당없음,3,문장이 '대통령령으로'에서 끊겨 종결부가 없어 위임 여부를 확정할 수 없다.
P06887,구체적인 방법 및 세부 조사항목 등은 교육부장관이 정하여 고시한다.,위임,고시,5,'정하여 고시한다'로 고시에 규율권한을 넘긴다.
P06888,교육부령으로 정한다,위임,부령,4,종결형 '교육부령으로 정한다'로 부령에 규율권한을 넘기는 위임이다.
P06889,신체장해의 등급과 노동력상실률에 관한 세부기준은 교육부장관이 정하여 고시한다,위임,고시,5,세부기준의 규율권한을 교육부장관의 고시에 넘기는 위임이다.
P06890,교육부령으로 정하는,판단불가,부령,3,"문장이 '교육부령으로 정하는'에서 잘려 규율 대상과 종결 형태를 확인할 수 없어 위임 여부를 확정할 수 없으나, 명시된 법형식은 교육부령이다."
P06891,교육부령으로 정한다,위임,부령,5,'교육부령으로 정한다'는 종결형으로 부령에 규율권한을 위임한다.
P06892,교육부장관이 법 제49조제3항에 따라 고시하는 공제료 산정기준에는 다음 각 호의 사항을 포함해야 한다,위임,고시,4,교육부장관 고시가 담아야 할 사항의 범위를 지시하여 고시에 규율권한을 넘긴다.
P06893,교육부장관이 법 제49조제3항에 따라 고시하는 공제료 산정기준에는 다음 각 호의 사항을 포함해야 한다,위임,고시,4,교육부장관이 고시할 공제료 산정기준에 포함될 사항의 범위를 지시하여 고시에 규율권한을 넘긴다.
P06894,"공제회는 각 시·도별 학생 수, 손해율 등을 고려하여 교육부장관이 고시하는 비율의 범위에서 공제료를 가산 또는 감액",위임,고시,4,공제료 가산·감액의 비율 범위를 교육부장관 고시에 맡기는 부분 위임이다.
P06895,"공제회는 각 시·도별 학생 수, 손해율 등을 고려하여 교육부장관이 고시하는 비율의 범위에서 공제료를 가산 또는 감액",위임,고시,4,공제료 가산·감액 비율의 범위를 교육부장관 고시에 맡기는 부분 위임이다.
P06896,교육실적에 대한 보고방법 등은 교육부장관이 따로 정하여 고시한다.,위임,고시,5,교육부장관이 고시로 정하도록 규율권한을 넘기는 위임이다.
P06897,대통령령으로 정하는,위임,대통령령,3,문장이 단편이지만 '대통령령으로 정하는' 표지로 요건 일부를 대통령령에 맡기는 부분 위임이다.
P06898,필요한 사항은 대통령령으로,판단불가,대통령령,3,문장이 종결부 없이 잘려 있어 위임 여부를 확정할 수 없으나 표지어구는 대통령령이다.
P06899,필요한 사항은 대통령령으로,판단불가,대통령령,3,문장이 종결부 없이 잘려 위임 여부를 확정할 수 없으나 표지어구로 대통령령이 지시되어 있다.
P06900,절차 등은 대통령령으로,위임,대통령령,3,문장이 일부 절단되었으나 '절차 등은 대통령령으로'는 절차사항의 규율권한을 대통령령에 넘기는 위임 문언으로 보인다.
P06901,분양자료를 대통령령으로 정하는 기한까지,위임,대통령령,3,문장이 절단되었으나 '대통령령으로 정하는 기한'은 기한 설정 권한을 넘기는 부분 위임이다.
P06902,대통령령으로 정하는 일정 범위의,위임,대통령령,3,문장이 조각이지만 '대통령령으로 정하는 일정 범위'라는 부분 위임 문언이 명확하다.
P06903,필요한 사항은 대통령령으로,판단불가,대통령령,2,문장이 종결부 없이 잘려 있어 위임 종결 여부를 확정할 수 없으나 문언상 대통령령이 표시되어 있다.
P06904,시·도지사는 대통령령으로 정하는 바에 따라,위임,대통령령,4,문장이 절 단위로 잘려 있으나 '대통령령으로 정하는 바에 따라'로 대통령령에 규율권한을 넘기는 위임 표현이다.
P06905,⑥ 특별회계의 설치 및 운용·관리 등에 필요한 사항은 해당 시·도의 조례로 정한다.,위임,조례,5,특별회계 설치·운용에 필요한 사항의 규율권한을 시·도 조례에 넘긴다.
P06906,3. 그 밖에 해당 시·도의 조례로 정하는 재원,위임,조례,5,특별회계 재원의 범위를 시·도 조례에 정하도록 맡기는 부분 위임이다.
P06907,5. 그 밖에 학교용지의 확보 등에 필요하거나 부담금을 적정하게 관리하기 위하여 필요한 사항으로 해당 시·도의 조례로 정하는 사항,위임,조례,4,특별회계 관련 사항의 구체적 범위를 시·도 조례로 정하도록 맡기는 부분 위임이다.
P06908,⑥ 특별회계의 설치 및 운용·관리 등에 필요한 사항은 해당 시·도의 조례로 정한다.,위임,조례,5,특별회계 설치·운용에 필요한 사항을 시·도 조례에 규율권한을 넘기는 위임이다.
P06909,3. 그 밖에 해당 시·도의 조례로 정하는 재원,위임,조례,5,특별회계 재원의 범위를 시·도 조례가 정하도록 맡긴 부분 위임이다.
P06910,5. 그 밖에 학교용지의 확보 등에 필요하거나 부담금을 적정하게 관리하기 위하여 필요한 사항으로 해당 시·도의 조례로 정하는 사항,위임,조례,5,특별회계 관련 사항의 구체적 내용을 시·도 조례에 정하도록 규율권한을 넘기는 부분 위임이다.
P06911,⑥ 특별회계의 설치 및 운용·관리 등에 필요한 사항은 해당 시·도의 조례로 정한다.,위임,조례,5,특별회계 설치·운용에 필요한 사항의 규율권한을 시·도 조례에 넘긴다.
P06912,3. 그 밖에 해당 시·도의 조례로 정하는 재원,위임,조례,4,재원의 범위를 시·도 조례가 정하도록 맡긴 부분 위임이다.
P06913,5. 그 밖에 학교용지의 확보 등에 필요하거나 부담금을 적정하게 관리하기 위하여 필요한 사항으로 해당 시·도의 조례로 정하는 사항,위임,조례,5,필요한 사항의 구체적 내용을 시·도 조례에 맡기는 부분 위임이다.
P06914,⑥ 특별회계의 설치 및 운용·관리 등에 필요한 사항은 해당 시·도의 조례로 정한다.,위임,조례,5,필요한 사항을 시·도 조례로 정하도록 규율권한을 넘긴다.
P06915,3. 그 밖에 해당 시·도의 조례로 정하는 재원,위임,조례,5,'조례로 정하는 재원'으로 재원의 범위를 조례에 넘기는 부분 위임이다.
P06916,5. 그 밖에 학교용지의 확보 등에 필요하거나 부담금을 적정하게 관리하기 위하여 필요한 사항으로 해당 시·도의 조례로 정하는 사항,위임,조례,4,특별회계 관련 사항의 구체적 결정을 시·도 조례에 넘기는 부분 위임이다.
P06917,3. 그 밖에 해당 시·도의 조례로 정하는 재원,위임,조례,5,재원의 범위를 시·도 조례로 정하도록 맡기는 부분 위임이다.
P06918,5. 그 밖에 학교용지의 확보 등에 필요하거나 부담금을 적정하게 관리하기 위하여 필요한 사항으로 해당 시·도의 조례로 정하는 사항,위임,조례,5,필요한 사항의 구체적 내용을 시·도 조례에 정하도록 규율권한을 넘기는 부분 위임이다.
P06919,⑥ 특별회계의 설치 및 운용·관리 등에 필요한 사항은 해당 시·도의 조례로 정한다.,위임,조례,5,문말 종결형으로 시·도 조례에 규율권한을 넘긴다.
P06920,3. 그 밖에 해당 시·도의 조례로 정하는 재원,위임,조례,5,특별회계 재원의 범위 일부를 시·도 조례로 정하도록 부분 위임한다.
P06921,5. 그 밖에 학교용지의 확보 등에 필요하거나 부담금을 적정하게 관리하기 위하여 필요한 사항으로 해당 시·도의 조례로 정하는 사항,위임,조례,4,특별회계 관련 필요 사항을 시·도 조례로 정하도록 규율권한을 넘기는 부분 위임이다.
P06922,⑥ 특별회계의 설치 및 운용·관리 등에 필요한 사항은 해당 시·도의 조례로 정한다.,위임,조례,5,특별회계 설치·운용에 필요한 사항의 규율권한을 시·도 조례에 넘긴다.
P06923,3. 그 밖에 해당 시·도의 조례로 정하는 재원,위임,조례,5,'조례로 정하는 재원'은 재원의 범위를 조례에 넘기는 부분 위임이다.
P06924,5. 그 밖에 학교용지의 확보 등에 필요하거나 부담금을 적정하게 관리하기 위하여 필요한 사항으로 해당 시·도의 조례로 정하는 사항,위임,조례,5,'조례로 정하는 사항'으로 규율 대상을 시·도 조례에 넘기는 부분 위임이다.
P06925,⑥ 특별회계의 설치 및 운용·관리 등에 필요한 사항은 해당 시·도의 조례로 정한다.,위임,조례,5,특별회계 설치·운용에 필요한 사항의 규율권한을 시·도 조례에 넘긴다.
P06926,3. 그 밖에 해당 시·도의 조례로 정하는 재원,위임,조례,5,특별회계 재원의 범위를 시·도 조례에 맡기는 부분 위임이다.
P06927,5. 그 밖에 학교용지의 확보 등에 필요하거나 부담금을 적정하게 관리하기 위하여 필요한 사항으로 해당 시·도의 조례로 정하는 사항,위임,조례,5,'해당 시·도의 조례로 정하는 사항'으로 규율 대상을 조례에 넘기는 부분 위임이다.
P06928,⑥ 특별회계의 설치 및 운용·관리 등에 필요한 사항은 해당 시·도의 조례로 정한다.,위임,조례,5,특별회계 설치·운용에 관한 사항을 시·도 조례에 규율권한으로 넘긴다.
P06929,3. 그 밖에 해당 시·도의 조례로 정하는 재원,위임,조례,5,특별회계 재원의 범위를 시·도 조례에 정하도록 부분 위임한다.
P06930,5. 그 밖에 학교용지의 확보 등에 필요하거나 부담금을 적정하게 관리하기 위하여 필요한 사항으로 해당 시·도의 조례로 정하는 사항,위임,조례,5,필요한 사항을 시·도 조례로 정하도록 규율권한을 넘긴 부분 위임이다.
P06931,⑥ 특별회계의 설치 및 운용·관리 등에 필요한 사항은 해당 시·도의 조례로 정한다.,위임,조례,5,특별회계 설치·운용에 필요한 사항을 시·도 조례로 정하도록 규율권한을 넘긴다.
P06932,⑥ 특별회계의 설치 및 운용·관리 등에 필요한 사항은 해당 시·도의 조례로 정한다.,위임,조례,5,특별회계 설치·운용 등 필요한 사항을 시·도 조례에 규율권한을 넘긴다.
P06933,5. 그 밖에 학교용지의 확보 등에 필요하거나 부담금을 적정하게 관리하기 위하여 필요한 사항으로 해당 시·도의 조례로 정하는 사항,위임,조례,5,필요한 사항을 시·도 조례로 정하도록 규율권한을 넘기는 부분 위임이다.
P06934,3. 그 밖에 해당 시·도의 조례로 정하는 재원,위임,조례,5,특별회계 재원의 범위를 시·도 조례에 정하도록 맡긴 부분 위임이다.
P06935,5. 그 밖에 학교용지의 확보 등에 필요하거나 부담금을 적정하게 관리하기 위하여 필요한 사항으로 해당 시·도의 조례로 정하는 사항,위임,조례,4,특별회계 세입·세출 항목의 잔여 사항을 시·도 조례에 맡기는 부분 위임이다.
P06936,⑥ 특별회계의 설치 및 운용·관리 등에 필요한 사항은 해당 시·도의 조례로 정한다.,위임,조례,5,특별회계 설치·운용에 필요한 사항을 시·도 조례에 위임한다.
P06937,3. 그 밖에 해당 시·도의 조례로 정하는 재원,위임,조례,5,특별회계 재원의 범위를 시·도 조례에 정하도록 부분 위임한다.
P06938,5. 그 밖에 학교용지의 확보 등에 필요하거나 부담금을 적정하게 관리하기 위하여 필요한 사항으로 해당 시·도의 조례로 정하는 사항,위임,조례,4,특별회계 세입·용도 항목의 구체적 사항을 시·도 조례에 정하도록 넘기는 부분 위임이다.
P06939,⑥ 특별회계의 설치 및 운용·관리 등에 필요한 사항은 해당 시·도의 조례로 정한다.,위임,조례,5,특별회계 설치·운용에 필요한 사항을 시·도 조례로 정하도록 규율권한을 넘긴다.
P06940,3. 그 밖에 해당 시·도의 조례로 정하는 재원,위임,조례,5,재원의 범위를 시·도 조례가 정하도록 맡기는 부분 위임이다.
P06941,5. 그 밖에 학교용지의 확보 등에 필요하거나 부담금을 적정하게 관리하기 위하여 필요한 사항으로 해당 시·도의 조례로 정하는 사항,위임,조례,4,특별회계 관련 사항 중 일부를 시·도 조례로 정하도록 규율권한을 넘기는 부분 위임이다.
P06942,⑥ 특별회계의 설치 및 운용·관리 등에 필요한 사항은 해당 시·도의 조례로 정한다.,위임,조례,5,특별회계 설치·운용에 필요한 사항의 규율권한을 시·도 조례에 넘기는 위임 규정이다.
P06943,3. 그 밖에 해당 시·도의 조례로 정하는 재원,위임,조례,5,재원의 범위를 시·도 조례에 정하도록 위임한다.
P06944,5. 그 밖에 학교용지의 확보 등에 필요하거나 부담금을 적정하게 관리하기 위하여 필요한 사항으로 해당 시·도의 조례로 정하는 사항,위임,조례,4,특별회계 세입·용도 등의 구체적 사항을 시·도 조례에 정하도록 맡기는 부분 위임이다.
P06945,3. 그 밖에 해당 시·도의 조례로 정하는 재원,위임,조례,5,재원의 범위를 시·도 조례에 정하도록 맡긴 부분 위임이다.
P06946,⑥ 특별회계의 설치 및 운용·관리 등에 필요한 사항은 해당 시·도의 조례로 정한다.,위임,조례,5,특별회계 설치·운용에 필요한 사항의 규율권한을 시·도 조례에 넘긴다.
P06947,5. 그 밖에 학교용지의 확보 등에 필요하거나 부담금을 적정하게 관리하기 위하여 필요한 사항으로 해당 시·도의 조례로 정하는 사항,위임,조례,5,특별회계 관련 사항의 구체적 결정을 시·도 조례에 넘기는 부분 위임이다.
P06948,3. 그 밖에 해당 시·도의 조례로 정하는 재원,위임,조례,4,재원의 범위를 시·도 조례가 정하도록 맡기는 부분 위임이다.
P06949,⑥ 특별회계의 설치 및 운용·관리 등에 필요한 사항은 해당 시·도의 조례로 정한다.,위임,조례,5,특별회계 설치·운용에 필요한 사항의 규율권한을 시·도 조례에 넘기는 종결형 위임이다.
P06950,5. 그 밖에 학교용지의 확보 등에 필요하거나 부담금을 적정하게 관리하기 위하여 필요한 사항으로 해당 시·도의 조례로 정하는 사항,위임,조례,5,특별회계의 사용 대상 사항을 시·도 조례로 정하도록 규율권한을 넘긴 부분 위임이다.
P06951,3. 그 밖에 해당 시·도의 조례로 정하는 재원,위임,조례,5,'조례로 정하는 재원'으로 재원의 범위를 시·도 조례에 맡기는 부분 위임이다.
P06952,⑥ 특별회계의 설치 및 운용·관리 등에 필요한 사항은 해당 시·도의 조례로 정한다.,위임,조례,5,특별회계 설치·운용에 필요한 사항의 규율권한을 시·도 조례에 넘긴다.
P06953,5. 그 밖에 학교용지의 확보 등에 필요하거나 부담금을 적정하게 관리하기 위하여 필요한 사항으로 해당 시·도의 조례로 정하는 사항,위임,조례,5,특별회계 관련 필요 사항을 시·도 조례로 정하도록 규율권한을 넘긴 부분 위임이다.
P06954,3. 그 밖에 해당 시·도의 조례로 정하는 재원,위임,조례,5,특별회계 재원의 범위를 시·도 조례로 정하도록 맡긴 부분 위임이다.
P06955,⑥ 특별회계의 설치 및 운용·관리 등에 필요한 사항은 해당 시·도의 조례로 정한다.,위임,조례,5,필요한 사항을 시·도 조례로 정하도록 규율권한을 넘긴다.
P06956,대통령령으로 정하는 세액,위임,대통령령,4,'대통령령으로 정하는 세액'은 요건의 구체화를 대통령령에 맡기는 부분 위임이다.
P06957,대통령령으로 정하는 금액,위임,대통령령,4,호 형식의 단문이지만 '대통령령으로 정하는 금액'으로 금액 결정 권한을 대통령령에 넘기는 부분 위임이다.
P06958,고려하여 대통령령으로,판단불가,미특정,3,문장이 잘려 종결부가 없어 위임 여부를 확정할 수 없다.
P06959,② 교육부장관은 학교용지 용도 해제와 관련된 업무처리에 필요한 지침을 마련하여 고시할 수 있다.,위임,고시,4,업무처리 지침을 마련해 고시하도록 규율권한을 넘기므로 고시 형식의 위임이다.
P06960,① 시·도지사는 그 시·도의 조례로 정하는 바에 따라 제5조에 따른 부담금의 부과·징수에 관한 업무를 시장·군수·구청장(자치구의 구청장을 말한다)에게 위임할 수 있다.,위임,조례,4,부담금 부과·징수 업무의 위임 방식을 시·도 조례로 정하도록 규율권한을 넘긴다.
P06961,① 시·도지사는 그 시·도의 조례로 정하는 바에 따라 제5조에 따른 부담금의 부과·징수에 관한 업무를 시장·군수·구청장(자치구의 구청장을 말한다)에게 위임할 수 있다.,위임,조례,4,'시·도의 조례로 정하는 바에 따라' 부담금 부과·징수 업무 위임 사항을 조례에 맡기는 위임이다.
P06962,① 시·도지사는 그 시·도의 조례로 정하는 바에 따라 제5조에 따른 부담금의 부과·징수에 관한 업무를 시장·군수·구청장(자치구의 구청장을 말한다)에게 위임할 수 있다.,위임,조례,4,부담금 부과·징수 업무의 위임 방식을 시·도 조례가 정하도록 규율권한을 넘긴다.
P06963,① 시·도지사는 그 시·도의 조례로 정하는 바에 따라 제5조에 따른 부담금의 부과·징수에 관한 업무를 시장·군수·구청장(자치구의 구청장을 말한다)에게 위임할 수 있다.,위임,조례,4,부담금 부과·징수 업무의 위임 방법·범위를 시·도 조례가 정하도록 규율권한을 넘긴다.
P06964,① 시·도지사는 그 시·도의 조례로 정하는 바에 따라 제5조에 따른 부담금의 부과·징수에 관한 업무를 시장·군수·구청장(자치구의 구청장을 말한다)에게 위임할 수 있다.,위임,조례,4,부담금 부과·징수 업무의 위임 방식을 시·도 조례로 정하도록 규율권한을 넘긴다.
P06965,① 시·도지사는 그 시·도의 조례로 정하는 바에 따라 제5조에 따른 부담금의 부과·징수에 관한 업무를 시장·군수·구청장(자치구의 구청장을 말한다)에게 위임할 수 있다.,위임,조례,4,부담금 부과·징수 업무의 위임 방식을 시·도 조례로 정하도록 규율권한을 넘긴다.
P06966,① 시·도지사는 그 시·도의 조례로 정하는 바에 따라 제5조에 따른 부담금의 부과·징수에 관한 업무를 시장·군수·구청장(자치구의 구청장을 말한다)에게 위임할 수 있다.,위임,조례,4,부담금 부과·징수 업무 위임의 구체적 사항을 시·도 조례로 정하도록 규율권한을 넘긴다.
P06967,① 시·도지사는 그 시·도의 조례로 정하는 바에 따라 제5조에 따른 부담금의 부과·징수에 관한 업무를 시장·군수·구청장(자치구의 구청장을 말한다)에게 위임할 수 있다.,위임,조례,4,부담금 부과·징수 업무의 위임 방식을 시·도 조례로 정하도록 규율권한을 넘긴다.
P06968,① 시·도지사는 그 시·도의 조례로 정하는 바에 따라 제5조에 따른 부담금의 부과·징수에 관한 업무를 시장·군수·구청장(자치구의 구청장을 말한다)에게 위임할 수 있다.,위임,조례,4,부담금 부과·징수 업무의 위임 방식을 시·도 조례로 정하도록 규율권한을 넘기는 부분 위임이다.
P06969,① 시·도지사는 그 시·도의 조례로 정하는 바에 따라 제5조에 따른 부담금의 부과·징수에 관한 업무를 시장·군수·구청장(자치구의 구청장을 말한다)에게 위임할 수 있다.,위임,조례,4,'시·도의 조례로 정하는 바에 따라'로 권한 위임의 구체적 사항을 조례에 넘기고 있다.
P06970,① 시·도지사는 그 시·도의 조례로 정하는 바에 따라 제5조에 따른 부담금의 부과·징수에 관한 업무를 시장·군수·구청장(자치구의 구청장을 말한다)에게 위임할 수 있다.,위임,조례,4,부담금 부과·징수 업무 위임의 구체적 사항을 시·도 조례로 정하도록 규율권한을 넘긴다.
P06971,② 교육감은 해당 교육규칙으로 정하는 바에 따라 제3조에 따른 인접 학교용지의 확보에 관한 업무와 교육감의 의견 표시에 관한 업무를 시·군·구의 교육장에게 위임할 수 있다.,위임,교육규칙,4,교육규칙으로 정하는 바에 따라 권한 위임 사항을 정하도록 규율권한을 넘긴다.
P06972,① 시·도지사는 그 시·도의 조례로 정하는 바에 따라 제5조에 따른 부담금의 부과·징수에 관한 업무를 시장·군수·구청장(자치구의 구청장을 말한다)에게 위임할 수 있다.,위임,조례,4,부담금 부과·징수 업무의 위임 방식을 시·도 조례로 정하도록 규율권한을 넘긴다.
P06973,① 시·도지사는 그 시·도의 조례로 정하는 바에 따라 제5조에 따른 부담금의 부과·징수에 관한 업무를 시장·군수·구청장(자치구의 구청장을 말한다)에게 위임할 수 있다.,위임,조례,4,'조례로 정하는 바에 따라' 부담금 부과·징수 업무 위임의 구체적 사항을 시·도 조례에 맡기는 위임이다.
P06974,① 시·도지사는 그 시·도의 조례로 정하는 바에 따라 제5조에 따른 부담금의 부과·징수에 관한 업무를 시장·군수·구청장(자치구의 구청장을 말한다)에게 위임할 수 있다.,위임,조례,4,권한 위임의 방식·절차를 시·도 조례가 정하도록 규율권한을 넘기는 부분 위임이다.
P06975,① 시·도지사는 그 시·도의 조례로 정하는 바에 따라 제5조에 따른 부담금의 부과·징수에 관한 업무를 시장·군수·구청장(자치구의 구청장을 말한다)에게 위임할 수 있다.,위임,조례,4,부담금 부과·징수 업무 위임의 구체적 사항을 시·도 조례에 정하도록 맡기는 부분 위임이다.
P06976,대통령령으로 정하는 바에 따라,위임,대통령령,3,문장이 단편이지만 '대통령령으로 정하는 바에 따라'는 과태료 부과·징수 사항의 규율권한을 대통령령에 넘기는 위임 문언이다.
P06977,"⑤ 제1항부터 제4항까지의 규정에서 정한 사항 외에 납부고지서의 서식, 그 밖에 부담금의 부과ㆍ징수에 필요한 사항은 특별시ㆍ광역시ㆍ특별자치시ㆍ도 또는 특별자치도(이하 “시ㆍ도”라 한다)의 조례로 정한다.",위임,조례,5,납부고지서 서식 등 세부사항을 시·도 조례로 정하도록 규율권한을 넘긴다.
P06978,"⑤ 제1항부터 제4항까지의 규정에서 정한 사항 외에 납부고지서의 서식, 그 밖에 부담금의 부과ㆍ징수에 필요한 사항은 특별시ㆍ광역시ㆍ특별자치시ㆍ도 또는 특별자치도(이하 “시ㆍ도”라 한다)의 조례로 정한다.",위임,조례,5,납부고지서 서식 등 부과·징수에 필요한 사항의 규율권한을 시·도 조례에 넘긴다.
P06979,"⑤ 제1항부터 제4항까지의 규정에서 정한 사항 외에 납부고지서의 서식, 그 밖에 부담금의 부과ㆍ징수에 필요한 사항은 특별시ㆍ광역시ㆍ특별자치시ㆍ도 또는 특별자치도(이하 “시ㆍ도”라 한다)의 조례로 정한다.",위임,조례,5,납부고지서 서식 등 부과·징수에 필요한 사항을 시·도 조례로 정하도록 규율권한을 넘긴다.
P06980,"⑤ 제1항부터 제4항까지의 규정에서 정한 사항 외에 납부고지서의 서식, 그 밖에 부담금의 부과ㆍ징수에 필요한 사항은 특별시ㆍ광역시ㆍ특별자치시ㆍ도 또는 특별자치도(이하 “시ㆍ도”라 한다)의 조례로 정한다.",위임,조례,5,납부고지서 서식 등 부과·징수 필요사항을 시·도 조례로 정하도록 규율권한을 넘긴다.
P06981,"⑤ 제1항부터 제4항까지의 규정에서 정한 사항 외에 납부고지서의 서식, 그 밖에 부담금의 부과ㆍ징수에 필요한 사항은 특별시ㆍ광역시ㆍ특별자치시ㆍ도 또는 특별자치도(이하 “시ㆍ도”라 한다)의 조례로 정한다.",위임,조례,5,납부고지서 서식 등 부과·징수에 필요한 사항의 규율권한을 시·도 조례에 넘긴다.
P06982,"⑤ 제1항부터 제4항까지의 규정에서 정한 사항 외에 납부고지서의 서식, 그 밖에 부담금의 부과ㆍ징수에 필요한 사항은 특별시ㆍ광역시ㆍ특별자치시ㆍ도 또는 특별자치도(이하 “시ㆍ도”라 한다)의 조례로 정한다.",위임,조례,5,납부고지서 서식 등 부과·징수에 필요한 사항의 규율권한을 시·도 조례에 넘긴다.
P06983,"⑤ 제1항부터 제4항까지의 규정에서 정한 사항 외에 납부고지서의 서식, 그 밖에 부담금의 부과ㆍ징수에 필요한 사항은 특별시ㆍ광역시ㆍ특별자치시ㆍ도 또는 특별자치도(이하 “시ㆍ도”라 한다)의 조례로 정한다.",위임,조례,5,납부고지서 서식 등 부과·징수에 필요한 사항의 규율권한을 시·도 조례에 넘긴다.
P06984,"⑤ 제1항부터 제4항까지의 규정에서 정한 사항 외에 납부고지서의 서식, 그 밖에 부담금의 부과ㆍ징수에 필요한 사항은 특별시ㆍ광역시ㆍ특별자치시ㆍ도 또는 특별자치도(이하 “시ㆍ도”라 한다)의 조례로 정한다.",위임,조례,5,납부고지서 서식 등 부과·징수에 필요한 사항의 규율권한을 시·도 조례에 넘긴다.
P06985,"⑤ 제1항부터 제4항까지의 규정에서 정한 사항 외에 납부고지서의 서식, 그 밖에 부담금의 부과ㆍ징수에 필요한 사항은 특별시ㆍ광역시ㆍ특별자치시ㆍ도 또는 특별자치도(이하 “시ㆍ도”라 한다)의 조례로 정한다.",위임,조례,5,납부고지서 서식 등 부과·징수 필요사항의 규율권한을 시·도 조례에 넘긴다.
P06986,"⑤ 제1항부터 제4항까지의 규정에서 정한 사항 외에 납부고지서의 서식, 그 밖에 부담금의 부과ㆍ징수에 필요한 사항은 특별시ㆍ광역시ㆍ특별자치시ㆍ도 또는 특별자치도(이하 “시ㆍ도”라 한다)의 조례로 정한다.",위임,조례,5,납부고지서 서식 등 부과·징수에 필요한 사항의 규율권한을 시·도 조례에 넘긴다.
P06987,"⑤ 제1항부터 제4항까지의 규정에서 정한 사항 외에 납부고지서의 서식, 그 밖에 부담금의 부과ㆍ징수에 필요한 사항은 특별시ㆍ광역시ㆍ특별자치시ㆍ도 또는 특별자치도(이하 “시ㆍ도”라 한다)의 조례로 정한다.",위임,조례,5,납부고지서 서식 등 부과·징수에 필요한 사항의 규율권한을 시·도 조례에 넘긴다.
P06988,"⑤ 제1항부터 제4항까지의 규정에서 정한 사항 외에 납부고지서의 서식, 그 밖에 부담금의 부과ㆍ징수에 필요한 사항은 특별시ㆍ광역시ㆍ특별자치시ㆍ도 또는 특별자치도(이하 “시ㆍ도”라 한다)의 조례로 정한다.",위임,조례,5,납부고지서 서식 등 필요한 사항의 규율권한을 시·도 조례에 넘긴다.
P06989,"⑤ 제1항부터 제4항까지의 규정에서 정한 사항 외에 납부고지서의 서식, 그 밖에 부담금의 부과ㆍ징수에 필요한 사항은 특별시ㆍ광역시ㆍ특별자치시ㆍ도 또는 특별자치도(이하 “시ㆍ도”라 한다)의 조례로 정한다.",위임,조례,5,납부고지서 서식 등 부과·징수에 필요한 사항을 시·도 조례로 정하도록 규율권한을 넘긴다.
P06990,"⑤ 제1항부터 제4항까지의 규정에서 정한 사항 외에 납부고지서의 서식, 그 밖에 부담금의 부과ㆍ징수에 필요한 사항은 특별시ㆍ광역시ㆍ특별자치시ㆍ도 또는 특별자치도(이하 “시ㆍ도”라 한다)의 조례로 정한다.",위임,조례,5,납부고지서 서식 등 부과·징수에 필요한 사항의 규율권한을 시·도 조례에 넘긴다.
P06991,"⑤ 제1항부터 제4항까지의 규정에서 정한 사항 외에 납부고지서의 서식, 그 밖에 부담금의 부과ㆍ징수에 필요한 사항은 특별시ㆍ광역시ㆍ특별자치시ㆍ도 또는 특별자치도(이하 “시ㆍ도”라 한다)의 조례로 정한다.",위임,조례,5,납부고지서 서식 등 부과·징수에 필요한 사항의 규율권한을 시·도 조례에 넘긴다.
P06992,"⑤ 제1항부터 제4항까지의 규정에서 정한 사항 외에 납부고지서의 서식, 그 밖에 부담금의 부과ㆍ징수에 필요한 사항은 특별시ㆍ광역시ㆍ특별자치시ㆍ도 또는 특별자치도(이하 “시ㆍ도”라 한다)의 조례로 정한다.",위임,조례,5,납부고지서 서식 등 부과·징수에 필요한 사항의 규율권한을 시·도 조례에 넘긴다.
P06993,"⑤ 제1항부터 제4항까지의 규정에서 정한 사항 외에 납부고지서의 서식, 그 밖에 부담금의 부과ㆍ징수에 필요한 사항은 특별시ㆍ광역시ㆍ특별자치시ㆍ도 또는 특별자치도(이하 “시ㆍ도”라 한다)의 조례로 정한다.",위임,조례,5,납부고지서 서식 등 부과·징수에 필요한 사항의 규율권한을 시·도 조례에 넘긴다.
P06994,대통령령으로 정하는 바에 따라 주기적으로,위임,대통령령,3,문장이 일부 잘렸으나 '대통령령으로 정하는 바에 따라'라는 부분 위임 표지가 명시되어 있다.
P06995,"대통령령으로 정하는 바에 따라 학생에 대한 폭력, 성폭력 등",위임,대통령령,3,문장이 중간에 잘려 있으나 '대통령령으로 정하는 바에 따라'라는 위임 표지가 명확해 대통령령에 규율권한을 넘기는 위임으로 본다.
P06996,사항은 교육부령으로,판단불가,부령,2,문장이 중간에서 잘려 종결부가 없어 위임 여부를 확정할 수 없으나 표지어구로 교육부령이 나타난다.
P06997,필요한 사항은 교육부령으로,판단불가,부령,2,문장이 종결되지 않고 잘려 있어 위임 여부를 확정할 수 없으나 문언상 교육부령(부령)이 지정되어 있다.
P06998,필요한 사항은 교육부령으로,위임,부령,3,문장이 일부 절단되었으나 '필요한 사항은 교육부령으로'는 교육부령에 규율권한을 넘기는 위임 문형이다.
P06999,사항은 교육부령으로,판단불가,부령,3,문장이 '교육부령으로'에서 잘려 종결 서술어가 없어 위임 여부를 확정할 수 없으나 표지어구는 부령을 가리킨다.
P07000,교육부령으로 정하는,판단불가,부령,3,문장이 '교육부령으로 정하는'에서 잘려 규율 대상과 종결 형태를 확인할 수 없어 위임 여부를 확정할 수 없다.
P07001,사항은 교육부령으로,판단불가,부령,2,문장이 중간에서 잘려 서술어와 위임 대상이 확인되지 않아 규율권한 이전 여부를 판정할 수 없다.
P07002,사항은 교육부령으로,판단불가,부령,2,문장이 잘려 서술어가 없어 위임 종결 여부를 확정할 수 없으나 표지어구상 교육부령(부령)이 언급된다.
P07003,필요한 사항은 대통령령으로,위임,대통령령,3,문장이 잘려 있으나 '필요한 사항은 대통령령으로'라는 정형적 위임 문언으로 대통령령에 규율권한을 넘기는 취지가 인정된다.
P07004,대통령령으로 정한다,위임,대통령령,4,문장이 단편이나 '대통령령으로 정한다'는 종결형 위임 문언이 명시되어 있다.
P07005,안전조치에 관하여 필요한 사항은 대통령령으로,위임,대통령령,3,문장이 잘렸으나 '필요한 사항은 대통령령으로 (정한다)' 형태로 대통령령에 규율권한을 넘기는 위임이 명백하다.
P07006,사항은 대통령령으로,판단불가,대통령령,2,문장이 중간에서 잘려 종결부가 없어 위임 여부를 확정할 수 없으나 '대통령령' 어구만 확인된다.
P07007,사항은 교육부령으로,판단불가,부령,2,"문장이 중간에서 잘려 종결 형태를 확인할 수 없어 위임 여부를 확정할 수 없으나, 문언상 교육부령이 지정되어 있다."
P07008,대통령령으로 정하는 관련,판단불가,대통령령,2,문장이 '대통령령으로 정하는 관련'에서 잘려 규율권한 이전 여부를 확정할 수 없다.
P07009,"사항은 대통령령으로, 학교체육진흥지역위원회의",판단불가,대통령령,3,문장이 중간에서 잘려 종결부가 없어 위임 여부와 병기된 법형식을 확정할 수 없다.
P07010,"사항은 대통령령으로, 학교체육진흥지역위원회의",판단불가,대통령령,3,문장이 앞뒤가 잘려 있어 위임 종결 구조를 확정할 수 없으나 '대통령령으로'라는 표지만 확인된다.
P07011,"사항은 대통령령으로, 학교체육진흥지역위원회의",판단불가,대통령령,3,문장이 중간에서 잘려 종결부(정한다 등)와 후단의 법형식이 확인되지 않아 확정 판정이 어렵다.
P07012,"사항은 대통령령으로, 학교체육진흥지역위원회의",판단불가,대통령령,3,문장이 중간에서 잘려 주어와 서술어가 불완전해 위임 여부를 확정할 수 없으나 문언상 '대통령령'이 표기되어 있다.
P07013,"사항은 대통령령으로, 학교체육진흥지역위원회의",판단불가,대통령령,3,문장이 중간에서 잘려 있어 위임 구조를 확정할 수 없으나 '대통령령으로'라는 법형식 표지는 드러난다.
P07014,"④ 학교체육진흥중앙위원회의 구성 및 운영 등에 필요한 사항은 대통령령으로, 학교체육진흥지역위원회의 구성 및 운영 등에 필요한 사항은 해당 시·도의 조례로 정한다.",위임,대통령령|조례,5,"중앙위원회 사항은 대통령령, 지역위원회 사항은 시·도 조례에 각각 규율권한을 넘기는 병기 위임이다."
P07015,"④ 학교체육진흥중앙위원회의 구성 및 운영 등에 필요한 사항은 대통령령으로, 학교체육진흥지역위원회의 구성 및 운영 등에 필요한 사항은 해당 시·도의 조례로 정한다.",위임,대통령령|조례,5,"중앙위원회 사항은 대통령령, 지역위원회 사항은 시·도 조례에 각각 규율권한을 넘기는 병기 위임이다."
P07016,"④ 학교체육진흥중앙위원회의 구성 및 운영 등에 필요한 사항은 대통령령으로, 학교체육진흥지역위원회의 구성 및 운영 등에 필요한 사항은 해당 시·도의 조례로 정한다.",위임,대통령령|조례,5,"중앙위원회 사항은 대통령령, 지역위원회 사항은 시·도 조례에 각각 규율권한을 넘기는 병기 위임이다."
P07017,"④ 학교체육진흥중앙위원회의 구성 및 운영 등에 필요한 사항은 대통령령으로, 학교체육진흥지역위원회의 구성 및 운영 등에 필요한 사항은 해당 시·도의 조례로 정한다.",위임,대통령령|조례,5,"중앙위원회 사항은 대통령령, 지역위원회 사항은 시·도 조례에 각각 규율권한을 넘기는 위임이다."
P07018,"④ 학교체육진흥중앙위원회의 구성 및 운영 등에 필요한 사항은 대통령령으로, 학교체육진흥지역위원회의 구성 및 운영 등에 필요한 사항은 해당 시·도의 조례로 정한다.",위임,대통령령|조례,5,"중앙위원회 사항은 대통령령, 지역위원회 사항은 시·도 조례에 각각 규율권한을 넘기는 위임이다."
P07019,"④ 학교체육진흥중앙위원회의 구성 및 운영 등에 필요한 사항은 대통령령으로, 학교체육진흥지역위원회의 구성 및 운영 등에 필요한 사항은 해당 시·도의 조례로 정한다.",위임,대통령령|조례,5,"중앙위원회 사항은 대통령령, 지역위원회 사항은 시·도 조례에 각각 규율권한을 넘기는 위임이다."
P07020,"④ 학교체육진흥중앙위원회의 구성 및 운영 등에 필요한 사항은 대통령령으로, 학교체육진흥지역위원회의 구성 및 운영 등에 필요한 사항은 해당 시·도의 조례로 정한다.",위임,대통령령|조례,5,"중앙위원회 사항은 대통령령, 지역위원회 사항은 시·도 조례로 각각 규율권한을 넘기는 병기 위임이다."
P07021,"④ 학교체육진흥중앙위원회의 구성 및 운영 등에 필요한 사항은 대통령령으로, 학교체육진흥지역위원회의 구성 및 운영 등에 필요한 사항은 해당 시·도의 조례로 정한다.",위임,대통령령|조례,5,"중앙위원회 사항은 대통령령, 지역위원회 사항은 시·도 조례로 각각 규율권한을 넘기는 위임이다."
P07022,"④ 학교체육진흥중앙위원회의 구성 및 운영 등에 필요한 사항은 대통령령으로, 학교체육진흥지역위원회의 구성 및 운영 등에 필요한 사항은 해당 시·도의 조례로 정한다.",위임,대통령령|조례,5,"중앙위원회 사항은 대통령령, 지역위원회 사항은 시·도 조례에 각각 규율권한을 넘기는 병기 위임이다."
P07023,"④ 학교체육진흥중앙위원회의 구성 및 운영 등에 필요한 사항은 대통령령으로, 학교체육진흥지역위원회의 구성 및 운영 등에 필요한 사항은 해당 시·도의 조례로 정한다.",위임,대통령령|조례,5,"중앙위원회 사항은 대통령령, 지역위원회 사항은 시·도 조례에 각각 규율권한을 넘기는 위임이다."
P07024,"④ 학교체육진흥중앙위원회의 구성 및 운영 등에 필요한 사항은 대통령령으로, 학교체육진흥지역위원회의 구성 및 운영 등에 필요한 사항은 해당 시·도의 조례로 정한다.",위임,대통령령|조례,5,"중앙위원회 사항은 대통령령, 지역위원회 사항은 시·도 조례에 각각 규율권한을 넘기는 위임이다."
P07025,"④ 학교체육진흥중앙위원회의 구성 및 운영 등에 필요한 사항은 대통령령으로, 학교체육진흥지역위원회의 구성 및 운영 등에 필요한 사항은 해당 시·도의 조례로 정한다.",위임,대통령령|조례,5,"중앙위원회 사항은 대통령령, 지역위원회 사항은 시·도 조례로 정하도록 두 법형식에 규율권한을 병기하여 위임한다."
P07026,"④ 학교체육진흥중앙위원회의 구성 및 운영 등에 필요한 사항은 대통령령으로, 학교체육진흥지역위원회의 구성 및 운영 등에 필요한 사항은 해당 시·도의 조례로 정한다.",위임,대통령령|조례,5,"중앙위원회는 대통령령, 지역위원회는 시·도 조례에 각각 규율권한을 넘기는 위임이다."
P07027,"④ 학교체육진흥중앙위원회의 구성 및 운영 등에 필요한 사항은 대통령령으로, 학교체육진흥지역위원회의 구성 및 운영 등에 필요한 사항은 해당 시·도의 조례로 정한다.",위임,대통령령|조례,5,"중앙위원회 사항은 대통령령, 지역위원회 사항은 시·도 조례에 각각 규율권한을 넘기는 위임이다."
P07028,"④ 학교체육진흥중앙위원회의 구성 및 운영 등에 필요한 사항은 대통령령으로, 학교체육진흥지역위원회의 구성 및 운영 등에 필요한 사항은 해당 시·도의 조례로 정한다.",위임,대통령령|조례,5,"중앙위원회는 대통령령, 지역위원회는 시·도 조례에 각각 규율권한을 넘기는 병기 위임이다."
P07029,"④ 학교체육진흥중앙위원회의 구성 및 운영 등에 필요한 사항은 대통령령으로, 학교체육진흥지역위원회의 구성 및 운영 등에 필요한 사항은 해당 시·도의 조례로 정한다.",위임,대통령령|조례,5,"중앙위원회 사항은 대통령령, 지역위원회 사항은 시·도 조례로 각각 규율권한을 넘기는 병기 위임이다."
P07030,"④ 학교체육진흥중앙위원회의 구성 및 운영 등에 필요한 사항은 대통령령으로, 학교체육진흥지역위원회의 구성 및 운영 등에 필요한 사항은 해당 시·도의 조례로 정한다.",위임,대통령령|조례,5,"중앙위원회 사항은 대통령령, 지역위원회 사항은 시·도 조례에 각각 규율권한을 넘기는 병기 위임이다."
P07031,"④ 학교체육진흥중앙위원회의 구성 및 운영 등에 필요한 사항은 대통령령으로, 학교체육진흥지역위원회의 구성 및 운영 등에 필요한 사항은 해당 시·도의 조례로 정한다.",위임,대통령령|조례,5,"중앙위원회 사항은 대통령령, 지역위원회 사항은 시·도 조례에 각각 규율권한을 넘기는 병기 위임이다."
P07032,사항은 대통령령으로,판단불가,대통령령,2,문장이 '사항은 대통령령으로'에서 잘려 종결부가 없어 위임 여부를 확정할 수 없으나 명시된 법형식은 대통령령이다.
P07033,사항은 대통령령으로,판단불가,대통령령,3,문장이 중간에서 잘려 서술어가 없어 위임 종결 여부를 확정할 수 없다.
P07034,사항은 대통령령으로,판단불가,대통령령,3,문장이 중간에서 잘려 종결형과 위임 대상 사항이 확인되지 않으나 문언상 대통령령이 지정되어 있다.
P07035,사항은 대통령령으로,판단불가,미특정,4,문장이 절단되어 주체·대상과 종결형이 없어 위임 여부를 확정할 수 없다.
P07036,사항은 대통령령으로,판단불가,대통령령,2,문장이 중간에서 잘려 종결부가 없어 위임 여부를 확정할 수 없으나 문언상 대통령령이 지시되어 있다.
P07037,대통령령으로 정하는 바에 따라 교육감에게,위임,대통령령,3,문장이 불완전하나 '대통령령으로 정하는 바에 따라'라는 권한 위임 문언으로 대통령령에 규율권한을 넘긴다.
P07038,대통령령으로 정하는,위임,대통령령,3,문장이 조각이지만 '대통령령으로 정하는'이라는 부분 위임 문언이 명시되어 대통령령에 규율권한을 넘기는 것으로 판정한다.
P07039,대통령령으로 정하는,판단불가,대통령령,3,문장이 '대통령령으로 정하는'에서 잘려 어떤 사항을 맡기는지 확인할 수 없어 위임 여부를 확정할 수 없다.
P07040,대통령령으로 정한다,위임,대통령령,4,'대통령령으로 정한다'는 종결형으로 대통령령에 규율권한을 넘기는 위임이다.
P07041,사항은 대통령령으로,판단불가,대통령령,2,문장이 중간에서 잘려 종결 형태와 위임 범위를 확인할 수 없으나 표지어구로 대통령령이 언급된다.
P07042,사항은 대통령령으로,판단불가,대통령령,4,문장이 중간에서 잘려 종결부가 없어 위임 여부를 확정할 수 없다.
P07043,필요한 사항은 대통령령으로,위임,대통령령,3,문말이 잘렸으나 '필요한 사항은 대통령령으로'라는 표현상 대통령령에 규율권한을 넘기는 위임으로 판단된다.
P07044,필요한 사항은 대통령령으로,판단불가,대통령령,3,문장이 종결부 없이 잘려 있어 위임 여부를 확정할 수 없으나 '대통령령'이라는 법형식은 명시되어 있다.
P07045,필요한 사항은 대통령령으로,위임,대통령령,3,문장이 종결부에서 잘렸으나 '필요한 사항은 대통령령으로'라는 문언상 대통령령에 규율권한을 넘기는 위임으로 판단된다.
P07046,사항은 대통령령으로,판단불가,대통령령,2,문장이 중간에 잘려 종결부가 없어 위임 여부를 확정할 수 없으나 표지어구는 대통령령이다.
P07047,사항은 대통령령으로,판단불가,미특정,4,문장이 중간에서 잘려 있어 위임 여부와 대상을 확정할 수 없다.
P07048,대통령령으로 정하는,판단불가,대통령령,3,문장이 '대통령령으로 정하는'에서 잘려 있어 규율 대상과 종결 형태를 확인할 수 없다.
P07049,대통령령으로 정한다,위임,대통령령,4,문말 종결형 '대통령령으로 정한다'로 규율권한을 대통령령에 넘기는 위임이다.
P07050,필요한 사항은 대통령령으로,위임,대통령령,4,문장이 다소 잘렸으나 '필요한 사항은 대통령령으로'는 대통령령에 규율권한을 넘기는 위임 문형이다.
P07051,대통령령,판단불가,미특정,4,문장이 '대통령령'이라는 단어만으로 잘려 있어 위임 여부를 판정할 수 없다.
P07052,대통령령,판단불가,미특정,4,문장이 '대통령령'이라는 단어만으로 잘려 있어 위임 여부를 판정할 수 없다.
P07053,대통령령,판단불가,미특정,4,문장이 '대통령령'이라는 단어만으로 잘려 있어 위임 여부를 판정할 수 없다.
P07054,대통령령으로 정하는,위임,대통령령,3,문장이 단편이지만 '대통령령으로 정하는' 형태의 부분 위임 표지가 명확하다.
P07055,필요한 사항은 대통령령으로,판단불가,대통령령,3,문장이 '대통령령으로'에서 끊겨 서술어가 없어 위임 종결 여부를 확정할 수 없다.
P07056,구성에 있어 대통령령으로,판단불가,대통령령,2,문장이 중간에서 잘려 규율권한 이전 여부를 확정할 수 없으나 문언상 대통령령이 언급된다.
P07057,그 밖에 대통령령으로,판단불가,대통령령,2,문장이 중간에 잘려 위임 여부를 확정할 수 없으나 문언상 대통령령이 언급되어 있다.
P07058,대통령령으로 정한다,위임,대통령령,5,문말 종결형 '대통령령으로 정한다'로 대통령령에 규율권한을 넘긴다.
P07059,필요한 사항은 대통령령으로,판단불가,대통령령,3,문말 서술어가 절단되어 규율권한 위임 여부를 확정할 수 없으나 '대통령령'이라는 법형식은 명시되어 있다.
P07060,필요한 사항은 대통령령으로,판단불가,대통령령,3,문장이 종결부 없이 잘려 '정한다'인지 '정하는 바에 따라'인지 확정할 수 없어 위임 여부를 단정하기 어렵다.
P07061,필요한 사항은 대통령령으로,판단불가,대통령령,2,문장이 종결되지 않고 잘려 있어 위임 여부를 확정할 수 없으나 표지어구는 대통령령이다.
P07062,학교에 대통령령으로,판단불가,대통령령,2,"문장이 중간에 잘려 있어 위임 여부를 확정할 수 없고, 표지어구로만 대통령령이 드러난다."
P07063,필요한 사항은 대통령령으로,위임,대통령령,3,문장이 잘려 있으나 '필요한 사항은 대통령령으로' 형태로 대통령령에 규율권한을 넘기는 위임 문언이 명확하다.
P07064,사항은 대통령령으로,판단불가,대통령령,2,문장이 중간에서 잘려 종결부가 없어 위임 여부를 확정할 수 없으나 표지어구로 대통령령이 언급된다.
P07065,대통령령으로 정하는 특별한,판단불가,대통령령,3,문장이 '대통령령으로 정하는 특별한'에서 잘려 규율 대상과 종결 형태를 확인할 수 없어 위임 여부를 확정할 수 없다.
P07066,사항은 대통령령으로,판단불가,해당없음,4,문장이 중간에서 잘려 종결부와 대상 사항을 확인할 수 없어 위임 여부를 판정할 수 없다.
P07067,사항은 대통령령으로,판단불가,대통령령,2,문장이 잘려 서술어와 위임 대상이 확인되지 않아 판정할 수 없으며 표지어구로 대통령령만 드러난다.
P07068,대통령령으로 정하는,판단불가,대통령령,2,"문장이 '대통령령으로 정하는'에서 잘려 규율 대상과 종결형을 확인할 수 없어 위임 여부를 확정할 수 없으나, 문언상 지정된 법형식은 대통령령이다."
P07069,사항은 대통령령으로,판단불가,대통령령,3,문장이 '사항은 대통령령으로'에서 잘려 종결부가 없어 위임 여부를 확정할 수 없으나 표지어구는 대통령령이다.
P07070,불구하고 대통령령으로 정하는,판단불가,대통령령,3,문장이 중간에서 잘려 있어 위임 종결 여부를 확인할 수 없으나 문언상 '대통령령'이 지정되어 있다.
P07071,대통령령으로 정하는,위임,대통령령,3,문장이 단편적이지만 '대통령령으로 정하는' 형태로 요건 일부를 대통령령에 맡기는 부분 위임 표지가 명확하다.
P07072,필요한 사항은 대통령령으로,판단불가,대통령령,3,문장이 종결부 없이 잘려 있어 위임 문언인지 확정할 수 없으나 '대통령령'이 표시되어 있다.
P07073,필요한 사항은 대통령령으로,판단불가,해당없음,3,문장이 '대통령령으로'에서 잘려 종결형(위임)인지 완료형 수식(인용)인지 확정할 수 없다.
P07074,필요한 사항은 대통령령으로,위임,대통령령,3,문장이 절단되었으나 '필요한 사항은 대통령령으로(정한다)'는 대통령령에 규율권한을 넘기는 위임 문언으로 읽힌다.
P07075,기준은 대통령령으로,판단불가,해당없음,3,문장이 서술어 없이 잘려 있어 위임 종결인지 인용인지 확정할 수 없다.
P07076,대법원규칙으로 정한다,위임,해당없음,3,"'대법원규칙으로 정한다'는 종결형 위임이며, 지정 법형식이 목록에 없는 대법원규칙이므로 문언대로 표기했다."
P07077,대통령령으로 정하는,판단불가,대통령령,3,문장이 '대통령령으로 정하는'에서 잘려 있어 규율권한 이전 여부를 확정할 수 없으나 표지어구상 대통령령이 명시되어 있다.
P07078,필요한 사항은 대통령령으로,위임,대통령령,3,문장이 잘려 있으나 '필요한 사항은 대통령령으로'는 대통령령에 규율권한을 넘기는 위임 문형으로 판단된다.
P07079,사항은 대통령령으로,판단불가,미특정,2,문장이 '사항은 대통령령으로'에서 잘려 있어 위임 종결 여부를 확정할 수 없다.
P07080,필요한 사항은 대통령령으로,판단불가,대통령령,3,문말이 잘려 종결 형태를 확인할 수 없어 위임 여부를 확정할 수 없으나 표지어구는 대통령령이다.
P07081,대통령령으로 정하는 절차를,위임,대통령령,3,문장이 절단되어 있으나 '대통령령으로 정하는 절차'라는 부분 위임 표지가 명확하다.
P07082,필요한 사항은 대통령령으로,판단불가,대통령령,2,문장이 종결되지 않고 잘려 있어 위임 여부를 확정할 수 없으나 표지어구상 대통령령이 언급된다.
P07083,범위는 대통령령으로,판단불가,대통령령,3,문장이 중간에서 잘려 종결부가 없어 위임 여부를 확정할 수 없으나 '대통령령' 표지만 확인된다.
P07084,과태료는 대통령령으로 정하는,판단불가,대통령령,3,문장이 '대통령령으로 정하는'에서 잘려 종결부가 없어 위임인지 확정할 수 없다.
P07085,학교폭력 예방센터 지정 기준의 세부 내용은 교육부장관이 정하여 고시한다.,위임,고시,5,세부 내용을 교육부장관 고시로 정하도록 규율권한을 넘긴다.
P07086,학교폭력 예방센터의 지정 기간·절차 및 운영 등에 필요한 사항은 교육부장관이 정하여 고시한다.,위임,고시,5,필요한 사항의 규율권한을 교육부장관의 고시에 넘기는 위임이다.
P07087,그 세부적인 기준은 교육부장관이 정하여 고시한다.,위임,고시,5,세부 기준을 교육부장관 고시에 넘기는 위임이다.
P07088,대통령령으로 정하는,판단불가,대통령령,3,문장이 '대통령령으로 정하는'에서 잘려 무엇을 위임하는지 확인할 수 없어 판정이 불가하나 표지어구는 대통령령이다.
P07089,대통령령으로 정한다,위임,대통령령,5,'대통령령으로 정한다'는 종결형으로 대통령령에 규율권한을 넘기는 위임이다.
P07090,대통령령으로 정한다,위임,대통령령,4,문말 종결형 '대통령령으로 정한다'로 대통령령에 규율권한을 넘긴다.
P07091,대통령령으로 정한다,위임,대통령령,5,문말 종결형 '대통령령으로 정한다'로 대통령령에 규율권한을 넘기는 위임이다.
P07092,대통령령으로 정한다,위임,대통령령,4,문장이 짧게 잘렸으나 '대통령령으로 정한다'는 종결형으로 대통령령에 규율권한을 넘기는 위임이다.
P07093,대통령령으로 정하는,판단불가,대통령령,2,문장이 '대통령령으로 정하는'에서 잘려 있어 위임 대상과 종결 구조를 확인할 수 없다.
P07094,대통령령으로 정한다,위임,대통령령,4,문장이 다소 잘려 있으나 '대통령령으로 정한다'는 문말 종결형 위임 문언이다.
P07095,대통령령으로 정하는,판단불가,대통령령,2,문장이 '대통령령으로 정하는'에서 잘려 있어 무엇을 위임하는지 확인할 수 없다.
P07096,⑥ 그 밖에 시ㆍ도지원센터 또는 지역지원센터의 지정 및 지정 취소의 기준ㆍ절차 등에 필요한 사항은 대통령령으로 정하는 기준에 따라 해당 시ㆍ도의 조례로 정한다.,위임,대통령령|조례,5,대통령령이 정하는 기준에 따라 시·도 조례로 정하도록 두 법형식에 규율권한을 넘긴다.
P07097,⑥ 그 밖에 시ㆍ도지원센터 또는 지역지원센터의 지정 및 지정 취소의 기준ㆍ절차 등에 필요한 사항은 대통령령으로 정하는 기준에 따라 해당 시ㆍ도의 조례로 정한다.,위임,대통령령|조례,5,대통령령이 정하는 기준에 따라 조례로 정하도록 두 법형식이 병기된 위임이다.
P07098,⑥ 그 밖에 시ㆍ도지원센터 또는 지역지원센터의 지정 및 지정 취소의 기준ㆍ절차 등에 필요한 사항은 대통령령으로 정하는 기준에 따라 해당 시ㆍ도의 조례로 정한다.,위임,대통령령|조례,5,대통령령이 정하는 기준에 따라 조례로 정하도록 두 법형식에 규율권한을 병기하여 위임한다.
P07099,⑥ 그 밖에 시ㆍ도지원센터 또는 지역지원센터의 지정 및 지정 취소의 기준ㆍ절차 등에 필요한 사항은 대통령령으로 정하는 기준에 따라 해당 시ㆍ도의 조례로 정한다.,위임,대통령령|조례,5,대통령령이 정하는 기준에 따라 조례로 정하도록 하여 두 법형식에 규율권한을 병기 위임한다.
P07100,⑥ 그 밖에 시ㆍ도지원센터 또는 지역지원센터의 지정 및 지정 취소의 기준ㆍ절차 등에 필요한 사항은 대통령령으로 정하는 기준에 따라 해당 시ㆍ도의 조례로 정한다.,위임,대통령령|조례,5,대통령령이 정하는 기준에 따라 조례로 정하도록 두 법형식을 병기한 위임이다.
P07101,⑥ 그 밖에 시ㆍ도지원센터 또는 지역지원센터의 지정 및 지정 취소의 기준ㆍ절차 등에 필요한 사항은 대통령령으로 정하는 기준에 따라 해당 시ㆍ도의 조례로 정한다.,위임,대통령령|조례,5,대통령령이 정하는 기준에 따라 조례로 정하도록 두 법형식에 규율권한을 병기 위임한다.
P07102,⑥ 그 밖에 시ㆍ도지원센터 또는 지역지원센터의 지정 및 지정 취소의 기준ㆍ절차 등에 필요한 사항은 대통령령으로 정하는 기준에 따라 해당 시ㆍ도의 조례로 정한다.,위임,대통령령|조례,5,대통령령이 정하는 기준에 따라 조례로 정하도록 두 법형식에 규율권한을 병기 위임한다.
P07103,⑥ 그 밖에 시ㆍ도지원센터 또는 지역지원센터의 지정 및 지정 취소의 기준ㆍ절차 등에 필요한 사항은 대통령령으로 정하는 기준에 따라 해당 시ㆍ도의 조례로 정한다.,위임,대통령령|조례,5,대통령령이 정하는 기준에 따라 시·도 조례로 정하도록 두 법형식을 병기해 위임한다.
P07104,대통령령으로 정한다,위임,대통령령,5,문말 종결형으로 대통령령에 규율권한을 넘기는 위임 문장이다.
P07105,대통령령으로 정하는,위임,대통령령,3,문장이 단편이나 '대통령령으로 정하는'은 요건의 일부를 대통령령에 맡기는 부분 위임 어구이다.
P07106,대통령령으로 정하는,판단불가,대통령령,3,문장이 '대통령령으로 정하는'에서 절단되어 있어 위임 종결 여부를 확정할 수 없다.
P07107,대통령령으로 정한다,위임,대통령령,4,문장이 단편적이나 '대통령령으로 정한다'는 종결형으로 대통령령에 규율권한을 넘기는 위임이다.
P07108,대통령령으로 정하는,판단불가,대통령령,2,문장이 '대통령령으로 정하는'에서 잘려 있어 무엇을 위임하는지 확인할 수 없으나 표지어구는 대통령령이다.
P07109,대통령령으로 정하는,위임,대통령령,3,문장이 절단된 조각이나 '대통령령으로 정하는'이라는 부분 위임 표지가 명확하다.
P07110,대통령령으로 정한다,위임,대통령령,4,문장이 단편이지만 '대통령령으로 정한다'는 종결형 위임 문언이 명확하다.
P07111,대통령령으로 정한다,위임,대통령령,4,'대통령령으로 정한다'는 종결형으로 대통령령에 규율권한을 넘기는 위임이다.
P07112,③ 제1항에 따른 협력체계의 구성ㆍ운영에 필요한 사항은 해당 시ㆍ도의 조례로 정한다.,위임,조례,5,협력체계 구성·운영에 필요한 사항을 시·도 조례에 규율권한을 넘기는 위임이다.
P07113,③ 제1항에 따른 협력체계의 구성ㆍ운영에 필요한 사항은 해당 시ㆍ도의 조례로 정한다.,위임,조례,5,협력체계 구성·운영 사항의 규율권한을 시·도 조례에 넘기는 위임이다.
P07114,③ 제1항에 따른 협력체계의 구성ㆍ운영에 필요한 사항은 해당 시ㆍ도의 조례로 정한다.,위임,조례,5,협력체계 구성·운영에 필요한 사항의 규율권한을 시·도 조례에 넘긴다.
P07115,③ 제1항에 따른 협력체계의 구성ㆍ운영에 필요한 사항은 해당 시ㆍ도의 조례로 정한다.,위임,조례,5,협력체계 구성·운영 사항을 시·도 조례에 규율권한으로 넘긴다.
P07116,③ 제1항에 따른 협력체계의 구성ㆍ운영에 필요한 사항은 해당 시ㆍ도의 조례로 정한다.,위임,조례,5,협력체계의 구성·운영에 필요한 사항을 시·도 조례에 규율권한으로 넘긴다.
P07117,③ 제1항에 따른 협력체계의 구성ㆍ운영에 필요한 사항은 해당 시ㆍ도의 조례로 정한다.,위임,조례,5,협력체계의 구성·운영에 필요한 사항의 규율권한을 시·도 조례에 넘긴다.
P07118,③ 제1항에 따른 협력체계의 구성ㆍ운영에 필요한 사항은 해당 시ㆍ도의 조례로 정한다.,위임,조례,5,협력체계 구성·운영 사항을 시·도 조례에 규율권한으로 넘긴다.
P07119,③ 제1항에 따른 협력체계의 구성ㆍ운영에 필요한 사항은 해당 시ㆍ도의 조례로 정한다.,위임,조례,5,협력체계의 구성·운영 사항을 시·도 조례에 위임한다.
P07120,③ 제1항에 따른 협력체계의 구성ㆍ운영에 필요한 사항은 해당 시ㆍ도의 조례로 정한다.,위임,조례,5,협력체계 구성·운영 사항을 시·도 조례로 정하도록 규율권한을 넘긴다.
P07121,③ 제1항에 따른 협력체계의 구성ㆍ운영에 필요한 사항은 해당 시ㆍ도의 조례로 정한다.,위임,조례,5,협력체계의 구성·운영에 필요한 사항을 시·도 조례에 위임한다.
P07122,③ 제1항에 따른 협력체계의 구성ㆍ운영에 필요한 사항은 해당 시ㆍ도의 조례로 정한다.,위임,조례,5,협력체계 구성·운영 사항의 규율권한을 시·도 조례에 넘기는 위임이다.
P07123,③ 제1항에 따른 협력체계의 구성ㆍ운영에 필요한 사항은 해당 시ㆍ도의 조례로 정한다.,위임,조례,5,협력체계 구성·운영 사항을 시·도 조례로 정하도록 규율권한을 넘긴다.
P07124,③ 제1항에 따른 협력체계의 구성ㆍ운영에 필요한 사항은 해당 시ㆍ도의 조례로 정한다.,위임,조례,5,협력체계 구성·운영 사항을 시·도 조례로 정하도록 규율권한을 넘긴다.
P07125,③ 제1항에 따른 협력체계의 구성ㆍ운영에 필요한 사항은 해당 시ㆍ도의 조례로 정한다.,위임,조례,5,협력체계 구성·운영에 필요한 사항을 시·도 조례에 위임한다.
P07126,③ 제1항에 따른 협력체계의 구성ㆍ운영에 필요한 사항은 해당 시ㆍ도의 조례로 정한다.,위임,조례,5,협력체계 구성·운영 사항을 시·도 조례로 정하도록 규율권한을 넘긴다.
P07127,③ 제1항에 따른 협력체계의 구성ㆍ운영에 필요한 사항은 해당 시ㆍ도의 조례로 정한다.,위임,조례,5,협력체계 구성·운영 사항을 시·도 조례에 위임한다.
P07128,③ 제1항에 따른 협력체계의 구성ㆍ운영에 필요한 사항은 해당 시ㆍ도의 조례로 정한다.,위임,조례,5,협력체계 구성·운영 사항을 시·도 조례에 위임하는 종결형 문장이다.
P07129,대통령령으로 정하는,판단불가,대통령령,3,문장이 '대통령령으로 정하는'에서 잘려 무엇을 위임하는지 확인할 수 없으나 표지어구는 대통령령이다.
P07130,대통령령으로 정하는,판단불가,해당없음,3,문장이 '대통령령으로 정하는'에서 잘려 수식 대상과 규율 내용을 확인할 수 없어 위임 여부를 판정할 수 없다.
P07131,대통령령으로 정한다,위임,대통령령,4,문장이 축약되었으나 '대통령령으로 정한다'는 종결형 위임 문언이다.
P07132,대통령령으로 정한다,위임,대통령령,4,문말 '대통령령으로 정한다'는 대통령령에 규율권한을 넘기는 위임이다.
P07133,대통령령으로 정하는,판단불가,대통령령,3,문장이 '대통령령으로 정하는'에서 잘려 있어 규율권한 위임인지 기존 규범 인용인지 확정할 수 없다.
P07134,대통령령으로 정하는,판단불가,대통령령,3,문장이 '대통령령으로 정하는'에서 잘려 있어 위임인지 인용인지 확정할 수 없으나 명시된 법형식은 대통령령이다.
P07135,대통령령으로 정한다,위임,대통령령,4,'대통령령으로 정한다'는 종결형 위임 문언으로 대통령령에 규율권한을 넘긴다.
P07136,⑦ 제1항부터 제6항까지에서 규정한 사항 외에 시ㆍ도위원회의 운영에 필요한 사항은 시ㆍ도의 조례로 정한다.,위임,조례,5,시·도위원회 운영에 필요한 사항을 조례로 정하도록 규율권한을 넘긴다.
P07137,⑦ 제1항부터 제6항까지에서 규정한 사항 외에 시ㆍ도위원회의 운영에 필요한 사항은 시ㆍ도의 조례로 정한다.,위임,조례,5,시·도위원회 운영에 필요한 사항을 시·도 조례로 정하도록 규율권한을 넘긴다.
P07138,⑦ 제1항부터 제6항까지에서 규정한 사항 외에 시ㆍ도위원회의 운영에 필요한 사항은 시ㆍ도의 조례로 정한다.,위임,조례,5,시·도위원회 운영에 필요한 사항의 규율권한을 시·도 조례에 넘기는 위임 규정이다.
P07139,대통령령으로 정하는 기준에,판단불가,해당없음,3,문장이 중간에서 잘려 있어 대통령령에 실제 규율권한을 넘기는지 확정할 수 없다.
P07140,사항은 대통령령으로,판단불가,대통령령,3,문장이 중간에서 잘려 종결부가 없어 위임 여부를 확정할 수 없으나 문언상 대통령령이 언급되어 있다.
P07141,사항은 대통령령으로,판단불가,대통령령,3,문장이 '사항은 대통령령으로'에서 잘려 종결 문언이 없어 위임인지 확정할 수 없으나 명시된 법형식은 대통령령이다.
P07142,사항은 대통령령으로,판단불가,대통령령,2,문장이 '사항은 대통령령으로'에서 잘려 종결 형태를 확인할 수 없어 위임 여부를 판정할 수 없으나 표지어구는 대통령령이다.
P07143,사항은 대통령령으로,판단불가,대통령령,3,문장이 중간에서 잘려 종결부가 없어 위임 여부를 확정할 수 없으나 표지어구로 대통령령이 언급된다.
P07144,사항은 대통령령으로,판단불가,대통령령,3,문장이 중간에서 잘려 종결부가 없어 위임 여부를 확정할 수 없으나 문언상 대통령령이 지정되어 있다.
P07145,사항은 대통령령으로,판단불가,대통령령,3,문장이 '사항은 대통령령으로'에서 잘려 종결부(정한다/정하는 바에 따라)를 확인할 수 없어 위임 여부를 확정할 수 없다.
P07146,사항은 대통령령으로,판단불가,대통령령,3,문장이 중간에서 잘려 종결 형태와 위임 여부를 확정할 수 없으나 '대통령령으로'라는 법형식 표지만 확인된다.
P07147,사항은 대통령령으로,판단불가,대통령령,2,문장이 중간에서 잘려 있어 위임 종결 여부를 확정할 수 없으나 표지어구는 대통령령이다.
P07148,사항은 대통령령으로,판단불가,미특정,3,문장이 중간에서 잘려 서술어가 없어 위임 여부를 확정할 수 없다.
P07149,필요한 사항은 대통령령으로,판단불가,대통령령,3,문장이 종결부 없이 잘려 있어 위임 여부를 확정할 수 없으나 표지어구로 대통령령이 명시되어 있다.
P07150,필요한 사항은 대통령령으로,판단불가,대통령령,3,문장이 종결부 없이 잘려 있어 위임 종결형인지 확정할 수 없으나 법형식은 대통령령으로 명시되어 있다.
P07151,사항은 교육부령으로,판단불가,부령,3,문장이 중간에서 잘려 서술어가 없어 위임인지 인용인지 확정할 수 없으나 문언상 교육부령이 표시되어 있다.
P07152,사항은 대통령령으로,판단불가,해당없음,4,문장이 중간에서 잘려 종결 형태를 확인할 수 없어 위임 여부를 판정할 수 없다.
P07153,대통령령으로 정하는,위임,대통령령,3,문장이 조각이지만 '대통령령으로 정하는' 어구는 요건 일부를 대통령령에 맡기는 부분 위임에 해당한다.
P07154,사항은 대통령령으로,판단불가,미특정,3,문장이 '사항은 대통령령으로'에서 잘려 서술어가 없어 위임 종결인지 인용인지 확정할 수 없다.
P07155,사항은 대통령령으로,판단불가,대통령령,3,문장이 중간에서 잘려 서술어가 없어 위임 종결인지 확정할 수 없으나 문언상 대통령령을 지정하고 있다.
P07156,사항은 대통령령으로,판단불가,대통령령,2,문장이 '사항은 대통령령으로'에서 잘려 종결부(정한다/정한 등)를 확인할 수 없어 위임 여부를 확정할 수 없다.
P07157,사항은 대통령령으로,판단불가,대통령령,2,문장이 중간에서 잘려 있어 위임 종결 여부를 확정할 수 없으나 표지어구로 대통령령이 나타난다.
P07158,사항은 대통령령으로,판단불가,대통령령,3,문장이 중간에서 잘려 종결부가 없어 위임 여부를 확정할 수 없으나 표지어구는 대통령령이다.
P07159,대통령령으로 정하는,판단불가,대통령령,2,문장이 '대통령령으로 정하는'에서 잘려 무엇을 위임하는지 확인할 수 없으나 법형식으로는 대통령령이 표시되어 있다.
P07160,회복한 경우로서 대통령령으로,판단불가,대통령령,3,문장이 중간에서 잘려 종결부가 없어 위임 여부를 확정할 수 없으나 문언상 '대통령령'이 명시되어 있다.
P07161,인정되는 경우로서 대통령령으로,판단불가,대통령령,2,문장이 중간에서 잘려 종결 문언이 없어 위임 여부를 확정할 수 없으나 표지어구는 대통령령이다.
P07162,아니하면 대통령령으로,판단불가,해당없음,4,문장이 중간에서 잘려 있어 위임 여부와 규율 대상을 확정할 수 없다.
P07163,대통령령으로 정한다,위임,대통령령,4,제재부가금 부과·징수에 관한 사항을 대통령령에 넘기는 종결형 위임 문언이다.
P07164,대통령령으로 정한다,위임,대통령령,4,문말 종결형 '대통령령으로 정한다'로 대통령령에 규율권한을 넘기는 위임이다.
P07165,이내에 대통령령으로,판단불가,해당없음,4,문장이 조각으로 잘려 있어 위임인지 인용인지 맥락 없이 판정할 수 없다.
P07166,대통령령으로 정하는,판단불가,대통령령,3,문장이 '대통령령으로 정하는'에서 잘려 수식 대상과 종결 형태를 알 수 없어 위임 여부를 확정할 수 없다.
P07167,대통령령으로 정하는,판단불가,대통령령,2,문장이 '대통령령으로 정하는'에서 잘려 있어 규율권한 이전 여부를 확정할 수 없으나 표지어구는 대통령령이다.
P07168,분류는 대통령령으로,판단불가,해당없음,3,문장이 중간에 잘려 서술어가 없어 위임인지 인용인지 확정할 수 없다.
P07169,"③ 학원설립·운영자 및 교습자는 특별시·광역시·특별자치시·도 및 특별자치도(이하 ""시·도""라 한다)의 조례로 정하는 바에 따라 학원·교습소의 운영과 관련하여 학원·교습소의 수강생에게 발생한 생명·신체상의 손해를 배상할 것을 내용으로 하는 보험이나 공제사업에 가입하는 등 필요한 안전조치를 취하여야 한다",위임,조례,5,안전조치의 구체적 내용을 시·도 조례로 정하도록 규율권한을 넘긴 부분 위임이다.
P07170,"③ 학원설립·운영자 및 교습자는 특별시·광역시·특별자치시·도 및 특별자치도(이하 ""시·도""라 한다)의 조례로 정하는 바에 따라 학원·교습소의 운영과 관련하여 학원·교습소의 수강생에게 발생한 생명·신체상의 손해를 배상할 것을 내용으로 하는 보험이나 공제사업에 가입하는 등 필요한 안전조치를 취하여야 한다",위임,조례,5,안전조치의 구체적 내용을 시·도 조례로 정하도록 규율권한을 넘긴다.
P07171,"③ 학원설립·운영자 및 교습자는 특별시·광역시·특별자치시·도 및 특별자치도(이하 ""시·도""라 한다)의 조례로 정하는 바에 따라 학원·교습소의 운영과 관련하여 학원·교습소의 수강생에게 발생한 생명·신체상의 손해를 배상할 것을 내용으로 하는 보험이나 공제사업에 가입하는 등 필요한 안전조치를 취하여야 한다",위임,조례,5,안전조치의 구체적 내용을 시·도 조례로 정하도록 규율권한을 넘기는 부분 위임이다.
P07172,"③ 학원설립·운영자 및 교습자는 특별시·광역시·특별자치시·도 및 특별자치도(이하 ""시·도""라 한다)의 조례로 정하는 바에 따라 학원·교습소의 운영과 관련하여 학원·교습소의 수강생에게 발생한 생명·신체상의 손해를 배상할 것을 내용으로 하는 보험이나 공제사업에 가입하는 등 필요한 안전조치를 취하여야 한다",위임,조례,5,안전조치의 구체적 내용과 방법을 시·도 조례로 정하도록 규율권한을 넘긴다.
P07173,"③ 학원설립·운영자 및 교습자는 특별시·광역시·특별자치시·도 및 특별자치도(이하 ""시·도""라 한다)의 조례로 정하는 바에 따라 학원·교습소의 운영과 관련하여 학원·교습소의 수강생에게 발생한 생명·신체상의 손해를 배상할 것을 내용으로 하는 보험이나 공제사업에 가입하는 등 필요한 안전조치를 취하여야 한다",위임,조례,5,안전조치의 구체적 내용을 시·도 조례로 정하도록 규율권한을 넘긴다.
P07174,"③ 학원설립·운영자 및 교습자는 특별시·광역시·특별자치시·도 및 특별자치도(이하 ""시·도""라 한다)의 조례로 정하는 바에 따라 학원·교습소의 운영과 관련하여 학원·교습소의 수강생에게 발생한 생명·신체상의 손해를 배상할 것을 내용으로 하는 보험이나 공제사업에 가입하는 등 필요한 안전조치를 취하여야 한다",위임,조례,5,안전조치·보험 가입 등 구체적 사항을 시·도 조례로 정하도록 규율권한을 넘긴다.
P07175,"③ 학원설립·운영자 및 교습자는 특별시·광역시·특별자치시·도 및 특별자치도(이하 ""시·도""라 한다)의 조례로 정하는 바에 따라 학원·교습소의 운영과 관련하여 학원·교습소의 수강생에게 발생한 생명·신체상의 손해를 배상할 것을 내용으로 하는 보험이나 공제사업에 가입하는 등 필요한 안전조치를 취하여야 한다",위임,조례,5,안전조치의 구체적 내용과 방법을 시·도 조례로 정하도록 규율권한을 넘긴다.
P07176,"③ 학원설립·운영자 및 교습자는 특별시·광역시·특별자치시·도 및 특별자치도(이하 ""시·도""라 한다)의 조례로 정하는 바에 따라 학원·교습소의 운영과 관련하여 학원·교습소의 수강생에게 발생한 생명·신체상의 손해를 배상할 것을 내용으로 하는 보험이나 공제사업에 가입하는 등 필요한 안전조치를 취하여야 한다",위임,조례,5,안전조치의 구체적 내용을 시·도 조례로 정하도록 규율권한을 넘긴다.
P07177,"③ 학원설립·운영자 및 교습자는 특별시·광역시·특별자치시·도 및 특별자치도(이하 ""시·도""라 한다)의 조례로 정하는 바에 따라 학원·교습소의 운영과 관련하여 학원·교습소의 수강생에게 발생한 생명·신체상의 손해를 배상할 것을 내용으로 하는 보험이나 공제사업에 가입하는 등 필요한 안전조치를 취하여야 한다",위임,조례,5,안전조치의 구체적 내용을 시·도 조례로 정하도록 규율권한을 넘긴다.
P07178,"③ 학원설립·운영자 및 교습자는 특별시·광역시·특별자치시·도 및 특별자치도(이하 ""시·도""라 한다)의 조례로 정하는 바에 따라 학원·교습소의 운영과 관련하여 학원·교습소의 수강생에게 발생한 생명·신체상의 손해를 배상할 것을 내용으로 하는 보험이나 공제사업에 가입하는 등 필요한 안전조치를 취하여야 한다",위임,조례,5,안전조치·보험 가입의 구체적 사항을 시·도 조례로 정하도록 규율권한을 넘긴다.
P07179,"③ 학원설립·운영자 및 교습자는 특별시·광역시·특별자치시·도 및 특별자치도(이하 ""시·도""라 한다)의 조례로 정하는 바에 따라 학원·교습소의 운영과 관련하여 학원·교습소의 수강생에게 발생한 생명·신체상의 손해를 배상할 것을 내용으로 하는 보험이나 공제사업에 가입하는 등 필요한 안전조치를 취하여야 한다",위임,조례,5,안전조치·보험 가입의 구체적 사항을 시·도 조례로 정하도록 규율권한을 넘긴다.
P07180,"③ 학원설립·운영자 및 교습자는 특별시·광역시·특별자치시·도 및 특별자치도(이하 ""시·도""라 한다)의 조례로 정하는 바에 따라 학원·교습소의 운영과 관련하여 학원·교습소의 수강생에게 발생한 생명·신체상의 손해를 배상할 것을 내용으로 하는 보험이나 공제사업에 가입하는 등 필요한 안전조치를 취하여야 한다",위임,조례,5,안전조치의 구체적 내용을 시·도 조례로 정하도록 규율권한을 넘긴다.
P07181,"③ 학원설립·운영자 및 교습자는 특별시·광역시·특별자치시·도 및 특별자치도(이하 ""시·도""라 한다)의 조례로 정하는 바에 따라 학원·교습소의 운영과 관련하여 학원·교습소의 수강생에게 발생한 생명·신체상의 손해를 배상할 것을 내용으로 하는 보험이나 공제사업에 가입하는 등 필요한 안전조치를 취하여야 한다",위임,조례,5,안전조치·보험 가입의 구체적 사항을 시·도 조례로 정하도록 규율권한을 넘긴다.
P07182,"③ 학원설립·운영자 및 교습자는 특별시·광역시·특별자치시·도 및 특별자치도(이하 ""시·도""라 한다)의 조례로 정하는 바에 따라 학원·교습소의 운영과 관련하여 학원·교습소의 수강생에게 발생한 생명·신체상의 손해를 배상할 것을 내용으로 하는 보험이나 공제사업에 가입하는 등 필요한 안전조치를 취하여야 한다",위임,조례,5,안전조치의 구체적 사항을 시·도 조례로 정하도록 규율권한을 넘긴 부분 위임이다.
P07183,"③ 학원설립·운영자 및 교습자는 특별시·광역시·특별자치시·도 및 특별자치도(이하 ""시·도""라 한다)의 조례로 정하는 바에 따라 학원·교습소의 운영과 관련하여 학원·교습소의 수강생에게 발생한 생명·신체상의 손해를 배상할 것을 내용으로 하는 보험이나 공제사업에 가입하는 등 필요한 안전조치를 취하여야 한다",위임,조례,5,안전조치의 구체적 내용을 시·도 조례로 정하도록 규율권한을 넘기는 위임이다.
P07184,"③ 학원설립·운영자 및 교습자는 특별시·광역시·특별자치시·도 및 특별자치도(이하 ""시·도""라 한다)의 조례로 정하는 바에 따라 학원·교습소의 운영과 관련하여 학원·교습소의 수강생에게 발생한 생명·신체상의 손해를 배상할 것을 내용으로 하는 보험이나 공제사업에 가입하는 등 필요한 안전조치를 취하여야 한다",위임,조례,5,안전조치의 구체적 내용을 시·도 조례로 정하도록 규율권한을 넘긴다.
P07185,"③ 학원설립·운영자 및 교습자는 특별시·광역시·특별자치시·도 및 특별자치도(이하 ""시·도""라 한다)의 조례로 정하는 바에 따라 학원·교습소의 운영과 관련하여 학원·교습소의 수강생에게 발생한 생명·신체상의 손해를 배상할 것을 내용으로 하는 보험이나 공제사업에 가입하는 등 필요한 안전조치를 취하여야 한다",위임,조례,5,안전조치·보험가입의 구체적 사항을 시·도 조례로 정하도록 규율권한을 넘긴다.
P07186,대통령령으로 정하는,판단불가,대통령령,3,문장이 '대통령령으로 정하는'에서 잘려 규율 대상과 종결형을 확인할 수 없어 위임 여부를 확정할 수 없으나 문언상 법형식은 대통령령이다.
P07187,교육부령으로 정하는,판단불가,부령,3,"문장이 '교육부령으로 정하는'에서 잘려 종결부가 없어 위임 여부를 확정할 수 없으나, 문언상 지정된 법형식은 교육부령(부령)이다."
P07188,갖추어 대통령령으로,판단불가,대통령령,2,문장이 조각으로 잘려 있어 위임 여부를 판정할 수 없으나 표지어구로 대통령령이 언급된다.
P07189,대통령령으로 정하는 사항을,판단불가,미특정,4,문장이 중간에서 잘려 있어 규율권한 이전 여부를 확정할 수 없다.
P07190,대통령령으로 정하는 범위에서,위임,대통령령,2,종속절만 제시되어 후행 규율 형식(조례 병기 가능성)은 확인할 수 없으나 '대통령령으로 정하는 범위에서'라는 부분 위임 표지가 명확하다.
P07191,교육부령으로 정하는,판단불가,부령,2,문장이 '교육부령으로 정하는'에서 잘려 종결부가 없어 위임 여부를 확정할 수 없으나 지정 법형식은 교육부령(부령)이다.
P07192,교육부령으로 정하는,판단불가,부령,3,문장이 '교육부령으로 정하는'에서 잘려 규율 대상과 종결 형태를 확인할 수 없어 위임 여부를 확정할 수 없다.
P07193,② 숙박시설을 갖춘 학교교과교습학원의 등록은 대통령령으로 정하는 범위에서 관할 지역의 교육여건과 수강생의 안전 및 숙박시설의 필요성 등을 고려하여 시·도의 조례로 정하는 기준에 맞는 경우에만 할 수 있다.,위임,대통령령|조례,5,대통령령이 정하는 범위에서 시·도 조례로 등록기준을 정하도록 병기 위임한다.
P07194,② 숙박시설을 갖춘 학교교과교습학원의 등록은 대통령령으로 정하는 범위에서 관할 지역의 교육여건과 수강생의 안전 및 숙박시설의 필요성 등을 고려하여 시·도의 조례로 정하는 기준에 맞는 경우에만 할 수 있다.,위임,대통령령|조례,5,대통령령이 정하는 범위에서 시·도 조례로 기준을 정하도록 두 법형식에 규율권한을 병기 위임한다.
P07195,② 숙박시설을 갖춘 학교교과교습학원의 등록은 대통령령으로 정하는 범위에서 관할 지역의 교육여건과 수강생의 안전 및 숙박시설의 필요성 등을 고려하여 시·도의 조례로 정하는 기준에 맞는 경우에만 할 수 있다.,위임,대통령령|조례,5,대통령령이 정하는 범위에서 시·도 조례로 등록 기준을 정하도록 두 법형식에 규율권한을 병기 위임한다.
P07196,② 숙박시설을 갖춘 학교교과교습학원의 등록은 대통령령으로 정하는 범위에서 관할 지역의 교육여건과 수강생의 안전 및 숙박시설의 필요성 등을 고려하여 시·도의 조례로 정하는 기준에 맞는 경우에만 할 수 있다.,위임,대통령령|조례,5,대통령령이 정하는 범위에서 시·도 조례로 기준을 정하도록 두 법형식에 규율권한을 넘긴다.
P07197,② 숙박시설을 갖춘 학교교과교습학원의 등록은 대통령령으로 정하는 범위에서 관할 지역의 교육여건과 수강생의 안전 및 숙박시설의 필요성 등을 고려하여 시·도의 조례로 정하는 기준에 맞는 경우에만 할 수 있다.,위임,대통령령|조례,5,대통령령이 정하는 범위에서 시·도 조례로 기준을 정하도록 두 법형식에 규율권한을 넘긴다.
P07198,② 숙박시설을 갖춘 학교교과교습학원의 등록은 대통령령으로 정하는 범위에서 관할 지역의 교육여건과 수강생의 안전 및 숙박시설의 필요성 등을 고려하여 시·도의 조례로 정하는 기준에 맞는 경우에만 할 수 있다.,위임,대통령령|조례,5,대통령령이 정하는 범위 내에서 시·도 조례로 등록기준을 정하도록 병기 위임하고 있다.
P07199,② 숙박시설을 갖춘 학교교과교습학원의 등록은 대통령령으로 정하는 범위에서 관할 지역의 교육여건과 수강생의 안전 및 숙박시설의 필요성 등을 고려하여 시·도의 조례로 정하는 기준에 맞는 경우에만 할 수 있다.,위임,대통령령|조례,5,대통령령이 정하는 범위에서 시·도 조례로 등록 기준을 정하도록 병기 위임한다.
P07200,② 숙박시설을 갖춘 학교교과교습학원의 등록은 대통령령으로 정하는 범위에서 관할 지역의 교육여건과 수강생의 안전 및 숙박시설의 필요성 등을 고려하여 시·도의 조례로 정하는 기준에 맞는 경우에만 할 수 있다.,위임,대통령령|조례,5,대통령령이 정하는 범위에서 시·도 조례로 기준을 정하도록 하는 병기된 위임이다.
P07201,② 숙박시설을 갖춘 학교교과교습학원의 등록은 대통령령으로 정하는 범위에서 관할 지역의 교육여건과 수강생의 안전 및 숙박시설의 필요성 등을 고려하여 시·도의 조례로 정하는 기준에 맞는 경우에만 할 수 있다.,위임,대통령령|조례,5,대통령령이 정하는 범위 안에서 시·도 조례가 등록 기준을 정하도록 병기 위임하고 있다.
P07202,② 숙박시설을 갖춘 학교교과교습학원의 등록은 대통령령으로 정하는 범위에서 관할 지역의 교육여건과 수강생의 안전 및 숙박시설의 필요성 등을 고려하여 시·도의 조례로 정하는 기준에 맞는 경우에만 할 수 있다.,위임,대통령령|조례,5,대통령령이 정하는 범위에서 시·도 조례로 기준을 정하도록 두 법형식에 규율권한을 넘긴다.
P07203,② 숙박시설을 갖춘 학교교과교습학원의 등록은 대통령령으로 정하는 범위에서 관할 지역의 교육여건과 수강생의 안전 및 숙박시설의 필요성 등을 고려하여 시·도의 조례로 정하는 기준에 맞는 경우에만 할 수 있다.,위임,대통령령|조례,5,대통령령이 정하는 범위에서 시·도 조례로 기준을 정하도록 두 법형식에 규율권한을 넘긴다.
P07204,② 숙박시설을 갖춘 학교교과교습학원의 등록은 대통령령으로 정하는 범위에서 관할 지역의 교육여건과 수강생의 안전 및 숙박시설의 필요성 등을 고려하여 시·도의 조례로 정하는 기준에 맞는 경우에만 할 수 있다.,위임,대통령령|조례,5,대통령령이 정하는 범위에서 시·도 조례로 기준을 정하도록 두 법형식에 규율권한을 넘긴다.
P07205,② 숙박시설을 갖춘 학교교과교습학원의 등록은 대통령령으로 정하는 범위에서 관할 지역의 교육여건과 수강생의 안전 및 숙박시설의 필요성 등을 고려하여 시·도의 조례로 정하는 기준에 맞는 경우에만 할 수 있다.,위임,대통령령|조례,5,대통령령이 정하는 범위에서 시·도 조례로 등록 기준을 정하도록 병기 위임한다.
P07206,② 숙박시설을 갖춘 학교교과교습학원의 등록은 대통령령으로 정하는 범위에서 관할 지역의 교육여건과 수강생의 안전 및 숙박시설의 필요성 등을 고려하여 시·도의 조례로 정하는 기준에 맞는 경우에만 할 수 있다.,위임,대통령령|조례,5,대통령령이 정하는 범위에서 시·도 조례로 등록 기준을 정하도록 하는 병기 위임이다.
P07207,② 숙박시설을 갖춘 학교교과교습학원의 등록은 대통령령으로 정하는 범위에서 관할 지역의 교육여건과 수강생의 안전 및 숙박시설의 필요성 등을 고려하여 시·도의 조례로 정하는 기준에 맞는 경우에만 할 수 있다.,위임,대통령령|조례,5,대통령령이 정하는 범위에서 시·도 조례로 등록 기준을 정하도록 두 법형식에 규율권한을 넘긴다.
P07208,② 숙박시설을 갖춘 학교교과교습학원의 등록은 대통령령으로 정하는 범위에서 관할 지역의 교육여건과 수강생의 안전 및 숙박시설의 필요성 등을 고려하여 시·도의 조례로 정하는 기준에 맞는 경우에만 할 수 있다.,위임,대통령령|조례,5,대통령령이 정하는 범위에서 시·도 조례로 등록기준을 정하도록 두 법형식에 규율권한을 넘긴다.
P07209,② 숙박시설을 갖춘 학교교과교습학원의 등록은 대통령령으로 정하는 범위에서 관할 지역의 교육여건과 수강생의 안전 및 숙박시설의 필요성 등을 고려하여 시·도의 조례로 정하는 기준에 맞는 경우에만 할 수 있다.,위임,대통령령|조례,5,대통령령이 정하는 범위에서 시·도 조례로 기준을 정하도록 두 법형식에 규율권한을 병기 위임한다.
P07210,대통령령으로 정하는 기간에,위임,대통령령,3,문장이 일부만 제시되었으나 '대통령령으로 정하는 기간'은 요건 일부를 대통령령에 맡기는 부분 위임이다.
P07211,"학원에는 교습과정별로 시·도의 조례로 정하는 단위시설별 기준에 따라 교습과 학습에 필요한 시설과 설비를 갖추고 유지하여야 한다. 다만, 학원의 소방시설은 소방 관계 법령으로 정하는 바에 따른다.",위임,조례,5,시설·설비의 단위시설별 기준을 시·도 조례에 정하도록 규율권한을 넘기는 위임이다.
P07212,"학원에는 교습과정별로 시·도의 조례로 정하는 단위시설별 기준에 따라 교습과 학습에 필요한 시설과 설비를 갖추고 유지하여야 한다. 다만, 학원의 소방시설은 소방 관계 법령으로 정하는 바에 따른다.",위임,조례,4,"단위시설별 기준을 시·도 조례로 정하도록 규율권한을 넘기며, 단서의 소방 관계 법령 부분은 인용에 해당한다."
P07213,"학원에는 교습과정별로 시·도의 조례로 정하는 단위시설별 기준에 따라 교습과 학습에 필요한 시설과 설비를 갖추고 유지하여야 한다. 다만, 학원의 소방시설은 소방 관계 법령으로 정하는 바에 따른다.",위임,조례,4,"단위시설별 기준을 시·도 조례로 정하도록 규율권한을 넘기며, 단서의 소방 관계 법령 부분은 인용에 해당한다."
P07214,"학원에는 교습과정별로 시·도의 조례로 정하는 단위시설별 기준에 따라 교습과 학습에 필요한 시설과 설비를 갖추고 유지하여야 한다. 다만, 학원의 소방시설은 소방 관계 법령으로 정하는 바에 따른다.",위임,조례,4,"단위시설별 기준을 시·도 조례로 정하도록 규율권한을 넘기고 있으며, 단서의 소방 관계 법령 부분은 인용에 불과하다."
P07215,"학원에는 교습과정별로 시·도의 조례로 정하는 단위시설별 기준에 따라 교습과 학습에 필요한 시설과 설비를 갖추고 유지하여야 한다. 다만, 학원의 소방시설은 소방 관계 법령으로 정하는 바에 따른다.",위임,조례,5,단위시설별 기준을 시·도 조례로 정하도록 규율권한을 넘기고 있다(단서의 소방 관계 법령 부분은 인용).
P07216,"학원에는 교습과정별로 시·도의 조례로 정하는 단위시설별 기준에 따라 교습과 학습에 필요한 시설과 설비를 갖추고 유지하여야 한다. 다만, 학원의 소방시설은 소방 관계 법령으로 정하는 바에 따른다.",위임,조례,4,"단위시설별 기준을 시·도 조례로 정하도록 규율권한을 넘기는 부분 위임이며, 단서의 소방 관계 법령 부분은 인용에 해당한다."
P07217,"학원에는 교습과정별로 시·도의 조례로 정하는 단위시설별 기준에 따라 교습과 학습에 필요한 시설과 설비를 갖추고 유지하여야 한다. 다만, 학원의 소방시설은 소방 관계 법령으로 정하는 바에 따른다.",위임,조례,5,"단위시설별 기준을 시·도 조례로 정하도록 규율권한을 넘기며, 단서의 소방 관계 법령 부분은 인용에 해당한다."
P07218,"학원에는 교습과정별로 시·도의 조례로 정하는 단위시설별 기준에 따라 교습과 학습에 필요한 시설과 설비를 갖추고 유지하여야 한다. 다만, 학원의 소방시설은 소방 관계 법령으로 정하는 바에 따른다.",위임,조례,4,"단위시설별 기준을 시·도 조례에 정하도록 맡기는 부분 위임이며, 단서의 소방 관계 법령은 단순 인용이다."
P07219,"학원에는 교습과정별로 시·도의 조례로 정하는 단위시설별 기준에 따라 교습과 학습에 필요한 시설과 설비를 갖추고 유지하여야 한다. 다만, 학원의 소방시설은 소방 관계 법령으로 정하는 바에 따른다.",위임,조례,4,"단위시설별 기준을 시·도 조례로 정하도록 규율권한을 넘기는 부분 위임이며, 단서의 소방 관계 법령은 인용에 해당한다."
P07220,"학원에는 교습과정별로 시·도의 조례로 정하는 단위시설별 기준에 따라 교습과 학습에 필요한 시설과 설비를 갖추고 유지하여야 한다. 다만, 학원의 소방시설은 소방 관계 법령으로 정하는 바에 따른다.",위임,조례,4,"단위시설별 기준을 시·도 조례로 정하도록 규율권한을 넘기는 부분 위임이며, 단서의 소방 관계 법령 부분은 인용에 해당한다."
P07221,"학원에는 교습과정별로 시·도의 조례로 정하는 단위시설별 기준에 따라 교습과 학습에 필요한 시설과 설비를 갖추고 유지하여야 한다. 다만, 학원의 소방시설은 소방 관계 법령으로 정하는 바에 따른다.",위임,조례,5,단위시설별 기준을 시·도 조례에 정하도록 규율권한을 넘기고 있다(단서의 소방 관계 법령 부분은 인용).
P07222,"학원에는 교습과정별로 시·도의 조례로 정하는 단위시설별 기준에 따라 교습과 학습에 필요한 시설과 설비를 갖추고 유지하여야 한다. 다만, 학원의 소방시설은 소방 관계 법령으로 정하는 바에 따른다.",위임,조례,5,"단위시설별 기준을 시·도 조례로 정하도록 규율권한을 넘기며, 단서의 소방 관계 법령 부분은 기존 법령 인용이다."
P07223,"학원에는 교습과정별로 시·도의 조례로 정하는 단위시설별 기준에 따라 교습과 학습에 필요한 시설과 설비를 갖추고 유지하여야 한다. 다만, 학원의 소방시설은 소방 관계 법령으로 정하는 바에 따른다.",위임,조례,5,"단위시설별 기준을 시·도 조례로 정하도록 규율권한을 넘기는 위임이며, 단서의 소방 관계 법령 부분은 인용에 불과하다."
P07224,"학원에는 교습과정별로 시·도의 조례로 정하는 단위시설별 기준에 따라 교습과 학습에 필요한 시설과 설비를 갖추고 유지하여야 한다. 다만, 학원의 소방시설은 소방 관계 법령으로 정하는 바에 따른다.",위임,조례,4,"단위시설별 기준을 시·도 조례로 정하도록 규율권한을 넘기며, 단서의 소방 관계 법령 부분은 인용에 해당한다."
P07225,"학원에는 교습과정별로 시·도의 조례로 정하는 단위시설별 기준에 따라 교습과 학습에 필요한 시설과 설비를 갖추고 유지하여야 한다. 다만, 학원의 소방시설은 소방 관계 법령으로 정하는 바에 따른다.",위임,조례,5,"단위시설별 기준을 시·도 조례로 정하도록 규율권한을 넘기고 있으며, 단서의 소방 관계 법령 부분은 인용에 해당한다."
P07226,"학원에는 교습과정별로 시·도의 조례로 정하는 단위시설별 기준에 따라 교습과 학습에 필요한 시설과 설비를 갖추고 유지하여야 한다. 다만, 학원의 소방시설은 소방 관계 법령으로 정하는 바에 따른다.",위임,조례,5,"단위시설별 기준을 시·도 조례로 정하도록 규율권한을 넘기며, 단서의 소방 관계 법령은 인용에 해당한다."
P07227,"학원에는 교습과정별로 시·도의 조례로 정하는 단위시설별 기준에 따라 교습과 학습에 필요한 시설과 설비를 갖추고 유지하여야 한다. 다만, 학원의 소방시설은 소방 관계 법령으로 정하는 바에 따른다.",위임,조례,5,"단위시설별 기준을 시·도 조례로 정하도록 규율권한을 넘기는 위임이며, 단서의 소방 관계 법령 언급은 부수적 인용이다."
P07228,교육부령으로 정하는,판단불가,해당없음,2,문장이 '교육부령으로 정하는'에서 잘려 무엇을 위임하는지 확인할 수 없다.
P07229,대통령령으로 정하는 자격을,판단불가,대통령령,3,문장이 중간에서 잘려 종결부가 없어 위임 여부를 확정할 수 없으나 문언상 대통령령이 지시되어 있다.
P07230,교육부령으로 정하는,판단불가,부령,3,문장이 '교육부령으로 정하는'에서 절단되어 무엇을 위임하는지 확인할 수 없으나 표지어구는 부령을 지시한다.
P07231,대통령령으로 정하는,판단불가,대통령령,2,문장이 '대통령령으로 정하는'에서 잘려 있어 규율권한 이전 여부를 확정할 수 없으나 표지어구는 대통령령이다.
P07232,교육부령으로 정하는,판단불가,부령,2,문장이 '교육부령으로 정하는'에서 잘려 규율 대상과 종결 형태를 확인할 수 없으나 표지어구는 교육부령(부령)이다.
P07233,대통령령으로 정하는 바에,판단불가,해당없음,3,문장이 '대통령령으로 정하는 바에'에서 잘려 있어 규율권한 이전 여부를 확정할 수 없다.
P07234,대통령령으로 정하는 바에,판단불가,대통령령,2,문장이 중간에 잘려 규율권한 이전 여부를 확정할 수 없으나 문언상 대통령령이 표기되어 있다.
P07235,교육부령으로 정하는,판단불가,해당없음,3,문장이 '교육부령으로 정하는'에서 잘려 규율 대상과 종결 형태를 확인할 수 없어 위임 여부를 확정할 수 없다.
P07236,교육부령으로 정하는,판단불가,부령,3,문장이 '교육부령으로 정하는'에서 잘려 규율권한 이전 여부를 확정할 수 없으나 표지어구상 법형식은 부령이다.
P07237,사항은 대통령령으로,판단불가,대통령령,3,문장이 중간에서 잘려 종결부가 없어 위임 여부를 확정할 수 없으나 표지어구는 대통령령이다.
P07238,사항은 대통령령으로,판단불가,대통령령,3,문장이 중간에서 잘려 서술어가 없어 위임 종결 여부를 확정할 수 없으나 표지어구는 대통령령이다.
P07239,교육부령으로 정하는,판단불가,부령,3,문장이 '교육부령으로 정하는'에서 잘려 규율 대상과 종결 형태를 확인할 수 없어 위임 여부를 확정할 수 없다.
P07240,교육부령으로 정하는,판단불가,부령,2,문장이 '교육부령으로 정하는'에서 잘려 규율 대상과 종결 형태를 확인할 수 없어 위임 여부를 확정할 수 없다.
P07241,대통령령으로 정하는 사항을,판단불가,대통령령,3,문장이 '대통령령으로 정하는 사항을'에서 끊겨 규율권한 이전 여부를 확정할 수 없으나 표지어구는 대통령령이다.
P07242,대통령령으로 정하는 바에,판단불가,대통령령,2,문장이 중간에 절단되어 규율권한 이전 여부를 확정할 수 없으나 표지어구상 대통령령이 지정되어 있다.
P07243,교육부령으로 정하는,판단불가,부령,3,문장이 '교육부령으로 정하는'에서 절단되어 무엇을 위임하는지 확인할 수 없으므로 판정이 불가하나 표지어구는 부령이다.
P07244,교육부령으로 정하는,판단불가,부령,3,문장이 '교육부령으로 정하는'이라는 조각으로 잘려 있어 위임 종결 여부를 확정할 수 없으나 표지어구는 교육부령(부령)이다.
P07245,교육부령으로 정하는,판단불가,부령,3,문장이 '교육부령으로 정하는'에서 잘려 무엇을 정하도록 하는지 확인할 수 없어 위임 여부를 확정할 수 없다.
P07246,요구가 있을 때에는 교육부령으로,판단불가,부령,2,문장이 중간에서 잘려 종결부가 없어 위임 여부를 확정할 수 없으나 문언상 '교육부령'이 표시되어 있다.
P07247,"③ 학원설립·운영자, 교습자 또는 개인과외교습자는 시·도의 교육규칙으로 정하는 바에 따라 제1항에 따른 교습비등과 그 반환에 관한 사항을 학습자가 보기 쉬운 장소에 게시하여야 하며, 학습자를 모집할 목적으로 인쇄물·인터넷 등을 통하여 광고를 하는 경우에는 교습비등, 등록증명서 또는 신고증명서 내용 중 대통령령으로 정하는 사항을 표시하여야 한다.",위임,교육규칙|대통령령,5,"게시 방법은 시·도 교육규칙에, 광고 표시사항은 대통령령에 각각 규율권한을 넘기고 있다."
P07248,"③ 학원설립·운영자, 교습자 또는 개인과외교습자는 시·도의 교육규칙으로 정하는 바에 따라 제1항에 따른 교습비등과 그 반환에 관한 사항을 학습자가 보기 쉬운 장소에 게시하여야 하며, 학습자를 모집할 목적으로 인쇄물·인터넷 등을 통하여 광고를 하는 경우에는 교습비등, 등록증명서 또는 신고증명서 내용 중 대통령령으로 정하는 사항을 표시하여야 한다.",위임,교육규칙|대통령령,4,"게시 방법은 시·도 교육규칙에, 광고 표시사항은 대통령령에 각각 규율권한을 넘기는 병기 위임이다."
P07249,"③ 학원설립·운영자, 교습자 또는 개인과외교습자는 시·도의 교육규칙으로 정하는 바에 따라 제1항에 따른 교습비등과 그 반환에 관한 사항을 학습자가 보기 쉬운 장소에 게시하여야 하며, 학습자를 모집할 목적으로 인쇄물·인터넷 등을 통하여 광고를 하는 경우에는 교습비등, 등록증명서 또는 신고증명서 내용 중 대통령령으로 정하는 사항을 표시하여야 한다.",위임,교육규칙|대통령령,4,"게시 방법은 시·도 교육규칙에, 광고 표시사항은 대통령령에 각각 규율권한을 넘기는 부분 위임이다."
P07250,"③ 학원설립·운영자, 교습자 또는 개인과외교습자는 시·도의 교육규칙으로 정하는 바에 따라 제1항에 따른 교습비등과 그 반환에 관한 사항을 학습자가 보기 쉬운 장소에 게시하여야 하며, 학습자를 모집할 목적으로 인쇄물·인터넷 등을 통하여 광고를 하는 경우에는 교습비등, 등록증명서 또는 신고증명서 내용 중 대통령령으로 정하는 사항을 표시하여야 한다.",위임,교육규칙|대통령령,4,"게시 방법은 시·도 교육규칙에, 광고 표시사항은 대통령령에 각각 규율권한을 넘기므로 두 형식을 병기한다."
P07251,"③ 학원설립·운영자, 교습자 또는 개인과외교습자는 시·도의 교육규칙으로 정하는 바에 따라 제1항에 따른 교습비등과 그 반환에 관한 사항을 학습자가 보기 쉬운 장소에 게시하여야 하며, 학습자를 모집할 목적으로 인쇄물·인터넷 등을 통하여 광고를 하는 경우에는 교습비등, 등록증명서 또는 신고증명서 내용 중 대통령령으로 정하는 사항을 표시하여야 한다.",위임,교육규칙|대통령령,4,"게시 방법은 시·도 교육규칙에, 광고 표시사항은 대통령령에 각각 규율권한을 넘기는 부분 위임이므로 두 형식을 병기한다."
P07252,"③ 학원설립·운영자, 교습자 또는 개인과외교습자는 시·도의 교육규칙으로 정하는 바에 따라 제1항에 따른 교습비등과 그 반환에 관한 사항을 학습자가 보기 쉬운 장소에 게시하여야 하며, 학습자를 모집할 목적으로 인쇄물·인터넷 등을 통하여 광고를 하는 경우에는 교습비등, 등록증명서 또는 신고증명서 내용 중 대통령령으로 정하는 사항을 표시하여야 한다.",위임,교육규칙|대통령령,4,"게시 방법은 시·도 교육규칙에, 광고 표시사항은 대통령령에 각각 부분 위임하여 두 법형식이 병기되었다."
P07253,"③ 학원설립·운영자, 교습자 또는 개인과외교습자는 시·도의 교육규칙으로 정하는 바에 따라 제1항에 따른 교습비등과 그 반환에 관한 사항을 학습자가 보기 쉬운 장소에 게시하여야 하며, 학습자를 모집할 목적으로 인쇄물·인터넷 등을 통하여 광고를 하는 경우에는 교습비등, 등록증명서 또는 신고증명서 내용 중 대통령령으로 정하는 사항을 표시하여야 한다.",위임,교육규칙|대통령령,5,"게시 방법은 시·도 교육규칙에, 광고 표시사항은 대통령령에 각각 규율권한을 넘기고 있다."
P07254,"③ 학원설립·운영자, 교습자 또는 개인과외교습자는 시·도의 교육규칙으로 정하는 바에 따라 제1항에 따른 교습비등과 그 반환에 관한 사항을 학습자가 보기 쉬운 장소에 게시하여야 하며, 학습자를 모집할 목적으로 인쇄물·인터넷 등을 통하여 광고를 하는 경우에는 교습비등, 등록증명서 또는 신고증명서 내용 중 대통령령으로 정하는 사항을 표시하여야 한다.",위임,교육규칙|대통령령,4,"게시 방법은 시·도 교육규칙에, 광고 표시사항은 대통령령에 각각 규율권한을 넘기는 부분 위임이다."
P07255,"③ 학원설립·운영자, 교습자 또는 개인과외교습자는 시·도의 교육규칙으로 정하는 바에 따라 제1항에 따른 교습비등과 그 반환에 관한 사항을 학습자가 보기 쉬운 장소에 게시하여야 하며, 학습자를 모집할 목적으로 인쇄물·인터넷 등을 통하여 광고를 하는 경우에는 교습비등, 등록증명서 또는 신고증명서 내용 중 대통령령으로 정하는 사항을 표시하여야 한다.",위임,교육규칙|대통령령,4,"게시 방법은 시·도 교육규칙에, 광고 표시사항은 대통령령에 각각 규율권한을 넘기는 부분 위임이다."
P07256,"③ 학원설립·운영자, 교습자 또는 개인과외교습자는 시·도의 교육규칙으로 정하는 바에 따라 제1항에 따른 교습비등과 그 반환에 관한 사항을 학습자가 보기 쉬운 장소에 게시하여야 하며, 학습자를 모집할 목적으로 인쇄물·인터넷 등을 통하여 광고를 하는 경우에는 교습비등, 등록증명서 또는 신고증명서 내용 중 대통령령으로 정하는 사항을 표시하여야 한다.",위임,교육규칙|대통령령,4,"게시 방법은 시·도 교육규칙에, 광고 표시사항은 대통령령에 각각 규율권한을 넘기는 부분 위임이다."
P07257,"③ 학원설립·운영자, 교습자 또는 개인과외교습자는 시·도의 교육규칙으로 정하는 바에 따라 제1항에 따른 교습비등과 그 반환에 관한 사항을 학습자가 보기 쉬운 장소에 게시하여야 하며, 학습자를 모집할 목적으로 인쇄물·인터넷 등을 통하여 광고를 하는 경우에는 교습비등, 등록증명서 또는 신고증명서 내용 중 대통령령으로 정하는 사항을 표시하여야 한다.",위임,교육규칙|대통령령,4,"게시 방법은 시·도 교육규칙에, 광고 표시사항은 대통령령에 각각 규율권한을 넘기는 부분 위임이다."
P07258,"③ 학원설립·운영자, 교습자 또는 개인과외교습자는 시·도의 교육규칙으로 정하는 바에 따라 제1항에 따른 교습비등과 그 반환에 관한 사항을 학습자가 보기 쉬운 장소에 게시하여야 하며, 학습자를 모집할 목적으로 인쇄물·인터넷 등을 통하여 광고를 하는 경우에는 교습비등, 등록증명서 또는 신고증명서 내용 중 대통령령으로 정하는 사항을 표시하여야 한다.",위임,교육규칙|대통령령,4,"게시 방법은 시·도 교육규칙에, 광고 표시사항은 대통령령에 각각 규율권한을 넘기는 부분 위임이다."
P07259,"③ 학원설립·운영자, 교습자 또는 개인과외교습자는 시·도의 교육규칙으로 정하는 바에 따라 제1항에 따른 교습비등과 그 반환에 관한 사항을 학습자가 보기 쉬운 장소에 게시하여야 하며, 학습자를 모집할 목적으로 인쇄물·인터넷 등을 통하여 광고를 하는 경우에는 교습비등, 등록증명서 또는 신고증명서 내용 중 대통령령으로 정하는 사항을 표시하여야 한다.",위임,교육규칙|대통령령,4,"게시 방법은 시·도 교육규칙에, 광고 표시사항은 대통령령에 각각 규율권한을 넘기는 부분 위임이다."
P07260,"③ 학원설립·운영자, 교습자 또는 개인과외교습자는 시·도의 교육규칙으로 정하는 바에 따라 제1항에 따른 교습비등과 그 반환에 관한 사항을 학습자가 보기 쉬운 장소에 게시하여야 하며, 학습자를 모집할 목적으로 인쇄물·인터넷 등을 통하여 광고를 하는 경우에는 교습비등, 등록증명서 또는 신고증명서 내용 중 대통령령으로 정하는 사항을 표시하여야 한다.",위임,교육규칙|대통령령,4,"게시 방법은 시·도 교육규칙에, 광고 표시사항은 대통령령에 각각 규율권한을 넘기는 부분 위임이다."
P07261,"③ 학원설립·운영자, 교습자 또는 개인과외교습자는 시·도의 교육규칙으로 정하는 바에 따라 제1항에 따른 교습비등과 그 반환에 관한 사항을 학습자가 보기 쉬운 장소에 게시하여야 하며, 학습자를 모집할 목적으로 인쇄물·인터넷 등을 통하여 광고를 하는 경우에는 교습비등, 등록증명서 또는 신고증명서 내용 중 대통령령으로 정하는 사항을 표시하여야 한다.",위임,교육규칙|대통령령,4,"게시 방법은 시·도 교육규칙에, 광고 표시사항은 대통령령에 각각 규율권한을 넘기는 부분 위임이다."
P07262,"③ 학원설립·운영자, 교습자 또는 개인과외교습자는 시·도의 교육규칙으로 정하는 바에 따라 제1항에 따른 교습비등과 그 반환에 관한 사항을 학습자가 보기 쉬운 장소에 게시하여야 하며, 학습자를 모집할 목적으로 인쇄물·인터넷 등을 통하여 광고를 하는 경우에는 교습비등, 등록증명서 또는 신고증명서 내용 중 대통령령으로 정하는 사항을 표시하여야 한다.",위임,교육규칙|대통령령,4,"게시방법은 시·도 교육규칙에, 광고 표시사항은 대통령령에 각각 규율권한을 넘기는 병기 위임이다."
P07263,"③ 학원설립·운영자, 교습자 또는 개인과외교습자는 시·도의 교육규칙으로 정하는 바에 따라 제1항에 따른 교습비등과 그 반환에 관한 사항을 학습자가 보기 쉬운 장소에 게시하여야 하며, 학습자를 모집할 목적으로 인쇄물·인터넷 등을 통하여 광고를 하는 경우에는 교습비등, 등록증명서 또는 신고증명서 내용 중 대통령령으로 정하는 사항을 표시하여야 한다.",위임,교육규칙|대통령령,4,"게시 방법은 시·도 교육규칙에, 광고 표시사항은 대통령령에 각각 규율권한을 넘기는 부분 위임이다."
P07264,교습과 관련한 장부 또는 서류를 교육부령으로,판단불가,해당없음,3,문장이 '교육부령으로'에서 끊겨 위임 종결 여부를 확인할 수 없다.
P07265,필요하면 대통령령으로 정하는,판단불가,대통령령,3,문장이 중간에서 잘려 규율 대상과 종결형을 확인할 수 없어 위임 여부를 확정할 수 없으나 문언상 대통령령이 표지되어 있다.
P07266,포함하여 대통령령으로,판단불가,미특정,3,문장이 중간에서 잘려 종결부가 없어 위임 여부를 확정할 수 없다.
P07267,대통령령으로 정하는,판단불가,대통령령,4,문장이 '대통령령으로 정하는'에서 잘려 있어 위임 대상과 종결 구조를 확인할 수 없다.
P07268,"② 교육감은 학교의 수업과 학생의 건강 등에 미치는 영향을 고려하여 시·도의 조례로 정하는 범위에서 학교교과교습학원, 교습소 또는 개인과외교습자의 교습시간을 정할 수 있다.",위임,조례|미특정,3,시·도 조례에 범위 규율을 위임하고 그 범위에서 교육감이 형식 미특정으로 교습시간을 정하도록 하므로 두 형식을 병기한다.
P07269,"② 교육감은 학교의 수업과 학생의 건강 등에 미치는 영향을 고려하여 시·도의 조례로 정하는 범위에서 학교교과교습학원, 교습소 또는 개인과외교습자의 교습시간을 정할 수 있다.",위임,조례,4,시·도 조례로 교습시간의 규율 범위를 정하도록 규율권한을 넘기고 그 범위에서 교육감이 교습시간을 정하도록 한 위임 규정이다.
P07270,"② 교육감은 학교의 수업과 학생의 건강 등에 미치는 영향을 고려하여 시·도의 조례로 정하는 범위에서 학교교과교습학원, 교습소 또는 개인과외교습자의 교습시간을 정할 수 있다.",위임,조례|미특정,3,시·도 조례로 범위를 정하도록 위임하고 그 범위에서 교육감이 형식 미지정으로 교습시간을 정하게 하므로 두 형식을 병기한다.
P07271,"② 교육감은 학교의 수업과 학생의 건강 등에 미치는 영향을 고려하여 시·도의 조례로 정하는 범위에서 학교교과교습학원, 교습소 또는 개인과외교습자의 교습시간을 정할 수 있다.",위임,조례|미특정,3,조례로 정하는 범위 내에서 교육감이 교습시간을 정하도록 규율권한을 넘기므로 조례와 형식 미특정의 교육감 결정이 병기된 위임이다.
P07272,"② 교육감은 학교의 수업과 학생의 건강 등에 미치는 영향을 고려하여 시·도의 조례로 정하는 범위에서 학교교과교습학원, 교습소 또는 개인과외교습자의 교습시간을 정할 수 있다.",위임,조례,4,"교습시간의 규율 범위를 시·도 조례에 넘기는 위임 규정이며, 교육감의 결정 형식은 별도로 지정되지 않았다."
P07273,"② 교육감은 학교의 수업과 학생의 건강 등에 미치는 영향을 고려하여 시·도의 조례로 정하는 범위에서 학교교과교습학원, 교습소 또는 개인과외교습자의 교습시간을 정할 수 있다.",위임,조례|미특정,3,조례에 교습시간 규율 범위를 위임하고 그 범위 내에서 교육감이 형식 미지정으로 교습시간을 정하도록 한 병기형 위임이다.
P07274,"② 교육감은 학교의 수업과 학생의 건강 등에 미치는 영향을 고려하여 시·도의 조례로 정하는 범위에서 학교교과교습학원, 교습소 또는 개인과외교습자의 교습시간을 정할 수 있다.",위임,조례|미특정,4,조례로 정하는 범위 내에서 교육감이 교습시간을 정하도록 하여 조례와 형식 미지정 규율권한이 병기된 위임이다.
P07275,"② 교육감은 학교의 수업과 학생의 건강 등에 미치는 영향을 고려하여 시·도의 조례로 정하는 범위에서 학교교과교습학원, 교습소 또는 개인과외교습자의 교습시간을 정할 수 있다.",위임,조례,3,"교습시간의 규율 범위를 시·도 조례에 넘기는 위임 규정이며, 그 범위 내에서 교육감이 구체적 교습시간을 정하도록 한다."
P07276,"② 교육감은 학교의 수업과 학생의 건강 등에 미치는 영향을 고려하여 시·도의 조례로 정하는 범위에서 학교교과교습학원, 교습소 또는 개인과외교습자의 교습시간을 정할 수 있다.",위임,조례,4,시·도 조례로 교습시간 규율의 범위를 정하도록 규율권한을 넘기는 위임 규정이다.
P07277,"② 교육감은 학교의 수업과 학생의 건강 등에 미치는 영향을 고려하여 시·도의 조례로 정하는 범위에서 학교교과교습학원, 교습소 또는 개인과외교습자의 교습시간을 정할 수 있다.",위임,조례,4,교습시간의 범위를 시·도 조례로 정하도록 규율권한을 넘기는 위임이다.
P07278,"② 교육감은 학교의 수업과 학생의 건강 등에 미치는 영향을 고려하여 시·도의 조례로 정하는 범위에서 학교교과교습학원, 교습소 또는 개인과외교습자의 교습시간을 정할 수 있다.",위임,조례,4,교습시간의 규율 범위를 시·도 조례에 정하도록 맡기는 부분 위임이다.
P07279,"② 교육감은 학교의 수업과 학생의 건강 등에 미치는 영향을 고려하여 시·도의 조례로 정하는 범위에서 학교교과교습학원, 교습소 또는 개인과외교습자의 교습시간을 정할 수 있다.",위임,조례,4,교습시간 규율의 범위를 시·도 조례에 넘기는 위임 규정이다.
P07280,"② 교육감은 학교의 수업과 학생의 건강 등에 미치는 영향을 고려하여 시·도의 조례로 정하는 범위에서 학교교과교습학원, 교습소 또는 개인과외교습자의 교습시간을 정할 수 있다.",위임,조례,4,교습시간 규율의 범위를 시·도 조례에 넘기는 위임 규정이다.
P07281,"② 교육감은 학교의 수업과 학생의 건강 등에 미치는 영향을 고려하여 시·도의 조례로 정하는 범위에서 학교교과교습학원, 교습소 또는 개인과외교습자의 교습시간을 정할 수 있다.",위임,조례,4,"교습시간 규율의 범위를 시·도 조례에 맡기는 위임으로, 지정된 법형식은 조례이다."
P07282,"② 교육감은 학교의 수업과 학생의 건강 등에 미치는 영향을 고려하여 시·도의 조례로 정하는 범위에서 학교교과교습학원, 교습소 또는 개인과외교습자의 교습시간을 정할 수 있다.",위임,조례|미특정,3,조례에 교습시간의 한계 설정을 맡기고 그 범위에서 교육감이 교습시간을 정하도록 하여 조례와 형식 미특정 규율이 병기된 위임이다.
P07283,"② 교육감은 학교의 수업과 학생의 건강 등에 미치는 영향을 고려하여 시·도의 조례로 정하는 범위에서 학교교과교습학원, 교습소 또는 개인과외교습자의 교습시간을 정할 수 있다.",위임,조례,4,시·도 조례에 교습시간 규율 범위를 정하도록 권한을 넘기는 위임 규정이다.
P07284,"② 교육감은 학교의 수업과 학생의 건강 등에 미치는 영향을 고려하여 시·도의 조례로 정하는 범위에서 학교교과교습학원, 교습소 또는 개인과외교습자의 교습시간을 정할 수 있다.",위임,조례|미특정,4,조례에 범위 설정을 맡기고 그 범위에서 교육감이 형식 미지정으로 교습시간을 정하도록 하는 병기형 위임이다.
P07285,교육부령으로 정하는,판단불가,부령,3,문장이 '교육부령으로 정하는'에서 잘려 규율 대상이 드러나지 않아 위임 여부를 확정할 수 없다.
P07286,교육부령으로 정하는,판단불가,부령,3,문장이 '교육부령으로 정하는'에서 잘려 규율 대상과 종결 형태를 확인할 수 없어 위임 여부를 확정할 수 없다.
P07287,④ 제1항부터 제3항까지에 따른 행정처분의 기준과 그 밖에 필요한 사항은 조례로 정한다.,위임,조례,5,행정처분 기준 등 필요한 사항의 규율권한을 조례에 넘기는 문말 종결형 위임이다.
P07288,④ 제1항부터 제3항까지에 따른 행정처분의 기준과 그 밖에 필요한 사항은 조례로 정한다.,위임,조례,5,행정처분 기준 등을 조례로 정하도록 규율권한을 넘긴다.
P07289,④ 제1항부터 제3항까지에 따른 행정처분의 기준과 그 밖에 필요한 사항은 조례로 정한다.,위임,조례,5,행정처분 기준 등을 조례로 정하도록 규율권한을 넘긴다.
P07290,④ 제1항부터 제3항까지에 따른 행정처분의 기준과 그 밖에 필요한 사항은 조례로 정한다.,위임,조례,5,행정처분 기준 등 규율권한을 조례에 넘기는 문말 종결형 위임이다.
P07291,④ 제1항부터 제3항까지에 따른 행정처분의 기준과 그 밖에 필요한 사항은 조례로 정한다.,위임,조례,5,행정처분 기준 등을 조례로 정하도록 규율권한을 넘긴다.
P07292,④ 제1항부터 제3항까지에 따른 행정처분의 기준과 그 밖에 필요한 사항은 조례로 정한다.,위임,조례,5,행정처분 기준 등을 조례로 정하도록 규율권한을 넘긴다.
P07293,④ 제1항부터 제3항까지에 따른 행정처분의 기준과 그 밖에 필요한 사항은 조례로 정한다.,위임,조례,5,행정처분 기준 등을 조례로 정하도록 규율권한을 넘긴다.
P07294,④ 제1항부터 제3항까지에 따른 행정처분의 기준과 그 밖에 필요한 사항은 조례로 정한다.,위임,조례,5,행정처분 기준 등의 규율권한을 조례에 넘기는 문말 위임이다.
P07295,④ 제1항부터 제3항까지에 따른 행정처분의 기준과 그 밖에 필요한 사항은 조례로 정한다.,위임,조례,5,행정처분 기준 등 필요한 사항의 규율권한을 조례에 넘기는 종결형 위임이다.
P07296,④ 제1항부터 제3항까지에 따른 행정처분의 기준과 그 밖에 필요한 사항은 조례로 정한다.,위임,조례,5,행정처분 기준 등을 조례로 정하도록 규율권한을 넘긴다.
P07297,④ 제1항부터 제3항까지에 따른 행정처분의 기준과 그 밖에 필요한 사항은 조례로 정한다.,위임,조례,5,행정처분 기준 등 필요한 사항의 규율권한을 조례에 넘기는 문말 종결형 위임이다.
P07298,④ 제1항부터 제3항까지에 따른 행정처분의 기준과 그 밖에 필요한 사항은 조례로 정한다.,위임,조례,5,행정처분 기준 등을 조례로 정하도록 규율권한을 넘기는 위임 규정이다.
P07299,④ 제1항부터 제3항까지에 따른 행정처분의 기준과 그 밖에 필요한 사항은 조례로 정한다.,위임,조례,5,행정처분 기준 등을 조례로 정하도록 규율권한을 넘기는 위임이다.
P07300,④ 제1항부터 제3항까지에 따른 행정처분의 기준과 그 밖에 필요한 사항은 조례로 정한다.,위임,조례,5,행정처분 기준 등을 조례로 정하도록 규율권한을 넘긴다.
P07301,④ 제1항부터 제3항까지에 따른 행정처분의 기준과 그 밖에 필요한 사항은 조례로 정한다.,위임,조례,5,행정처분 기준 등을 조례로 정하도록 규율권한을 넘긴다.
P07302,④ 제1항부터 제3항까지에 따른 행정처분의 기준과 그 밖에 필요한 사항은 조례로 정한다.,위임,조례,5,행정처분 기준 등의 규율권한을 조례에 넘기는 문말 종결형 위임이다.
P07303,④ 제1항부터 제3항까지에 따른 행정처분의 기준과 그 밖에 필요한 사항은 조례로 정한다.,위임,조례,5,행정처분 기준 등을 조례로 정하도록 규율권한을 넘기는 위임 규정이다.
P07304,사항은 대통령령으로,판단불가,대통령령,2,문장이 중간에서 잘려 종결부가 없어 위임인지 확정할 수 없으나 표지어구로는 대통령령이 지시된다.
P07305,대통령령으로 정하는,판단불가,대통령령,2,문장이 '대통령령으로 정하는'에서 잘려 있어 위임 여부를 확정할 수 없으나 문언상 지정된 법형식은 대통령령이다.
P07306,일부를 대통령령으로,판단불가,미특정,4,문장이 단편으로 잘려 있어 위임 여부를 확정할 수 없다.
P07307,과태료는 대통령령으로,판단불가,해당없음,4,문장이 '대통령령으로'에서 끊겨 종결부가 없어 위임 여부를 확정할 수 없다.
P07308,교육부령으로 정하는 봉사활동에,위임,부령,3,문장이 잘려 있으나 '교육부령으로 정하는 봉사활동'은 요건 일부를 부령에 넘기는 부분 위임 표지이다.
P07309,교육부령으로 정하는 학원설립,판단불가,미특정,4,문장이 중간에 잘려 있어 규율권한 이전 여부를 판정할 수 없다.
P07310,교육부령으로 정하는 서류를,위임,부령,3,문장이 잘렸으나 '교육부령으로 정하는 서류'는 서류의 종류를 교육부령에 맡기는 부분 위임이다.
P07311,"2. 특별시·광역시·특별자치시·도 및 특별자치도(이하 ""시·도""라 한다)의 조례에서 정하는 유치원, 초등학교, 중학교 및 고등학교 또는 이에 준하는 학교에 재학하는 학생에 대한 교습 제한기준을 충족할 것",위임,조례,4,교습 제한기준의 구체적 내용을 시·도 조례에 맡기는 부분 위임이다.
P07312,"2. 특별시·광역시·특별자치시·도 및 특별자치도(이하 ""시·도""라 한다)의 조례에서 정하는 유치원, 초등학교, 중학교 및 고등학교 또는 이에 준하는 학교에 재학하는 학생에 대한 교습 제한기준을 충족할 것",위임,조례,4,교습 제한기준의 구체적 내용을 시·도 조례가 정하도록 맡기는 부분 위임이다.
P07313,"② 제1항에 따른 숙박시설의 위치, 환경기준, 시설·설비기준, 영양사 및 생활지도 담당인력 배치기준 등에 관한 사항은 지역적 여건과 학원의 규모 등을 고려하여 시·도 조례로 정한다.",위임,조례,5,숙박시설 기준 등 세부사항을 시·도 조례로 정하도록 규율권한을 넘긴다.
P07314,"2. 특별시·광역시·특별자치시·도 및 특별자치도(이하 ""시·도""라 한다)의 조례에서 정하는 유치원, 초등학교, 중학교 및 고등학교 또는 이에 준하는 학교에 재학하는 학생에 대한 교습 제한기준을 충족할 것",위임,조례,3,'조례에서 정하는 교습 제한기준'으로 요건의 구체적 기준 설정을 시·도 조례에 맡기는 부분 위임이다.
P07315,"② 제1항에 따른 숙박시설의 위치, 환경기준, 시설·설비기준, 영양사 및 생활지도 담당인력 배치기준 등에 관한 사항은 지역적 여건과 학원의 규모 등을 고려하여 시·도 조례로 정한다.",위임,조례,5,숙박시설 기준 등 세부사항을 시·도 조례로 정하도록 규율권한을 넘긴다.
P07316,"2. 특별시·광역시·특별자치시·도 및 특별자치도(이하 ""시·도""라 한다)의 조례에서 정하는 유치원, 초등학교, 중학교 및 고등학교 또는 이에 준하는 학교에 재학하는 학생에 대한 교습 제한기준을 충족할 것",위임,조례,3,등록 요건인 교습 제한기준의 구체적 내용을 시·도 조례가 정하도록 맡긴 부분 위임이다.
P07317,"② 제1항에 따른 숙박시설의 위치, 환경기준, 시설·설비기준, 영양사 및 생활지도 담당인력 배치기준 등에 관한 사항은 지역적 여건과 학원의 규모 등을 고려하여 시·도 조례로 정한다.",위임,조례,5,숙박시설 기준 등 세부사항을 시·도 조례로 정하도록 규율권한을 넘긴다.
P07318,"2. 특별시·광역시·특별자치시·도 및 특별자치도(이하 ""시·도""라 한다)의 조례에서 정하는 유치원, 초등학교, 중학교 및 고등학교 또는 이에 준하는 학교에 재학하는 학생에 대한 교습 제한기준을 충족할 것",위임,조례,4,교습 제한기준의 구체적 내용을 시·도 조례가 정하도록 맡기는 부분 위임이다.
P07319,"② 제1항에 따른 숙박시설의 위치, 환경기준, 시설·설비기준, 영양사 및 생활지도 담당인력 배치기준 등에 관한 사항은 지역적 여건과 학원의 규모 등을 고려하여 시·도 조례로 정한다.",위임,조례,5,숙박시설 기준 등 세부사항의 규율권한을 시·도 조례에 넘기는 위임 규정이다.
P07320,"2. 특별시·광역시·특별자치시·도 및 특별자치도(이하 ""시·도""라 한다)의 조례에서 정하는 유치원, 초등학교, 중학교 및 고등학교 또는 이에 준하는 학교에 재학하는 학생에 대한 교습 제한기준을 충족할 것",위임,조례,3,'조례에서 정하는 교습 제한기준'으로 요건 내용을 시·도 조례에 맡기는 부분 위임이다.
P07321,"② 제1항에 따른 숙박시설의 위치, 환경기준, 시설·설비기준, 영양사 및 생활지도 담당인력 배치기준 등에 관한 사항은 지역적 여건과 학원의 규모 등을 고려하여 시·도 조례로 정한다.",위임,조례,5,숙박시설 기준 등 세부사항을 시·도 조례에 정하도록 규율권한을 넘긴다.
P07322,"② 제1항에 따른 숙박시설의 위치, 환경기준, 시설·설비기준, 영양사 및 생활지도 담당인력 배치기준 등에 관한 사항은 지역적 여건과 학원의 규모 등을 고려하여 시·도 조례로 정한다.",위임,조례,5,숙박시설 기준 등 세부사항을 시·도 조례로 정하도록 규율권한을 넘긴다.
P07323,"② 제1항에 따른 숙박시설의 위치, 환경기준, 시설·설비기준, 영양사 및 생활지도 담당인력 배치기준 등에 관한 사항은 지역적 여건과 학원의 규모 등을 고려하여 시·도 조례로 정한다.",위임,조례,5,숙박시설 기준 등 세부사항을 시·도 조례로 정하도록 규율권한을 넘긴다.
P07324,"2. 특별시·광역시·특별자치시·도 및 특별자치도(이하 ""시·도""라 한다)의 조례에서 정하는 유치원, 초등학교, 중학교 및 고등학교 또는 이에 준하는 학교에 재학하는 학생에 대한 교습 제한기준을 충족할 것",위임,조례,4,등록 요건인 교습 제한기준의 내용을 시·도 조례가 정하도록 맡기는 부분 위임이다.
P07325,"② 제1항에 따른 숙박시설의 위치, 환경기준, 시설·설비기준, 영양사 및 생활지도 담당인력 배치기준 등에 관한 사항은 지역적 여건과 학원의 규모 등을 고려하여 시·도 조례로 정한다.",위임,조례,5,숙박시설 기준 등 세부사항의 규율권한을 시·도 조례에 넘기는 종결형 위임이다.
P07326,"2. 특별시·광역시·특별자치시·도 및 특별자치도(이하 ""시·도""라 한다)의 조례에서 정하는 유치원, 초등학교, 중학교 및 고등학교 또는 이에 준하는 학교에 재학하는 학생에 대한 교습 제한기준을 충족할 것",위임,조례,4,교습 제한기준의 구체적 내용을 시·도 조례가 정하도록 맡기는 부분 위임이다.
P07327,"② 제1항에 따른 숙박시설의 위치, 환경기준, 시설·설비기준, 영양사 및 생활지도 담당인력 배치기준 등에 관한 사항은 지역적 여건과 학원의 규모 등을 고려하여 시·도 조례로 정한다.",위임,조례,5,숙박시설 기준 등 세부사항의 규율권한을 시·도 조례에 넘기는 위임이다.
P07328,"2. 특별시·광역시·특별자치시·도 및 특별자치도(이하 ""시·도""라 한다)의 조례에서 정하는 유치원, 초등학교, 중학교 및 고등학교 또는 이에 준하는 학교에 재학하는 학생에 대한 교습 제한기준을 충족할 것",위임,조례,4,'조례에서 정하는 교습 제한기준'으로 요건 내용을 시·도 조례에 맡기는 부분 위임이다.
P07329,"② 제1항에 따른 숙박시설의 위치, 환경기준, 시설·설비기준, 영양사 및 생활지도 담당인력 배치기준 등에 관한 사항은 지역적 여건과 학원의 규모 등을 고려하여 시·도 조례로 정한다.",위임,조례,5,숙박시설 기준 등에 관한 사항을 시·도 조례에 정하도록 규율권한을 넘긴다.
P07330,"2. 특별시·광역시·특별자치시·도 및 특별자치도(이하 ""시·도""라 한다)의 조례에서 정하는 유치원, 초등학교, 중학교 및 고등학교 또는 이에 준하는 학교에 재학하는 학생에 대한 교습 제한기준을 충족할 것",위임,조례,4,교습 제한기준의 내용을 시·도 조례가 정하도록 맡기는 부분 위임이다.
P07331,"② 제1항에 따른 숙박시설의 위치, 환경기준, 시설·설비기준, 영양사 및 생활지도 담당인력 배치기준 등에 관한 사항은 지역적 여건과 학원의 규모 등을 고려하여 시·도 조례로 정한다.",위임,조례,5,숙박시설 기준 등에 관한 사항을 시·도 조례로 정하도록 규율권한을 넘긴다.
P07332,"2. 특별시·광역시·특별자치시·도 및 특별자치도(이하 ""시·도""라 한다)의 조례에서 정하는 유치원, 초등학교, 중학교 및 고등학교 또는 이에 준하는 학교에 재학하는 학생에 대한 교습 제한기준을 충족할 것",위임,조례,4,'조례에서 정하는 교습 제한기준'으로 요건 일부를 시·도 조례에 넘기는 부분 위임이다.
P07333,"② 제1항에 따른 숙박시설의 위치, 환경기준, 시설·설비기준, 영양사 및 생활지도 담당인력 배치기준 등에 관한 사항은 지역적 여건과 학원의 규모 등을 고려하여 시·도 조례로 정한다.",위임,조례,5,숙박시설 기준 등 세부사항을 시·도 조례로 정하도록 규율권한을 넘긴다.
P07334,"2. 특별시·광역시·특별자치시·도 및 특별자치도(이하 ""시·도""라 한다)의 조례에서 정하는 유치원, 초등학교, 중학교 및 고등학교 또는 이에 준하는 학교에 재학하는 학생에 대한 교습 제한기준을 충족할 것",위임,조례,4,교습 제한기준의 구체적 내용을 시·도 조례가 정하도록 맡기는 부분 위임이다.
P07335,"② 제1항에 따른 숙박시설의 위치, 환경기준, 시설·설비기준, 영양사 및 생활지도 담당인력 배치기준 등에 관한 사항은 지역적 여건과 학원의 규모 등을 고려하여 시·도 조례로 정한다.",위임,조례,5,숙박시설 기준 등 세부사항을 시·도 조례로 정하도록 규율권한을 넘긴다.
P07336,"2. 특별시·광역시·특별자치시·도 및 특별자치도(이하 ""시·도""라 한다)의 조례에서 정하는 유치원, 초등학교, 중학교 및 고등학교 또는 이에 준하는 학교에 재학하는 학생에 대한 교습 제한기준을 충족할 것",위임,조례,4,'조례에서 정하는 교습 제한기준'으로 요건 일부의 규율권한을 시·도 조례에 넘기는 부분 위임이다.
P07337,"2. 특별시·광역시·특별자치시·도 및 특별자치도(이하 ""시·도""라 한다)의 조례에서 정하는 유치원, 초등학교, 중학교 및 고등학교 또는 이에 준하는 학교에 재학하는 학생에 대한 교습 제한기준을 충족할 것",위임,조례,4,'조례에서 정하는 교습 제한기준'이라는 부분 위임 형태로 조례에 규율권한을 넘긴다.
P07338,"② 제1항에 따른 숙박시설의 위치, 환경기준, 시설·설비기준, 영양사 및 생활지도 담당인력 배치기준 등에 관한 사항은 지역적 여건과 학원의 규모 등을 고려하여 시·도 조례로 정한다.",위임,조례,5,숙박시설 기준 등 세부사항을 시·도 조례로 정하도록 규율권한을 넘긴다.
P07339,"2. 특별시·광역시·특별자치시·도 및 특별자치도(이하 ""시·도""라 한다)의 조례에서 정하는 유치원, 초등학교, 중학교 및 고등학교 또는 이에 준하는 학교에 재학하는 학생에 대한 교습 제한기준을 충족할 것",위임,조례,3,'조례에서 정하는 교습 제한기준'이라는 부분 위임 형태로 기준 설정 권한을 조례에 넘긴다.
P07340,"② 제1항에 따른 숙박시설의 위치, 환경기준, 시설·설비기준, 영양사 및 생활지도 담당인력 배치기준 등에 관한 사항은 지역적 여건과 학원의 규모 등을 고려하여 시·도 조례로 정한다.",위임,조례,5,숙박시설 기준 등에 관한 사항을 시·도 조례로 정하도록 규율권한을 넘긴다.
P07341,"2. 특별시·광역시·특별자치시·도 및 특별자치도(이하 ""시·도""라 한다)의 조례에서 정하는 유치원, 초등학교, 중학교 및 고등학교 또는 이에 준하는 학교에 재학하는 학생에 대한 교습 제한기준을 충족할 것",위임,조례,3,교습 제한기준의 구체적 내용을 시·도 조례에 맡기는 부분 위임 형태이다.
P07342,"② 제1항에 따른 숙박시설의 위치, 환경기준, 시설·설비기준, 영양사 및 생활지도 담당인력 배치기준 등에 관한 사항은 지역적 여건과 학원의 규모 등을 고려하여 시·도 조례로 정한다.",위임,조례,5,숙박시설 기준 등에 관한 사항을 시·도 조례로 정하도록 규율권한을 넘긴다.
P07343,"2. 특별시·광역시·특별자치시·도 및 특별자치도(이하 ""시·도""라 한다)의 조례에서 정하는 유치원, 초등학교, 중학교 및 고등학교 또는 이에 준하는 학교에 재학하는 학생에 대한 교습 제한기준을 충족할 것",위임,조례,4,교습 제한기준의 구체적 내용을 시·도 조례가 정하도록 맡기는 부분 위임이다.
P07344,"② 제1항에 따른 숙박시설의 위치, 환경기준, 시설·설비기준, 영양사 및 생활지도 담당인력 배치기준 등에 관한 사항은 지역적 여건과 학원의 규모 등을 고려하여 시·도 조례로 정한다.",위임,조례,5,숙박시설 기준 등에 관한 사항을 시·도 조례로 정하도록 규율권한을 넘긴다.
P07345,교육부령으로 정하는 서류를,위임,부령,3,문장이 잘려 있으나 '교육부령으로 정하는 서류'라는 부분 위임 어구가 온전히 드러나므로 부령에 대한 위임으로 본다.
P07346,교육부령으로 정하는 학원설립,판단불가,미특정,3,문장이 중간에 잘려 있어 규율권한 이전 여부를 확정할 수 없다.
P07347,교육부령으로 정하는,판단불가,부령,2,문장이 '교육부령으로 정하는'에서 절단되어 무엇을 위임하는지 확인할 수 없으나 표지어구상 법형식은 부령이다.
P07348,③ 제1항에도 불구하고 실험·실습 또는 실기 교습이 필요한 학원에서 같은 교습과목을 같은 시간에 같은 장소에서 교습받을 수 있는 학습자의 수는 시·도의 조례로 정한다.,위임,조례,5,학습자 수 결정을 시·도 조례에 규율권한으로 넘기는 위임 규정이다.
P07349,③ 제1항에도 불구하고 실험·실습 또는 실기 교습이 필요한 학원에서 같은 교습과목을 같은 시간에 같은 장소에서 교습받을 수 있는 학습자의 수는 시·도의 조례로 정한다.,위임,조례,5,학습자 수를 시·도 조례로 정하도록 규율권한을 넘긴다.
P07350,③ 제1항에도 불구하고 실험·실습 또는 실기 교습이 필요한 학원에서 같은 교습과목을 같은 시간에 같은 장소에서 교습받을 수 있는 학습자의 수는 시·도의 조례로 정한다.,위임,조례,5,학습자 수를 시·도 조례로 정하도록 규율권한을 넘긴다.
P07351,③ 제1항에도 불구하고 실험·실습 또는 실기 교습이 필요한 학원에서 같은 교습과목을 같은 시간에 같은 장소에서 교습받을 수 있는 학습자의 수는 시·도의 조례로 정한다.,위임,조례,5,학습자 수를 시·도 조례로 정하도록 규율권한을 넘긴다.
P07352,③ 제1항에도 불구하고 실험·실습 또는 실기 교습이 필요한 학원에서 같은 교습과목을 같은 시간에 같은 장소에서 교습받을 수 있는 학습자의 수는 시·도의 조례로 정한다.,위임,조례,5,학습자 수 결정 권한을 시·도 조례에 넘기는 위임 규정이다.
P07353,③ 제1항에도 불구하고 실험·실습 또는 실기 교습이 필요한 학원에서 같은 교습과목을 같은 시간에 같은 장소에서 교습받을 수 있는 학습자의 수는 시·도의 조례로 정한다.,위임,조례,5,학습자 수 결정 권한을 시·도 조례에 넘기는 위임 규정이다.
P07354,③ 제1항에도 불구하고 실험·실습 또는 실기 교습이 필요한 학원에서 같은 교습과목을 같은 시간에 같은 장소에서 교습받을 수 있는 학습자의 수는 시·도의 조례로 정한다.,위임,조례,5,학습자 수를 시·도 조례로 정하도록 규율권한을 넘기는 위임이다.
P07355,③ 제1항에도 불구하고 실험·실습 또는 실기 교습이 필요한 학원에서 같은 교습과목을 같은 시간에 같은 장소에서 교습받을 수 있는 학습자의 수는 시·도의 조례로 정한다.,위임,조례,5,학습자 수 결정 권한을 시·도 조례에 넘기는 위임 규정이다.
P07356,③ 제1항에도 불구하고 실험·실습 또는 실기 교습이 필요한 학원에서 같은 교습과목을 같은 시간에 같은 장소에서 교습받을 수 있는 학습자의 수는 시·도의 조례로 정한다.,위임,조례,5,학습자 수 산정 사항을 시·도 조례에 정하도록 규율권한을 넘긴다.
P07357,③ 제1항에도 불구하고 실험·실습 또는 실기 교습이 필요한 학원에서 같은 교습과목을 같은 시간에 같은 장소에서 교습받을 수 있는 학습자의 수는 시·도의 조례로 정한다.,위임,조례,5,학습자 수 결정 권한을 시·도 조례에 넘기는 위임 규정이다.
P07358,③ 제1항에도 불구하고 실험·실습 또는 실기 교습이 필요한 학원에서 같은 교습과목을 같은 시간에 같은 장소에서 교습받을 수 있는 학습자의 수는 시·도의 조례로 정한다.,위임,조례,5,학습자 수 결정 권한을 시·도 조례에 넘기는 위임 규정이다.
P07359,③ 제1항에도 불구하고 실험·실습 또는 실기 교습이 필요한 학원에서 같은 교습과목을 같은 시간에 같은 장소에서 교습받을 수 있는 학습자의 수는 시·도의 조례로 정한다.,위임,조례,5,학습자 수를 시·도 조례로 정하도록 규율권한을 넘긴다.
P07360,③ 제1항에도 불구하고 실험·실습 또는 실기 교습이 필요한 학원에서 같은 교습과목을 같은 시간에 같은 장소에서 교습받을 수 있는 학습자의 수는 시·도의 조례로 정한다.,위임,조례,5,학습자 수 산정 사항을 시·도 조례로 정하도록 규율권한을 넘긴다.
P07361,③ 제1항에도 불구하고 실험·실습 또는 실기 교습이 필요한 학원에서 같은 교습과목을 같은 시간에 같은 장소에서 교습받을 수 있는 학습자의 수는 시·도의 조례로 정한다.,위임,조례,5,학습자 수를 시·도 조례로 정하도록 규율권한을 넘긴다.
P07362,③ 제1항에도 불구하고 실험·실습 또는 실기 교습이 필요한 학원에서 같은 교습과목을 같은 시간에 같은 장소에서 교습받을 수 있는 학습자의 수는 시·도의 조례로 정한다.,위임,조례,5,학습자 수 결정 권한을 시·도 조례에 넘기는 위임 규정이다.
P07363,③ 제1항에도 불구하고 실험·실습 또는 실기 교습이 필요한 학원에서 같은 교습과목을 같은 시간에 같은 장소에서 교습받을 수 있는 학습자의 수는 시·도의 조례로 정한다.,위임,조례,5,학습자 수 결정을 시·도 조례에 넘기는 위임 규정이다.
P07364,③ 제1항에도 불구하고 실험·실습 또는 실기 교습이 필요한 학원에서 같은 교습과목을 같은 시간에 같은 장소에서 교습받을 수 있는 학습자의 수는 시·도의 조례로 정한다.,위임,조례,5,학습자 수 결정 권한을 시·도 조례에 넘기는 위임 규정이다.
P07365,교육부령으로 정한다,위임,부령,4,문말 종결형 '교육부령으로 정한다'로 부령에 규율권한을 넘기는 위임이다.
P07366,교육부령으로 정하는 서류를,위임,부령,4,문장이 불완전하나 '교육부령으로 정하는 서류'는 제출서류 사항을 부령에 맡기는 부분 위임이다.
P07367,교육부령으로 정하는 교습소설립·운영신고서에,위임,부령,3,문장이 절단되었으나 '교육부령으로 정하는 신고서'로 서식 사항을 부령에 넘기는 부분 위임이다.
P07368,교육부령으로 정하는 교습소설립·운영신고증명서를,위임,부령,4,신고증명서의 서식 등을 교육부령으로 정하도록 위임하는 문구이다.
P07369,교육부령으로 정하는 서류를,위임,부령,3,문장이 잘려 있으나 '교육부령으로 정하는 서류'라는 부분 위임 표현이 명확하다.
P07370,교육부령으로 정하는 개인과외교습자신고서에,위임,부령,3,문장이 일부 잘렸으나 '교육부령으로 정하는 신고서'라는 부분 위임 문언이 드러난다.
P07371,교육부령으로 정하는 변경신고서를,위임,부령,3,문장이 절단되었으나 '교육부령으로 정하는 변경신고서'는 서식에 관한 부분 위임으로 볼 수 있다.
P07372,⑥ 제1항부터 제5항까지에서 규정한 사항 외에 조정위원회의 구성·운영 등에 관한 구체적인 사항은 시·도 교육규칙으로 정한다.,위임,교육규칙,5,조정위원회 구성·운영에 관한 구체적 사항을 시·도 교육규칙에 정하도록 규율권한을 넘긴다.
P07373,⑥ 제1항부터 제5항까지에서 규정한 사항 외에 조정위원회의 구성·운영 등에 관한 구체적인 사항은 시·도 교육규칙으로 정한다.,위임,교육규칙,5,조정위원회 구성·운영 관련 구체적 사항을 시·도 교육규칙에 위임하는 종결형 위임 규정이다.
P07374,⑥ 제1항부터 제5항까지에서 규정한 사항 외에 조정위원회의 구성·운영 등에 관한 구체적인 사항은 시·도 교육규칙으로 정한다.,위임,교육규칙,5,조정위원회 구성·운영에 관한 구체적 사항을 시·도 교육규칙에 위임한다.
P07375,⑥ 제1항부터 제5항까지에서 규정한 사항 외에 조정위원회의 구성·운영 등에 관한 구체적인 사항은 시·도 교육규칙으로 정한다.,위임,교육규칙,5,조정위원회 구성·운영에 관한 구체적 사항을 시·도 교육규칙에 정하도록 규율권한을 넘긴다.
P07376,⑥ 제1항부터 제5항까지에서 규정한 사항 외에 조정위원회의 구성·운영 등에 관한 구체적인 사항은 시·도 교육규칙으로 정한다.,위임,교육규칙,5,조정위원회 구성·운영에 관한 구체적 사항을 시·도 교육규칙에 정하도록 규율권한을 넘긴다.
P07377,⑥ 제1항부터 제5항까지에서 규정한 사항 외에 조정위원회의 구성·운영 등에 관한 구체적인 사항은 시·도 교육규칙으로 정한다.,위임,교육규칙,5,조정위원회 구성·운영 관련 구체적 사항을 시·도 교육규칙에 정하도록 규율권한을 넘긴다.
P07378,⑥ 제1항부터 제5항까지에서 규정한 사항 외에 조정위원회의 구성·운영 등에 관한 구체적인 사항은 시·도 교육규칙으로 정한다.,위임,교육규칙,5,조정위원회 구성·운영에 관한 구체적 사항을 시·도 교육규칙에 위임한다.
P07379,⑥ 제1항부터 제5항까지에서 규정한 사항 외에 조정위원회의 구성·운영 등에 관한 구체적인 사항은 시·도 교육규칙으로 정한다.,위임,교육규칙,5,조정위원회 구성·운영에 관한 구체적 사항의 규율권한을 시·도 교육규칙에 넘긴다.
P07380,⑥ 제1항부터 제5항까지에서 규정한 사항 외에 조정위원회의 구성·운영 등에 관한 구체적인 사항은 시·도 교육규칙으로 정한다.,위임,교육규칙,5,조정위원회 구성·운영의 구체적 사항을 시·도 교육규칙에 정하도록 규율권한을 넘긴다.
P07381,⑥ 제1항부터 제5항까지에서 규정한 사항 외에 조정위원회의 구성·운영 등에 관한 구체적인 사항은 시·도 교육규칙으로 정한다.,위임,교육규칙,5,조정위원회 구성·운영에 관한 구체적 사항을 시·도 교육규칙에 위임한다.
P07382,⑥ 제1항부터 제5항까지에서 규정한 사항 외에 조정위원회의 구성·운영 등에 관한 구체적인 사항은 시·도 교육규칙으로 정한다.,위임,교육규칙,5,조정위원회 구성·운영에 관한 구체적 사항을 시·도 교육규칙에 정하도록 규율권한을 넘긴다.
P07383,⑥ 제1항부터 제5항까지에서 규정한 사항 외에 조정위원회의 구성·운영 등에 관한 구체적인 사항은 시·도 교육규칙으로 정한다.,위임,교육규칙,5,조정위원회 구성·운영에 관한 구체적 사항을 시·도 교육규칙에 정하도록 규율권한을 넘긴다.
P07384,⑥ 제1항부터 제5항까지에서 규정한 사항 외에 조정위원회의 구성·운영 등에 관한 구체적인 사항은 시·도 교육규칙으로 정한다.,위임,교육규칙,5,조정위원회 구성·운영에 관한 구체적 사항을 시·도 교육규칙에 위임한다.
P07385,⑥ 제1항부터 제5항까지에서 규정한 사항 외에 조정위원회의 구성·운영 등에 관한 구체적인 사항은 시·도 교육규칙으로 정한다.,위임,교육규칙,5,조정위원회 구성·운영에 관한 구체적 사항을 시·도 교육규칙에 정하도록 규율권한을 넘긴다.
P07386,⑥ 제1항부터 제5항까지에서 규정한 사항 외에 조정위원회의 구성·운영 등에 관한 구체적인 사항은 시·도 교육규칙으로 정한다.,위임,교육규칙,5,조정위원회 구성·운영에 관한 구체적 사항을 시·도 교육규칙에 위임한다.
P07387,⑥ 제1항부터 제5항까지에서 규정한 사항 외에 조정위원회의 구성·운영 등에 관한 구체적인 사항은 시·도 교육규칙으로 정한다.,위임,교육규칙,5,조정위원회 구성·운영에 관한 구체적 사항을 시·도 교육규칙에 위임하고 있다.
P07388,⑥ 제1항부터 제5항까지에서 규정한 사항 외에 조정위원회의 구성·운영 등에 관한 구체적인 사항은 시·도 교육규칙으로 정한다.,위임,교육규칙,5,조정위원회 구성·운영에 관한 사항을 시·도 교육규칙에 정하도록 규율권한을 넘긴다.
P07389,필요한 사항은 교육부령으로,판단불가,부령,2,"문장이 종결되지 않고 잘려 있어 위임 여부를 확정할 수 없으나, 문언상 교육부령이 지시되어 있다."
P07390,"⑥ 심의위원회의 설치·운영에 관한 사항, 증거자료의 요건, 그 밖에 포상금의 지급 및 기준에 관하여 필요한 사항은 시·도 교육규칙으로 정한다.",위임,교육규칙,5,필요한 사항을 시·도 교육규칙에 정하도록 규율권한을 넘긴다.
P07391,"⑥ 심의위원회의 설치·운영에 관한 사항, 증거자료의 요건, 그 밖에 포상금의 지급 및 기준에 관하여 필요한 사항은 시·도 교육규칙으로 정한다.",위임,교육규칙,5,필요한 사항을 시·도 교육규칙으로 정하도록 규율권한을 넘긴다.
P07392,"⑥ 심의위원회의 설치·운영에 관한 사항, 증거자료의 요건, 그 밖에 포상금의 지급 및 기준에 관하여 필요한 사항은 시·도 교육규칙으로 정한다.",위임,교육규칙,5,필요한 사항을 시·도 교육규칙으로 정하도록 규율권한을 넘긴다.
P07393,"⑥ 심의위원회의 설치·운영에 관한 사항, 증거자료의 요건, 그 밖에 포상금의 지급 및 기준에 관하여 필요한 사항은 시·도 교육규칙으로 정한다.",위임,교육규칙,5,필요한 사항을 시·도 교육규칙으로 정하도록 규율권한을 넘긴다.
P07394,"⑥ 심의위원회의 설치·운영에 관한 사항, 증거자료의 요건, 그 밖에 포상금의 지급 및 기준에 관하여 필요한 사항은 시·도 교육규칙으로 정한다.",위임,교육규칙,5,필요한 사항을 시·도 교육규칙으로 정하도록 규율권한을 넘기는 위임이다.
P07395,"⑥ 심의위원회의 설치·운영에 관한 사항, 증거자료의 요건, 그 밖에 포상금의 지급 및 기준에 관하여 필요한 사항은 시·도 교육규칙으로 정한다.",위임,교육규칙,5,필요한 사항을 시·도 교육규칙으로 정하도록 규율권한을 넘긴다.
P07396,"⑥ 심의위원회의 설치·운영에 관한 사항, 증거자료의 요건, 그 밖에 포상금의 지급 및 기준에 관하여 필요한 사항은 시·도 교육규칙으로 정한다.",위임,교육규칙,5,필요한 사항을 시·도 교육규칙에 정하도록 규율권한을 넘긴다.
P07397,"⑥ 심의위원회의 설치·운영에 관한 사항, 증거자료의 요건, 그 밖에 포상금의 지급 및 기준에 관하여 필요한 사항은 시·도 교육규칙으로 정한다.",위임,교육규칙,5,시·도 교육규칙에 필요한 사항의 규율권한을 넘기는 위임 규정이다.
P07398,"⑥ 심의위원회의 설치·운영에 관한 사항, 증거자료의 요건, 그 밖에 포상금의 지급 및 기준에 관하여 필요한 사항은 시·도 교육규칙으로 정한다.",위임,교육규칙,5,필요한 사항을 시·도 교육규칙으로 정하도록 규율권한을 넘긴다.
P07399,"⑥ 심의위원회의 설치·운영에 관한 사항, 증거자료의 요건, 그 밖에 포상금의 지급 및 기준에 관하여 필요한 사항은 시·도 교육규칙으로 정한다.",위임,교육규칙,5,필요한 사항을 시·도 교육규칙에 정하도록 규율권한을 넘기는 위임 규정이다.
P07400,"⑥ 심의위원회의 설치·운영에 관한 사항, 증거자료의 요건, 그 밖에 포상금의 지급 및 기준에 관하여 필요한 사항은 시·도 교육규칙으로 정한다.",위임,교육규칙,5,필요한 사항을 시·도 교육규칙으로 정하도록 규율권한을 넘긴다.
P07401,"⑥ 심의위원회의 설치·운영에 관한 사항, 증거자료의 요건, 그 밖에 포상금의 지급 및 기준에 관하여 필요한 사항은 시·도 교육규칙으로 정한다.",위임,교육규칙,5,필요한 사항을 시·도 교육규칙으로 정하도록 규율권한을 넘긴다.
P07402,"⑥ 심의위원회의 설치·운영에 관한 사항, 증거자료의 요건, 그 밖에 포상금의 지급 및 기준에 관하여 필요한 사항은 시·도 교육규칙으로 정한다.",위임,교육규칙,5,필요한 사항을 시·도 교육규칙에 정하도록 규율권한을 넘기는 위임이다.
P07403,"⑥ 심의위원회의 설치·운영에 관한 사항, 증거자료의 요건, 그 밖에 포상금의 지급 및 기준에 관하여 필요한 사항은 시·도 교육규칙으로 정한다.",위임,교육규칙,5,필요한 사항을 시·도 교육규칙으로 정하도록 규율권한을 넘긴다.
P07404,"⑥ 심의위원회의 설치·운영에 관한 사항, 증거자료의 요건, 그 밖에 포상금의 지급 및 기준에 관하여 필요한 사항은 시·도 교육규칙으로 정한다.",위임,교육규칙,5,필요한 사항을 시·도 교육규칙에 정하도록 규율권한을 넘긴다.
P07405,"⑥ 심의위원회의 설치·운영에 관한 사항, 증거자료의 요건, 그 밖에 포상금의 지급 및 기준에 관하여 필요한 사항은 시·도 교육규칙으로 정한다.",위임,교육규칙,5,필요한 사항을 시·도 교육규칙에 정하도록 규율권한을 넘긴다.
P07406,"⑥ 심의위원회의 설치·운영에 관한 사항, 증거자료의 요건, 그 밖에 포상금의 지급 및 기준에 관하여 필요한 사항은 시·도 교육규칙으로 정한다.",위임,교육규칙,5,필요한 사항을 시·도 교육규칙에 정하도록 규율권한을 넘기는 위임이다.
P07407,대통령령으로 정하는 평생교육시설,위임,대통령령,4,'대통령령으로 정하는 평생교육시설'은 요건의 일부를 대통령령에 맡기는 부분 위임이다.
P07408,학습과정에 대하여 대통령령으로 정하는 바에 따라 평가인정을 할 수 있,위임,대통령령,4,문장이 다소 잘렸으나 '대통령령으로 정하는 바에 따라'로 평가인정의 기준·절차를 대통령령에 넘기는 위임이다.
P07409,는 교육훈련기관은 대통령령으로 정하는 바에 따라 교육부장관에게 평가인,판단불가,대통령령,2,문장 앞뒤가 잘려 있어 규율권한 이전 여부를 확정할 수 없으나 '대통령령으로 정하는 바에 따라'라는 표지만 확인된다.
P07410,교육부령으로 정하는,판단불가,부령,3,문장이 '교육부령으로 정하는'에서 잘려 무엇을 위임하는지 확인할 수 없다.
P07411,교육부령으로 정하는,위임,부령,3,문장이 단편이지만 '교육부령으로 정하는'이라는 미완료형 부분 위임 문형으로 교육부령에 규율권한을 넘긴다.
P07412,평가인정 기준의 내용은 대통령령으로,판단불가,대통령령,3,문장이 '대통령령으로'에서 잘려 종결부가 없어 위임 문언인지 확정할 수 없으나 표지어구는 대통령령이다.
P07413,사항은 대통령령으로,판단불가,미특정,4,문장이 중간에서 잘려 있어 위임 여부와 대상 사항을 확정할 수 없다.
P07414,대통령령으로 정하는 평가인정,위임,대통령령,3,문장이 단편이지만 '대통령령으로 정하는 ○○' 형태의 부분 위임으로 볼 수 있다.
P07415,위하여 대통령령으로,판단불가,대통령령,4,문장이 '위하여 대통령령으로'에서 잘려 규율 대상과 종결형을 확인할 수 없어 위임 여부를 판정할 수 없다.
P07416,대통령령으로 정하는 바에 따라 교육훈련기관에,판단불가,해당없음,3,문장이 중간에서 절단되어 술어가 없어 위임 여부를 확정할 수 없다.
P07417,대통령령으로 정하는,판단불가,대통령령,2,문장이 '대통령령으로 정하는'에서 잘려 규율 대상과 종결 구조를 알 수 없어 위임 여부를 확정할 수 없다.
P07418,범위에서 대통령령으로,판단불가,미특정,4,문장이 조각으로 잘려 있어 규율권한 이전 여부를 판정할 수 없다.
P07419,사항은 대통령령으로,판단불가,대통령령,3,문장이 중간에서 잘려 서술어가 없어 위임 여부를 확정할 수 없으나 문언상 대통령령이 지시되어 있다.
P07420,대통령령으로 정한다,위임,대통령령,4,문말 종결형 '대통령령으로 정한다'로 대통령령에 규율권한을 넘기는 위임이다.
P07421,대통령령으로 정하는,판단불가,대통령령,3,문장이 '대통령령으로 정하는'에서 잘려 규율 대상과 종결형태를 확인할 수 없으나 표지어구는 대통령령이다.
P07422,대통령령으로 정하는 자격,위임,대통령령,3,문장이 조각이지만 '대통령령으로 정하는 자격'은 요건 일부를 대통령령에 맡기는 부분 위임 형태이다.
P07423,대통령령으로 정하는 시험,위임,대통령령,4,'대통령령으로 정하는 시험'은 요건의 구체화를 대통령령에 맡기는 부분 위임이다.
P07424,대통령령으로 정하는 사람,위임,대통령령,4,'대통령령으로 정하는 사람'은 요건의 일부를 대통령령에 맡기는 부분 위임이다.
P07425,사항은 대통령령으로,판단불가,미특정,3,문장이 중간에 잘려 서술부가 없어 위임 여부를 확정할 수 없다.
P07426,사항은 대통령령으로,판단불가,미특정,3,문장이 '사항은 대통령령으로'에서 잘려 종결 서술어가 없어 위임 여부를 확정할 수 없다.
P07427,학력인정의 기준은 대통령령으로,판단불가,대통령령,3,문장이 서술어 없이 잘려 있어 위임 종결 여부를 확정할 수 없으나 표지어구로 대통령령이 지시되어 있다.
P07428,대통령령으로 정하는 요건을,판단불가,해당없음,4,문장이 중간에 잘려 서술어가 없어 위임 여부를 확정할 수 없다.
P07429,대통령령으로 정한다,위임,대통령령,4,문말 종결형 '대통령령으로 정한다'로 학위수여 관련 사항의 규율권한을 대통령령에 넘긴다.
P07430,대통령령으로 정한다,위임,대통령령,5,'대통령령으로 정한다'는 종결형으로 대통령령에 규율권한을 넘기는 위임이다.
P07431,대통령령으로 정한다,위임,대통령령,4,'대통령령으로 정한다'는 종결형 문언으로 대통령령에 규율권한을 넘기는 위임이다.
P07432,대통령령으로 정하는 바에 따라 그 일부를,위임,대통령령,3,문장이 절단되었으나 권한의 위임·위탁 조문에서 '대통령령으로 정하는 바에 따라' 규율권한을 대통령령에 넘기는 위임 문언이다.
P07433,대통령령으로 정하는 관계 기관의 장,위임,대통령령,4,'대통령령으로 정하는 관계 기관의 장'은 수임 대상 범위를 대통령령에 맡기는 부분 위임이다.
P07434,대통령령으로 정하는,위임,대통령령,3,문장이 잘려 있으나 '대통령령으로 정하는'이라는 부분 위임 표지가 명확하여 위임으로 본다.
P07435,교육부령으로 정하는,판단불가,부령,2,문장이 '교육부령으로 정하는'에서 잘려 규율권한 이전 여부를 확정할 수 없으나 표지는 교육부령(부령)이다.
P07436,과태료는 대통령령으로,판단불가,대통령령,2,문장이 중간에서 잘려 종결부가 없어 위임 여부를 확정할 수 없으나 '대통령령'이 언급되어 있다.
P07437,교육부령으로 정하는 신청서에,위임,부령,3,문장이 잘려 있으나 '교육부령으로 정하는 신청서'는 서식 사항을 부령에 넘기는 부분 위임이다.
P07438,교육부령으로 따로,판단불가,미특정,4,문장이 '교육부령으로 따로'에서 잘려 서술어가 없어 위임 여부를 확정할 수 없다.
P07439,사항은 교육부령으로,판단불가,부령,3,문장이 중간에 잘려 서술어가 없어 위임 여부를 확정할 수 없으나 표지어구로 교육부령(부령)이 지정되어 있다.
P07440,강사: 교육부장관이 정하여 고시하는 자격을 가진 사람,위임,고시,5,강사 자격 요건을 교육부장관의 고시로 정하도록 규율권한을 넘기는 부분 위임이다.
P07441,교육부령으로 정하는 신청서에,위임,부령,3,문장이 잘려 있으나 '교육부령으로 정하는 신청서'라는 부분 위임 문구가 확인된다.
P07442,교육부령으로 정하는 학점인정서를,위임,부령,3,문장이 잘려 있으나 '교육부령으로 정하는 학점인정서'는 서식 사항을 부령에 넘기는 부분 위임이다.
P07443,교육부령으로 정하는 발급신청서에,위임,부령,3,문장이 잘려 있으나 '교육부령으로 정하는 발급신청서'라는 부분 위임 표지가 명확하다.
P07444,교육부령으로 정하는 학력인정증명서를,판단불가,미특정,3,문장이 중간에 잘려 종결부가 없어 위임 여부를 확정할 수 없다.
P07445,사항은 교육부령으로,판단불가,부령,2,문장이 중간에서 잘려 종결부가 없어 위임 여부를 확정할 수 없으나 문언에 교육부령이 명시되어 있다.
P07446,교육부령으로 정하는 신청서에,위임,부령,3,문장이 잘렸으나 '교육부령으로 정하는 신청서'라는 부분 위임 문언이 확인된다.
P07447,교육부령으로 정하는 학위증서를,위임,부령,3,문장이 절단되었으나 '교육부령으로 정하는 학위증서'라는 부분 위임 문언이 확인된다.
P07448,표준교육과정을 교육부령으로,판단불가,부령,3,문장이 서술어 없이 잘려 있어 위임 여부를 확정할 수 없으나 문언상 교육부령이 지시되어 있다.
P07449,"운영하는 경우만 해당한다), 행정실 등 교육부장관이 정하는 시설",위임,미특정,3,문장이 일부 잘렸으나 '교육부장관이 정하는 시설'로 법형식을 특정하지 않은 채 규율권한을 넘긴다.
P07450,학습과정별로 교육부장관이 정하는 설비,위임,미특정,4,'교육부장관이 정하는 설비'로 설비 기준의 규율권한을 넘기지만 법형식은 지정하지 않았다.
P07451,평가인정의 세부 기준은 교육부장관이 따로 정하여 고시한다.,위임,고시,5,세부 기준을 교육부장관의 고시로 정하도록 규율권한을 넘긴다.
P07452,평가인정의 세부 기준에 관하여 필요한 사항은 교육부장관이 정한다.,위임,미특정,5,교육부장관에게 세부 기준 제정 권한을 넘기지만 법형식은 지정하지 않았다.
P07453,전공과목의 학점은 학위의 종류에 따라 교육부장관이 정한다.,위임,미특정,5,교육부장관에게 학점 기준의 규율권한을 넘기나 법형식을 지정하지 않았다.
P07454,교육부장관이 정하는 서류(전자문서를 포함한다)를 첨부하여,위임,미특정,4,'교육부장관이 정하는 서류'로 서류의 범위를 하위 규범에 맡기되 법형식은 지정하지 않았다.
P07455,표준교육과정의 세부 기준에 관하여 필요한 사항은 교육부장관이 정한다.,위임,미특정,5,교육부장관에게 규율권한을 넘기지만 법형식을 지정하지 않았다.
P07456,교육부장관이 정하는 수수료를 원장에게 내야 한다.,위임,미특정,4,수수료 액수 결정을 교육부장관에게 맡기되 법형식을 지정하지 않은 부분 위임이다.
P07457,사항은 대통령령으로,판단불가,대통령령,3,문장이 중간에서 잘려 서술어가 없어 위임 여부를 확정할 수 없으나 표지어구상 대통령령이 지정되어 있다.
P07458,사항은 대통령령으로,판단불가,대통령령,2,문장이 중간에 잘려 종결부가 없어 위임 여부를 확정할 수 없으나 문언상 대통령령이 명시되어 있다.
P07459,사항은 대통령령으로,판단불가,대통령령,3,문장이 '사항은 대통령령으로'에서 잘려 서술어가 없어 위임 여부를 확정할 수 없으나 법형식은 대통령령으로 명시되어 있다.
P07460,대통령령으로 정하는,위임,대통령령,3,문장이 불완전하게 잘렸으나 '대통령령으로 정하는'이라는 부분 위임 표지가 명확하다.
P07461,대통령령으로 정하는,판단불가,대통령령,3,문장이 '대통령령으로 정하는'에서 끊겨 무엇을 위임하는지 확인할 수 없으나 표지어구는 대통령령이다.
P07462,대통령령으로 정하는 바에,판단불가,해당없음,4,문장이 중간에 잘려 있어 위임인지 인용인지 확정할 수 없다.
P07463,대통령령으로,판단불가,해당없음,4,문장이 '대통령령으로'에서 잘려 있어 위임 여부를 판정할 수 없다.
P07464,사항은 대통령령으로,판단불가,해당없음,3,문장이 잘려 있어 위임 종결 여부를 확인할 수 없다.
P07465,대통령령으로 정하는,판단불가,해당없음,4,문장이 '대통령령으로 정하는'에서 잘려 무엇을 위임하는지 확인할 수 없다.
P07466,대통령령으로 정하는 바에,판단불가,대통령령,2,문장이 '대통령령으로 정하는 바에'에서 끊겨 위임 대상과 종결 형태를 확인할 수 없다.
P07467,사항은 대통령령으로,판단불가,해당없음,4,문장이 중간에서 잘려 있어 위임의 종결 여부와 대상을 확정할 수 없다.
P07468,사항은 대통령령으로,판단불가,대통령령,2,문장이 중간에 잘려 종결부가 없어 위임 여부를 확정할 수 없으나 표지어구는 대통령령이다.
P07469,대통령령으로 정하는,판단불가,대통령령,3,문장이 '대통령령으로 정하는'에서 잘려 수임 대상과 규율 내용을 확인할 수 없어 위임 여부를 확정할 수 없다.
P07470,대통령령으로 정한다,위임,대통령령,4,문장이 짧게 잘렸으나 '대통령령으로 정한다'는 종결형 위임 문언이다.
P07471,대통령령으로 정한다,위임,대통령령,4,문말 종결형 '대통령령으로 정한다'로 대통령령에 규율권한을 넘기는 위임이다.
P07472,대통령령으로 정한다,위임,대통령령,4,문말 종결형 '대통령령으로 정한다'로 대통령령에 규율권한을 넘긴다.
P07473,대통령령으로 정한다,위임,대통령령,4,문말 '대통령령으로 정한다'는 대통령령에 규율권한을 넘기는 위임이다.
P07474,대통령령으로 정한다,위임,대통령령,4,문장이 축약되었으나 '대통령령으로 정한다'는 종결형으로 하부조직 관련 사항의 규율권한을 대통령령에 넘긴다.
P07475,대통령령으로 정한다,위임,대통령령,4,문말 '대통령령으로 정한다'는 종결형으로 대통령령에 규율권한을 넘기는 위임이다.
P07476,대통령령으로 정한다,위임,대통령령,4,문장이 단편적이나 종결형 '대통령령으로 정한다'로 대통령령에 규율권한을 넘긴다.
P07477,대통령령으로 정한다,위임,대통령령,5,문말 종결형 '대통령령으로 정한다'로 대통령령에 규율권한을 넘기는 위임이다.
P07478,대통령령으로 정한다,위임,대통령령,4,주어부가 생략되었으나 '대통령령으로 정한다'는 종결형으로 대통령령에 규율권한을 넘기는 위임이다.
P07479,대통령령으로 정한다,위임,대통령령,4,문장이 단편적이나 '대통령령으로 정한다'는 종결형으로 대통령령에 규율권한을 넘기는 위임이다.
P07480,대통령령으로 정한다,위임,대통령령,4,문말 종결형 '대통령령으로 정한다'로 규율권한을 대통령령에 넘기는 위임이다.
P07481,대통령령으로 정한다,위임,대통령령,4,문장이 축약되었으나 '대통령령으로 정한다'는 종결형으로 대통령령에 규율권한을 넘기는 위임이다.
P07482,사항은 대통령령으로,판단불가,대통령령,4,문장이 중간에서 잘려 종결 형태와 위임 여부를 확인할 수 없다.
P07483,사항은 대통령령으로,판단불가,대통령령,2,문장이 중간에서 잘려 종결부와 위임 대상이 확인되지 않으나 '대통령령으로'라는 표지어구만 남아 있다.
P07484,사항은 대통령령으로,판단불가,대통령령,2,문장이 중간에서 잘려 종결부가 없어 위임 여부를 확정할 수 없으나 표지어구는 대통령령이다.
P07485,사항은 대통령령으로,판단불가,대통령령,2,문장이 중간에서 잘려 종결부가 없어 위임 여부를 확정할 수 없으나 문언상 대통령령이 지정되어 있다.
P07486,재단은 대통령령으로,판단불가,대통령령,2,문장이 '재단은 대통령령으로'에서 잘려 규율권한 이전 여부를 확정할 수 없다.
P07487,위원은 대통령령으로,판단불가,미특정,3,문장이 '대통령령으로'에서 잘려 서술어가 없어 위임인지 인용인지 확정할 수 없다.
P07488,구체적인 사항은 대통령령으로,판단불가,해당없음,3,문장이 '대통령령으로'에서 잘려 종결 문언(정한다/정하는 바에 따라 등)을 확인할 수 없어 위임 여부를 확정할 수 없다.
P07489,대통령령으로 정하는,판단불가,대통령령,3,문장이 '대통령령으로 정하는'에서 잘려 무엇을 위임하는지 확인할 수 없어 판정이 불가하다.
P07490,대통령령으로 정하는,위임,대통령령,3,문장이 조각이지만 '대통령령으로 정하는' 부분위임 형태로 대통령령에 규율권한을 넘긴다.
P07491,교육부장관이 평가인정한 학습과정을 설치·운영하는 교육훈련기관 중 교육부장관이 정하여 고시하는 교육훈련기관,위임,고시,5,'교육부장관이 정하여 고시하는'으로 고시에 대상 범위 결정 권한을 넘기는 부분 위임이다.
P07492,교육부장관이 평가인정한 학습과정을 설치·운영하는 교육훈련기관 중 교육부장관이 정하여 고시하는 교육훈련기관,위임,고시,5,교육훈련기관의 범위를 교육부장관 고시로 정하도록 위임하고 있다.
P07493,대통령령으로 정한다,위임,대통령령,4,전환대출 대상에 관한 사항을 대통령령에 정하도록 규율권한을 넘긴다.
P07494,사항은 대통령령으로,판단불가,해당없음,3,문장이 절단되어 서술어와 대상이 없어 위임 여부를 확정할 수 없다.
P07495,사항은 대통령령으로,판단불가,해당없음,4,문장이 중간에서 잘려 종결부와 규율 대상이 없어 위임 여부를 확정할 수 없다.
P07496,사항은 대통령령으로,판단불가,대통령령,3,문장이 잘려 있어 위임 여부를 확정할 수 없으나 문언상 대통령령이 지정되어 있다.
P07497,사항은 대통령령으로,판단불가,대통령령,2,문장이 중간에서 잘려 종결형과 위임 대상 사항을 확인할 수 없어 위임 여부를 확정할 수 없다.
P07498,사항은 대통령령으로,판단불가,대통령령,3,문장이 중간에서 잘려 있어 위임 여부를 확정할 수 없으나 표지어구로 대통령령이 지시되어 있다.
P07499,사항은 대통령령으로,판단불가,대통령령,3,문장이 '사항은 대통령령으로'에서 잘려 서술어가 없어 위임 종결 여부를 확정할 수 없다.
P07500,사항은 대통령령으로,판단불가,대통령령,2,문장이 '사항은 대통령령으로'에서 잘려 종결 문언을 확인할 수 없어 위임 여부를 확정할 수 없다.
P07501,사항은 대통령령으로,판단불가,해당없음,3,문장이 중간에서 잘려 서술어가 없어 위임 여부를 확정할 수 없다.
P07502,사항은 대통령령으로,판단불가,대통령령,3,문장이 '사항은 대통령령으로'에서 잘려 종결 서술어가 없어 위임 여부를 확정할 수 없다.
P07503,사항은 대통령령으로,판단불가,미특정,4,문장이 잘려 주어와 서술어가 없어 위임 여부를 확정할 수 없다.
P07504,사항은 대통령령으로,판단불가,해당없음,3,문장이 중간에서 잘려 서술어가 없어 위임 여부를 확정할 수 없다.
P07505,사항은 대통령령으로,판단불가,대통령령,3,문장이 중간에서 잘려 서술어가 없어 위임 여부를 확정할 수 없으나 문언상 대통령령이 명시되어 있다.
P07506,대통령령으로 정하는,판단불가,대통령령,3,문장이 '대통령령으로 정하는'에서 잘려 있어 위임 종결 여부를 확정할 수 없다.
P07507,대통령령으로 정하는 방법,위임,대통령령,4,여유자금 운용방법을 대통령령에 맡기는 부분 위임 문구이다.
P07508,대통령령으로 정하는 사항,위임,대통령령,4,호(號) 형식의 '대통령령으로 정하는 사항'은 규율 내용을 대통령령에 넘기는 부분 위임이다.
P07509,대통령령으로 정하는 사람으로,위임,대통령령,3,문장이 잘려 있으나 '대통령령으로 정하는 사람'이라는 부분위임 문언이 확인된다.
P07510,대통령령으로 정하는 사유로,위임,대통령령,3,문장이 절단되었으나 '대통령령으로 정하는 사유'라는 요건 일부의 부분 위임 문언이 확인된다.
P07511,대통령령으로 정하는 바에 따라 그 학자금의 전부,위임,대통령령,3,문장이 절단되었으나 '대통령령으로 정하는 바에 따라'라는 문언이 상환 방법 등의 규율권한을 대통령령에 넘기고 있다.
P07512,따로 법률로,판단불가,해당없음,4,문장이 '따로 법률로'에서 잘려 있어 규율권한 이전 여부를 판정할 수 없다.
P07513,대통령령으로 정하는,판단불가,대통령령,3,문장이 '대통령령으로 정하는'에서 잘려 있어 위임 대상과 종결 구조를 확인할 수 없다.
P07514,대통령령으로 정하는 자금,위임,대통령령,4,보증계정 조성 재원의 일부인 자금의 범위를 대통령령에 맡기는 부분 위임이다.
P07515,대통령령으로 정하는 비율에,위임,대통령령,3,문장이 불완전하게 잘렸으나 '대통령령으로 정하는 비율'은 요건 일부를 대통령령에 맡기는 부분 위임이다.
P07516,대통령령으로 정하는 사항,위임,대통령령,4,열거 항목 형태이나 규율 대상 사항을 대통령령에 맡기는 부분 위임이다.
P07517,범위에서 대통령령으로,판단불가,대통령령,3,문장이 '범위에서 대통령령으로'로 잘려 있어 위임 종결 여부를 확정할 수 없으나 문언상 대통령령이 지정되어 있다.
P07518,대통령령으로 정하는,판단불가,대통령령,3,문장이 '대통령령으로 정하는'에서 절단되어 규율 대상과 종결 형태를 확인할 수 없다.
P07519,대통령령으로 정하는 바에 따라 추가보증료를,판단불가,대통령령,3,문장이 중간에 잘려 종결부가 없어 규율권한 이전 여부를 확정할 수 없으나 문언상 대통령령을 지정하고 있다.
P07520,대통령령으로 정하는 채무불이행,위임,대통령령,4,문장이 조각이지만 '대통령령으로 정하는 채무불이행'은 요건 일부를 대통령령에 맡기는 부분 위임이다.
P07521,대통령령으로 정하는 종속채무를,위임,대통령령,3,문장이 잘려 있으나 '대통령령으로 정하는 종속채무'라는 부분 위임 표지가 명확하다.
P07522,대통령령으로 정하는 경우,위임,대통령령,4,호 형태의 단문이지만 '대통령령으로 정하는 경우'로 요건 일부를 대통령령에 맡기는 부분 위임이다.
P07523,대통령령으로 정하는 사항,위임,대통령령,4,호 형태의 단편이지만 '대통령령으로 정하는 사항'으로 규율사항을 대통령령에 넘기는 부분 위임이다.
P07524,필요한 사항은 대통령령으로,판단불가,대통령령,3,문장이 종결되지 않고 잘려 있어 위임 여부를 확정할 수 없으나 표지어구는 대통령령이다.
P07525,필요한 사항은 대통령령으로,판단불가,대통령령,3,문장이 종결되지 않고 잘려 있어 위임 여부를 확정할 수 없으나 문언상 대통령령이 지시되어 있다.
P07526,대통령령으로 정하는,판단불가,대통령령,3,문장이 '대통령령으로 정하는'에서 잘려 무엇을 위임하는지 확인할 수 없다.
P07527,대통령령으로 정하는,판단불가,대통령령,3,문장이 '대통령령으로 정하는'에서 잘려 규율 대상이나 종결 형태를 확인할 수 없다.
P07528,필요한 사항은 대통령령으로,위임,대통령령,3,문말이 잘렸으나 '필요한 사항은 대통령령으로'는 대통령령에 규율권한을 넘기는 전형적 위임 문형이다.
P07529,예금의 평균잔액과 그 밖에 대통령령으로,판단불가,대통령령,2,문장이 중간에 잘려 종결 구조를 확인할 수 없어 위임 여부를 확정할 수 없으나 문언상 대통령령이 표시되어 있다.
P07530,채무액과 그 밖에 대통령령으로,판단불가,해당없음,3,문장이 중간에 잘려 서술어가 없어 위임 여부를 확정할 수 없다.
P07531,보험료와 그 밖에 대통령령으로,판단불가,미특정,3,문장이 중간에서 잘려 대통령령에 무엇을 위임하는지 확인할 수 없다.
P07532,필요한 사항은 대통령령으로,판단불가,대통령령,3,문말 서술어가 잘려 위임 종결 여부를 확정할 수 없으나 '대통령령으로'라는 법형식 표지는 명시되어 있다.
P07533,대통령령으로 정하는 자료,위임,대통령령,4,'대통령령으로 정하는 자료'는 요건 일부를 대통령령에 맡기는 부분 위임이다.
P07534,대통령령으로 정하는,판단불가,대통령령,3,문장이 '대통령령으로 정하는'에서 잘려 수식 대상과 종결이 없어 위임 여부를 확정할 수 없으나 문언상 법형식은 대통령령이다.
P07535,필요한 사항은 대통령령으로,위임,대통령령,3,문장이 절단되었으나 '필요한 사항은 대통령령으로'라는 문언상 대통령령에 규율권한을 넘기는 위임으로 판단된다.
P07536,대통령령으로 정하는 기준,위임,대통령령,3,문장이 명사구로 잘려 있으나 '대통령령으로 정하는 기준'은 기준 설정 권한을 대통령령에 넘기는 부분 위임 형태이다.
P07537,대통령령으로 정하는 규모,위임,대통령령,3,문장이 일부만 제시되었으나 '대통령령으로 정하는 규모'라는 부분 위임 형식이 명확하다.
P07538,대통령령으로 정하는 기관,위임,대통령령,4,'대통령령으로 정하는 기관'은 기관의 범위 확정을 대통령령에 맡기는 부분 위임이다.
P07539,내용 등은 대통령령으로,판단불가,해당없음,3,문장이 '대통령령으로'에서 잘려 서술어가 없어 위임 여부를 확정할 수 없다.
P07540,대통령령으로 정하는 바에 따라 학자금 초과금액을,위임,대통령령,3,문장이 중간에 잘려 있으나 '대통령령으로 정하는 바에 따라'라는 부분 위임 문구가 명시되어 있다.
P07541,예외 처리에 관한 사항은 교육부장관이 정하는 바에 따른다.,위임,미특정,5,'교육부장관이 정하는 바에 따른다'로 규율권한을 넘기지만 법형식을 지정하지 않았다.
P07542,대통령령으로 정하는,판단불가,대통령령,3,문장이 '대통령령으로 정하는'에서 잘려 무엇을 위임하는지 확인할 수 없다.
P07543,대통령령으로 정한다,위임,대통령령,5,문말 '대통령령으로 정한다'로 대통령령에 규율권한을 넘기는 위임이다.
P07544,과태료는 대통령령으로,판단불가,미특정,3,문장이 '대통령령으로'에서 잘려 서술어가 없어 위임인지 확정할 수 없다.
P07545,이 경우 상환 면제의 기준에 관한 세부 사항은 교육부장관이 정하여 고시한다.,위임,고시,5,상환 면제 기준의 세부 사항을 교육부장관의 고시에 위임한다.
P07546,② 법 제50조의5제2항 단서에 따라 학자금 지원 현황에 관한 자료 제출 의무의 전부 또는 일부를 면제받으려는 기관은 같은 항 본문에 따른 요청을 받은 날부터 15일 이내에 교육부장관에게 제출 의무의 면제를 신청하여야 한다. 이 경우 교육부장관이 정하여 고시하는 면제신청서에 신청 사유를 구체적으로 소명할 수 있는 서류 및 자료를 첨부하여 교육부장관에게 제출하여야 한다.,위임,고시,4,면제신청서 서식을 교육부장관이 정하여 고시하도록 규율권한을 넘기는 부분 위임이다.
P07547,2. 반환의무자에게 법 및 「취업 후 학자금 상환 특별법」에 따라 대출을 받고 변제를 완료하지 아니한 학자금이 없는 경우: 교육부장관이 정하여 고시하는 기준 및 순서에 따라 교육부장관 또는 재단이 무상 지원하는 학자금의 재원이 되는 계정 또는 회계의 수입으로 처리,위임,고시,4,기준 및 순서를 교육부장관이 정하여 고시하도록 규율권한을 넘기는 부분 위임이다.
P07548,필요한 사항은 대통령령으로,판단불가,대통령령,3,문장이 종결부 없이 잘려 있어 위임 여부를 확정할 수 없으나 표지어구상 대통령령이 지정되어 있다.
P07549,필요한 사항은 대통령령으로,판단불가,해당없음,3,문장이 '대통령령으로'에서 잘려 서술어가 없어 위임 종결 여부를 확정할 수 없다.
P07550,대통령령으로 정하는,판단불가,대통령령,3,문장이 '대통령령으로 정하는'에서 잘려 있어 규율권한 이전 여부를 확정할 수 없으나 문언상 지정 법형식은 대통령령이다.
P07551,필요한 사항은 대통령령으로,판단불가,대통령령,2,문장이 종결되지 않고 잘려 있어 위임 여부를 확정할 수 없으나 표지어구상 대통령령이 지목되어 있다.
P07552,필요한 사항은 대통령령으로,판단불가,대통령령,2,문장이 종결부 없이 잘려 있어 위임 여부를 확정할 수 없으나 표지어구는 대통령령이다.
P07553,필요한 사항은 대통령령으로,판단불가,대통령령,3,문장이 종결되지 않고 잘려 있어 위임 여부를 확정할 수 없으나 표지어구로 대통령령이 나타난다.
P07554,필요한 사항은 대통령령으로,판단불가,대통령령,3,문장이 '대통령령으로'에서 잘려 종결 형태(정한다/정하는 바에 따라 등)를 확인할 수 없어 위임 여부를 확정할 수 없다.
P07555,필요한 사항은 대통령령으로,판단불가,대통령령,3,문장이 '대통령령으로'에서 잘려 종결부가 없어 위임 여부를 확정할 수 없으나 표지어구는 대통령령이다.
P07556,사항은 대통령령으로,판단불가,대통령령,3,문장이 중간에서 잘려 종결부가 없어 위임 여부를 확정할 수 없으나 문언에는 대통령령이 명시되어 있다.
P07557,사항은 대통령령으로,판단불가,해당없음,4,문장이 중간에서 잘려 종결부가 없어 위임인지 인용인지 판정할 수 없다.
P07558,대통령령으로 정하는 바에,판단불가,대통령령,3,문장이 '대통령령으로 정하는 바에'에서 끊겨 있어 규율권한 이전 여부를 확정할 수 없다.
