id,조문문장,T7_L1,T7_L2,T7_확신도,T7_근거
P00001,대통령령으로 정하는,위임,대통령령,,rule
P00002,대통령령으로 정하는,위임,대통령령,,rule
P00003,대통령령으로 정하는,위임,대통령령,,rule
P00004,대통령령으로 정하는,위임,대통령령,,rule
P00005,대통령령으로 정한다,위임,대통령령,,rule
P00006,대통령령으로 정한다,위임,대통령령,,rule
P00007,대통령령으로 정한다,위임,대통령령,,rule
P00008,대통령령으로 정한다,위임,대통령령,,rule
P00009,대통령령으로 정한다,위임,대통령령,,rule
P00010,대통령령으로 정한다,위임,대통령령,,rule
P00011,대통령령으로 정하는,위임,대통령령,,rule
P00012,대통령령으로 정하는 비율의,위임,대통령령,,rule
P00013,대통령령으로 정하는 인력의 양성과,위임,대통령령,,rule
P00014,내국인의 수는 대통령령으로 정하는,위임,대통령령,,rule
P00015,대통령령으로 정하는,위임,대통령령,,rule
P00016,대통령령으로 정한다,위임,대통령령,,rule
P00017,교육부장관이 정하는 회계기준 등에 따라 처리한다.,위임,미특정,,rule
P00018,대통령령으로 정하는 바에 따라 외국교육기관의 신청을,위임,대통령령,,rule
P00019,대통령령으로 정하는,위임,대통령령,,rule
P00020,③ 법 제10조제1항 단서에 따라 외국교육기관에 입학할 수 있는 내국인 학생 수의 비율은 해당 외국교육기관 학생정원의 30퍼센트의 범위에서 위원회가 조정하는 비율로 한다. 이 경우 교육감이 특별시·광역시 또는 도의 교육여건을 고려하여 학생정원의 20퍼센트의 범위에서 특별시·광역시 또는 도의 교육규칙으로 입학비율을 추가로 높일 수 있다.,판단불가,해당없음,,rule
P00021,③ 법 제10조제1항 단서에 따라 외국교육기관에 입학할 수 있는 내국인 학생 수의 비율은 해당 외국교육기관 학생정원의 30퍼센트의 범위에서 위원회가 조정하는 비율로 한다. 이 경우 교육감이 특별시·광역시 또는 도의 교육여건을 고려하여 학생정원의 20퍼센트의 범위에서 특별시·광역시 또는 도의 교육규칙으로 입학비율을 추가로 높일 수 있다.,판단불가,해당없음,,rule
P00022,③ 법 제10조제1항 단서에 따라 외국교육기관에 입학할 수 있는 내국인 학생 수의 비율은 해당 외국교육기관 학생정원의 30퍼센트의 범위에서 위원회가 조정하는 비율로 한다. 이 경우 교육감이 특별시·광역시 또는 도의 교육여건을 고려하여 학생정원의 20퍼센트의 범위에서 특별시·광역시 또는 도의 교육규칙으로 입학비율을 추가로 높일 수 있다.,판단불가,해당없음,,rule
P00023,"② 제1항제1호, 제1호의2, 제2호 및 제3호의 기준에 대한 구체적인 내용은 교육부장관이 정한다.",판단불가,해당없음,,rule
P00024,8. 그 밖에 신청기관의 지정 여부를 심의하기 위하여 교육부장관이 정하는 자료,위임,미특정,,rule
P00025,대통령령으로 정하는,위임,대통령령,,rule
P00026,대통령령으로 정하는,위임,대통령령,,rule
P00027,대통령령으로 정하는,위임,대통령령,,rule
P00028,필요한 사항은 대통령령으로,위임,대통령령,,rule
P00029,대통령령으로 정한다,위임,대통령령,,rule
P00030,대통령령으로 정한다,위임,대통령령,,rule
P00031,대통령령으로 정한다,위임,대통령령,,rule
P00032,대통령령으로 정한다,위임,대통령령,,rule
P00033,따로 법률로 정한다,인용,해당없음,,rule
P00034,따로 법률로 정한다,인용,해당없음,,rule
P00035,교육부령으로 정한다,위임,부령,,rule
P00036,대통령령으로 정하는,위임,대통령령,,rule
P00037,대통령령으로 정하는 사항,위임,대통령령,,rule
P00038,대통령령으로 정하는 바에,위임,대통령령,,rule
P00039,교육부령으로 정하는,위임,부령,,rule
P00040,대통령령으로 정하는,위임,대통령령,,rule
P00041,대통령령으로 정한다,위임,대통령령,,rule
P00042,대통령령으로 정하는,위임,대통령령,,rule
P00043,대통령령으로 정한다,위임,대통령령,,rule
P00044,대통령령으로 정한다,위임,대통령령,,rule
P00045,대통령령으로 정하는 임용기준과,위임,대통령령,,rule
P00046,대통령령으로 정하는 사항을,위임,대통령령,,rule
P00047,대통령령으로 정하는,위임,대통령령,,rule
P00048,사항은 대통령령으로,위임,대통령령,,rule
P00049,사항은 대통령령으로,위임,대통령령,,rule
P00050,대통령령으로 정하는,위임,대통령령,,rule
P00051,대통령령으로 정하고,위임,대통령령,,rule
P00052,대통령령으로 정하고,위임,대통령령,,rule
P00053,대통령령으로 정하고,위임,대통령령,,rule
P00054,대통령령으로 정하고,위임,대통령령,,rule
P00055,대통령령으로 정하고,위임,대통령령,,rule
P00056,"① 학교의 명칭은 국립학교는 대통령령으로 정하고, 공립학교는 해당 지방자치단체의 조례로 정하며, 사립학교는 해당 학교법인의 정관으로 정한다.",위임,대통령령|조례,,rule
P00057,"① 학교의 명칭은 국립학교는 대통령령으로 정하고, 공립학교는 해당 지방자치단체의 조례로 정하며, 사립학교는 해당 학교법인의 정관으로 정한다.",위임,대통령령|조례,,rule
P00058,"① 학교의 명칭은 국립학교는 대통령령으로 정하고, 공립학교는 해당 지방자치단체의 조례로 정하며, 사립학교는 해당 학교법인의 정관으로 정한다.",위임,대통령령|조례,,rule
P00059,"① 학교의 명칭은 국립학교는 대통령령으로 정하고, 공립학교는 해당 지방자치단체의 조례로 정하며, 사립학교는 해당 학교법인의 정관으로 정한다.",위임,대통령령|조례,,rule
P00060,대통령령으로 정하는,위임,대통령령,,rule
P00061,대통령령으로 정하는,위임,대통령령,,rule
P00062,대통령령과 학칙으로,판단불가,해당없음,,rule
P00063,대통령령과 학칙으로,판단불가,해당없음,,rule
P00064,대통령령과 학칙으로,판단불가,해당없음,,rule
P00065,대통령령과 학칙으로,판단불가,해당없음,,rule
P00066,"② 학교의 조직에 관한 기본적 사항은 국립학교는 대통령령과 학칙으로 정하고, 공립학교는 해당 지방자치단체의 조례와 학칙으로 정하며, 사립학교는 해당 학교법인의 정관과 학칙으로 정한다.",판단불가,해당없음,,rule
P00067,"② 학교의 조직에 관한 기본적 사항은 국립학교는 대통령령과 학칙으로 정하고, 공립학교는 해당 지방자치단체의 조례와 학칙으로 정하며, 사립학교는 해당 학교법인의 정관과 학칙으로 정한다.",판단불가,해당없음,,rule
P00068,"② 학교의 조직에 관한 기본적 사항은 국립학교는 대통령령과 학칙으로 정하고, 공립학교는 해당 지방자치단체의 조례와 학칙으로 정하며, 사립학교는 해당 학교법인의 정관과 학칙으로 정한다.",판단불가,해당없음,,rule
P00069,"② 학교의 조직에 관한 기본적 사항은 국립학교는 대통령령과 학칙으로 정하고, 공립학교는 해당 지방자치단체의 조례와 학칙으로 정하며, 사립학교는 해당 학교법인의 정관과 학칙으로 정한다.",판단불가,해당없음,,rule
P00070,"② 학교의 조직에 관한 기본적 사항은 국립학교는 대통령령과 학칙으로 정하고, 공립학교는 해당 지방자치단체의 조례와 학칙으로 정하며, 사립학교는 해당 학교법인의 정관과 학칙으로 정한다.",판단불가,해당없음,,rule
P00071,"② 학교의 조직에 관한 기본적 사항은 국립학교는 대통령령과 학칙으로 정하고, 공립학교는 해당 지방자치단체의 조례와 학칙으로 정하며, 사립학교는 해당 학교법인의 정관과 학칙으로 정한다.",판단불가,해당없음,,rule
P00072,"② 학교의 조직에 관한 기본적 사항은 국립학교는 대통령령과 학칙으로 정하고, 공립학교는 해당 지방자치단체의 조례와 학칙으로 정하며, 사립학교는 해당 학교법인의 정관과 학칙으로 정한다.",판단불가,해당없음,,rule
P00073,"② 학교의 조직에 관한 기본적 사항은 국립학교는 대통령령과 학칙으로 정하고, 공립학교는 해당 지방자치단체의 조례와 학칙으로 정하며, 사립학교는 해당 학교법인의 정관과 학칙으로 정한다.",판단불가,해당없음,,rule
P00074,심의에 필요한 경우 대통령령으로,위임,대통령령,,rule
P00075,대통령령으로 정하는 사항에 대해서는 대학평의원회의,위임,대통령령,,rule
P00076,대통령령으로 정하는 바에 따라 해당 학교법인의,위임,대통령령,,rule
P00077,대통령령으로 정하는 기준에 따라 학칙,위임,대통령령,,rule
P00078,대통령령으로 정하는,위임,대통령령,,rule
P00079,대통령령으로 정하는,위임,대통령령,,rule
P00080,대통령령으로 정하는,위임,대통령령,,rule
P00081,대통령령으로 정한다,위임,대통령령,,rule
P00082,대통령령으로 정하는,위임,대통령령,,rule
P00083,대통령령으로 정한다,위임,대통령령,,rule
P00084,대통령령으로 정하는,위임,대통령령,,rule
P00085,대통령령으로 정하는,위임,대통령령,,rule
P00086,사항은 대통령령으로,위임,대통령령,,rule
P00087,필요한 사항은 대통령령으로,위임,대통령령,,rule
P00088,대통령령으로 정하는,위임,대통령령,,rule
P00089,대통령령으로 정하는,위임,대통령령,,rule
P00090,대통령령으로 정한다,위임,대통령령,,rule
P00091,대통령령으로 정하는,위임,대통령령,,rule
P00092,대통령령으로 정하는,위임,대통령령,,rule
P00093,대통령령으로 정하는,위임,대통령령,,rule
P00094,사항은 대통령령으로,위임,대통령령,,rule
P00095,사항은 대통령령으로,위임,대통령령,,rule
P00096,사항은 대통령령으로,위임,대통령령,,rule
P00097,사항은 대통령령으로,위임,대통령령,,rule
P00098,법률로 정한다,인용,해당없음,,rule
P00099,대통령령으로 정한다,위임,대통령령,,rule
P00100,대통령령으로 정하는,위임,대통령령,,rule
P00101,대통령령으로 정하는,위임,대통령령,,rule
P00102,대통령령으로 정하는,위임,대통령령,,rule
P00103,대통령령으로 정하는,위임,대통령령,,rule
P00104,대통령령으로 정하는,위임,대통령령,,rule
P00105,대통령령으로 정하는,위임,대통령령,,rule
P00106,대통령령으로 정하는,위임,대통령령,,rule
P00107,대통령령으로 정하는,위임,대통령령,,rule
P00108,교육부령으로 정한다,위임,부령,,rule
P00109,교육부령으로 정하는,위임,부령,,rule
P00110,교육부장관이 정하는 경미한 부정행위를 한 사람에 대하여는 응시자격을 정지하지 아니한다.,위임,미특정,,rule
P00111,대통령령으로 정하는 특수한 관계에,위임,대통령령,,rule
P00112,산정방법은 교육부령으로,위임,부령,,rule
P00113,국민기초생활수급자 등 대통령령으로,위임,대통령령,,rule
P00114,대통령령으로 정하는 바에 따라 입학전형료의,위임,대통령령,,rule
P00115,못하는 경우 등 대통령령으로,위임,대통령령,,rule
P00116,잔액을 대통령령으로,위임,대통령령,,rule
P00117,대통령령으로 정하는 학교협의체와,위임,대통령령,,rule
P00118,대통령령으로 정하는 바에,위임,대통령령,,rule
P00119,대통령령으로 정하는 사유가,위임,대통령령,,rule
P00120,대통령령으로 정하는 바에,위임,대통령령,,rule
P00121,대통령령으로 정하는 사유가,위임,대통령령,,rule
P00122,대통령령으로 정하는 바에,위임,대통령령,,rule
P00123,대통령령으로 정하는,위임,대통령령,,rule
P00124,대통령령으로 정한다,위임,대통령령,,rule
P00125,대통령령으로 정한,인용,해당없음,,rule
P00126,대통령령으로 정한다,위임,대통령령,,rule
P00127,사항은 대통령령으로,위임,대통령령,,rule
P00128,사항은 대통령령으로,위임,대통령령,,rule
P00129,사항은 대통령령으로,위임,대통령령,,rule
P00130,사항은 대통령령으로,위임,대통령령,,rule
P00131,사항은 대통령령으로,위임,대통령령,,rule
P00132,사항은 대통령령으로,위임,대통령령,,rule
P00133,사항은 대통령령으로,위임,대통령령,,rule
P00134,사항은 대통령령으로,위임,대통령령,,rule
P00135,사항은 대통령령으로,위임,대통령령,,rule
P00136,대통령령으로 정한다,위임,대통령령,,rule
P00137,대통령령으로 정하는,위임,대통령령,,rule
P00138,필요가 있는 경우에 대통령령으로 정하는 바에,위임,대통령령,,rule
P00139,필요가 있는 경우에 대통령령으로 정하는 바에,위임,대통령령,,rule
P00140,필요한 경우에는 대통령령으로 정하는 바에 따라 임시교원 양성기관과,위임,대통령령,,rule
P00141,필요한 경우에는 대통령령으로 정하는 바에 따라 임시교원 양성기관과,위임,대통령령,,rule
P00142,대통령령으로 정한다,위임,대통령령,,rule
P00143,대통령령으로 정하는,위임,대통령령,,rule
P00144,대통령령으로 정하는,위임,대통령령,,rule
P00145,대통령령으로 정하는,위임,대통령령,,rule
P00146,대통령령으로 정하는,위임,대통령령,,rule
P00147,대통령령으로 정한다,위임,대통령령,,rule
P00148,대통령령으로 정한다,위임,대통령령,,rule
P00149,대통령령으로 정하는 요건,위임,대통령령,,rule
P00150,대통령령으로 정하는 과,위임,대통령령,,rule
P00151,대통령령으로 정하는,위임,대통령령,,rule
P00152,대통령령으로 정한다,위임,대통령령,,rule
P00153,대통령령으로 정한다,위임,대통령령,,rule
P00154,대통령령으로 정하는,위임,대통령령,,rule
P00155,대통령령으로 정한다,위임,대통령령,,rule
P00156,대통령령으로 정하는,위임,대통령령,,rule
P00157,대통령령으로 정하는,위임,대통령령,,rule
P00158,대통령령으로 정한다,위임,대통령령,,rule
P00159,대통령령으로 정한다,위임,대통령령,,rule
P00160,대통령령으로 정하는,위임,대통령령,,rule
P00161,대통령령으로 정하는,위임,대통령령,,rule
P00162,대통령령으로 정하는,위임,대통령령,,rule
P00163,대통령령으로 정하는,위임,대통령령,,rule
P00164,대통령령으로 정한다,위임,대통령령,,rule
P00165,대통령령으로 정하는 요건을,위임,대통령령,,rule
P00166,대통령령으로 정하는 과의,위임,대통령령,,rule
P00167,대통령령으로 정하는,위임,대통령령,,rule
P00168,대통령령으로 정한다,위임,대통령령,,rule
P00169,대통령령으로 정한다,위임,대통령령,,rule
P00170,대통령령으로 정하는 기간 이상,위임,대통령령,,rule
P00171,대통령령으로 정하는 기간,위임,대통령령,,rule
P00172,대통령령으로 정하는 바에 따라,위임,대통령령,,rule
P00173,대통령령으로 정한다,위임,대통령령,,rule
P00174,대통령령으로 정하는,위임,대통령령,,rule
P00175,교육부장관의 지정을 받아 상급 학위과정에의 입학학력이 인정되는 각종학교의 학위 수여에 관하여는 제35조제1항·제6항과 제50조를 준용한다.,인용,해당없음,,rule
P00176,대통령령으로 정하는,위임,대통령령,,rule
P00177,대통령령으로 정하는,위임,대통령령,,rule
P00178,대통령령으로 정한다,위임,대통령령,,rule
P00179,대통령령으로 정한다,위임,대통령령,,rule
P00180,대통령령으로 정한다,위임,대통령령,,rule
P00181,대통령령으로 정하는,위임,대통령령,,rule
P00182,대통령령으로 정하는,위임,대통령령,,rule
P00183,대통령령으로 정한다,위임,대통령령,,rule
P00184,대통령령으로 정한다,위임,대통령령,,rule
P00185,대통령령으로 정한다,위임,대통령령,,rule
P00186,대통령령으로 정한다,위임,대통령령,,rule
P00187,대통령령으로 정한다,위임,대통령령,,rule
P00188,대통령령으로 정하는,위임,대통령령,,rule
P00189,대통령령으로 정하는,위임,대통령령,,rule
P00190,대통령령으로 정한다,위임,대통령령,,rule
P00191,대통령령으로 정한다,위임,대통령령,,rule
P00192,대통령령으로 정하는,위임,대통령령,,rule
P00193,대통령령으로 정한다,위임,대통령령,,rule
P00194,대통령령으로 정한다,위임,대통령령,,rule
P00195,대통령령으로 정한다,위임,대통령령,,rule
P00196,대통령령으로 정한다,위임,대통령령,,rule
P00197,교육통계조사에 관하여 필요한 사항은 교육부장관이 정한다.,판단불가,해당없음,,rule
P00198,대통령령으로 정한다,위임,대통령령,,rule
P00199,교육부령으로 정하는,위임,부령,,rule
P00200,그 밖에 교육부장관이 정하는 사항에 관하여 교육부장관이 정하는 기준에 따라야 한다,위임,미특정,,rule
P00201,그 밖에 교육부장관이 정하는 사항에 관하여 교육부장관이 정하는 기준에 따라야 한다,위임,미특정,,rule
P00202,그 밖에 교육부장관이 정하는 사항에 관하여 교육부장관이 정하는 기준에 따라야 한다,위임,미특정,,rule
P00203,대통령령으로 정한다,위임,대통령령,,rule
P00204,교육부령이 정하는,판단불가,해당없음,,rule
P00205,교육환경 변화에 대응하기 위한 학과등 간의 정원 조정이 필요한 경우 등 교육부장관이 정하는 사유가 있는 경우에는 교육부장관이 정하는,위임,미특정,,rule
P00206,교육환경 변화에 대응하기 위한 학과등 간의 정원 조정이 필요한 경우 등 교육부장관이 정하는 사유가 있는 경우에는 교육부장관이 정하는,위임,미특정,,rule
P00207,교육부령으로 정하는,위임,부령,,rule
P00208,교육부장관이 정하는 사유가 있는 경우에는 교육부장관이 정하는,위임,미특정,,rule
P00209,교육부령으로 정하는,위임,부령,,rule
P00210,대학수학능력시험에 응시하려는 사람은 교육부장관이 정하는 응시수수료를 내야 한다,위임,미특정,,rule
P00211,교육부장관이 정하는 바에 따라 납부한 응시수수료의 전부 또는 일부를 반환받을 수 있다,위임,미특정,,rule
P00212,교육의 위탁을 받은 때에는 교육부장관이 정하는 기간내에,위임,미특정,,rule
P00213,위탁교육의 실시에 관하여 필요한 사항은 교육부장관이 정한다.,판단불가,해당없음,,rule
P00214,대통령령으로 정한다,위임,대통령령,,rule
P00215,설치에 관한 사항은 따로 대통령령으로,위임,대통령령,,rule
P00216,대통령령으로 정한다,위임,대통령령,,rule
P00217,대통령령으로 정한다,위임,대통령령,,rule
P00218,사업성과 평가등의 기준·절차에 관한 세부사항 및 법 제59조의8제4항에 따른 평가결과별 행정적·재정적 지원의 방법 등은 교육부장관이 정한다.,판단불가,해당없음,,rule
P00219,교육부장관이 정하는 규제특례신청서에 다음 각 호의 자료를 첨부하여 규제특례 적용 학년도의 직전,위임,미특정,,rule
P00220,규제특례 부여 여부를 심의하기 위하여 필요한 사항으로서 교육부장관이 정하여 고시하는 자료,위임,미특정,,rule
P00221,규정한 사항 외에 규제특례의 신청 등에 필요한 사항은 교육부장관이 정하여 고시한다.,위임,미특정,,rule
P00222,규제특례의 목적 달성에 영향을 미치지 않는다고 교육부장관이 인정하여 고시하는 사항을 변경하는 경우,판단불가,해당없음,,rule
P00223,교육부장관이 정하는 연장신청서에 다음 각 호의 자료를 첨부하여,위임,미특정,,rule
P00224,규제특례의 연장 등에 필요한 사항은 교육부장관이 정하여 고시한다,위임,미특정,,rule
P00225,"③ 각급학교의 교사 기준면적(연면적을 말한다. 이하 같다)은 별표 1과 같다. 다만, 별표 1에 따른 기준면적(유치원 교사 중 교실 총면적 기준은 제외한다)은 특별시·광역시·특별자치시·도 및 특별자치도 (이하 ""시·도""라 한다)의 교육감(이하 ""시·도교육감""이라 한다)이 각급학교의 학교별 특성을 고려하여 교육상 지장이 없는 범위에서 시·도 조례로 정하는 바에 따라 3분의 1의 범위 안에서 완화할 수 있다.",위임,조례,,rule
P00226,"③ 각급학교의 교사 기준면적(연면적을 말한다. 이하 같다)은 별표 1과 같다. 다만, 별표 1에 따른 기준면적(유치원 교사 중 교실 총면적 기준은 제외한다)은 특별시·광역시·특별자치시·도 및 특별자치도 (이하 ""시·도""라 한다)의 교육감(이하 ""시·도교육감""이라 한다)이 각급학교의 학교별 특성을 고려하여 교육상 지장이 없는 범위에서 시·도 조례로 정하는 바에 따라 3분의 1의 범위 안에서 완화할 수 있다.",위임,조례,,rule
P00227,"③ 각급학교의 교사 기준면적(연면적을 말한다. 이하 같다)은 별표 1과 같다. 다만, 별표 1에 따른 기준면적(유치원 교사 중 교실 총면적 기준은 제외한다)은 특별시·광역시·특별자치시·도 및 특별자치도 (이하 ""시·도""라 한다)의 교육감(이하 ""시·도교육감""이라 한다)이 각급학교의 학교별 특성을 고려하여 교육상 지장이 없는 범위에서 시·도 조례로 정하는 바에 따라 3분의 1의 범위 안에서 완화할 수 있다.",위임,조례,,rule
P00228,교육부령이 정하는,판단불가,해당없음,,rule
P00229,교육부령으로 정한다,위임,부령,,rule
P00230,교육부령으로 정한다,위임,부령,,rule
P00231,교육부령으로 정한다,위임,부령,,rule
P00232,교육부령으로 정하는,위임,부령,,rule
P00233,교육부령이 정하는,판단불가,해당없음,,rule
P00234,시·도교육감은 부득이한 사유가 있는 경우에는 제2조부터 제5조까지에 규정된 기간을 해당 시·도 교육규칙으로 정하는 바에 따라 조정할 수 있다.,위임,교육규칙,,rule
P00235,대통령령으로 정하는,위임,대통령령,,rule
P00236,대통령령으로 정하는,위임,대통령령,,rule
P00237,대통령령으로 정하는,위임,대통령령,,rule
P00238,대통령령으로 정하는,위임,대통령령,,rule
P00239,⑥ 교육감은 제5항에 따라 제출받은 영향평가 결과 및 다음 연도 입학전형에의 반영 계획을 시·도의 교육규칙으로 정하는 바에 따라 공표할 수 있다.,위임,교육규칙,,rule
P00240,⑥ 교육감은 제5항에 따라 제출받은 영향평가 결과 및 다음 연도 입학전형에의 반영 계획을 시·도의 교육규칙으로 정하는 바에 따라 공표할 수 있다.,위임,교육규칙,,rule
P00241,⑥ 교육감은 제5항에 따라 제출받은 영향평가 결과 및 다음 연도 입학전형에의 반영 계획을 시·도의 교육규칙으로 정하는 바에 따라 공표할 수 있다.,위임,교육규칙,,rule
P00242,⑥ 교육감은 제5항에 따라 제출받은 영향평가 결과 및 다음 연도 입학전형에의 반영 계획을 시·도의 교육규칙으로 정하는 바에 따라 공표할 수 있다.,위임,교육규칙,,rule
P00243,⑥ 교육감은 제5항에 따라 제출받은 영향평가 결과 및 다음 연도 입학전형에의 반영 계획을 시·도의 교육규칙으로 정하는 바에 따라 공표할 수 있다.,위임,교육규칙,,rule
P00244,⑥ 교육감은 제5항에 따라 제출받은 영향평가 결과 및 다음 연도 입학전형에의 반영 계획을 시·도의 교육규칙으로 정하는 바에 따라 공표할 수 있다.,위임,교육규칙,,rule
P00245,⑥ 교육감은 제5항에 따라 제출받은 영향평가 결과 및 다음 연도 입학전형에의 반영 계획을 시·도의 교육규칙으로 정하는 바에 따라 공표할 수 있다.,위임,교육규칙,,rule
P00246,⑥ 교육감은 제5항에 따라 제출받은 영향평가 결과 및 다음 연도 입학전형에의 반영 계획을 시·도의 교육규칙으로 정하는 바에 따라 공표할 수 있다.,위임,교육규칙,,rule
P00247,⑥ 교육감은 제5항에 따라 제출받은 영향평가 결과 및 다음 연도 입학전형에의 반영 계획을 시·도의 교육규칙으로 정하는 바에 따라 공표할 수 있다.,위임,교육규칙,,rule
P00248,대통령령으로 정한다,위임,대통령령,,rule
P00249,대통령령으로 정한다,위임,대통령령,,rule
P00250,대통령령으로 정한다,위임,대통령령,,rule
P00251,대통령령으로 정한다,위임,대통령령,,rule
P00252,대통령령으로 정한다,위임,대통령령,,rule
P00253,대통령령으로 정한다,위임,대통령령,,rule
P00254,대통령령으로 정한다,위임,대통령령,,rule
P00255,대통령령으로 정하는,위임,대통령령,,rule
P00256,이행하지 아니하면 대통령령으로 정하는 바에 따라 ,위임,대통령령,,rule
P00257,대통령령으로 정하는,위임,대통령령,,rule
P00258,대통령령으로 정하는,위임,대통령령,,rule
P00259,대통령령으로 정하는 경우,위임,대통령령,,rule
P00260,"④ 법 제9조제4항에 따른 영향평가를 실시하기 위한 방법, 절차 등에 관하여 필요한 사항은 특별시·광역시·특별자치시·도·특별자치도(이하 ""시·도""라 한다)의 교육규칙으로 정한다.",위임,교육규칙,,rule
P00261,"④ 법 제9조제4항에 따른 영향평가를 실시하기 위한 방법, 절차 등에 관하여 필요한 사항은 특별시·광역시·특별자치시·도·특별자치도(이하 ""시·도""라 한다)의 교육규칙으로 정한다.",위임,교육규칙,,rule
P00262,"④ 법 제9조제4항에 따른 영향평가를 실시하기 위한 방법, 절차 등에 관하여 필요한 사항은 특별시·광역시·특별자치시·도·특별자치도(이하 ""시·도""라 한다)의 교육규칙으로 정한다.",위임,교육규칙,,rule
P00263,"④ 법 제9조제4항에 따른 영향평가를 실시하기 위한 방법, 절차 등에 관하여 필요한 사항은 특별시·광역시·특별자치시·도·특별자치도(이하 ""시·도""라 한다)의 교육규칙으로 정한다.",위임,교육규칙,,rule
P00264,"④ 법 제9조제4항에 따른 영향평가를 실시하기 위한 방법, 절차 등에 관하여 필요한 사항은 특별시·광역시·특별자치시·도·특별자치도(이하 ""시·도""라 한다)의 교육규칙으로 정한다.",위임,교육규칙,,rule
P00265,"④ 법 제9조제4항에 따른 영향평가를 실시하기 위한 방법, 절차 등에 관하여 필요한 사항은 특별시·광역시·특별자치시·도·특별자치도(이하 ""시·도""라 한다)의 교육규칙으로 정한다.",위임,교육규칙,,rule
P00266,"④ 법 제9조제4항에 따른 영향평가를 실시하기 위한 방법, 절차 등에 관하여 필요한 사항은 특별시·광역시·특별자치시·도·특별자치도(이하 ""시·도""라 한다)의 교육규칙으로 정한다.",위임,교육규칙,,rule
P00267,"④ 법 제9조제4항에 따른 영향평가를 실시하기 위한 방법, 절차 등에 관하여 필요한 사항은 특별시·광역시·특별자치시·도·특별자치도(이하 ""시·도""라 한다)의 교육규칙으로 정한다.",위임,교육규칙,,rule
P00268,"④ 법 제9조제4항에 따른 영향평가를 실시하기 위한 방법, 절차 등에 관하여 필요한 사항은 특별시·광역시·특별자치시·도·특별자치도(이하 ""시·도""라 한다)의 교육규칙으로 정한다.",위임,교육규칙,,rule
P00269,"④ 법 제9조제4항에 따른 영향평가를 실시하기 위한 방법, 절차 등에 관하여 필요한 사항은 특별시·광역시·특별자치시·도·특별자치도(이하 ""시·도""라 한다)의 교육규칙으로 정한다.",위임,교육규칙,,rule
P00270,"④ 법 제9조제4항에 따른 영향평가를 실시하기 위한 방법, 절차 등에 관하여 필요한 사항은 특별시·광역시·특별자치시·도·특별자치도(이하 ""시·도""라 한다)의 교육규칙으로 정한다.",위임,교육규칙,,rule
P00271,"④ 법 제9조제4항에 따른 영향평가를 실시하기 위한 방법, 절차 등에 관하여 필요한 사항은 특별시·광역시·특별자치시·도·특별자치도(이하 ""시·도""라 한다)의 교육규칙으로 정한다.",위임,교육규칙,,rule
P00272,"④ 법 제9조제4항에 따른 영향평가를 실시하기 위한 방법, 절차 등에 관하여 필요한 사항은 특별시·광역시·특별자치시·도·특별자치도(이하 ""시·도""라 한다)의 교육규칙으로 정한다.",위임,교육규칙,,rule
P00273,"④ 법 제9조제4항에 따른 영향평가를 실시하기 위한 방법, 절차 등에 관하여 필요한 사항은 특별시·광역시·특별자치시·도·특별자치도(이하 ""시·도""라 한다)의 교육규칙으로 정한다.",위임,교육규칙,,rule
P00274,필요한 사항은 대통령령으로,위임,대통령령,,rule
P00275,필요한 사항은 대통령령으로,위임,대통령령,,rule
P00276,필요한 사항은 대통령령으로,위임,대통령령,,rule
P00277,필요한 사항은 대통령령으로,위임,대통령령,,rule
P00278,필요한 사항은 대통령령으로,위임,대통령령,,rule
P00279,필요한 사항은 대통령령으로,위임,대통령령,,rule
P00280,국정도서는 교육부장관이 정하여 고시하는 교과목의 교과용 도서로 한다,위임,미특정,,rule
P00281,국정도서는 교육부장관이 정하여 고시하는 교과목의 교과용 도서로 한다,위임,미특정,,rule
P00282,국정도서는 교육부장관이 정하여 고시하는 교과목의 교과용 도서로 한다,위임,미특정,,rule
P00283,국정도서는 교육부장관이 정하여 고시하는 교과목의 교과용 도서로 한다,위임,미특정,,rule
P00284,국정도서는 교육부장관이 정하여 고시하는 교과목의 교과용 도서로 한다,위임,미특정,,rule
P00285,검정도서는 교육부장관이 정하여 고시하는 교과목의 교과용 도서로 한다,위임,미특정,,rule
P00286,검정도서는 교육부장관이 정하여 고시하는 교과목의 교과용 도서로 한다,위임,미특정,,rule
P00287,검정도서는 교육부장관이 정하여 고시하는 교과목의 교과용 도서로 한다,위임,미특정,,rule
P00288,교육부장관이 정하여 고시하는 교과목에 대하여 인정도서를 선정·사용하려는 경우에는,위임,미특정,,rule
P00289,교육부장관이 정하여 고시하는 교과목에 대하여 인정도서를 선정·사용하려는 경우에는,위임,미특정,,rule
P00290,교육부장관이 정하여 고시하는 교과목 외의 교과목에 대하여 인정도서를 선정·사용하려는 경우에는,위임,미특정,,rule
P00291,교육부장관이 정하여 고시하는 교과목 외의 교과목에 대하여 인정도서를 선정·사용하려는 경우에는,위임,미특정,,rule
P00292,교육부장관이 따로 정하여 고시하는 교과목의 경우에는 인정을 신청할 때,판단불가,해당없음,,rule
P00293,교육부장관이 따로 정하여 고시하는 교과목의 경우에는 인정을 신청할 때,판단불가,해당없음,,rule
P00294,"교육부장관이 정하여 고시하는 바에 따라 실시한 해당 도서의 내용 오류, 표기·표현 오류 등에 대한 검증 결과를 제출해야 한다.",위임,미특정,,rule
P00295,"교육부장관이 정하여 고시하는 바에 따라 실시한 해당 도서의 내용 오류, 표기·표현 오류 등에 대한 검증 결과를 제출해야 한다.",위임,미특정,,rule
P00296,교육과정 개정 후에도 제14조제3항에 따라 교육부장관이 정하여 고시하는 교과목 외의 교과목의 인정도서를 계속 사용하는 데 지장이 없다고 인정되는 경우에는,위임,미특정,,rule
P00297,원가산정에 관한 세부사항은 교육부장관이 따로 정한다.,판단불가,해당없음,,rule
P00298,항목별 세부사항은 교육부장관이 정하여 고시한다.,위임,미특정,,rule
P00299,가격이 결정된 때에는 그 정가를 관보에 고시하여야 한다.,판단불가,해당없음,,rule
P00300,가격이 결정된 때에는 그 정가를 관보에 고시하여야 한다.,판단불가,해당없음,,rule
P00301,③제1항에 따라 교육감에게 위임된 사항을 심의하기 위하여 특별시ㆍ광역시ㆍ특별자치시ㆍ도 및 특별자치도의 교육청에 인정도서심의회를 둔다. 이 경우 인정도서심의회의 구성 및 운영 등에 관하여 필요한 사항은 교육규칙으로 정한다.,위임,교육규칙,,rule
P00302,③제1항에 따라 교육감에게 위임된 사항을 심의하기 위하여 특별시ㆍ광역시ㆍ특별자치시ㆍ도 및 특별자치도의 교육청에 인정도서심의회를 둔다. 이 경우 인정도서심의회의 구성 및 운영 등에 관하여 필요한 사항은 교육규칙으로 정한다.,위임,교육규칙,,rule
P00303,③제1항에 따라 교육감에게 위임된 사항을 심의하기 위하여 특별시ㆍ광역시ㆍ특별자치시ㆍ도 및 특별자치도의 교육청에 인정도서심의회를 둔다. 이 경우 인정도서심의회의 구성 및 운영 등에 관하여 필요한 사항은 교육규칙으로 정한다.,위임,교육규칙,,rule
P00304,③제1항에 따라 교육감에게 위임된 사항을 심의하기 위하여 특별시ㆍ광역시ㆍ특별자치시ㆍ도 및 특별자치도의 교육청에 인정도서심의회를 둔다. 이 경우 인정도서심의회의 구성 및 운영 등에 관하여 필요한 사항은 교육규칙으로 정한다.,위임,교육규칙,,rule
P00305,③제1항에 따라 교육감에게 위임된 사항을 심의하기 위하여 특별시ㆍ광역시ㆍ특별자치시ㆍ도 및 특별자치도의 교육청에 인정도서심의회를 둔다. 이 경우 인정도서심의회의 구성 및 운영 등에 관하여 필요한 사항은 교육규칙으로 정한다.,위임,교육규칙,,rule
P00306,③제1항에 따라 교육감에게 위임된 사항을 심의하기 위하여 특별시ㆍ광역시ㆍ특별자치시ㆍ도 및 특별자치도의 교육청에 인정도서심의회를 둔다. 이 경우 인정도서심의회의 구성 및 운영 등에 관하여 필요한 사항은 교육규칙으로 정한다.,위임,교육규칙,,rule
P00307,③제1항에 따라 교육감에게 위임된 사항을 심의하기 위하여 특별시ㆍ광역시ㆍ특별자치시ㆍ도 및 특별자치도의 교육청에 인정도서심의회를 둔다. 이 경우 인정도서심의회의 구성 및 운영 등에 관하여 필요한 사항은 교육규칙으로 정한다.,위임,교육규칙,,rule
P00308,③제1항에 따라 교육감에게 위임된 사항을 심의하기 위하여 특별시ㆍ광역시ㆍ특별자치시ㆍ도 및 특별자치도의 교육청에 인정도서심의회를 둔다. 이 경우 인정도서심의회의 구성 및 운영 등에 관하여 필요한 사항은 교육규칙으로 정한다.,위임,교육규칙,,rule
P00309,③제1항에 따라 교육감에게 위임된 사항을 심의하기 위하여 특별시ㆍ광역시ㆍ특별자치시ㆍ도 및 특별자치도의 교육청에 인정도서심의회를 둔다. 이 경우 인정도서심의회의 구성 및 운영 등에 관하여 필요한 사항은 교육규칙으로 정한다.,위임,교육규칙,,rule
P00310,③제1항에 따라 교육감에게 위임된 사항을 심의하기 위하여 특별시ㆍ광역시ㆍ특별자치시ㆍ도 및 특별자치도의 교육청에 인정도서심의회를 둔다. 이 경우 인정도서심의회의 구성 및 운영 등에 관하여 필요한 사항은 교육규칙으로 정한다.,위임,교육규칙,,rule
P00311,③제1항에 따라 교육감에게 위임된 사항을 심의하기 위하여 특별시ㆍ광역시ㆍ특별자치시ㆍ도 및 특별자치도의 교육청에 인정도서심의회를 둔다. 이 경우 인정도서심의회의 구성 및 운영 등에 관하여 필요한 사항은 교육규칙으로 정한다.,위임,교육규칙,,rule
P00312,③제1항에 따라 교육감에게 위임된 사항을 심의하기 위하여 특별시ㆍ광역시ㆍ특별자치시ㆍ도 및 특별자치도의 교육청에 인정도서심의회를 둔다. 이 경우 인정도서심의회의 구성 및 운영 등에 관하여 필요한 사항은 교육규칙으로 정한다.,위임,교육규칙,,rule
P00313,③제1항에 따라 교육감에게 위임된 사항을 심의하기 위하여 특별시ㆍ광역시ㆍ특별자치시ㆍ도 및 특별자치도의 교육청에 인정도서심의회를 둔다. 이 경우 인정도서심의회의 구성 및 운영 등에 관하여 필요한 사항은 교육규칙으로 정한다.,위임,교육규칙,,rule
P00314,③제1항에 따라 교육감에게 위임된 사항을 심의하기 위하여 특별시ㆍ광역시ㆍ특별자치시ㆍ도 및 특별자치도의 교육청에 인정도서심의회를 둔다. 이 경우 인정도서심의회의 구성 및 운영 등에 관하여 필요한 사항은 교육규칙으로 정한다.,위임,교육규칙,,rule
P00315,③제1항에 따라 교육감에게 위임된 사항을 심의하기 위하여 특별시ㆍ광역시ㆍ특별자치시ㆍ도 및 특별자치도의 교육청에 인정도서심의회를 둔다. 이 경우 인정도서심의회의 구성 및 운영 등에 관하여 필요한 사항은 교육규칙으로 정한다.,위임,교육규칙,,rule
P00316,③제1항에 따라 교육감에게 위임된 사항을 심의하기 위하여 특별시ㆍ광역시ㆍ특별자치시ㆍ도 및 특별자치도의 교육청에 인정도서심의회를 둔다. 이 경우 인정도서심의회의 구성 및 운영 등에 관하여 필요한 사항은 교육규칙으로 정한다.,위임,교육규칙,,rule
P00317,③제1항에 따라 교육감에게 위임된 사항을 심의하기 위하여 특별시ㆍ광역시ㆍ특별자치시ㆍ도 및 특별자치도의 교육청에 인정도서심의회를 둔다. 이 경우 인정도서심의회의 구성 및 운영 등에 관하여 필요한 사항은 교육규칙으로 정한다.,위임,교육규칙,,rule
P00318,③제1항에 따라 교육감에게 위임된 사항을 심의하기 위하여 특별시ㆍ광역시ㆍ특별자치시ㆍ도 및 특별자치도의 교육청에 인정도서심의회를 둔다. 이 경우 인정도서심의회의 구성 및 운영 등에 관하여 필요한 사항은 교육규칙으로 정한다.,위임,교육규칙,,rule
P00319,교육부령으로 정하는,위임,부령,,rule
P00320,교육부령으로 정하는 바에,위임,부령,,rule
P00321,교육부령으로 정하는 중요사항을,위임,부령,,rule
P00322,교육부령으로 정하는 바에 따라,위임,부령,,rule
P00323,기간을 정하여 교육부령으로,위임,부령,,rule
P00324,세부기준은 교육부령으로,위임,부령,,rule
P00325,2. 제2조의2제1항에 따른 평가결과가 교육부장관이 정하여 고시하는 기준에 미달하는 경우,위임,미특정,,rule
P00326,교육부령으로 정한다,위임,부령,,rule
P00327,교육부령으로 정한다,위임,부령,,rule
P00328,교육부령으로 정한다,위임,부령,,rule
P00329,교육부령으로 정하는 바에 따라,위임,부령,,rule
P00330,교육부령으로 정한다,위임,부령,,rule
P00331,"교육부장관이 정하는 기준에 따라 교육감, 해당 유치원의 장 및 해당 학교의 장이 각각 정한다.",위임,미특정,,rule
P00332,교육부장관이 정하는 기준과 절차에 따라 교육감이 정한다.,위임,미특정,,rule
P00333,연수 대상자를 지명할 때에는 교육부장관이 정하는 기준 및 인원의 범위에서 지명한다.,위임,미특정,,rule
P00334,"교육부장관이 정하는 기준에 따라 관할 교육감이 지명한다. 다만, 국립학교등에 근무하는 사람에 대해서는 그 소속 기관의 장이 교육부장관이 정하는",위임,미특정,,rule
P00335,"자격연수의 연수과정은 별표 2와 같고, 자격연수별 세부 주제, 세부 주제별 이수시간 등은 교육부장관이 정하여 고시할 수 있으며,",위임,미특정,,rule
P00336,법률로 정한다,인용,해당없음,,rule
P00337,법률로 정한다,인용,해당없음,,rule
P00338,법률로 정한다,인용,해당없음,,rule
P00339,법률로 정한다,인용,해당없음,,rule
P00340,법률로 정한다,인용,해당없음,,rule
P00341,법률로 정한다,인용,해당없음,,rule
P00342,법률로 정한다,인용,해당없음,,rule
P00343,법률로 정한다,인용,해당없음,,rule
P00344,법률로 정한다,인용,해당없음,,rule
P00345,법률로 정한다,인용,해당없음,,rule
P00346,법률로 정한다,인용,해당없음,,rule
P00347,법률로 정한다,인용,해당없음,,rule
P00348,법률로 정한다,인용,해당없음,,rule
P00349,대통령령으로 정하는,위임,대통령령,,rule
P00350,사항은 대통령령으로,위임,대통령령,,rule
P00351,사항은 대통령령으로,위임,대통령령,,rule
P00352,사항은 대통령령으로,위임,대통령령,,rule
P00353,사항은 대통령령으로,위임,대통령령,,rule
P00354,대통령령으로 정하는,위임,대통령령,,rule
P00355,필요한 사항은 대통령령으로,위임,대통령령,,rule
P00356,대통령령으로 정한다,위임,대통령령,,rule
P00357,대통령령으로 정한다,위임,대통령령,,rule
P00358,대통령령으로 정한다,위임,대통령령,,rule
P00359,대통령령으로 정한다,위임,대통령령,,rule
P00360,필요한 사항은 대통령령으로,위임,대통령령,,rule
P00361,필요한 사항은 대통령령으로,위임,대통령령,,rule
P00362,필요한 사항은 대통령령으로,위임,대통령령,,rule
P00363,필요한 사항은 대통령령으로,위임,대통령령,,rule
P00364,필요한 사항은 대통령령으로,위임,대통령령,,rule
P00365,필요한 사항은 대통령령으로,위임,대통령령,,rule
P00366,필요한 사항은 대통령령으로,위임,대통령령,,rule
P00367,필요한 사항은 대통령령으로,위임,대통령령,,rule
P00368,대통령령으로 정하는,위임,대통령령,,rule
P00369,사항은 대통령령으로,위임,대통령령,,rule
P00370,대통령령으로 정한다,위임,대통령령,,rule
P00371,대통령령으로 정한다,위임,대통령령,,rule
P00372,대통령령으로 정한다,위임,대통령령,,rule
P00373,사항은 대통령령으로,위임,대통령령,,rule
P00374,사항은 대통령령으로,위임,대통령령,,rule
P00375,사항은 대통령령으로,위임,대통령령,,rule
P00376,사항은 대통령령으로,위임,대통령령,,rule
P00377,사항은 대통령령으로,위임,대통령령,,rule
P00378,사항은 대통령령으로,위임,대통령령,,rule
P00379,대통령령으로 정한다,위임,대통령령,,rule
P00380,대통령령으로 정한다,위임,대통령령,,rule
P00381,대통령령으로 정한다,위임,대통령령,,rule
P00382,대통령령으로 정한다,위임,대통령령,,rule
P00383,대통령령으로 정한다,위임,대통령령,,rule
P00384,교육부장관이 정하여 고시하는 행위,위임,미특정,,rule
P00385,대통령령으로 정하는,위임,대통령령,,rule
P00386,대통령령으로 정한다,위임,대통령령,,rule
P00387,대통령령으로 정한다,위임,대통령령,,rule
P00388,교육부령 또는,판단불가,해당없음,,rule
P00389,② 제1항에 따른 법률지원단의 구성 및 운영에 필요한 사항은 교육부령 또는 시ㆍ도의 교육규칙으로 정한다.,위임,교육규칙,,rule
P00390,② 제1항에 따른 법률지원단의 구성 및 운영에 필요한 사항은 교육부령 또는 시ㆍ도의 교육규칙으로 정한다.,위임,교육규칙,,rule
P00391,② 제1항에 따른 법률지원단의 구성 및 운영에 필요한 사항은 교육부령 또는 시ㆍ도의 교육규칙으로 정한다.,위임,교육규칙,,rule
P00392,② 제1항에 따른 법률지원단의 구성 및 운영에 필요한 사항은 교육부령 또는 시ㆍ도의 교육규칙으로 정한다.,위임,교육규칙,,rule
P00393,② 제1항에 따른 법률지원단의 구성 및 운영에 필요한 사항은 교육부령 또는 시ㆍ도의 교육규칙으로 정한다.,위임,교육규칙,,rule
P00394,② 제1항에 따른 법률지원단의 구성 및 운영에 필요한 사항은 교육부령 또는 시ㆍ도의 교육규칙으로 정한다.,위임,교육규칙,,rule
P00395,② 제1항에 따른 법률지원단의 구성 및 운영에 필요한 사항은 교육부령 또는 시ㆍ도의 교육규칙으로 정한다.,위임,교육규칙,,rule
P00396,② 제1항에 따른 법률지원단의 구성 및 운영에 필요한 사항은 교육부령 또는 시ㆍ도의 교육규칙으로 정한다.,위임,교육규칙,,rule
P00397,② 제1항에 따른 법률지원단의 구성 및 운영에 필요한 사항은 교육부령 또는 시ㆍ도의 교육규칙으로 정한다.,위임,교육규칙,,rule
P00398,② 제1항에 따른 법률지원단의 구성 및 운영에 필요한 사항은 교육부령 또는 시ㆍ도의 교육규칙으로 정한다.,위임,교육규칙,,rule
P00399,② 제1항에 따른 법률지원단의 구성 및 운영에 필요한 사항은 교육부령 또는 시ㆍ도의 교육규칙으로 정한다.,위임,교육규칙,,rule
P00400,② 제1항에 따른 법률지원단의 구성 및 운영에 필요한 사항은 교육부령 또는 시ㆍ도의 교육규칙으로 정한다.,위임,교육규칙,,rule
P00401,② 제1항에 따른 법률지원단의 구성 및 운영에 필요한 사항은 교육부령 또는 시ㆍ도의 교육규칙으로 정한다.,위임,교육규칙,,rule
P00402,② 제1항에 따른 법률지원단의 구성 및 운영에 필요한 사항은 교육부령 또는 시ㆍ도의 교육규칙으로 정한다.,위임,교육규칙,,rule
P00403,② 제1항에 따른 법률지원단의 구성 및 운영에 필요한 사항은 교육부령 또는 시ㆍ도의 교육규칙으로 정한다.,위임,교육규칙,,rule
P00404,② 제1항에 따른 법률지원단의 구성 및 운영에 필요한 사항은 교육부령 또는 시ㆍ도의 교육규칙으로 정한다.,위임,교육규칙,,rule
P00405,대통령령으로 정한다,위임,대통령령,,rule
P00406,피해교원은 교육부장관이 정하는 바에 따라 특별휴가를 사용할 수 있다.,위임,미특정,,rule
P00407,대통령령으로 정한다,위임,대통령령,,rule
P00408,대통령령으로 정한다,위임,대통령령,,rule
P00409,대통령령으로 정하는,위임,대통령령,,rule
P00410,대통령령으로 정하는,위임,대통령령,,rule
P00411,대통령령으로 정한다,위임,대통령령,,rule
P00412,대통령령으로 정한다,위임,대통령령,,rule
P00413,대통령령으로 정하는,위임,대통령령,,rule
P00414,대통령령으로 정하는,위임,대통령령,,rule
P00415,지방교육행정기관의 교원의 경우에는 교육감이 교육부장관과 협의하여 정한다.,판단불가,해당없음,,rule
P00416,조치별 적용 기준은 다음 각 호의 사항을 고려하여 교육부장관이 정하여 고시한다.,위임,미특정,,rule
P00417,교육부령이 정하는 교원자격증,판단불가,해당없음,,rule
P00418,담당과목은 교육부령으로,위임,부령,,rule
P00419,전공과목의 학점은 교육부령으로,위임,부령,,rule
P00420,자격증에 교육부령이,판단불가,해당없음,,rule
P00421,교육부장관이 정하는 학점 및 과목을 이수하고 석사학위를 받은 사람,위임,미특정,,rule
P00422,교육부령이 정하는 바에 의하여,판단불가,해당없음,,rule
P00423,교육부령이 정하는 바에 의하여,판단불가,해당없음,,rule
P00424,교육부령이 정하는 바에 의하여,판단불가,해당없음,,rule
P00425,교육부령으로 정한다,위임,부령,,rule
P00426,교육부령으로 정한다,위임,부령,,rule
P00427,교육부령으로 정한다,위임,부령,,rule
P00428,교육부령으로 정하는,위임,부령,,rule
P00429,교육부장관이 정하는 기간동안 임용예정학교에 근무하도록 하면서,위임,미특정,,rule
P00430,교육부령으로 정한다,위임,부령,,rule
P00431,교사자격종별·표시과목별 기본이수과목 및 교직과목의 과목별 이수학점은 교육부장관이 정한다,판단불가,해당없음,,rule
P00432,각 분야의 세부 과목은 교육부장관이 정한다.,판단불가,해당없음,,rule
P00433,표시과목의 관련 학과와 그 기본이수영역은 교육부장관이 정한다.,판단불가,해당없음,,rule
P00434,교육부장관이 정한 기본이수영역에 대하여 120분간 실시한다.,판단불가,해당없음,,rule
P00435,말소 방법·절차 등에 관하여 필요한 사항은 교육부장관이 정한다.,판단불가,해당없음,,rule
P00436,"영 별표 3 및 연구·지도직 규정 별표 4에 따른 특정직공무원 또는 별정직공무원 경력의 일반직공무원의 상당 계급과 일반직공무원 경력 상호간의 상당 계급은 별표 1과 같다. 다만, 별표 1에 규정되지 아니한 특정직공무원 경력 및 영 별표 3 제2호다목 및 연구·지도직 규정 별표 4 제2호다목에 따른 정부투자기관·민간기업 등의 경력의 상당 계급은 해당 지방자치단체의 교육규칙으로 정하는 바에 따른다.",위임,교육규칙,,rule
P00437,"영 별표 3 및 연구·지도직 규정 별표 4에 따른 특정직공무원 또는 별정직공무원 경력의 일반직공무원의 상당 계급과 일반직공무원 경력 상호간의 상당 계급은 별표 1과 같다. 다만, 별표 1에 규정되지 아니한 특정직공무원 경력 및 영 별표 3 제2호다목 및 연구·지도직 규정 별표 4 제2호다목에 따른 정부투자기관·민간기업 등의 경력의 상당 계급은 해당 지방자치단체의 교육규칙으로 정하는 바에 따른다.",위임,교육규칙,,rule
P00438,"영 별표 3 및 연구·지도직 규정 별표 4에 따른 특정직공무원 또는 별정직공무원 경력의 일반직공무원의 상당 계급과 일반직공무원 경력 상호간의 상당 계급은 별표 1과 같다. 다만, 별표 1에 규정되지 아니한 특정직공무원 경력 및 영 별표 3 제2호다목 및 연구·지도직 규정 별표 4 제2호다목에 따른 정부투자기관·민간기업 등의 경력의 상당 계급은 해당 지방자치단체의 교육규칙으로 정하는 바에 따른다.",위임,교육규칙,,rule
P00439,"영 별표 3 및 연구·지도직 규정 별표 4에 따른 특정직공무원 또는 별정직공무원 경력의 일반직공무원의 상당 계급과 일반직공무원 경력 상호간의 상당 계급은 별표 1과 같다. 다만, 별표 1에 규정되지 아니한 특정직공무원 경력 및 영 별표 3 제2호다목 및 연구·지도직 규정 별표 4 제2호다목에 따른 정부투자기관·민간기업 등의 경력의 상당 계급은 해당 지방자치단체의 교육규칙으로 정하는 바에 따른다.",위임,교육규칙,,rule
P00440,"영 별표 3 및 연구·지도직 규정 별표 4에 따른 특정직공무원 또는 별정직공무원 경력의 일반직공무원의 상당 계급과 일반직공무원 경력 상호간의 상당 계급은 별표 1과 같다. 다만, 별표 1에 규정되지 아니한 특정직공무원 경력 및 영 별표 3 제2호다목 및 연구·지도직 규정 별표 4 제2호다목에 따른 정부투자기관·민간기업 등의 경력의 상당 계급은 해당 지방자치단체의 교육규칙으로 정하는 바에 따른다.",위임,교육규칙,,rule
P00441,"영 별표 3 및 연구·지도직 규정 별표 4에 따른 특정직공무원 또는 별정직공무원 경력의 일반직공무원의 상당 계급과 일반직공무원 경력 상호간의 상당 계급은 별표 1과 같다. 다만, 별표 1에 규정되지 아니한 특정직공무원 경력 및 영 별표 3 제2호다목 및 연구·지도직 규정 별표 4 제2호다목에 따른 정부투자기관·민간기업 등의 경력의 상당 계급은 해당 지방자치단체의 교육규칙으로 정하는 바에 따른다.",위임,교육규칙,,rule
P00442,"영 별표 3 및 연구·지도직 규정 별표 4에 따른 특정직공무원 또는 별정직공무원 경력의 일반직공무원의 상당 계급과 일반직공무원 경력 상호간의 상당 계급은 별표 1과 같다. 다만, 별표 1에 규정되지 아니한 특정직공무원 경력 및 영 별표 3 제2호다목 및 연구·지도직 규정 별표 4 제2호다목에 따른 정부투자기관·민간기업 등의 경력의 상당 계급은 해당 지방자치단체의 교육규칙으로 정하는 바에 따른다.",위임,교육규칙,,rule
P00443,"영 별표 3 및 연구·지도직 규정 별표 4에 따른 특정직공무원 또는 별정직공무원 경력의 일반직공무원의 상당 계급과 일반직공무원 경력 상호간의 상당 계급은 별표 1과 같다. 다만, 별표 1에 규정되지 아니한 특정직공무원 경력 및 영 별표 3 제2호다목 및 연구·지도직 규정 별표 4 제2호다목에 따른 정부투자기관·민간기업 등의 경력의 상당 계급은 해당 지방자치단체의 교육규칙으로 정하는 바에 따른다.",위임,교육규칙,,rule
P00444,"영 별표 3 및 연구·지도직 규정 별표 4에 따른 특정직공무원 또는 별정직공무원 경력의 일반직공무원의 상당 계급과 일반직공무원 경력 상호간의 상당 계급은 별표 1과 같다. 다만, 별표 1에 규정되지 아니한 특정직공무원 경력 및 영 별표 3 제2호다목 및 연구·지도직 규정 별표 4 제2호다목에 따른 정부투자기관·민간기업 등의 경력의 상당 계급은 해당 지방자치단체의 교육규칙으로 정하는 바에 따른다.",위임,교육규칙,,rule
P00445,"영 별표 3 및 연구·지도직 규정 별표 4에 따른 특정직공무원 또는 별정직공무원 경력의 일반직공무원의 상당 계급과 일반직공무원 경력 상호간의 상당 계급은 별표 1과 같다. 다만, 별표 1에 규정되지 아니한 특정직공무원 경력 및 영 별표 3 제2호다목 및 연구·지도직 규정 별표 4 제2호다목에 따른 정부투자기관·민간기업 등의 경력의 상당 계급은 해당 지방자치단체의 교육규칙으로 정하는 바에 따른다.",위임,교육규칙,,rule
P00446,"영 별표 3 및 연구·지도직 규정 별표 4에 따른 특정직공무원 또는 별정직공무원 경력의 일반직공무원의 상당 계급과 일반직공무원 경력 상호간의 상당 계급은 별표 1과 같다. 다만, 별표 1에 규정되지 아니한 특정직공무원 경력 및 영 별표 3 제2호다목 및 연구·지도직 규정 별표 4 제2호다목에 따른 정부투자기관·민간기업 등의 경력의 상당 계급은 해당 지방자치단체의 교육규칙으로 정하는 바에 따른다.",위임,교육규칙,,rule
P00447,"영 별표 3 및 연구·지도직 규정 별표 4에 따른 특정직공무원 또는 별정직공무원 경력의 일반직공무원의 상당 계급과 일반직공무원 경력 상호간의 상당 계급은 별표 1과 같다. 다만, 별표 1에 규정되지 아니한 특정직공무원 경력 및 영 별표 3 제2호다목 및 연구·지도직 규정 별표 4 제2호다목에 따른 정부투자기관·민간기업 등의 경력의 상당 계급은 해당 지방자치단체의 교육규칙으로 정하는 바에 따른다.",위임,교육규칙,,rule
P00448,"영 별표 3 및 연구·지도직 규정 별표 4에 따른 특정직공무원 또는 별정직공무원 경력의 일반직공무원의 상당 계급과 일반직공무원 경력 상호간의 상당 계급은 별표 1과 같다. 다만, 별표 1에 규정되지 아니한 특정직공무원 경력 및 영 별표 3 제2호다목 및 연구·지도직 규정 별표 4 제2호다목에 따른 정부투자기관·민간기업 등의 경력의 상당 계급은 해당 지방자치단체의 교육규칙으로 정하는 바에 따른다.",위임,교육규칙,,rule
P00449,"영 별표 3 및 연구·지도직 규정 별표 4에 따른 특정직공무원 또는 별정직공무원 경력의 일반직공무원의 상당 계급과 일반직공무원 경력 상호간의 상당 계급은 별표 1과 같다. 다만, 별표 1에 규정되지 아니한 특정직공무원 경력 및 영 별표 3 제2호다목 및 연구·지도직 규정 별표 4 제2호다목에 따른 정부투자기관·민간기업 등의 경력의 상당 계급은 해당 지방자치단체의 교육규칙으로 정하는 바에 따른다.",위임,교육규칙,,rule
P00450,"영 별표 3 및 연구·지도직 규정 별표 4에 따른 특정직공무원 또는 별정직공무원 경력의 일반직공무원의 상당 계급과 일반직공무원 경력 상호간의 상당 계급은 별표 1과 같다. 다만, 별표 1에 규정되지 아니한 특정직공무원 경력 및 영 별표 3 제2호다목 및 연구·지도직 규정 별표 4 제2호다목에 따른 정부투자기관·민간기업 등의 경력의 상당 계급은 해당 지방자치단체의 교육규칙으로 정하는 바에 따른다.",위임,교육규칙,,rule
P00451,"영 별표 3 및 연구·지도직 규정 별표 4에 따른 특정직공무원 또는 별정직공무원 경력의 일반직공무원의 상당 계급과 일반직공무원 경력 상호간의 상당 계급은 별표 1과 같다. 다만, 별표 1에 규정되지 아니한 특정직공무원 경력 및 영 별표 3 제2호다목 및 연구·지도직 규정 별표 4 제2호다목에 따른 정부투자기관·민간기업 등의 경력의 상당 계급은 해당 지방자치단체의 교육규칙으로 정하는 바에 따른다.",위임,교육규칙,,rule
P00452,"영 별표 3 및 연구·지도직 규정 별표 4에 따른 특정직공무원 또는 별정직공무원 경력의 일반직공무원의 상당 계급과 일반직공무원 경력 상호간의 상당 계급은 별표 1과 같다. 다만, 별표 1에 규정되지 아니한 특정직공무원 경력 및 영 별표 3 제2호다목 및 연구·지도직 규정 별표 4 제2호다목에 따른 정부투자기관·민간기업 등의 경력의 상당 계급은 해당 지방자치단체의 교육규칙으로 정하는 바에 따른다.",위임,교육규칙,,rule
P00453,④ 교육감은 경력평정을 할 때 해당 지방자치단체의 운용 여건을 고려하여 가산점을 부여할 특별한 사유가 있는 직위를 교육규칙으로 정할 수 있다.,판단불가,해당없음,,rule
P00454,④ 교육감은 경력평정을 할 때 해당 지방자치단체의 운용 여건을 고려하여 가산점을 부여할 특별한 사유가 있는 직위를 교육규칙으로 정할 수 있다.,판단불가,해당없음,,rule
P00455,④ 교육감은 경력평정을 할 때 해당 지방자치단체의 운용 여건을 고려하여 가산점을 부여할 특별한 사유가 있는 직위를 교육규칙으로 정할 수 있다.,판단불가,해당없음,,rule
P00456,④ 교육감은 경력평정을 할 때 해당 지방자치단체의 운용 여건을 고려하여 가산점을 부여할 특별한 사유가 있는 직위를 교육규칙으로 정할 수 있다.,판단불가,해당없음,,rule
P00457,④ 교육감은 경력평정을 할 때 해당 지방자치단체의 운용 여건을 고려하여 가산점을 부여할 특별한 사유가 있는 직위를 교육규칙으로 정할 수 있다.,판단불가,해당없음,,rule
P00458,④ 교육감은 경력평정을 할 때 해당 지방자치단체의 운용 여건을 고려하여 가산점을 부여할 특별한 사유가 있는 직위를 교육규칙으로 정할 수 있다.,판단불가,해당없음,,rule
P00459,④ 교육감은 경력평정을 할 때 해당 지방자치단체의 운용 여건을 고려하여 가산점을 부여할 특별한 사유가 있는 직위를 교육규칙으로 정할 수 있다.,판단불가,해당없음,,rule
P00460,④ 교육감은 경력평정을 할 때 해당 지방자치단체의 운용 여건을 고려하여 가산점을 부여할 특별한 사유가 있는 직위를 교육규칙으로 정할 수 있다.,판단불가,해당없음,,rule
P00461,④ 교육감은 경력평정을 할 때 해당 지방자치단체의 운용 여건을 고려하여 가산점을 부여할 특별한 사유가 있는 직위를 교육규칙으로 정할 수 있다.,판단불가,해당없음,,rule
P00462,④ 교육감은 경력평정을 할 때 해당 지방자치단체의 운용 여건을 고려하여 가산점을 부여할 특별한 사유가 있는 직위를 교육규칙으로 정할 수 있다.,판단불가,해당없음,,rule
P00463,④ 교육감은 경력평정을 할 때 해당 지방자치단체의 운용 여건을 고려하여 가산점을 부여할 특별한 사유가 있는 직위를 교육규칙으로 정할 수 있다.,판단불가,해당없음,,rule
P00464,④ 교육감은 경력평정을 할 때 해당 지방자치단체의 운용 여건을 고려하여 가산점을 부여할 특별한 사유가 있는 직위를 교육규칙으로 정할 수 있다.,판단불가,해당없음,,rule
P00465,④ 교육감은 경력평정을 할 때 해당 지방자치단체의 운용 여건을 고려하여 가산점을 부여할 특별한 사유가 있는 직위를 교육규칙으로 정할 수 있다.,판단불가,해당없음,,rule
P00466,2. 영 제17조제1항제3호 후단에 따른 지방자치단체의 인사규칙에서 정하는 바에 따라 자격증 소지를 의무화하는 특수직급의 신규임용시험 또는 전직시험에 응시하여 임용된 사람의 해당 자격증,판단불가,해당없음,,rule
P00467,2. 영 제17조제1항제3호 후단에 따른 지방자치단체의 인사규칙에서 정하는 바에 따라 자격증 소지를 의무화하는 특수직급의 신규임용시험 또는 전직시험에 응시하여 임용된 사람의 해당 자격증,판단불가,해당없음,,rule
P00468,2. 영 제17조제1항제3호 후단에 따른 지방자치단체의 인사규칙에서 정하는 바에 따라 자격증 소지를 의무화하는 특수직급의 신규임용시험 또는 전직시험에 응시하여 임용된 사람의 해당 자격증,판단불가,해당없음,,rule
P00469,2. 영 제17조제1항제3호 후단에 따른 지방자치단체의 인사규칙에서 정하는 바에 따라 자격증 소지를 의무화하는 특수직급의 신규임용시험 또는 전직시험에 응시하여 임용된 사람의 해당 자격증,판단불가,해당없음,,rule
P00470,2. 영 제17조제1항제3호 후단에 따른 지방자치단체의 인사규칙에서 정하는 바에 따라 자격증 소지를 의무화하는 특수직급의 신규임용시험 또는 전직시험에 응시하여 임용된 사람의 해당 자격증,판단불가,해당없음,,rule
P00471,2. 영 제17조제1항제3호 후단에 따른 지방자치단체의 인사규칙에서 정하는 바에 따라 자격증 소지를 의무화하는 특수직급의 신규임용시험 또는 전직시험에 응시하여 임용된 사람의 해당 자격증,판단불가,해당없음,,rule
P00472,2. 영 제17조제1항제3호 후단에 따른 지방자치단체의 인사규칙에서 정하는 바에 따라 자격증 소지를 의무화하는 특수직급의 신규임용시험 또는 전직시험에 응시하여 임용된 사람의 해당 자격증,판단불가,해당없음,,rule
P00473,2. 영 제17조제1항제3호 후단에 따른 지방자치단체의 인사규칙에서 정하는 바에 따라 자격증 소지를 의무화하는 특수직급의 신규임용시험 또는 전직시험에 응시하여 임용된 사람의 해당 자격증,판단불가,해당없음,,rule
P00474,2. 영 제17조제1항제3호 후단에 따른 지방자치단체의 인사규칙에서 정하는 바에 따라 자격증 소지를 의무화하는 특수직급의 신규임용시험 또는 전직시험에 응시하여 임용된 사람의 해당 자격증,판단불가,해당없음,,rule
P00475,2. 영 제17조제1항제3호 후단에 따른 지방자치단체의 인사규칙에서 정하는 바에 따라 자격증 소지를 의무화하는 특수직급의 신규임용시험 또는 전직시험에 응시하여 임용된 사람의 해당 자격증,판단불가,해당없음,,rule
P00476,2. 영 제17조제1항제3호 후단에 따른 지방자치단체의 인사규칙에서 정하는 바에 따라 자격증 소지를 의무화하는 특수직급의 신규임용시험 또는 전직시험에 응시하여 임용된 사람의 해당 자격증,판단불가,해당없음,,rule
P00477,2. 영 제17조제1항제3호 후단에 따른 지방자치단체의 인사규칙에서 정하는 바에 따라 자격증 소지를 의무화하는 특수직급의 신규임용시험 또는 전직시험에 응시하여 임용된 사람의 해당 자격증,판단불가,해당없음,,rule
P00478,2. 영 제17조제1항제3호 후단에 따른 지방자치단체의 인사규칙에서 정하는 바에 따라 자격증 소지를 의무화하는 특수직급의 신규임용시험 또는 전직시험에 응시하여 임용된 사람의 해당 자격증,판단불가,해당없음,,rule
P00479,2. 영 제17조제1항제3호 후단에 따른 지방자치단체의 인사규칙에서 정하는 바에 따라 자격증 소지를 의무화하는 특수직급의 신규임용시험 또는 전직시험에 응시하여 임용된 사람의 해당 자격증,판단불가,해당없음,,rule
P00480,2. 영 제17조제1항제3호 후단에 따른 지방자치단체의 인사규칙에서 정하는 바에 따라 자격증 소지를 의무화하는 특수직급의 신규임용시험 또는 전직시험에 응시하여 임용된 사람의 해당 자격증,판단불가,해당없음,,rule
P00481,2. 영 제17조제1항제3호 후단에 따른 지방자치단체의 인사규칙에서 정하는 바에 따라 자격증 소지를 의무화하는 특수직급의 신규임용시험 또는 전직시험에 응시하여 임용된 사람의 해당 자격증,판단불가,해당없음,,rule
P00482,2. 영 제17조제1항제3호 후단에 따른 지방자치단체의 인사규칙에서 정하는 바에 따라 자격증 소지를 의무화하는 특수직급의 신규임용시험 또는 전직시험에 응시하여 임용된 사람의 해당 자격증,판단불가,해당없음,,rule
P00483,2. 영 제32조제2항제5호에 따라 해당 지방자치단체의 교육규칙으로 정하는 재난 및 안전관리 업무에 근무한 경력,위임,교육규칙,,rule
P00484,2. 영 제32조제2항제5호에 따라 해당 지방자치단체의 교육규칙으로 정하는 재난 및 안전관리 업무에 근무한 경력,위임,교육규칙,,rule
P00485,2. 영 제32조제2항제5호에 따라 해당 지방자치단체의 교육규칙으로 정하는 재난 및 안전관리 업무에 근무한 경력,위임,교육규칙,,rule
P00486,2. 영 제32조제2항제5호에 따라 해당 지방자치단체의 교육규칙으로 정하는 재난 및 안전관리 업무에 근무한 경력,위임,교육규칙,,rule
P00487,"① 제23조, 제24조 및 제25조의2에 따른 가산점의 부여 기준ㆍ요건 및 가산점 평정대상기간 등 가산점 부여에 필요한 사항은 해당 지방자치단체의 교육규칙으로 정한다.",위임,교육규칙,,rule
P00488,"① 제23조, 제24조 및 제25조의2에 따른 가산점의 부여 기준ㆍ요건 및 가산점 평정대상기간 등 가산점 부여에 필요한 사항은 해당 지방자치단체의 교육규칙으로 정한다.",위임,교육규칙,,rule
P00489,"① 제23조, 제24조 및 제25조의2에 따른 가산점의 부여 기준ㆍ요건 및 가산점 평정대상기간 등 가산점 부여에 필요한 사항은 해당 지방자치단체의 교육규칙으로 정한다.",위임,교육규칙,,rule
P00490,"① 제23조, 제24조 및 제25조의2에 따른 가산점의 부여 기준ㆍ요건 및 가산점 평정대상기간 등 가산점 부여에 필요한 사항은 해당 지방자치단체의 교육규칙으로 정한다.",위임,교육규칙,,rule
P00491,"① 제23조, 제24조 및 제25조의2에 따른 가산점의 부여 기준ㆍ요건 및 가산점 평정대상기간 등 가산점 부여에 필요한 사항은 해당 지방자치단체의 교육규칙으로 정한다.",위임,교육규칙,,rule
P00492,"① 제23조, 제24조 및 제25조의2에 따른 가산점의 부여 기준ㆍ요건 및 가산점 평정대상기간 등 가산점 부여에 필요한 사항은 해당 지방자치단체의 교육규칙으로 정한다.",위임,교육규칙,,rule
P00493,"① 제23조, 제24조 및 제25조의2에 따른 가산점의 부여 기준ㆍ요건 및 가산점 평정대상기간 등 가산점 부여에 필요한 사항은 해당 지방자치단체의 교육규칙으로 정한다.",위임,교육규칙,,rule
P00494,"① 제23조, 제24조 및 제25조의2에 따른 가산점의 부여 기준ㆍ요건 및 가산점 평정대상기간 등 가산점 부여에 필요한 사항은 해당 지방자치단체의 교육규칙으로 정한다.",위임,교육규칙,,rule
P00495,"① 제23조, 제24조 및 제25조의2에 따른 가산점의 부여 기준ㆍ요건 및 가산점 평정대상기간 등 가산점 부여에 필요한 사항은 해당 지방자치단체의 교육규칙으로 정한다.",위임,교육규칙,,rule
P00496,"① 제23조, 제24조 및 제25조의2에 따른 가산점의 부여 기준ㆍ요건 및 가산점 평정대상기간 등 가산점 부여에 필요한 사항은 해당 지방자치단체의 교육규칙으로 정한다.",위임,교육규칙,,rule
P00497,"① 제23조, 제24조 및 제25조의2에 따른 가산점의 부여 기준ㆍ요건 및 가산점 평정대상기간 등 가산점 부여에 필요한 사항은 해당 지방자치단체의 교육규칙으로 정한다.",위임,교육규칙,,rule
P00498,"① 제23조, 제24조 및 제25조의2에 따른 가산점의 부여 기준ㆍ요건 및 가산점 평정대상기간 등 가산점 부여에 필요한 사항은 해당 지방자치단체의 교육규칙으로 정한다.",위임,교육규칙,,rule
P00499,"① 제23조, 제24조 및 제25조의2에 따른 가산점의 부여 기준ㆍ요건 및 가산점 평정대상기간 등 가산점 부여에 필요한 사항은 해당 지방자치단체의 교육규칙으로 정한다.",위임,교육규칙,,rule
P00500,"① 제23조, 제24조 및 제25조의2에 따른 가산점의 부여 기준ㆍ요건 및 가산점 평정대상기간 등 가산점 부여에 필요한 사항은 해당 지방자치단체의 교육규칙으로 정한다.",위임,교육규칙,,rule
P00501,"① 제23조, 제24조 및 제25조의2에 따른 가산점의 부여 기준ㆍ요건 및 가산점 평정대상기간 등 가산점 부여에 필요한 사항은 해당 지방자치단체의 교육규칙으로 정한다.",위임,교육규칙,,rule
P00502,"① 제23조, 제24조 및 제25조의2에 따른 가산점의 부여 기준ㆍ요건 및 가산점 평정대상기간 등 가산점 부여에 필요한 사항은 해당 지방자치단체의 교육규칙으로 정한다.",위임,교육규칙,,rule
P00503,"① 제23조, 제24조 및 제25조의2에 따른 가산점의 부여 기준ㆍ요건 및 가산점 평정대상기간 등 가산점 부여에 필요한 사항은 해당 지방자치단체의 교육규칙으로 정한다.",위임,교육규칙,,rule
P00504,대통령령으로 정한다,위임,대통령령,,rule
P00505,대통령령으로 정한다,위임,대통령령,,rule
P00506,대통령령으로 정한다,위임,대통령령,,rule
P00507,대통령령으로 정한다,위임,대통령령,,rule
P00508,대통령령으로 정한다,위임,대통령령,,rule
P00509,대통령령으로 정한다,위임,대통령령,,rule
P00510,대통령령으로 정한다,위임,대통령령,,rule
P00511,대통령령으로 정한다,위임,대통령령,,rule
P00512,대통령령으로 정한다,위임,대통령령,,rule
P00513,사항은 대통령령으로,위임,대통령령,,rule
P00514,사항은 대통령령으로,위임,대통령령,,rule
P00515,사항은 대통령령으로,위임,대통령령,,rule
P00516,사항은 대통령령으로,위임,대통령령,,rule
P00517,사항은 대통령령으로,위임,대통령령,,rule
P00518,사항은 대통령령으로,위임,대통령령,,rule
P00519,사항은 대통령령으로,위임,대통령령,,rule
P00520,사항은 대통령령으로,위임,대통령령,,rule
P00521,대통령령으로 정하는,위임,대통령령,,rule
P00522,대통령령으로 정한다,위임,대통령령,,rule
P00523,대통령령으로 정한다,위임,대통령령,,rule
P00524,대통령령으로 정한다,위임,대통령령,,rule
P00525,대통령령으로 정한다,위임,대통령령,,rule
P00526,대통령령으로 정한다,위임,대통령령,,rule
P00527,대통령령으로 정한다,위임,대통령령,,rule
P00528,대통령령으로 정하는,위임,대통령령,,rule
P00529,대통령령으로 정하는,위임,대통령령,,rule
P00530,대통령령으로 정한다,위임,대통령령,,rule
P00531,대통령령으로 정한다,위임,대통령령,,rule
P00532,대통령령으로 정한다,위임,대통령령,,rule
P00533,④ 지방자치단체는 해당 지방자치단체가 설립·경영하는 전체 대학 교원 중 특정 성별이 4분의 3을 초과하지 아니하도록 노력하여야 한다. 이 경우 교원의 성별 구성에 관한 연도별 목표 비율은 해당 지방자치단체의 조례로 정한다.,위임,조례,,rule
P00534,대통령령으로 정하는 바에,위임,대통령령,,rule
P00535,대통령령으로 정하는 경우,위임,대통령령,,rule
P00536,대통령령으로 정하는,위임,대통령령,,rule
P00537,대통령령으로 정하는 바에 따라,위임,대통령령,,rule
P00538,대통령령으로 정하는,위임,대통령령,,rule
P00539,대통령령으로 정하는,위임,대통령령,,rule
P00540,대통령령으로 정하는,위임,대통령령,,rule
P00541,대통령령으로 정하는,위임,대통령령,,rule
P00542,대통령령으로 정하는,위임,대통령령,,rule
P00543,대통령령으로 정하는,위임,대통령령,,rule
P00544,대통령령으로 정하는,위임,대통령령,,rule
P00545,대통령령으로 정하는,위임,대통령령,,rule
P00546,대통령령으로 정하는,위임,대통령령,,rule
P00547,대통령령으로 정하는,위임,대통령령,,rule
P00548,대통령령으로 정한다,위임,대통령령,,rule
P00549,사항은 대통령령으로,위임,대통령령,,rule
P00550,대통령령으로 정하는 기간,위임,대통령령,,rule
P00551,대통령령으로 정하는 사유에,위임,대통령령,,rule
P00552,대통령령으로 정한다,위임,대통령령,,rule
P00553,대통령령으로 정하는,위임,대통령령,,rule
P00554,대통령령으로 정한다,위임,대통령령,,rule
P00555,대통령령으로 정하는,위임,대통령령,,rule
P00556,필요한 사항은 교육부령으로,위임,부령,,rule
P00557,대통령령으로 정한다,위임,대통령령,,rule
P00558,대통령령으로 정하되,위임,대통령령,,rule
P00559,중앙선거관리위원회규칙으로,판단불가,해당없음,,rule
P00560,대통령령으로 정하는,위임,대통령령,,rule
P00561,사항은 대통령령으로,위임,대통령령,,rule
P00562,사항은 대통령령으로,위임,대통령령,,rule
P00563,사항은 대통령령으로,위임,대통령령,,rule
P00564,대통령령으로 정하는 업적평가 및 연수실적 등을 반영한 재심사를,위임,대통령령,,rule
P00565,심사기준을 충족하지 못한 경우 대통령령으로,위임,대통령령,,rule
P00566,"대통령령으로 정하는 바에 따라 수업부담 경감, 수당 지급",위임,대통령령,,rule
P00567,대통령령으로 정한다,위임,대통령령,,rule
P00568,필요한 사항은 대통령령으로,위임,대통령령,,rule
P00569,대통령령으로 정하는,위임,대통령령,,rule
P00570,"④ 교육감은 제2항에 따라 장학금을 받고 있거나 받은 사람이 다음 각 호의 어느 하나에 해당하는 경우에는 시ㆍ도의 조례로 정하는 바에 따라 본인에게 장학금의 전부 또는 일부를 반납할 것을 명할 수 있고, 본인이 반납하지 아니할 경우 그의 보증인(「보험업법」에 따라 보증보험증권을 발행한 보험회사를 포함한다)에게 보증채무의 이행을 청구할 수 있으며 반납하지 아니하면 지방세 체납처분의 예에 따라 징수할 수 있다. 다만, 의무복무기간 중 공무상 질병으로 퇴직한 경우 등 시ㆍ도의 조례로 정하는 불가피한 사유가 있는 경우에는 그러하지 아니하다.",위임,조례,,rule
P00571,③ 교육감은 제2항에 따라 장학금을 받는 사람에 대하여 교육대학을 졸업한 후 4년의 범위에서 해당 관할지역에서 실시되는 교사 공개전형에 응시하여 합격한 경우에는 장학금을 받은 기간의 2배의 범위에서 시·도의 조례로 정하는 기간 동안 교육감이 정하는 지역에서 복무하도록 의무를 부과할 수 있다.,위임,조례,,rule
P00572,③ 교육감은 제2항에 따라 장학금을 받는 사람에 대하여 교육대학을 졸업한 후 4년의 범위에서 해당 관할지역에서 실시되는 교사 공개전형에 응시하여 합격한 경우에는 장학금을 받은 기간의 2배의 범위에서 시·도의 조례로 정하는 기간 동안 교육감이 정하는 지역에서 복무하도록 의무를 부과할 수 있다.,위임,조례,,rule
P00573,"④ 교육감은 제2항에 따라 장학금을 받고 있거나 받은 사람이 다음 각 호의 어느 하나에 해당하는 경우에는 시ㆍ도의 조례로 정하는 바에 따라 본인에게 장학금의 전부 또는 일부를 반납할 것을 명할 수 있고, 본인이 반납하지 아니할 경우 그의 보증인(「보험업법」에 따라 보증보험증권을 발행한 보험회사를 포함한다)에게 보증채무의 이행을 청구할 수 있으며 반납하지 아니하면 지방세 체납처분의 예에 따라 징수할 수 있다. 다만, 의무복무기간 중 공무상 질병으로 퇴직한 경우 등 시ㆍ도의 조례로 정하는 불가피한 사유가 있는 경우에는 그러하지 아니하다.",위임,조례,,rule
P00574,"④ 교육감은 제2항에 따라 장학금을 받고 있거나 받은 사람이 다음 각 호의 어느 하나에 해당하는 경우에는 시ㆍ도의 조례로 정하는 바에 따라 본인에게 장학금의 전부 또는 일부를 반납할 것을 명할 수 있고, 본인이 반납하지 아니할 경우 그의 보증인(「보험업법」에 따라 보증보험증권을 발행한 보험회사를 포함한다)에게 보증채무의 이행을 청구할 수 있으며 반납하지 아니하면 지방세 체납처분의 예에 따라 징수할 수 있다. 다만, 의무복무기간 중 공무상 질병으로 퇴직한 경우 등 시ㆍ도의 조례로 정하는 불가피한 사유가 있는 경우에는 그러하지 아니하다.",위임,조례,,rule
P00575,대통령령으로 정하는,위임,대통령령,,rule
P00576,대통령령으로 정하는,위임,대통령령,,rule
P00577,대통령령으로 정하는,위임,대통령령,,rule
P00578,대통령령으로 정하는,위임,대통령령,,rule
P00579,대통령령으로 정한다,위임,대통령령,,rule
P00580,대통령령으로 정한다,위임,대통령령,,rule
P00581,대통령령에는,판단불가,해당없음,,rule
P00582,대통령령에는,판단불가,해당없음,,rule
P00583,대통령령으로 정하는,위임,대통령령,,rule
P00584,대통령령으로 정하는,위임,대통령령,,rule
P00585,사항은 대통령령으로,위임,대통령령,,rule
P00586,사항은 대통령령으로,위임,대통령령,,rule
P00587,사항은 대통령령으로,위임,대통령령,,rule
P00588,사항은 대통령령으로,위임,대통령령,,rule
P00589,사항은 대통령령으로,위임,대통령령,,rule
P00590,사항은 대통령령으로,위임,대통령령,,rule
P00591,사항은 대통령령으로,위임,대통령령,,rule
P00592,사항은 대통령령으로,위임,대통령령,,rule
P00593,사항은 대통령령으로,위임,대통령령,,rule
P00594,사항은 대통령령으로,위임,대통령령,,rule
P00595,사항은 대통령령으로,위임,대통령령,,rule
P00596,사항은 대통령령으로,위임,대통령령,,rule
P00597,대통령령으로 정하는,위임,대통령령,,rule
P00598,필요한 사항은 대통령령으로,위임,대통령령,,rule
P00599,대통령령으로 정한다,위임,대통령령,,rule
P00600,대통령령으로 정한다,위임,대통령령,,rule
P00601,대통령령으로 정하는,위임,대통령령,,rule
P00602,대통령령으로 정한다,위임,대통령령,,rule
P00603,사항은 대통령령으로,위임,대통령령,,rule
P00604,사항은 대통령령으로,위임,대통령령,,rule
P00605,사항은 대통령령으로,위임,대통령령,,rule
P00606,사항은 대통령령으로,위임,대통령령,,rule
P00607,사항은 대통령령으로,위임,대통령령,,rule
P00608,사항은 대통령령으로,위임,대통령령,,rule
P00609,사항은 대통령령으로,위임,대통령령,,rule
P00610,사항은 대통령령으로,위임,대통령령,,rule
P00611,사항은 대통령령으로,위임,대통령령,,rule
P00612,사항은 대통령령으로,위임,대통령령,,rule
P00613,사항은 대통령령으로,위임,대통령령,,rule
P00614,사항은 대통령령으로,위임,대통령령,,rule
P00615,사항은 대통령령으로,위임,대통령령,,rule
P00616,사항은 대통령령으로,위임,대통령령,,rule
P00617,사항은 대통령령으로,위임,대통령령,,rule
P00618,사항은 대통령령으로,위임,대통령령,,rule
P00619,사항은 대통령령으로,위임,대통령령,,rule
P00620,사항은 대통령령으로,위임,대통령령,,rule
P00621,사항은 대통령령으로,위임,대통령령,,rule
P00622,사항은 대통령령으로,위임,대통령령,,rule
P00623,사항은 대통령령으로,위임,대통령령,,rule
P00624,사항은 대통령령으로,위임,대통령령,,rule
P00625,사항은 대통령령으로,위임,대통령령,,rule
P00626,사항은 대통령령으로,위임,대통령령,,rule
P00627,사항은 대통령령으로,위임,대통령령,,rule
P00628,사항은 대통령령으로,위임,대통령령,,rule
P00629,사항은 대통령령으로,위임,대통령령,,rule
P00630,사항은 대통령령으로,위임,대통령령,,rule
P00631,사항은 대통령령으로,위임,대통령령,,rule
P00632,사항은 대통령령으로,위임,대통령령,,rule
P00633,사항은 대통령령으로,위임,대통령령,,rule
P00634,사항은 대통령령으로,위임,대통령령,,rule
P00635,대통령령으로 정하는,위임,대통령령,,rule
P00636,대통령령으로 정하는,위임,대통령령,,rule
P00637,사항은 대통령령으로,위임,대통령령,,rule
P00638,사항은 대통령령으로,위임,대통령령,,rule
P00639,8. 교육부장관 또는 교육감이 지정하는 연구기관이나 교육기관 등에서 연수하게 된 경우,위임,미특정,,rule
P00640,대통령령으로 정하는,위임,대통령령,,rule
P00641,대통령령으로 정하는,위임,대통령령,,rule
P00642,대통령령으로 정한다,위임,대통령령,,rule
P00643,대통령령으로 정하는,위임,대통령령,,rule
P00644,대통령령으로 정하는,위임,대통령령,,rule
P00645,대통령령으로 정하는,위임,대통령령,,rule
P00646,사항은 대통령령으로,위임,대통령령,,rule
P00647,대통령령으로 정하는 부단체장을,위임,대통령령,,rule
P00648,대통령령으로 정한다,위임,대통령령,,rule
P00649,대통령령으로 정하는 바에 따라 해당 공립대학의 추천을,위임,대통령령,,rule
P00650,⑧ 공립대학고충위원회의 구성·권한 및 심사절차와 그 밖에 필요한 사항은 조례로 정한다.,위임,조례,,rule
P00651,대통령령으로 정하는 부교육감을,위임,대통령령,,rule
P00652,필요하다고 인정하는 경우에는 교육부장관이 정하는 범위에서,위임,미특정,,rule
P00653,교육부장관이 정하는 범위 안에서 조정위원회의 심의를 거쳐 근무성적평정표 및 다면평가표의 요소별 점수를 조정할 수 있다.,위임,미특정,,rule
P00654,교육부장관이 인정하는 전국규모의 연구대회,판단불가,해당없음,,rule
P00655,교육부장관이 인정하는 전국규모의 연구대회,판단불가,해당없음,,rule
P00656,임용권자 또는 임용제청권자중에서 교육부장관이 지정한다.,판단불가,해당없음,,rule
P00657,"직위해제처분의 말소방법, 절차 등에 관한 사항은 교육부장관이 정한다.",판단불가,해당없음,,rule
P00658,⑧제7항에 따른 위원회의 구성 및 운영 그 밖에 지방자치단체의 양성평등조치계획 및 그 추진실적의 평가에 필요한 사항은 해당 지방자치단체의 조례로 정한다.,위임,조례,,rule
P00659,교사의 임용에 필요한 사항은 교육부장관이 정한다.,판단불가,해당없음,,rule
P00660,교육부령으로 정한다,위임,부령,,rule
P00661,교육부령이 정하는 바에 따라,판단불가,해당없음,,rule
P00662,교육부령으로 정한다,위임,부령,,rule
P00663,7. 당해 직위나 근무지에 계속하여 근무하는 것이 교육상 심히 부적당하다고 인정되는 사유로서 교육부장관이 정하는 경우,위임,미특정,,rule
P00664,교육부장관이 정하는 과목의 자격증을 소지하거나 해당 학과를 졸업한 사람을 말한다.,위임,미특정,,rule
P00665,질병휴직위원회의 구성·운영 등 질병휴직 제도의 운영에 필요한 사항은 교육부장관이 정한다,판단불가,해당없음,,rule
P00666,시간선택제 전환교사의 지정 기준 등에 관하여 필요한 사항은 교육부장관이 정한다.,판단불가,해당없음,,rule
P00667,① 시험에 응시하려는 사람은 시ㆍ도의 조례로 정하는 바에 따라 응시수수료를 내야 한다.,위임,조례,,rule
P00668,① 시험에 응시하려는 사람은 시ㆍ도의 조례로 정하는 바에 따라 응시수수료를 내야 한다.,위임,조례,,rule
P00669,① 시험에 응시하려는 사람은 시ㆍ도의 조례로 정하는 바에 따라 응시수수료를 내야 한다.,위임,조례,,rule
P00670,① 시험에 응시하려는 사람은 시ㆍ도의 조례로 정하는 바에 따라 응시수수료를 내야 한다.,위임,조례,,rule
P00671,① 시험에 응시하려는 사람은 시ㆍ도의 조례로 정하는 바에 따라 응시수수료를 내야 한다.,위임,조례,,rule
P00672,① 시험에 응시하려는 사람은 시ㆍ도의 조례로 정하는 바에 따라 응시수수료를 내야 한다.,위임,조례,,rule
P00673,① 시험에 응시하려는 사람은 시ㆍ도의 조례로 정하는 바에 따라 응시수수료를 내야 한다.,위임,조례,,rule
P00674,① 시험에 응시하려는 사람은 시ㆍ도의 조례로 정하는 바에 따라 응시수수료를 내야 한다.,위임,조례,,rule
P00675,① 시험에 응시하려는 사람은 시ㆍ도의 조례로 정하는 바에 따라 응시수수료를 내야 한다.,위임,조례,,rule
P00676,① 시험에 응시하려는 사람은 시ㆍ도의 조례로 정하는 바에 따라 응시수수료를 내야 한다.,위임,조례,,rule
P00677,① 시험에 응시하려는 사람은 시ㆍ도의 조례로 정하는 바에 따라 응시수수료를 내야 한다.,위임,조례,,rule
P00678,① 시험에 응시하려는 사람은 시ㆍ도의 조례로 정하는 바에 따라 응시수수료를 내야 한다.,위임,조례,,rule
P00679,① 시험에 응시하려는 사람은 시ㆍ도의 조례로 정하는 바에 따라 응시수수료를 내야 한다.,위임,조례,,rule
P00680,① 시험에 응시하려는 사람은 시ㆍ도의 조례로 정하는 바에 따라 응시수수료를 내야 한다.,위임,조례,,rule
P00681,① 시험에 응시하려는 사람은 시ㆍ도의 조례로 정하는 바에 따라 응시수수료를 내야 한다.,위임,조례,,rule
P00682,① 시험에 응시하려는 사람은 시ㆍ도의 조례로 정하는 바에 따라 응시수수료를 내야 한다.,위임,조례,,rule
P00683,① 시험에 응시하려는 사람은 시ㆍ도의 조례로 정하는 바에 따라 응시수수료를 내야 한다.,위임,조례,,rule
P00684,한다)은 교육부령으로,위임,부령,,rule
P00685,대통령령으로 정하는 학교는,위임,대통령령,,rule
P00686,대통령령으로 정한다,위임,대통령령,,rule
P00687,대통령령으로 정한다,위임,대통령령,,rule
P00688,대통령령으로 정한다,위임,대통령령,,rule
P00689,대통령령으로 정한다,위임,대통령령,,rule
P00690,대통령령으로 정한다,위임,대통령령,,rule
P00691,대통령령으로 정한다,위임,대통령령,,rule
P00692,대통령령으로 정한다,위임,대통령령,,rule
P00693,대통령령으로 정한다,위임,대통령령,,rule
P00694,대통령령으로 정하는 바에 따라,위임,대통령령,,rule
P00695,대통령령으로 정하는 바에 따라,위임,대통령령,,rule
P00696,대통령령으로 정한다,위임,대통령령,,rule
P00697,대통령령으로 정한다,위임,대통령령,,rule
P00698,대통령령으로 정하는,위임,대통령령,,rule
P00699,대통령령으로 정한다,위임,대통령령,,rule
P00700,대통령령으로 정한다,위임,대통령령,,rule
P00701,특구를 지정한 때에는 대통령령으로 정하는 바에 따라 그 내용을 관보에 고시하고,위임,대통령령,,rule
P00702,대통령령으로 정한다,위임,대통령령,,rule
P00703,대통령령으로 정하는 사항,위임,대통령령,,rule
P00704,대통령령으로 정하는 중요한,위임,대통령령,,rule
P00705,필요한 사항은 대통령령으로,위임,대통령령,,rule
P00706,대통령령으로 정하는 사항,위임,대통령령,,rule
P00707,대통령령으로 정하는 사람이,위임,대통령령,,rule
P00708,대통령령으로 정한다,위임,대통령령,,rule
P00709,대통령령으로 정한다,위임,대통령령,,rule
P00710,대통령령으로 정한다,위임,대통령령,,rule
P00711,대통령령으로 정하는,위임,대통령령,,rule
P00712,필요한 사항은 대통령령으로,위임,대통령령,,rule
P00713,필요한 사항은 대통령령으로,위임,대통령령,,rule
P00714,④ 실시계획심의위원회의 조직·운영 등에 관하여 필요한 사항은 조례로 정한다.,위임,조례,,rule
P00715,3. 그 밖에 특구 조성사업에 필요한 사항으로서 조례로 정하는 사항,위임,조례,,rule
P00716,④ 실시계획심의위원회의 조직·운영 등에 관하여 필요한 사항은 조례로 정한다.,위임,조례,,rule
P00717,3. 그 밖에 특구 조성사업에 필요한 사항으로서 조례로 정하는 사항,위임,조례,,rule
P00718,3. 그 밖에 특구 조성사업에 필요한 사항으로서 조례로 정하는 사항,위임,조례,,rule
P00719,④ 실시계획심의위원회의 조직·운영 등에 관하여 필요한 사항은 조례로 정한다.,위임,조례,,rule
P00720,3. 그 밖에 특구 조성사업에 필요한 사항으로서 조례로 정하는 사항,위임,조례,,rule
P00721,④ 실시계획심의위원회의 조직·운영 등에 관하여 필요한 사항은 조례로 정한다.,위임,조례,,rule
P00722,④ 실시계획심의위원회의 조직·운영 등에 관하여 필요한 사항은 조례로 정한다.,위임,조례,,rule
P00723,3. 그 밖에 특구 조성사업에 필요한 사항으로서 조례로 정하는 사항,위임,조례,,rule
P00724,④ 실시계획심의위원회의 조직·운영 등에 관하여 필요한 사항은 조례로 정한다.,위임,조례,,rule
P00725,3. 그 밖에 특구 조성사업에 필요한 사항으로서 조례로 정하는 사항,위임,조례,,rule
P00726,④ 실시계획심의위원회의 조직·운영 등에 관하여 필요한 사항은 조례로 정한다.,위임,조례,,rule
P00727,3. 그 밖에 특구 조성사업에 필요한 사항으로서 조례로 정하는 사항,위임,조례,,rule
P00728,그 밖에 대통령령으로 정하는 사업,위임,대통령령,,rule
P00729,대통령령으로 정한다,위임,대통령령,,rule
P00730,대통령령으로 정한다,위임,대통령령,,rule
P00731,대통령령으로 정하는 바에 따라,위임,대통령령,,rule
P00732,다음 각 호의 사항을 관보 및 교육부 인터넷 홈페이지에 고시하여야 한다.,판단불가,해당없음,,rule
P00733,따로 법률로 정한다,인용,해당없음,,rule
P00734,따로 법률로 정한다,인용,해당없음,,rule
P00735,따로 법률로 정한다,인용,해당없음,,rule
P00736,따로 법률로 정한다,인용,해당없음,,rule
P00737,법률로 정한다,인용,해당없음,,rule
P00738,법률로 정하는,판단불가,해당없음,,rule
P00739,법률로 정하는,판단불가,해당없음,,rule
P00740,법률로 정한다,인용,해당없음,,rule
P00741,법률로 정한다,인용,해당없음,,rule
P00742,대통령령으로 정하는,위임,대통령령,,rule
P00743,대통령령으로 정한다,위임,대통령령,,rule
P00744,따로 법률로 정한다,인용,해당없음,,rule
P00745,대통령령으로 정한다,위임,대통령령,,rule
P00746,교육부령으로 정한다,위임,부령,,rule
P00747,교육부령으로 정한다,위임,부령,,rule
P00748,교육부령으로 정한다,위임,부령,,rule
P00749,교육부령으로 정한다,위임,부령,,rule
P00750,교육부령으로 정한다,위임,부령,,rule
P00751,교육부령으로 정한다,위임,부령,,rule
P00752,교육부령으로 정한다,위임,부령,,rule
P00753,교육부령으로 정한다,위임,부령,,rule
P00754,교육부령으로 정한다,위임,부령,,rule
P00755,교육부령으로 정한다,위임,부령,,rule
P00756,교육부령으로 정한다,위임,부령,,rule
P00757,교육부령으로 정한다,위임,부령,,rule
P00758,교육부령으로 정한다,위임,부령,,rule
P00759,교육부령으로 정한다,위임,부령,,rule
P00760,교육부령으로 정한다,위임,부령,,rule
P00761,교육부령으로 정한다,위임,부령,,rule
P00762,교육부령으로 정한다,위임,부령,,rule
P00763,교육부령으로 정한다,위임,부령,,rule
P00764,교육부령으로 정한다,위임,부령,,rule
P00765,교육부령으로 정한다,위임,부령,,rule
P00766,교육부령으로 정하고,위임,부령,,rule
P00767,교육부령으로 정한다,위임,부령,,rule
P00768,교육부령으로 정원,판단불가,해당없음,,rule
P00769,교육부령으로 정한다,위임,부령,,rule
P00770,교육부령으로 정한다,위임,부령,,rule
P00771,교육부령으로 정하는,위임,부령,,rule
P00772,사항은 교육부령으로,위임,부령,,rule
P00773,교육부령으로 정한다,위임,부령,,rule
P00774,대통령령으로 정하는,위임,대통령령,,rule
P00775,대통령령으로 정하는 학교는,위임,대통령령,,rule
P00776,대통령령으로 정하는 교육,위임,대통령령,,rule
P00777,대통령령으로 정하는,위임,대통령령,,rule
P00778,대통령령으로 정한다,위임,대통령령,,rule
P00779,대통령령으로 정하는,위임,대통령령,,rule
P00780,대통령령으로 정하는,위임,대통령령,,rule
P00781,대통령령으로 정하는,위임,대통령령,,rule
P00782,대통령령으로 정한다,위임,대통령령,,rule
P00783,대통령령으로 정한다,위임,대통령령,,rule
P00784,대통령령으로 정한다,위임,대통령령,,rule
P00785,대통령령으로 정한다,위임,대통령령,,rule
P00786,대통령령으로 정한다,위임,대통령령,,rule
P00787,대통령령으로 정하는,위임,대통령령,,rule
P00788,대통령령으로 정한다,위임,대통령령,,rule
P00789,대통령령으로 정한다,위임,대통령령,,rule
P00790,대통령령으로 정한다,위임,대통령령,,rule
P00791,대통령령으로 정하는,위임,대통령령,,rule
P00792,대통령령으로 정하는,위임,대통령령,,rule
P00793,교육부령으로 정하는,위임,부령,,rule
P00794,대통령령으로 정하는,위임,대통령령,,rule
P00795,대통령령으로 정하는,위임,대통령령,,rule
P00796,대통령령으로 정한다,위임,대통령령,,rule
P00797,대통령령으로 정하는,위임,대통령령,,rule
P00798,교육부령으로 정하는,위임,부령,,rule
P00799,대통령령으로 정한다,위임,대통령령,,rule
P00800,교육부령으로 정하는,위임,부령,,rule
P00801,대통령령으로 정한다,위임,대통령령,,rule
P00802,대통령령으로 정한다,위임,대통령령,,rule
P00803,대통령령으로 정하는,위임,대통령령,,rule
P00804,대통령령으로 정한다,위임,대통령령,,rule
P00805,대통령령으로 정하는,위임,대통령령,,rule
P00806,대통령령으로 정하는,위임,대통령령,,rule
P00807,대통령령으로 정하는,위임,대통령령,,rule
P00808,대통령령으로 정하는,위임,대통령령,,rule
P00809,대통령령으로 정한다,위임,대통령령,,rule
P00810,대통령령으로 정하는,위임,대통령령,,rule
P00811,대통령령으로 정하는,위임,대통령령,,rule
P00812,대통령령으로 정한다,위임,대통령령,,rule
P00813,대통령령으로 정한다,위임,대통령령,,rule
P00814,교육부령으로 정한다,위임,부령,,rule
P00815,대통령령으로 정하는,위임,대통령령,,rule
P00816,교육부령으로 정하는,위임,부령,,rule
P00817,대통령령으로 정하는,위임,대통령령,,rule
P00818,대통령령으로 정하는,위임,대통령령,,rule
P00819,④ 그 밖에 사전기획에 관하여 필요한 세부적인 사항은 교육부장관이 정하여 고시한다.,위임,미특정,,rule
P00820,대통령령으로 정한다,위임,대통령령,,rule
P00821,대통령령으로 정한다,위임,대통령령,,rule
P00822,④ 기금의 설치ㆍ운용에 관하여 필요한 사항은 조례로 정한다.,위임,조례,,rule
P00823,5. 그 밖에 시ㆍ도 조례로 정하는 수입금,위임,조례,,rule
P00824,④ 기금의 설치ㆍ운용에 관하여 필요한 사항은 조례로 정한다.,위임,조례,,rule
P00825,5. 그 밖에 시ㆍ도 조례로 정하는 수입금,위임,조례,,rule
P00826,④ 기금의 설치ㆍ운용에 관하여 필요한 사항은 조례로 정한다.,위임,조례,,rule
P00827,④ 기금의 설치ㆍ운용에 관하여 필요한 사항은 조례로 정한다.,위임,조례,,rule
P00828,④ 기금의 설치ㆍ운용에 관하여 필요한 사항은 조례로 정한다.,위임,조례,,rule
P00829,④ 기금의 설치ㆍ운용에 관하여 필요한 사항은 조례로 정한다.,위임,조례,,rule
P00830,④ 기금의 설치ㆍ운용에 관하여 필요한 사항은 조례로 정한다.,위임,조례,,rule
P00831,④ 기금의 설치ㆍ운용에 관하여 필요한 사항은 조례로 정한다.,위임,조례,,rule
P00832,5. 그 밖에 시ㆍ도 조례로 정하는 수입금,위임,조례,,rule
P00833,④ 기금의 설치ㆍ운용에 관하여 필요한 사항은 조례로 정한다.,위임,조례,,rule
P00834,④ 기금의 설치ㆍ운용에 관하여 필요한 사항은 조례로 정한다.,위임,조례,,rule
P00835,④ 기금의 설치ㆍ운용에 관하여 필요한 사항은 조례로 정한다.,위임,조례,,rule
P00836,④ 기금의 설치ㆍ운용에 관하여 필요한 사항은 조례로 정한다.,위임,조례,,rule
P00837,④ 기금의 설치ㆍ운용에 관하여 필요한 사항은 조례로 정한다.,위임,조례,,rule
P00838,5. 그 밖에 시ㆍ도 조례로 정하는 수입금,위임,조례,,rule
P00839,④ 기금의 설치ㆍ운용에 관하여 필요한 사항은 조례로 정한다.,위임,조례,,rule
P00840,④ 기금의 설치ㆍ운용에 관하여 필요한 사항은 조례로 정한다.,위임,조례,,rule
P00841,5. 그 밖에 시ㆍ도 조례로 정하는 수입금,위임,조례,,rule
P00842,④ 기금의 설치ㆍ운용에 관하여 필요한 사항은 조례로 정한다.,위임,조례,,rule
P00843,④ 기금의 설치ㆍ운용에 관하여 필요한 사항은 조례로 정한다.,위임,조례,,rule
P00844,6. 그 밖에 교육시설의 안전점검과 유지보수를 위하여 조례로 정한 사업,인용,해당없음,,rule
P00845,6. 그 밖에 교육시설의 안전점검과 유지보수를 위하여 조례로 정한 사업,인용,해당없음,,rule
P00846,대통령령으로 정하는,위임,대통령령,,rule
P00847,대통령령으로 정하는,위임,대통령령,,rule
P00848,대통령령으로 정한다,위임,대통령령,,rule
P00849,대통령령으로 정한다,위임,대통령령,,rule
P00850,대통령령으로 정하는,위임,대통령령,,rule
P00851,대통령령으로 정하는,위임,대통령령,,rule
P00852,대통령령으로 정하는,위임,대통령령,,rule
P00853,대통령령으로 정하는,위임,대통령령,,rule
P00854,소방시설실태조사의 절차 및 방법 등에 필요한 사항은 교육부장관이 정하여 고시한다.,위임,미특정,,rule
P00855,소방시설실태조사 결과에 따른 조치의 절차 및 방법 등에 필요한 사항은 교육부장관이 정하여 고시한다.,위임,미특정,,rule
P00856,제2조제2항에 따른 교육기관의 시설 중 학생이 주로 이용하는 시설로서 교육부장관이 정하여 고시하는 시설의 경우,위임,미특정,,rule
P00857,교육부령으로 정하는,위임,부령,,rule
P00858,교육부령으로 정하는 규모,위임,부령,,rule
P00859,교육부령으로 정하는 바에,위임,부령,,rule
P00860,교육부장관이 정하여 고시하는 기준에 따라 최우수와 우수의 2개 등급으로 구분한다.,위임,미특정,,rule
P00861,교육시설안전인증에 필요한 세부 사항은 교육부장관이 정하여 고시한다.,위임,미특정,,rule
P00862,안전성평가에 필요한 세부 사항은 교육부장관이 정하여 고시한다.,위임,미특정,,rule
P00863,교육부장관이 교육시설의 안전에 중대한 영향을 미칠 수 있다고 인정하여 고시하는 건설공사를 하려는 자를 말한다.,판단불가,해당없음,,rule
P00864,교육부장관이 정하여 고시하는 교육과정을 이수한 사람을 말한다.,위임,미특정,,rule
P00865,교육부장관이 정하여 고시하는 사전기획검토요청서에 법 제26조의2제1항 각 호의 내용을 포함한 사업계획서를 첨부하여,위임,미특정,,rule
P00866,사전기획 결과의 적정성 검토에 필요한 사항은 교육부장관이 정하여 고시한다.,위임,미특정,,rule
P00867,교육부령으로 정하는,위임,부령,,rule
P00868,어렵다고 대통령령으로 정하는 학교는,위임,대통령령,,rule
P00869,그 밖에 필요한 사항은 대통령령으로,위임,대통령령,,rule
P00870,그 밖에 필요한 사항은 대통령령으로,위임,대통령령,,rule
P00871,대통령령으로 정한다,위임,대통령령,,rule
P00872,대통령령으로 정한다,위임,대통령령,,rule
P00873,대통령령으로 정한다,위임,대통령령,,rule
P00874,대통령령으로 정한다,위임,대통령령,,rule
P00875,대통령령으로 정한다,위임,대통령령,,rule
P00876,대통령령으로 정한다,위임,대통령령,,rule
P00877,대통령령으로 정한다,위임,대통령령,,rule
P00878,대통령령으로 정한다,위임,대통령령,,rule
P00879,대통령령으로 정한다,위임,대통령령,,rule
P00880,대통령령으로 정한다,위임,대통령령,,rule
P00881,대통령령으로 정한다,위임,대통령령,,rule
P00882,대통령령으로 정하는,위임,대통령령,,rule
P00883,대통령령으로 정하는,위임,대통령령,,rule
P00884,대통령령으로 정하는,위임,대통령령,,rule
P00885,또는 대통령령으로,위임,대통령령,,rule
P00886,또는 대통령령으로,위임,대통령령,,rule
P00887,대통령령으로 정하는,위임,대통령령,,rule
P00888,대통령령으로 정하는,위임,대통령령,,rule
P00889,사항은 대통령령으로,위임,대통령령,,rule
P00890,사항은 대통령령으로,위임,대통령령,,rule
P00891,대통령령으로 정하는,위임,대통령령,,rule
P00892,조사한 결과 대통령령으로 정하는 바에 따라 교육환경에,위임,대통령령,,rule
P00893,그 밖에 필요한 사항은 대통령령으로,위임,대통령령,,rule
P00894,대통령령으로 정하는 바에 따른 학교설립계획 등이,위임,대통령령,,rule
P00895,교육감의 권한은 대통령령으로,위임,대통령령,,rule
P00896,대통령령으로 정한다,위임,대통령령,,rule
P00897,대통령령으로 정하는,위임,대통령령,,rule
P00898,대통령령으로 정하는,위임,대통령령,,rule
P00899,대통령령으로 정하는,위임,대통령령,,rule
P00900,대통령령으로 정하는,위임,대통령령,,rule
P00901,대통령령으로 정하는,위임,대통령령,,rule
P00902,"업소와 같은 호 가목8), 가목9) 및 나목7)에 따라 성평등가족부장관이 고시한 영업에 해당하는 업소",판단불가,해당없음,,rule
P00903,"업소와 같은 호 가목8), 가목9) 및 나목7)에 따라 성평등가족부장관이 고시한 영업에 해당하는 업소",판단불가,해당없음,,rule
P00904,국가데이터처장이 고시하는 한국표준산업분류에 따른 제조업 중 레미콘 제조업,판단불가,해당없음,,rule
P00905,교육감의 권한은 대통령령으로 정하는,위임,대통령령,,rule
P00906,대통령령으로 지정하는 기관에,판단불가,해당없음,,rule
P00907,공개에 관한 사항은 교육부령으로,위임,부령,,rule
P00908,설립하거나 대통령령으로 정하는 기관,위임,대통령령,,rule
P00909,과태료는 대통령령으로 정하는,위임,대통령령,,rule
P00910,평가 대상별로 교육부령으로,위임,부령,,rule
P00911,교육부령으로 정하는 평가 기준 이상이,위임,부령,,rule
P00912,교육환경평가서의 작성방법 및 작성기준의 구체적인 내용을 정하여 고시할 수 있다.,판단불가,해당없음,,rule
P00913,"⑥ 법 제6조제1항 각 호의 어느 하나에 해당하는 자(이하 “평가서작성자”라 한다)는 교육환경평가서를 작성ㆍ제출한 후 다음 각 호의 어느 하나에 해당하게 된 경우에는 그 사실을 즉시 교육감에게 통보하고, 해당 사유가 발생한 날부터 45일 이내에 교육환경평가서를 다시 작성하여 교육감에게 제출해야 한다. 이 경우 교육환경평가서의 내용 등은 제1항 및 제3항에 따르되, 교육규칙으로 정하는 바에 따라 그 내용의 일부를 생략할 수 있다.",위임,교육규칙,,rule
P00914,2. 제1항제2호의 내용 중 교육규칙으로 정하는 것,위임,교육규칙,,rule
P00915,2. 제1항제2호의 내용 중 교육규칙으로 정하는 것,위임,교육규칙,,rule
P00916,"⑥ 법 제6조제1항 각 호의 어느 하나에 해당하는 자(이하 “평가서작성자”라 한다)는 교육환경평가서를 작성ㆍ제출한 후 다음 각 호의 어느 하나에 해당하게 된 경우에는 그 사실을 즉시 교육감에게 통보하고, 해당 사유가 발생한 날부터 45일 이내에 교육환경평가서를 다시 작성하여 교육감에게 제출해야 한다. 이 경우 교육환경평가서의 내용 등은 제1항 및 제3항에 따르되, 교육규칙으로 정하는 바에 따라 그 내용의 일부를 생략할 수 있다.",위임,교육규칙,,rule
P00917,2. 제1항제2호의 내용 중 교육규칙으로 정하는 것,위임,교육규칙,,rule
P00918,"⑥ 법 제6조제1항 각 호의 어느 하나에 해당하는 자(이하 “평가서작성자”라 한다)는 교육환경평가서를 작성ㆍ제출한 후 다음 각 호의 어느 하나에 해당하게 된 경우에는 그 사실을 즉시 교육감에게 통보하고, 해당 사유가 발생한 날부터 45일 이내에 교육환경평가서를 다시 작성하여 교육감에게 제출해야 한다. 이 경우 교육환경평가서의 내용 등은 제1항 및 제3항에 따르되, 교육규칙으로 정하는 바에 따라 그 내용의 일부를 생략할 수 있다.",위임,교육규칙,,rule
P00919,2. 제1항제2호의 내용 중 교육규칙으로 정하는 것,위임,교육규칙,,rule
P00920,"⑥ 법 제6조제1항 각 호의 어느 하나에 해당하는 자(이하 “평가서작성자”라 한다)는 교육환경평가서를 작성ㆍ제출한 후 다음 각 호의 어느 하나에 해당하게 된 경우에는 그 사실을 즉시 교육감에게 통보하고, 해당 사유가 발생한 날부터 45일 이내에 교육환경평가서를 다시 작성하여 교육감에게 제출해야 한다. 이 경우 교육환경평가서의 내용 등은 제1항 및 제3항에 따르되, 교육규칙으로 정하는 바에 따라 그 내용의 일부를 생략할 수 있다.",위임,교육규칙,,rule
P00921,2. 제1항제2호의 내용 중 교육규칙으로 정하는 것,위임,교육규칙,,rule
P00922,"⑥ 법 제6조제1항 각 호의 어느 하나에 해당하는 자(이하 “평가서작성자”라 한다)는 교육환경평가서를 작성ㆍ제출한 후 다음 각 호의 어느 하나에 해당하게 된 경우에는 그 사실을 즉시 교육감에게 통보하고, 해당 사유가 발생한 날부터 45일 이내에 교육환경평가서를 다시 작성하여 교육감에게 제출해야 한다. 이 경우 교육환경평가서의 내용 등은 제1항 및 제3항에 따르되, 교육규칙으로 정하는 바에 따라 그 내용의 일부를 생략할 수 있다.",위임,교육규칙,,rule
P00923,2. 제1항제2호의 내용 중 교육규칙으로 정하는 것,위임,교육규칙,,rule
P00924,"⑥ 법 제6조제1항 각 호의 어느 하나에 해당하는 자(이하 “평가서작성자”라 한다)는 교육환경평가서를 작성ㆍ제출한 후 다음 각 호의 어느 하나에 해당하게 된 경우에는 그 사실을 즉시 교육감에게 통보하고, 해당 사유가 발생한 날부터 45일 이내에 교육환경평가서를 다시 작성하여 교육감에게 제출해야 한다. 이 경우 교육환경평가서의 내용 등은 제1항 및 제3항에 따르되, 교육규칙으로 정하는 바에 따라 그 내용의 일부를 생략할 수 있다.",위임,교육규칙,,rule
P00925,2. 제1항제2호의 내용 중 교육규칙으로 정하는 것,위임,교육규칙,,rule
P00926,"⑥ 법 제6조제1항 각 호의 어느 하나에 해당하는 자(이하 “평가서작성자”라 한다)는 교육환경평가서를 작성ㆍ제출한 후 다음 각 호의 어느 하나에 해당하게 된 경우에는 그 사실을 즉시 교육감에게 통보하고, 해당 사유가 발생한 날부터 45일 이내에 교육환경평가서를 다시 작성하여 교육감에게 제출해야 한다. 이 경우 교육환경평가서의 내용 등은 제1항 및 제3항에 따르되, 교육규칙으로 정하는 바에 따라 그 내용의 일부를 생략할 수 있다.",위임,교육규칙,,rule
P00927,2. 제1항제2호의 내용 중 교육규칙으로 정하는 것,위임,교육규칙,,rule
P00928,"⑥ 법 제6조제1항 각 호의 어느 하나에 해당하는 자(이하 “평가서작성자”라 한다)는 교육환경평가서를 작성ㆍ제출한 후 다음 각 호의 어느 하나에 해당하게 된 경우에는 그 사실을 즉시 교육감에게 통보하고, 해당 사유가 발생한 날부터 45일 이내에 교육환경평가서를 다시 작성하여 교육감에게 제출해야 한다. 이 경우 교육환경평가서의 내용 등은 제1항 및 제3항에 따르되, 교육규칙으로 정하는 바에 따라 그 내용의 일부를 생략할 수 있다.",위임,교육규칙,,rule
P00929,2. 제1항제2호의 내용 중 교육규칙으로 정하는 것,위임,교육규칙,,rule
P00930,"⑥ 법 제6조제1항 각 호의 어느 하나에 해당하는 자(이하 “평가서작성자”라 한다)는 교육환경평가서를 작성ㆍ제출한 후 다음 각 호의 어느 하나에 해당하게 된 경우에는 그 사실을 즉시 교육감에게 통보하고, 해당 사유가 발생한 날부터 45일 이내에 교육환경평가서를 다시 작성하여 교육감에게 제출해야 한다. 이 경우 교육환경평가서의 내용 등은 제1항 및 제3항에 따르되, 교육규칙으로 정하는 바에 따라 그 내용의 일부를 생략할 수 있다.",위임,교육규칙,,rule
P00931,2. 제1항제2호의 내용 중 교육규칙으로 정하는 것,위임,교육규칙,,rule
P00932,"⑥ 법 제6조제1항 각 호의 어느 하나에 해당하는 자(이하 “평가서작성자”라 한다)는 교육환경평가서를 작성ㆍ제출한 후 다음 각 호의 어느 하나에 해당하게 된 경우에는 그 사실을 즉시 교육감에게 통보하고, 해당 사유가 발생한 날부터 45일 이내에 교육환경평가서를 다시 작성하여 교육감에게 제출해야 한다. 이 경우 교육환경평가서의 내용 등은 제1항 및 제3항에 따르되, 교육규칙으로 정하는 바에 따라 그 내용의 일부를 생략할 수 있다.",위임,교육규칙,,rule
P00933,2. 제1항제2호의 내용 중 교육규칙으로 정하는 것,위임,교육규칙,,rule
P00934,2. 제1항제2호의 내용 중 교육규칙으로 정하는 것,위임,교육규칙,,rule
P00935,"⑥ 법 제6조제1항 각 호의 어느 하나에 해당하는 자(이하 “평가서작성자”라 한다)는 교육환경평가서를 작성ㆍ제출한 후 다음 각 호의 어느 하나에 해당하게 된 경우에는 그 사실을 즉시 교육감에게 통보하고, 해당 사유가 발생한 날부터 45일 이내에 교육환경평가서를 다시 작성하여 교육감에게 제출해야 한다. 이 경우 교육환경평가서의 내용 등은 제1항 및 제3항에 따르되, 교육규칙으로 정하는 바에 따라 그 내용의 일부를 생략할 수 있다.",위임,교육규칙,,rule
P00936,2. 제1항제2호의 내용 중 교육규칙으로 정하는 것,위임,교육규칙,,rule
P00937,"⑥ 법 제6조제1항 각 호의 어느 하나에 해당하는 자(이하 “평가서작성자”라 한다)는 교육환경평가서를 작성ㆍ제출한 후 다음 각 호의 어느 하나에 해당하게 된 경우에는 그 사실을 즉시 교육감에게 통보하고, 해당 사유가 발생한 날부터 45일 이내에 교육환경평가서를 다시 작성하여 교육감에게 제출해야 한다. 이 경우 교육환경평가서의 내용 등은 제1항 및 제3항에 따르되, 교육규칙으로 정하는 바에 따라 그 내용의 일부를 생략할 수 있다.",위임,교육규칙,,rule
P00938,"⑥ 법 제6조제1항 각 호의 어느 하나에 해당하는 자(이하 “평가서작성자”라 한다)는 교육환경평가서를 작성ㆍ제출한 후 다음 각 호의 어느 하나에 해당하게 된 경우에는 그 사실을 즉시 교육감에게 통보하고, 해당 사유가 발생한 날부터 45일 이내에 교육환경평가서를 다시 작성하여 교육감에게 제출해야 한다. 이 경우 교육환경평가서의 내용 등은 제1항 및 제3항에 따르되, 교육규칙으로 정하는 바에 따라 그 내용의 일부를 생략할 수 있다.",위임,교육규칙,,rule
P00939,2. 제1항제2호의 내용 중 교육규칙으로 정하는 것,위임,교육규칙,,rule
P00940,"⑥ 법 제6조제1항 각 호의 어느 하나에 해당하는 자(이하 “평가서작성자”라 한다)는 교육환경평가서를 작성ㆍ제출한 후 다음 각 호의 어느 하나에 해당하게 된 경우에는 그 사실을 즉시 교육감에게 통보하고, 해당 사유가 발생한 날부터 45일 이내에 교육환경평가서를 다시 작성하여 교육감에게 제출해야 한다. 이 경우 교육환경평가서의 내용 등은 제1항 및 제3항에 따르되, 교육규칙으로 정하는 바에 따라 그 내용의 일부를 생략할 수 있다.",위임,교육규칙,,rule
P00941,2. 제1항제2호의 내용 중 교육규칙으로 정하는 것,위임,교육규칙,,rule
P00942,"⑥ 법 제6조제1항 각 호의 어느 하나에 해당하는 자(이하 “평가서작성자”라 한다)는 교육환경평가서를 작성ㆍ제출한 후 다음 각 호의 어느 하나에 해당하게 된 경우에는 그 사실을 즉시 교육감에게 통보하고, 해당 사유가 발생한 날부터 45일 이내에 교육환경평가서를 다시 작성하여 교육감에게 제출해야 한다. 이 경우 교육환경평가서의 내용 등은 제1항 및 제3항에 따르되, 교육규칙으로 정하는 바에 따라 그 내용의 일부를 생략할 수 있다.",위임,교육규칙,,rule
P00943,"⑥ 법 제6조제1항 각 호의 어느 하나에 해당하는 자(이하 “평가서작성자”라 한다)는 교육환경평가서를 작성ㆍ제출한 후 다음 각 호의 어느 하나에 해당하게 된 경우에는 그 사실을 즉시 교육감에게 통보하고, 해당 사유가 발생한 날부터 45일 이내에 교육환경평가서를 다시 작성하여 교육감에게 제출해야 한다. 이 경우 교육환경평가서의 내용 등은 제1항 및 제3항에 따르되, 교육규칙으로 정하는 바에 따라 그 내용의 일부를 생략할 수 있다.",위임,교육규칙,,rule
P00944,2. 제1항제2호의 내용 중 교육규칙으로 정하는 것,위임,교육규칙,,rule
P00945,"⑥ 법 제6조제1항 각 호의 어느 하나에 해당하는 자(이하 “평가서작성자”라 한다)는 교육환경평가서를 작성ㆍ제출한 후 다음 각 호의 어느 하나에 해당하게 된 경우에는 그 사실을 즉시 교육감에게 통보하고, 해당 사유가 발생한 날부터 45일 이내에 교육환경평가서를 다시 작성하여 교육감에게 제출해야 한다. 이 경우 교육환경평가서의 내용 등은 제1항 및 제3항에 따르되, 교육규칙으로 정하는 바에 따라 그 내용의 일부를 생략할 수 있다.",위임,교육규칙,,rule
P00946,2. 제1항제2호의 내용 중 교육규칙으로 정하는 것,위임,교육규칙,,rule
P00947,교육감은 보호구역임을 알리기 위하여 교육부령으로,위임,부령,,rule
P00948,대통령령으로 정한다,위임,대통령령,,rule
P00949,대통령령으로 정한다,위임,대통령령,,rule
P00950,대통령령으로 정한다,위임,대통령령,,rule
P00951,대통령령으로 정한다,위임,대통령령,,rule
P00952,대통령령으로 정한다,위임,대통령령,,rule
P00953,대통령령으로 정하는 사유로 학교 경영에,위임,대통령령,,rule
P00954,보고의 방법·절차 등은 대통령령으로,위임,대통령령,,rule
P00955,대통령령으로 정한다,위임,대통령령,,rule
P00956,양도받은 재산을 대통령령으로 정하는 교육·연구에,위임,대통령령,,rule
P00957,대통령령으로 정하는 것은 매도,위임,대통령령,,rule
P00958,대통령령으로 정하는 가액,위임,대통령령,,rule
P00959,대통령령으로 정하는 것은,위임,대통령령,,rule
P00960,대통령령으로 정한다,위임,대통령령,,rule
P00961,대통령령으로 정한다,위임,대통령령,,rule
P00962,대통령령으로 정하는 바에 따라 이사회의 의결을,위임,대통령령,,rule
P00963,총장은 대통령령으로 정하는 바에 따라,위임,대통령령,,rule
P00964,대통령령으로 정하는 바에 따라 공시하여야,위임,대통령령,,rule
P00965,대통령령으로 정하는 바에 따라 공시하여야,위임,대통령령,,rule
P00966,대통령령으로 정한다,위임,대통령령,,rule
P00967,대통령령으로 정한다,위임,대통령령,,rule
P00968,교육부령으로 정하는 예산부속명세서를,위임,부령,,rule
P00969,교육부령으로 정하는 결산부속명세서를,위임,부령,,rule
P00970,대통령령으로 정한다,위임,대통령령,,rule
P00971,대통령령으로 정한다,위임,대통령령,,rule
P00972,대통령령으로 정한다,위임,대통령령,,rule
P00973,대통령령으로 정한다,위임,대통령령,,rule
P00974,대통령령으로 정한다,위임,대통령령,,rule
P00975,대통령령으로 정한다,위임,대통령령,,rule
P00976,대통령령으로 정한다,위임,대통령령,,rule
P00977,대통령령으로 정하는 사유로,위임,대통령령,,rule
P00978,대통령령으로 정한다,위임,대통령령,,rule
P00979,대통령령으로 정한다,위임,대통령령,,rule
P00980,"수 있다. 다만, 대통령령으로 정하는 경미한 사항은 교육부장관에게 신",위임,대통령령,,rule
P00981,대통령령으로 정하는 바에 따라 이사회의 의결을,위임,대통령령,,rule
P00982,총장은 대통령령으로 정하는 바에 따라 예산안을,위임,대통령령,,rule
P00983,결산의 명세를 대통령령으로 정하는 바에 따라,위임,대통령령,,rule
P00984,결산의 명세를 대통령령으로 정하는 바에 따라,위임,대통령령,,rule
P00985,교육부령으로 정하는 예산부속명세서를,위임,부령,,rule
P00986,교육부령으로 정하는 결산부속명세서를,위임,부령,,rule
P00987,대통령령으로 정한다,위임,대통령령,,rule
P00988,대통령령으로 정한다,위임,대통령령,,rule
P00989,사항은 대통령령으로,위임,대통령령,,rule
P00990,필요한 사항은 대통령령으로,위임,대통령령,,rule
P00991,필요한 사항은 대통령령으로,위임,대통령령,,rule
P00992,필요한 사항은 대통령령으로,위임,대통령령,,rule
P00993,대통령령으로 정하는,위임,대통령령,,rule
P00994,대통령령으로 정하는 서류,위임,대통령령,,rule
P00995,대통령령으로 정하는 바에 따라,위임,대통령령,,rule
P00996,세부적인 기준은 교육부령으로 정한다,위임,부령,,rule
P00997,교육부령으로 정하는 절차에 따라,위임,부령,,rule
P00998,교육부령으로 정한다,위임,부령,,rule
P00999,교육부령으로 정한다,위임,부령,,rule
P01000,교육부령으로 정한다,위임,부령,,rule
P01001,교육부령으로 정하는 사항에 대해서는,위임,부령,,rule
P01002,교육부령으로 정한다,위임,부령,,rule
P01003,교육부령으로 정하는,위임,부령,,rule
P01004,교육부령으로 정하는,위임,부령,,rule
P01005,교육부령으로 정하는,위임,부령,,rule
P01006,교육부령으로 정하는,위임,부령,,rule
P01007,교육부령으로 정하는,위임,부령,,rule
P01008,교육부령으로 정하는,위임,부령,,rule
P01009,교육부령으로 정하는,위임,부령,,rule
P01010,교육부령으로 정하는 잡종금의,위임,부령,,rule
P01011,교육부령으로 정하는 바에 따라 거래의 발생사실과,위임,부령,,rule
P01012,교육부령으로 정한다,위임,부령,,rule
P01013,교육부령으로 정하고,위임,부령,,rule
P01014,교육부령으로 정하는 범위에서 세부적인 사항을,위임,부령,,rule
P01015,대통령령으로 정한다,위임,대통령령,,rule
P01016,대통령령으로 정한다,위임,대통령령,,rule
P01017,대통령령으로 정한다,위임,대통령령,,rule
P01018,대통령령으로 정하는 요건을,위임,대통령령,,rule
P01019,필요한 사항은 대통령령으로,위임,대통령령,,rule
P01020,대통령령으로 정하는,위임,대통령령,,rule
P01021,사항은 대통령령으로,위임,대통령령,,rule
P01022,필요한 사항은 대통령령으로,위임,대통령령,,rule
P01023,필요한 사항은 대통령령으로,위임,대통령령,,rule
P01024,대통령령으로 정하는,위임,대통령령,,rule
P01025,대통령령으로 정하는 서류,위임,대통령령,,rule
P01026,과태료는 대통령령으로,위임,대통령령,,rule
P01027,교육부령으로 정원,판단불가,해당없음,,rule
P01028,교육부령으로 정하되,위임,부령,,rule
P01029,교육부령으로 정한다,위임,부령,,rule
P01030,대통령령으로 정한다,위임,대통령령,,rule
P01031,대학의 해사대학의 졸업자가 해양수산부장관이 정하여 고시하는 직무에 취업 및 종사할 수 있도록 취업정보를 제공하고,위임,미특정,,rule
P01032,각 호 외의 부분 및 같은 조 제2항 각 호 외의 부분에도 불구하고 교육부장관이 정하여 고시하는 절차에 따른다,위임,미특정,,rule
P01033,교육부령으로 정한다,위임,부령,,rule
P01034,교육부령이 정하는 바에 의하여,판단불가,해당없음,,rule
P01035,필요한 사항은 교육부령으로,위임,부령,,rule
P01036,필요한 사항은 교육부령으로,위임,부령,,rule
P01037,필요한 사항은 교육부령으로,위임,부령,,rule
P01038,필요한 사항은 교육부령으로,위임,부령,,rule
P01039,필요한 사항은 교육부령으로,위임,부령,,rule
P01040,교육부령으로 정한다,위임,부령,,rule
P01041,교육부령으로 정한다,위임,부령,,rule
P01042,산정하는 기준은 교육부령으로 정한다,위임,부령,,rule
P01043,교육부령으로 정한다,위임,부령,,rule
P01044,소득의 범위는 교육부령으로 정한다,위임,부령,,rule
P01045,대통령령으로 정하는,위임,대통령령,,rule
P01046,대통령령으로 정하는,위임,대통령령,,rule
P01047,대통령령으로 정하는,위임,대통령령,,rule
P01048,대통령령으로 정한다,위임,대통령령,,rule
P01049,대통령령으로 정한다,위임,대통령령,,rule
P01050,대통령령으로 정한다,위임,대통령령,,rule
P01051,대통령령으로 정한다,위임,대통령령,,rule
P01052,대통령령으로 정한다,위임,대통령령,,rule
P01053,대통령령으로 정한다,위임,대통령령,,rule
P01054,대통령령으로 정한다,위임,대통령령,,rule
P01055,대통령령으로 정한다,위임,대통령령,,rule
P01056,대통령령으로 정한다,위임,대통령령,,rule
P01057,국가기초학력지원센터의 지정 및 운영 등에 필요한 사항은 교육부장관이 정하여 고시한다.,위임,미특정,,rule
P01058,대통령령으로 정하는,위임,대통령령,,rule
P01059,대통령령으로 정하는,위임,대통령령,,rule
P01060,대통령령으로 정하는,위임,대통령령,,rule
P01061,대통령령으로 정한다,위임,대통령령,,rule
P01062,대통령령으로 정한다,위임,대통령령,,rule
P01063,대통령령으로 정한다,위임,대통령령,,rule
P01064,대통령령으로 정한다,위임,대통령령,,rule
P01065,대통령령으로 정한다,위임,대통령령,,rule
P01066,대통령령으로 정하는,위임,대통령령,,rule
P01067,대통령령으로 정하는,위임,대통령령,,rule
P01068,대통령령으로 정한다,위임,대통령령,,rule
P01069,대통령령으로 정한다,위임,대통령령,,rule
P01070,대통령령으로 정하는,위임,대통령령,,rule
P01071,대통령령으로 정한다,위임,대통령령,,rule
P01072,대통령령으로 정한다,위임,대통령령,,rule
P01073,대통령령으로 정한다,위임,대통령령,,rule
P01074,"② 교육감 및 지방자치단체의 장이 제1항에 따른 지도ㆍ감독을 위하여 필요하면 조례로 정하는 바에 따라 해당 대안교육기관의 설립ㆍ운영자에게 제1항과 관련된 자료의 제출을 요구하거나 관계 공무원에게 해당 시설에 출입하여 그 시설ㆍ설비, 장부 등을 검사하게 할 수 있다.",위임,조례,,rule
P01075,"② 교육감 및 지방자치단체의 장이 제1항에 따른 지도ㆍ감독을 위하여 필요하면 조례로 정하는 바에 따라 해당 대안교육기관의 설립ㆍ운영자에게 제1항과 관련된 자료의 제출을 요구하거나 관계 공무원에게 해당 시설에 출입하여 그 시설ㆍ설비, 장부 등을 검사하게 할 수 있다.",위임,조례,,rule
P01076,"② 교육감 및 지방자치단체의 장이 제1항에 따른 지도ㆍ감독을 위하여 필요하면 조례로 정하는 바에 따라 해당 대안교육기관의 설립ㆍ운영자에게 제1항과 관련된 자료의 제출을 요구하거나 관계 공무원에게 해당 시설에 출입하여 그 시설ㆍ설비, 장부 등을 검사하게 할 수 있다.",위임,조례,,rule
P01077,"② 교육감 및 지방자치단체의 장이 제1항에 따른 지도ㆍ감독을 위하여 필요하면 조례로 정하는 바에 따라 해당 대안교육기관의 설립ㆍ운영자에게 제1항과 관련된 자료의 제출을 요구하거나 관계 공무원에게 해당 시설에 출입하여 그 시설ㆍ설비, 장부 등을 검사하게 할 수 있다.",위임,조례,,rule
P01078,"② 교육감 및 지방자치단체의 장이 제1항에 따른 지도ㆍ감독을 위하여 필요하면 조례로 정하는 바에 따라 해당 대안교육기관의 설립ㆍ운영자에게 제1항과 관련된 자료의 제출을 요구하거나 관계 공무원에게 해당 시설에 출입하여 그 시설ㆍ설비, 장부 등을 검사하게 할 수 있다.",위임,조례,,rule
P01079,"② 교육감 및 지방자치단체의 장이 제1항에 따른 지도ㆍ감독을 위하여 필요하면 조례로 정하는 바에 따라 해당 대안교육기관의 설립ㆍ운영자에게 제1항과 관련된 자료의 제출을 요구하거나 관계 공무원에게 해당 시설에 출입하여 그 시설ㆍ설비, 장부 등을 검사하게 할 수 있다.",위임,조례,,rule
P01080,"② 교육감 및 지방자치단체의 장이 제1항에 따른 지도ㆍ감독을 위하여 필요하면 조례로 정하는 바에 따라 해당 대안교육기관의 설립ㆍ운영자에게 제1항과 관련된 자료의 제출을 요구하거나 관계 공무원에게 해당 시설에 출입하여 그 시설ㆍ설비, 장부 등을 검사하게 할 수 있다.",위임,조례,,rule
P01081,"② 교육감 및 지방자치단체의 장이 제1항에 따른 지도ㆍ감독을 위하여 필요하면 조례로 정하는 바에 따라 해당 대안교육기관의 설립ㆍ운영자에게 제1항과 관련된 자료의 제출을 요구하거나 관계 공무원에게 해당 시설에 출입하여 그 시설ㆍ설비, 장부 등을 검사하게 할 수 있다.",위임,조례,,rule
P01082,"② 교육감 및 지방자치단체의 장이 제1항에 따른 지도ㆍ감독을 위하여 필요하면 조례로 정하는 바에 따라 해당 대안교육기관의 설립ㆍ운영자에게 제1항과 관련된 자료의 제출을 요구하거나 관계 공무원에게 해당 시설에 출입하여 그 시설ㆍ설비, 장부 등을 검사하게 할 수 있다.",위임,조례,,rule
P01083,"② 교육감 및 지방자치단체의 장이 제1항에 따른 지도ㆍ감독을 위하여 필요하면 조례로 정하는 바에 따라 해당 대안교육기관의 설립ㆍ운영자에게 제1항과 관련된 자료의 제출을 요구하거나 관계 공무원에게 해당 시설에 출입하여 그 시설ㆍ설비, 장부 등을 검사하게 할 수 있다.",위임,조례,,rule
P01084,"② 교육감 및 지방자치단체의 장이 제1항에 따른 지도ㆍ감독을 위하여 필요하면 조례로 정하는 바에 따라 해당 대안교육기관의 설립ㆍ운영자에게 제1항과 관련된 자료의 제출을 요구하거나 관계 공무원에게 해당 시설에 출입하여 그 시설ㆍ설비, 장부 등을 검사하게 할 수 있다.",위임,조례,,rule
P01085,"② 교육감 및 지방자치단체의 장이 제1항에 따른 지도ㆍ감독을 위하여 필요하면 조례로 정하는 바에 따라 해당 대안교육기관의 설립ㆍ운영자에게 제1항과 관련된 자료의 제출을 요구하거나 관계 공무원에게 해당 시설에 출입하여 그 시설ㆍ설비, 장부 등을 검사하게 할 수 있다.",위임,조례,,rule
P01086,"② 교육감 및 지방자치단체의 장이 제1항에 따른 지도ㆍ감독을 위하여 필요하면 조례로 정하는 바에 따라 해당 대안교육기관의 설립ㆍ운영자에게 제1항과 관련된 자료의 제출을 요구하거나 관계 공무원에게 해당 시설에 출입하여 그 시설ㆍ설비, 장부 등을 검사하게 할 수 있다.",위임,조례,,rule
P01087,"② 교육감 및 지방자치단체의 장이 제1항에 따른 지도ㆍ감독을 위하여 필요하면 조례로 정하는 바에 따라 해당 대안교육기관의 설립ㆍ운영자에게 제1항과 관련된 자료의 제출을 요구하거나 관계 공무원에게 해당 시설에 출입하여 그 시설ㆍ설비, 장부 등을 검사하게 할 수 있다.",위임,조례,,rule
P01088,"② 교육감 및 지방자치단체의 장이 제1항에 따른 지도ㆍ감독을 위하여 필요하면 조례로 정하는 바에 따라 해당 대안교육기관의 설립ㆍ운영자에게 제1항과 관련된 자료의 제출을 요구하거나 관계 공무원에게 해당 시설에 출입하여 그 시설ㆍ설비, 장부 등을 검사하게 할 수 있다.",위임,조례,,rule
P01089,"② 교육감 및 지방자치단체의 장이 제1항에 따른 지도ㆍ감독을 위하여 필요하면 조례로 정하는 바에 따라 해당 대안교육기관의 설립ㆍ운영자에게 제1항과 관련된 자료의 제출을 요구하거나 관계 공무원에게 해당 시설에 출입하여 그 시설ㆍ설비, 장부 등을 검사하게 할 수 있다.",위임,조례,,rule
P01090,"② 교육감 및 지방자치단체의 장이 제1항에 따른 지도ㆍ감독을 위하여 필요하면 조례로 정하는 바에 따라 해당 대안교육기관의 설립ㆍ운영자에게 제1항과 관련된 자료의 제출을 요구하거나 관계 공무원에게 해당 시설에 출입하여 그 시설ㆍ설비, 장부 등을 검사하게 할 수 있다.",위임,조례,,rule
P01091,"② 교육감 및 지방자치단체의 장이 제1항에 따른 지도ㆍ감독을 위하여 필요하면 조례로 정하는 바에 따라 해당 대안교육기관의 설립ㆍ운영자에게 제1항과 관련된 자료의 제출을 요구하거나 관계 공무원에게 해당 시설에 출입하여 그 시설ㆍ설비, 장부 등을 검사하게 할 수 있다.",위임,조례,,rule
P01092,"② 교육감 및 지방자치단체의 장이 제1항에 따른 지도ㆍ감독을 위하여 필요하면 조례로 정하는 바에 따라 해당 대안교육기관의 설립ㆍ운영자에게 제1항과 관련된 자료의 제출을 요구하거나 관계 공무원에게 해당 시설에 출입하여 그 시설ㆍ설비, 장부 등을 검사하게 할 수 있다.",위임,조례,,rule
P01093,"② 교육감 및 지방자치단체의 장이 제1항에 따른 지도ㆍ감독을 위하여 필요하면 조례로 정하는 바에 따라 해당 대안교육기관의 설립ㆍ운영자에게 제1항과 관련된 자료의 제출을 요구하거나 관계 공무원에게 해당 시설에 출입하여 그 시설ㆍ설비, 장부 등을 검사하게 할 수 있다.",위임,조례,,rule
P01094,"② 교육감 및 지방자치단체의 장이 제1항에 따른 지도ㆍ감독을 위하여 필요하면 조례로 정하는 바에 따라 해당 대안교육기관의 설립ㆍ운영자에게 제1항과 관련된 자료의 제출을 요구하거나 관계 공무원에게 해당 시설에 출입하여 그 시설ㆍ설비, 장부 등을 검사하게 할 수 있다.",위임,조례,,rule
P01095,"② 교육감 및 지방자치단체의 장이 제1항에 따른 지도ㆍ감독을 위하여 필요하면 조례로 정하는 바에 따라 해당 대안교육기관의 설립ㆍ운영자에게 제1항과 관련된 자료의 제출을 요구하거나 관계 공무원에게 해당 시설에 출입하여 그 시설ㆍ설비, 장부 등을 검사하게 할 수 있다.",위임,조례,,rule
P01096,"② 교육감 및 지방자치단체의 장이 제1항에 따른 지도ㆍ감독을 위하여 필요하면 조례로 정하는 바에 따라 해당 대안교육기관의 설립ㆍ운영자에게 제1항과 관련된 자료의 제출을 요구하거나 관계 공무원에게 해당 시설에 출입하여 그 시설ㆍ설비, 장부 등을 검사하게 할 수 있다.",위임,조례,,rule
P01097,"② 교육감 및 지방자치단체의 장이 제1항에 따른 지도ㆍ감독을 위하여 필요하면 조례로 정하는 바에 따라 해당 대안교육기관의 설립ㆍ운영자에게 제1항과 관련된 자료의 제출을 요구하거나 관계 공무원에게 해당 시설에 출입하여 그 시설ㆍ설비, 장부 등을 검사하게 할 수 있다.",위임,조례,,rule
P01098,"② 교육감 및 지방자치단체의 장이 제1항에 따른 지도ㆍ감독을 위하여 필요하면 조례로 정하는 바에 따라 해당 대안교육기관의 설립ㆍ운영자에게 제1항과 관련된 자료의 제출을 요구하거나 관계 공무원에게 해당 시설에 출입하여 그 시설ㆍ설비, 장부 등을 검사하게 할 수 있다.",위임,조례,,rule
P01099,"② 교육감 및 지방자치단체의 장이 제1항에 따른 지도ㆍ감독을 위하여 필요하면 조례로 정하는 바에 따라 해당 대안교육기관의 설립ㆍ운영자에게 제1항과 관련된 자료의 제출을 요구하거나 관계 공무원에게 해당 시설에 출입하여 그 시설ㆍ설비, 장부 등을 검사하게 할 수 있다.",위임,조례,,rule
P01100,"② 교육감 및 지방자치단체의 장이 제1항에 따른 지도ㆍ감독을 위하여 필요하면 조례로 정하는 바에 따라 해당 대안교육기관의 설립ㆍ운영자에게 제1항과 관련된 자료의 제출을 요구하거나 관계 공무원에게 해당 시설에 출입하여 그 시설ㆍ설비, 장부 등을 검사하게 할 수 있다.",위임,조례,,rule
P01101,"② 교육감 및 지방자치단체의 장이 제1항에 따른 지도ㆍ감독을 위하여 필요하면 조례로 정하는 바에 따라 해당 대안교육기관의 설립ㆍ운영자에게 제1항과 관련된 자료의 제출을 요구하거나 관계 공무원에게 해당 시설에 출입하여 그 시설ㆍ설비, 장부 등을 검사하게 할 수 있다.",위임,조례,,rule
P01102,"② 교육감 및 지방자치단체의 장이 제1항에 따른 지도ㆍ감독을 위하여 필요하면 조례로 정하는 바에 따라 해당 대안교육기관의 설립ㆍ운영자에게 제1항과 관련된 자료의 제출을 요구하거나 관계 공무원에게 해당 시설에 출입하여 그 시설ㆍ설비, 장부 등을 검사하게 할 수 있다.",위임,조례,,rule
P01103,"② 교육감 및 지방자치단체의 장이 제1항에 따른 지도ㆍ감독을 위하여 필요하면 조례로 정하는 바에 따라 해당 대안교육기관의 설립ㆍ운영자에게 제1항과 관련된 자료의 제출을 요구하거나 관계 공무원에게 해당 시설에 출입하여 그 시설ㆍ설비, 장부 등을 검사하게 할 수 있다.",위임,조례,,rule
P01104,"② 교육감 및 지방자치단체의 장이 제1항에 따른 지도ㆍ감독을 위하여 필요하면 조례로 정하는 바에 따라 해당 대안교육기관의 설립ㆍ운영자에게 제1항과 관련된 자료의 제출을 요구하거나 관계 공무원에게 해당 시설에 출입하여 그 시설ㆍ설비, 장부 등을 검사하게 할 수 있다.",위임,조례,,rule
P01105,"② 교육감 및 지방자치단체의 장이 제1항에 따른 지도ㆍ감독을 위하여 필요하면 조례로 정하는 바에 따라 해당 대안교육기관의 설립ㆍ운영자에게 제1항과 관련된 자료의 제출을 요구하거나 관계 공무원에게 해당 시설에 출입하여 그 시설ㆍ설비, 장부 등을 검사하게 할 수 있다.",위임,조례,,rule
P01106,"② 교육감 및 지방자치단체의 장이 제1항에 따른 지도ㆍ감독을 위하여 필요하면 조례로 정하는 바에 따라 해당 대안교육기관의 설립ㆍ운영자에게 제1항과 관련된 자료의 제출을 요구하거나 관계 공무원에게 해당 시설에 출입하여 그 시설ㆍ설비, 장부 등을 검사하게 할 수 있다.",위임,조례,,rule
P01107,"② 교육감 및 지방자치단체의 장이 제1항에 따른 지도ㆍ감독을 위하여 필요하면 조례로 정하는 바에 따라 해당 대안교육기관의 설립ㆍ운영자에게 제1항과 관련된 자료의 제출을 요구하거나 관계 공무원에게 해당 시설에 출입하여 그 시설ㆍ설비, 장부 등을 검사하게 할 수 있다.",위임,조례,,rule
P01108,"② 교육감 및 지방자치단체의 장이 제1항에 따른 지도ㆍ감독을 위하여 필요하면 조례로 정하는 바에 따라 해당 대안교육기관의 설립ㆍ운영자에게 제1항과 관련된 자료의 제출을 요구하거나 관계 공무원에게 해당 시설에 출입하여 그 시설ㆍ설비, 장부 등을 검사하게 할 수 있다.",위임,조례,,rule
P01109,"② 교육감 및 지방자치단체의 장이 제1항에 따른 지도ㆍ감독을 위하여 필요하면 조례로 정하는 바에 따라 해당 대안교육기관의 설립ㆍ운영자에게 제1항과 관련된 자료의 제출을 요구하거나 관계 공무원에게 해당 시설에 출입하여 그 시설ㆍ설비, 장부 등을 검사하게 할 수 있다.",위임,조례,,rule
P01110,"② 교육감 및 지방자치단체의 장이 제1항에 따른 지도ㆍ감독을 위하여 필요하면 조례로 정하는 바에 따라 해당 대안교육기관의 설립ㆍ운영자에게 제1항과 관련된 자료의 제출을 요구하거나 관계 공무원에게 해당 시설에 출입하여 그 시설ㆍ설비, 장부 등을 검사하게 할 수 있다.",위임,조례,,rule
P01111,"② 교육감 및 지방자치단체의 장이 제1항에 따른 지도ㆍ감독을 위하여 필요하면 조례로 정하는 바에 따라 해당 대안교육기관의 설립ㆍ운영자에게 제1항과 관련된 자료의 제출을 요구하거나 관계 공무원에게 해당 시설에 출입하여 그 시설ㆍ설비, 장부 등을 검사하게 할 수 있다.",위임,조례,,rule
P01112,"② 교육감 및 지방자치단체의 장이 제1항에 따른 지도ㆍ감독을 위하여 필요하면 조례로 정하는 바에 따라 해당 대안교육기관의 설립ㆍ운영자에게 제1항과 관련된 자료의 제출을 요구하거나 관계 공무원에게 해당 시설에 출입하여 그 시설ㆍ설비, 장부 등을 검사하게 할 수 있다.",위임,조례,,rule
P01113,"② 교육감 및 지방자치단체의 장이 제1항에 따른 지도ㆍ감독을 위하여 필요하면 조례로 정하는 바에 따라 해당 대안교육기관의 설립ㆍ운영자에게 제1항과 관련된 자료의 제출을 요구하거나 관계 공무원에게 해당 시설에 출입하여 그 시설ㆍ설비, 장부 등을 검사하게 할 수 있다.",위임,조례,,rule
P01114,"② 교육감 및 지방자치단체의 장이 제1항에 따른 지도ㆍ감독을 위하여 필요하면 조례로 정하는 바에 따라 해당 대안교육기관의 설립ㆍ운영자에게 제1항과 관련된 자료의 제출을 요구하거나 관계 공무원에게 해당 시설에 출입하여 그 시설ㆍ설비, 장부 등을 검사하게 할 수 있다.",위임,조례,,rule
P01115,"② 교육감 및 지방자치단체의 장이 제1항에 따른 지도ㆍ감독을 위하여 필요하면 조례로 정하는 바에 따라 해당 대안교육기관의 설립ㆍ운영자에게 제1항과 관련된 자료의 제출을 요구하거나 관계 공무원에게 해당 시설에 출입하여 그 시설ㆍ설비, 장부 등을 검사하게 할 수 있다.",위임,조례,,rule
P01116,"② 교육감 및 지방자치단체의 장이 제1항에 따른 지도ㆍ감독을 위하여 필요하면 조례로 정하는 바에 따라 해당 대안교육기관의 설립ㆍ운영자에게 제1항과 관련된 자료의 제출을 요구하거나 관계 공무원에게 해당 시설에 출입하여 그 시설ㆍ설비, 장부 등을 검사하게 할 수 있다.",위임,조례,,rule
P01117,"② 교육감 및 지방자치단체의 장이 제1항에 따른 지도ㆍ감독을 위하여 필요하면 조례로 정하는 바에 따라 해당 대안교육기관의 설립ㆍ운영자에게 제1항과 관련된 자료의 제출을 요구하거나 관계 공무원에게 해당 시설에 출입하여 그 시설ㆍ설비, 장부 등을 검사하게 할 수 있다.",위임,조례,,rule
P01118,"② 교육감 및 지방자치단체의 장이 제1항에 따른 지도ㆍ감독을 위하여 필요하면 조례로 정하는 바에 따라 해당 대안교육기관의 설립ㆍ운영자에게 제1항과 관련된 자료의 제출을 요구하거나 관계 공무원에게 해당 시설에 출입하여 그 시설ㆍ설비, 장부 등을 검사하게 할 수 있다.",위임,조례,,rule
P01119,"② 교육감 및 지방자치단체의 장이 제1항에 따른 지도ㆍ감독을 위하여 필요하면 조례로 정하는 바에 따라 해당 대안교육기관의 설립ㆍ운영자에게 제1항과 관련된 자료의 제출을 요구하거나 관계 공무원에게 해당 시설에 출입하여 그 시설ㆍ설비, 장부 등을 검사하게 할 수 있다.",위임,조례,,rule
P01120,"② 교육감 및 지방자치단체의 장이 제1항에 따른 지도ㆍ감독을 위하여 필요하면 조례로 정하는 바에 따라 해당 대안교육기관의 설립ㆍ운영자에게 제1항과 관련된 자료의 제출을 요구하거나 관계 공무원에게 해당 시설에 출입하여 그 시설ㆍ설비, 장부 등을 검사하게 할 수 있다.",위임,조례,,rule
P01121,"② 교육감 및 지방자치단체의 장이 제1항에 따른 지도ㆍ감독을 위하여 필요하면 조례로 정하는 바에 따라 해당 대안교육기관의 설립ㆍ운영자에게 제1항과 관련된 자료의 제출을 요구하거나 관계 공무원에게 해당 시설에 출입하여 그 시설ㆍ설비, 장부 등을 검사하게 할 수 있다.",위임,조례,,rule
P01122,"② 교육감 및 지방자치단체의 장이 제1항에 따른 지도ㆍ감독을 위하여 필요하면 조례로 정하는 바에 따라 해당 대안교육기관의 설립ㆍ운영자에게 제1항과 관련된 자료의 제출을 요구하거나 관계 공무원에게 해당 시설에 출입하여 그 시설ㆍ설비, 장부 등을 검사하게 할 수 있다.",위임,조례,,rule
P01123,"② 교육감 및 지방자치단체의 장이 제1항에 따른 지도ㆍ감독을 위하여 필요하면 조례로 정하는 바에 따라 해당 대안교육기관의 설립ㆍ운영자에게 제1항과 관련된 자료의 제출을 요구하거나 관계 공무원에게 해당 시설에 출입하여 그 시설ㆍ설비, 장부 등을 검사하게 할 수 있다.",위임,조례,,rule
P01124,대통령령으로 정하는,위임,대통령령,,rule
P01125,④ 제1항부터 제3항까지의 규정에서 정한 사항 외에 대안교육기관에 대한 경비 지원에 필요한 사항은 해당 지방자치단체의 조례로 정한다.,위임,조례,,rule
P01126,④ 제1항부터 제3항까지의 규정에서 정한 사항 외에 대안교육기관에 대한 경비 지원에 필요한 사항은 해당 지방자치단체의 조례로 정한다.,위임,조례,,rule
P01127,④ 제1항부터 제3항까지의 규정에서 정한 사항 외에 대안교육기관에 대한 경비 지원에 필요한 사항은 해당 지방자치단체의 조례로 정한다.,위임,조례,,rule
P01128,④ 제1항부터 제3항까지의 규정에서 정한 사항 외에 대안교육기관에 대한 경비 지원에 필요한 사항은 해당 지방자치단체의 조례로 정한다.,위임,조례,,rule
P01129,④ 제1항부터 제3항까지의 규정에서 정한 사항 외에 대안교육기관에 대한 경비 지원에 필요한 사항은 해당 지방자치단체의 조례로 정한다.,위임,조례,,rule
P01130,④ 제1항부터 제3항까지의 규정에서 정한 사항 외에 대안교육기관에 대한 경비 지원에 필요한 사항은 해당 지방자치단체의 조례로 정한다.,위임,조례,,rule
P01131,④ 제1항부터 제3항까지의 규정에서 정한 사항 외에 대안교육기관에 대한 경비 지원에 필요한 사항은 해당 지방자치단체의 조례로 정한다.,위임,조례,,rule
P01132,④ 제1항부터 제3항까지의 규정에서 정한 사항 외에 대안교육기관에 대한 경비 지원에 필요한 사항은 해당 지방자치단체의 조례로 정한다.,위임,조례,,rule
P01133,④ 제1항부터 제3항까지의 규정에서 정한 사항 외에 대안교육기관에 대한 경비 지원에 필요한 사항은 해당 지방자치단체의 조례로 정한다.,위임,조례,,rule
P01134,④ 제1항부터 제3항까지의 규정에서 정한 사항 외에 대안교육기관에 대한 경비 지원에 필요한 사항은 해당 지방자치단체의 조례로 정한다.,위임,조례,,rule
P01135,④ 제1항부터 제3항까지의 규정에서 정한 사항 외에 대안교육기관에 대한 경비 지원에 필요한 사항은 해당 지방자치단체의 조례로 정한다.,위임,조례,,rule
P01136,④ 제1항부터 제3항까지의 규정에서 정한 사항 외에 대안교육기관에 대한 경비 지원에 필요한 사항은 해당 지방자치단체의 조례로 정한다.,위임,조례,,rule
P01137,④ 제1항부터 제3항까지의 규정에서 정한 사항 외에 대안교육기관에 대한 경비 지원에 필요한 사항은 해당 지방자치단체의 조례로 정한다.,위임,조례,,rule
P01138,④ 제1항부터 제3항까지의 규정에서 정한 사항 외에 대안교육기관에 대한 경비 지원에 필요한 사항은 해당 지방자치단체의 조례로 정한다.,위임,조례,,rule
P01139,④ 제1항부터 제3항까지의 규정에서 정한 사항 외에 대안교육기관에 대한 경비 지원에 필요한 사항은 해당 지방자치단체의 조례로 정한다.,위임,조례,,rule
P01140,④ 제1항부터 제3항까지의 규정에서 정한 사항 외에 대안교육기관에 대한 경비 지원에 필요한 사항은 해당 지방자치단체의 조례로 정한다.,위임,조례,,rule
P01141,④ 제1항부터 제3항까지의 규정에서 정한 사항 외에 대안교육기관에 대한 경비 지원에 필요한 사항은 해당 지방자치단체의 조례로 정한다.,위임,조례,,rule
P01142,④ 제1항부터 제3항까지의 규정에서 정한 사항 외에 대안교육기관에 대한 경비 지원에 필요한 사항은 해당 지방자치단체의 조례로 정한다.,위임,조례,,rule
P01143,④ 제1항부터 제3항까지의 규정에서 정한 사항 외에 대안교육기관에 대한 경비 지원에 필요한 사항은 해당 지방자치단체의 조례로 정한다.,위임,조례,,rule
P01144,④ 제1항부터 제3항까지의 규정에서 정한 사항 외에 대안교육기관에 대한 경비 지원에 필요한 사항은 해당 지방자치단체의 조례로 정한다.,위임,조례,,rule
P01145,④ 제1항부터 제3항까지의 규정에서 정한 사항 외에 대안교육기관에 대한 경비 지원에 필요한 사항은 해당 지방자치단체의 조례로 정한다.,위임,조례,,rule
P01146,④ 제1항부터 제3항까지의 규정에서 정한 사항 외에 대안교육기관에 대한 경비 지원에 필요한 사항은 해당 지방자치단체의 조례로 정한다.,위임,조례,,rule
P01147,④ 제1항부터 제3항까지의 규정에서 정한 사항 외에 대안교육기관에 대한 경비 지원에 필요한 사항은 해당 지방자치단체의 조례로 정한다.,위임,조례,,rule
P01148,④ 제1항부터 제3항까지의 규정에서 정한 사항 외에 대안교육기관에 대한 경비 지원에 필요한 사항은 해당 지방자치단체의 조례로 정한다.,위임,조례,,rule
P01149,④ 제1항부터 제3항까지의 규정에서 정한 사항 외에 대안교육기관에 대한 경비 지원에 필요한 사항은 해당 지방자치단체의 조례로 정한다.,위임,조례,,rule
P01150,④ 제1항부터 제3항까지의 규정에서 정한 사항 외에 대안교육기관에 대한 경비 지원에 필요한 사항은 해당 지방자치단체의 조례로 정한다.,위임,조례,,rule
P01151,④ 제1항부터 제3항까지의 규정에서 정한 사항 외에 대안교육기관에 대한 경비 지원에 필요한 사항은 해당 지방자치단체의 조례로 정한다.,위임,조례,,rule
P01152,④ 제1항부터 제3항까지의 규정에서 정한 사항 외에 대안교육기관에 대한 경비 지원에 필요한 사항은 해당 지방자치단체의 조례로 정한다.,위임,조례,,rule
P01153,④ 제1항부터 제3항까지의 규정에서 정한 사항 외에 대안교육기관에 대한 경비 지원에 필요한 사항은 해당 지방자치단체의 조례로 정한다.,위임,조례,,rule
P01154,④ 제1항부터 제3항까지의 규정에서 정한 사항 외에 대안교육기관에 대한 경비 지원에 필요한 사항은 해당 지방자치단체의 조례로 정한다.,위임,조례,,rule
P01155,④ 제1항부터 제3항까지의 규정에서 정한 사항 외에 대안교육기관에 대한 경비 지원에 필요한 사항은 해당 지방자치단체의 조례로 정한다.,위임,조례,,rule
P01156,④ 제1항부터 제3항까지의 규정에서 정한 사항 외에 대안교육기관에 대한 경비 지원에 필요한 사항은 해당 지방자치단체의 조례로 정한다.,위임,조례,,rule
P01157,④ 제1항부터 제3항까지의 규정에서 정한 사항 외에 대안교육기관에 대한 경비 지원에 필요한 사항은 해당 지방자치단체의 조례로 정한다.,위임,조례,,rule
P01158,④ 제1항부터 제3항까지의 규정에서 정한 사항 외에 대안교육기관에 대한 경비 지원에 필요한 사항은 해당 지방자치단체의 조례로 정한다.,위임,조례,,rule
P01159,④ 제1항부터 제3항까지의 규정에서 정한 사항 외에 대안교육기관에 대한 경비 지원에 필요한 사항은 해당 지방자치단체의 조례로 정한다.,위임,조례,,rule
P01160,④ 제1항부터 제3항까지의 규정에서 정한 사항 외에 대안교육기관에 대한 경비 지원에 필요한 사항은 해당 지방자치단체의 조례로 정한다.,위임,조례,,rule
P01161,④ 제1항부터 제3항까지의 규정에서 정한 사항 외에 대안교육기관에 대한 경비 지원에 필요한 사항은 해당 지방자치단체의 조례로 정한다.,위임,조례,,rule
P01162,④ 제1항부터 제3항까지의 규정에서 정한 사항 외에 대안교육기관에 대한 경비 지원에 필요한 사항은 해당 지방자치단체의 조례로 정한다.,위임,조례,,rule
P01163,④ 제1항부터 제3항까지의 규정에서 정한 사항 외에 대안교육기관에 대한 경비 지원에 필요한 사항은 해당 지방자치단체의 조례로 정한다.,위임,조례,,rule
P01164,④ 제1항부터 제3항까지의 규정에서 정한 사항 외에 대안교육기관에 대한 경비 지원에 필요한 사항은 해당 지방자치단체의 조례로 정한다.,위임,조례,,rule
P01165,④ 제1항부터 제3항까지의 규정에서 정한 사항 외에 대안교육기관에 대한 경비 지원에 필요한 사항은 해당 지방자치단체의 조례로 정한다.,위임,조례,,rule
P01166,④ 제1항부터 제3항까지의 규정에서 정한 사항 외에 대안교육기관에 대한 경비 지원에 필요한 사항은 해당 지방자치단체의 조례로 정한다.,위임,조례,,rule
P01167,④ 제1항부터 제3항까지의 규정에서 정한 사항 외에 대안교육기관에 대한 경비 지원에 필요한 사항은 해당 지방자치단체의 조례로 정한다.,위임,조례,,rule
P01168,④ 제1항부터 제3항까지의 규정에서 정한 사항 외에 대안교육기관에 대한 경비 지원에 필요한 사항은 해당 지방자치단체의 조례로 정한다.,위임,조례,,rule
P01169,④ 제1항부터 제3항까지의 규정에서 정한 사항 외에 대안교육기관에 대한 경비 지원에 필요한 사항은 해당 지방자치단체의 조례로 정한다.,위임,조례,,rule
P01170,④ 제1항부터 제3항까지의 규정에서 정한 사항 외에 대안교육기관에 대한 경비 지원에 필요한 사항은 해당 지방자치단체의 조례로 정한다.,위임,조례,,rule
P01171,④ 제1항부터 제3항까지의 규정에서 정한 사항 외에 대안교육기관에 대한 경비 지원에 필요한 사항은 해당 지방자치단체의 조례로 정한다.,위임,조례,,rule
P01172,④ 제1항부터 제3항까지의 규정에서 정한 사항 외에 대안교육기관에 대한 경비 지원에 필요한 사항은 해당 지방자치단체의 조례로 정한다.,위임,조례,,rule
P01173,④ 제1항부터 제3항까지의 규정에서 정한 사항 외에 대안교육기관에 대한 경비 지원에 필요한 사항은 해당 지방자치단체의 조례로 정한다.,위임,조례,,rule
P01174,④ 제1항부터 제3항까지의 규정에서 정한 사항 외에 대안교육기관에 대한 경비 지원에 필요한 사항은 해당 지방자치단체의 조례로 정한다.,위임,조례,,rule
P01175,④ 제1항부터 제3항까지의 규정에서 정한 사항 외에 대안교육기관에 대한 경비 지원에 필요한 사항은 해당 지방자치단체의 조례로 정한다.,위임,조례,,rule
P01176,④ 제1항부터 제3항까지의 규정에서 정한 사항 외에 대안교육기관에 대한 경비 지원에 필요한 사항은 해당 지방자치단체의 조례로 정한다.,위임,조례,,rule
P01177,④ 제1항부터 제3항까지의 규정에서 정한 사항 외에 대안교육기관에 대한 경비 지원에 필요한 사항은 해당 지방자치단체의 조례로 정한다.,위임,조례,,rule
P01178,④ 제1항부터 제3항까지의 규정에서 정한 사항 외에 대안교육기관에 대한 경비 지원에 필요한 사항은 해당 지방자치단체의 조례로 정한다.,위임,조례,,rule
P01179,④ 제1항부터 제3항까지의 규정에서 정한 사항 외에 대안교육기관에 대한 경비 지원에 필요한 사항은 해당 지방자치단체의 조례로 정한다.,위임,조례,,rule
P01180,④ 제1항부터 제3항까지의 규정에서 정한 사항 외에 대안교육기관에 대한 경비 지원에 필요한 사항은 해당 지방자치단체의 조례로 정한다.,위임,조례,,rule
P01181,④ 제1항부터 제3항까지의 규정에서 정한 사항 외에 대안교육기관에 대한 경비 지원에 필요한 사항은 해당 지방자치단체의 조례로 정한다.,위임,조례,,rule
P01182,④ 제1항부터 제3항까지의 규정에서 정한 사항 외에 대안교육기관에 대한 경비 지원에 필요한 사항은 해당 지방자치단체의 조례로 정한다.,위임,조례,,rule
P01183,④ 제1항부터 제3항까지의 규정에서 정한 사항 외에 대안교육기관에 대한 경비 지원에 필요한 사항은 해당 지방자치단체의 조례로 정한다.,위임,조례,,rule
P01184,④ 제1항부터 제3항까지의 규정에서 정한 사항 외에 대안교육기관에 대한 경비 지원에 필요한 사항은 해당 지방자치단체의 조례로 정한다.,위임,조례,,rule
P01185,④ 제1항부터 제3항까지의 규정에서 정한 사항 외에 대안교육기관에 대한 경비 지원에 필요한 사항은 해당 지방자치단체의 조례로 정한다.,위임,조례,,rule
P01186,④ 제1항부터 제3항까지의 규정에서 정한 사항 외에 대안교육기관에 대한 경비 지원에 필요한 사항은 해당 지방자치단체의 조례로 정한다.,위임,조례,,rule
P01187,④ 제1항부터 제3항까지의 규정에서 정한 사항 외에 대안교육기관에 대한 경비 지원에 필요한 사항은 해당 지방자치단체의 조례로 정한다.,위임,조례,,rule
P01188,④ 제1항부터 제3항까지의 규정에서 정한 사항 외에 대안교육기관에 대한 경비 지원에 필요한 사항은 해당 지방자치단체의 조례로 정한다.,위임,조례,,rule
P01189,④ 제1항부터 제3항까지의 규정에서 정한 사항 외에 대안교육기관에 대한 경비 지원에 필요한 사항은 해당 지방자치단체의 조례로 정한다.,위임,조례,,rule
P01190,④ 제1항부터 제3항까지의 규정에서 정한 사항 외에 대안교육기관에 대한 경비 지원에 필요한 사항은 해당 지방자치단체의 조례로 정한다.,위임,조례,,rule
P01191,④ 제1항부터 제3항까지의 규정에서 정한 사항 외에 대안교육기관에 대한 경비 지원에 필요한 사항은 해당 지방자치단체의 조례로 정한다.,위임,조례,,rule
P01192,④ 제1항부터 제3항까지의 규정에서 정한 사항 외에 대안교육기관에 대한 경비 지원에 필요한 사항은 해당 지방자치단체의 조례로 정한다.,위임,조례,,rule
P01193,④ 제1항부터 제3항까지의 규정에서 정한 사항 외에 대안교육기관에 대한 경비 지원에 필요한 사항은 해당 지방자치단체의 조례로 정한다.,위임,조례,,rule
P01194,④ 제1항부터 제3항까지의 규정에서 정한 사항 외에 대안교육기관에 대한 경비 지원에 필요한 사항은 해당 지방자치단체의 조례로 정한다.,위임,조례,,rule
P01195,④ 제1항부터 제3항까지의 규정에서 정한 사항 외에 대안교육기관에 대한 경비 지원에 필요한 사항은 해당 지방자치단체의 조례로 정한다.,위임,조례,,rule
P01196,④ 제1항부터 제3항까지의 규정에서 정한 사항 외에 대안교육기관에 대한 경비 지원에 필요한 사항은 해당 지방자치단체의 조례로 정한다.,위임,조례,,rule
P01197,④ 제1항부터 제3항까지의 규정에서 정한 사항 외에 대안교육기관에 대한 경비 지원에 필요한 사항은 해당 지방자치단체의 조례로 정한다.,위임,조례,,rule
P01198,④ 제1항부터 제3항까지의 규정에서 정한 사항 외에 대안교육기관에 대한 경비 지원에 필요한 사항은 해당 지방자치단체의 조례로 정한다.,위임,조례,,rule
P01199,④ 제1항부터 제3항까지의 규정에서 정한 사항 외에 대안교육기관에 대한 경비 지원에 필요한 사항은 해당 지방자치단체의 조례로 정한다.,위임,조례,,rule
P01200,④ 제1항부터 제3항까지의 규정에서 정한 사항 외에 대안교육기관에 대한 경비 지원에 필요한 사항은 해당 지방자치단체의 조례로 정한다.,위임,조례,,rule
P01201,④ 제1항부터 제3항까지의 규정에서 정한 사항 외에 대안교육기관에 대한 경비 지원에 필요한 사항은 해당 지방자치단체의 조례로 정한다.,위임,조례,,rule
P01202,④ 제1항부터 제3항까지의 규정에서 정한 사항 외에 대안교육기관에 대한 경비 지원에 필요한 사항은 해당 지방자치단체의 조례로 정한다.,위임,조례,,rule
P01203,④ 제1항부터 제3항까지의 규정에서 정한 사항 외에 대안교육기관에 대한 경비 지원에 필요한 사항은 해당 지방자치단체의 조례로 정한다.,위임,조례,,rule
P01204,④ 제1항부터 제3항까지의 규정에서 정한 사항 외에 대안교육기관에 대한 경비 지원에 필요한 사항은 해당 지방자치단체의 조례로 정한다.,위임,조례,,rule
P01205,④ 제1항부터 제3항까지의 규정에서 정한 사항 외에 대안교육기관에 대한 경비 지원에 필요한 사항은 해당 지방자치단체의 조례로 정한다.,위임,조례,,rule
P01206,④ 제1항부터 제3항까지의 규정에서 정한 사항 외에 대안교육기관에 대한 경비 지원에 필요한 사항은 해당 지방자치단체의 조례로 정한다.,위임,조례,,rule
P01207,④ 제1항부터 제3항까지의 규정에서 정한 사항 외에 대안교육기관에 대한 경비 지원에 필요한 사항은 해당 지방자치단체의 조례로 정한다.,위임,조례,,rule
P01208,④ 제1항부터 제3항까지의 규정에서 정한 사항 외에 대안교육기관에 대한 경비 지원에 필요한 사항은 해당 지방자치단체의 조례로 정한다.,위임,조례,,rule
P01209,④ 제1항부터 제3항까지의 규정에서 정한 사항 외에 대안교육기관에 대한 경비 지원에 필요한 사항은 해당 지방자치단체의 조례로 정한다.,위임,조례,,rule
P01210,④ 제1항부터 제3항까지의 규정에서 정한 사항 외에 대안교육기관에 대한 경비 지원에 필요한 사항은 해당 지방자치단체의 조례로 정한다.,위임,조례,,rule
P01211,④ 제1항부터 제3항까지의 규정에서 정한 사항 외에 대안교육기관에 대한 경비 지원에 필요한 사항은 해당 지방자치단체의 조례로 정한다.,위임,조례,,rule
P01212,④ 제1항부터 제3항까지의 규정에서 정한 사항 외에 대안교육기관에 대한 경비 지원에 필요한 사항은 해당 지방자치단체의 조례로 정한다.,위임,조례,,rule
P01213,④ 제1항부터 제3항까지의 규정에서 정한 사항 외에 대안교육기관에 대한 경비 지원에 필요한 사항은 해당 지방자치단체의 조례로 정한다.,위임,조례,,rule
P01214,④ 제1항부터 제3항까지의 규정에서 정한 사항 외에 대안교육기관에 대한 경비 지원에 필요한 사항은 해당 지방자치단체의 조례로 정한다.,위임,조례,,rule
P01215,④ 제1항부터 제3항까지의 규정에서 정한 사항 외에 대안교육기관에 대한 경비 지원에 필요한 사항은 해당 지방자치단체의 조례로 정한다.,위임,조례,,rule
P01216,④ 제1항부터 제3항까지의 규정에서 정한 사항 외에 대안교육기관에 대한 경비 지원에 필요한 사항은 해당 지방자치단체의 조례로 정한다.,위임,조례,,rule
P01217,④ 제1항부터 제3항까지의 규정에서 정한 사항 외에 대안교육기관에 대한 경비 지원에 필요한 사항은 해당 지방자치단체의 조례로 정한다.,위임,조례,,rule
P01218,④ 제1항부터 제3항까지의 규정에서 정한 사항 외에 대안교육기관에 대한 경비 지원에 필요한 사항은 해당 지방자치단체의 조례로 정한다.,위임,조례,,rule
P01219,④ 제1항부터 제3항까지의 규정에서 정한 사항 외에 대안교육기관에 대한 경비 지원에 필요한 사항은 해당 지방자치단체의 조례로 정한다.,위임,조례,,rule
P01220,④ 제1항부터 제3항까지의 규정에서 정한 사항 외에 대안교육기관에 대한 경비 지원에 필요한 사항은 해당 지방자치단체의 조례로 정한다.,위임,조례,,rule
P01221,④ 제1항부터 제3항까지의 규정에서 정한 사항 외에 대안교육기관에 대한 경비 지원에 필요한 사항은 해당 지방자치단체의 조례로 정한다.,위임,조례,,rule
P01222,④ 제1항부터 제3항까지의 규정에서 정한 사항 외에 대안교육기관에 대한 경비 지원에 필요한 사항은 해당 지방자치단체의 조례로 정한다.,위임,조례,,rule
P01223,④ 제1항부터 제3항까지의 규정에서 정한 사항 외에 대안교육기관에 대한 경비 지원에 필요한 사항은 해당 지방자치단체의 조례로 정한다.,위임,조례,,rule
P01224,④ 제1항부터 제3항까지의 규정에서 정한 사항 외에 대안교육기관에 대한 경비 지원에 필요한 사항은 해당 지방자치단체의 조례로 정한다.,위임,조례,,rule
P01225,④ 제1항부터 제3항까지의 규정에서 정한 사항 외에 대안교육기관에 대한 경비 지원에 필요한 사항은 해당 지방자치단체의 조례로 정한다.,위임,조례,,rule
P01226,④ 제1항부터 제3항까지의 규정에서 정한 사항 외에 대안교육기관에 대한 경비 지원에 필요한 사항은 해당 지방자치단체의 조례로 정한다.,위임,조례,,rule
P01227,④ 제1항부터 제3항까지의 규정에서 정한 사항 외에 대안교육기관에 대한 경비 지원에 필요한 사항은 해당 지방자치단체의 조례로 정한다.,위임,조례,,rule
P01228,④ 제1항부터 제3항까지의 규정에서 정한 사항 외에 대안교육기관에 대한 경비 지원에 필요한 사항은 해당 지방자치단체의 조례로 정한다.,위임,조례,,rule
P01229,④ 제1항부터 제3항까지의 규정에서 정한 사항 외에 대안교육기관에 대한 경비 지원에 필요한 사항은 해당 지방자치단체의 조례로 정한다.,위임,조례,,rule
P01230,④ 제1항부터 제3항까지의 규정에서 정한 사항 외에 대안교육기관에 대한 경비 지원에 필요한 사항은 해당 지방자치단체의 조례로 정한다.,위임,조례,,rule
P01231,④ 제1항부터 제3항까지의 규정에서 정한 사항 외에 대안교육기관에 대한 경비 지원에 필요한 사항은 해당 지방자치단체의 조례로 정한다.,위임,조례,,rule
P01232,④ 제1항부터 제3항까지의 규정에서 정한 사항 외에 대안교육기관에 대한 경비 지원에 필요한 사항은 해당 지방자치단체의 조례로 정한다.,위임,조례,,rule
P01233,④ 제1항부터 제3항까지의 규정에서 정한 사항 외에 대안교육기관에 대한 경비 지원에 필요한 사항은 해당 지방자치단체의 조례로 정한다.,위임,조례,,rule
P01234,④ 제1항부터 제3항까지의 규정에서 정한 사항 외에 대안교육기관에 대한 경비 지원에 필요한 사항은 해당 지방자치단체의 조례로 정한다.,위임,조례,,rule
P01235,④ 제1항부터 제3항까지의 규정에서 정한 사항 외에 대안교육기관에 대한 경비 지원에 필요한 사항은 해당 지방자치단체의 조례로 정한다.,위임,조례,,rule
P01236,④ 제1항부터 제3항까지의 규정에서 정한 사항 외에 대안교육기관에 대한 경비 지원에 필요한 사항은 해당 지방자치단체의 조례로 정한다.,위임,조례,,rule
P01237,④ 제1항부터 제3항까지의 규정에서 정한 사항 외에 대안교육기관에 대한 경비 지원에 필요한 사항은 해당 지방자치단체의 조례로 정한다.,위임,조례,,rule
P01238,④ 제1항부터 제3항까지의 규정에서 정한 사항 외에 대안교육기관에 대한 경비 지원에 필요한 사항은 해당 지방자치단체의 조례로 정한다.,위임,조례,,rule
P01239,④ 제1항부터 제3항까지의 규정에서 정한 사항 외에 대안교육기관에 대한 경비 지원에 필요한 사항은 해당 지방자치단체의 조례로 정한다.,위임,조례,,rule
P01240,④ 제1항부터 제3항까지의 규정에서 정한 사항 외에 대안교육기관에 대한 경비 지원에 필요한 사항은 해당 지방자치단체의 조례로 정한다.,위임,조례,,rule
P01241,④ 제1항부터 제3항까지의 규정에서 정한 사항 외에 대안교육기관에 대한 경비 지원에 필요한 사항은 해당 지방자치단체의 조례로 정한다.,위임,조례,,rule
P01242,④ 제1항부터 제3항까지의 규정에서 정한 사항 외에 대안교육기관에 대한 경비 지원에 필요한 사항은 해당 지방자치단체의 조례로 정한다.,위임,조례,,rule
P01243,④ 제1항부터 제3항까지의 규정에서 정한 사항 외에 대안교육기관에 대한 경비 지원에 필요한 사항은 해당 지방자치단체의 조례로 정한다.,위임,조례,,rule
P01244,④ 제1항부터 제3항까지의 규정에서 정한 사항 외에 대안교육기관에 대한 경비 지원에 필요한 사항은 해당 지방자치단체의 조례로 정한다.,위임,조례,,rule
P01245,④ 제1항부터 제3항까지의 규정에서 정한 사항 외에 대안교육기관에 대한 경비 지원에 필요한 사항은 해당 지방자치단체의 조례로 정한다.,위임,조례,,rule
P01246,④ 제1항부터 제3항까지의 규정에서 정한 사항 외에 대안교육기관에 대한 경비 지원에 필요한 사항은 해당 지방자치단체의 조례로 정한다.,위임,조례,,rule
P01247,④ 제1항부터 제3항까지의 규정에서 정한 사항 외에 대안교육기관에 대한 경비 지원에 필요한 사항은 해당 지방자치단체의 조례로 정한다.,위임,조례,,rule
P01248,④ 제1항부터 제3항까지의 규정에서 정한 사항 외에 대안교육기관에 대한 경비 지원에 필요한 사항은 해당 지방자치단체의 조례로 정한다.,위임,조례,,rule
P01249,④ 제1항부터 제3항까지의 규정에서 정한 사항 외에 대안교육기관에 대한 경비 지원에 필요한 사항은 해당 지방자치단체의 조례로 정한다.,위임,조례,,rule
P01250,④ 제1항부터 제3항까지의 규정에서 정한 사항 외에 대안교육기관에 대한 경비 지원에 필요한 사항은 해당 지방자치단체의 조례로 정한다.,위임,조례,,rule
P01251,④ 제1항부터 제3항까지의 규정에서 정한 사항 외에 대안교육기관에 대한 경비 지원에 필요한 사항은 해당 지방자치단체의 조례로 정한다.,위임,조례,,rule
P01252,④ 제1항부터 제3항까지의 규정에서 정한 사항 외에 대안교육기관에 대한 경비 지원에 필요한 사항은 해당 지방자치단체의 조례로 정한다.,위임,조례,,rule
P01253,④ 제1항부터 제3항까지의 규정에서 정한 사항 외에 대안교육기관에 대한 경비 지원에 필요한 사항은 해당 지방자치단체의 조례로 정한다.,위임,조례,,rule
P01254,④ 제1항부터 제3항까지의 규정에서 정한 사항 외에 대안교육기관에 대한 경비 지원에 필요한 사항은 해당 지방자치단체의 조례로 정한다.,위임,조례,,rule
P01255,④ 제1항부터 제3항까지의 규정에서 정한 사항 외에 대안교육기관에 대한 경비 지원에 필요한 사항은 해당 지방자치단체의 조례로 정한다.,위임,조례,,rule
P01256,④ 제1항부터 제3항까지의 규정에서 정한 사항 외에 대안교육기관에 대한 경비 지원에 필요한 사항은 해당 지방자치단체의 조례로 정한다.,위임,조례,,rule
P01257,④ 제1항부터 제3항까지의 규정에서 정한 사항 외에 대안교육기관에 대한 경비 지원에 필요한 사항은 해당 지방자치단체의 조례로 정한다.,위임,조례,,rule
P01258,④ 제1항부터 제3항까지의 규정에서 정한 사항 외에 대안교육기관에 대한 경비 지원에 필요한 사항은 해당 지방자치단체의 조례로 정한다.,위임,조례,,rule
P01259,④ 제1항부터 제3항까지의 규정에서 정한 사항 외에 대안교육기관에 대한 경비 지원에 필요한 사항은 해당 지방자치단체의 조례로 정한다.,위임,조례,,rule
P01260,④ 제1항부터 제3항까지의 규정에서 정한 사항 외에 대안교육기관에 대한 경비 지원에 필요한 사항은 해당 지방자치단체의 조례로 정한다.,위임,조례,,rule
P01261,④ 제1항부터 제3항까지의 규정에서 정한 사항 외에 대안교육기관에 대한 경비 지원에 필요한 사항은 해당 지방자치단체의 조례로 정한다.,위임,조례,,rule
P01262,④ 제1항부터 제3항까지의 규정에서 정한 사항 외에 대안교육기관에 대한 경비 지원에 필요한 사항은 해당 지방자치단체의 조례로 정한다.,위임,조례,,rule
P01263,④ 제1항부터 제3항까지의 규정에서 정한 사항 외에 대안교육기관에 대한 경비 지원에 필요한 사항은 해당 지방자치단체의 조례로 정한다.,위임,조례,,rule
P01264,④ 제1항부터 제3항까지의 규정에서 정한 사항 외에 대안교육기관에 대한 경비 지원에 필요한 사항은 해당 지방자치단체의 조례로 정한다.,위임,조례,,rule
P01265,④ 제1항부터 제3항까지의 규정에서 정한 사항 외에 대안교육기관에 대한 경비 지원에 필요한 사항은 해당 지방자치단체의 조례로 정한다.,위임,조례,,rule
P01266,④ 제1항부터 제3항까지의 규정에서 정한 사항 외에 대안교육기관에 대한 경비 지원에 필요한 사항은 해당 지방자치단체의 조례로 정한다.,위임,조례,,rule
P01267,④ 제1항부터 제3항까지의 규정에서 정한 사항 외에 대안교육기관에 대한 경비 지원에 필요한 사항은 해당 지방자치단체의 조례로 정한다.,위임,조례,,rule
P01268,④ 제1항부터 제3항까지의 규정에서 정한 사항 외에 대안교육기관에 대한 경비 지원에 필요한 사항은 해당 지방자치단체의 조례로 정한다.,위임,조례,,rule
P01269,④ 제1항부터 제3항까지의 규정에서 정한 사항 외에 대안교육기관에 대한 경비 지원에 필요한 사항은 해당 지방자치단체의 조례로 정한다.,위임,조례,,rule
P01270,④ 제1항부터 제3항까지의 규정에서 정한 사항 외에 대안교육기관에 대한 경비 지원에 필요한 사항은 해당 지방자치단체의 조례로 정한다.,위임,조례,,rule
P01271,④ 제1항부터 제3항까지의 규정에서 정한 사항 외에 대안교육기관에 대한 경비 지원에 필요한 사항은 해당 지방자치단체의 조례로 정한다.,위임,조례,,rule
P01272,④ 제1항부터 제3항까지의 규정에서 정한 사항 외에 대안교육기관에 대한 경비 지원에 필요한 사항은 해당 지방자치단체의 조례로 정한다.,위임,조례,,rule
P01273,④ 제1항부터 제3항까지의 규정에서 정한 사항 외에 대안교육기관에 대한 경비 지원에 필요한 사항은 해당 지방자치단체의 조례로 정한다.,위임,조례,,rule
P01274,④ 제1항부터 제3항까지의 규정에서 정한 사항 외에 대안교육기관에 대한 경비 지원에 필요한 사항은 해당 지방자치단체의 조례로 정한다.,위임,조례,,rule
P01275,④ 제1항부터 제3항까지의 규정에서 정한 사항 외에 대안교육기관에 대한 경비 지원에 필요한 사항은 해당 지방자치단체의 조례로 정한다.,위임,조례,,rule
P01276,④ 제1항부터 제3항까지의 규정에서 정한 사항 외에 대안교육기관에 대한 경비 지원에 필요한 사항은 해당 지방자치단체의 조례로 정한다.,위임,조례,,rule
P01277,④ 제1항부터 제3항까지의 규정에서 정한 사항 외에 대안교육기관에 대한 경비 지원에 필요한 사항은 해당 지방자치단체의 조례로 정한다.,위임,조례,,rule
P01278,④ 제1항부터 제3항까지의 규정에서 정한 사항 외에 대안교육기관에 대한 경비 지원에 필요한 사항은 해당 지방자치단체의 조례로 정한다.,위임,조례,,rule
P01279,④ 제1항부터 제3항까지의 규정에서 정한 사항 외에 대안교육기관에 대한 경비 지원에 필요한 사항은 해당 지방자치단체의 조례로 정한다.,위임,조례,,rule
P01280,④ 제1항부터 제3항까지의 규정에서 정한 사항 외에 대안교육기관에 대한 경비 지원에 필요한 사항은 해당 지방자치단체의 조례로 정한다.,위임,조례,,rule
P01281,④ 제1항부터 제3항까지의 규정에서 정한 사항 외에 대안교육기관에 대한 경비 지원에 필요한 사항은 해당 지방자치단체의 조례로 정한다.,위임,조례,,rule
P01282,④ 제1항부터 제3항까지의 규정에서 정한 사항 외에 대안교육기관에 대한 경비 지원에 필요한 사항은 해당 지방자치단체의 조례로 정한다.,위임,조례,,rule
P01283,④ 제1항부터 제3항까지의 규정에서 정한 사항 외에 대안교육기관에 대한 경비 지원에 필요한 사항은 해당 지방자치단체의 조례로 정한다.,위임,조례,,rule
P01284,④ 제1항부터 제3항까지의 규정에서 정한 사항 외에 대안교육기관에 대한 경비 지원에 필요한 사항은 해당 지방자치단체의 조례로 정한다.,위임,조례,,rule
P01285,④ 제1항부터 제3항까지의 규정에서 정한 사항 외에 대안교육기관에 대한 경비 지원에 필요한 사항은 해당 지방자치단체의 조례로 정한다.,위임,조례,,rule
P01286,④ 제1항부터 제3항까지의 규정에서 정한 사항 외에 대안교육기관에 대한 경비 지원에 필요한 사항은 해당 지방자치단체의 조례로 정한다.,위임,조례,,rule
P01287,④ 제1항부터 제3항까지의 규정에서 정한 사항 외에 대안교육기관에 대한 경비 지원에 필요한 사항은 해당 지방자치단체의 조례로 정한다.,위임,조례,,rule
P01288,④ 제1항부터 제3항까지의 규정에서 정한 사항 외에 대안교육기관에 대한 경비 지원에 필요한 사항은 해당 지방자치단체의 조례로 정한다.,위임,조례,,rule
P01289,④ 제1항부터 제3항까지의 규정에서 정한 사항 외에 대안교육기관에 대한 경비 지원에 필요한 사항은 해당 지방자치단체의 조례로 정한다.,위임,조례,,rule
P01290,④ 제1항부터 제3항까지의 규정에서 정한 사항 외에 대안교육기관에 대한 경비 지원에 필요한 사항은 해당 지방자치단체의 조례로 정한다.,위임,조례,,rule
P01291,④ 제1항부터 제3항까지의 규정에서 정한 사항 외에 대안교육기관에 대한 경비 지원에 필요한 사항은 해당 지방자치단체의 조례로 정한다.,위임,조례,,rule
P01292,④ 제1항부터 제3항까지의 규정에서 정한 사항 외에 대안교육기관에 대한 경비 지원에 필요한 사항은 해당 지방자치단체의 조례로 정한다.,위임,조례,,rule
P01293,④ 제1항부터 제3항까지의 규정에서 정한 사항 외에 대안교육기관에 대한 경비 지원에 필요한 사항은 해당 지방자치단체의 조례로 정한다.,위임,조례,,rule
P01294,④ 제1항부터 제3항까지의 규정에서 정한 사항 외에 대안교육기관에 대한 경비 지원에 필요한 사항은 해당 지방자치단체의 조례로 정한다.,위임,조례,,rule
P01295,④ 제1항부터 제3항까지의 규정에서 정한 사항 외에 대안교육기관에 대한 경비 지원에 필요한 사항은 해당 지방자치단체의 조례로 정한다.,위임,조례,,rule
P01296,④ 제1항부터 제3항까지의 규정에서 정한 사항 외에 대안교육기관에 대한 경비 지원에 필요한 사항은 해당 지방자치단체의 조례로 정한다.,위임,조례,,rule
P01297,④ 제1항부터 제3항까지의 규정에서 정한 사항 외에 대안교육기관에 대한 경비 지원에 필요한 사항은 해당 지방자치단체의 조례로 정한다.,위임,조례,,rule
P01298,④ 제1항부터 제3항까지의 규정에서 정한 사항 외에 대안교육기관에 대한 경비 지원에 필요한 사항은 해당 지방자치단체의 조례로 정한다.,위임,조례,,rule
P01299,④ 제1항부터 제3항까지의 규정에서 정한 사항 외에 대안교육기관에 대한 경비 지원에 필요한 사항은 해당 지방자치단체의 조례로 정한다.,위임,조례,,rule
P01300,④ 제1항부터 제3항까지의 규정에서 정한 사항 외에 대안교육기관에 대한 경비 지원에 필요한 사항은 해당 지방자치단체의 조례로 정한다.,위임,조례,,rule
P01301,④ 제1항부터 제3항까지의 규정에서 정한 사항 외에 대안교육기관에 대한 경비 지원에 필요한 사항은 해당 지방자치단체의 조례로 정한다.,위임,조례,,rule
P01302,④ 제1항부터 제3항까지의 규정에서 정한 사항 외에 대안교육기관에 대한 경비 지원에 필요한 사항은 해당 지방자치단체의 조례로 정한다.,위임,조례,,rule
P01303,④ 제1항부터 제3항까지의 규정에서 정한 사항 외에 대안교육기관에 대한 경비 지원에 필요한 사항은 해당 지방자치단체의 조례로 정한다.,위임,조례,,rule
P01304,④ 제1항부터 제3항까지의 규정에서 정한 사항 외에 대안교육기관에 대한 경비 지원에 필요한 사항은 해당 지방자치단체의 조례로 정한다.,위임,조례,,rule
P01305,필요한 사항은 대통령령으로 정한다,위임,대통령령,,rule
P01306,필요한 사항은 대통령령으로 정한다,위임,대통령령,,rule
P01307,필요한 사항은 대통령령으로 정한다,위임,대통령령,,rule
P01308,필요한 사항은 대통령령으로 정한다,위임,대통령령,,rule
P01309,공공단체가 설치한 연구기관이나 교육부장관이 인정하는 연구기관,판단불가,해당없음,,rule
P01310,공공단체의 기관이나 교육부장관이 정하는 기준에 적합한 기관,위임,미특정,,rule
P01311,"교육부장관이 정하는 기준에 적합한 산업체, 기관 또는 시설에서 전공학과 및 그에 관련되는 학과의 학문분야에",위임,미특정,,rule
P01312,"교육부장관이 정하는 기준에 적합한 산업체, 기관 또는 시설에서 「의료법」 제2조제1항에 따른 의료인이",위임,미특정,,rule
P01313,대통령령으로 정하는 범위에서 학칙으로 정한다,위임,대통령령,,rule
P01314,필요한 사항은 대통령령으로,위임,대통령령,,rule
P01315,대통령령으로 정하는 범위에서 학칙으로 정한다,위임,대통령령,,rule
P01316,대통령령으로 정하는,위임,대통령령,,rule
P01317,대통령령으로 정하는 범위에서 학칙으로 정한다,위임,대통령령,,rule
P01318,필요한 사항은 대통령령으로 정한다,위임,대통령령,,rule
P01319,필요한 사항은 대통령령으로,위임,대통령령,,rule
P01320,교육부령으로 정하는,위임,부령,,rule
P01321,교육부장관이 제1항 및 제2항의 기준을 조정하여 고시하는 기준에 따른다.,판단불가,해당없음,,rule
P01322,연구 실적에 대한 인정범위와 구체적인 기준은 교육부장관이 정하여 고시한다.,위임,미특정,,rule
P01323,② 대학이 인공지능·빅데이터 등 교육부장관이 정하여 고시하는 첨단산업 분야의 인력을 양성하거나,위임,미특정,,rule
P01324,교육과정 및 교육여건 등을 고려하여 교육부장관이 정하여 고시하는 기준을 충족할 것,위임,미특정,,rule
P01325,교육부장관이 정하여 고시하는 특정 분야(제2항 각 호 외의 부분에 따라 교육부장관이 정하여 고시하는 첨단산업 분야는 제외한다)의 인력을 양성하기 위하여,위임,미특정,,rule
P01326,③ 그 밖에 대학의 통·폐합의 절차 및 세부기준 등에 관한 사항은 교육부장관이 정하여 고시한다.,위임,미특정,,rule
P01327,교육부장관이 정하여 고시하는 기준에 따라 대학의 일부를 그 주된 위치에서 변경하여,위임,미특정,,rule
P01328,교육부령으로 정한다,위임,부령,,rule
P01329,교육부령으로 정한다,위임,부령,,rule
P01330,교육부령으로 정한다,위임,부령,,rule
P01331,교육부령으로 정한다,위임,부령,,rule
P01332,소득의 범위는 교육부령으로 정한다,위임,부령,,rule
P01333,교육부령으로 정하는,위임,부령,,rule
P01334,당초 학교법인의 수익용기본재산을 교육부장관이 정하여 고시하는 기준에 따라 새로 설립한 학교법인에 배분할 수 있다,위임,미특정,,rule
P01335,대통령령으로 정하는 바에 따라 수당이나 연금을,위임,대통령령,,rule
P01336,필요한 사항은 대통령령으로 정한다,위임,대통령령,,rule
P01337,조직 및 정원은 대통령령으로 정한다,위임,대통령령,,rule
P01338,교육부령으로 정하는 지역을 말한다,위임,부령,,rule
P01339,대통령령으로 정하는,위임,대통령령,,rule
P01340,② 교육감은 지역 여건과 학생배치계획을 고려하여 도시형캠퍼스 설립 기준을 시ㆍ도 조례로 정할 수 있다.,판단불가,해당없음,,rule
P01341,"③ 교육감은 도시형캠퍼스의 교사(교실, 도서실 등 교수ㆍ학습 활동에 직접적ㆍ간접적으로 필요한 시설물을 말한다) 및 체육장 시설 기준을 시ㆍ도 조례로 정할 수 있다.",판단불가,해당없음,,rule
P01342,② 교육감은 지역 여건과 학생배치계획을 고려하여 도시형캠퍼스 설립 기준을 시ㆍ도 조례로 정할 수 있다.,판단불가,해당없음,,rule
P01343,"③ 교육감은 도시형캠퍼스의 교사(교실, 도서실 등 교수ㆍ학습 활동에 직접적ㆍ간접적으로 필요한 시설물을 말한다) 및 체육장 시설 기준을 시ㆍ도 조례로 정할 수 있다.",판단불가,해당없음,,rule
P01344,② 교육감은 지역 여건과 학생배치계획을 고려하여 도시형캠퍼스 설립 기준을 시ㆍ도 조례로 정할 수 있다.,판단불가,해당없음,,rule
P01345,"③ 교육감은 도시형캠퍼스의 교사(교실, 도서실 등 교수ㆍ학습 활동에 직접적ㆍ간접적으로 필요한 시설물을 말한다) 및 체육장 시설 기준을 시ㆍ도 조례로 정할 수 있다.",판단불가,해당없음,,rule
P01346,필요한 사항은 대통령령으로 정한다,위임,대통령령,,rule
P01347,관한 응시자격은 대통령령으로 정한다. &lt;개정 2015.3.27,위임,대통령령,,rule
P01348,대통령령으로 정하는 바에 따라 일정한 학력,위임,대통령령,,rule
P01349,응시하는 사람은 교육부령으로 정하는 수수료를 내야 한다,위임,부령,,rule
P01350,② 제1항에 따른 과정별 시험과목은 교육부장관이 정한다.,판단불가,해당없음,,rule
P01351,절차 등은 대통령령으로 정한다,위임,대통령령,,rule
P01352,필요한 사항은 교육부령으로 정한다,위임,부령,,rule
P01353,필요한 사항은 교육부령으로 정한다,위임,부령,,rule
P01354,필요한 사항은 대통령령으로 정한다,위임,대통령령,,rule
P01355,교육부장관은 대통령령으로 정하는 바에 따라,위임,대통령령,,rule
P01356,교육부령으로 정하는,위임,부령,,rule
P01357,교육부령으로 정하는,위임,부령,,rule
P01358,교육부령으로 정하는,위임,부령,,rule
P01359,교육부령으로 정한다,위임,부령,,rule
P01360,교육부령으로 정한다,위임,부령,,rule
P01361,교육부령으로 정한다,위임,부령,,rule
P01362,교육부령으로 정한다,위임,부령,,rule
P01363,교육부령으로 정한다,위임,부령,,rule
P01364,교육부령으로 정한다,위임,부령,,rule
P01365,교육부령으로 정한다,위임,부령,,rule
P01366,교육부령으로 정한다,위임,부령,,rule
P01367,필요한 사항은 교육부령으로 정한다,위임,부령,,rule
P01368,대통령령으로 정하는 당연직 이사를,위임,대통령령,,rule
P01369,필요한 사항은 대통령령으로,위임,대통령령,,rule
P01370,필요한 사항은 대통령령으로,위임,대통령령,,rule
P01371,대통령령이 정하는 바에 따라 다음 각 호의 서류를,판단불가,해당없음,,rule
P01372,과태료는 대통령령으로 정하는,위임,대통령령,,rule
P01373,대통령령으로 정하는,위임,대통령령,,rule
P01374,대통령령으로 정하는,위임,대통령령,,rule
P01375,대통령령으로 정하는,위임,대통령령,,rule
P01376,대통령령으로 정한다,위임,대통령령,,rule
P01377,대통령령으로 정하는,위임,대통령령,,rule
P01378,대통령령으로 정한다,위임,대통령령,,rule
P01379,대통령령으로 정하는,위임,대통령령,,rule
P01380,대통령령으로 정하는,위임,대통령령,,rule
P01381,대통령령으로 정하는,위임,대통령령,,rule
P01382,대통령령으로 정한다,위임,대통령령,,rule
P01383,대통령령으로 정하는,위임,대통령령,,rule
P01384,대통령령으로 정한다,위임,대통령령,,rule
P01385,대통령령으로 정하는,위임,대통령령,,rule
P01386,"② 방송통신중학교와 방송통신고등학교의 교과에 관하여는 「초·중등교육법 시행령」 제43조를 준용한다. 이 경우 각 교과의 교수(敎授) 요지, 과목, 수업시간수, 그 밖에 학습활동에 관한 사항은 국립 방송통신중학교 및 방송통신고등학교는 교육부장관이 정하고, 공립 방송통신중학교 및 방송통신고등학교는 시·도의 교육규칙으로 정한다.",인용,해당없음,,rule
P01387,"② 방송통신중학교와 방송통신고등학교의 교과에 관하여는 「초·중등교육법 시행령」 제43조를 준용한다. 이 경우 각 교과의 교수(敎授) 요지, 과목, 수업시간수, 그 밖에 학습활동에 관한 사항은 국립 방송통신중학교 및 방송통신고등학교는 교육부장관이 정하고, 공립 방송통신중학교 및 방송통신고등학교는 시·도의 교육규칙으로 정한다.",인용,해당없음,,rule
P01388,"① 국립 방송통신고등학교에 두는 학과는 교육부장관이 정하고, 공립 방송통신고등학교에 두는 학과는 특별시·광역시·특별자치시·도 및 특별자치도(이하 ""시·도""라 한다)의 교육규칙으로 정한다.",위임,교육규칙,,rule
P01389,"② 방송통신중학교와 방송통신고등학교의 교과에 관하여는 「초·중등교육법 시행령」 제43조를 준용한다. 이 경우 각 교과의 교수(敎授) 요지, 과목, 수업시간수, 그 밖에 학습활동에 관한 사항은 국립 방송통신중학교 및 방송통신고등학교는 교육부장관이 정하고, 공립 방송통신중학교 및 방송통신고등학교는 시·도의 교육규칙으로 정한다.",인용,해당없음,,rule
P01390,"① 국립 방송통신고등학교에 두는 학과는 교육부장관이 정하고, 공립 방송통신고등학교에 두는 학과는 특별시·광역시·특별자치시·도 및 특별자치도(이하 ""시·도""라 한다)의 교육규칙으로 정한다.",위임,교육규칙,,rule
P01391,"② 방송통신중학교와 방송통신고등학교의 교과에 관하여는 「초·중등교육법 시행령」 제43조를 준용한다. 이 경우 각 교과의 교수(敎授) 요지, 과목, 수업시간수, 그 밖에 학습활동에 관한 사항은 국립 방송통신중학교 및 방송통신고등학교는 교육부장관이 정하고, 공립 방송통신중학교 및 방송통신고등학교는 시·도의 교육규칙으로 정한다.",인용,해당없음,,rule
P01392,"① 국립 방송통신고등학교에 두는 학과는 교육부장관이 정하고, 공립 방송통신고등학교에 두는 학과는 특별시·광역시·특별자치시·도 및 특별자치도(이하 ""시·도""라 한다)의 교육규칙으로 정한다.",위임,교육규칙,,rule
P01393,"② 방송통신중학교와 방송통신고등학교의 교과에 관하여는 「초·중등교육법 시행령」 제43조를 준용한다. 이 경우 각 교과의 교수(敎授) 요지, 과목, 수업시간수, 그 밖에 학습활동에 관한 사항은 국립 방송통신중학교 및 방송통신고등학교는 교육부장관이 정하고, 공립 방송통신중학교 및 방송통신고등학교는 시·도의 교육규칙으로 정한다.",인용,해당없음,,rule
P01394,"① 국립 방송통신고등학교에 두는 학과는 교육부장관이 정하고, 공립 방송통신고등학교에 두는 학과는 특별시·광역시·특별자치시·도 및 특별자치도(이하 ""시·도""라 한다)의 교육규칙으로 정한다.",위임,교육규칙,,rule
P01395,"② 방송통신중학교와 방송통신고등학교의 교과에 관하여는 「초·중등교육법 시행령」 제43조를 준용한다. 이 경우 각 교과의 교수(敎授) 요지, 과목, 수업시간수, 그 밖에 학습활동에 관한 사항은 국립 방송통신중학교 및 방송통신고등학교는 교육부장관이 정하고, 공립 방송통신중학교 및 방송통신고등학교는 시·도의 교육규칙으로 정한다.",인용,해당없음,,rule
P01396,"① 국립 방송통신고등학교에 두는 학과는 교육부장관이 정하고, 공립 방송통신고등학교에 두는 학과는 특별시·광역시·특별자치시·도 및 특별자치도(이하 ""시·도""라 한다)의 교육규칙으로 정한다.",위임,교육규칙,,rule
P01397,"② 방송통신중학교와 방송통신고등학교의 교과에 관하여는 「초·중등교육법 시행령」 제43조를 준용한다. 이 경우 각 교과의 교수(敎授) 요지, 과목, 수업시간수, 그 밖에 학습활동에 관한 사항은 국립 방송통신중학교 및 방송통신고등학교는 교육부장관이 정하고, 공립 방송통신중학교 및 방송통신고등학교는 시·도의 교육규칙으로 정한다.",인용,해당없음,,rule
P01398,"① 국립 방송통신고등학교에 두는 학과는 교육부장관이 정하고, 공립 방송통신고등학교에 두는 학과는 특별시·광역시·특별자치시·도 및 특별자치도(이하 ""시·도""라 한다)의 교육규칙으로 정한다.",위임,교육규칙,,rule
P01399,"② 방송통신중학교와 방송통신고등학교의 교과에 관하여는 「초·중등교육법 시행령」 제43조를 준용한다. 이 경우 각 교과의 교수(敎授) 요지, 과목, 수업시간수, 그 밖에 학습활동에 관한 사항은 국립 방송통신중학교 및 방송통신고등학교는 교육부장관이 정하고, 공립 방송통신중학교 및 방송통신고등학교는 시·도의 교육규칙으로 정한다.",인용,해당없음,,rule
P01400,"① 국립 방송통신고등학교에 두는 학과는 교육부장관이 정하고, 공립 방송통신고등학교에 두는 학과는 특별시·광역시·특별자치시·도 및 특별자치도(이하 ""시·도""라 한다)의 교육규칙으로 정한다.",위임,교육규칙,,rule
P01401,"① 국립 방송통신고등학교에 두는 학과는 교육부장관이 정하고, 공립 방송통신고등학교에 두는 학과는 특별시·광역시·특별자치시·도 및 특별자치도(이하 ""시·도""라 한다)의 교육규칙으로 정한다.",위임,교육규칙,,rule
P01402,"② 방송통신중학교와 방송통신고등학교의 교과에 관하여는 「초·중등교육법 시행령」 제43조를 준용한다. 이 경우 각 교과의 교수(敎授) 요지, 과목, 수업시간수, 그 밖에 학습활동에 관한 사항은 국립 방송통신중학교 및 방송통신고등학교는 교육부장관이 정하고, 공립 방송통신중학교 및 방송통신고등학교는 시·도의 교육규칙으로 정한다.",인용,해당없음,,rule
P01403,"① 국립 방송통신고등학교에 두는 학과는 교육부장관이 정하고, 공립 방송통신고등학교에 두는 학과는 특별시·광역시·특별자치시·도 및 특별자치도(이하 ""시·도""라 한다)의 교육규칙으로 정한다.",위임,교육규칙,,rule
P01404,"① 국립 방송통신고등학교에 두는 학과는 교육부장관이 정하고, 공립 방송통신고등학교에 두는 학과는 특별시·광역시·특별자치시·도 및 특별자치도(이하 ""시·도""라 한다)의 교육규칙으로 정한다.",위임,교육규칙,,rule
P01405,"② 방송통신중학교와 방송통신고등학교의 교과에 관하여는 「초·중등교육법 시행령」 제43조를 준용한다. 이 경우 각 교과의 교수(敎授) 요지, 과목, 수업시간수, 그 밖에 학습활동에 관한 사항은 국립 방송통신중학교 및 방송통신고등학교는 교육부장관이 정하고, 공립 방송통신중학교 및 방송통신고등학교는 시·도의 교육규칙으로 정한다.",인용,해당없음,,rule
P01406,"① 국립 방송통신고등학교에 두는 학과는 교육부장관이 정하고, 공립 방송통신고등학교에 두는 학과는 특별시·광역시·특별자치시·도 및 특별자치도(이하 ""시·도""라 한다)의 교육규칙으로 정한다.",위임,교육규칙,,rule
P01407,"② 방송통신중학교와 방송통신고등학교의 교과에 관하여는 「초·중등교육법 시행령」 제43조를 준용한다. 이 경우 각 교과의 교수(敎授) 요지, 과목, 수업시간수, 그 밖에 학습활동에 관한 사항은 국립 방송통신중학교 및 방송통신고등학교는 교육부장관이 정하고, 공립 방송통신중학교 및 방송통신고등학교는 시·도의 교육규칙으로 정한다.",인용,해당없음,,rule
P01408,"① 국립 방송통신고등학교에 두는 학과는 교육부장관이 정하고, 공립 방송통신고등학교에 두는 학과는 특별시·광역시·특별자치시·도 및 특별자치도(이하 ""시·도""라 한다)의 교육규칙으로 정한다.",위임,교육규칙,,rule
P01409,"② 방송통신중학교와 방송통신고등학교의 교과에 관하여는 「초·중등교육법 시행령」 제43조를 준용한다. 이 경우 각 교과의 교수(敎授) 요지, 과목, 수업시간수, 그 밖에 학습활동에 관한 사항은 국립 방송통신중학교 및 방송통신고등학교는 교육부장관이 정하고, 공립 방송통신중학교 및 방송통신고등학교는 시·도의 교육규칙으로 정한다.",인용,해당없음,,rule
P01410,"① 국립 방송통신고등학교에 두는 학과는 교육부장관이 정하고, 공립 방송통신고등학교에 두는 학과는 특별시·광역시·특별자치시·도 및 특별자치도(이하 ""시·도""라 한다)의 교육규칙으로 정한다.",위임,교육규칙,,rule
P01411,"② 방송통신중학교와 방송통신고등학교의 교과에 관하여는 「초·중등교육법 시행령」 제43조를 준용한다. 이 경우 각 교과의 교수(敎授) 요지, 과목, 수업시간수, 그 밖에 학습활동에 관한 사항은 국립 방송통신중학교 및 방송통신고등학교는 교육부장관이 정하고, 공립 방송통신중학교 및 방송통신고등학교는 시·도의 교육규칙으로 정한다.",인용,해당없음,,rule
P01412,"① 국립 방송통신고등학교에 두는 학과는 교육부장관이 정하고, 공립 방송통신고등학교에 두는 학과는 특별시·광역시·특별자치시·도 및 특별자치도(이하 ""시·도""라 한다)의 교육규칙으로 정한다.",위임,교육규칙,,rule
P01413,"② 방송통신중학교와 방송통신고등학교의 교과에 관하여는 「초·중등교육법 시행령」 제43조를 준용한다. 이 경우 각 교과의 교수(敎授) 요지, 과목, 수업시간수, 그 밖에 학습활동에 관한 사항은 국립 방송통신중학교 및 방송통신고등학교는 교육부장관이 정하고, 공립 방송통신중학교 및 방송통신고등학교는 시·도의 교육규칙으로 정한다.",인용,해당없음,,rule
P01414,"① 국립 방송통신고등학교에 두는 학과는 교육부장관이 정하고, 공립 방송통신고등학교에 두는 학과는 특별시·광역시·특별자치시·도 및 특별자치도(이하 ""시·도""라 한다)의 교육규칙으로 정한다.",위임,교육규칙,,rule
P01415,"② 방송통신중학교와 방송통신고등학교의 교과에 관하여는 「초·중등교육법 시행령」 제43조를 준용한다. 이 경우 각 교과의 교수(敎授) 요지, 과목, 수업시간수, 그 밖에 학습활동에 관한 사항은 국립 방송통신중학교 및 방송통신고등학교는 교육부장관이 정하고, 공립 방송통신중학교 및 방송통신고등학교는 시·도의 교육규칙으로 정한다.",인용,해당없음,,rule
P01416,"① 국립 방송통신고등학교에 두는 학과는 교육부장관이 정하고, 공립 방송통신고등학교에 두는 학과는 특별시·광역시·특별자치시·도 및 특별자치도(이하 ""시·도""라 한다)의 교육규칙으로 정한다.",위임,교육규칙,,rule
P01417,"② 방송통신중학교와 방송통신고등학교의 교과에 관하여는 「초·중등교육법 시행령」 제43조를 준용한다. 이 경우 각 교과의 교수(敎授) 요지, 과목, 수업시간수, 그 밖에 학습활동에 관한 사항은 국립 방송통신중학교 및 방송통신고등학교는 교육부장관이 정하고, 공립 방송통신중학교 및 방송통신고등학교는 시·도의 교육규칙으로 정한다.",인용,해당없음,,rule
P01418,시간수 및 시기는 교육부령으로 정한다,위임,부령,,rule
P01419,"② 방송통신중학교 또는 방송통신고등학교의 입학, 재입학, 퇴학, 전학, 편입학 및 휴학의 세부절차와 방법 등에 필요한 사항은 국립 방송통신중학교 및 방송통신고등학교는 교육부장관이 정하고, 공립 방송통신중학교 및 방송통신고등학교는 시·도의 교육규칙으로 정한다.",위임,교육규칙,,rule
P01420,"② 방송통신중학교 또는 방송통신고등학교의 입학, 재입학, 퇴학, 전학, 편입학 및 휴학의 세부절차와 방법 등에 필요한 사항은 국립 방송통신중학교 및 방송통신고등학교는 교육부장관이 정하고, 공립 방송통신중학교 및 방송통신고등학교는 시·도의 교육규칙으로 정한다.",위임,교육규칙,,rule
P01421,"② 방송통신중학교 또는 방송통신고등학교의 입학, 재입학, 퇴학, 전학, 편입학 및 휴학의 세부절차와 방법 등에 필요한 사항은 국립 방송통신중학교 및 방송통신고등학교는 교육부장관이 정하고, 공립 방송통신중학교 및 방송통신고등학교는 시·도의 교육규칙으로 정한다.",위임,교육규칙,,rule
P01422,"② 방송통신중학교 또는 방송통신고등학교의 입학, 재입학, 퇴학, 전학, 편입학 및 휴학의 세부절차와 방법 등에 필요한 사항은 국립 방송통신중학교 및 방송통신고등학교는 교육부장관이 정하고, 공립 방송통신중학교 및 방송통신고등학교는 시·도의 교육규칙으로 정한다.",위임,교육규칙,,rule
P01423,"② 방송통신중학교 또는 방송통신고등학교의 입학, 재입학, 퇴학, 전학, 편입학 및 휴학의 세부절차와 방법 등에 필요한 사항은 국립 방송통신중학교 및 방송통신고등학교는 교육부장관이 정하고, 공립 방송통신중학교 및 방송통신고등학교는 시·도의 교육규칙으로 정한다.",위임,교육규칙,,rule
P01424,"② 방송통신중학교 또는 방송통신고등학교의 입학, 재입학, 퇴학, 전학, 편입학 및 휴학의 세부절차와 방법 등에 필요한 사항은 국립 방송통신중학교 및 방송통신고등학교는 교육부장관이 정하고, 공립 방송통신중학교 및 방송통신고등학교는 시·도의 교육규칙으로 정한다.",위임,교육규칙,,rule
P01425,"② 방송통신중학교 또는 방송통신고등학교의 입학, 재입학, 퇴학, 전학, 편입학 및 휴학의 세부절차와 방법 등에 필요한 사항은 국립 방송통신중학교 및 방송통신고등학교는 교육부장관이 정하고, 공립 방송통신중학교 및 방송통신고등학교는 시·도의 교육규칙으로 정한다.",위임,교육규칙,,rule
P01426,"② 방송통신중학교 또는 방송통신고등학교의 입학, 재입학, 퇴학, 전학, 편입학 및 휴학의 세부절차와 방법 등에 필요한 사항은 국립 방송통신중학교 및 방송통신고등학교는 교육부장관이 정하고, 공립 방송통신중학교 및 방송통신고등학교는 시·도의 교육규칙으로 정한다.",위임,교육규칙,,rule
P01427,"② 방송통신중학교 또는 방송통신고등학교의 입학, 재입학, 퇴학, 전학, 편입학 및 휴학의 세부절차와 방법 등에 필요한 사항은 국립 방송통신중학교 및 방송통신고등학교는 교육부장관이 정하고, 공립 방송통신중학교 및 방송통신고등학교는 시·도의 교육규칙으로 정한다.",위임,교육규칙,,rule
P01428,"② 방송통신중학교 또는 방송통신고등학교의 입학, 재입학, 퇴학, 전학, 편입학 및 휴학의 세부절차와 방법 등에 필요한 사항은 국립 방송통신중학교 및 방송통신고등학교는 교육부장관이 정하고, 공립 방송통신중학교 및 방송통신고등학교는 시·도의 교육규칙으로 정한다.",위임,교육규칙,,rule
P01429,"② 방송통신중학교 또는 방송통신고등학교의 입학, 재입학, 퇴학, 전학, 편입학 및 휴학의 세부절차와 방법 등에 필요한 사항은 국립 방송통신중학교 및 방송통신고등학교는 교육부장관이 정하고, 공립 방송통신중학교 및 방송통신고등학교는 시·도의 교육규칙으로 정한다.",위임,교육규칙,,rule
P01430,"② 방송통신중학교 또는 방송통신고등학교의 입학, 재입학, 퇴학, 전학, 편입학 및 휴학의 세부절차와 방법 등에 필요한 사항은 국립 방송통신중학교 및 방송통신고등학교는 교육부장관이 정하고, 공립 방송통신중학교 및 방송통신고등학교는 시·도의 교육규칙으로 정한다.",위임,교육규칙,,rule
P01431,"② 방송통신중학교 또는 방송통신고등학교의 입학, 재입학, 퇴학, 전학, 편입학 및 휴학의 세부절차와 방법 등에 필요한 사항은 국립 방송통신중학교 및 방송통신고등학교는 교육부장관이 정하고, 공립 방송통신중학교 및 방송통신고등학교는 시·도의 교육규칙으로 정한다.",위임,교육규칙,,rule
P01432,"② 방송통신중학교 또는 방송통신고등학교의 입학, 재입학, 퇴학, 전학, 편입학 및 휴학의 세부절차와 방법 등에 필요한 사항은 국립 방송통신중학교 및 방송통신고등학교는 교육부장관이 정하고, 공립 방송통신중학교 및 방송통신고등학교는 시·도의 교육규칙으로 정한다.",위임,교육규칙,,rule
P01433,"② 방송통신중학교 또는 방송통신고등학교의 입학, 재입학, 퇴학, 전학, 편입학 및 휴학의 세부절차와 방법 등에 필요한 사항은 국립 방송통신중학교 및 방송통신고등학교는 교육부장관이 정하고, 공립 방송통신중학교 및 방송통신고등학교는 시·도의 교육규칙으로 정한다.",위임,교육규칙,,rule
P01434,"② 방송통신중학교 또는 방송통신고등학교의 입학, 재입학, 퇴학, 전학, 편입학 및 휴학의 세부절차와 방법 등에 필요한 사항은 국립 방송통신중학교 및 방송통신고등학교는 교육부장관이 정하고, 공립 방송통신중학교 및 방송통신고등학교는 시·도의 교육규칙으로 정한다.",위임,교육규칙,,rule
P01435,"② 공립 방송통신중학교 및 방송통신고등학교의 수업료등은 특별시·광역시·특별자치시·도 및 특별자치도(이하 ""시·도""라 한다)의 조례로 정한다. 다만, 수업료등의 금액은 해당 시·도의 조례에 따라 정해진 공립 고등학교의 수업료등의 금액보다 적어야 한다.",위임,조례,,rule
P01436,"② 공립 방송통신중학교 및 방송통신고등학교의 수업료등은 특별시·광역시·특별자치시·도 및 특별자치도(이하 ""시·도""라 한다)의 조례로 정한다. 다만, 수업료등의 금액은 해당 시·도의 조례에 따라 정해진 공립 고등학교의 수업료등의 금액보다 적어야 한다.",위임,조례,,rule
P01437,"② 공립 방송통신중학교 및 방송통신고등학교의 수업료등은 특별시·광역시·특별자치시·도 및 특별자치도(이하 ""시·도""라 한다)의 조례로 정한다. 다만, 수업료등의 금액은 해당 시·도의 조례에 따라 정해진 공립 고등학교의 수업료등의 금액보다 적어야 한다.",위임,조례,,rule
P01438,"② 공립 방송통신중학교 및 방송통신고등학교의 수업료등은 특별시·광역시·특별자치시·도 및 특별자치도(이하 ""시·도""라 한다)의 조례로 정한다. 다만, 수업료등의 금액은 해당 시·도의 조례에 따라 정해진 공립 고등학교의 수업료등의 금액보다 적어야 한다.",위임,조례,,rule
P01439,"② 공립 방송통신중학교 및 방송통신고등학교의 수업료등은 특별시·광역시·특별자치시·도 및 특별자치도(이하 ""시·도""라 한다)의 조례로 정한다. 다만, 수업료등의 금액은 해당 시·도의 조례에 따라 정해진 공립 고등학교의 수업료등의 금액보다 적어야 한다.",위임,조례,,rule
P01440,"② 공립 방송통신중학교 및 방송통신고등학교의 수업료등은 특별시·광역시·특별자치시·도 및 특별자치도(이하 ""시·도""라 한다)의 조례로 정한다. 다만, 수업료등의 금액은 해당 시·도의 조례에 따라 정해진 공립 고등학교의 수업료등의 금액보다 적어야 한다.",위임,조례,,rule
P01441,"② 공립 방송통신중학교 및 방송통신고등학교의 수업료등은 특별시·광역시·특별자치시·도 및 특별자치도(이하 ""시·도""라 한다)의 조례로 정한다. 다만, 수업료등의 금액은 해당 시·도의 조례에 따라 정해진 공립 고등학교의 수업료등의 금액보다 적어야 한다.",위임,조례,,rule
P01442,"② 공립 방송통신중학교 및 방송통신고등학교의 수업료등은 특별시·광역시·특별자치시·도 및 특별자치도(이하 ""시·도""라 한다)의 조례로 정한다. 다만, 수업료등의 금액은 해당 시·도의 조례에 따라 정해진 공립 고등학교의 수업료등의 금액보다 적어야 한다.",위임,조례,,rule
P01443,"② 공립 방송통신중학교 및 방송통신고등학교의 수업료등은 특별시·광역시·특별자치시·도 및 특별자치도(이하 ""시·도""라 한다)의 조례로 정한다. 다만, 수업료등의 금액은 해당 시·도의 조례에 따라 정해진 공립 고등학교의 수업료등의 금액보다 적어야 한다.",위임,조례,,rule
P01444,"② 공립 방송통신중학교 및 방송통신고등학교의 수업료등은 특별시·광역시·특별자치시·도 및 특별자치도(이하 ""시·도""라 한다)의 조례로 정한다. 다만, 수업료등의 금액은 해당 시·도의 조례에 따라 정해진 공립 고등학교의 수업료등의 금액보다 적어야 한다.",위임,조례,,rule
P01445,"② 공립 방송통신중학교 및 방송통신고등학교의 수업료등은 특별시·광역시·특별자치시·도 및 특별자치도(이하 ""시·도""라 한다)의 조례로 정한다. 다만, 수업료등의 금액은 해당 시·도의 조례에 따라 정해진 공립 고등학교의 수업료등의 금액보다 적어야 한다.",위임,조례,,rule
P01446,"② 공립 방송통신중학교 및 방송통신고등학교의 수업료등은 특별시·광역시·특별자치시·도 및 특별자치도(이하 ""시·도""라 한다)의 조례로 정한다. 다만, 수업료등의 금액은 해당 시·도의 조례에 따라 정해진 공립 고등학교의 수업료등의 금액보다 적어야 한다.",위임,조례,,rule
P01447,"② 공립 방송통신중학교 및 방송통신고등학교의 수업료등은 특별시·광역시·특별자치시·도 및 특별자치도(이하 ""시·도""라 한다)의 조례로 정한다. 다만, 수업료등의 금액은 해당 시·도의 조례에 따라 정해진 공립 고등학교의 수업료등의 금액보다 적어야 한다.",위임,조례,,rule
P01448,"② 공립 방송통신중학교 및 방송통신고등학교의 수업료등은 특별시·광역시·특별자치시·도 및 특별자치도(이하 ""시·도""라 한다)의 조례로 정한다. 다만, 수업료등의 금액은 해당 시·도의 조례에 따라 정해진 공립 고등학교의 수업료등의 금액보다 적어야 한다.",위임,조례,,rule
P01449,"② 공립 방송통신중학교 및 방송통신고등학교의 수업료등은 특별시·광역시·특별자치시·도 및 특별자치도(이하 ""시·도""라 한다)의 조례로 정한다. 다만, 수업료등의 금액은 해당 시·도의 조례에 따라 정해진 공립 고등학교의 수업료등의 금액보다 적어야 한다.",위임,조례,,rule
P01450,"② 공립 방송통신중학교 및 방송통신고등학교의 수업료등은 특별시·광역시·특별자치시·도 및 특별자치도(이하 ""시·도""라 한다)의 조례로 정한다. 다만, 수업료등의 금액은 해당 시·도의 조례에 따라 정해진 공립 고등학교의 수업료등의 금액보다 적어야 한다.",위임,조례,,rule
P01451,"② 공립 방송통신중학교 및 방송통신고등학교의 수업료등은 특별시·광역시·특별자치시·도 및 특별자치도(이하 ""시·도""라 한다)의 조례로 정한다. 다만, 수업료등의 금액은 해당 시·도의 조례에 따라 정해진 공립 고등학교의 수업료등의 금액보다 적어야 한다.",위임,조례,,rule
P01452,"② 공립 방송통신중학교 및 방송통신고등학교의 수업료등은 특별시·광역시·특별자치시·도 및 특별자치도(이하 ""시·도""라 한다)의 조례로 정한다. 다만, 수업료등의 금액은 해당 시·도의 조례에 따라 정해진 공립 고등학교의 수업료등의 금액보다 적어야 한다.",위임,조례,,rule
P01453,"② 공립 방송통신중학교 및 방송통신고등학교의 수업료등은 특별시·광역시·특별자치시·도 및 특별자치도(이하 ""시·도""라 한다)의 조례로 정한다. 다만, 수업료등의 금액은 해당 시·도의 조례에 따라 정해진 공립 고등학교의 수업료등의 금액보다 적어야 한다.",위임,조례,,rule
P01454,"② 공립 방송통신중학교 및 방송통신고등학교의 수업료등은 특별시·광역시·특별자치시·도 및 특별자치도(이하 ""시·도""라 한다)의 조례로 정한다. 다만, 수업료등의 금액은 해당 시·도의 조례에 따라 정해진 공립 고등학교의 수업료등의 금액보다 적어야 한다.",위임,조례,,rule
P01455,"② 공립 방송통신중학교 및 방송통신고등학교의 수업료등은 특별시·광역시·특별자치시·도 및 특별자치도(이하 ""시·도""라 한다)의 조례로 정한다. 다만, 수업료등의 금액은 해당 시·도의 조례에 따라 정해진 공립 고등학교의 수업료등의 금액보다 적어야 한다.",위임,조례,,rule
P01456,"② 공립 방송통신중학교 및 방송통신고등학교의 수업료등은 특별시·광역시·특별자치시·도 및 특별자치도(이하 ""시·도""라 한다)의 조례로 정한다. 다만, 수업료등의 금액은 해당 시·도의 조례에 따라 정해진 공립 고등학교의 수업료등의 금액보다 적어야 한다.",위임,조례,,rule
P01457,"② 공립 방송통신중학교 및 방송통신고등학교의 수업료등은 특별시·광역시·특별자치시·도 및 특별자치도(이하 ""시·도""라 한다)의 조례로 정한다. 다만, 수업료등의 금액은 해당 시·도의 조례에 따라 정해진 공립 고등학교의 수업료등의 금액보다 적어야 한다.",위임,조례,,rule
P01458,"② 공립 방송통신중학교 및 방송통신고등학교의 수업료등은 특별시·광역시·특별자치시·도 및 특별자치도(이하 ""시·도""라 한다)의 조례로 정한다. 다만, 수업료등의 금액은 해당 시·도의 조례에 따라 정해진 공립 고등학교의 수업료등의 금액보다 적어야 한다.",위임,조례,,rule
P01459,"② 공립 방송통신중학교 및 방송통신고등학교의 수업료등은 특별시·광역시·특별자치시·도 및 특별자치도(이하 ""시·도""라 한다)의 조례로 정한다. 다만, 수업료등의 금액은 해당 시·도의 조례에 따라 정해진 공립 고등학교의 수업료등의 금액보다 적어야 한다.",위임,조례,,rule
P01460,"② 공립 방송통신중학교 및 방송통신고등학교의 수업료등은 특별시·광역시·특별자치시·도 및 특별자치도(이하 ""시·도""라 한다)의 조례로 정한다. 다만, 수업료등의 금액은 해당 시·도의 조례에 따라 정해진 공립 고등학교의 수업료등의 금액보다 적어야 한다.",위임,조례,,rule
P01461,"② 공립 방송통신중학교 및 방송통신고등학교의 수업료등은 특별시·광역시·특별자치시·도 및 특별자치도(이하 ""시·도""라 한다)의 조례로 정한다. 다만, 수업료등의 금액은 해당 시·도의 조례에 따라 정해진 공립 고등학교의 수업료등의 금액보다 적어야 한다.",위임,조례,,rule
P01462,"② 공립 방송통신중학교 및 방송통신고등학교의 수업료등은 특별시·광역시·특별자치시·도 및 특별자치도(이하 ""시·도""라 한다)의 조례로 정한다. 다만, 수업료등의 금액은 해당 시·도의 조례에 따라 정해진 공립 고등학교의 수업료등의 금액보다 적어야 한다.",위임,조례,,rule
P01463,"② 공립 방송통신중학교 및 방송통신고등학교의 수업료등은 특별시·광역시·특별자치시·도 및 특별자치도(이하 ""시·도""라 한다)의 조례로 정한다. 다만, 수업료등의 금액은 해당 시·도의 조례에 따라 정해진 공립 고등학교의 수업료등의 금액보다 적어야 한다.",위임,조례,,rule
P01464,"② 공립 방송통신중학교 및 방송통신고등학교의 수업료등은 특별시·광역시·특별자치시·도 및 특별자치도(이하 ""시·도""라 한다)의 조례로 정한다. 다만, 수업료등의 금액은 해당 시·도의 조례에 따라 정해진 공립 고등학교의 수업료등의 금액보다 적어야 한다.",위임,조례,,rule
P01465,"② 공립 방송통신중학교 및 방송통신고등학교의 수업료등은 특별시·광역시·특별자치시·도 및 특별자치도(이하 ""시·도""라 한다)의 조례로 정한다. 다만, 수업료등의 금액은 해당 시·도의 조례에 따라 정해진 공립 고등학교의 수업료등의 금액보다 적어야 한다.",위임,조례,,rule
P01466,"② 공립 방송통신중학교 및 방송통신고등학교의 수업료등은 특별시·광역시·특별자치시·도 및 특별자치도(이하 ""시·도""라 한다)의 조례로 정한다. 다만, 수업료등의 금액은 해당 시·도의 조례에 따라 정해진 공립 고등학교의 수업료등의 금액보다 적어야 한다.",위임,조례,,rule
P01467,대통령령으로 정하는 중요 사항을,위임,대통령령,,rule
P01468,대통령령으로 정하는 중요 사항을,위임,대통령령,,rule
P01469,필요한 사항은 대통령령으로,위임,대통령령,,rule
P01470,필요한 사항은 대통령령으로,위임,대통령령,,rule
P01471,필요한 사항은 대통령령으로,위임,대통령령,,rule
P01472,필요한 사항은 대통령령으로,위임,대통령령,,rule
P01473,대통령령으로 정하는,위임,대통령령,,rule
P01474,필요한 사항은 대통령령으로 정한다,위임,대통령령,,rule
P01475,대통령령으로 정하는,위임,대통령령,,rule
P01476,대통령령으로 정하는 겸임교원,위임,대통령령,,rule
P01477,대통령령으로 정하는 바에,위임,대통령령,,rule
P01478,대통령령으로 정하는 시설을 갖추어야 한다,위임,대통령령,,rule
P01479,대통령령으로 정하는,위임,대통령령,,rule
P01480,대통령령으로 정하는,위임,대통령령,,rule
P01481,대통령령으로 정하는,위임,대통령령,,rule
P01482,대통령령으로 정하는,위임,대통령령,,rule
P01483,필요한 사항은 대통령령으로 정한다,위임,대통령령,,rule
P01484,대통령령으로 정하는,위임,대통령령,,rule
P01485,대통령령으로 정한다,위임,대통령령,,rule
P01486,대통령령으로 정한다,위임,대통령령,,rule
P01487,대통령령으로 정한다,위임,대통령령,,rule
P01488,④ 적성시험에 응시하고자 하는 사람은 교육부장관이 정하는 응시수수료를 납부하여야 한다.,위임,미특정,,rule
P01489,대통령령으로 정하는 바에 따라 제28조에 따른,위임,대통령령,,rule
P01490,대통령령으로 정하는,위임,대통령령,,rule
P01491,필요한 사항은 대통령령으로,위임,대통령령,,rule
P01492,필요한 사항은 대통령령으로 정한다,위임,대통령령,,rule
P01493,대통령령으로 정하는 중요 사항을 변경한 자,위임,대통령령,,rule
P01494,"납부한 응시수수료의 전액을, 제3호의 경우에는 교육부장관이 정하는 금액을 각각 반환한다.",위임,미특정,,rule
P01495,⑥ 응시수수료의 반환 절차 및 방법 등은 교육부장관이 정하는 바에 따른다.,위임,미특정,,rule
P01496,교육부령으로 정한다,위임,부령,,rule
P01497,교육부령으로 정한다,위임,부령,,rule
P01498,교육부령이 정하는,판단불가,해당없음,,rule
P01499,대통령령으로 정한다,위임,대통령령,,rule
P01500,대통령령으로 정한다,위임,대통령령,,rule
P01501,대통령령으로 정하는,위임,대통령령,,rule
P01502,대통령령으로 정하는,위임,대통령령,,rule
P01503,대통령령으로 정한다,위임,대통령령,,rule
P01504,대통령령으로 정한다,위임,대통령령,,rule
P01505,대통령령으로 정한다,위임,대통령령,,rule
P01506,사항은 대통령령으로,위임,대통령령,,rule
P01507,사항은 대통령령으로,위임,대통령령,,rule
P01508,사항은 대통령령으로,위임,대통령령,,rule
P01509,대통령령으로 정한다,위임,대통령령,,rule
P01510,대통령령으로 정한다,위임,대통령령,,rule
P01511,대통령령,판단불가,해당없음,,rule
P01512,대통령령,판단불가,해당없음,,rule
P01513,대통령령,판단불가,해당없음,,rule
P01514,대통령령,판단불가,해당없음,,rule
P01515,대통령령,판단불가,해당없음,,rule
P01516,대통령령으로 정하는 바에 따라 급여,위임,대통령령,,rule
P01517,대통령령으로 정하는 바에 따라 연금,위임,대통령령,,rule
P01518,대통령령,판단불가,해당없음,,rule
P01519,대통령령,판단불가,해당없음,,rule
P01520,대통령령,판단불가,해당없음,,rule
P01521,대통령령으로 정한다,위임,대통령령,,rule
P01522,대통령령으로 정한다,위임,대통령령,,rule
P01523,대통령령으로 정한다,위임,대통령령,,rule
P01524,대통령령으로 정한다,위임,대통령령,,rule
P01525,대통령령으로 정한다,위임,대통령령,,rule
P01526,대통령령으로 정한다,위임,대통령령,,rule
P01527,대통령령으로 정한다,위임,대통령령,,rule
P01528,대통령령으로 정한다,위임,대통령령,,rule
P01529,대통령령으로 정한다,위임,대통령령,,rule
P01530,대통령령으로 정하는,위임,대통령령,,rule
P01531,필요한 사항은 대통령령으로,위임,대통령령,,rule
P01532,대통령령으로 정하는,위임,대통령령,,rule
P01533,대통령령으로 정하는,위임,대통령령,,rule
P01534,대통령령으로 정하는,위임,대통령령,,rule
P01535,대통령령으로 정하는 바에,위임,대통령령,,rule
P01536,대통령령으로 정하는 이자를,위임,대통령령,,rule
P01537,대통령령으로 정한다,위임,대통령령,,rule
P01538,대통령령으로 정한다,위임,대통령령,,rule
P01539,필요한 사항은 대통령령으로,위임,대통령령,,rule
P01540,대통령령으로 정하는,위임,대통령령,,rule
P01541,사항은 대통령령으로,위임,대통령령,,rule
P01542,대통령령으로 정하는 금액을,위임,대통령령,,rule
P01543,대통령령으로 정하는,위임,대통령령,,rule
P01544,지급방법은 대통령령으로,위임,대통령령,,rule
P01545,대통령령으로 정하는,위임,대통령령,,rule
P01546,급여액에 대통령령으로,위임,대통령령,,rule
P01547,경우에는 대통령령으로,위임,대통령령,,rule
P01548,대통령령으로 정하는 금융기관에,위임,대통령령,,rule
P01549,대통령령으로 정하는,위임,대통령령,,rule
P01550,대통령령으로 정하는,위임,대통령령,,rule
P01551,많은 경우에는 대통령령으로,위임,대통령령,,rule
P01552,아니한 경우에는 대통령령으로,위임,대통령령,,rule
P01553,원금으로 하고 대통령령으로,위임,대통령령,,rule
P01554,대통령령으로 정하는,위임,대통령령,,rule
P01555,대통령령으로 정한다,위임,대통령령,,rule
P01556,대통령령으로 정하는,위임,대통령령,,rule
P01557,필요한 사항은 대통령령으로,위임,대통령령,,rule
P01558,대통령령으로 정하는,위임,대통령령,,rule
P01559,대통령령으로 정하는,위임,대통령령,,rule
P01560,대통령령으로 정한다,위임,대통령령,,rule
P01561,대통령령으로 정하는,위임,대통령령,,rule
P01562,필요한 사항은 대통령령으로,위임,대통령령,,rule
P01563,필요한 사항은 대통령령으로,위임,대통령령,,rule
P01564,필요한 사항은 대통령령으로,위임,대통령령,,rule
P01565,필요한 사항은 대통령령으로,위임,대통령령,,rule
P01566,필요한 사항은 대통령령으로,위임,대통령령,,rule
P01567,필요한 사항은 대통령령으로,위임,대통령령,,rule
P01568,필요한 사항은 대통령령으로,위임,대통령령,,rule
P01569,필요한 사항은 대통령령으로,위임,대통령령,,rule
P01570,필요한 사항은 대통령령으로,위임,대통령령,,rule
P01571,필요한 사항은 대통령령으로,위임,대통령령,,rule
P01572,필요한 사항은 대통령령으로,위임,대통령령,,rule
P01573,대통령령으로 정하는,위임,대통령령,,rule
P01574,대통령령으로 정하는,위임,대통령령,,rule
P01575,대통령령으로 정하는,위임,대통령령,,rule
P01576,필요한 사항은 대통령령으로,위임,대통령령,,rule
P01577,필요한 사항은 대통령령으로,위임,대통령령,,rule
P01578,필요한 사항은 대통령령으로,위임,대통령령,,rule
P01579,필요한 사항은 대통령령으로,위임,대통령령,,rule
P01580,필요한 사항은 대통령령으로,위임,대통령령,,rule
P01581,대통령령으로 정하는,위임,대통령령,,rule
P01582,교육부령으로 정한다,위임,부령,,rule
P01583,④ 제1항부터 제3항까지의 규정과 관련하여 다음 각 호의 사항은 교육부장관이 정한다.,판단불가,해당없음,,rule
P01584,"① 법 제2조제1항제4호에 따른 소득의 범위는 교직원이 소속 학교 및 학교경영기관(이하 ""학교기관""이라 한다)에서 일정기간 재직하고 지급받은 「소득세법」 제20조제1항제1호에 따른 근로소득으로서 전년도에 발생한 것을 말한다. 다만, 교육부장관은 학교기관에서 지급받은 근로소득 중 부담금 및 급여 산정을 위한 소득에 포함하는 것이 적절하지 아니하다고 인정되는 수당 등에 대하여 이를 달리 정할 수 있다. &lt;개정 2012.1.26, 2013.3.23&gt;",판단불가,해당없음,,rule
P01585,관한 기준은 대통령령으로,위임,대통령령,,rule
P01586,관한 기준은 대통령령으로,위임,대통령령,,rule
P01587,관한 기준은 대통령령으로,위임,대통령령,,rule
P01588,관한 기준은 대통령령으로,위임,대통령령,,rule
P01589,대통령령으로 정하는 서류를,위임,대통령령,,rule
P01590,때에는 대통령령으로,위임,대통령령,,rule
P01591,작성하여 대통령령으로,위임,대통령령,,rule
P01592,작성하여 대통령령으로,위임,대통령령,,rule
P01593,학교법인의 경우에는 대통령령으로,위임,대통령령,,rule
P01594,대통령령으로 정하는 일정 금액,위임,대통령령,,rule
P01595,대통령령으로 정하는 종교지도자 양성만을,위임,대통령령,,rule
P01596,대통령령으로 정하는,위임,대통령령,,rule
P01597,대통령령으로 정하는,위임,대통령령,,rule
P01598,대통령령으로 정하는 사항에,위임,대통령령,,rule
P01599,대통령령으로 정한다,위임,대통령령,,rule
P01600,교육부장관이 정하는 바에 따라 인적사항을 공개하여야 한다.,위임,미특정,,rule
P01601,대통령령으로 정한다,위임,대통령령,,rule
P01602,대통령령으로 정하는,위임,대통령령,,rule
P01603,대통령령으로 정하는,위임,대통령령,,rule
P01604,대통령령으로 정하는,위임,대통령령,,rule
P01605,대통령령으로 정한다,위임,대통령령,,rule
P01606,대통령령으로 정한다,위임,대통령령,,rule
P01607,대통령령으로 정한다,위임,대통령령,,rule
P01608,대통령령으로 정한다,위임,대통령령,,rule
P01609,대통령령으로 정한다,위임,대통령령,,rule
P01610,대통령령으로 정한다,위임,대통령령,,rule
P01611,대통령령으로 정한다,위임,대통령령,,rule
P01612,대통령령으로 정하는,위임,대통령령,,rule
P01613,대통령령으로 정하는,위임,대통령령,,rule
P01614,범위는 대통령령으로,위임,대통령령,,rule
P01615,범위는 대통령령으로,위임,대통령령,,rule
P01616,대통령령으로 정하는,위임,대통령령,,rule
P01617,대통령령으로 정하는,위임,대통령령,,rule
P01618,대통령령으로 정하는,위임,대통령령,,rule
P01619,대통령령으로 정하는,위임,대통령령,,rule
P01620,대통령령으로 정하되,위임,대통령령,,rule
P01621,대통령령으로 정하는,위임,대통령령,,rule
P01622,대통령령으로 정하는,위임,대통령령,,rule
P01623,대통령령으로 정하는,위임,대통령령,,rule
P01624,대통령령으로 정하는,위임,대통령령,,rule
P01625,대통령령으로 정하는,위임,대통령령,,rule
P01626,대통령령으로 정한다,위임,대통령령,,rule
P01627,대통령령으로 정하는,위임,대통령령,,rule
P01628,대통령령으로 정한다,위임,대통령령,,rule
P01629,종류와 서식은 교육부령으로,위임,부령,,rule
P01630,대통령령으로 정하는,위임,대통령령,,rule
P01631,대통령령으로 정하는,위임,대통령령,,rule
P01632,대통령령으로 정하는,위임,대통령령,,rule
P01633,교육부령으로 정한다,위임,부령,,rule
P01634,교육부령으로 정한다,위임,부령,,rule
P01635,사항은 대통령령으로,위임,대통령령,,rule
P01636,사항은 대통령령으로,위임,대통령령,,rule
P01637,사항은 대통령령으로,위임,대통령령,,rule
P01638,사항은 대통령령으로,위임,대통령령,,rule
P01639,대통령령으로 정하는,위임,대통령령,,rule
P01640,지원하기 위하여 대통령령,판단불가,해당없음,,rule
P01641,① 국가 또는 지방자치단체는 교육 진흥에 필요하다고 인정할 때에는 사립학교 교육을 지원하기 위하여 대통령령 또는 해당 지방자치단체의 조례로 정하는 바에 따라 보조를 신청한 학교법인 또는 사학지원단체에 보조금을 교부하거나 그 밖의 지원을 할 수 있다.,위임,조례,,rule
P01642,① 국가 또는 지방자치단체는 교육 진흥에 필요하다고 인정할 때에는 사립학교 교육을 지원하기 위하여 대통령령 또는 해당 지방자치단체의 조례로 정하는 바에 따라 보조를 신청한 학교법인 또는 사학지원단체에 보조금을 교부하거나 그 밖의 지원을 할 수 있다.,위임,조례,,rule
P01643,① 국가 또는 지방자치단체는 교육 진흥에 필요하다고 인정할 때에는 사립학교 교육을 지원하기 위하여 대통령령 또는 해당 지방자치단체의 조례로 정하는 바에 따라 보조를 신청한 학교법인 또는 사학지원단체에 보조금을 교부하거나 그 밖의 지원을 할 수 있다.,위임,조례,,rule
P01644,① 국가 또는 지방자치단체는 교육 진흥에 필요하다고 인정할 때에는 사립학교 교육을 지원하기 위하여 대통령령 또는 해당 지방자치단체의 조례로 정하는 바에 따라 보조를 신청한 학교법인 또는 사학지원단체에 보조금을 교부하거나 그 밖의 지원을 할 수 있다.,위임,조례,,rule
P01645,① 국가 또는 지방자치단체는 교육 진흥에 필요하다고 인정할 때에는 사립학교 교육을 지원하기 위하여 대통령령 또는 해당 지방자치단체의 조례로 정하는 바에 따라 보조를 신청한 학교법인 또는 사학지원단체에 보조금을 교부하거나 그 밖의 지원을 할 수 있다.,위임,조례,,rule
P01646,① 국가 또는 지방자치단체는 교육 진흥에 필요하다고 인정할 때에는 사립학교 교육을 지원하기 위하여 대통령령 또는 해당 지방자치단체의 조례로 정하는 바에 따라 보조를 신청한 학교법인 또는 사학지원단체에 보조금을 교부하거나 그 밖의 지원을 할 수 있다.,위임,조례,,rule
P01647,① 국가 또는 지방자치단체는 교육 진흥에 필요하다고 인정할 때에는 사립학교 교육을 지원하기 위하여 대통령령 또는 해당 지방자치단체의 조례로 정하는 바에 따라 보조를 신청한 학교법인 또는 사학지원단체에 보조금을 교부하거나 그 밖의 지원을 할 수 있다.,위임,조례,,rule
P01648,① 국가 또는 지방자치단체는 교육 진흥에 필요하다고 인정할 때에는 사립학교 교육을 지원하기 위하여 대통령령 또는 해당 지방자치단체의 조례로 정하는 바에 따라 보조를 신청한 학교법인 또는 사학지원단체에 보조금을 교부하거나 그 밖의 지원을 할 수 있다.,위임,조례,,rule
P01649,① 국가 또는 지방자치단체는 교육 진흥에 필요하다고 인정할 때에는 사립학교 교육을 지원하기 위하여 대통령령 또는 해당 지방자치단체의 조례로 정하는 바에 따라 보조를 신청한 학교법인 또는 사학지원단체에 보조금을 교부하거나 그 밖의 지원을 할 수 있다.,위임,조례,,rule
P01650,① 국가 또는 지방자치단체는 교육 진흥에 필요하다고 인정할 때에는 사립학교 교육을 지원하기 위하여 대통령령 또는 해당 지방자치단체의 조례로 정하는 바에 따라 보조를 신청한 학교법인 또는 사학지원단체에 보조금을 교부하거나 그 밖의 지원을 할 수 있다.,위임,조례,,rule
P01651,① 국가 또는 지방자치단체는 교육 진흥에 필요하다고 인정할 때에는 사립학교 교육을 지원하기 위하여 대통령령 또는 해당 지방자치단체의 조례로 정하는 바에 따라 보조를 신청한 학교법인 또는 사학지원단체에 보조금을 교부하거나 그 밖의 지원을 할 수 있다.,위임,조례,,rule
P01652,① 국가 또는 지방자치단체는 교육 진흥에 필요하다고 인정할 때에는 사립학교 교육을 지원하기 위하여 대통령령 또는 해당 지방자치단체의 조례로 정하는 바에 따라 보조를 신청한 학교법인 또는 사학지원단체에 보조금을 교부하거나 그 밖의 지원을 할 수 있다.,위임,조례,,rule
P01653,① 국가 또는 지방자치단체는 교육 진흥에 필요하다고 인정할 때에는 사립학교 교육을 지원하기 위하여 대통령령 또는 해당 지방자치단체의 조례로 정하는 바에 따라 보조를 신청한 학교법인 또는 사학지원단체에 보조금을 교부하거나 그 밖의 지원을 할 수 있다.,위임,조례,,rule
P01654,① 국가 또는 지방자치단체는 교육 진흥에 필요하다고 인정할 때에는 사립학교 교육을 지원하기 위하여 대통령령 또는 해당 지방자치단체의 조례로 정하는 바에 따라 보조를 신청한 학교법인 또는 사학지원단체에 보조금을 교부하거나 그 밖의 지원을 할 수 있다.,위임,조례,,rule
P01655,① 국가 또는 지방자치단체는 교육 진흥에 필요하다고 인정할 때에는 사립학교 교육을 지원하기 위하여 대통령령 또는 해당 지방자치단체의 조례로 정하는 바에 따라 보조를 신청한 학교법인 또는 사학지원단체에 보조금을 교부하거나 그 밖의 지원을 할 수 있다.,위임,조례,,rule
P01656,① 국가 또는 지방자치단체는 교육 진흥에 필요하다고 인정할 때에는 사립학교 교육을 지원하기 위하여 대통령령 또는 해당 지방자치단체의 조례로 정하는 바에 따라 보조를 신청한 학교법인 또는 사학지원단체에 보조금을 교부하거나 그 밖의 지원을 할 수 있다.,위임,조례,,rule
P01657,① 국가 또는 지방자치단체는 교육 진흥에 필요하다고 인정할 때에는 사립학교 교육을 지원하기 위하여 대통령령 또는 해당 지방자치단체의 조례로 정하는 바에 따라 보조를 신청한 학교법인 또는 사학지원단체에 보조금을 교부하거나 그 밖의 지원을 할 수 있다.,위임,조례,,rule
P01658,① 국가 또는 지방자치단체는 교육 진흥에 필요하다고 인정할 때에는 사립학교 교육을 지원하기 위하여 대통령령 또는 해당 지방자치단체의 조례로 정하는 바에 따라 보조를 신청한 학교법인 또는 사학지원단체에 보조금을 교부하거나 그 밖의 지원을 할 수 있다.,위임,조례,,rule
P01659,정관을 변경한 경우에는 교육부장관이 정하여 고시하는 서류를 갖추어,위임,미특정,,rule
P01660,대통령령으로 정하는,위임,대통령령,,rule
P01661,대통령령으로 정한다,위임,대통령령,,rule
P01662,대통령령으로 정한다,위임,대통령령,,rule
P01663,대통령령으로 정하는,위임,대통령령,,rule
P01664,허가를 받아 대통령령으로,위임,대통령령,,rule
P01665,필요한 사항은 대통령령으로,위임,대통령령,,rule
P01666,필요한 사항은 대통령령으로,위임,대통령령,,rule
P01667,대통령령으로 정한다,위임,대통령령,,rule
P01668,대통령령으로 정한다,위임,대통령령,,rule
P01669,대통령령으로 정한다,위임,대통령령,,rule
P01670,대통령령으로 정하는,위임,대통령령,,rule
P01671,대통령령으로 정한다,위임,대통령령,,rule
P01672,사항은 대통령령으로,위임,대통령령,,rule
P01673,대통령령으로 정하는,위임,대통령령,,rule
P01674,대통령령으로 정한다,위임,대통령령,,rule
P01675,대통령령으로 정한다,위임,대통령령,,rule
P01676,대통령령으로 정한다,위임,대통령령,,rule
P01677,대통령령으로 정한다,위임,대통령령,,rule
P01678,대통령령으로 정한다,위임,대통령령,,rule
P01679,대통령령으로 정하는,위임,대통령령,,rule
P01680,대통령령으로 정하는,위임,대통령령,,rule
P01681,대통령령으로 정하는 기간,위임,대통령령,,rule
P01682,대통령령으로 정하는 사유에,위임,대통령령,,rule
P01683,대통령령으로 정한다,위임,대통령령,,rule
P01684,권한은 그 일부를 대통령령으로,위임,대통령령,,rule
P01685,친족관계에 있는 교직원을 교육부장관이 정하는 바에 따라 공개하여야 한다.,위임,미특정,,rule
P01686,대통령령으로 정한다,위임,대통령령,,rule
P01687,대통령령으로 정하는,위임,대통령령,,rule
P01688,학교의 교육과정 등을 확인하여 제6항에 따른 학교법인을 고시한다.,판단불가,해당없음,,rule
P01689,담보로 제공해도 교육에 지장을 주지 않는 경우로서 교육부장관이 정하여 고시하는 기준에 해당하는 재산,위임,미특정,,rule
P01690,특별한 사유 없이 선정기준일부터 2주 이내에 감사계약을 체결하지 않은 경우 등 교육부장관이 정하여 고시하는 사유에 해당하는 경우,위임,미특정,,rule
P01691,그 밖에 지정외부감사대상학교법인의 선정 또는 지정외부감사인의 지정에 필요한 세부사항은 교육부장관이 정하여 고시한다.,위임,미특정,,rule
P01692,법 제31조제4항 후단에 따른 외부감사인을 부당하게 교체하는 등 교육부장관이 정하여 고시하는 사유에 해당하는 학교법인,위임,미특정,,rule
P01693,지정외부감사대상학교법인으로 선정하기 어려운 사정이 있다고 인정되는 경우 등 교육부장관이 정하여 고시하는 사유에 해당하는 학교법인,위임,미특정,,rule
P01694,선정기준일 3개월 전까지 교육부장관이 정하여 고시하는 신청서류를 교육부장관에게 제출해야 한다.,위임,미특정,,rule
P01695,감사대상자에게 부당한 비용 부담을 요구하는 경우 등 교육부장관이 정하여 고시하는 사유에 해당하는 자,위임,미특정,,rule
P01696,교육부장관이 금융위원회와 협의하여 고시로 정하는 기준,위임,고시,,rule
P01697,교육부장관이 금융위원회와 협의하여 정하고 이를 고시한다.,판단불가,해당없음,,rule
P01698,필요한 사항은 교육부령으로,위임,부령,,rule
P01699,제1항제2호 및 제3호에 따른 기록물의 세부 범위는 교육부장관이 정하여 고시한다,위임,미특정,,rule
P01700,교원의 임용 보고를 할 경우에는 교육부장관이 정하여 고시하는 서식에 따른다.,위임,미특정,,rule
P01701,교육부령으로 정하는 기준에,위임,부령,,rule
P01702,문책기준은 교육부령으로,위임,부령,,rule
P01703,교육부령으로 정하는,위임,부령,,rule
P01704,교육부령으로 정하는,위임,부령,,rule
P01705,교육부령으로 정한다,위임,부령,,rule
P01706,원격교육 설비의 세부 기준은 제6조제3항 각 호에 따라 산정되는 학생수를 기준으로 교육부장관이 정하여 고시한다.,위임,미특정,,rule
P01707,대통령령으로 정하는 고등학교,위임,대통령령,,rule
P01708,대통령령으로 정하는 기관,위임,대통령령,,rule
P01709,대통령령으로 정하는,위임,대통령령,,rule
P01710,대통령령으로 정하는,위임,대통령령,,rule
P01711,대통령령으로 정하는,위임,대통령령,,rule
P01712,대통령령으로 정한다,위임,대통령령,,rule
P01713,세부사항은 대통령령으로,위임,대통령령,,rule
P01714,교육부령으로 정하는,위임,부령,,rule
P01715,에 필요한 사항은 대통령령으로 정한다.,위임,대통령령,,rule
P01716,대통령령으로 정하는,위임,대통령령,,rule
P01717,대통령령으로 정하는,위임,대통령령,,rule
P01718,사항은 대통령령으로,위임,대통령령,,rule
P01719,사항은 대통령령으로,위임,대통령령,,rule
P01720,사항은 대통령령으로,위임,대통령령,,rule
P01721,사항은 대통령령으로,위임,대통령령,,rule
P01722,사항은 대통령령으로,위임,대통령령,,rule
P01723,대통령령으로 정하는,위임,대통령령,,rule
P01724,대통령령으로 정하는,위임,대통령령,,rule
P01725,사항은 대통령령으로,위임,대통령령,,rule
P01726,대통령령으로 정한다,위임,대통령령,,rule
P01727,대통령령으로 정한다,위임,대통령령,,rule
P01728,대통령령으로 정하는,위임,대통령령,,rule
P01729,대통령령으로 정하는,위임,대통령령,,rule
P01730,대통령령으로 정하는,위임,대통령령,,rule
P01731,사항은 대통령령으로,위임,대통령령,,rule
P01732,대통령령으로 정한다,위임,대통령령,,rule
P01733,대통령령으로 정한다,위임,대통령령,,rule
P01734,1. 대통령령으로 정하는 중앙행정기관의,위임,대통령령,,rule
P01735,필요한 사항은 대통령령으로,위임,대통령령,,rule
P01736,필요한 사항은 대통령령으로,위임,대통령령,,rule
P01737,필요한 사항은 대통령령으로,위임,대통령령,,rule
P01738,필요한 사항은 대통령령으로,위임,대통령령,,rule
P01739,필요한 사항은 대통령령으로,위임,대통령령,,rule
P01740,필요한 사항은 대통령령으로,위임,대통령령,,rule
P01741,필요한 사항은 대통령령으로,위임,대통령령,,rule
P01742,대통령령으로 정하는,위임,대통령령,,rule
P01743,대통령령으로 정하는,위임,대통령령,,rule
P01744,대통령령으로 정하고,위임,대통령령,,rule
P01745,"② 제1항에 따른 보조금의 지급기준 등에 관하여 필요한 사항은 국가가 보조하는 경우에는 대통령령으로 정하고, 지방자치단체가 보조하는 경우에는 그 지방자치단체의 조례로 정한다.",위임,대통령령|조례,,rule
P01746,대통령령으로 정하는,위임,대통령령,,rule
P01747,대통령령으로 정한다,위임,대통령령,,rule
P01748,대통령령으로 정한다,위임,대통령령,,rule
P01749,대통령령으로 정하는,위임,대통령령,,rule
P01750,대통령령으로 정하는,위임,대통령령,,rule
P01751,대통령령으로 정하는,위임,대통령령,,rule
P01752,대통령령으로 정하는,위임,대통령령,,rule
P01753,대통령령으로 정한다,위임,대통령령,,rule
P01754,대통령령으로 정한다,위임,대통령령,,rule
P01755,대통령령으로 정한다,위임,대통령령,,rule
P01756,대통령령으로 정한다,위임,대통령령,,rule
P01757,대통령령으로 정한다,위임,대통령령,,rule
P01758,대통령령으로 정한다,위임,대통령령,,rule
P01759,대통령령으로 정한다,위임,대통령령,,rule
P01760,대통령령으로 정한다,위임,대통령령,,rule
P01761,대통령령으로 정한다,위임,대통령령,,rule
P01762,대통령령으로 정한다,위임,대통령령,,rule
P01763,대통령령으로 정한다,위임,대통령령,,rule
P01764,대통령령으로 정한다,위임,대통령령,,rule
P01765,대통령령으로 정한다,위임,대통령령,,rule
P01766,대통령령으로 정한다,위임,대통령령,,rule
P01767,대통령령으로 정한다,위임,대통령령,,rule
P01768,대통령령으로 정하는,위임,대통령령,,rule
P01769,교육부령으로 정한다,위임,부령,,rule
P01770,교육부령으로 정한다,위임,부령,,rule
P01771,대통령령으로 정하는,위임,대통령령,,rule
P01772,대통령령으로 정하는,위임,대통령령,,rule
P01773,교육부령으로 정하는,위임,부령,,rule
P01774,대통령령으로 정하는,위임,대통령령,,rule
P01775,대통령령으로 정하는,위임,대통령령,,rule
P01776,대통령령으로 정하는,위임,대통령령,,rule
P01777,대통령령으로 정한다,위임,대통령령,,rule
P01778,대통령령으로 정하는,위임,대통령령,,rule
P01779,대통령령으로 정하는,위임,대통령령,,rule
P01780,대통령령으로 정한다,위임,대통령령,,rule
P01781,대통령령으로 정한다,위임,대통령령,,rule
P01782,대통령령으로 정한다,위임,대통령령,,rule
P01783,대통령령으로 정하는,위임,대통령령,,rule
P01784,대통령령으로 정하는,위임,대통령령,,rule
P01785,계약학과등의 설치·운영에 필요한 사항은 교육부장관이 정하여 고시한다.,위임,미특정,,rule
P01786,교육부령으로 정하는,위임,부령,,rule
P01787,교육부령으로 정하는,위임,부령,,rule
P01788,③ 제1항 및 제2항에서 규정한 사항 외에 현장실습 운영에 관한 세부사항은 교육부장관이 정하여 고시한다.,위임,미특정,,rule
P01789,③ 제1항 및 제2항에서 규정한 사항 외에 현장실습 운영에 관한 세부사항은 교육부장관이 정하여 고시한다.,위임,미특정,,rule
P01790,교육부령으로 정하는 지정신청서에,위임,부령,,rule
P01791,4. 그 밖에 교육부령으로 정하는 서류,위임,부령,,rule
P01792,지정을 신청한 기관 또는 단체에 교육부령으로 ,위임,부령,,rule
P01793,재무제표 작성에 필요한 세부 사항은 교육부장관이 정하여 고시한다.,위임,미특정,,rule
P01794,국가데이터처장이 고시하는 한국표준산업분류에 따른 사업종목 중 별표에 규정된,판단불가,해당없음,,rule
P01795,예산 편성·집행에 필요한 세부 사항은 교육부장관이 정하여 고시한다.,위임,미특정,,rule
P01796,연결재무제표의 작성에 필요한 세부 사항은 교육부장관이 정하여 고시한다.,위임,미특정,,rule
P01797,그 밖에 설립인가와 관련하여 교육부장관이 필요하다고 인정하는 서류,판단불가,해당없음,,rule
P01798,기술지주회사 설립인가에 필요한 사항은 교육부장관이 정하여 고시한다.,위임,미특정,,rule
P01799,그 밖에 변경인가와 관련하여 교육부장관이 필요하다고 인정하는 서류,판단불가,해당없음,,rule
P01800,대통령령으로 정한다,위임,대통령령,,rule
P01801,대통령령으로 정한다,위임,대통령령,,rule
P01802,대통령령으로 정한다,위임,대통령령,,rule
P01803,대통령령으로 정한다,위임,대통령령,,rule
P01804,필요한 사항은 대통령령으로,위임,대통령령,,rule
P01805,대통령령으로 정하는,위임,대통령령,,rule
P01806,사항은 대통령령으로,위임,대통령령,,rule
P01807,대통령령으로 정하는,위임,대통령령,,rule
P01808,대통령령으로 정하는 바에,위임,대통령령,,rule
P01809,대통령령으로 정한다,위임,대통령령,,rule
P01810,대통령령으로 정한다,위임,대통령령,,rule
P01811,대통령령으로 정한다,위임,대통령령,,rule
P01812,대통령령으로 정한다,위임,대통령령,,rule
P01813,필요한 사항은 대통령령으로,위임,대통령령,,rule
P01814,대통령령으로 정하는 사람의,위임,대통령령,,rule
P01815,사항은 대통령령으로,위임,대통령령,,rule
P01816,대통령령으로 정하는,위임,대통령령,,rule
P01817,대통령령으로 정하는 바에,위임,대통령령,,rule
P01818,대통령령으로 정하는,위임,대통령령,,rule
P01819,대통령령으로 정한다,위임,대통령령,,rule
P01820,대통령령으로 정한다,위임,대통령령,,rule
P01821,대통령령으로 정한다,위임,대통령령,,rule
P01822,대통령령으로 정한다,위임,대통령령,,rule
P01823,대통령령으로 정한다,위임,대통령령,,rule
P01824,대통령령으로 정한다,위임,대통령령,,rule
P01825,대통령령으로 정한다,위임,대통령령,,rule
P01826,대통령령으로 정한다,위임,대통령령,,rule
P01827,대통령령으로 정한다,위임,대통령령,,rule
P01828,대통령령으로 정한다,위임,대통령령,,rule
P01829,대통령령으로 정한다,위임,대통령령,,rule
P01830,바. 그 밖에 어린이가 자주 왕래하는 곳으로서 조례로 정하는 시설 또는 장소,위임,조례,,rule
P01831,마. 그 밖에 노인이 자주 왕래하는 곳으로서 조례로 정하는 시설 또는 장소,위임,조례,,rule
P01832,바. 그 밖에 어린이가 자주 왕래하는 곳으로서 조례로 정하는 시설 또는 장소,위임,조례,,rule
P01833,마. 그 밖에 노인이 자주 왕래하는 곳으로서 조례로 정하는 시설 또는 장소,위임,조례,,rule
P01834,바. 그 밖에 어린이가 자주 왕래하는 곳으로서 조례로 정하는 시설 또는 장소,위임,조례,,rule
P01835,바. 그 밖에 어린이가 자주 왕래하는 곳으로서 조례로 정하는 시설 또는 장소,위임,조례,,rule
P01836,마. 그 밖에 노인이 자주 왕래하는 곳으로서 조례로 정하는 시설 또는 장소,위임,조례,,rule
P01837,마. 그 밖에 노인이 자주 왕래하는 곳으로서 조례로 정하는 시설 또는 장소,위임,조례,,rule
P01838,바. 그 밖에 어린이가 자주 왕래하는 곳으로서 조례로 정하는 시설 또는 장소,위임,조례,,rule
P01839,마. 그 밖에 노인이 자주 왕래하는 곳으로서 조례로 정하는 시설 또는 장소,위임,조례,,rule
P01840,바. 그 밖에 어린이가 자주 왕래하는 곳으로서 조례로 정하는 시설 또는 장소,위임,조례,,rule
P01841,바. 그 밖에 어린이가 자주 왕래하는 곳으로서 조례로 정하는 시설 또는 장소,위임,조례,,rule
P01842,바. 그 밖에 어린이가 자주 왕래하는 곳으로서 조례로 정하는 시설 또는 장소,위임,조례,,rule
P01843,바. 그 밖에 어린이가 자주 왕래하는 곳으로서 조례로 정하는 시설 또는 장소,위임,조례,,rule
P01844,바. 그 밖에 어린이가 자주 왕래하는 곳으로서 조례로 정하는 시설 또는 장소,위임,조례,,rule
P01845,바. 그 밖에 어린이가 자주 왕래하는 곳으로서 조례로 정하는 시설 또는 장소,위임,조례,,rule
P01846,바. 그 밖에 어린이가 자주 왕래하는 곳으로서 조례로 정하는 시설 또는 장소,위임,조례,,rule
P01847,바. 그 밖에 어린이가 자주 왕래하는 곳으로서 조례로 정하는 시설 또는 장소,위임,조례,,rule
P01848,바. 그 밖에 어린이가 자주 왕래하는 곳으로서 조례로 정하는 시설 또는 장소,위임,조례,,rule
P01849,마. 그 밖에 노인이 자주 왕래하는 곳으로서 조례로 정하는 시설 또는 장소,위임,조례,,rule
P01850,바. 그 밖에 어린이가 자주 왕래하는 곳으로서 조례로 정하는 시설 또는 장소,위임,조례,,rule
P01851,바. 그 밖에 어린이가 자주 왕래하는 곳으로서 조례로 정하는 시설 또는 장소,위임,조례,,rule
P01852,마. 그 밖에 노인이 자주 왕래하는 곳으로서 조례로 정하는 시설 또는 장소,위임,조례,,rule
P01853,바. 그 밖에 어린이가 자주 왕래하는 곳으로서 조례로 정하는 시설 또는 장소,위임,조례,,rule
P01854,바. 그 밖에 어린이가 자주 왕래하는 곳으로서 조례로 정하는 시설 또는 장소,위임,조례,,rule
P01855,바. 그 밖에 어린이가 자주 왕래하는 곳으로서 조례로 정하는 시설 또는 장소,위임,조례,,rule
P01856,마. 그 밖에 노인이 자주 왕래하는 곳으로서 조례로 정하는 시설 또는 장소,위임,조례,,rule
P01857,바. 그 밖에 어린이가 자주 왕래하는 곳으로서 조례로 정하는 시설 또는 장소,위임,조례,,rule
P01858,바. 그 밖에 어린이가 자주 왕래하는 곳으로서 조례로 정하는 시설 또는 장소,위임,조례,,rule
P01859,바. 그 밖에 어린이가 자주 왕래하는 곳으로서 조례로 정하는 시설 또는 장소,위임,조례,,rule
P01860,바. 그 밖에 어린이가 자주 왕래하는 곳으로서 조례로 정하는 시설 또는 장소,위임,조례,,rule
P01861,바. 그 밖에 어린이가 자주 왕래하는 곳으로서 조례로 정하는 시설 또는 장소,위임,조례,,rule
P01862,바. 그 밖에 어린이가 자주 왕래하는 곳으로서 조례로 정하는 시설 또는 장소,위임,조례,,rule
P01863,바. 그 밖에 어린이가 자주 왕래하는 곳으로서 조례로 정하는 시설 또는 장소,위임,조례,,rule
P01864,바. 그 밖에 어린이가 자주 왕래하는 곳으로서 조례로 정하는 시설 또는 장소,위임,조례,,rule
P01865,바. 그 밖에 어린이가 자주 왕래하는 곳으로서 조례로 정하는 시설 또는 장소,위임,조례,,rule
P01866,바. 그 밖에 어린이가 자주 왕래하는 곳으로서 조례로 정하는 시설 또는 장소,위임,조례,,rule
P01867,바. 그 밖에 어린이가 자주 왕래하는 곳으로서 조례로 정하는 시설 또는 장소,위임,조례,,rule
P01868,바. 그 밖에 어린이가 자주 왕래하는 곳으로서 조례로 정하는 시설 또는 장소,위임,조례,,rule
P01869,바. 그 밖에 어린이가 자주 왕래하는 곳으로서 조례로 정하는 시설 또는 장소,위임,조례,,rule
P01870,바. 그 밖에 어린이가 자주 왕래하는 곳으로서 조례로 정하는 시설 또는 장소,위임,조례,,rule
P01871,바. 그 밖에 어린이가 자주 왕래하는 곳으로서 조례로 정하는 시설 또는 장소,위임,조례,,rule
P01872,바. 그 밖에 어린이가 자주 왕래하는 곳으로서 조례로 정하는 시설 또는 장소,위임,조례,,rule
P01873,바. 그 밖에 어린이가 자주 왕래하는 곳으로서 조례로 정하는 시설 또는 장소,위임,조례,,rule
P01874,마. 그 밖에 노인이 자주 왕래하는 곳으로서 조례로 정하는 시설 또는 장소,위임,조례,,rule
P01875,바. 그 밖에 어린이가 자주 왕래하는 곳으로서 조례로 정하는 시설 또는 장소,위임,조례,,rule
P01876,바. 그 밖에 어린이가 자주 왕래하는 곳으로서 조례로 정하는 시설 또는 장소,위임,조례,,rule
P01877,바. 그 밖에 어린이가 자주 왕래하는 곳으로서 조례로 정하는 시설 또는 장소,위임,조례,,rule
P01878,마. 그 밖에 노인이 자주 왕래하는 곳으로서 조례로 정하는 시설 또는 장소,위임,조례,,rule
P01879,바. 그 밖에 어린이가 자주 왕래하는 곳으로서 조례로 정하는 시설 또는 장소,위임,조례,,rule
P01880,마. 그 밖에 노인이 자주 왕래하는 곳으로서 조례로 정하는 시설 또는 장소,위임,조례,,rule
P01881,바. 그 밖에 어린이가 자주 왕래하는 곳으로서 조례로 정하는 시설 또는 장소,위임,조례,,rule
P01882,바. 그 밖에 어린이가 자주 왕래하는 곳으로서 조례로 정하는 시설 또는 장소,위임,조례,,rule
P01883,바. 그 밖에 어린이가 자주 왕래하는 곳으로서 조례로 정하는 시설 또는 장소,위임,조례,,rule
P01884,바. 그 밖에 어린이가 자주 왕래하는 곳으로서 조례로 정하는 시설 또는 장소,위임,조례,,rule
P01885,바. 그 밖에 어린이가 자주 왕래하는 곳으로서 조례로 정하는 시설 또는 장소,위임,조례,,rule
P01886,마. 그 밖에 노인이 자주 왕래하는 곳으로서 조례로 정하는 시설 또는 장소,위임,조례,,rule
P01887,바. 그 밖에 어린이가 자주 왕래하는 곳으로서 조례로 정하는 시설 또는 장소,위임,조례,,rule
P01888,마. 그 밖에 노인이 자주 왕래하는 곳으로서 조례로 정하는 시설 또는 장소,위임,조례,,rule
P01889,바. 그 밖에 어린이가 자주 왕래하는 곳으로서 조례로 정하는 시설 또는 장소,위임,조례,,rule
P01890,바. 그 밖에 어린이가 자주 왕래하는 곳으로서 조례로 정하는 시설 또는 장소,위임,조례,,rule
P01891,바. 그 밖에 어린이가 자주 왕래하는 곳으로서 조례로 정하는 시설 또는 장소,위임,조례,,rule
P01892,바. 그 밖에 어린이가 자주 왕래하는 곳으로서 조례로 정하는 시설 또는 장소,위임,조례,,rule
P01893,바. 그 밖에 어린이가 자주 왕래하는 곳으로서 조례로 정하는 시설 또는 장소,위임,조례,,rule
P01894,마. 그 밖에 노인이 자주 왕래하는 곳으로서 조례로 정하는 시설 또는 장소,위임,조례,,rule
P01895,바. 그 밖에 어린이가 자주 왕래하는 곳으로서 조례로 정하는 시설 또는 장소,위임,조례,,rule
P01896,바. 그 밖에 어린이가 자주 왕래하는 곳으로서 조례로 정하는 시설 또는 장소,위임,조례,,rule
P01897,바. 그 밖에 어린이가 자주 왕래하는 곳으로서 조례로 정하는 시설 또는 장소,위임,조례,,rule
P01898,바. 그 밖에 어린이가 자주 왕래하는 곳으로서 조례로 정하는 시설 또는 장소,위임,조례,,rule
P01899,바. 그 밖에 어린이가 자주 왕래하는 곳으로서 조례로 정하는 시설 또는 장소,위임,조례,,rule
P01900,바. 그 밖에 어린이가 자주 왕래하는 곳으로서 조례로 정하는 시설 또는 장소,위임,조례,,rule
P01901,바. 그 밖에 어린이가 자주 왕래하는 곳으로서 조례로 정하는 시설 또는 장소,위임,조례,,rule
P01902,마. 그 밖에 노인이 자주 왕래하는 곳으로서 조례로 정하는 시설 또는 장소,위임,조례,,rule
P01903,바. 그 밖에 어린이가 자주 왕래하는 곳으로서 조례로 정하는 시설 또는 장소,위임,조례,,rule
P01904,바. 그 밖에 어린이가 자주 왕래하는 곳으로서 조례로 정하는 시설 또는 장소,위임,조례,,rule
P01905,바. 그 밖에 어린이가 자주 왕래하는 곳으로서 조례로 정하는 시설 또는 장소,위임,조례,,rule
P01906,마. 그 밖에 노인이 자주 왕래하는 곳으로서 조례로 정하는 시설 또는 장소,위임,조례,,rule
P01907,바. 그 밖에 어린이가 자주 왕래하는 곳으로서 조례로 정하는 시설 또는 장소,위임,조례,,rule
P01908,바. 그 밖에 어린이가 자주 왕래하는 곳으로서 조례로 정하는 시설 또는 장소,위임,조례,,rule
P01909,바. 그 밖에 어린이가 자주 왕래하는 곳으로서 조례로 정하는 시설 또는 장소,위임,조례,,rule
P01910,바. 그 밖에 어린이가 자주 왕래하는 곳으로서 조례로 정하는 시설 또는 장소,위임,조례,,rule
P01911,바. 그 밖에 어린이가 자주 왕래하는 곳으로서 조례로 정하는 시설 또는 장소,위임,조례,,rule
P01912,마. 그 밖에 노인이 자주 왕래하는 곳으로서 조례로 정하는 시설 또는 장소,위임,조례,,rule
P01913,바. 그 밖에 어린이가 자주 왕래하는 곳으로서 조례로 정하는 시설 또는 장소,위임,조례,,rule
P01914,바. 그 밖에 어린이가 자주 왕래하는 곳으로서 조례로 정하는 시설 또는 장소,위임,조례,,rule
P01915,바. 그 밖에 어린이가 자주 왕래하는 곳으로서 조례로 정하는 시설 또는 장소,위임,조례,,rule
P01916,바. 그 밖에 어린이가 자주 왕래하는 곳으로서 조례로 정하는 시설 또는 장소,위임,조례,,rule
P01917,바. 그 밖에 어린이가 자주 왕래하는 곳으로서 조례로 정하는 시설 또는 장소,위임,조례,,rule
P01918,바. 그 밖에 어린이가 자주 왕래하는 곳으로서 조례로 정하는 시설 또는 장소,위임,조례,,rule
P01919,바. 그 밖에 어린이가 자주 왕래하는 곳으로서 조례로 정하는 시설 또는 장소,위임,조례,,rule
P01920,바. 그 밖에 어린이가 자주 왕래하는 곳으로서 조례로 정하는 시설 또는 장소,위임,조례,,rule
P01921,바. 그 밖에 어린이가 자주 왕래하는 곳으로서 조례로 정하는 시설 또는 장소,위임,조례,,rule
P01922,바. 그 밖에 어린이가 자주 왕래하는 곳으로서 조례로 정하는 시설 또는 장소,위임,조례,,rule
P01923,바. 그 밖에 어린이가 자주 왕래하는 곳으로서 조례로 정하는 시설 또는 장소,위임,조례,,rule
P01924,바. 그 밖에 어린이가 자주 왕래하는 곳으로서 조례로 정하는 시설 또는 장소,위임,조례,,rule
P01925,바. 그 밖에 어린이가 자주 왕래하는 곳으로서 조례로 정하는 시설 또는 장소,위임,조례,,rule
P01926,마. 그 밖에 노인이 자주 왕래하는 곳으로서 조례로 정하는 시설 또는 장소,위임,조례,,rule
P01927,바. 그 밖에 어린이가 자주 왕래하는 곳으로서 조례로 정하는 시설 또는 장소,위임,조례,,rule
P01928,바. 그 밖에 어린이가 자주 왕래하는 곳으로서 조례로 정하는 시설 또는 장소,위임,조례,,rule
P01929,바. 그 밖에 어린이가 자주 왕래하는 곳으로서 조례로 정하는 시설 또는 장소,위임,조례,,rule
P01930,바. 그 밖에 어린이가 자주 왕래하는 곳으로서 조례로 정하는 시설 또는 장소,위임,조례,,rule
P01931,마. 그 밖에 노인이 자주 왕래하는 곳으로서 조례로 정하는 시설 또는 장소,위임,조례,,rule
P01932,바. 그 밖에 어린이가 자주 왕래하는 곳으로서 조례로 정하는 시설 또는 장소,위임,조례,,rule
P01933,마. 그 밖에 노인이 자주 왕래하는 곳으로서 조례로 정하는 시설 또는 장소,위임,조례,,rule
P01934,바. 그 밖에 어린이가 자주 왕래하는 곳으로서 조례로 정하는 시설 또는 장소,위임,조례,,rule
P01935,바. 그 밖에 어린이가 자주 왕래하는 곳으로서 조례로 정하는 시설 또는 장소,위임,조례,,rule
P01936,바. 그 밖에 어린이가 자주 왕래하는 곳으로서 조례로 정하는 시설 또는 장소,위임,조례,,rule
P01937,마. 그 밖에 노인이 자주 왕래하는 곳으로서 조례로 정하는 시설 또는 장소,위임,조례,,rule
P01938,바. 그 밖에 어린이가 자주 왕래하는 곳으로서 조례로 정하는 시설 또는 장소,위임,조례,,rule
P01939,바. 그 밖에 어린이가 자주 왕래하는 곳으로서 조례로 정하는 시설 또는 장소,위임,조례,,rule
P01940,바. 그 밖에 어린이가 자주 왕래하는 곳으로서 조례로 정하는 시설 또는 장소,위임,조례,,rule
P01941,바. 그 밖에 어린이가 자주 왕래하는 곳으로서 조례로 정하는 시설 또는 장소,위임,조례,,rule
P01942,마. 그 밖에 노인이 자주 왕래하는 곳으로서 조례로 정하는 시설 또는 장소,위임,조례,,rule
P01943,바. 그 밖에 어린이가 자주 왕래하는 곳으로서 조례로 정하는 시설 또는 장소,위임,조례,,rule
P01944,마. 그 밖에 노인이 자주 왕래하는 곳으로서 조례로 정하는 시설 또는 장소,위임,조례,,rule
P01945,바. 그 밖에 어린이가 자주 왕래하는 곳으로서 조례로 정하는 시설 또는 장소,위임,조례,,rule
P01946,바. 그 밖에 어린이가 자주 왕래하는 곳으로서 조례로 정하는 시설 또는 장소,위임,조례,,rule
P01947,바. 그 밖에 어린이가 자주 왕래하는 곳으로서 조례로 정하는 시설 또는 장소,위임,조례,,rule
P01948,바. 그 밖에 어린이가 자주 왕래하는 곳으로서 조례로 정하는 시설 또는 장소,위임,조례,,rule
P01949,마. 그 밖에 노인이 자주 왕래하는 곳으로서 조례로 정하는 시설 또는 장소,위임,조례,,rule
P01950,바. 그 밖에 어린이가 자주 왕래하는 곳으로서 조례로 정하는 시설 또는 장소,위임,조례,,rule
P01951,바. 그 밖에 어린이가 자주 왕래하는 곳으로서 조례로 정하는 시설 또는 장소,위임,조례,,rule
P01952,바. 그 밖에 어린이가 자주 왕래하는 곳으로서 조례로 정하는 시설 또는 장소,위임,조례,,rule
P01953,마. 그 밖에 노인이 자주 왕래하는 곳으로서 조례로 정하는 시설 또는 장소,위임,조례,,rule
P01954,바. 그 밖에 어린이가 자주 왕래하는 곳으로서 조례로 정하는 시설 또는 장소,위임,조례,,rule
P01955,바. 그 밖에 어린이가 자주 왕래하는 곳으로서 조례로 정하는 시설 또는 장소,위임,조례,,rule
P01956,바. 그 밖에 어린이가 자주 왕래하는 곳으로서 조례로 정하는 시설 또는 장소,위임,조례,,rule
P01957,바. 그 밖에 어린이가 자주 왕래하는 곳으로서 조례로 정하는 시설 또는 장소,위임,조례,,rule
P01958,바. 그 밖에 어린이가 자주 왕래하는 곳으로서 조례로 정하는 시설 또는 장소,위임,조례,,rule
P01959,바. 그 밖에 어린이가 자주 왕래하는 곳으로서 조례로 정하는 시설 또는 장소,위임,조례,,rule
P01960,마. 그 밖에 노인이 자주 왕래하는 곳으로서 조례로 정하는 시설 또는 장소,위임,조례,,rule
P01961,바. 그 밖에 어린이가 자주 왕래하는 곳으로서 조례로 정하는 시설 또는 장소,위임,조례,,rule
P01962,바. 그 밖에 어린이가 자주 왕래하는 곳으로서 조례로 정하는 시설 또는 장소,위임,조례,,rule
P01963,바. 그 밖에 어린이가 자주 왕래하는 곳으로서 조례로 정하는 시설 또는 장소,위임,조례,,rule
P01964,바. 그 밖에 어린이가 자주 왕래하는 곳으로서 조례로 정하는 시설 또는 장소,위임,조례,,rule
P01965,바. 그 밖에 어린이가 자주 왕래하는 곳으로서 조례로 정하는 시설 또는 장소,위임,조례,,rule
P01966,바. 그 밖에 어린이가 자주 왕래하는 곳으로서 조례로 정하는 시설 또는 장소,위임,조례,,rule
P01967,바. 그 밖에 어린이가 자주 왕래하는 곳으로서 조례로 정하는 시설 또는 장소,위임,조례,,rule
P01968,바. 그 밖에 어린이가 자주 왕래하는 곳으로서 조례로 정하는 시설 또는 장소,위임,조례,,rule
P01969,바. 그 밖에 어린이가 자주 왕래하는 곳으로서 조례로 정하는 시설 또는 장소,위임,조례,,rule
P01970,바. 그 밖에 어린이가 자주 왕래하는 곳으로서 조례로 정하는 시설 또는 장소,위임,조례,,rule
P01971,마. 그 밖에 노인이 자주 왕래하는 곳으로서 조례로 정하는 시설 또는 장소,위임,조례,,rule
P01972,바. 그 밖에 어린이가 자주 왕래하는 곳으로서 조례로 정하는 시설 또는 장소,위임,조례,,rule
P01973,마. 그 밖에 노인이 자주 왕래하는 곳으로서 조례로 정하는 시설 또는 장소,위임,조례,,rule
P01974,바. 그 밖에 어린이가 자주 왕래하는 곳으로서 조례로 정하는 시설 또는 장소,위임,조례,,rule
P01975,바. 그 밖에 어린이가 자주 왕래하는 곳으로서 조례로 정하는 시설 또는 장소,위임,조례,,rule
P01976,바. 그 밖에 어린이가 자주 왕래하는 곳으로서 조례로 정하는 시설 또는 장소,위임,조례,,rule
P01977,바. 그 밖에 어린이가 자주 왕래하는 곳으로서 조례로 정하는 시설 또는 장소,위임,조례,,rule
P01978,바. 그 밖에 어린이가 자주 왕래하는 곳으로서 조례로 정하는 시설 또는 장소,위임,조례,,rule
P01979,바. 그 밖에 어린이가 자주 왕래하는 곳으로서 조례로 정하는 시설 또는 장소,위임,조례,,rule
P01980,바. 그 밖에 어린이가 자주 왕래하는 곳으로서 조례로 정하는 시설 또는 장소,위임,조례,,rule
P01981,바. 그 밖에 어린이가 자주 왕래하는 곳으로서 조례로 정하는 시설 또는 장소,위임,조례,,rule
P01982,바. 그 밖에 어린이가 자주 왕래하는 곳으로서 조례로 정하는 시설 또는 장소,위임,조례,,rule
P01983,바. 그 밖에 어린이가 자주 왕래하는 곳으로서 조례로 정하는 시설 또는 장소,위임,조례,,rule
P01984,바. 그 밖에 어린이가 자주 왕래하는 곳으로서 조례로 정하는 시설 또는 장소,위임,조례,,rule
P01985,바. 그 밖에 어린이가 자주 왕래하는 곳으로서 조례로 정하는 시설 또는 장소,위임,조례,,rule
P01986,마. 그 밖에 노인이 자주 왕래하는 곳으로서 조례로 정하는 시설 또는 장소,위임,조례,,rule
P01987,바. 그 밖에 어린이가 자주 왕래하는 곳으로서 조례로 정하는 시설 또는 장소,위임,조례,,rule
P01988,바. 그 밖에 어린이가 자주 왕래하는 곳으로서 조례로 정하는 시설 또는 장소,위임,조례,,rule
P01989,바. 그 밖에 어린이가 자주 왕래하는 곳으로서 조례로 정하는 시설 또는 장소,위임,조례,,rule
P01990,바. 그 밖에 어린이가 자주 왕래하는 곳으로서 조례로 정하는 시설 또는 장소,위임,조례,,rule
P01991,바. 그 밖에 어린이가 자주 왕래하는 곳으로서 조례로 정하는 시설 또는 장소,위임,조례,,rule
P01992,바. 그 밖에 어린이가 자주 왕래하는 곳으로서 조례로 정하는 시설 또는 장소,위임,조례,,rule
P01993,대통령령으로 정한다,위임,대통령령,,rule
P01994,대통령령으로 정한다,위임,대통령령,,rule
P01995,대통령령으로 정한다,위임,대통령령,,rule
P01996,대통령령으로 정한다,위임,대통령령,,rule
P01997,대통령령으로 정한다,위임,대통령령,,rule
P01998,대통령령으로 정한다,위임,대통령령,,rule
P01999,대통령령으로 정한다,위임,대통령령,,rule
P02000,대통령령으로 정한다,위임,대통령령,,rule
P02001,대통령령으로 정한다,위임,대통령령,,rule
P02002,"① 보육에 관한 각종 정책ㆍ사업ㆍ보육지도 및 어린이집 평가에 관한 사항 등을 심의하기 위하여 교육부에 중앙보육정책위원회를, 특별시ㆍ광역시ㆍ특별자치시ㆍ도ㆍ특별자치도(이하 “시ㆍ도”라 한다) 및 시ㆍ군ㆍ구(자치구를 말한다. 이하 같다)에 지방보육정책위원회를 둔다. 다만, 지방보육정책위원회는 그 기능을 담당하기에 적합한 다른 위원회가 있고 그 위원회의 위원이 제2항에 따른 자격을 갖춘 경우에는 시ㆍ도 또는 시ㆍ군ㆍ구의 조례로 정하는 바에 따라 그 위원회가 지방보육정책위원회의 기능을 대신할 수 있다.",위임,조례,,rule
P02003,"① 보육에 관한 각종 정책ㆍ사업ㆍ보육지도 및 어린이집 평가에 관한 사항 등을 심의하기 위하여 교육부에 중앙보육정책위원회를, 특별시ㆍ광역시ㆍ특별자치시ㆍ도ㆍ특별자치도(이하 “시ㆍ도”라 한다) 및 시ㆍ군ㆍ구(자치구를 말한다. 이하 같다)에 지방보육정책위원회를 둔다. 다만, 지방보육정책위원회는 그 기능을 담당하기에 적합한 다른 위원회가 있고 그 위원회의 위원이 제2항에 따른 자격을 갖춘 경우에는 시ㆍ도 또는 시ㆍ군ㆍ구의 조례로 정하는 바에 따라 그 위원회가 지방보육정책위원회의 기능을 대신할 수 있다.",위임,조례,,rule
P02004,"① 보육에 관한 각종 정책ㆍ사업ㆍ보육지도 및 어린이집 평가에 관한 사항 등을 심의하기 위하여 교육부에 중앙보육정책위원회를, 특별시ㆍ광역시ㆍ특별자치시ㆍ도ㆍ특별자치도(이하 “시ㆍ도”라 한다) 및 시ㆍ군ㆍ구(자치구를 말한다. 이하 같다)에 지방보육정책위원회를 둔다. 다만, 지방보육정책위원회는 그 기능을 담당하기에 적합한 다른 위원회가 있고 그 위원회의 위원이 제2항에 따른 자격을 갖춘 경우에는 시ㆍ도 또는 시ㆍ군ㆍ구의 조례로 정하는 바에 따라 그 위원회가 지방보육정책위원회의 기능을 대신할 수 있다.",위임,조례,,rule
P02005,"① 보육에 관한 각종 정책ㆍ사업ㆍ보육지도 및 어린이집 평가에 관한 사항 등을 심의하기 위하여 교육부에 중앙보육정책위원회를, 특별시ㆍ광역시ㆍ특별자치시ㆍ도ㆍ특별자치도(이하 “시ㆍ도”라 한다) 및 시ㆍ군ㆍ구(자치구를 말한다. 이하 같다)에 지방보육정책위원회를 둔다. 다만, 지방보육정책위원회는 그 기능을 담당하기에 적합한 다른 위원회가 있고 그 위원회의 위원이 제2항에 따른 자격을 갖춘 경우에는 시ㆍ도 또는 시ㆍ군ㆍ구의 조례로 정하는 바에 따라 그 위원회가 지방보육정책위원회의 기능을 대신할 수 있다.",위임,조례,,rule
P02006,"① 보육에 관한 각종 정책ㆍ사업ㆍ보육지도 및 어린이집 평가에 관한 사항 등을 심의하기 위하여 교육부에 중앙보육정책위원회를, 특별시ㆍ광역시ㆍ특별자치시ㆍ도ㆍ특별자치도(이하 “시ㆍ도”라 한다) 및 시ㆍ군ㆍ구(자치구를 말한다. 이하 같다)에 지방보육정책위원회를 둔다. 다만, 지방보육정책위원회는 그 기능을 담당하기에 적합한 다른 위원회가 있고 그 위원회의 위원이 제2항에 따른 자격을 갖춘 경우에는 시ㆍ도 또는 시ㆍ군ㆍ구의 조례로 정하는 바에 따라 그 위원회가 지방보육정책위원회의 기능을 대신할 수 있다.",위임,조례,,rule
P02007,"① 보육에 관한 각종 정책ㆍ사업ㆍ보육지도 및 어린이집 평가에 관한 사항 등을 심의하기 위하여 교육부에 중앙보육정책위원회를, 특별시ㆍ광역시ㆍ특별자치시ㆍ도ㆍ특별자치도(이하 “시ㆍ도”라 한다) 및 시ㆍ군ㆍ구(자치구를 말한다. 이하 같다)에 지방보육정책위원회를 둔다. 다만, 지방보육정책위원회는 그 기능을 담당하기에 적합한 다른 위원회가 있고 그 위원회의 위원이 제2항에 따른 자격을 갖춘 경우에는 시ㆍ도 또는 시ㆍ군ㆍ구의 조례로 정하는 바에 따라 그 위원회가 지방보육정책위원회의 기능을 대신할 수 있다.",위임,조례,,rule
P02008,"① 보육에 관한 각종 정책ㆍ사업ㆍ보육지도 및 어린이집 평가에 관한 사항 등을 심의하기 위하여 교육부에 중앙보육정책위원회를, 특별시ㆍ광역시ㆍ특별자치시ㆍ도ㆍ특별자치도(이하 “시ㆍ도”라 한다) 및 시ㆍ군ㆍ구(자치구를 말한다. 이하 같다)에 지방보육정책위원회를 둔다. 다만, 지방보육정책위원회는 그 기능을 담당하기에 적합한 다른 위원회가 있고 그 위원회의 위원이 제2항에 따른 자격을 갖춘 경우에는 시ㆍ도 또는 시ㆍ군ㆍ구의 조례로 정하는 바에 따라 그 위원회가 지방보육정책위원회의 기능을 대신할 수 있다.",위임,조례,,rule
P02009,"① 보육에 관한 각종 정책ㆍ사업ㆍ보육지도 및 어린이집 평가에 관한 사항 등을 심의하기 위하여 교육부에 중앙보육정책위원회를, 특별시ㆍ광역시ㆍ특별자치시ㆍ도ㆍ특별자치도(이하 “시ㆍ도”라 한다) 및 시ㆍ군ㆍ구(자치구를 말한다. 이하 같다)에 지방보육정책위원회를 둔다. 다만, 지방보육정책위원회는 그 기능을 담당하기에 적합한 다른 위원회가 있고 그 위원회의 위원이 제2항에 따른 자격을 갖춘 경우에는 시ㆍ도 또는 시ㆍ군ㆍ구의 조례로 정하는 바에 따라 그 위원회가 지방보육정책위원회의 기능을 대신할 수 있다.",위임,조례,,rule
P02010,대통령령으로 정하는,위임,대통령령,,rule
P02011,대통령령으로 정한다,위임,대통령령,,rule
P02012,대통령령으로 정한다,위임,대통령령,,rule
P02013,대통령령으로 정한다,위임,대통령령,,rule
P02014,대통령령으로 정한다,위임,대통령령,,rule
P02015,대통령령으로 정한다,위임,대통령령,,rule
P02016,대통령령으로 정한다,위임,대통령령,,rule
P02017,교육부령으로 정한다,위임,부령,,rule
P02018,교육부령으로 정한다,위임,부령,,rule
P02019,대통령령으로 정하는,위임,대통령령,,rule
P02020,사항은 대통령령으로,위임,대통령령,,rule
P02021,대통령령으로 정하는,위임,대통령령,,rule
P02022,대통령령으로 정한다,위임,대통령령,,rule
P02023,대통령령으로 정하는,위임,대통령령,,rule
P02024,대통령령으로 정한다,위임,대통령령,,rule
P02025,교육부령으로 정한다,위임,부령,,rule
P02026,교육부령으로 정한다,위임,부령,,rule
P02027,교육부령으로 정한다,위임,부령,,rule
P02028,교육부령으로 정한다,위임,부령,,rule
P02029,대통령령으로 정하는,위임,대통령령,,rule
P02030,교육부령으로 정하는,위임,부령,,rule
P02031,교육부령으로 정한다,위임,부령,,rule
P02032,교육부령으로 정한다,위임,부령,,rule
P02033,교육부령으로 정한다,위임,부령,,rule
P02034,교육부령으로 정한다,위임,부령,,rule
P02035,교육부령으로 정한다,위임,부령,,rule
P02036,대통령령으로 정하는,위임,대통령령,,rule
P02037,대통령령으로 정하는,위임,대통령령,,rule
P02038,대통령령으로 정하는,위임,대통령령,,rule
P02039,대통령령으로 정한다,위임,대통령령,,rule
P02040,대통령령으로 정한다,위임,대통령령,,rule
P02041,대통령령으로 정한다,위임,대통령령,,rule
P02042,대통령령으로 정한다,위임,대통령령,,rule
P02043,교육부령으로 정하는,위임,부령,,rule
P02044,교육부령으로 정한다,위임,부령,,rule
P02045,교육부령으로 정하는,위임,부령,,rule
P02046,교육부령으로 정한다,위임,부령,,rule
P02047,교육부령으로 정한다,위임,부령,,rule
P02048,교육부령으로 정한다,위임,부령,,rule
P02049,교육부령으로 정한다,위임,부령,,rule
P02050,교육부령으로 정하는,위임,부령,,rule
P02051,교육부령으로 정하는 바에,위임,부령,,rule
P02052,교육부령으로 정하는 자,위임,부령,,rule
P02053,교육부령으로 정하는,위임,부령,,rule
P02054,대통령령으로 정하는,위임,대통령령,,rule
P02055,교육부령으로 정하는,위임,부령,,rule
P02056,교육부령으로 정한다,위임,부령,,rule
P02057,대통령령으로 정한다,위임,대통령령,,rule
P02058,대통령령으로 정한다,위임,대통령령,,rule
P02059,대통령령으로 정한다,위임,대통령령,,rule
P02060,"② 보육교직원의 보육 활동 보호에 관한 다음 각 호의 사항을 심의하기 위하여 시·도에 시·도보육활동보호위원회를 둔다. 다만, 시·도보육활동보호위원회는 그 기능을 담당하기에 적합한 다른 위원회가 있고 그 위원회의 위원이 제3항에 따른 자격을 갖춘 경우에는 시·도의 조례로 정하는 바에 따라 그 위원회가 시·도보육활동보호위원회의 기능을 대신할 수 있다.",위임,조례,,rule
P02061,"② 보육교직원의 보육 활동 보호에 관한 다음 각 호의 사항을 심의하기 위하여 시·도에 시·도보육활동보호위원회를 둔다. 다만, 시·도보육활동보호위원회는 그 기능을 담당하기에 적합한 다른 위원회가 있고 그 위원회의 위원이 제3항에 따른 자격을 갖춘 경우에는 시·도의 조례로 정하는 바에 따라 그 위원회가 시·도보육활동보호위원회의 기능을 대신할 수 있다.",위임,조례,,rule
P02062,"② 보육교직원의 보육 활동 보호에 관한 다음 각 호의 사항을 심의하기 위하여 시·도에 시·도보육활동보호위원회를 둔다. 다만, 시·도보육활동보호위원회는 그 기능을 담당하기에 적합한 다른 위원회가 있고 그 위원회의 위원이 제3항에 따른 자격을 갖춘 경우에는 시·도의 조례로 정하는 바에 따라 그 위원회가 시·도보육활동보호위원회의 기능을 대신할 수 있다.",위임,조례,,rule
P02063,"② 보육교직원의 보육 활동 보호에 관한 다음 각 호의 사항을 심의하기 위하여 시·도에 시·도보육활동보호위원회를 둔다. 다만, 시·도보육활동보호위원회는 그 기능을 담당하기에 적합한 다른 위원회가 있고 그 위원회의 위원이 제3항에 따른 자격을 갖춘 경우에는 시·도의 조례로 정하는 바에 따라 그 위원회가 시·도보육활동보호위원회의 기능을 대신할 수 있다.",위임,조례,,rule
P02064,"② 보육교직원의 보육 활동 보호에 관한 다음 각 호의 사항을 심의하기 위하여 시·도에 시·도보육활동보호위원회를 둔다. 다만, 시·도보육활동보호위원회는 그 기능을 담당하기에 적합한 다른 위원회가 있고 그 위원회의 위원이 제3항에 따른 자격을 갖춘 경우에는 시·도의 조례로 정하는 바에 따라 그 위원회가 시·도보육활동보호위원회의 기능을 대신할 수 있다.",위임,조례,,rule
P02065,"② 보육교직원의 보육 활동 보호에 관한 다음 각 호의 사항을 심의하기 위하여 시·도에 시·도보육활동보호위원회를 둔다. 다만, 시·도보육활동보호위원회는 그 기능을 담당하기에 적합한 다른 위원회가 있고 그 위원회의 위원이 제3항에 따른 자격을 갖춘 경우에는 시·도의 조례로 정하는 바에 따라 그 위원회가 시·도보육활동보호위원회의 기능을 대신할 수 있다.",위임,조례,,rule
P02066,"② 보육교직원의 보육 활동 보호에 관한 다음 각 호의 사항을 심의하기 위하여 시·도에 시·도보육활동보호위원회를 둔다. 다만, 시·도보육활동보호위원회는 그 기능을 담당하기에 적합한 다른 위원회가 있고 그 위원회의 위원이 제3항에 따른 자격을 갖춘 경우에는 시·도의 조례로 정하는 바에 따라 그 위원회가 시·도보육활동보호위원회의 기능을 대신할 수 있다.",위임,조례,,rule
P02067,"② 보육교직원의 보육 활동 보호에 관한 다음 각 호의 사항을 심의하기 위하여 시·도에 시·도보육활동보호위원회를 둔다. 다만, 시·도보육활동보호위원회는 그 기능을 담당하기에 적합한 다른 위원회가 있고 그 위원회의 위원이 제3항에 따른 자격을 갖춘 경우에는 시·도의 조례로 정하는 바에 따라 그 위원회가 시·도보육활동보호위원회의 기능을 대신할 수 있다.",위임,조례,,rule
P02068,"② 보육교직원의 보육 활동 보호에 관한 다음 각 호의 사항을 심의하기 위하여 시·도에 시·도보육활동보호위원회를 둔다. 다만, 시·도보육활동보호위원회는 그 기능을 담당하기에 적합한 다른 위원회가 있고 그 위원회의 위원이 제3항에 따른 자격을 갖춘 경우에는 시·도의 조례로 정하는 바에 따라 그 위원회가 시·도보육활동보호위원회의 기능을 대신할 수 있다.",위임,조례,,rule
P02069,"② 보육교직원의 보육 활동 보호에 관한 다음 각 호의 사항을 심의하기 위하여 시·도에 시·도보육활동보호위원회를 둔다. 다만, 시·도보육활동보호위원회는 그 기능을 담당하기에 적합한 다른 위원회가 있고 그 위원회의 위원이 제3항에 따른 자격을 갖춘 경우에는 시·도의 조례로 정하는 바에 따라 그 위원회가 시·도보육활동보호위원회의 기능을 대신할 수 있다.",위임,조례,,rule
P02070,보육 활동을 위하여 필요한 경우에는 법령과 교육부장관이 고시하는 바에 따라 영유아를 지도할 수 있다.,위임,미특정,,rule
P02071,교육부령으로 정하는,위임,부령,,rule
P02072,대통령령으로 정하는,위임,대통령령,,rule
P02073,교육부령으로 정하는,위임,부령,,rule
P02074,교육부령으로 정하는,위임,부령,,rule
P02075,대통령령으로 정한다,위임,대통령령,,rule
P02076,교육부령으로 정한다,위임,부령,,rule
P02077,교육부령으로 정한다,위임,부령,,rule
P02078,교육부령으로 정한다,위임,부령,,rule
P02079,교육부령으로 정한다,위임,부령,,rule
P02080,교육부령으로 정한다,위임,부령,,rule
P02081,교육부령으로 정하는,위임,부령,,rule
P02082,교육부령으로 정한다,위임,부령,,rule
P02083,교육부령으로 정한다,위임,부령,,rule
P02084,교육부령으로 정하는,위임,부령,,rule
P02085,교육부령으로 정한다,위임,부령,,rule
P02086,교육부령으로 정하는,위임,부령,,rule
P02087,교육부령으로 정한다,위임,부령,,rule
P02088,교육부령으로 정한다,위임,부령,,rule
P02089,교육부령으로 정하는,위임,부령,,rule
P02090,교육부령으로 정하는,위임,부령,,rule
P02091,교육부령으로 정한다,위임,부령,,rule
P02092,교육부령으로 정한다,위임,부령,,rule
P02093,교육부령으로 정하는,위임,부령,,rule
P02094,교육부령으로 정한다,위임,부령,,rule
P02095,대통령령으로 정하는,위임,대통령령,,rule
P02096,대통령령으로 정한다,위임,대통령령,,rule
P02097,교육부령으로 정한다,위임,부령,,rule
P02098,교육부령으로 정하는,위임,부령,,rule
P02099,교육부령으로 정한다,위임,부령,,rule
P02100,교육부령으로 정한다,위임,부령,,rule
P02101,교육부령으로 정한다,위임,부령,,rule
P02102,교육부령으로 정한다,위임,부령,,rule
P02103,교육부령으로 정하는,위임,부령,,rule
P02104,대통령령으로 정하는,위임,대통령령,,rule
P02105,대통령령으로 정하는,위임,대통령령,,rule
P02106,교육부령,판단불가,해당없음,,rule
P02107,교육부령,판단불가,해당없음,,rule
P02108,교육부령,판단불가,해당없음,,rule
P02109,교육부령,판단불가,해당없음,,rule
P02110,교육부령,판단불가,해당없음,,rule
P02111,교육부령으로 정하는,위임,부령,,rule
P02112,교육부령으로 정한다,위임,부령,,rule
P02113,교육부령으로 정한다,위임,부령,,rule
P02114,교육부령으로 정하는,위임,부령,,rule
P02115,교육부령으로 정한다,위임,부령,,rule
P02116,교육부령으로 정한다,위임,부령,,rule
P02117,교육부령으로 정한다,위임,부령,,rule
P02118,교육부령으로 정하는,위임,부령,,rule
P02119,교육부령으로 정하는,위임,부령,,rule
P02120,교육부령으로 정한다,위임,부령,,rule
P02121,교육부령으로 정한다,위임,부령,,rule
P02122,교육부령으로 정한다,위임,부령,,rule
P02123,대통령령으로 정한다,위임,대통령령,,rule
P02124,대통령령으로 정한다,위임,대통령령,,rule
P02125,대통령령으로 정한다,위임,대통령령,,rule
P02126,교육부령으로 정하는,위임,부령,,rule
P02127,교육부령으로 정하는,위임,부령,,rule
P02128,교육부령으로 정한다,위임,부령,,rule
P02129,교육부령으로 정하는,위임,부령,,rule
P02130,대통령령으로 정한다,위임,대통령령,,rule
P02131,대통령령으로 정하는,위임,대통령령,,rule
P02132,대통령령으로 정하는,위임,대통령령,,rule
P02133,교육부령으로 정한다,위임,부령,,rule
P02134,대통령령으로 정한다,위임,대통령령,,rule
P02135,교육부령으로 정한다,위임,부령,,rule
P02136,교육부령으로 정한다,위임,부령,,rule
P02137,교육부령으로 정한다,위임,부령,,rule
P02138,교육부령으로 정한다,위임,부령,,rule
P02139,교육부령으로 정한다,위임,부령,,rule
P02140,대통령령으로 정하는,위임,대통령령,,rule
P02141,대통령령으로 정하는,위임,대통령령,,rule
P02142,교육부령으로 정한다,위임,부령,,rule
P02143,교육부령으로 정하는,위임,부령,,rule
P02144,교육부령이 정하는,판단불가,해당없음,,rule
P02145,사항은 대통령령으로,위임,대통령령,,rule
P02146,교육부령으로 정하는,위임,부령,,rule
P02147,교육부령으로 정하는,위임,부령,,rule
P02148,교육부령으로 정하는,위임,부령,,rule
P02149,교육부령으로 정하는,위임,부령,,rule
P02150,교육부령으로 정하는,위임,부령,,rule
P02151,교육부령으로 정하는,위임,부령,,rule
P02152,교육부령으로 정하는,위임,부령,,rule
P02153,교육부령으로 정한다,위임,부령,,rule
P02154,교육부령으로 정하는,위임,부령,,rule
P02155,교육부령으로 정하는,위임,부령,,rule
P02156,필요한 사항은 대통령령으로,위임,대통령령,,rule
P02157,교육부령으로 정하는,위임,부령,,rule
P02158,교육부령으로 정한다,위임,부령,,rule
P02159,사항은 대통령령으로,위임,대통령령,,rule
P02160,사항은 대통령령으로,위임,대통령령,,rule
P02161,교육부령으로 정하는,위임,부령,,rule
P02162,교육부령으로 정하는,위임,부령,,rule
P02163,교육부령으로 정한 급식기준,인용,해당없음,,rule
P02164,교육부령으로 정한 위생관리기준,인용,해당없음,,rule
P02165,교육부령으로 정하는 바에,위임,부령,,rule
P02166,교육부령으로 정하는 중상해,위임,부령,,rule
P02167,교육부령으로 정하는,위임,부령,,rule
P02168,교육부령으로 정하는,위임,부령,,rule
P02169,교육부령으로 정하는 바,위임,부령,,rule
P02170,교육부령으로 정하는 중상해,위임,부령,,rule
P02171,대통령령으로 정하는,위임,대통령령,,rule
P02172,대통령령으로 정한다,위임,대통령령,,rule
P02173,대통령령으로 정한다,위임,대통령령,,rule
P02174,대통령령으로 정하는,위임,대통령령,,rule
P02175,대통령령으로 정하는,위임,대통령령,,rule
P02176,사항은 대통령령으로,위임,대통령령,,rule
P02177,대통령령으로 정하는,위임,대통령령,,rule
P02178,대통령령으로 정하는,위임,대통령령,,rule
P02179,대통령령으로 정하는,위임,대통령령,,rule
P02180,교육부령으로 정한다,위임,부령,,rule
P02181,교육부령으로 정한다,위임,부령,,rule
P02182,교육부령으로 정하는,위임,부령,,rule
P02183,대통령령으로 정하는,위임,대통령령,,rule
P02184,교육부령으로 정하는,위임,부령,,rule
P02185,"지도의 범위, 방법 등에 관한 기준은 교육부장관이 정하여 고시한다",위임,미특정,,rule
P02186,교육부장관이 정하여 고시하는 부득이한 사유로 영유아가 출생한 후 출생일을 포함한 60일 이내에,위임,미특정,,rule
P02187,교육부장관이 정하여 고시하는 부득이한 사유가 발생하여 양육수당 지원 신청이 지연된 경우로서 제3항에 따라 양육수당을,위임,미특정,,rule
P02188,교육부장관이 정하여 고시하는 사유가 발생하여 영유아의 보호자가 양육수당 지원의 정지를 신청하는 경우,위임,미특정,,rule
P02189,양육수당의 지원 대상 및 기준 등에 관하여 필요한 사항은 교육부장관이 정하여 고시한다,위임,미특정,,rule
P02190,교육부령으로 정하는,위임,부령,,rule
P02191,교육부령으로 정한다,위임,부령,,rule
P02192,교육부령으로 정하는,위임,부령,,rule
P02193,교육부령으로 정한다,위임,부령,,rule
P02194,교육부령으로 정하는,위임,부령,,rule
P02195,교육부령으로 정한다,위임,부령,,rule
P02196,교육부령으로 정한다,위임,부령,,rule
P02197,어린이집의 운영 위탁에 관한 구체적인 사항은 국립어린이집의 경우 교육부장관이 정하고,판단불가,해당없음,,rule
P02198,"⑨ 어린이집의 운영 위탁에 관한 구체적인 사항은 국립어린이집의 경우 교육부장관이 정하고, 공립어린이집의 경우 지방자치단체의 조례로 정한다.",위임,조례,,rule
P02199,"⑨ 어린이집의 운영 위탁에 관한 구체적인 사항은 국립어린이집의 경우 교육부장관이 정하고, 공립어린이집의 경우 지방자치단체의 조례로 정한다.",위임,조례,,rule
P02200,"⑨ 어린이집의 운영 위탁에 관한 구체적인 사항은 국립어린이집의 경우 교육부장관이 정하고, 공립어린이집의 경우 지방자치단체의 조례로 정한다.",위임,조례,,rule
P02201,"⑨ 어린이집의 운영 위탁에 관한 구체적인 사항은 국립어린이집의 경우 교육부장관이 정하고, 공립어린이집의 경우 지방자치단체의 조례로 정한다.",위임,조례,,rule
P02202,"⑨ 어린이집의 운영 위탁에 관한 구체적인 사항은 국립어린이집의 경우 교육부장관이 정하고, 공립어린이집의 경우 지방자치단체의 조례로 정한다.",위임,조례,,rule
P02203,"⑨ 어린이집의 운영 위탁에 관한 구체적인 사항은 국립어린이집의 경우 교육부장관이 정하고, 공립어린이집의 경우 지방자치단체의 조례로 정한다.",위임,조례,,rule
P02204,"⑨ 어린이집의 운영 위탁에 관한 구체적인 사항은 국립어린이집의 경우 교육부장관이 정하고, 공립어린이집의 경우 지방자치단체의 조례로 정한다.",위임,조례,,rule
P02205,"⑨ 어린이집의 운영 위탁에 관한 구체적인 사항은 국립어린이집의 경우 교육부장관이 정하고, 공립어린이집의 경우 지방자치단체의 조례로 정한다.",위임,조례,,rule
P02206,"⑨ 어린이집의 운영 위탁에 관한 구체적인 사항은 국립어린이집의 경우 교육부장관이 정하고, 공립어린이집의 경우 지방자치단체의 조례로 정한다.",위임,조례,,rule
P02207,"⑨ 어린이집의 운영 위탁에 관한 구체적인 사항은 국립어린이집의 경우 교육부장관이 정하고, 공립어린이집의 경우 지방자치단체의 조례로 정한다.",위임,조례,,rule
P02208,"⑨ 어린이집의 운영 위탁에 관한 구체적인 사항은 국립어린이집의 경우 교육부장관이 정하고, 공립어린이집의 경우 지방자치단체의 조례로 정한다.",위임,조례,,rule
P02209,"⑨ 어린이집의 운영 위탁에 관한 구체적인 사항은 국립어린이집의 경우 교육부장관이 정하고, 공립어린이집의 경우 지방자치단체의 조례로 정한다.",위임,조례,,rule
P02210,"⑨ 어린이집의 운영 위탁에 관한 구체적인 사항은 국립어린이집의 경우 교육부장관이 정하고, 공립어린이집의 경우 지방자치단체의 조례로 정한다.",위임,조례,,rule
P02211,"⑨ 어린이집의 운영 위탁에 관한 구체적인 사항은 국립어린이집의 경우 교육부장관이 정하고, 공립어린이집의 경우 지방자치단체의 조례로 정한다.",위임,조례,,rule
P02212,"⑨ 어린이집의 운영 위탁에 관한 구체적인 사항은 국립어린이집의 경우 교육부장관이 정하고, 공립어린이집의 경우 지방자치단체의 조례로 정한다.",위임,조례,,rule
P02213,"⑨ 어린이집의 운영 위탁에 관한 구체적인 사항은 국립어린이집의 경우 교육부장관이 정하고, 공립어린이집의 경우 지방자치단체의 조례로 정한다.",위임,조례,,rule
P02214,"⑨ 어린이집의 운영 위탁에 관한 구체적인 사항은 국립어린이집의 경우 교육부장관이 정하고, 공립어린이집의 경우 지방자치단체의 조례로 정한다.",위임,조례,,rule
P02215,"⑨ 어린이집의 운영 위탁에 관한 구체적인 사항은 국립어린이집의 경우 교육부장관이 정하고, 공립어린이집의 경우 지방자치단체의 조례로 정한다.",위임,조례,,rule
P02216,"⑨ 어린이집의 운영 위탁에 관한 구체적인 사항은 국립어린이집의 경우 교육부장관이 정하고, 공립어린이집의 경우 지방자치단체의 조례로 정한다.",위임,조례,,rule
P02217,"⑨ 어린이집의 운영 위탁에 관한 구체적인 사항은 국립어린이집의 경우 교육부장관이 정하고, 공립어린이집의 경우 지방자치단체의 조례로 정한다.",위임,조례,,rule
P02218,"⑨ 어린이집의 운영 위탁에 관한 구체적인 사항은 국립어린이집의 경우 교육부장관이 정하고, 공립어린이집의 경우 지방자치단체의 조례로 정한다.",위임,조례,,rule
P02219,"⑨ 어린이집의 운영 위탁에 관한 구체적인 사항은 국립어린이집의 경우 교육부장관이 정하고, 공립어린이집의 경우 지방자치단체의 조례로 정한다.",위임,조례,,rule
P02220,"⑨ 어린이집의 운영 위탁에 관한 구체적인 사항은 국립어린이집의 경우 교육부장관이 정하고, 공립어린이집의 경우 지방자치단체의 조례로 정한다.",위임,조례,,rule
P02221,"⑨ 어린이집의 운영 위탁에 관한 구체적인 사항은 국립어린이집의 경우 교육부장관이 정하고, 공립어린이집의 경우 지방자치단체의 조례로 정한다.",위임,조례,,rule
P02222,"⑨ 어린이집의 운영 위탁에 관한 구체적인 사항은 국립어린이집의 경우 교육부장관이 정하고, 공립어린이집의 경우 지방자치단체의 조례로 정한다.",위임,조례,,rule
P02223,"⑨ 어린이집의 운영 위탁에 관한 구체적인 사항은 국립어린이집의 경우 교육부장관이 정하고, 공립어린이집의 경우 지방자치단체의 조례로 정한다.",위임,조례,,rule
P02224,"⑨ 어린이집의 운영 위탁에 관한 구체적인 사항은 국립어린이집의 경우 교육부장관이 정하고, 공립어린이집의 경우 지방자치단체의 조례로 정한다.",위임,조례,,rule
P02225,"⑨ 어린이집의 운영 위탁에 관한 구체적인 사항은 국립어린이집의 경우 교육부장관이 정하고, 공립어린이집의 경우 지방자치단체의 조례로 정한다.",위임,조례,,rule
P02226,"⑨ 어린이집의 운영 위탁에 관한 구체적인 사항은 국립어린이집의 경우 교육부장관이 정하고, 공립어린이집의 경우 지방자치단체의 조례로 정한다.",위임,조례,,rule
P02227,"⑨ 어린이집의 운영 위탁에 관한 구체적인 사항은 국립어린이집의 경우 교육부장관이 정하고, 공립어린이집의 경우 지방자치단체의 조례로 정한다.",위임,조례,,rule
P02228,"⑨ 어린이집의 운영 위탁에 관한 구체적인 사항은 국립어린이집의 경우 교육부장관이 정하고, 공립어린이집의 경우 지방자치단체의 조례로 정한다.",위임,조례,,rule
P02229,"⑨ 어린이집의 운영 위탁에 관한 구체적인 사항은 국립어린이집의 경우 교육부장관이 정하고, 공립어린이집의 경우 지방자치단체의 조례로 정한다.",위임,조례,,rule
P02230,"⑨ 어린이집의 운영 위탁에 관한 구체적인 사항은 국립어린이집의 경우 교육부장관이 정하고, 공립어린이집의 경우 지방자치단체의 조례로 정한다.",위임,조례,,rule
P02231,"⑨ 어린이집의 운영 위탁에 관한 구체적인 사항은 국립어린이집의 경우 교육부장관이 정하고, 공립어린이집의 경우 지방자치단체의 조례로 정한다.",위임,조례,,rule
P02232,"⑨ 어린이집의 운영 위탁에 관한 구체적인 사항은 국립어린이집의 경우 교육부장관이 정하고, 공립어린이집의 경우 지방자치단체의 조례로 정한다.",위임,조례,,rule
P02233,"⑨ 어린이집의 운영 위탁에 관한 구체적인 사항은 국립어린이집의 경우 교육부장관이 정하고, 공립어린이집의 경우 지방자치단체의 조례로 정한다.",위임,조례,,rule
P02234,"⑨ 어린이집의 운영 위탁에 관한 구체적인 사항은 국립어린이집의 경우 교육부장관이 정하고, 공립어린이집의 경우 지방자치단체의 조례로 정한다.",위임,조례,,rule
P02235,"⑨ 어린이집의 운영 위탁에 관한 구체적인 사항은 국립어린이집의 경우 교육부장관이 정하고, 공립어린이집의 경우 지방자치단체의 조례로 정한다.",위임,조례,,rule
P02236,"⑨ 어린이집의 운영 위탁에 관한 구체적인 사항은 국립어린이집의 경우 교육부장관이 정하고, 공립어린이집의 경우 지방자치단체의 조례로 정한다.",위임,조례,,rule
P02237,"⑨ 어린이집의 운영 위탁에 관한 구체적인 사항은 국립어린이집의 경우 교육부장관이 정하고, 공립어린이집의 경우 지방자치단체의 조례로 정한다.",위임,조례,,rule
P02238,"⑨ 어린이집의 운영 위탁에 관한 구체적인 사항은 국립어린이집의 경우 교육부장관이 정하고, 공립어린이집의 경우 지방자치단체의 조례로 정한다.",위임,조례,,rule
P02239,"⑨ 어린이집의 운영 위탁에 관한 구체적인 사항은 국립어린이집의 경우 교육부장관이 정하고, 공립어린이집의 경우 지방자치단체의 조례로 정한다.",위임,조례,,rule
P02240,"⑨ 어린이집의 운영 위탁에 관한 구체적인 사항은 국립어린이집의 경우 교육부장관이 정하고, 공립어린이집의 경우 지방자치단체의 조례로 정한다.",위임,조례,,rule
P02241,"⑨ 어린이집의 운영 위탁에 관한 구체적인 사항은 국립어린이집의 경우 교육부장관이 정하고, 공립어린이집의 경우 지방자치단체의 조례로 정한다.",위임,조례,,rule
P02242,"⑨ 어린이집의 운영 위탁에 관한 구체적인 사항은 국립어린이집의 경우 교육부장관이 정하고, 공립어린이집의 경우 지방자치단체의 조례로 정한다.",위임,조례,,rule
P02243,"⑨ 어린이집의 운영 위탁에 관한 구체적인 사항은 국립어린이집의 경우 교육부장관이 정하고, 공립어린이집의 경우 지방자치단체의 조례로 정한다.",위임,조례,,rule
P02244,"⑨ 어린이집의 운영 위탁에 관한 구체적인 사항은 국립어린이집의 경우 교육부장관이 정하고, 공립어린이집의 경우 지방자치단체의 조례로 정한다.",위임,조례,,rule
P02245,"⑨ 어린이집의 운영 위탁에 관한 구체적인 사항은 국립어린이집의 경우 교육부장관이 정하고, 공립어린이집의 경우 지방자치단체의 조례로 정한다.",위임,조례,,rule
P02246,"⑨ 어린이집의 운영 위탁에 관한 구체적인 사항은 국립어린이집의 경우 교육부장관이 정하고, 공립어린이집의 경우 지방자치단체의 조례로 정한다.",위임,조례,,rule
P02247,"⑨ 어린이집의 운영 위탁에 관한 구체적인 사항은 국립어린이집의 경우 교육부장관이 정하고, 공립어린이집의 경우 지방자치단체의 조례로 정한다.",위임,조례,,rule
P02248,"⑨ 어린이집의 운영 위탁에 관한 구체적인 사항은 국립어린이집의 경우 교육부장관이 정하고, 공립어린이집의 경우 지방자치단체의 조례로 정한다.",위임,조례,,rule
P02249,"⑨ 어린이집의 운영 위탁에 관한 구체적인 사항은 국립어린이집의 경우 교육부장관이 정하고, 공립어린이집의 경우 지방자치단체의 조례로 정한다.",위임,조례,,rule
P02250,"⑨ 어린이집의 운영 위탁에 관한 구체적인 사항은 국립어린이집의 경우 교육부장관이 정하고, 공립어린이집의 경우 지방자치단체의 조례로 정한다.",위임,조례,,rule
P02251,"⑨ 어린이집의 운영 위탁에 관한 구체적인 사항은 국립어린이집의 경우 교육부장관이 정하고, 공립어린이집의 경우 지방자치단체의 조례로 정한다.",위임,조례,,rule
P02252,"⑨ 어린이집의 운영 위탁에 관한 구체적인 사항은 국립어린이집의 경우 교육부장관이 정하고, 공립어린이집의 경우 지방자치단체의 조례로 정한다.",위임,조례,,rule
P02253,"⑨ 어린이집의 운영 위탁에 관한 구체적인 사항은 국립어린이집의 경우 교육부장관이 정하고, 공립어린이집의 경우 지방자치단체의 조례로 정한다.",위임,조례,,rule
P02254,"⑨ 어린이집의 운영 위탁에 관한 구체적인 사항은 국립어린이집의 경우 교육부장관이 정하고, 공립어린이집의 경우 지방자치단체의 조례로 정한다.",위임,조례,,rule
P02255,"⑨ 어린이집의 운영 위탁에 관한 구체적인 사항은 국립어린이집의 경우 교육부장관이 정하고, 공립어린이집의 경우 지방자치단체의 조례로 정한다.",위임,조례,,rule
P02256,"⑨ 어린이집의 운영 위탁에 관한 구체적인 사항은 국립어린이집의 경우 교육부장관이 정하고, 공립어린이집의 경우 지방자치단체의 조례로 정한다.",위임,조례,,rule
P02257,"⑨ 어린이집의 운영 위탁에 관한 구체적인 사항은 국립어린이집의 경우 교육부장관이 정하고, 공립어린이집의 경우 지방자치단체의 조례로 정한다.",위임,조례,,rule
P02258,"⑨ 어린이집의 운영 위탁에 관한 구체적인 사항은 국립어린이집의 경우 교육부장관이 정하고, 공립어린이집의 경우 지방자치단체의 조례로 정한다.",위임,조례,,rule
P02259,"⑨ 어린이집의 운영 위탁에 관한 구체적인 사항은 국립어린이집의 경우 교육부장관이 정하고, 공립어린이집의 경우 지방자치단체의 조례로 정한다.",위임,조례,,rule
P02260,"⑨ 어린이집의 운영 위탁에 관한 구체적인 사항은 국립어린이집의 경우 교육부장관이 정하고, 공립어린이집의 경우 지방자치단체의 조례로 정한다.",위임,조례,,rule
P02261,"⑨ 어린이집의 운영 위탁에 관한 구체적인 사항은 국립어린이집의 경우 교육부장관이 정하고, 공립어린이집의 경우 지방자치단체의 조례로 정한다.",위임,조례,,rule
P02262,"⑨ 어린이집의 운영 위탁에 관한 구체적인 사항은 국립어린이집의 경우 교육부장관이 정하고, 공립어린이집의 경우 지방자치단체의 조례로 정한다.",위임,조례,,rule
P02263,"⑨ 어린이집의 운영 위탁에 관한 구체적인 사항은 국립어린이집의 경우 교육부장관이 정하고, 공립어린이집의 경우 지방자치단체의 조례로 정한다.",위임,조례,,rule
P02264,"⑨ 어린이집의 운영 위탁에 관한 구체적인 사항은 국립어린이집의 경우 교육부장관이 정하고, 공립어린이집의 경우 지방자치단체의 조례로 정한다.",위임,조례,,rule
P02265,"⑨ 어린이집의 운영 위탁에 관한 구체적인 사항은 국립어린이집의 경우 교육부장관이 정하고, 공립어린이집의 경우 지방자치단체의 조례로 정한다.",위임,조례,,rule
P02266,"⑨ 어린이집의 운영 위탁에 관한 구체적인 사항은 국립어린이집의 경우 교육부장관이 정하고, 공립어린이집의 경우 지방자치단체의 조례로 정한다.",위임,조례,,rule
P02267,"⑨ 어린이집의 운영 위탁에 관한 구체적인 사항은 국립어린이집의 경우 교육부장관이 정하고, 공립어린이집의 경우 지방자치단체의 조례로 정한다.",위임,조례,,rule
P02268,"⑨ 어린이집의 운영 위탁에 관한 구체적인 사항은 국립어린이집의 경우 교육부장관이 정하고, 공립어린이집의 경우 지방자치단체의 조례로 정한다.",위임,조례,,rule
P02269,"⑨ 어린이집의 운영 위탁에 관한 구체적인 사항은 국립어린이집의 경우 교육부장관이 정하고, 공립어린이집의 경우 지방자치단체의 조례로 정한다.",위임,조례,,rule
P02270,"⑨ 어린이집의 운영 위탁에 관한 구체적인 사항은 국립어린이집의 경우 교육부장관이 정하고, 공립어린이집의 경우 지방자치단체의 조례로 정한다.",위임,조례,,rule
P02271,"⑨ 어린이집의 운영 위탁에 관한 구체적인 사항은 국립어린이집의 경우 교육부장관이 정하고, 공립어린이집의 경우 지방자치단체의 조례로 정한다.",위임,조례,,rule
P02272,"⑨ 어린이집의 운영 위탁에 관한 구체적인 사항은 국립어린이집의 경우 교육부장관이 정하고, 공립어린이집의 경우 지방자치단체의 조례로 정한다.",위임,조례,,rule
P02273,"⑨ 어린이집의 운영 위탁에 관한 구체적인 사항은 국립어린이집의 경우 교육부장관이 정하고, 공립어린이집의 경우 지방자치단체의 조례로 정한다.",위임,조례,,rule
P02274,"⑨ 어린이집의 운영 위탁에 관한 구체적인 사항은 국립어린이집의 경우 교육부장관이 정하고, 공립어린이집의 경우 지방자치단체의 조례로 정한다.",위임,조례,,rule
P02275,"⑨ 어린이집의 운영 위탁에 관한 구체적인 사항은 국립어린이집의 경우 교육부장관이 정하고, 공립어린이집의 경우 지방자치단체의 조례로 정한다.",위임,조례,,rule
P02276,"⑨ 어린이집의 운영 위탁에 관한 구체적인 사항은 국립어린이집의 경우 교육부장관이 정하고, 공립어린이집의 경우 지방자치단체의 조례로 정한다.",위임,조례,,rule
P02277,"⑨ 어린이집의 운영 위탁에 관한 구체적인 사항은 국립어린이집의 경우 교육부장관이 정하고, 공립어린이집의 경우 지방자치단체의 조례로 정한다.",위임,조례,,rule
P02278,"⑨ 어린이집의 운영 위탁에 관한 구체적인 사항은 국립어린이집의 경우 교육부장관이 정하고, 공립어린이집의 경우 지방자치단체의 조례로 정한다.",위임,조례,,rule
P02279,"⑨ 어린이집의 운영 위탁에 관한 구체적인 사항은 국립어린이집의 경우 교육부장관이 정하고, 공립어린이집의 경우 지방자치단체의 조례로 정한다.",위임,조례,,rule
P02280,"⑨ 어린이집의 운영 위탁에 관한 구체적인 사항은 국립어린이집의 경우 교육부장관이 정하고, 공립어린이집의 경우 지방자치단체의 조례로 정한다.",위임,조례,,rule
P02281,"⑨ 어린이집의 운영 위탁에 관한 구체적인 사항은 국립어린이집의 경우 교육부장관이 정하고, 공립어린이집의 경우 지방자치단체의 조례로 정한다.",위임,조례,,rule
P02282,"⑨ 어린이집의 운영 위탁에 관한 구체적인 사항은 국립어린이집의 경우 교육부장관이 정하고, 공립어린이집의 경우 지방자치단체의 조례로 정한다.",위임,조례,,rule
P02283,"⑨ 어린이집의 운영 위탁에 관한 구체적인 사항은 국립어린이집의 경우 교육부장관이 정하고, 공립어린이집의 경우 지방자치단체의 조례로 정한다.",위임,조례,,rule
P02284,"⑨ 어린이집의 운영 위탁에 관한 구체적인 사항은 국립어린이집의 경우 교육부장관이 정하고, 공립어린이집의 경우 지방자치단체의 조례로 정한다.",위임,조례,,rule
P02285,"⑨ 어린이집의 운영 위탁에 관한 구체적인 사항은 국립어린이집의 경우 교육부장관이 정하고, 공립어린이집의 경우 지방자치단체의 조례로 정한다.",위임,조례,,rule
P02286,"⑨ 어린이집의 운영 위탁에 관한 구체적인 사항은 국립어린이집의 경우 교육부장관이 정하고, 공립어린이집의 경우 지방자치단체의 조례로 정한다.",위임,조례,,rule
P02287,"⑨ 어린이집의 운영 위탁에 관한 구체적인 사항은 국립어린이집의 경우 교육부장관이 정하고, 공립어린이집의 경우 지방자치단체의 조례로 정한다.",위임,조례,,rule
P02288,"⑨ 어린이집의 운영 위탁에 관한 구체적인 사항은 국립어린이집의 경우 교육부장관이 정하고, 공립어린이집의 경우 지방자치단체의 조례로 정한다.",위임,조례,,rule
P02289,"⑨ 어린이집의 운영 위탁에 관한 구체적인 사항은 국립어린이집의 경우 교육부장관이 정하고, 공립어린이집의 경우 지방자치단체의 조례로 정한다.",위임,조례,,rule
P02290,"⑨ 어린이집의 운영 위탁에 관한 구체적인 사항은 국립어린이집의 경우 교육부장관이 정하고, 공립어린이집의 경우 지방자치단체의 조례로 정한다.",위임,조례,,rule
P02291,"⑨ 어린이집의 운영 위탁에 관한 구체적인 사항은 국립어린이집의 경우 교육부장관이 정하고, 공립어린이집의 경우 지방자치단체의 조례로 정한다.",위임,조례,,rule
P02292,"⑨ 어린이집의 운영 위탁에 관한 구체적인 사항은 국립어린이집의 경우 교육부장관이 정하고, 공립어린이집의 경우 지방자치단체의 조례로 정한다.",위임,조례,,rule
P02293,"⑨ 어린이집의 운영 위탁에 관한 구체적인 사항은 국립어린이집의 경우 교육부장관이 정하고, 공립어린이집의 경우 지방자치단체의 조례로 정한다.",위임,조례,,rule
P02294,"⑨ 어린이집의 운영 위탁에 관한 구체적인 사항은 국립어린이집의 경우 교육부장관이 정하고, 공립어린이집의 경우 지방자치단체의 조례로 정한다.",위임,조례,,rule
P02295,"⑨ 어린이집의 운영 위탁에 관한 구체적인 사항은 국립어린이집의 경우 교육부장관이 정하고, 공립어린이집의 경우 지방자치단체의 조례로 정한다.",위임,조례,,rule
P02296,"⑨ 어린이집의 운영 위탁에 관한 구체적인 사항은 국립어린이집의 경우 교육부장관이 정하고, 공립어린이집의 경우 지방자치단체의 조례로 정한다.",위임,조례,,rule
P02297,"⑨ 어린이집의 운영 위탁에 관한 구체적인 사항은 국립어린이집의 경우 교육부장관이 정하고, 공립어린이집의 경우 지방자치단체의 조례로 정한다.",위임,조례,,rule
P02298,"⑨ 어린이집의 운영 위탁에 관한 구체적인 사항은 국립어린이집의 경우 교육부장관이 정하고, 공립어린이집의 경우 지방자치단체의 조례로 정한다.",위임,조례,,rule
P02299,"⑨ 어린이집의 운영 위탁에 관한 구체적인 사항은 국립어린이집의 경우 교육부장관이 정하고, 공립어린이집의 경우 지방자치단체의 조례로 정한다.",위임,조례,,rule
P02300,"⑨ 어린이집의 운영 위탁에 관한 구체적인 사항은 국립어린이집의 경우 교육부장관이 정하고, 공립어린이집의 경우 지방자치단체의 조례로 정한다.",위임,조례,,rule
P02301,"⑨ 어린이집의 운영 위탁에 관한 구체적인 사항은 국립어린이집의 경우 교육부장관이 정하고, 공립어린이집의 경우 지방자치단체의 조례로 정한다.",위임,조례,,rule
P02302,"⑨ 어린이집의 운영 위탁에 관한 구체적인 사항은 국립어린이집의 경우 교육부장관이 정하고, 공립어린이집의 경우 지방자치단체의 조례로 정한다.",위임,조례,,rule
P02303,"⑨ 어린이집의 운영 위탁에 관한 구체적인 사항은 국립어린이집의 경우 교육부장관이 정하고, 공립어린이집의 경우 지방자치단체의 조례로 정한다.",위임,조례,,rule
P02304,"⑨ 어린이집의 운영 위탁에 관한 구체적인 사항은 국립어린이집의 경우 교육부장관이 정하고, 공립어린이집의 경우 지방자치단체의 조례로 정한다.",위임,조례,,rule
P02305,"⑨ 어린이집의 운영 위탁에 관한 구체적인 사항은 국립어린이집의 경우 교육부장관이 정하고, 공립어린이집의 경우 지방자치단체의 조례로 정한다.",위임,조례,,rule
P02306,"⑨ 어린이집의 운영 위탁에 관한 구체적인 사항은 국립어린이집의 경우 교육부장관이 정하고, 공립어린이집의 경우 지방자치단체의 조례로 정한다.",위임,조례,,rule
P02307,"⑨ 어린이집의 운영 위탁에 관한 구체적인 사항은 국립어린이집의 경우 교육부장관이 정하고, 공립어린이집의 경우 지방자치단체의 조례로 정한다.",위임,조례,,rule
P02308,"⑨ 어린이집의 운영 위탁에 관한 구체적인 사항은 국립어린이집의 경우 교육부장관이 정하고, 공립어린이집의 경우 지방자치단체의 조례로 정한다.",위임,조례,,rule
P02309,"⑨ 어린이집의 운영 위탁에 관한 구체적인 사항은 국립어린이집의 경우 교육부장관이 정하고, 공립어린이집의 경우 지방자치단체의 조례로 정한다.",위임,조례,,rule
P02310,"⑨ 어린이집의 운영 위탁에 관한 구체적인 사항은 국립어린이집의 경우 교육부장관이 정하고, 공립어린이집의 경우 지방자치단체의 조례로 정한다.",위임,조례,,rule
P02311,"⑨ 어린이집의 운영 위탁에 관한 구체적인 사항은 국립어린이집의 경우 교육부장관이 정하고, 공립어린이집의 경우 지방자치단체의 조례로 정한다.",위임,조례,,rule
P02312,"⑨ 어린이집의 운영 위탁에 관한 구체적인 사항은 국립어린이집의 경우 교육부장관이 정하고, 공립어린이집의 경우 지방자치단체의 조례로 정한다.",위임,조례,,rule
P02313,"⑨ 어린이집의 운영 위탁에 관한 구체적인 사항은 국립어린이집의 경우 교육부장관이 정하고, 공립어린이집의 경우 지방자치단체의 조례로 정한다.",위임,조례,,rule
P02314,"⑨ 어린이집의 운영 위탁에 관한 구체적인 사항은 국립어린이집의 경우 교육부장관이 정하고, 공립어린이집의 경우 지방자치단체의 조례로 정한다.",위임,조례,,rule
P02315,"⑨ 어린이집의 운영 위탁에 관한 구체적인 사항은 국립어린이집의 경우 교육부장관이 정하고, 공립어린이집의 경우 지방자치단체의 조례로 정한다.",위임,조례,,rule
P02316,"⑨ 어린이집의 운영 위탁에 관한 구체적인 사항은 국립어린이집의 경우 교육부장관이 정하고, 공립어린이집의 경우 지방자치단체의 조례로 정한다.",위임,조례,,rule
P02317,"⑨ 어린이집의 운영 위탁에 관한 구체적인 사항은 국립어린이집의 경우 교육부장관이 정하고, 공립어린이집의 경우 지방자치단체의 조례로 정한다.",위임,조례,,rule
P02318,"⑨ 어린이집의 운영 위탁에 관한 구체적인 사항은 국립어린이집의 경우 교육부장관이 정하고, 공립어린이집의 경우 지방자치단체의 조례로 정한다.",위임,조례,,rule
P02319,"⑨ 어린이집의 운영 위탁에 관한 구체적인 사항은 국립어린이집의 경우 교육부장관이 정하고, 공립어린이집의 경우 지방자치단체의 조례로 정한다.",위임,조례,,rule
P02320,"⑨ 어린이집의 운영 위탁에 관한 구체적인 사항은 국립어린이집의 경우 교육부장관이 정하고, 공립어린이집의 경우 지방자치단체의 조례로 정한다.",위임,조례,,rule
P02321,"⑨ 어린이집의 운영 위탁에 관한 구체적인 사항은 국립어린이집의 경우 교육부장관이 정하고, 공립어린이집의 경우 지방자치단체의 조례로 정한다.",위임,조례,,rule
P02322,"⑨ 어린이집의 운영 위탁에 관한 구체적인 사항은 국립어린이집의 경우 교육부장관이 정하고, 공립어린이집의 경우 지방자치단체의 조례로 정한다.",위임,조례,,rule
P02323,"⑨ 어린이집의 운영 위탁에 관한 구체적인 사항은 국립어린이집의 경우 교육부장관이 정하고, 공립어린이집의 경우 지방자치단체의 조례로 정한다.",위임,조례,,rule
P02324,"⑨ 어린이집의 운영 위탁에 관한 구체적인 사항은 국립어린이집의 경우 교육부장관이 정하고, 공립어린이집의 경우 지방자치단체의 조례로 정한다.",위임,조례,,rule
P02325,"⑨ 어린이집의 운영 위탁에 관한 구체적인 사항은 국립어린이집의 경우 교육부장관이 정하고, 공립어린이집의 경우 지방자치단체의 조례로 정한다.",위임,조례,,rule
P02326,"⑨ 어린이집의 운영 위탁에 관한 구체적인 사항은 국립어린이집의 경우 교육부장관이 정하고, 공립어린이집의 경우 지방자치단체의 조례로 정한다.",위임,조례,,rule
P02327,"⑨ 어린이집의 운영 위탁에 관한 구체적인 사항은 국립어린이집의 경우 교육부장관이 정하고, 공립어린이집의 경우 지방자치단체의 조례로 정한다.",위임,조례,,rule
P02328,"⑨ 어린이집의 운영 위탁에 관한 구체적인 사항은 국립어린이집의 경우 교육부장관이 정하고, 공립어린이집의 경우 지방자치단체의 조례로 정한다.",위임,조례,,rule
P02329,"⑨ 어린이집의 운영 위탁에 관한 구체적인 사항은 국립어린이집의 경우 교육부장관이 정하고, 공립어린이집의 경우 지방자치단체의 조례로 정한다.",위임,조례,,rule
P02330,"⑨ 어린이집의 운영 위탁에 관한 구체적인 사항은 국립어린이집의 경우 교육부장관이 정하고, 공립어린이집의 경우 지방자치단체의 조례로 정한다.",위임,조례,,rule
P02331,"⑨ 어린이집의 운영 위탁에 관한 구체적인 사항은 국립어린이집의 경우 교육부장관이 정하고, 공립어린이집의 경우 지방자치단체의 조례로 정한다.",위임,조례,,rule
P02332,"⑨ 어린이집의 운영 위탁에 관한 구체적인 사항은 국립어린이집의 경우 교육부장관이 정하고, 공립어린이집의 경우 지방자치단체의 조례로 정한다.",위임,조례,,rule
P02333,"⑨ 어린이집의 운영 위탁에 관한 구체적인 사항은 국립어린이집의 경우 교육부장관이 정하고, 공립어린이집의 경우 지방자치단체의 조례로 정한다.",위임,조례,,rule
P02334,"⑨ 어린이집의 운영 위탁에 관한 구체적인 사항은 국립어린이집의 경우 교육부장관이 정하고, 공립어린이집의 경우 지방자치단체의 조례로 정한다.",위임,조례,,rule
P02335,"⑨ 어린이집의 운영 위탁에 관한 구체적인 사항은 국립어린이집의 경우 교육부장관이 정하고, 공립어린이집의 경우 지방자치단체의 조례로 정한다.",위임,조례,,rule
P02336,"⑨ 어린이집의 운영 위탁에 관한 구체적인 사항은 국립어린이집의 경우 교육부장관이 정하고, 공립어린이집의 경우 지방자치단체의 조례로 정한다.",위임,조례,,rule
P02337,"⑨ 어린이집의 운영 위탁에 관한 구체적인 사항은 국립어린이집의 경우 교육부장관이 정하고, 공립어린이집의 경우 지방자치단체의 조례로 정한다.",위임,조례,,rule
P02338,"⑨ 어린이집의 운영 위탁에 관한 구체적인 사항은 국립어린이집의 경우 교육부장관이 정하고, 공립어린이집의 경우 지방자치단체의 조례로 정한다.",위임,조례,,rule
P02339,"⑨ 어린이집의 운영 위탁에 관한 구체적인 사항은 국립어린이집의 경우 교육부장관이 정하고, 공립어린이집의 경우 지방자치단체의 조례로 정한다.",위임,조례,,rule
P02340,"⑨ 어린이집의 운영 위탁에 관한 구체적인 사항은 국립어린이집의 경우 교육부장관이 정하고, 공립어린이집의 경우 지방자치단체의 조례로 정한다.",위임,조례,,rule
P02341,"⑨ 어린이집의 운영 위탁에 관한 구체적인 사항은 국립어린이집의 경우 교육부장관이 정하고, 공립어린이집의 경우 지방자치단체의 조례로 정한다.",위임,조례,,rule
P02342,"⑨ 어린이집의 운영 위탁에 관한 구체적인 사항은 국립어린이집의 경우 교육부장관이 정하고, 공립어린이집의 경우 지방자치단체의 조례로 정한다.",위임,조례,,rule
P02343,"⑨ 어린이집의 운영 위탁에 관한 구체적인 사항은 국립어린이집의 경우 교육부장관이 정하고, 공립어린이집의 경우 지방자치단체의 조례로 정한다.",위임,조례,,rule
P02344,"⑨ 어린이집의 운영 위탁에 관한 구체적인 사항은 국립어린이집의 경우 교육부장관이 정하고, 공립어린이집의 경우 지방자치단체의 조례로 정한다.",위임,조례,,rule
P02345,"⑨ 어린이집의 운영 위탁에 관한 구체적인 사항은 국립어린이집의 경우 교육부장관이 정하고, 공립어린이집의 경우 지방자치단체의 조례로 정한다.",위임,조례,,rule
P02346,"⑨ 어린이집의 운영 위탁에 관한 구체적인 사항은 국립어린이집의 경우 교육부장관이 정하고, 공립어린이집의 경우 지방자치단체의 조례로 정한다.",위임,조례,,rule
P02347,"⑨ 어린이집의 운영 위탁에 관한 구체적인 사항은 국립어린이집의 경우 교육부장관이 정하고, 공립어린이집의 경우 지방자치단체의 조례로 정한다.",위임,조례,,rule
P02348,"⑨ 어린이집의 운영 위탁에 관한 구체적인 사항은 국립어린이집의 경우 교육부장관이 정하고, 공립어린이집의 경우 지방자치단체의 조례로 정한다.",위임,조례,,rule
P02349,"⑨ 어린이집의 운영 위탁에 관한 구체적인 사항은 국립어린이집의 경우 교육부장관이 정하고, 공립어린이집의 경우 지방자치단체의 조례로 정한다.",위임,조례,,rule
P02350,"⑨ 어린이집의 운영 위탁에 관한 구체적인 사항은 국립어린이집의 경우 교육부장관이 정하고, 공립어린이집의 경우 지방자치단체의 조례로 정한다.",위임,조례,,rule
P02351,"⑨ 어린이집의 운영 위탁에 관한 구체적인 사항은 국립어린이집의 경우 교육부장관이 정하고, 공립어린이집의 경우 지방자치단체의 조례로 정한다.",위임,조례,,rule
P02352,"⑨ 어린이집의 운영 위탁에 관한 구체적인 사항은 국립어린이집의 경우 교육부장관이 정하고, 공립어린이집의 경우 지방자치단체의 조례로 정한다.",위임,조례,,rule
P02353,"⑨ 어린이집의 운영 위탁에 관한 구체적인 사항은 국립어린이집의 경우 교육부장관이 정하고, 공립어린이집의 경우 지방자치단체의 조례로 정한다.",위임,조례,,rule
P02354,"⑨ 어린이집의 운영 위탁에 관한 구체적인 사항은 국립어린이집의 경우 교육부장관이 정하고, 공립어린이집의 경우 지방자치단체의 조례로 정한다.",위임,조례,,rule
P02355,"⑨ 어린이집의 운영 위탁에 관한 구체적인 사항은 국립어린이집의 경우 교육부장관이 정하고, 공립어린이집의 경우 지방자치단체의 조례로 정한다.",위임,조례,,rule
P02356,"⑨ 어린이집의 운영 위탁에 관한 구체적인 사항은 국립어린이집의 경우 교육부장관이 정하고, 공립어린이집의 경우 지방자치단체의 조례로 정한다.",위임,조례,,rule
P02357,"⑨ 어린이집의 운영 위탁에 관한 구체적인 사항은 국립어린이집의 경우 교육부장관이 정하고, 공립어린이집의 경우 지방자치단체의 조례로 정한다.",위임,조례,,rule
P02358,"⑨ 어린이집의 운영 위탁에 관한 구체적인 사항은 국립어린이집의 경우 교육부장관이 정하고, 공립어린이집의 경우 지방자치단체의 조례로 정한다.",위임,조례,,rule
P02359,"⑨ 어린이집의 운영 위탁에 관한 구체적인 사항은 국립어린이집의 경우 교육부장관이 정하고, 공립어린이집의 경우 지방자치단체의 조례로 정한다.",위임,조례,,rule
P02360,"⑨ 어린이집의 운영 위탁에 관한 구체적인 사항은 국립어린이집의 경우 교육부장관이 정하고, 공립어린이집의 경우 지방자치단체의 조례로 정한다.",위임,조례,,rule
P02361,"⑨ 어린이집의 운영 위탁에 관한 구체적인 사항은 국립어린이집의 경우 교육부장관이 정하고, 공립어린이집의 경우 지방자치단체의 조례로 정한다.",위임,조례,,rule
P02362,"⑨ 어린이집의 운영 위탁에 관한 구체적인 사항은 국립어린이집의 경우 교육부장관이 정하고, 공립어린이집의 경우 지방자치단체의 조례로 정한다.",위임,조례,,rule
P02363,"⑨ 어린이집의 운영 위탁에 관한 구체적인 사항은 국립어린이집의 경우 교육부장관이 정하고, 공립어린이집의 경우 지방자치단체의 조례로 정한다.",위임,조례,,rule
P02364,"⑨ 어린이집의 운영 위탁에 관한 구체적인 사항은 국립어린이집의 경우 교육부장관이 정하고, 공립어린이집의 경우 지방자치단체의 조례로 정한다.",위임,조례,,rule
P02365,"⑨ 어린이집의 운영 위탁에 관한 구체적인 사항은 국립어린이집의 경우 교육부장관이 정하고, 공립어린이집의 경우 지방자치단체의 조례로 정한다.",위임,조례,,rule
P02366,"⑨ 어린이집의 운영 위탁에 관한 구체적인 사항은 국립어린이집의 경우 교육부장관이 정하고, 공립어린이집의 경우 지방자치단체의 조례로 정한다.",위임,조례,,rule
P02367,"⑨ 어린이집의 운영 위탁에 관한 구체적인 사항은 국립어린이집의 경우 교육부장관이 정하고, 공립어린이집의 경우 지방자치단체의 조례로 정한다.",위임,조례,,rule
P02368,"⑨ 어린이집의 운영 위탁에 관한 구체적인 사항은 국립어린이집의 경우 교육부장관이 정하고, 공립어린이집의 경우 지방자치단체의 조례로 정한다.",위임,조례,,rule
P02369,"⑨ 어린이집의 운영 위탁에 관한 구체적인 사항은 국립어린이집의 경우 교육부장관이 정하고, 공립어린이집의 경우 지방자치단체의 조례로 정한다.",위임,조례,,rule
P02370,"⑨ 어린이집의 운영 위탁에 관한 구체적인 사항은 국립어린이집의 경우 교육부장관이 정하고, 공립어린이집의 경우 지방자치단체의 조례로 정한다.",위임,조례,,rule
P02371,"⑨ 어린이집의 운영 위탁에 관한 구체적인 사항은 국립어린이집의 경우 교육부장관이 정하고, 공립어린이집의 경우 지방자치단체의 조례로 정한다.",위임,조례,,rule
P02372,"⑨ 어린이집의 운영 위탁에 관한 구체적인 사항은 국립어린이집의 경우 교육부장관이 정하고, 공립어린이집의 경우 지방자치단체의 조례로 정한다.",위임,조례,,rule
P02373,"⑨ 어린이집의 운영 위탁에 관한 구체적인 사항은 국립어린이집의 경우 교육부장관이 정하고, 공립어린이집의 경우 지방자치단체의 조례로 정한다.",위임,조례,,rule
P02374,"⑨ 어린이집의 운영 위탁에 관한 구체적인 사항은 국립어린이집의 경우 교육부장관이 정하고, 공립어린이집의 경우 지방자치단체의 조례로 정한다.",위임,조례,,rule
P02375,"⑨ 어린이집의 운영 위탁에 관한 구체적인 사항은 국립어린이집의 경우 교육부장관이 정하고, 공립어린이집의 경우 지방자치단체의 조례로 정한다.",위임,조례,,rule
P02376,"⑨ 어린이집의 운영 위탁에 관한 구체적인 사항은 국립어린이집의 경우 교육부장관이 정하고, 공립어린이집의 경우 지방자치단체의 조례로 정한다.",위임,조례,,rule
P02377,"⑨ 어린이집의 운영 위탁에 관한 구체적인 사항은 국립어린이집의 경우 교육부장관이 정하고, 공립어린이집의 경우 지방자치단체의 조례로 정한다.",위임,조례,,rule
P02378,"⑨ 어린이집의 운영 위탁에 관한 구체적인 사항은 국립어린이집의 경우 교육부장관이 정하고, 공립어린이집의 경우 지방자치단체의 조례로 정한다.",위임,조례,,rule
P02379,"⑨ 어린이집의 운영 위탁에 관한 구체적인 사항은 국립어린이집의 경우 교육부장관이 정하고, 공립어린이집의 경우 지방자치단체의 조례로 정한다.",위임,조례,,rule
P02380,"⑨ 어린이집의 운영 위탁에 관한 구체적인 사항은 국립어린이집의 경우 교육부장관이 정하고, 공립어린이집의 경우 지방자치단체의 조례로 정한다.",위임,조례,,rule
P02381,"⑨ 어린이집의 운영 위탁에 관한 구체적인 사항은 국립어린이집의 경우 교육부장관이 정하고, 공립어린이집의 경우 지방자치단체의 조례로 정한다.",위임,조례,,rule
P02382,"⑨ 어린이집의 운영 위탁에 관한 구체적인 사항은 국립어린이집의 경우 교육부장관이 정하고, 공립어린이집의 경우 지방자치단체의 조례로 정한다.",위임,조례,,rule
P02383,"⑨ 어린이집의 운영 위탁에 관한 구체적인 사항은 국립어린이집의 경우 교육부장관이 정하고, 공립어린이집의 경우 지방자치단체의 조례로 정한다.",위임,조례,,rule
P02384,"⑨ 어린이집의 운영 위탁에 관한 구체적인 사항은 국립어린이집의 경우 교육부장관이 정하고, 공립어린이집의 경우 지방자치단체의 조례로 정한다.",위임,조례,,rule
P02385,"⑨ 어린이집의 운영 위탁에 관한 구체적인 사항은 국립어린이집의 경우 교육부장관이 정하고, 공립어린이집의 경우 지방자치단체의 조례로 정한다.",위임,조례,,rule
P02386,"⑨ 어린이집의 운영 위탁에 관한 구체적인 사항은 국립어린이집의 경우 교육부장관이 정하고, 공립어린이집의 경우 지방자치단체의 조례로 정한다.",위임,조례,,rule
P02387,"⑨ 어린이집의 운영 위탁에 관한 구체적인 사항은 국립어린이집의 경우 교육부장관이 정하고, 공립어린이집의 경우 지방자치단체의 조례로 정한다.",위임,조례,,rule
P02388,"⑨ 어린이집의 운영 위탁에 관한 구체적인 사항은 국립어린이집의 경우 교육부장관이 정하고, 공립어린이집의 경우 지방자치단체의 조례로 정한다.",위임,조례,,rule
P02389,"⑨ 어린이집의 운영 위탁에 관한 구체적인 사항은 국립어린이집의 경우 교육부장관이 정하고, 공립어린이집의 경우 지방자치단체의 조례로 정한다.",위임,조례,,rule
P02390,"⑨ 어린이집의 운영 위탁에 관한 구체적인 사항은 국립어린이집의 경우 교육부장관이 정하고, 공립어린이집의 경우 지방자치단체의 조례로 정한다.",위임,조례,,rule
P02391,"⑨ 어린이집의 운영 위탁에 관한 구체적인 사항은 국립어린이집의 경우 교육부장관이 정하고, 공립어린이집의 경우 지방자치단체의 조례로 정한다.",위임,조례,,rule
P02392,"⑨ 어린이집의 운영 위탁에 관한 구체적인 사항은 국립어린이집의 경우 교육부장관이 정하고, 공립어린이집의 경우 지방자치단체의 조례로 정한다.",위임,조례,,rule
P02393,"⑨ 어린이집의 운영 위탁에 관한 구체적인 사항은 국립어린이집의 경우 교육부장관이 정하고, 공립어린이집의 경우 지방자치단체의 조례로 정한다.",위임,조례,,rule
P02394,"⑨ 어린이집의 운영 위탁에 관한 구체적인 사항은 국립어린이집의 경우 교육부장관이 정하고, 공립어린이집의 경우 지방자치단체의 조례로 정한다.",위임,조례,,rule
P02395,"⑨ 어린이집의 운영 위탁에 관한 구체적인 사항은 국립어린이집의 경우 교육부장관이 정하고, 공립어린이집의 경우 지방자치단체의 조례로 정한다.",위임,조례,,rule
P02396,"⑨ 어린이집의 운영 위탁에 관한 구체적인 사항은 국립어린이집의 경우 교육부장관이 정하고, 공립어린이집의 경우 지방자치단체의 조례로 정한다.",위임,조례,,rule
P02397,"⑨ 어린이집의 운영 위탁에 관한 구체적인 사항은 국립어린이집의 경우 교육부장관이 정하고, 공립어린이집의 경우 지방자치단체의 조례로 정한다.",위임,조례,,rule
P02398,"⑨ 어린이집의 운영 위탁에 관한 구체적인 사항은 국립어린이집의 경우 교육부장관이 정하고, 공립어린이집의 경우 지방자치단체의 조례로 정한다.",위임,조례,,rule
P02399,"⑨ 어린이집의 운영 위탁에 관한 구체적인 사항은 국립어린이집의 경우 교육부장관이 정하고, 공립어린이집의 경우 지방자치단체의 조례로 정한다.",위임,조례,,rule
P02400,"⑨ 어린이집의 운영 위탁에 관한 구체적인 사항은 국립어린이집의 경우 교육부장관이 정하고, 공립어린이집의 경우 지방자치단체의 조례로 정한다.",위임,조례,,rule
P02401,"⑨ 어린이집의 운영 위탁에 관한 구체적인 사항은 국립어린이집의 경우 교육부장관이 정하고, 공립어린이집의 경우 지방자치단체의 조례로 정한다.",위임,조례,,rule
P02402,"⑨ 어린이집의 운영 위탁에 관한 구체적인 사항은 국립어린이집의 경우 교육부장관이 정하고, 공립어린이집의 경우 지방자치단체의 조례로 정한다.",위임,조례,,rule
P02403,"⑨ 어린이집의 운영 위탁에 관한 구체적인 사항은 국립어린이집의 경우 교육부장관이 정하고, 공립어린이집의 경우 지방자치단체의 조례로 정한다.",위임,조례,,rule
P02404,"⑨ 어린이집의 운영 위탁에 관한 구체적인 사항은 국립어린이집의 경우 교육부장관이 정하고, 공립어린이집의 경우 지방자치단체의 조례로 정한다.",위임,조례,,rule
P02405,"⑨ 어린이집의 운영 위탁에 관한 구체적인 사항은 국립어린이집의 경우 교육부장관이 정하고, 공립어린이집의 경우 지방자치단체의 조례로 정한다.",위임,조례,,rule
P02406,"⑨ 어린이집의 운영 위탁에 관한 구체적인 사항은 국립어린이집의 경우 교육부장관이 정하고, 공립어린이집의 경우 지방자치단체의 조례로 정한다.",위임,조례,,rule
P02407,"⑨ 어린이집의 운영 위탁에 관한 구체적인 사항은 국립어린이집의 경우 교육부장관이 정하고, 공립어린이집의 경우 지방자치단체의 조례로 정한다.",위임,조례,,rule
P02408,"⑨ 어린이집의 운영 위탁에 관한 구체적인 사항은 국립어린이집의 경우 교육부장관이 정하고, 공립어린이집의 경우 지방자치단체의 조례로 정한다.",위임,조례,,rule
P02409,"⑨ 어린이집의 운영 위탁에 관한 구체적인 사항은 국립어린이집의 경우 교육부장관이 정하고, 공립어린이집의 경우 지방자치단체의 조례로 정한다.",위임,조례,,rule
P02410,"⑨ 어린이집의 운영 위탁에 관한 구체적인 사항은 국립어린이집의 경우 교육부장관이 정하고, 공립어린이집의 경우 지방자치단체의 조례로 정한다.",위임,조례,,rule
P02411,"⑨ 어린이집의 운영 위탁에 관한 구체적인 사항은 국립어린이집의 경우 교육부장관이 정하고, 공립어린이집의 경우 지방자치단체의 조례로 정한다.",위임,조례,,rule
P02412,"⑨ 어린이집의 운영 위탁에 관한 구체적인 사항은 국립어린이집의 경우 교육부장관이 정하고, 공립어린이집의 경우 지방자치단체의 조례로 정한다.",위임,조례,,rule
P02413,"⑨ 어린이집의 운영 위탁에 관한 구체적인 사항은 국립어린이집의 경우 교육부장관이 정하고, 공립어린이집의 경우 지방자치단체의 조례로 정한다.",위임,조례,,rule
P02414,"⑨ 어린이집의 운영 위탁에 관한 구체적인 사항은 국립어린이집의 경우 교육부장관이 정하고, 공립어린이집의 경우 지방자치단체의 조례로 정한다.",위임,조례,,rule
P02415,"⑨ 어린이집의 운영 위탁에 관한 구체적인 사항은 국립어린이집의 경우 교육부장관이 정하고, 공립어린이집의 경우 지방자치단체의 조례로 정한다.",위임,조례,,rule
P02416,"⑨ 어린이집의 운영 위탁에 관한 구체적인 사항은 국립어린이집의 경우 교육부장관이 정하고, 공립어린이집의 경우 지방자치단체의 조례로 정한다.",위임,조례,,rule
P02417,"⑨ 어린이집의 운영 위탁에 관한 구체적인 사항은 국립어린이집의 경우 교육부장관이 정하고, 공립어린이집의 경우 지방자치단체의 조례로 정한다.",위임,조례,,rule
P02418,"⑨ 어린이집의 운영 위탁에 관한 구체적인 사항은 국립어린이집의 경우 교육부장관이 정하고, 공립어린이집의 경우 지방자치단체의 조례로 정한다.",위임,조례,,rule
P02419,"⑨ 어린이집의 운영 위탁에 관한 구체적인 사항은 국립어린이집의 경우 교육부장관이 정하고, 공립어린이집의 경우 지방자치단체의 조례로 정한다.",위임,조례,,rule
P02420,"⑨ 어린이집의 운영 위탁에 관한 구체적인 사항은 국립어린이집의 경우 교육부장관이 정하고, 공립어린이집의 경우 지방자치단체의 조례로 정한다.",위임,조례,,rule
P02421,"⑨ 어린이집의 운영 위탁에 관한 구체적인 사항은 국립어린이집의 경우 교육부장관이 정하고, 공립어린이집의 경우 지방자치단체의 조례로 정한다.",위임,조례,,rule
P02422,"⑨ 어린이집의 운영 위탁에 관한 구체적인 사항은 국립어린이집의 경우 교육부장관이 정하고, 공립어린이집의 경우 지방자치단체의 조례로 정한다.",위임,조례,,rule
P02423,"⑨ 어린이집의 운영 위탁에 관한 구체적인 사항은 국립어린이집의 경우 교육부장관이 정하고, 공립어린이집의 경우 지방자치단체의 조례로 정한다.",위임,조례,,rule
P02424,"⑨ 어린이집의 운영 위탁에 관한 구체적인 사항은 국립어린이집의 경우 교육부장관이 정하고, 공립어린이집의 경우 지방자치단체의 조례로 정한다.",위임,조례,,rule
P02425,"⑨ 어린이집의 운영 위탁에 관한 구체적인 사항은 국립어린이집의 경우 교육부장관이 정하고, 공립어린이집의 경우 지방자치단체의 조례로 정한다.",위임,조례,,rule
P02426,"⑨ 어린이집의 운영 위탁에 관한 구체적인 사항은 국립어린이집의 경우 교육부장관이 정하고, 공립어린이집의 경우 지방자치단체의 조례로 정한다.",위임,조례,,rule
P02427,"⑨ 어린이집의 운영 위탁에 관한 구체적인 사항은 국립어린이집의 경우 교육부장관이 정하고, 공립어린이집의 경우 지방자치단체의 조례로 정한다.",위임,조례,,rule
P02428,"⑨ 어린이집의 운영 위탁에 관한 구체적인 사항은 국립어린이집의 경우 교육부장관이 정하고, 공립어린이집의 경우 지방자치단체의 조례로 정한다.",위임,조례,,rule
P02429,"⑨ 어린이집의 운영 위탁에 관한 구체적인 사항은 국립어린이집의 경우 교육부장관이 정하고, 공립어린이집의 경우 지방자치단체의 조례로 정한다.",위임,조례,,rule
P02430,"⑨ 어린이집의 운영 위탁에 관한 구체적인 사항은 국립어린이집의 경우 교육부장관이 정하고, 공립어린이집의 경우 지방자치단체의 조례로 정한다.",위임,조례,,rule
P02431,"⑨ 어린이집의 운영 위탁에 관한 구체적인 사항은 국립어린이집의 경우 교육부장관이 정하고, 공립어린이집의 경우 지방자치단체의 조례로 정한다.",위임,조례,,rule
P02432,"⑨ 어린이집의 운영 위탁에 관한 구체적인 사항은 국립어린이집의 경우 교육부장관이 정하고, 공립어린이집의 경우 지방자치단체의 조례로 정한다.",위임,조례,,rule
P02433,"⑨ 어린이집의 운영 위탁에 관한 구체적인 사항은 국립어린이집의 경우 교육부장관이 정하고, 공립어린이집의 경우 지방자치단체의 조례로 정한다.",위임,조례,,rule
P02434,"⑨ 어린이집의 운영 위탁에 관한 구체적인 사항은 국립어린이집의 경우 교육부장관이 정하고, 공립어린이집의 경우 지방자치단체의 조례로 정한다.",위임,조례,,rule
P02435,"⑨ 어린이집의 운영 위탁에 관한 구체적인 사항은 국립어린이집의 경우 교육부장관이 정하고, 공립어린이집의 경우 지방자치단체의 조례로 정한다.",위임,조례,,rule
P02436,"⑦ 제1항부터 제6항까지에서 규정한 사항 외에 부모모니터링단의 구성, 운영 및 직무 수행 등에 관하여 필요한 사항은 해당 특별시ㆍ광역시ㆍ특별자치시ㆍ도ㆍ특별자치도 또는 시ㆍ군ㆍ구(자치구를 말한다)의 조례로 정한다.",위임,조례,,rule
P02437,"⑦ 제1항부터 제6항까지에서 규정한 사항 외에 부모모니터링단의 구성, 운영 및 직무 수행 등에 관하여 필요한 사항은 해당 특별시ㆍ광역시ㆍ특별자치시ㆍ도ㆍ특별자치도 또는 시ㆍ군ㆍ구(자치구를 말한다)의 조례로 정한다.",위임,조례,,rule
P02438,"⑦ 제1항부터 제6항까지에서 규정한 사항 외에 부모모니터링단의 구성, 운영 및 직무 수행 등에 관하여 필요한 사항은 해당 특별시ㆍ광역시ㆍ특별자치시ㆍ도ㆍ특별자치도 또는 시ㆍ군ㆍ구(자치구를 말한다)의 조례로 정한다.",위임,조례,,rule
P02439,"⑦ 제1항부터 제6항까지에서 규정한 사항 외에 부모모니터링단의 구성, 운영 및 직무 수행 등에 관하여 필요한 사항은 해당 특별시ㆍ광역시ㆍ특별자치시ㆍ도ㆍ특별자치도 또는 시ㆍ군ㆍ구(자치구를 말한다)의 조례로 정한다.",위임,조례,,rule
P02440,"⑦ 제1항부터 제6항까지에서 규정한 사항 외에 부모모니터링단의 구성, 운영 및 직무 수행 등에 관하여 필요한 사항은 해당 특별시ㆍ광역시ㆍ특별자치시ㆍ도ㆍ특별자치도 또는 시ㆍ군ㆍ구(자치구를 말한다)의 조례로 정한다.",위임,조례,,rule
P02441,"⑦ 제1항부터 제6항까지에서 규정한 사항 외에 부모모니터링단의 구성, 운영 및 직무 수행 등에 관하여 필요한 사항은 해당 특별시ㆍ광역시ㆍ특별자치시ㆍ도ㆍ특별자치도 또는 시ㆍ군ㆍ구(자치구를 말한다)의 조례로 정한다.",위임,조례,,rule
P02442,"⑦ 제1항부터 제6항까지에서 규정한 사항 외에 부모모니터링단의 구성, 운영 및 직무 수행 등에 관하여 필요한 사항은 해당 특별시ㆍ광역시ㆍ특별자치시ㆍ도ㆍ특별자치도 또는 시ㆍ군ㆍ구(자치구를 말한다)의 조례로 정한다.",위임,조례,,rule
P02443,"⑦ 제1항부터 제6항까지에서 규정한 사항 외에 부모모니터링단의 구성, 운영 및 직무 수행 등에 관하여 필요한 사항은 해당 특별시ㆍ광역시ㆍ특별자치시ㆍ도ㆍ특별자치도 또는 시ㆍ군ㆍ구(자치구를 말한다)의 조례로 정한다.",위임,조례,,rule
P02444,"⑦ 제1항부터 제6항까지에서 규정한 사항 외에 부모모니터링단의 구성, 운영 및 직무 수행 등에 관하여 필요한 사항은 해당 특별시ㆍ광역시ㆍ특별자치시ㆍ도ㆍ특별자치도 또는 시ㆍ군ㆍ구(자치구를 말한다)의 조례로 정한다.",위임,조례,,rule
P02445,"⑦ 제1항부터 제6항까지에서 규정한 사항 외에 부모모니터링단의 구성, 운영 및 직무 수행 등에 관하여 필요한 사항은 해당 특별시ㆍ광역시ㆍ특별자치시ㆍ도ㆍ특별자치도 또는 시ㆍ군ㆍ구(자치구를 말한다)의 조례로 정한다.",위임,조례,,rule
P02446,"⑦ 제1항부터 제6항까지에서 규정한 사항 외에 부모모니터링단의 구성, 운영 및 직무 수행 등에 관하여 필요한 사항은 해당 특별시ㆍ광역시ㆍ특별자치시ㆍ도ㆍ특별자치도 또는 시ㆍ군ㆍ구(자치구를 말한다)의 조례로 정한다.",위임,조례,,rule
P02447,"⑦ 제1항부터 제6항까지에서 규정한 사항 외에 부모모니터링단의 구성, 운영 및 직무 수행 등에 관하여 필요한 사항은 해당 특별시ㆍ광역시ㆍ특별자치시ㆍ도ㆍ특별자치도 또는 시ㆍ군ㆍ구(자치구를 말한다)의 조례로 정한다.",위임,조례,,rule
P02448,"⑦ 제1항부터 제6항까지에서 규정한 사항 외에 부모모니터링단의 구성, 운영 및 직무 수행 등에 관하여 필요한 사항은 해당 특별시ㆍ광역시ㆍ특별자치시ㆍ도ㆍ특별자치도 또는 시ㆍ군ㆍ구(자치구를 말한다)의 조례로 정한다.",위임,조례,,rule
P02449,"⑦ 제1항부터 제6항까지에서 규정한 사항 외에 부모모니터링단의 구성, 운영 및 직무 수행 등에 관하여 필요한 사항은 해당 특별시ㆍ광역시ㆍ특별자치시ㆍ도ㆍ특별자치도 또는 시ㆍ군ㆍ구(자치구를 말한다)의 조례로 정한다.",위임,조례,,rule
P02450,"⑦ 제1항부터 제6항까지에서 규정한 사항 외에 부모모니터링단의 구성, 운영 및 직무 수행 등에 관하여 필요한 사항은 해당 특별시ㆍ광역시ㆍ특별자치시ㆍ도ㆍ특별자치도 또는 시ㆍ군ㆍ구(자치구를 말한다)의 조례로 정한다.",위임,조례,,rule
P02451,"⑦ 제1항부터 제6항까지에서 규정한 사항 외에 부모모니터링단의 구성, 운영 및 직무 수행 등에 관하여 필요한 사항은 해당 특별시ㆍ광역시ㆍ특별자치시ㆍ도ㆍ특별자치도 또는 시ㆍ군ㆍ구(자치구를 말한다)의 조례로 정한다.",위임,조례,,rule
P02452,"⑦ 제1항부터 제6항까지에서 규정한 사항 외에 부모모니터링단의 구성, 운영 및 직무 수행 등에 관하여 필요한 사항은 해당 특별시ㆍ광역시ㆍ특별자치시ㆍ도ㆍ특별자치도 또는 시ㆍ군ㆍ구(자치구를 말한다)의 조례로 정한다.",위임,조례,,rule
P02453,"⑦ 제1항부터 제6항까지에서 규정한 사항 외에 부모모니터링단의 구성, 운영 및 직무 수행 등에 관하여 필요한 사항은 해당 특별시ㆍ광역시ㆍ특별자치시ㆍ도ㆍ특별자치도 또는 시ㆍ군ㆍ구(자치구를 말한다)의 조례로 정한다.",위임,조례,,rule
P02454,"⑦ 제1항부터 제6항까지에서 규정한 사항 외에 부모모니터링단의 구성, 운영 및 직무 수행 등에 관하여 필요한 사항은 해당 특별시ㆍ광역시ㆍ특별자치시ㆍ도ㆍ특별자치도 또는 시ㆍ군ㆍ구(자치구를 말한다)의 조례로 정한다.",위임,조례,,rule
P02455,"⑦ 제1항부터 제6항까지에서 규정한 사항 외에 부모모니터링단의 구성, 운영 및 직무 수행 등에 관하여 필요한 사항은 해당 특별시ㆍ광역시ㆍ특별자치시ㆍ도ㆍ특별자치도 또는 시ㆍ군ㆍ구(자치구를 말한다)의 조례로 정한다.",위임,조례,,rule
P02456,"⑦ 제1항부터 제6항까지에서 규정한 사항 외에 부모모니터링단의 구성, 운영 및 직무 수행 등에 관하여 필요한 사항은 해당 특별시ㆍ광역시ㆍ특별자치시ㆍ도ㆍ특별자치도 또는 시ㆍ군ㆍ구(자치구를 말한다)의 조례로 정한다.",위임,조례,,rule
P02457,보건복지부장관이 정하여 고시하는 희귀난치성 질환을 가진 자녀의 부모,위임,미특정,,rule
P02458,보건복지부장관이 정하여 고시하는 희귀난치성 질환을 가진 사람 중,위임,미특정,,rule
P02459,"보건복지부장관이 고시하는 기준에 따르되, 보육교직원의 건강진단 항목에는 결핵 등 감염성 질환에 관한 항목이 포함되어야 한다.",위임,미특정,,rule
P02460,"보건복지부장관이 고시하는 기준에 따르되, 보육교직원의 건강진단 항목에는 결핵 등 감염성 질환에 관한 항목이 포함되어야 한다.",위임,미특정,,rule
P02461,대통령령으로 정한다,위임,대통령령,,rule
P02462,대통령령으로 정한다,위임,대통령령,,rule
P02463,대통령령으로 정한다,위임,대통령령,,rule
P02464,대통령령으로 정한다,위임,대통령령,,rule
P02465,대통령령으로 정한다,위임,대통령령,,rule
P02466,대통령령으로 정한다,위임,대통령령,,rule
P02467,대통령령으로 정한다,위임,대통령령,,rule
P02468,대통령령으로 정한다,위임,대통령령,,rule
P02469,대통령령으로 정한다,위임,대통령령,,rule
P02470,대통령령으로 정한다,위임,대통령령,,rule
P02471,대통령령으로 정한다,위임,대통령령,,rule
P02472,대통령령으로 정한다,위임,대통령령,,rule
P02473,대통령령으로 정한다,위임,대통령령,,rule
P02474,대통령령으로 정한다,위임,대통령령,,rule
P02475,대통령령으로 정한다,위임,대통령령,,rule
P02476,대통령령으로 정한다,위임,대통령령,,rule
P02477,대통령령으로 정한다,위임,대통령령,,rule
P02478,대통령령으로 정한다,위임,대통령령,,rule
P02479,대통령령으로 정한다,위임,대통령령,,rule
P02480,대통령령으로 정한다,위임,대통령령,,rule
P02481,대통령령으로 정한다,위임,대통령령,,rule
P02482,대통령령으로 정한다,위임,대통령령,,rule
P02483,대통령령으로 정한다,위임,대통령령,,rule
P02484,대통령령으로 정한다,위임,대통령령,,rule
P02485,대통령령으로 정한다,위임,대통령령,,rule
P02486,대통령령으로 정한다,위임,대통령령,,rule
P02487,대통령령으로 정한다,위임,대통령령,,rule
P02488,대통령령으로 정하는,위임,대통령령,,rule
P02489,대통령령으로 정하는,위임,대통령령,,rule
P02490,대통령령으로 정하는,위임,대통령령,,rule
P02491,대통령령으로 정한다,위임,대통령령,,rule
P02492,대통령령으로 정한다,위임,대통령령,,rule
P02493,대통령령으로 정한다,위임,대통령령,,rule
P02494,대통령령으로 정한다,위임,대통령령,,rule
P02495,대통령령으로 정한다,위임,대통령령,,rule
P02496,대통령령으로 정한다,위임,대통령령,,rule
P02497,대통령령으로 정한다,위임,대통령령,,rule
P02498,대통령령으로 정한다,위임,대통령령,,rule
P02499,대통령령으로 정하는,위임,대통령령,,rule
P02500,대통령령으로 정한다,위임,대통령령,,rule
P02501,대통령령으로 정한다,위임,대통령령,,rule
P02502,대통령령으로 정한다,위임,대통령령,,rule
P02503,대통령령으로 정한다,위임,대통령령,,rule
P02504,대통령령으로 정한다,위임,대통령령,,rule
P02505,대통령령으로 정한다,위임,대통령령,,rule
P02506,대통령령으로 정한다,위임,대통령령,,rule
P02507,대통령령으로 정한다,위임,대통령령,,rule
P02508,"⑥ 운영위원회의 의사정족수ㆍ의결정족수, 회의 소집의 일정ㆍ방법 및 의견 수렴 방법 등에 관한 사항은 시ㆍ도의 조례로 정하는 범위에서 위원회규정으로 정한다.",위임,조례,,rule
P02509,8. 그 밖에 법령이나 시ㆍ도의 조례에서 운영위원회의 심의를 거치도록 한 사항,판단불가,해당없음,,rule
P02510,"⑥ 운영위원회의 의사정족수ㆍ의결정족수, 회의 소집의 일정ㆍ방법 및 의견 수렴 방법 등에 관한 사항은 시ㆍ도의 조례로 정하는 범위에서 위원회규정으로 정한다.",위임,조례,,rule
P02511,8. 그 밖에 법령이나 시ㆍ도의 조례에서 운영위원회의 심의를 거치도록 한 사항,판단불가,해당없음,,rule
P02512,"⑥ 운영위원회의 의사정족수ㆍ의결정족수, 회의 소집의 일정ㆍ방법 및 의견 수렴 방법 등에 관한 사항은 시ㆍ도의 조례로 정하는 범위에서 위원회규정으로 정한다.",위임,조례,,rule
P02513,"⑥ 운영위원회의 의사정족수ㆍ의결정족수, 회의 소집의 일정ㆍ방법 및 의견 수렴 방법 등에 관한 사항은 시ㆍ도의 조례로 정하는 범위에서 위원회규정으로 정한다.",위임,조례,,rule
P02514,"⑥ 운영위원회의 의사정족수ㆍ의결정족수, 회의 소집의 일정ㆍ방법 및 의견 수렴 방법 등에 관한 사항은 시ㆍ도의 조례로 정하는 범위에서 위원회규정으로 정한다.",위임,조례,,rule
P02515,"⑥ 운영위원회의 의사정족수ㆍ의결정족수, 회의 소집의 일정ㆍ방법 및 의견 수렴 방법 등에 관한 사항은 시ㆍ도의 조례로 정하는 범위에서 위원회규정으로 정한다.",위임,조례,,rule
P02516,8. 그 밖에 법령이나 시ㆍ도의 조례에서 운영위원회의 심의를 거치도록 한 사항,판단불가,해당없음,,rule
P02517,④ 제2항 및 제3항에 따른 임차에 필요한 최소한의 기간은 특별시ㆍ광역시ㆍ특별자치시ㆍ도 또는 특별자치도(이하 “시ㆍ도”라 한다)의 교육규칙으로 정한다.,위임,교육규칙,,rule
P02518,대통령령으로 정한다,위임,대통령령,,rule
P02519,대통령령으로 정한다,위임,대통령령,,rule
P02520,대통령령으로 정한다,위임,대통령령,,rule
P02521,대통령령으로 정한다,위임,대통령령,,rule
P02522,대통령령으로 정한다,위임,대통령령,,rule
P02523,대통령령으로 정한다,위임,대통령령,,rule
P02524,대통령령으로 정한다,위임,대통령령,,rule
P02525,대통령령으로 정한다,위임,대통령령,,rule
P02526,대통령령으로 정한다,위임,대통령령,,rule
P02527,대통령령으로 정한다,위임,대통령령,,rule
P02528,대통령령으로 정하는 바에 따라,위임,대통령령,,rule
P02529,대통령령으로 정한다,위임,대통령령,,rule
P02530,대통령령으로 정한다,위임,대통령령,,rule
P02531,대통령령으로 정한다,위임,대통령령,,rule
P02532,대통령령으로 정하는,위임,대통령령,,rule
P02533,대통령령으로 정하는,위임,대통령령,,rule
P02534,대통령령으로 정하는,위임,대통령령,,rule
P02535,대통령령으로 정하는,위임,대통령령,,rule
P02536,교육부령으로 정한다,위임,부령,,rule
P02537,대통령령으로 정하는,위임,대통령령,,rule
P02538,필요한 사항은 대통령령으로,위임,대통령령,,rule
P02539,"③ 지방자치단체(시·도에 한정한다)는 유아의 교육기회를 균등하게 보장하기 위하여 필요한 경우 유아의 모집·선발 시기, 절차 및 방법 등에 관하여 조례로 정할 수 있다.",판단불가,해당없음,,rule
P02540,"② 원장은 교육 목적에 적합한 범위에서 유치원규칙으로 정하는 바에 따라 공정하고 투명한 방법으로 유치원에 입학할 유아를 모집·선발하여야 한다. 다만, 제3항에 따른 조례에서 모집·선발 시기 등을 달리 정한 경우에는 이에 따라야 한다.",판단불가,해당없음,,rule
P02541,"③ 지방자치단체(시·도에 한정한다)는 유아의 교육기회를 균등하게 보장하기 위하여 필요한 경우 유아의 모집·선발 시기, 절차 및 방법 등에 관하여 조례로 정할 수 있다.",판단불가,해당없음,,rule
P02542,"② 원장은 교육 목적에 적합한 범위에서 유치원규칙으로 정하는 바에 따라 공정하고 투명한 방법으로 유치원에 입학할 유아를 모집·선발하여야 한다. 다만, 제3항에 따른 조례에서 모집·선발 시기 등을 달리 정한 경우에는 이에 따라야 한다.",판단불가,해당없음,,rule
P02543,"③ 지방자치단체(시·도에 한정한다)는 유아의 교육기회를 균등하게 보장하기 위하여 필요한 경우 유아의 모집·선발 시기, 절차 및 방법 등에 관하여 조례로 정할 수 있다.",판단불가,해당없음,,rule
P02544,"② 원장은 교육 목적에 적합한 범위에서 유치원규칙으로 정하는 바에 따라 공정하고 투명한 방법으로 유치원에 입학할 유아를 모집·선발하여야 한다. 다만, 제3항에 따른 조례에서 모집·선발 시기 등을 달리 정한 경우에는 이에 따라야 한다.",판단불가,해당없음,,rule
P02545,"③ 지방자치단체(시·도에 한정한다)는 유아의 교육기회를 균등하게 보장하기 위하여 필요한 경우 유아의 모집·선발 시기, 절차 및 방법 등에 관하여 조례로 정할 수 있다.",판단불가,해당없음,,rule
P02546,"② 원장은 교육 목적에 적합한 범위에서 유치원규칙으로 정하는 바에 따라 공정하고 투명한 방법으로 유치원에 입학할 유아를 모집·선발하여야 한다. 다만, 제3항에 따른 조례에서 모집·선발 시기 등을 달리 정한 경우에는 이에 따라야 한다.",판단불가,해당없음,,rule
P02547,"③ 지방자치단체(시·도에 한정한다)는 유아의 교육기회를 균등하게 보장하기 위하여 필요한 경우 유아의 모집·선발 시기, 절차 및 방법 등에 관하여 조례로 정할 수 있다.",판단불가,해당없음,,rule
P02548,"② 원장은 교육 목적에 적합한 범위에서 유치원규칙으로 정하는 바에 따라 공정하고 투명한 방법으로 유치원에 입학할 유아를 모집·선발하여야 한다. 다만, 제3항에 따른 조례에서 모집·선발 시기 등을 달리 정한 경우에는 이에 따라야 한다.",판단불가,해당없음,,rule
P02549,"③ 지방자치단체(시·도에 한정한다)는 유아의 교육기회를 균등하게 보장하기 위하여 필요한 경우 유아의 모집·선발 시기, 절차 및 방법 등에 관하여 조례로 정할 수 있다.",판단불가,해당없음,,rule
P02550,"② 원장은 교육 목적에 적합한 범위에서 유치원규칙으로 정하는 바에 따라 공정하고 투명한 방법으로 유치원에 입학할 유아를 모집·선발하여야 한다. 다만, 제3항에 따른 조례에서 모집·선발 시기 등을 달리 정한 경우에는 이에 따라야 한다.",판단불가,해당없음,,rule
P02551,"③ 지방자치단체(시·도에 한정한다)는 유아의 교육기회를 균등하게 보장하기 위하여 필요한 경우 유아의 모집·선발 시기, 절차 및 방법 등에 관하여 조례로 정할 수 있다.",판단불가,해당없음,,rule
P02552,"② 원장은 교육 목적에 적합한 범위에서 유치원규칙으로 정하는 바에 따라 공정하고 투명한 방법으로 유치원에 입학할 유아를 모집·선발하여야 한다. 다만, 제3항에 따른 조례에서 모집·선발 시기 등을 달리 정한 경우에는 이에 따라야 한다.",판단불가,해당없음,,rule
P02553,"③ 지방자치단체(시·도에 한정한다)는 유아의 교육기회를 균등하게 보장하기 위하여 필요한 경우 유아의 모집·선발 시기, 절차 및 방법 등에 관하여 조례로 정할 수 있다.",판단불가,해당없음,,rule
P02554,"② 원장은 교육 목적에 적합한 범위에서 유치원규칙으로 정하는 바에 따라 공정하고 투명한 방법으로 유치원에 입학할 유아를 모집·선발하여야 한다. 다만, 제3항에 따른 조례에서 모집·선발 시기 등을 달리 정한 경우에는 이에 따라야 한다.",판단불가,해당없음,,rule
P02555,"③ 지방자치단체(시·도에 한정한다)는 유아의 교육기회를 균등하게 보장하기 위하여 필요한 경우 유아의 모집·선발 시기, 절차 및 방법 등에 관하여 조례로 정할 수 있다.",판단불가,해당없음,,rule
P02556,"② 원장은 교육 목적에 적합한 범위에서 유치원규칙으로 정하는 바에 따라 공정하고 투명한 방법으로 유치원에 입학할 유아를 모집·선발하여야 한다. 다만, 제3항에 따른 조례에서 모집·선발 시기 등을 달리 정한 경우에는 이에 따라야 한다.",판단불가,해당없음,,rule
P02557,"③ 지방자치단체(시·도에 한정한다)는 유아의 교육기회를 균등하게 보장하기 위하여 필요한 경우 유아의 모집·선발 시기, 절차 및 방법 등에 관하여 조례로 정할 수 있다.",판단불가,해당없음,,rule
P02558,"② 원장은 교육 목적에 적합한 범위에서 유치원규칙으로 정하는 바에 따라 공정하고 투명한 방법으로 유치원에 입학할 유아를 모집·선발하여야 한다. 다만, 제3항에 따른 조례에서 모집·선발 시기 등을 달리 정한 경우에는 이에 따라야 한다.",판단불가,해당없음,,rule
P02559,"③ 지방자치단체(시·도에 한정한다)는 유아의 교육기회를 균등하게 보장하기 위하여 필요한 경우 유아의 모집·선발 시기, 절차 및 방법 등에 관하여 조례로 정할 수 있다.",판단불가,해당없음,,rule
P02560,"② 원장은 교육 목적에 적합한 범위에서 유치원규칙으로 정하는 바에 따라 공정하고 투명한 방법으로 유치원에 입학할 유아를 모집·선발하여야 한다. 다만, 제3항에 따른 조례에서 모집·선발 시기 등을 달리 정한 경우에는 이에 따라야 한다.",판단불가,해당없음,,rule
P02561,"③ 지방자치단체(시·도에 한정한다)는 유아의 교육기회를 균등하게 보장하기 위하여 필요한 경우 유아의 모집·선발 시기, 절차 및 방법 등에 관하여 조례로 정할 수 있다.",판단불가,해당없음,,rule
P02562,"③ 지방자치단체(시·도에 한정한다)는 유아의 교육기회를 균등하게 보장하기 위하여 필요한 경우 유아의 모집·선발 시기, 절차 및 방법 등에 관하여 조례로 정할 수 있다.",판단불가,해당없음,,rule
P02563,"② 원장은 교육 목적에 적합한 범위에서 유치원규칙으로 정하는 바에 따라 공정하고 투명한 방법으로 유치원에 입학할 유아를 모집·선발하여야 한다. 다만, 제3항에 따른 조례에서 모집·선발 시기 등을 달리 정한 경우에는 이에 따라야 한다.",판단불가,해당없음,,rule
P02564,"③ 지방자치단체(시·도에 한정한다)는 유아의 교육기회를 균등하게 보장하기 위하여 필요한 경우 유아의 모집·선발 시기, 절차 및 방법 등에 관하여 조례로 정할 수 있다.",판단불가,해당없음,,rule
P02565,"② 원장은 교육 목적에 적합한 범위에서 유치원규칙으로 정하는 바에 따라 공정하고 투명한 방법으로 유치원에 입학할 유아를 모집·선발하여야 한다. 다만, 제3항에 따른 조례에서 모집·선발 시기 등을 달리 정한 경우에는 이에 따라야 한다.",판단불가,해당없음,,rule
P02566,"③ 지방자치단체(시·도에 한정한다)는 유아의 교육기회를 균등하게 보장하기 위하여 필요한 경우 유아의 모집·선발 시기, 절차 및 방법 등에 관하여 조례로 정할 수 있다.",판단불가,해당없음,,rule
P02567,"② 원장은 교육 목적에 적합한 범위에서 유치원규칙으로 정하는 바에 따라 공정하고 투명한 방법으로 유치원에 입학할 유아를 모집·선발하여야 한다. 다만, 제3항에 따른 조례에서 모집·선발 시기 등을 달리 정한 경우에는 이에 따라야 한다.",판단불가,해당없음,,rule
P02568,"③ 지방자치단체(시·도에 한정한다)는 유아의 교육기회를 균등하게 보장하기 위하여 필요한 경우 유아의 모집·선발 시기, 절차 및 방법 등에 관하여 조례로 정할 수 있다.",판단불가,해당없음,,rule
P02569,"② 원장은 교육 목적에 적합한 범위에서 유치원규칙으로 정하는 바에 따라 공정하고 투명한 방법으로 유치원에 입학할 유아를 모집·선발하여야 한다. 다만, 제3항에 따른 조례에서 모집·선발 시기 등을 달리 정한 경우에는 이에 따라야 한다.",판단불가,해당없음,,rule
P02570,"③ 지방자치단체(시·도에 한정한다)는 유아의 교육기회를 균등하게 보장하기 위하여 필요한 경우 유아의 모집·선발 시기, 절차 및 방법 등에 관하여 조례로 정할 수 있다.",판단불가,해당없음,,rule
P02571,"② 원장은 교육 목적에 적합한 범위에서 유치원규칙으로 정하는 바에 따라 공정하고 투명한 방법으로 유치원에 입학할 유아를 모집·선발하여야 한다. 다만, 제3항에 따른 조례에서 모집·선발 시기 등을 달리 정한 경우에는 이에 따라야 한다.",판단불가,해당없음,,rule
P02572,"② 원장은 교육 목적에 적합한 범위에서 유치원규칙으로 정하는 바에 따라 공정하고 투명한 방법으로 유치원에 입학할 유아를 모집·선발하여야 한다. 다만, 제3항에 따른 조례에서 모집·선발 시기 등을 달리 정한 경우에는 이에 따라야 한다.",판단불가,해당없음,,rule
P02573,대통령령으로 정한다,위임,대통령령,,rule
P02574,대통령령으로 정한다,위임,대통령령,,rule
P02575,대통령령으로 정한다,위임,대통령령,,rule
P02576,대통령령으로 정한다,위임,대통령령,,rule
P02577,대통령령으로 정한다,위임,대통령령,,rule
P02578,대통령령으로 정한다,위임,대통령령,,rule
P02579,교육부장관이 정하는 기준에 따라 생활기록부를 작성·관리하여야 한다.,위임,미특정,,rule
P02580,대통령령으로 정한다,위임,대통령령,,rule
P02581,대통령령으로 정한다,위임,대통령령,,rule
P02582,교육부령으로 정한다,위임,부령,,rule
P02583,교육부령으로 정한다,위임,부령,,rule
P02584,대통령령으로 정한다,위임,대통령령,,rule
P02585,대통령령으로 정한다,위임,대통령령,,rule
P02586,대통령령으로 정한다,위임,대통령령,,rule
P02587,필요한 사항은 교육부령으로,위임,부령,,rule
P02588,대통령령으로 정하는,위임,대통령령,,rule
P02589,고려하여 대통령령으로,위임,대통령령,,rule
P02590,고려하여 대통령령으로,위임,대통령령,,rule
P02591,대통령령으로 정하는,위임,대통령령,,rule
P02592,그 밖에 대통령령,판단불가,해당없음,,rule
P02593,10. 그 밖에 대통령령 및 시·도 조례로 정하는 사항,위임,조례,,rule
P02594,10. 그 밖에 대통령령 및 시·도 조례로 정하는 사항,위임,조례,,rule
P02595,10. 그 밖에 대통령령 및 시·도 조례로 정하는 사항,위임,조례,,rule
P02596,10. 그 밖에 대통령령 및 시·도 조례로 정하는 사항,위임,조례,,rule
P02597,10. 그 밖에 대통령령 및 시·도 조례로 정하는 사항,위임,조례,,rule
P02598,10. 그 밖에 대통령령 및 시·도 조례로 정하는 사항,위임,조례,,rule
P02599,10. 그 밖에 대통령령 및 시·도 조례로 정하는 사항,위임,조례,,rule
P02600,10. 그 밖에 대통령령 및 시·도 조례로 정하는 사항,위임,조례,,rule
P02601,10. 그 밖에 대통령령 및 시·도 조례로 정하는 사항,위임,조례,,rule
P02602,10. 그 밖에 대통령령 및 시·도 조례로 정하는 사항,위임,조례,,rule
P02603,10. 그 밖에 대통령령 및 시·도 조례로 정하는 사항,위임,조례,,rule
P02604,10. 그 밖에 대통령령 및 시·도 조례로 정하는 사항,위임,조례,,rule
P02605,10. 그 밖에 대통령령 및 시·도 조례로 정하는 사항,위임,조례,,rule
P02606,10. 그 밖에 대통령령 및 시·도 조례로 정하는 사항,위임,조례,,rule
P02607,10. 그 밖에 대통령령 및 시·도 조례로 정하는 사항,위임,조례,,rule
P02608,10. 그 밖에 대통령령 및 시·도 조례로 정하는 사항,위임,조례,,rule
P02609,10. 그 밖에 대통령령 및 시·도 조례로 정하는 사항,위임,조례,,rule
P02610,대통령령으로 정하는,위임,대통령령,,rule
P02611,대통령령으로 정하고,위임,대통령령,,rule
P02612,대통령령으로 정하고,위임,대통령령,,rule
P02613,대통령령으로 정하는,위임,대통령령,,rule
P02614,대통령령으로 정하는,위임,대통령령,,rule
P02615,대통령령으로 정하고,위임,대통령령,,rule
P02616,대통령령으로 정하는,위임,대통령령,,rule
P02617,대통령령으로 정하고,위임,대통령령,,rule
P02618,대통령령으로 정하는,위임,대통령령,,rule
P02619,대통령령으로 정하고,위임,대통령령,,rule
P02620,대통령령으로 정하는,위임,대통령령,,rule
P02621,대통령령으로 정하고,위임,대통령령,,rule
P02622,대통령령으로 정하는,위임,대통령령,,rule
P02623,대통령령으로 정하고,위임,대통령령,,rule
P02624,대통령령으로 정하고,위임,대통령령,,rule
P02625,대통령령으로 정하는,위임,대통령령,,rule
P02626,대통령령으로 정하는,위임,대통령령,,rule
P02627,대통령령으로 정하고,위임,대통령령,,rule
P02628,대통령령으로 정하고,위임,대통령령,,rule
P02629,대통령령으로 정하는,위임,대통령령,,rule
P02630,대통령령으로 정하고,위임,대통령령,,rule
P02631,대통령령으로 정하는,위임,대통령령,,rule
P02632,대통령령으로 정하고,위임,대통령령,,rule
P02633,"① 제19조의3에 따른 유치원운영위원회 중 국립유치원에 두는 유치원운영위원회의 구성·운영에 필요한 사항은 대통령령으로 정하고, 공립유치원에 두는 유치원운영위원회의 구성·운영에 필요한 사항은 대통령령으로 정하는 범위에서 시·도의 조례로 정한다.",위임,대통령령|조례,,rule
P02634,"① 제19조의3에 따른 유치원운영위원회 중 국립유치원에 두는 유치원운영위원회의 구성·운영에 필요한 사항은 대통령령으로 정하고, 공립유치원에 두는 유치원운영위원회의 구성·운영에 필요한 사항은 대통령령으로 정하는 범위에서 시·도의 조례로 정한다.",위임,대통령령|조례,,rule
P02635,"① 제19조의3에 따른 유치원운영위원회 중 국립유치원에 두는 유치원운영위원회의 구성·운영에 필요한 사항은 대통령령으로 정하고, 공립유치원에 두는 유치원운영위원회의 구성·운영에 필요한 사항은 대통령령으로 정하는 범위에서 시·도의 조례로 정한다.",위임,대통령령|조례,,rule
P02636,"① 제19조의3에 따른 유치원운영위원회 중 국립유치원에 두는 유치원운영위원회의 구성·운영에 필요한 사항은 대통령령으로 정하고, 공립유치원에 두는 유치원운영위원회의 구성·운영에 필요한 사항은 대통령령으로 정하는 범위에서 시·도의 조례로 정한다.",위임,대통령령|조례,,rule
P02637,"① 제19조의3에 따른 유치원운영위원회 중 국립유치원에 두는 유치원운영위원회의 구성·운영에 필요한 사항은 대통령령으로 정하고, 공립유치원에 두는 유치원운영위원회의 구성·운영에 필요한 사항은 대통령령으로 정하는 범위에서 시·도의 조례로 정한다.",위임,대통령령|조례,,rule
P02638,"① 제19조의3에 따른 유치원운영위원회 중 국립유치원에 두는 유치원운영위원회의 구성·운영에 필요한 사항은 대통령령으로 정하고, 공립유치원에 두는 유치원운영위원회의 구성·운영에 필요한 사항은 대통령령으로 정하는 범위에서 시·도의 조례로 정한다.",위임,대통령령|조례,,rule
P02639,"① 제19조의3에 따른 유치원운영위원회 중 국립유치원에 두는 유치원운영위원회의 구성·운영에 필요한 사항은 대통령령으로 정하고, 공립유치원에 두는 유치원운영위원회의 구성·운영에 필요한 사항은 대통령령으로 정하는 범위에서 시·도의 조례로 정한다.",위임,대통령령|조례,,rule
P02640,"① 제19조의3에 따른 유치원운영위원회 중 국립유치원에 두는 유치원운영위원회의 구성·운영에 필요한 사항은 대통령령으로 정하고, 공립유치원에 두는 유치원운영위원회의 구성·운영에 필요한 사항은 대통령령으로 정하는 범위에서 시·도의 조례로 정한다.",위임,대통령령|조례,,rule
P02641,"① 제19조의3에 따른 유치원운영위원회 중 국립유치원에 두는 유치원운영위원회의 구성·운영에 필요한 사항은 대통령령으로 정하고, 공립유치원에 두는 유치원운영위원회의 구성·운영에 필요한 사항은 대통령령으로 정하는 범위에서 시·도의 조례로 정한다.",위임,대통령령|조례,,rule
P02642,"① 제19조의3에 따른 유치원운영위원회 중 국립유치원에 두는 유치원운영위원회의 구성·운영에 필요한 사항은 대통령령으로 정하고, 공립유치원에 두는 유치원운영위원회의 구성·운영에 필요한 사항은 대통령령으로 정하는 범위에서 시·도의 조례로 정한다.",위임,대통령령|조례,,rule
P02643,"① 제19조의3에 따른 유치원운영위원회 중 국립유치원에 두는 유치원운영위원회의 구성·운영에 필요한 사항은 대통령령으로 정하고, 공립유치원에 두는 유치원운영위원회의 구성·운영에 필요한 사항은 대통령령으로 정하는 범위에서 시·도의 조례로 정한다.",위임,대통령령|조례,,rule
P02644,"① 제19조의3에 따른 유치원운영위원회 중 국립유치원에 두는 유치원운영위원회의 구성·운영에 필요한 사항은 대통령령으로 정하고, 공립유치원에 두는 유치원운영위원회의 구성·운영에 필요한 사항은 대통령령으로 정하는 범위에서 시·도의 조례로 정한다.",위임,대통령령|조례,,rule
P02645,"① 제19조의3에 따른 유치원운영위원회 중 국립유치원에 두는 유치원운영위원회의 구성·운영에 필요한 사항은 대통령령으로 정하고, 공립유치원에 두는 유치원운영위원회의 구성·운영에 필요한 사항은 대통령령으로 정하는 범위에서 시·도의 조례로 정한다.",위임,대통령령|조례,,rule
P02646,"① 제19조의3에 따른 유치원운영위원회 중 국립유치원에 두는 유치원운영위원회의 구성·운영에 필요한 사항은 대통령령으로 정하고, 공립유치원에 두는 유치원운영위원회의 구성·운영에 필요한 사항은 대통령령으로 정하는 범위에서 시·도의 조례로 정한다.",위임,대통령령|조례,,rule
P02647,"① 제19조의3에 따른 유치원운영위원회 중 국립유치원에 두는 유치원운영위원회의 구성·운영에 필요한 사항은 대통령령으로 정하고, 공립유치원에 두는 유치원운영위원회의 구성·운영에 필요한 사항은 대통령령으로 정하는 범위에서 시·도의 조례로 정한다.",위임,대통령령|조례,,rule
P02648,"① 제19조의3에 따른 유치원운영위원회 중 국립유치원에 두는 유치원운영위원회의 구성·운영에 필요한 사항은 대통령령으로 정하고, 공립유치원에 두는 유치원운영위원회의 구성·운영에 필요한 사항은 대통령령으로 정하는 범위에서 시·도의 조례로 정한다.",위임,대통령령|조례,,rule
P02649,"① 제19조의3에 따른 유치원운영위원회 중 국립유치원에 두는 유치원운영위원회의 구성·운영에 필요한 사항은 대통령령으로 정하고, 공립유치원에 두는 유치원운영위원회의 구성·운영에 필요한 사항은 대통령령으로 정하는 범위에서 시·도의 조례로 정한다.",위임,대통령령|조례,,rule
P02650,경우에는 교육부령으로,위임,부령,,rule
P02651,"⑥ 유치원회계의 설치에 필요한 사항은 국립유치원의 경우에는 교육부령으로, 공립유치원의 경우에는 시·도의 교육규칙으로 정한다.",위임,교육규칙,,rule
P02652,"⑥ 유치원회계의 설치에 필요한 사항은 국립유치원의 경우에는 교육부령으로, 공립유치원의 경우에는 시·도의 교육규칙으로 정한다.",위임,교육규칙,,rule
P02653,"⑥ 유치원회계의 설치에 필요한 사항은 국립유치원의 경우에는 교육부령으로, 공립유치원의 경우에는 시·도의 교육규칙으로 정한다.",위임,교육규칙,,rule
P02654,"⑥ 유치원회계의 설치에 필요한 사항은 국립유치원의 경우에는 교육부령으로, 공립유치원의 경우에는 시·도의 교육규칙으로 정한다.",위임,교육규칙,,rule
P02655,"⑥ 유치원회계의 설치에 필요한 사항은 국립유치원의 경우에는 교육부령으로, 공립유치원의 경우에는 시·도의 교육규칙으로 정한다.",위임,교육규칙,,rule
P02656,"⑥ 유치원회계의 설치에 필요한 사항은 국립유치원의 경우에는 교육부령으로, 공립유치원의 경우에는 시·도의 교육규칙으로 정한다.",위임,교육규칙,,rule
P02657,"⑥ 유치원회계의 설치에 필요한 사항은 국립유치원의 경우에는 교육부령으로, 공립유치원의 경우에는 시·도의 교육규칙으로 정한다.",위임,교육규칙,,rule
P02658,"⑥ 유치원회계의 설치에 필요한 사항은 국립유치원의 경우에는 교육부령으로, 공립유치원의 경우에는 시·도의 교육규칙으로 정한다.",위임,교육규칙,,rule
P02659,"⑥ 유치원회계의 설치에 필요한 사항은 국립유치원의 경우에는 교육부령으로, 공립유치원의 경우에는 시·도의 교육규칙으로 정한다.",위임,교육규칙,,rule
P02660,"⑥ 유치원회계의 설치에 필요한 사항은 국립유치원의 경우에는 교육부령으로, 공립유치원의 경우에는 시·도의 교육규칙으로 정한다.",위임,교육규칙,,rule
P02661,"⑥ 유치원회계의 설치에 필요한 사항은 국립유치원의 경우에는 교육부령으로, 공립유치원의 경우에는 시·도의 교육규칙으로 정한다.",위임,교육규칙,,rule
P02662,"⑥ 유치원회계의 설치에 필요한 사항은 국립유치원의 경우에는 교육부령으로, 공립유치원의 경우에는 시·도의 교육규칙으로 정한다.",위임,교육규칙,,rule
P02663,"⑥ 유치원회계의 설치에 필요한 사항은 국립유치원의 경우에는 교육부령으로, 공립유치원의 경우에는 시·도의 교육규칙으로 정한다.",위임,교육규칙,,rule
P02664,"⑥ 유치원회계의 설치에 필요한 사항은 국립유치원의 경우에는 교육부령으로, 공립유치원의 경우에는 시·도의 교육규칙으로 정한다.",위임,교육규칙,,rule
P02665,"⑥ 유치원회계의 설치에 필요한 사항은 국립유치원의 경우에는 교육부령으로, 공립유치원의 경우에는 시·도의 교육규칙으로 정한다.",위임,교육규칙,,rule
P02666,"⑥ 유치원회계의 설치에 필요한 사항은 국립유치원의 경우에는 교육부령으로, 공립유치원의 경우에는 시·도의 교육규칙으로 정한다.",위임,교육규칙,,rule
P02667,"⑥ 유치원회계의 설치에 필요한 사항은 국립유치원의 경우에는 교육부령으로, 공립유치원의 경우에는 시·도의 교육규칙으로 정한다.",위임,교육규칙,,rule
P02668,국립유치원의 경우에는 교육부령으로,위임,부령,,rule
P02669,"⑥ 유치원회계의 운영에 필요한 사항은 국립유치원의 경우에는 교육부령으로, 공립유치원의 경우에는 시·도의 교육규칙으로 정한다.",위임,교육규칙,,rule
P02670,"⑥ 유치원회계의 운영에 필요한 사항은 국립유치원의 경우에는 교육부령으로, 공립유치원의 경우에는 시·도의 교육규칙으로 정한다.",위임,교육규칙,,rule
P02671,"⑥ 유치원회계의 운영에 필요한 사항은 국립유치원의 경우에는 교육부령으로, 공립유치원의 경우에는 시·도의 교육규칙으로 정한다.",위임,교육규칙,,rule
P02672,"⑥ 유치원회계의 운영에 필요한 사항은 국립유치원의 경우에는 교육부령으로, 공립유치원의 경우에는 시·도의 교육규칙으로 정한다.",위임,교육규칙,,rule
P02673,"⑥ 유치원회계의 운영에 필요한 사항은 국립유치원의 경우에는 교육부령으로, 공립유치원의 경우에는 시·도의 교육규칙으로 정한다.",위임,교육규칙,,rule
P02674,"⑥ 유치원회계의 운영에 필요한 사항은 국립유치원의 경우에는 교육부령으로, 공립유치원의 경우에는 시·도의 교육규칙으로 정한다.",위임,교육규칙,,rule
P02675,"⑥ 유치원회계의 운영에 필요한 사항은 국립유치원의 경우에는 교육부령으로, 공립유치원의 경우에는 시·도의 교육규칙으로 정한다.",위임,교육규칙,,rule
P02676,"⑥ 유치원회계의 운영에 필요한 사항은 국립유치원의 경우에는 교육부령으로, 공립유치원의 경우에는 시·도의 교육규칙으로 정한다.",위임,교육규칙,,rule
P02677,"⑥ 유치원회계의 운영에 필요한 사항은 국립유치원의 경우에는 교육부령으로, 공립유치원의 경우에는 시·도의 교육규칙으로 정한다.",위임,교육규칙,,rule
P02678,"⑥ 유치원회계의 운영에 필요한 사항은 국립유치원의 경우에는 교육부령으로, 공립유치원의 경우에는 시·도의 교육규칙으로 정한다.",위임,교육규칙,,rule
P02679,"⑥ 유치원회계의 운영에 필요한 사항은 국립유치원의 경우에는 교육부령으로, 공립유치원의 경우에는 시·도의 교육규칙으로 정한다.",위임,교육규칙,,rule
P02680,"⑥ 유치원회계의 운영에 필요한 사항은 국립유치원의 경우에는 교육부령으로, 공립유치원의 경우에는 시·도의 교육규칙으로 정한다.",위임,교육규칙,,rule
P02681,"⑥ 유치원회계의 운영에 필요한 사항은 국립유치원의 경우에는 교육부령으로, 공립유치원의 경우에는 시·도의 교육규칙으로 정한다.",위임,교육규칙,,rule
P02682,"⑥ 유치원회계의 운영에 필요한 사항은 국립유치원의 경우에는 교육부령으로, 공립유치원의 경우에는 시·도의 교육규칙으로 정한다.",위임,교육규칙,,rule
P02683,"⑥ 유치원회계의 운영에 필요한 사항은 국립유치원의 경우에는 교육부령으로, 공립유치원의 경우에는 시·도의 교육규칙으로 정한다.",위임,교육규칙,,rule
P02684,"⑥ 유치원회계의 운영에 필요한 사항은 국립유치원의 경우에는 교육부령으로, 공립유치원의 경우에는 시·도의 교육규칙으로 정한다.",위임,교육규칙,,rule
P02685,"⑥ 유치원회계의 운영에 필요한 사항은 국립유치원의 경우에는 교육부령으로, 공립유치원의 경우에는 시·도의 교육규칙으로 정한다.",위임,교육규칙,,rule
P02686,대통령령으로 정하는,위임,대통령령,,rule
P02687,대통령령으로 정하고,위임,대통령령,,rule
P02688,법령과,판단불가,해당없음,,rule
P02689,대통령령으로 정하는,위임,대통령령,,rule
P02690,대통령령으로 정하는,위임,대통령령,,rule
P02691,대통령령으로 정하는,위임,대통령령,,rule
P02692,대통령령으로 정하는,위임,대통령령,,rule
P02693,대통령령으로 정하는,위임,대통령령,,rule
P02694,대통령령으로 정하는,위임,대통령령,,rule
P02695,대통령령으로 정하는,위임,대통령령,,rule
P02696,교육부장관이 정하는 연수 이수 결과를 바탕으로 검정·수여하는 자격증을 받은 사람이어야 한다.,위임,미특정,,rule
P02697,대통령령으로 정한다,위임,대통령령,,rule
P02698,대통령령으로 정한다,위임,대통령령,,rule
P02699,필요한 사항은 교육부령으로,위임,부령,,rule
P02700,필요한 사항은 교육부령으로,위임,부령,,rule
P02701,필요한 사항은 교육부령으로,위임,부령,,rule
P02702,필요한 사항은 교육부령으로,위임,부령,,rule
P02703,교육부장관이 예산의 범위에서 관계 행정기관의 장과 협의하여 고시한다,판단불가,해당없음,,rule
P02704,교육부령으로 정하는,위임,부령,,rule
P02705,대통령령으로 정한다,위임,대통령령,,rule
P02706,교육부령으로 정한다,위임,부령,,rule
P02707,대통령령으로 정하는,위임,대통령령,,rule
P02708,대통령령으로 정하는 수업일수를,위임,대통령령,,rule
P02709,대통령령으로 정하는 바에,위임,대통령령,,rule
P02710,대통령령으로 정하는,위임,대통령령,,rule
P02711,대통령령으로 정하는,위임,대통령령,,rule
P02712,대통령령으로 정하는,위임,대통령령,,rule
P02713,대통령령으로 정하는,위임,대통령령,,rule
P02714,교육부령으로 정하는,위임,부령,,rule
P02715,교육부령으로 정하는,위임,부령,,rule
P02716,대통령령으로 정하는,위임,대통령령,,rule
P02717,교육통계조사에 관하여 필요한 사항은 교육부장관이 정한다.,판단불가,해당없음,,rule
P02718,대통령령으로 정한다,위임,대통령령,,rule
P02719,교육부령으로 정하는,위임,부령,,rule
P02720,교육부령으로 정하는,위임,부령,,rule
P02721,교육부령으로 정하는,위임,부령,,rule
P02722,교육부령으로 정하는,위임,부령,,rule
P02723,교육부령으로 정하는,위임,부령,,rule
P02724,대통령령으로 정한다,위임,대통령령,,rule
P02725,"③ 제2항에도 불구하고 유아 수가 20명 미만인 국립ㆍ공립 유치원에 두는 운영위원회 위원의 구성비율은 국립유치원의 경우에는 유치원규칙으로 다르게 정할 수 있으며, 공립유치원의 경우에는 시ㆍ도의 조례로 정하는 범위에서 운영위원회규정으로 다르게 정할 수 있다. 다만, 유치원규칙 또는 운영위원회규정으로 다르게 정하는 경우에도 학부모위원 및 교원위원은 각각 1명 이상 포함되어야 한다.",위임,조례,,rule
P02726,"③ 제2항에도 불구하고 유아 수가 20명 미만인 국립ㆍ공립 유치원에 두는 운영위원회 위원의 구성비율은 국립유치원의 경우에는 유치원규칙으로 다르게 정할 수 있으며, 공립유치원의 경우에는 시ㆍ도의 조례로 정하는 범위에서 운영위원회규정으로 다르게 정할 수 있다. 다만, 유치원규칙 또는 운영위원회규정으로 다르게 정하는 경우에도 학부모위원 및 교원위원은 각각 1명 이상 포함되어야 한다.",위임,조례,,rule
P02727,"③ 제2항에도 불구하고 유아 수가 20명 미만인 국립ㆍ공립 유치원에 두는 운영위원회 위원의 구성비율은 국립유치원의 경우에는 유치원규칙으로 다르게 정할 수 있으며, 공립유치원의 경우에는 시ㆍ도의 조례로 정하는 범위에서 운영위원회규정으로 다르게 정할 수 있다. 다만, 유치원규칙 또는 운영위원회규정으로 다르게 정하는 경우에도 학부모위원 및 교원위원은 각각 1명 이상 포함되어야 한다.",위임,조례,,rule
P02728,"③ 제2항에도 불구하고 유아 수가 20명 미만인 국립ㆍ공립 유치원에 두는 운영위원회 위원의 구성비율은 국립유치원의 경우에는 유치원규칙으로 다르게 정할 수 있으며, 공립유치원의 경우에는 시ㆍ도의 조례로 정하는 범위에서 운영위원회규정으로 다르게 정할 수 있다. 다만, 유치원규칙 또는 운영위원회규정으로 다르게 정하는 경우에도 학부모위원 및 교원위원은 각각 1명 이상 포함되어야 한다.",위임,조례,,rule
P02729,"③ 제2항에도 불구하고 유아 수가 20명 미만인 국립ㆍ공립 유치원에 두는 운영위원회 위원의 구성비율은 국립유치원의 경우에는 유치원규칙으로 다르게 정할 수 있으며, 공립유치원의 경우에는 시ㆍ도의 조례로 정하는 범위에서 운영위원회규정으로 다르게 정할 수 있다. 다만, 유치원규칙 또는 운영위원회규정으로 다르게 정하는 경우에도 학부모위원 및 교원위원은 각각 1명 이상 포함되어야 한다.",위임,조례,,rule
P02730,"③ 제2항에도 불구하고 유아 수가 20명 미만인 국립ㆍ공립 유치원에 두는 운영위원회 위원의 구성비율은 국립유치원의 경우에는 유치원규칙으로 다르게 정할 수 있으며, 공립유치원의 경우에는 시ㆍ도의 조례로 정하는 범위에서 운영위원회규정으로 다르게 정할 수 있다. 다만, 유치원규칙 또는 운영위원회규정으로 다르게 정하는 경우에도 학부모위원 및 교원위원은 각각 1명 이상 포함되어야 한다.",위임,조례,,rule
P02731,"③ 제2항에도 불구하고 유아 수가 20명 미만인 국립ㆍ공립 유치원에 두는 운영위원회 위원의 구성비율은 국립유치원의 경우에는 유치원규칙으로 다르게 정할 수 있으며, 공립유치원의 경우에는 시ㆍ도의 조례로 정하는 범위에서 운영위원회규정으로 다르게 정할 수 있다. 다만, 유치원규칙 또는 운영위원회규정으로 다르게 정하는 경우에도 학부모위원 및 교원위원은 각각 1명 이상 포함되어야 한다.",위임,조례,,rule
P02732,"③ 제2항에도 불구하고 유아 수가 20명 미만인 국립ㆍ공립 유치원에 두는 운영위원회 위원의 구성비율은 국립유치원의 경우에는 유치원규칙으로 다르게 정할 수 있으며, 공립유치원의 경우에는 시ㆍ도의 조례로 정하는 범위에서 운영위원회규정으로 다르게 정할 수 있다. 다만, 유치원규칙 또는 운영위원회규정으로 다르게 정하는 경우에도 학부모위원 및 교원위원은 각각 1명 이상 포함되어야 한다.",위임,조례,,rule
P02733,"③ 제2항에도 불구하고 유아 수가 20명 미만인 국립ㆍ공립 유치원에 두는 운영위원회 위원의 구성비율은 국립유치원의 경우에는 유치원규칙으로 다르게 정할 수 있으며, 공립유치원의 경우에는 시ㆍ도의 조례로 정하는 범위에서 운영위원회규정으로 다르게 정할 수 있다. 다만, 유치원규칙 또는 운영위원회규정으로 다르게 정하는 경우에도 학부모위원 및 교원위원은 각각 1명 이상 포함되어야 한다.",위임,조례,,rule
P02734,"③ 제2항에도 불구하고 유아 수가 20명 미만인 국립ㆍ공립 유치원에 두는 운영위원회 위원의 구성비율은 국립유치원의 경우에는 유치원규칙으로 다르게 정할 수 있으며, 공립유치원의 경우에는 시ㆍ도의 조례로 정하는 범위에서 운영위원회규정으로 다르게 정할 수 있다. 다만, 유치원규칙 또는 운영위원회규정으로 다르게 정하는 경우에도 학부모위원 및 교원위원은 각각 1명 이상 포함되어야 한다.",위임,조례,,rule
P02735,"③ 제2항에도 불구하고 유아 수가 20명 미만인 국립ㆍ공립 유치원에 두는 운영위원회 위원의 구성비율은 국립유치원의 경우에는 유치원규칙으로 다르게 정할 수 있으며, 공립유치원의 경우에는 시ㆍ도의 조례로 정하는 범위에서 운영위원회규정으로 다르게 정할 수 있다. 다만, 유치원규칙 또는 운영위원회규정으로 다르게 정하는 경우에도 학부모위원 및 교원위원은 각각 1명 이상 포함되어야 한다.",위임,조례,,rule
P02736,"③ 제2항에도 불구하고 유아 수가 20명 미만인 국립ㆍ공립 유치원에 두는 운영위원회 위원의 구성비율은 국립유치원의 경우에는 유치원규칙으로 다르게 정할 수 있으며, 공립유치원의 경우에는 시ㆍ도의 조례로 정하는 범위에서 운영위원회규정으로 다르게 정할 수 있다. 다만, 유치원규칙 또는 운영위원회규정으로 다르게 정하는 경우에도 학부모위원 및 교원위원은 각각 1명 이상 포함되어야 한다.",위임,조례,,rule
P02737,"③ 제2항에도 불구하고 유아 수가 20명 미만인 국립ㆍ공립 유치원에 두는 운영위원회 위원의 구성비율은 국립유치원의 경우에는 유치원규칙으로 다르게 정할 수 있으며, 공립유치원의 경우에는 시ㆍ도의 조례로 정하는 범위에서 운영위원회규정으로 다르게 정할 수 있다. 다만, 유치원규칙 또는 운영위원회규정으로 다르게 정하는 경우에도 학부모위원 및 교원위원은 각각 1명 이상 포함되어야 한다.",위임,조례,,rule
P02738,"③ 제2항에도 불구하고 유아 수가 20명 미만인 국립ㆍ공립 유치원에 두는 운영위원회 위원의 구성비율은 국립유치원의 경우에는 유치원규칙으로 다르게 정할 수 있으며, 공립유치원의 경우에는 시ㆍ도의 조례로 정하는 범위에서 운영위원회규정으로 다르게 정할 수 있다. 다만, 유치원규칙 또는 운영위원회규정으로 다르게 정하는 경우에도 학부모위원 및 교원위원은 각각 1명 이상 포함되어야 한다.",위임,조례,,rule
P02739,"③ 제2항에도 불구하고 유아 수가 20명 미만인 국립ㆍ공립 유치원에 두는 운영위원회 위원의 구성비율은 국립유치원의 경우에는 유치원규칙으로 다르게 정할 수 있으며, 공립유치원의 경우에는 시ㆍ도의 조례로 정하는 범위에서 운영위원회규정으로 다르게 정할 수 있다. 다만, 유치원규칙 또는 운영위원회규정으로 다르게 정하는 경우에도 학부모위원 및 교원위원은 각각 1명 이상 포함되어야 한다.",위임,조례,,rule
P02740,"③ 제2항에도 불구하고 유아 수가 20명 미만인 국립ㆍ공립 유치원에 두는 운영위원회 위원의 구성비율은 국립유치원의 경우에는 유치원규칙으로 다르게 정할 수 있으며, 공립유치원의 경우에는 시ㆍ도의 조례로 정하는 범위에서 운영위원회규정으로 다르게 정할 수 있다. 다만, 유치원규칙 또는 운영위원회규정으로 다르게 정하는 경우에도 학부모위원 및 교원위원은 각각 1명 이상 포함되어야 한다.",위임,조례,,rule
P02741,"③ 제2항에도 불구하고 유아 수가 20명 미만인 국립ㆍ공립 유치원에 두는 운영위원회 위원의 구성비율은 국립유치원의 경우에는 유치원규칙으로 다르게 정할 수 있으며, 공립유치원의 경우에는 시ㆍ도의 조례로 정하는 범위에서 운영위원회규정으로 다르게 정할 수 있다. 다만, 유치원규칙 또는 운영위원회규정으로 다르게 정하는 경우에도 학부모위원 및 교원위원은 각각 1명 이상 포함되어야 한다.",위임,조례,,rule
P02742,"국립·공립 유치원에 두는 운영위원회는 학부모가 경비를 부담하는 사항을 심의할 때에는 국립유치원의 경우에는 유치원규칙으로 정하는 바에 따라 미리 학부모의 의견을 수렴하여야 하며, 공립유치원의 경우에는 시·도의 조례로 정하는 바에 따라 미리 학부모의 의견을 수렴하여야 한다.",위임,조례,,rule
P02743,"국립·공립 유치원에 두는 운영위원회는 학부모가 경비를 부담하는 사항을 심의할 때에는 국립유치원의 경우에는 유치원규칙으로 정하는 바에 따라 미리 학부모의 의견을 수렴하여야 하며, 공립유치원의 경우에는 시·도의 조례로 정하는 바에 따라 미리 학부모의 의견을 수렴하여야 한다.",위임,조례,,rule
P02744,"국립·공립 유치원에 두는 운영위원회는 학부모가 경비를 부담하는 사항을 심의할 때에는 국립유치원의 경우에는 유치원규칙으로 정하는 바에 따라 미리 학부모의 의견을 수렴하여야 하며, 공립유치원의 경우에는 시·도의 조례로 정하는 바에 따라 미리 학부모의 의견을 수렴하여야 한다.",위임,조례,,rule
P02745,"국립·공립 유치원에 두는 운영위원회는 학부모가 경비를 부담하는 사항을 심의할 때에는 국립유치원의 경우에는 유치원규칙으로 정하는 바에 따라 미리 학부모의 의견을 수렴하여야 하며, 공립유치원의 경우에는 시·도의 조례로 정하는 바에 따라 미리 학부모의 의견을 수렴하여야 한다.",위임,조례,,rule
P02746,"국립·공립 유치원에 두는 운영위원회는 학부모가 경비를 부담하는 사항을 심의할 때에는 국립유치원의 경우에는 유치원규칙으로 정하는 바에 따라 미리 학부모의 의견을 수렴하여야 하며, 공립유치원의 경우에는 시·도의 조례로 정하는 바에 따라 미리 학부모의 의견을 수렴하여야 한다.",위임,조례,,rule
P02747,"국립·공립 유치원에 두는 운영위원회는 학부모가 경비를 부담하는 사항을 심의할 때에는 국립유치원의 경우에는 유치원규칙으로 정하는 바에 따라 미리 학부모의 의견을 수렴하여야 하며, 공립유치원의 경우에는 시·도의 조례로 정하는 바에 따라 미리 학부모의 의견을 수렴하여야 한다.",위임,조례,,rule
P02748,"국립·공립 유치원에 두는 운영위원회는 학부모가 경비를 부담하는 사항을 심의할 때에는 국립유치원의 경우에는 유치원규칙으로 정하는 바에 따라 미리 학부모의 의견을 수렴하여야 하며, 공립유치원의 경우에는 시·도의 조례로 정하는 바에 따라 미리 학부모의 의견을 수렴하여야 한다.",위임,조례,,rule
P02749,"국립·공립 유치원에 두는 운영위원회는 학부모가 경비를 부담하는 사항을 심의할 때에는 국립유치원의 경우에는 유치원규칙으로 정하는 바에 따라 미리 학부모의 의견을 수렴하여야 하며, 공립유치원의 경우에는 시·도의 조례로 정하는 바에 따라 미리 학부모의 의견을 수렴하여야 한다.",위임,조례,,rule
P02750,"국립·공립 유치원에 두는 운영위원회는 학부모가 경비를 부담하는 사항을 심의할 때에는 국립유치원의 경우에는 유치원규칙으로 정하는 바에 따라 미리 학부모의 의견을 수렴하여야 하며, 공립유치원의 경우에는 시·도의 조례로 정하는 바에 따라 미리 학부모의 의견을 수렴하여야 한다.",위임,조례,,rule
P02751,"국립·공립 유치원에 두는 운영위원회는 학부모가 경비를 부담하는 사항을 심의할 때에는 국립유치원의 경우에는 유치원규칙으로 정하는 바에 따라 미리 학부모의 의견을 수렴하여야 하며, 공립유치원의 경우에는 시·도의 조례로 정하는 바에 따라 미리 학부모의 의견을 수렴하여야 한다.",위임,조례,,rule
P02752,"국립·공립 유치원에 두는 운영위원회는 학부모가 경비를 부담하는 사항을 심의할 때에는 국립유치원의 경우에는 유치원규칙으로 정하는 바에 따라 미리 학부모의 의견을 수렴하여야 하며, 공립유치원의 경우에는 시·도의 조례로 정하는 바에 따라 미리 학부모의 의견을 수렴하여야 한다.",위임,조례,,rule
P02753,"국립·공립 유치원에 두는 운영위원회는 학부모가 경비를 부담하는 사항을 심의할 때에는 국립유치원의 경우에는 유치원규칙으로 정하는 바에 따라 미리 학부모의 의견을 수렴하여야 하며, 공립유치원의 경우에는 시·도의 조례로 정하는 바에 따라 미리 학부모의 의견을 수렴하여야 한다.",위임,조례,,rule
P02754,"국립·공립 유치원에 두는 운영위원회는 학부모가 경비를 부담하는 사항을 심의할 때에는 국립유치원의 경우에는 유치원규칙으로 정하는 바에 따라 미리 학부모의 의견을 수렴하여야 하며, 공립유치원의 경우에는 시·도의 조례로 정하는 바에 따라 미리 학부모의 의견을 수렴하여야 한다.",위임,조례,,rule
P02755,"국립·공립 유치원에 두는 운영위원회는 학부모가 경비를 부담하는 사항을 심의할 때에는 국립유치원의 경우에는 유치원규칙으로 정하는 바에 따라 미리 학부모의 의견을 수렴하여야 하며, 공립유치원의 경우에는 시·도의 조례로 정하는 바에 따라 미리 학부모의 의견을 수렴하여야 한다.",위임,조례,,rule
P02756,"국립·공립 유치원에 두는 운영위원회는 학부모가 경비를 부담하는 사항을 심의할 때에는 국립유치원의 경우에는 유치원규칙으로 정하는 바에 따라 미리 학부모의 의견을 수렴하여야 하며, 공립유치원의 경우에는 시·도의 조례로 정하는 바에 따라 미리 학부모의 의견을 수렴하여야 한다.",위임,조례,,rule
P02757,"국립·공립 유치원에 두는 운영위원회는 학부모가 경비를 부담하는 사항을 심의할 때에는 국립유치원의 경우에는 유치원규칙으로 정하는 바에 따라 미리 학부모의 의견을 수렴하여야 하며, 공립유치원의 경우에는 시·도의 조례로 정하는 바에 따라 미리 학부모의 의견을 수렴하여야 한다.",위임,조례,,rule
P02758,"국립·공립 유치원에 두는 운영위원회는 학부모가 경비를 부담하는 사항을 심의할 때에는 국립유치원의 경우에는 유치원규칙으로 정하는 바에 따라 미리 학부모의 의견을 수렴하여야 하며, 공립유치원의 경우에는 시·도의 조례로 정하는 바에 따라 미리 학부모의 의견을 수렴하여야 한다.",위임,조례,,rule
P02759,"② 제1항에 따른 소위원회의 구성 및 운영에 필요한 사항은 국립유치원의 경우에는 유치원규칙으로, 공립유치원의 경우에는 시ㆍ도의 조례로, 사립유치원의 경우에는 정관 또는 유치원규칙으로 정한다.",판단불가,해당없음,,rule
P02760,"② 제1항에 따른 소위원회의 구성 및 운영에 필요한 사항은 국립유치원의 경우에는 유치원규칙으로, 공립유치원의 경우에는 시ㆍ도의 조례로, 사립유치원의 경우에는 정관 또는 유치원규칙으로 정한다.",판단불가,해당없음,,rule
P02761,"② 제1항에 따른 소위원회의 구성 및 운영에 필요한 사항은 국립유치원의 경우에는 유치원규칙으로, 공립유치원의 경우에는 시ㆍ도의 조례로, 사립유치원의 경우에는 정관 또는 유치원규칙으로 정한다.",판단불가,해당없음,,rule
P02762,"② 제1항에 따른 소위원회의 구성 및 운영에 필요한 사항은 국립유치원의 경우에는 유치원규칙으로, 공립유치원의 경우에는 시ㆍ도의 조례로, 사립유치원의 경우에는 정관 또는 유치원규칙으로 정한다.",판단불가,해당없음,,rule
P02763,"② 제1항에 따른 소위원회의 구성 및 운영에 필요한 사항은 국립유치원의 경우에는 유치원규칙으로, 공립유치원의 경우에는 시ㆍ도의 조례로, 사립유치원의 경우에는 정관 또는 유치원규칙으로 정한다.",판단불가,해당없음,,rule
P02764,"② 제1항에 따른 소위원회의 구성 및 운영에 필요한 사항은 국립유치원의 경우에는 유치원규칙으로, 공립유치원의 경우에는 시ㆍ도의 조례로, 사립유치원의 경우에는 정관 또는 유치원규칙으로 정한다.",판단불가,해당없음,,rule
P02765,"② 제1항에 따른 소위원회의 구성 및 운영에 필요한 사항은 국립유치원의 경우에는 유치원규칙으로, 공립유치원의 경우에는 시ㆍ도의 조례로, 사립유치원의 경우에는 정관 또는 유치원규칙으로 정한다.",판단불가,해당없음,,rule
P02766,"② 제1항에 따른 소위원회의 구성 및 운영에 필요한 사항은 국립유치원의 경우에는 유치원규칙으로, 공립유치원의 경우에는 시ㆍ도의 조례로, 사립유치원의 경우에는 정관 또는 유치원규칙으로 정한다.",판단불가,해당없음,,rule
P02767,"② 제1항에 따른 소위원회의 구성 및 운영에 필요한 사항은 국립유치원의 경우에는 유치원규칙으로, 공립유치원의 경우에는 시ㆍ도의 조례로, 사립유치원의 경우에는 정관 또는 유치원규칙으로 정한다.",판단불가,해당없음,,rule
P02768,"② 제1항에 따른 소위원회의 구성 및 운영에 필요한 사항은 국립유치원의 경우에는 유치원규칙으로, 공립유치원의 경우에는 시ㆍ도의 조례로, 사립유치원의 경우에는 정관 또는 유치원규칙으로 정한다.",판단불가,해당없음,,rule
P02769,"② 제1항에 따른 소위원회의 구성 및 운영에 필요한 사항은 국립유치원의 경우에는 유치원규칙으로, 공립유치원의 경우에는 시ㆍ도의 조례로, 사립유치원의 경우에는 정관 또는 유치원규칙으로 정한다.",판단불가,해당없음,,rule
P02770,"② 제1항에 따른 소위원회의 구성 및 운영에 필요한 사항은 국립유치원의 경우에는 유치원규칙으로, 공립유치원의 경우에는 시ㆍ도의 조례로, 사립유치원의 경우에는 정관 또는 유치원규칙으로 정한다.",판단불가,해당없음,,rule
P02771,"② 제1항에 따른 소위원회의 구성 및 운영에 필요한 사항은 국립유치원의 경우에는 유치원규칙으로, 공립유치원의 경우에는 시ㆍ도의 조례로, 사립유치원의 경우에는 정관 또는 유치원규칙으로 정한다.",판단불가,해당없음,,rule
P02772,"② 제1항에 따른 소위원회의 구성 및 운영에 필요한 사항은 국립유치원의 경우에는 유치원규칙으로, 공립유치원의 경우에는 시ㆍ도의 조례로, 사립유치원의 경우에는 정관 또는 유치원규칙으로 정한다.",판단불가,해당없음,,rule
P02773,"② 제1항에 따른 소위원회의 구성 및 운영에 필요한 사항은 국립유치원의 경우에는 유치원규칙으로, 공립유치원의 경우에는 시ㆍ도의 조례로, 사립유치원의 경우에는 정관 또는 유치원규칙으로 정한다.",판단불가,해당없음,,rule
P02774,"② 제1항에 따른 소위원회의 구성 및 운영에 필요한 사항은 국립유치원의 경우에는 유치원규칙으로, 공립유치원의 경우에는 시ㆍ도의 조례로, 사립유치원의 경우에는 정관 또는 유치원규칙으로 정한다.",판단불가,해당없음,,rule
P02775,"② 제1항에 따른 소위원회의 구성 및 운영에 필요한 사항은 국립유치원의 경우에는 유치원규칙으로, 공립유치원의 경우에는 시ㆍ도의 조례로, 사립유치원의 경우에는 정관 또는 유치원규칙으로 정한다.",판단불가,해당없음,,rule
P02776,"이 영에서 규정한 사항 외에 국립ㆍ공립 유치원에 두는 운영위원회의 구성 및 운영에 필요한 사항은 국립유치원의 경우에는 유치원규칙으로, 공립유치원의 경우에는 시ㆍ도의 조례로 정한다.",위임,조례,,rule
P02777,"이 영에서 규정한 사항 외에 국립ㆍ공립 유치원에 두는 운영위원회의 구성 및 운영에 필요한 사항은 국립유치원의 경우에는 유치원규칙으로, 공립유치원의 경우에는 시ㆍ도의 조례로 정한다.",위임,조례,,rule
P02778,"이 영에서 규정한 사항 외에 국립ㆍ공립 유치원에 두는 운영위원회의 구성 및 운영에 필요한 사항은 국립유치원의 경우에는 유치원규칙으로, 공립유치원의 경우에는 시ㆍ도의 조례로 정한다.",위임,조례,,rule
P02779,"이 영에서 규정한 사항 외에 국립ㆍ공립 유치원에 두는 운영위원회의 구성 및 운영에 필요한 사항은 국립유치원의 경우에는 유치원규칙으로, 공립유치원의 경우에는 시ㆍ도의 조례로 정한다.",위임,조례,,rule
P02780,"이 영에서 규정한 사항 외에 국립ㆍ공립 유치원에 두는 운영위원회의 구성 및 운영에 필요한 사항은 국립유치원의 경우에는 유치원규칙으로, 공립유치원의 경우에는 시ㆍ도의 조례로 정한다.",위임,조례,,rule
P02781,"이 영에서 규정한 사항 외에 국립ㆍ공립 유치원에 두는 운영위원회의 구성 및 운영에 필요한 사항은 국립유치원의 경우에는 유치원규칙으로, 공립유치원의 경우에는 시ㆍ도의 조례로 정한다.",위임,조례,,rule
P02782,"이 영에서 규정한 사항 외에 국립ㆍ공립 유치원에 두는 운영위원회의 구성 및 운영에 필요한 사항은 국립유치원의 경우에는 유치원규칙으로, 공립유치원의 경우에는 시ㆍ도의 조례로 정한다.",위임,조례,,rule
P02783,"이 영에서 규정한 사항 외에 국립ㆍ공립 유치원에 두는 운영위원회의 구성 및 운영에 필요한 사항은 국립유치원의 경우에는 유치원규칙으로, 공립유치원의 경우에는 시ㆍ도의 조례로 정한다.",위임,조례,,rule
P02784,"이 영에서 규정한 사항 외에 국립ㆍ공립 유치원에 두는 운영위원회의 구성 및 운영에 필요한 사항은 국립유치원의 경우에는 유치원규칙으로, 공립유치원의 경우에는 시ㆍ도의 조례로 정한다.",위임,조례,,rule
P02785,"이 영에서 규정한 사항 외에 국립ㆍ공립 유치원에 두는 운영위원회의 구성 및 운영에 필요한 사항은 국립유치원의 경우에는 유치원규칙으로, 공립유치원의 경우에는 시ㆍ도의 조례로 정한다.",위임,조례,,rule
P02786,"이 영에서 규정한 사항 외에 국립ㆍ공립 유치원에 두는 운영위원회의 구성 및 운영에 필요한 사항은 국립유치원의 경우에는 유치원규칙으로, 공립유치원의 경우에는 시ㆍ도의 조례로 정한다.",위임,조례,,rule
P02787,"이 영에서 규정한 사항 외에 국립ㆍ공립 유치원에 두는 운영위원회의 구성 및 운영에 필요한 사항은 국립유치원의 경우에는 유치원규칙으로, 공립유치원의 경우에는 시ㆍ도의 조례로 정한다.",위임,조례,,rule
P02788,"이 영에서 규정한 사항 외에 국립ㆍ공립 유치원에 두는 운영위원회의 구성 및 운영에 필요한 사항은 국립유치원의 경우에는 유치원규칙으로, 공립유치원의 경우에는 시ㆍ도의 조례로 정한다.",위임,조례,,rule
P02789,"이 영에서 규정한 사항 외에 국립ㆍ공립 유치원에 두는 운영위원회의 구성 및 운영에 필요한 사항은 국립유치원의 경우에는 유치원규칙으로, 공립유치원의 경우에는 시ㆍ도의 조례로 정한다.",위임,조례,,rule
P02790,"이 영에서 규정한 사항 외에 국립ㆍ공립 유치원에 두는 운영위원회의 구성 및 운영에 필요한 사항은 국립유치원의 경우에는 유치원규칙으로, 공립유치원의 경우에는 시ㆍ도의 조례로 정한다.",위임,조례,,rule
P02791,"이 영에서 규정한 사항 외에 국립ㆍ공립 유치원에 두는 운영위원회의 구성 및 운영에 필요한 사항은 국립유치원의 경우에는 유치원규칙으로, 공립유치원의 경우에는 시ㆍ도의 조례로 정한다.",위임,조례,,rule
P02792,"이 영에서 규정한 사항 외에 국립ㆍ공립 유치원에 두는 운영위원회의 구성 및 운영에 필요한 사항은 국립유치원의 경우에는 유치원규칙으로, 공립유치원의 경우에는 시ㆍ도의 조례로 정한다.",위임,조례,,rule
P02793,"지도의 범위, 방식 등에 관한 기준은 교육부장관이 정하여 고시한다",위임,미특정,,rule
P02794,대통령령으로 정한다,위임,대통령령,,rule
P02795,교육부령으로 정하는,위임,부령,,rule
P02796,② 특별시장·광역시장·특별자치시장·도지사·특별자치도지사 및 시장·군수·구청장(자치구의 구청장을 말한다. 이하 같다)은 조례로 정하는 바에 따라 제1항 각 호의 경비의 전부 또는 일부를 사립유치원에 지원할 수 있다.,위임,조례,,rule
P02797,② 특별시장·광역시장·특별자치시장·도지사·특별자치도지사 및 시장·군수·구청장(자치구의 구청장을 말한다. 이하 같다)은 조례로 정하는 바에 따라 제1항 각 호의 경비의 전부 또는 일부를 사립유치원에 지원할 수 있다.,위임,조례,,rule
P02798,② 특별시장·광역시장·특별자치시장·도지사·특별자치도지사 및 시장·군수·구청장(자치구의 구청장을 말한다. 이하 같다)은 조례로 정하는 바에 따라 제1항 각 호의 경비의 전부 또는 일부를 사립유치원에 지원할 수 있다.,위임,조례,,rule
P02799,② 특별시장·광역시장·특별자치시장·도지사·특별자치도지사 및 시장·군수·구청장(자치구의 구청장을 말한다. 이하 같다)은 조례로 정하는 바에 따라 제1항 각 호의 경비의 전부 또는 일부를 사립유치원에 지원할 수 있다.,위임,조례,,rule
P02800,② 특별시장·광역시장·특별자치시장·도지사·특별자치도지사 및 시장·군수·구청장(자치구의 구청장을 말한다. 이하 같다)은 조례로 정하는 바에 따라 제1항 각 호의 경비의 전부 또는 일부를 사립유치원에 지원할 수 있다.,위임,조례,,rule
P02801,② 특별시장·광역시장·특별자치시장·도지사·특별자치도지사 및 시장·군수·구청장(자치구의 구청장을 말한다. 이하 같다)은 조례로 정하는 바에 따라 제1항 각 호의 경비의 전부 또는 일부를 사립유치원에 지원할 수 있다.,위임,조례,,rule
P02802,② 특별시장·광역시장·특별자치시장·도지사·특별자치도지사 및 시장·군수·구청장(자치구의 구청장을 말한다. 이하 같다)은 조례로 정하는 바에 따라 제1항 각 호의 경비의 전부 또는 일부를 사립유치원에 지원할 수 있다.,위임,조례,,rule
P02803,② 특별시장·광역시장·특별자치시장·도지사·특별자치도지사 및 시장·군수·구청장(자치구의 구청장을 말한다. 이하 같다)은 조례로 정하는 바에 따라 제1항 각 호의 경비의 전부 또는 일부를 사립유치원에 지원할 수 있다.,위임,조례,,rule
P02804,② 특별시장·광역시장·특별자치시장·도지사·특별자치도지사 및 시장·군수·구청장(자치구의 구청장을 말한다. 이하 같다)은 조례로 정하는 바에 따라 제1항 각 호의 경비의 전부 또는 일부를 사립유치원에 지원할 수 있다.,위임,조례,,rule
P02805,② 특별시장·광역시장·특별자치시장·도지사·특별자치도지사 및 시장·군수·구청장(자치구의 구청장을 말한다. 이하 같다)은 조례로 정하는 바에 따라 제1항 각 호의 경비의 전부 또는 일부를 사립유치원에 지원할 수 있다.,위임,조례,,rule
P02806,② 특별시장·광역시장·특별자치시장·도지사·특별자치도지사 및 시장·군수·구청장(자치구의 구청장을 말한다. 이하 같다)은 조례로 정하는 바에 따라 제1항 각 호의 경비의 전부 또는 일부를 사립유치원에 지원할 수 있다.,위임,조례,,rule
P02807,② 특별시장·광역시장·특별자치시장·도지사·특별자치도지사 및 시장·군수·구청장(자치구의 구청장을 말한다. 이하 같다)은 조례로 정하는 바에 따라 제1항 각 호의 경비의 전부 또는 일부를 사립유치원에 지원할 수 있다.,위임,조례,,rule
P02808,② 특별시장·광역시장·특별자치시장·도지사·특별자치도지사 및 시장·군수·구청장(자치구의 구청장을 말한다. 이하 같다)은 조례로 정하는 바에 따라 제1항 각 호의 경비의 전부 또는 일부를 사립유치원에 지원할 수 있다.,위임,조례,,rule
P02809,② 특별시장·광역시장·특별자치시장·도지사·특별자치도지사 및 시장·군수·구청장(자치구의 구청장을 말한다. 이하 같다)은 조례로 정하는 바에 따라 제1항 각 호의 경비의 전부 또는 일부를 사립유치원에 지원할 수 있다.,위임,조례,,rule
P02810,② 특별시장·광역시장·특별자치시장·도지사·특별자치도지사 및 시장·군수·구청장(자치구의 구청장을 말한다. 이하 같다)은 조례로 정하는 바에 따라 제1항 각 호의 경비의 전부 또는 일부를 사립유치원에 지원할 수 있다.,위임,조례,,rule
P02811,② 특별시장·광역시장·특별자치시장·도지사·특별자치도지사 및 시장·군수·구청장(자치구의 구청장을 말한다. 이하 같다)은 조례로 정하는 바에 따라 제1항 각 호의 경비의 전부 또는 일부를 사립유치원에 지원할 수 있다.,위임,조례,,rule
P02812,② 특별시장·광역시장·특별자치시장·도지사·특별자치도지사 및 시장·군수·구청장(자치구의 구청장을 말한다. 이하 같다)은 조례로 정하는 바에 따라 제1항 각 호의 경비의 전부 또는 일부를 사립유치원에 지원할 수 있다.,위임,조례,,rule
P02813,② 특별시장·광역시장·특별자치시장·도지사·특별자치도지사 및 시장·군수·구청장(자치구의 구청장을 말한다. 이하 같다)은 조례로 정하는 바에 따라 제1항 각 호의 경비의 전부 또는 일부를 사립유치원에 지원할 수 있다.,위임,조례,,rule
P02814,② 특별시장·광역시장·특별자치시장·도지사·특별자치도지사 및 시장·군수·구청장(자치구의 구청장을 말한다. 이하 같다)은 조례로 정하는 바에 따라 제1항 각 호의 경비의 전부 또는 일부를 사립유치원에 지원할 수 있다.,위임,조례,,rule
P02815,② 특별시장·광역시장·특별자치시장·도지사·특별자치도지사 및 시장·군수·구청장(자치구의 구청장을 말한다. 이하 같다)은 조례로 정하는 바에 따라 제1항 각 호의 경비의 전부 또는 일부를 사립유치원에 지원할 수 있다.,위임,조례,,rule
P02816,② 특별시장·광역시장·특별자치시장·도지사·특별자치도지사 및 시장·군수·구청장(자치구의 구청장을 말한다. 이하 같다)은 조례로 정하는 바에 따라 제1항 각 호의 경비의 전부 또는 일부를 사립유치원에 지원할 수 있다.,위임,조례,,rule
P02817,② 특별시장·광역시장·특별자치시장·도지사·특별자치도지사 및 시장·군수·구청장(자치구의 구청장을 말한다. 이하 같다)은 조례로 정하는 바에 따라 제1항 각 호의 경비의 전부 또는 일부를 사립유치원에 지원할 수 있다.,위임,조례,,rule
P02818,② 특별시장·광역시장·특별자치시장·도지사·특별자치도지사 및 시장·군수·구청장(자치구의 구청장을 말한다. 이하 같다)은 조례로 정하는 바에 따라 제1항 각 호의 경비의 전부 또는 일부를 사립유치원에 지원할 수 있다.,위임,조례,,rule
P02819,② 특별시장·광역시장·특별자치시장·도지사·특별자치도지사 및 시장·군수·구청장(자치구의 구청장을 말한다. 이하 같다)은 조례로 정하는 바에 따라 제1항 각 호의 경비의 전부 또는 일부를 사립유치원에 지원할 수 있다.,위임,조례,,rule
P02820,② 특별시장·광역시장·특별자치시장·도지사·특별자치도지사 및 시장·군수·구청장(자치구의 구청장을 말한다. 이하 같다)은 조례로 정하는 바에 따라 제1항 각 호의 경비의 전부 또는 일부를 사립유치원에 지원할 수 있다.,위임,조례,,rule
P02821,② 특별시장·광역시장·특별자치시장·도지사·특별자치도지사 및 시장·군수·구청장(자치구의 구청장을 말한다. 이하 같다)은 조례로 정하는 바에 따라 제1항 각 호의 경비의 전부 또는 일부를 사립유치원에 지원할 수 있다.,위임,조례,,rule
P02822,② 특별시장·광역시장·특별자치시장·도지사·특별자치도지사 및 시장·군수·구청장(자치구의 구청장을 말한다. 이하 같다)은 조례로 정하는 바에 따라 제1항 각 호의 경비의 전부 또는 일부를 사립유치원에 지원할 수 있다.,위임,조례,,rule
P02823,② 특별시장·광역시장·특별자치시장·도지사·특별자치도지사 및 시장·군수·구청장(자치구의 구청장을 말한다. 이하 같다)은 조례로 정하는 바에 따라 제1항 각 호의 경비의 전부 또는 일부를 사립유치원에 지원할 수 있다.,위임,조례,,rule
P02824,② 특별시장·광역시장·특별자치시장·도지사·특별자치도지사 및 시장·군수·구청장(자치구의 구청장을 말한다. 이하 같다)은 조례로 정하는 바에 따라 제1항 각 호의 경비의 전부 또는 일부를 사립유치원에 지원할 수 있다.,위임,조례,,rule
P02825,② 특별시장·광역시장·특별자치시장·도지사·특별자치도지사 및 시장·군수·구청장(자치구의 구청장을 말한다. 이하 같다)은 조례로 정하는 바에 따라 제1항 각 호의 경비의 전부 또는 일부를 사립유치원에 지원할 수 있다.,위임,조례,,rule
P02826,② 특별시장·광역시장·특별자치시장·도지사·특별자치도지사 및 시장·군수·구청장(자치구의 구청장을 말한다. 이하 같다)은 조례로 정하는 바에 따라 제1항 각 호의 경비의 전부 또는 일부를 사립유치원에 지원할 수 있다.,위임,조례,,rule
P02827,② 특별시장·광역시장·특별자치시장·도지사·특별자치도지사 및 시장·군수·구청장(자치구의 구청장을 말한다. 이하 같다)은 조례로 정하는 바에 따라 제1항 각 호의 경비의 전부 또는 일부를 사립유치원에 지원할 수 있다.,위임,조례,,rule
P02828,② 특별시장·광역시장·특별자치시장·도지사·특별자치도지사 및 시장·군수·구청장(자치구의 구청장을 말한다. 이하 같다)은 조례로 정하는 바에 따라 제1항 각 호의 경비의 전부 또는 일부를 사립유치원에 지원할 수 있다.,위임,조례,,rule
P02829,② 특별시장·광역시장·특별자치시장·도지사·특별자치도지사 및 시장·군수·구청장은 조례로 정하는 바에 따라 제1항 각 호의 경비의 전부 또는 일부를 방과후 과정을 운영하거나 제12조에 따른 수업일수를 초과하여 운영하는 유치원에 지원할 수 있다.,위임,조례,,rule
P02830,② 특별시장·광역시장·특별자치시장·도지사·특별자치도지사 및 시장·군수·구청장은 조례로 정하는 바에 따라 제1항 각 호의 경비의 전부 또는 일부를 방과후 과정을 운영하거나 제12조에 따른 수업일수를 초과하여 운영하는 유치원에 지원할 수 있다.,위임,조례,,rule
P02831,② 특별시장·광역시장·특별자치시장·도지사·특별자치도지사 및 시장·군수·구청장은 조례로 정하는 바에 따라 제1항 각 호의 경비의 전부 또는 일부를 방과후 과정을 운영하거나 제12조에 따른 수업일수를 초과하여 운영하는 유치원에 지원할 수 있다.,위임,조례,,rule
P02832,② 특별시장·광역시장·특별자치시장·도지사·특별자치도지사 및 시장·군수·구청장은 조례로 정하는 바에 따라 제1항 각 호의 경비의 전부 또는 일부를 방과후 과정을 운영하거나 제12조에 따른 수업일수를 초과하여 운영하는 유치원에 지원할 수 있다.,위임,조례,,rule
P02833,② 특별시장·광역시장·특별자치시장·도지사·특별자치도지사 및 시장·군수·구청장은 조례로 정하는 바에 따라 제1항 각 호의 경비의 전부 또는 일부를 방과후 과정을 운영하거나 제12조에 따른 수업일수를 초과하여 운영하는 유치원에 지원할 수 있다.,위임,조례,,rule
P02834,② 특별시장·광역시장·특별자치시장·도지사·특별자치도지사 및 시장·군수·구청장은 조례로 정하는 바에 따라 제1항 각 호의 경비의 전부 또는 일부를 방과후 과정을 운영하거나 제12조에 따른 수업일수를 초과하여 운영하는 유치원에 지원할 수 있다.,위임,조례,,rule
P02835,② 특별시장·광역시장·특별자치시장·도지사·특별자치도지사 및 시장·군수·구청장은 조례로 정하는 바에 따라 제1항 각 호의 경비의 전부 또는 일부를 방과후 과정을 운영하거나 제12조에 따른 수업일수를 초과하여 운영하는 유치원에 지원할 수 있다.,위임,조례,,rule
P02836,② 특별시장·광역시장·특별자치시장·도지사·특별자치도지사 및 시장·군수·구청장은 조례로 정하는 바에 따라 제1항 각 호의 경비의 전부 또는 일부를 방과후 과정을 운영하거나 제12조에 따른 수업일수를 초과하여 운영하는 유치원에 지원할 수 있다.,위임,조례,,rule
P02837,② 특별시장·광역시장·특별자치시장·도지사·특별자치도지사 및 시장·군수·구청장은 조례로 정하는 바에 따라 제1항 각 호의 경비의 전부 또는 일부를 방과후 과정을 운영하거나 제12조에 따른 수업일수를 초과하여 운영하는 유치원에 지원할 수 있다.,위임,조례,,rule
P02838,② 특별시장·광역시장·특별자치시장·도지사·특별자치도지사 및 시장·군수·구청장은 조례로 정하는 바에 따라 제1항 각 호의 경비의 전부 또는 일부를 방과후 과정을 운영하거나 제12조에 따른 수업일수를 초과하여 운영하는 유치원에 지원할 수 있다.,위임,조례,,rule
P02839,② 특별시장·광역시장·특별자치시장·도지사·특별자치도지사 및 시장·군수·구청장은 조례로 정하는 바에 따라 제1항 각 호의 경비의 전부 또는 일부를 방과후 과정을 운영하거나 제12조에 따른 수업일수를 초과하여 운영하는 유치원에 지원할 수 있다.,위임,조례,,rule
P02840,② 특별시장·광역시장·특별자치시장·도지사·특별자치도지사 및 시장·군수·구청장은 조례로 정하는 바에 따라 제1항 각 호의 경비의 전부 또는 일부를 방과후 과정을 운영하거나 제12조에 따른 수업일수를 초과하여 운영하는 유치원에 지원할 수 있다.,위임,조례,,rule
P02841,② 특별시장·광역시장·특별자치시장·도지사·특별자치도지사 및 시장·군수·구청장은 조례로 정하는 바에 따라 제1항 각 호의 경비의 전부 또는 일부를 방과후 과정을 운영하거나 제12조에 따른 수업일수를 초과하여 운영하는 유치원에 지원할 수 있다.,위임,조례,,rule
P02842,② 특별시장·광역시장·특별자치시장·도지사·특별자치도지사 및 시장·군수·구청장은 조례로 정하는 바에 따라 제1항 각 호의 경비의 전부 또는 일부를 방과후 과정을 운영하거나 제12조에 따른 수업일수를 초과하여 운영하는 유치원에 지원할 수 있다.,위임,조례,,rule
P02843,② 특별시장·광역시장·특별자치시장·도지사·특별자치도지사 및 시장·군수·구청장은 조례로 정하는 바에 따라 제1항 각 호의 경비의 전부 또는 일부를 방과후 과정을 운영하거나 제12조에 따른 수업일수를 초과하여 운영하는 유치원에 지원할 수 있다.,위임,조례,,rule
P02844,② 특별시장·광역시장·특별자치시장·도지사·특별자치도지사 및 시장·군수·구청장은 조례로 정하는 바에 따라 제1항 각 호의 경비의 전부 또는 일부를 방과후 과정을 운영하거나 제12조에 따른 수업일수를 초과하여 운영하는 유치원에 지원할 수 있다.,위임,조례,,rule
P02845,② 특별시장·광역시장·특별자치시장·도지사·특별자치도지사 및 시장·군수·구청장은 조례로 정하는 바에 따라 제1항 각 호의 경비의 전부 또는 일부를 방과후 과정을 운영하거나 제12조에 따른 수업일수를 초과하여 운영하는 유치원에 지원할 수 있다.,위임,조례,,rule
P02846,② 특별시장·광역시장·특별자치시장·도지사·특별자치도지사 및 시장·군수·구청장은 조례로 정하는 바에 따라 제1항 각 호의 경비의 전부 또는 일부를 방과후 과정을 운영하거나 제12조에 따른 수업일수를 초과하여 운영하는 유치원에 지원할 수 있다.,위임,조례,,rule
P02847,② 특별시장·광역시장·특별자치시장·도지사·특별자치도지사 및 시장·군수·구청장은 조례로 정하는 바에 따라 제1항 각 호의 경비의 전부 또는 일부를 방과후 과정을 운영하거나 제12조에 따른 수업일수를 초과하여 운영하는 유치원에 지원할 수 있다.,위임,조례,,rule
P02848,② 특별시장·광역시장·특별자치시장·도지사·특별자치도지사 및 시장·군수·구청장은 조례로 정하는 바에 따라 제1항 각 호의 경비의 전부 또는 일부를 방과후 과정을 운영하거나 제12조에 따른 수업일수를 초과하여 운영하는 유치원에 지원할 수 있다.,위임,조례,,rule
P02849,② 특별시장·광역시장·특별자치시장·도지사·특별자치도지사 및 시장·군수·구청장은 조례로 정하는 바에 따라 제1항 각 호의 경비의 전부 또는 일부를 방과후 과정을 운영하거나 제12조에 따른 수업일수를 초과하여 운영하는 유치원에 지원할 수 있다.,위임,조례,,rule
P02850,② 특별시장·광역시장·특별자치시장·도지사·특별자치도지사 및 시장·군수·구청장은 조례로 정하는 바에 따라 제1항 각 호의 경비의 전부 또는 일부를 방과후 과정을 운영하거나 제12조에 따른 수업일수를 초과하여 운영하는 유치원에 지원할 수 있다.,위임,조례,,rule
P02851,② 특별시장·광역시장·특별자치시장·도지사·특별자치도지사 및 시장·군수·구청장은 조례로 정하는 바에 따라 제1항 각 호의 경비의 전부 또는 일부를 방과후 과정을 운영하거나 제12조에 따른 수업일수를 초과하여 운영하는 유치원에 지원할 수 있다.,위임,조례,,rule
P02852,② 특별시장·광역시장·특별자치시장·도지사·특별자치도지사 및 시장·군수·구청장은 조례로 정하는 바에 따라 제1항 각 호의 경비의 전부 또는 일부를 방과후 과정을 운영하거나 제12조에 따른 수업일수를 초과하여 운영하는 유치원에 지원할 수 있다.,위임,조례,,rule
P02853,② 특별시장·광역시장·특별자치시장·도지사·특별자치도지사 및 시장·군수·구청장은 조례로 정하는 바에 따라 제1항 각 호의 경비의 전부 또는 일부를 방과후 과정을 운영하거나 제12조에 따른 수업일수를 초과하여 운영하는 유치원에 지원할 수 있다.,위임,조례,,rule
P02854,② 특별시장·광역시장·특별자치시장·도지사·특별자치도지사 및 시장·군수·구청장은 조례로 정하는 바에 따라 제1항 각 호의 경비의 전부 또는 일부를 방과후 과정을 운영하거나 제12조에 따른 수업일수를 초과하여 운영하는 유치원에 지원할 수 있다.,위임,조례,,rule
P02855,② 특별시장·광역시장·특별자치시장·도지사·특별자치도지사 및 시장·군수·구청장은 조례로 정하는 바에 따라 제1항 각 호의 경비의 전부 또는 일부를 방과후 과정을 운영하거나 제12조에 따른 수업일수를 초과하여 운영하는 유치원에 지원할 수 있다.,위임,조례,,rule
P02856,② 특별시장·광역시장·특별자치시장·도지사·특별자치도지사 및 시장·군수·구청장은 조례로 정하는 바에 따라 제1항 각 호의 경비의 전부 또는 일부를 방과후 과정을 운영하거나 제12조에 따른 수업일수를 초과하여 운영하는 유치원에 지원할 수 있다.,위임,조례,,rule
P02857,② 특별시장·광역시장·특별자치시장·도지사·특별자치도지사 및 시장·군수·구청장은 조례로 정하는 바에 따라 제1항 각 호의 경비의 전부 또는 일부를 방과후 과정을 운영하거나 제12조에 따른 수업일수를 초과하여 운영하는 유치원에 지원할 수 있다.,위임,조례,,rule
P02858,② 특별시장·광역시장·특별자치시장·도지사·특별자치도지사 및 시장·군수·구청장은 조례로 정하는 바에 따라 제1항 각 호의 경비의 전부 또는 일부를 방과후 과정을 운영하거나 제12조에 따른 수업일수를 초과하여 운영하는 유치원에 지원할 수 있다.,위임,조례,,rule
P02859,② 특별시장·광역시장·특별자치시장·도지사·특별자치도지사 및 시장·군수·구청장은 조례로 정하는 바에 따라 제1항 각 호의 경비의 전부 또는 일부를 방과후 과정을 운영하거나 제12조에 따른 수업일수를 초과하여 운영하는 유치원에 지원할 수 있다.,위임,조례,,rule
P02860,② 특별시장·광역시장·특별자치시장·도지사·특별자치도지사 및 시장·군수·구청장은 조례로 정하는 바에 따라 제1항 각 호의 경비의 전부 또는 일부를 방과후 과정을 운영하거나 제12조에 따른 수업일수를 초과하여 운영하는 유치원에 지원할 수 있다.,위임,조례,,rule
P02861,② 특별시장·광역시장·특별자치시장·도지사·특별자치도지사 및 시장·군수·구청장은 조례로 정하는 바에 따라 제1항 각 호의 경비의 전부 또는 일부를 방과후 과정을 운영하거나 제12조에 따른 수업일수를 초과하여 운영하는 유치원에 지원할 수 있다.,위임,조례,,rule
P02862,② 특별시장·광역시장·특별자치시장·도지사·특별자치도지사 및 시장·군수·구청장은 조례로 정하는 바에 따라 제1항 각 호의 경비의 전부 또는 일부를 방과후 과정을 운영하거나 제12조에 따른 수업일수를 초과하여 운영하는 유치원에 지원할 수 있다.,위임,조례,,rule
P02863,② 특별시장·광역시장·특별자치시장·도지사·특별자치도지사 및 시장·군수·구청장은 조례로 정하는 바에 따라 제1항 각 호의 경비의 전부 또는 일부를 방과후 과정을 운영하거나 제12조에 따른 수업일수를 초과하여 운영하는 유치원에 지원할 수 있다.,위임,조례,,rule
P02864,제25조제5항에 따라 보건복지부장관이 정하여 고시하는 바에 따른다,위임,미특정,,rule
P02865,관련하여 보건복지부장관이 정하여 고시하는 공통서식에 따른다.,위임,미특정,,rule
P02866,유아교육에 드는 비용을 전년도 10월 말까지 고시하여야 한다.,판단불가,해당없음,,rule
P02867,교육부장관이 고시하는 비용의 범위는 다음 각 호와 같다.,위임,미특정,,rule
P02868,그 밖에 교육부장관 및 교육감이 유아교육에 필요하다고 인정하는 비용,판단불가,해당없음,,rule
P02869,산정방법에 관하여 필요한 사항은 교육부장관이 정하여 고시한다.,위임,미특정,,rule
P02870,산정방법에 관하여 필요한 사항은 교육부장관이 정하여 고시한다.,위임,미특정,,rule
P02871,세부사항은 대통령령으로,위임,대통령령,,rule
P02872,세부사항은 대통령령으로,위임,대통령령,,rule
P02873,세부사항은 대통령령으로,위임,대통령령,,rule
P02874,세부사항은 대통령령으로,위임,대통령령,,rule
P02875,대통령령으로 정하는,위임,대통령령,,rule
P02876,대통령령으로 정하는,위임,대통령령,,rule
P02877,대통령령으로 정한다,위임,대통령령,,rule
P02878,대통령령으로 정한다,위임,대통령령,,rule
P02879,대통령령으로 정한다,위임,대통령령,,rule
P02880,필요한 사항은 대통령령으로,위임,대통령령,,rule
P02881,필요한 사항은 대통령령으로,위임,대통령령,,rule
P02882,대통령령으로 정하는,위임,대통령령,,rule
P02883,대통령령으로 정한다,위임,대통령령,,rule
P02884,대통령령으로 정한다,위임,대통령령,,rule
P02885,대통령령으로 정한다,위임,대통령령,,rule
P02886,대통령령으로 정하는,위임,대통령령,,rule
P02887,교육부장관과 문화체육부장관이 공동으로 정하여 고시하는 지정신청서에 다음 각 호에 관한 서류를 첨부하여,판단불가,해당없음,,rule
P02888,교육부장관과 문화체육부장관이 공동으로 정하여 고시하는 지정신청서에 다음 각 호에 관한 서류를 첨부하여,판단불가,해당없음,,rule
P02889,그 밖에 교육부장관 또는 문화체육관광부장관이 전담기관의 지정에 관하여 필요하다고 인정한 사항,판단불가,해당없음,,rule
P02890,그 밖에 교육부장관 또는 문화체육관광부장관이 전담기관의 지정에 관하여 필요하다고 인정한 사항,판단불가,해당없음,,rule
P02891,교육부장관과 문화체육관광부장관이 심의회의 심의를 거쳐 각각 정한다.,판단불가,해당없음,,rule
P02892,위탁하는 구체적인 업무와 이를 위탁받는 전담기관은 교육부장관과 문화체육부장관이 각각 정하여 고시한다.,판단불가,해당없음,,rule
P02893,위탁하는 구체적인 업무와 이를 위탁받는 전담기관은 교육부장관과 문화체육부장관이 각각 정하여 고시한다.,판단불가,해당없음,,rule
P02894,대통령령으로 정하는,위임,대통령령,,rule
P02895,대통령령으로 정하는 사항,위임,대통령령,,rule
P02896,필요한 사항은 대통령령으로,위임,대통령령,,rule
P02897,필요한 사항은 대통령령으로,위임,대통령령,,rule
P02898,필요한 사항은 대통령령으로,위임,대통령령,,rule
P02899,대통령령으로 정하는 사항,위임,대통령령,,rule
P02900,대통령령으로 정하는 바에,위임,대통령령,,rule
P02901,대통령령으로 정하는 사람,위임,대통령령,,rule
P02902,필요한 사항은 대통령령으로,위임,대통령령,,rule
P02903,필요한 사항은 대통령령으로,위임,대통령령,,rule
P02904,필요한 사항은 대통령령으로,위임,대통령령,,rule
P02905,필요한 사항은 대통령령으로,위임,대통령령,,rule
P02906,필요한 사항은 대통령령으로,위임,대통령령,,rule
P02907,대통령령으로 정하는,위임,대통령령,,rule
P02908,대통령령으로 정하는,위임,대통령령,,rule
P02909,필요한 사항은 대통령령으로,위임,대통령령,,rule
P02910,교육부령으로 정하는,위임,부령,,rule
P02911,교육부령으로 정하는,위임,부령,,rule
P02912,교육부령으로 정한다,위임,부령,,rule
P02913,교육부령으로 정한다,위임,부령,,rule
P02914,교육부령으로 정하는,위임,부령,,rule
P02915,교육부령으로 정한다,위임,부령,,rule
P02916,대통령령으로 정한다,위임,대통령령,,rule
P02917,대통령령으로 정하는,위임,대통령령,,rule
P02918,교육부령으로 정하는,위임,부령,,rule
P02919,지정기준은 대통령령으로,위임,대통령령,,rule
P02920,대통령령으로 정하는,위임,대통령령,,rule
P02921,④ 제3항에 따른 시·도인성교육진흥협의회의 구성·운영에 필요한 사항은 해당 지방자치단체의 조례로 정한다.,위임,조례,,rule
P02922,④ 제3항에 따른 시·도인성교육진흥협의회의 구성·운영에 필요한 사항은 해당 지방자치단체의 조례로 정한다.,위임,조례,,rule
P02923,④ 제3항에 따른 시·도인성교육진흥협의회의 구성·운영에 필요한 사항은 해당 지방자치단체의 조례로 정한다.,위임,조례,,rule
P02924,④ 제3항에 따른 시·도인성교육진흥협의회의 구성·운영에 필요한 사항은 해당 지방자치단체의 조례로 정한다.,위임,조례,,rule
P02925,④ 제3항에 따른 시·도인성교육진흥협의회의 구성·운영에 필요한 사항은 해당 지방자치단체의 조례로 정한다.,위임,조례,,rule
P02926,④ 제3항에 따른 시·도인성교육진흥협의회의 구성·운영에 필요한 사항은 해당 지방자치단체의 조례로 정한다.,위임,조례,,rule
P02927,④ 제3항에 따른 시·도인성교육진흥협의회의 구성·운영에 필요한 사항은 해당 지방자치단체의 조례로 정한다.,위임,조례,,rule
P02928,④ 제3항에 따른 시·도인성교육진흥협의회의 구성·운영에 필요한 사항은 해당 지방자치단체의 조례로 정한다.,위임,조례,,rule
P02929,④ 제3항에 따른 시·도인성교육진흥협의회의 구성·운영에 필요한 사항은 해당 지방자치단체의 조례로 정한다.,위임,조례,,rule
P02930,④ 제3항에 따른 시·도인성교육진흥협의회의 구성·운영에 필요한 사항은 해당 지방자치단체의 조례로 정한다.,위임,조례,,rule
P02931,④ 제3항에 따른 시·도인성교육진흥협의회의 구성·운영에 필요한 사항은 해당 지방자치단체의 조례로 정한다.,위임,조례,,rule
P02932,④ 제3항에 따른 시·도인성교육진흥협의회의 구성·운영에 필요한 사항은 해당 지방자치단체의 조례로 정한다.,위임,조례,,rule
P02933,④ 제3항에 따른 시·도인성교육진흥협의회의 구성·운영에 필요한 사항은 해당 지방자치단체의 조례로 정한다.,위임,조례,,rule
P02934,④ 제3항에 따른 시·도인성교육진흥협의회의 구성·운영에 필요한 사항은 해당 지방자치단체의 조례로 정한다.,위임,조례,,rule
P02935,④ 제3항에 따른 시·도인성교육진흥협의회의 구성·운영에 필요한 사항은 해당 지방자치단체의 조례로 정한다.,위임,조례,,rule
P02936,④ 제3항에 따른 시·도인성교육진흥협의회의 구성·운영에 필요한 사항은 해당 지방자치단체의 조례로 정한다.,위임,조례,,rule
P02937,④ 제3항에 따른 시·도인성교육진흥협의회의 구성·운영에 필요한 사항은 해당 지방자치단체의 조례로 정한다.,위임,조례,,rule
P02938,교육부령으로 정하는 서류를,위임,부령,,rule
P02939,교육부령으로 정하는 지정신청서에,위임,부령,,rule
P02940,교육부령으로 정하는 지정서를,위임,부령,,rule
P02941,대통령령으로 정하는,위임,대통령령,,rule
P02942,대통령령으로 정한다,위임,대통령령,,rule
P02943,대통령령으로 정한다,위임,대통령령,,rule
P02944,대통령령으로 정한다,위임,대통령령,,rule
P02945,대통령령으로 정한다,위임,대통령령,,rule
P02946,대통령령으로 정한다,위임,대통령령,,rule
P02947,대통령령으로 정한다,위임,대통령령,,rule
P02948,대통령령으로 정한다,위임,대통령령,,rule
P02949,대통령령으로 정한다,위임,대통령령,,rule
P02950,대통령령으로 정하는,위임,대통령령,,rule
P02951,대통령령으로 정하는,위임,대통령령,,rule
P02952,대통령령으로 정하는,위임,대통령령,,rule
P02953,대통령령으로 정하는,위임,대통령령,,rule
P02954,③협의회의 구성 및 운영에 필요한 사항은 지방자치단체의 조례로 정한다.,위임,조례,,rule
P02955,③협의회의 구성 및 운영에 필요한 사항은 지방자치단체의 조례로 정한다.,위임,조례,,rule
P02956,③협의회의 구성 및 운영에 필요한 사항은 지방자치단체의 조례로 정한다.,위임,조례,,rule
P02957,대통령령으로 정한다,위임,대통령령,,rule
P02958,대통령령으로 정하는,위임,대통령령,,rule
P02959,대통령령으로 정하는,위임,대통령령,,rule
P02960,대통령령으로 정하는,위임,대통령령,,rule
P02961,대통령령으로 정하는,위임,대통령령,,rule
P02962,대통령령으로 정한다,위임,대통령령,,rule
P02963,대통령령으로 정한다,위임,대통령령,,rule
P02964,대통령령으로 정하는,위임,대통령령,,rule
P02965,대통령령으로 정하는,위임,대통령령,,rule
P02966,대통령령으로 정하는,위임,대통령령,,rule
P02967,대통령령으로 정하는,위임,대통령령,,rule
P02968,대통령령으로 정한다,위임,대통령령,,rule
P02969,대통령령으로 정한다,위임,대통령령,,rule
P02970,인적·물적 요소를 종합적으로 고려하여 관계 중앙행정기관의 장이 공동으로 정하여 고시하는 공공기관 또는 민간단체 등,판단불가,해당없음,,rule
P02971,인적·물적 요소를 종합적으로 고려하여 관계 중앙행정기관의 장이 공동으로 정하여 고시하는 공공기관 또는 민간단체 등,판단불가,해당없음,,rule
P02972,인증의 기준 및 절차 등에 관한 구체적인 사항은 관계 중앙행정기관의 장이 공동으로 정하여 고시한다.,판단불가,해당없음,,rule
P02973,인증의 기준 및 절차 등에 관한 구체적인 사항은 관계 중앙행정기관의 장이 공동으로 정하여 고시한다.,판단불가,해당없음,,rule
P02974,대통령령으로 정한다,위임,대통령령,,rule
P02975,대통령령으로 정한다,위임,대통령령,,rule
P02976,대통령령으로 정한다,위임,대통령령,,rule
P02977,대통령령으로 정한다,위임,대통령령,,rule
P02978,대통령령으로 정한다,위임,대통령령,,rule
P02979,대통령령으로 정한다,위임,대통령령,,rule
P02980,대통령령으로 정한다,위임,대통령령,,rule
P02981,필요한 사항은 대통령령으로,위임,대통령령,,rule
P02982,필요한 사항은 대통령령으로,위임,대통령령,,rule
P02983,필요한 사항은 대통령령으로,위임,대통령령,,rule
P02984,필요한 사항은 대통령령으로,위임,대통령령,,rule
P02985,대통령령으로 정하는,위임,대통령령,,rule
P02986,필요한 사항은 대통령령으로,위임,대통령령,,rule
P02987,필요한 사항은 대통령령으로,위임,대통령령,,rule
P02988,필요한 사항은 대통령령으로,위임,대통령령,,rule
P02989,필요한 사항은 대통령령으로,위임,대통령령,,rule
P02990,필요한 사항은 대통령령으로,위임,대통령령,,rule
P02991,필요한 사항은 대통령령으로,위임,대통령령,,rule
P02992,필요한 사항은 대통령령으로,위임,대통령령,,rule
P02993,필요한 사항은 대통령령으로,위임,대통령령,,rule
P02994,필요한 사항은 대통령령으로,위임,대통령령,,rule
P02995,필요한 사항은 대통령령으로,위임,대통령령,,rule
P02996,대통령령으로 정하는,위임,대통령령,,rule
P02997,대통령령으로 정한다,위임,대통령령,,rule
P02998,대통령령으로 정하는 바에 따라 심의회에,위임,대통령령,,rule
P02999,대통령령으로 정하는,위임,대통령령,,rule
P03000,사항은 대통령령으로,위임,대통령령,,rule
P03001,교육부령으로 정하는 사항,위임,부령,,rule
P03002,교육부령으로 정하는 바에 따라,위임,부령,,rule
P03003,대통령령으로 정하는,위임,대통령령,,rule
P03004,대통령령으로 정한다,위임,대통령령,,rule
P03005,대통령령으로 정한다,위임,대통령령,,rule
P03006,대통령령으로 정한다,위임,대통령령,,rule
P03007,대통령령으로 정한다,위임,대통령령,,rule
P03008,대통령령으로 정하는 바에 따라 제1항에 따른 공인기간을,위임,대통령령,,rule
P03009,또는 대통령령으로,위임,대통령령,,rule
P03010,공인자격관리자가 대통령령으로,위임,대통령령,,rule
P03011,기재사항 등에 관하여 필요한 사항은 교육부령으로,위임,부령,,rule
P03012,대통령령으로 정하는,위임,대통령령,,rule
P03013,교육부령으로 정한다,위임,부령,,rule
P03014,대통령령으로 정하는,위임,대통령령,,rule
P03015,대통령령으로 정한다,위임,대통령령,,rule
P03016,대통령령으로 정한다,위임,대통령령,,rule
P03017,대통령령으로 정한다,위임,대통령령,,rule
P03018,대통령령으로 정하는,위임,대통령령,,rule
P03019,대통령령으로 정한다,위임,대통령령,,rule
P03020,대통령령으로 정한다,위임,대통령령,,rule
P03021,하나에 해당하는 자는 대통령령 또는,판단불가,해당없음,,rule
P03022,대통령령으로 정하는,위임,대통령령,,rule
P03023,대통령령으로 정하는,위임,대통령령,,rule
P03024,대통령령으로 정하는,위임,대통령령,,rule
P03025,심의회의 심의를 거쳐 국가직무능력표준으로 확정·고시한다.,판단불가,해당없음,,rule
P03026,국가직무능력표준의 개선 또는 폐지가 필요하다고 고용노동부장관이 인정하는 경우에는 5년이 지나지 아니하여도 개선 또는 폐지할 수 있다.,판단불가,해당없음,,rule
P03027,교육부령으로 정하는 등록사항이,위임,부령,,rule
P03028,협의하여 교육부령으로,위임,부령,,rule
P03029,필요한 사항은 교육부령으로,위임,부령,,rule
P03030,교육부령으로 정하는,위임,부령,,rule
P03031,교육부령으로 정하는,위임,부령,,rule
P03032,교육부령으로 정하는,위임,부령,,rule
P03033,교육부령으로 정한다,위임,부령,,rule
P03034,교육부령으로 정한다,위임,부령,,rule
P03035,교육부령으로 정하는,위임,부령,,rule
P03036,교육부령으로 정하는,위임,부령,,rule
P03037,교육부령으로 정하는 공인자격 폐지신고서에,위임,부령,,rule
P03038,교육부령으로 정하는 공인자격 폐지계획서,위임,부령,,rule
P03039,대통령령으로 정하는,위임,대통령령,,rule
P03040,보건복지부령으로 정한다,위임,부령,,rule
P03041,대통령령으로 정하는,위임,대통령령,,rule
P03042,보건복지부령으로 정한다,위임,부령,,rule
P03043,대통령령으로 정하는,위임,대통령령,,rule
P03044,예금의 평균잔액과 그 밖에 대통령령으로,위임,대통령령,,rule
P03045,채무액과 그 밖에 대통령령으로,위임,대통령령,,rule
P03046,보험료와 그 밖에 대통령령으로,위임,대통령령,,rule
P03047,보건복지부령으로 정한다,위임,부령,,rule
P03048,필요한 사항은 대통령령으로,위임,대통령령,,rule
P03049,필요한 사항은 대통령령으로,위임,대통령령,,rule
P03050,대통령령으로 정하는 기준에,위임,대통령령,,rule
P03051,필요한 사항은 대통령령으로,위임,대통령령,,rule
P03052,보건복지부령으로 정한다,위임,부령,,rule
P03053,보건복지부령으로 정한다,위임,부령,,rule
P03054,보건복지부령으로 정한다,위임,부령,,rule
P03055,보건복지부령으로 정한다,위임,부령,,rule
P03056,보건복지부령으로 정한다,위임,부령,,rule
P03057,보건복지부령으로 정한다,위임,부령,,rule
P03058,보건복지부령으로 정한다,위임,부령,,rule
P03059,사항은 보건복지부령으로,위임,부령,,rule
P03060,대통령령으로 정하는,위임,대통령령,,rule
P03061,대통령령으로 정하는 바에 따라 순차적으로,위임,대통령령,,rule
P03062,필요한 사항은 보건복지부령으로 정한다,위임,부령,,rule
P03063,보건복지부령으로 정하는,위임,부령,,rule
P03064,필요한 사항은 보건복지부령으로 정한다,위임,부령,,rule
P03065,필요한 사항은 보건복지부령으로 정한다,위임,부령,,rule
P03066,교육부령으로 정하는,위임,부령,,rule
P03067,교육부령으로 정한다,위임,부령,,rule
P03068,교육부령으로 정한다,위임,부령,,rule
P03069,보건복지부령으로 정한다,위임,부령,,rule
P03070,보건복지부령으로 정하는 사항이,위임,부령,,rule
P03071,보건복지부령으로 정한다,위임,부령,,rule
P03072,대통령령으로 정하는,위임,대통령령,,rule
P03073,필요한 서식은 보건복지부령으로,위임,부령,,rule
P03074,교육부령으로 정하는,위임,부령,,rule
P03075,③ 시장ㆍ군수ㆍ구청장(자치구의 구청장을 말한다)이 법 제9조제1항에 따라 시ㆍ군ㆍ구(자치구를 말한다. 이하 같다)에 지역장애아동지원센터를 설치하는 경우에는 그 조직과 운영에 필요한 사항은 해당 시ㆍ군ㆍ구의 조례로 정한다.,위임,조례,,rule
P03076,보건복지부장관이 정하여 고시하는 공통서식에 따른다.,위임,미특정,,rule
P03077,대통령령으로 정하는,위임,대통령령,,rule
P03078,교육부령으로 정한다,위임,부령,,rule
P03079,대통령령으로 정한다,위임,대통령령,,rule
P03080,"교육부장관 및 교육감은 특정 분야의 인재 양성을 목적으로 하는 교육을 전문적으로 실시하는 특수학교(이하 ""특성화특수학교""라 한다)를 지정·고시할 수 있다.",판단불가,해당없음,,rule
P03081,필요한 사항은 대통령령으로 정한다,위임,대통령령,,rule
P03082,사항은 대통령령으로,위임,대통령령,,rule
P03083,사항은 대통령령으로,위임,대통령령,,rule
P03084,"② 제1항에 따른 중앙특수교육운영위원회의 구성ㆍ운영 등에 관하여 필요한 사항은 대통령령으로, 시ㆍ도특수교육운영위원회 및 시ㆍ군ㆍ구특수교육운영위원회의 구성ㆍ운영 등에 관하여는 특별시ㆍ광역시ㆍ특별자치시ㆍ도 및 특별자치도(이하 ""시ㆍ도""라 한다)의 교육규칙으로 각각 정한다.",판단불가,해당없음,,rule
P03085,"② 제1항에 따른 중앙특수교육운영위원회의 구성ㆍ운영 등에 관하여 필요한 사항은 대통령령으로, 시ㆍ도특수교육운영위원회 및 시ㆍ군ㆍ구특수교육운영위원회의 구성ㆍ운영 등에 관하여는 특별시ㆍ광역시ㆍ특별자치시ㆍ도 및 특별자치도(이하 ""시ㆍ도""라 한다)의 교육규칙으로 각각 정한다.",판단불가,해당없음,,rule
P03086,"② 제1항에 따른 중앙특수교육운영위원회의 구성ㆍ운영 등에 관하여 필요한 사항은 대통령령으로, 시ㆍ도특수교육운영위원회 및 시ㆍ군ㆍ구특수교육운영위원회의 구성ㆍ운영 등에 관하여는 특별시ㆍ광역시ㆍ특별자치시ㆍ도 및 특별자치도(이하 ""시ㆍ도""라 한다)의 교육규칙으로 각각 정한다.",판단불가,해당없음,,rule
P03087,"② 제1항에 따른 중앙특수교육운영위원회의 구성ㆍ운영 등에 관하여 필요한 사항은 대통령령으로, 시ㆍ도특수교육운영위원회 및 시ㆍ군ㆍ구특수교육운영위원회의 구성ㆍ운영 등에 관하여는 특별시ㆍ광역시ㆍ특별자치시ㆍ도 및 특별자치도(이하 ""시ㆍ도""라 한다)의 교육규칙으로 각각 정한다.",판단불가,해당없음,,rule
P03088,"② 제1항에 따른 중앙특수교육운영위원회의 구성ㆍ운영 등에 관하여 필요한 사항은 대통령령으로, 시ㆍ도특수교육운영위원회 및 시ㆍ군ㆍ구특수교육운영위원회의 구성ㆍ운영 등에 관하여는 특별시ㆍ광역시ㆍ특별자치시ㆍ도 및 특별자치도(이하 ""시ㆍ도""라 한다)의 교육규칙으로 각각 정한다.",판단불가,해당없음,,rule
P03089,"② 제1항에 따른 중앙특수교육운영위원회의 구성ㆍ운영 등에 관하여 필요한 사항은 대통령령으로, 시ㆍ도특수교육운영위원회 및 시ㆍ군ㆍ구특수교육운영위원회의 구성ㆍ운영 등에 관하여는 특별시ㆍ광역시ㆍ특별자치시ㆍ도 및 특별자치도(이하 ""시ㆍ도""라 한다)의 교육규칙으로 각각 정한다.",판단불가,해당없음,,rule
P03090,"② 제1항에 따른 중앙특수교육운영위원회의 구성ㆍ운영 등에 관하여 필요한 사항은 대통령령으로, 시ㆍ도특수교육운영위원회 및 시ㆍ군ㆍ구특수교육운영위원회의 구성ㆍ운영 등에 관하여는 특별시ㆍ광역시ㆍ특별자치시ㆍ도 및 특별자치도(이하 ""시ㆍ도""라 한다)의 교육규칙으로 각각 정한다.",판단불가,해당없음,,rule
P03091,"② 제1항에 따른 중앙특수교육운영위원회의 구성ㆍ운영 등에 관하여 필요한 사항은 대통령령으로, 시ㆍ도특수교육운영위원회 및 시ㆍ군ㆍ구특수교육운영위원회의 구성ㆍ운영 등에 관하여는 특별시ㆍ광역시ㆍ특별자치시ㆍ도 및 특별자치도(이하 ""시ㆍ도""라 한다)의 교육규칙으로 각각 정한다.",판단불가,해당없음,,rule
P03092,"② 제1항에 따른 중앙특수교육운영위원회의 구성ㆍ운영 등에 관하여 필요한 사항은 대통령령으로, 시ㆍ도특수교육운영위원회 및 시ㆍ군ㆍ구특수교육운영위원회의 구성ㆍ운영 등에 관하여는 특별시ㆍ광역시ㆍ특별자치시ㆍ도 및 특별자치도(이하 ""시ㆍ도""라 한다)의 교육규칙으로 각각 정한다.",판단불가,해당없음,,rule
P03093,"② 제1항에 따른 중앙특수교육운영위원회의 구성ㆍ운영 등에 관하여 필요한 사항은 대통령령으로, 시ㆍ도특수교육운영위원회 및 시ㆍ군ㆍ구특수교육운영위원회의 구성ㆍ운영 등에 관하여는 특별시ㆍ광역시ㆍ특별자치시ㆍ도 및 특별자치도(이하 ""시ㆍ도""라 한다)의 교육규칙으로 각각 정한다.",판단불가,해당없음,,rule
P03094,"② 제1항에 따른 중앙특수교육운영위원회의 구성ㆍ운영 등에 관하여 필요한 사항은 대통령령으로, 시ㆍ도특수교육운영위원회 및 시ㆍ군ㆍ구특수교육운영위원회의 구성ㆍ운영 등에 관하여는 특별시ㆍ광역시ㆍ특별자치시ㆍ도 및 특별자치도(이하 ""시ㆍ도""라 한다)의 교육규칙으로 각각 정한다.",판단불가,해당없음,,rule
P03095,"② 제1항에 따른 중앙특수교육운영위원회의 구성ㆍ운영 등에 관하여 필요한 사항은 대통령령으로, 시ㆍ도특수교육운영위원회 및 시ㆍ군ㆍ구특수교육운영위원회의 구성ㆍ운영 등에 관하여는 특별시ㆍ광역시ㆍ특별자치시ㆍ도 및 특별자치도(이하 ""시ㆍ도""라 한다)의 교육규칙으로 각각 정한다.",판단불가,해당없음,,rule
P03096,"② 제1항에 따른 중앙특수교육운영위원회의 구성ㆍ운영 등에 관하여 필요한 사항은 대통령령으로, 시ㆍ도특수교육운영위원회 및 시ㆍ군ㆍ구특수교육운영위원회의 구성ㆍ운영 등에 관하여는 특별시ㆍ광역시ㆍ특별자치시ㆍ도 및 특별자치도(이하 ""시ㆍ도""라 한다)의 교육규칙으로 각각 정한다.",판단불가,해당없음,,rule
P03097,"② 제1항에 따른 중앙특수교육운영위원회의 구성ㆍ운영 등에 관하여 필요한 사항은 대통령령으로, 시ㆍ도특수교육운영위원회 및 시ㆍ군ㆍ구특수교육운영위원회의 구성ㆍ운영 등에 관하여는 특별시ㆍ광역시ㆍ특별자치시ㆍ도 및 특별자치도(이하 ""시ㆍ도""라 한다)의 교육규칙으로 각각 정한다.",판단불가,해당없음,,rule
P03098,"② 제1항에 따른 중앙특수교육운영위원회의 구성ㆍ운영 등에 관하여 필요한 사항은 대통령령으로, 시ㆍ도특수교육운영위원회 및 시ㆍ군ㆍ구특수교육운영위원회의 구성ㆍ운영 등에 관하여는 특별시ㆍ광역시ㆍ특별자치시ㆍ도 및 특별자치도(이하 ""시ㆍ도""라 한다)의 교육규칙으로 각각 정한다.",판단불가,해당없음,,rule
P03099,"② 제1항에 따른 중앙특수교육운영위원회의 구성ㆍ운영 등에 관하여 필요한 사항은 대통령령으로, 시ㆍ도특수교육운영위원회 및 시ㆍ군ㆍ구특수교육운영위원회의 구성ㆍ운영 등에 관하여는 특별시ㆍ광역시ㆍ특별자치시ㆍ도 및 특별자치도(이하 ""시ㆍ도""라 한다)의 교육규칙으로 각각 정한다.",판단불가,해당없음,,rule
P03100,"② 제1항에 따른 중앙특수교육운영위원회의 구성ㆍ운영 등에 관하여 필요한 사항은 대통령령으로, 시ㆍ도특수교육운영위원회 및 시ㆍ군ㆍ구특수교육운영위원회의 구성ㆍ운영 등에 관하여는 특별시ㆍ광역시ㆍ특별자치시ㆍ도 및 특별자치도(이하 ""시ㆍ도""라 한다)의 교육규칙으로 각각 정한다.",판단불가,해당없음,,rule
P03101,"② 제1항에 따른 중앙특수교육운영위원회의 구성ㆍ운영 등에 관하여 필요한 사항은 대통령령으로, 시ㆍ도특수교육운영위원회 및 시ㆍ군ㆍ구특수교육운영위원회의 구성ㆍ운영 등에 관하여는 특별시ㆍ광역시ㆍ특별자치시ㆍ도 및 특별자치도(이하 ""시ㆍ도""라 한다)의 교육규칙으로 각각 정한다.",판단불가,해당없음,,rule
P03102,필요한 사항은 대통령령으로,위임,대통령령,,rule
P03103,대통령령으로 정하는,위임,대통령령,,rule
P03104,대통령령으로 정한다,위임,대통령령,,rule
P03105,대통령령으로 정한다,위임,대통령령,,rule
P03106,필요한 사항은 대통령령으로 정한다,위임,대통령령,,rule
P03107,대통령령으로 정하는 장애,위임,대통령령,,rule
P03108,대통령령으로 정하는,위임,대통령령,,rule
P03109,사항은 대통령령으로,위임,대통령령,,rule
P03110,대통령령으로 정한다,위임,대통령령,,rule
P03111,대통령령으로 정하는 바에,위임,대통령령,,rule
P03112,대통령령으로 정하는 일정한,위임,대통령령,,rule
P03113,대통령령으로 정하는,위임,대통령령,,rule
P03114,대통령령으로 정하는,위임,대통령령,,rule
P03115,대통령령으로 정하는,위임,대통령령,,rule
P03116,필요한 사항은 교육부령으로 정한다,위임,부령,,rule
P03117,대통령령으로 정하는 자격이,위임,대통령령,,rule
P03118,각급학교의 장은 대통령령으로 정하는 기준에 따라,위임,대통령령,,rule
P03119,지원하기 위하여 대통령령으로 정하는 바에 따라,위임,대통령령,,rule
P03120,필요한 사항은 대통령령으로 정한다,위임,대통령령,,rule
P03121,대통령령으로 정하는,위임,대통령령,,rule
P03122,대통령령으로 정한다,위임,대통령령,,rule
P03123,대통령령으로 정한다,위임,대통령령,,rule
P03124,필요한 사항은 대통령령으로 정한다,위임,대통령령,,rule
P03125,배치기준은 대통령령으로 정한다,위임,대통령령,,rule
P03126,사항은 대통령령으로,위임,대통령령,,rule
P03127,사항은 대통령령으로,위임,대통령령,,rule
P03128,사항은 대통령령으로,위임,대통령령,,rule
P03129,사항은 대통령령으로,위임,대통령령,,rule
P03130,사항은 대통령령으로,위임,대통령령,,rule
P03131,사항은 대통령령으로,위임,대통령령,,rule
P03132,사항은 대통령령으로,위임,대통령령,,rule
P03133,교육부령으로 정하는,위임,부령,,rule
P03134,교육부령으로,위임,부령,,rule
P03135,교육부령으로,위임,부령,,rule
P03136,대통령령으로 정한다,위임,대통령령,,rule
P03137,"⑦ 제6항의 생활지도원과 간호사 또는 간호조무사의 배치기준은 국립학교의 경우 교육부령으로, 공립 및 사립 학교의 경우에는 시·도 교육규칙으로 각각 정한다.",판단불가,해당없음,,rule
P03138,"⑦ 제6항의 생활지도원과 간호사 또는 간호조무사의 배치기준은 국립학교의 경우 교육부령으로, 공립 및 사립 학교의 경우에는 시·도 교육규칙으로 각각 정한다.",판단불가,해당없음,,rule
P03139,"⑦ 제6항의 생활지도원과 간호사 또는 간호조무사의 배치기준은 국립학교의 경우 교육부령으로, 공립 및 사립 학교의 경우에는 시·도 교육규칙으로 각각 정한다.",판단불가,해당없음,,rule
P03140,"⑦ 제6항의 생활지도원과 간호사 또는 간호조무사의 배치기준은 국립학교의 경우 교육부령으로, 공립 및 사립 학교의 경우에는 시·도 교육규칙으로 각각 정한다.",판단불가,해당없음,,rule
P03141,"⑦ 제6항의 생활지도원과 간호사 또는 간호조무사의 배치기준은 국립학교의 경우 교육부령으로, 공립 및 사립 학교의 경우에는 시·도 교육규칙으로 각각 정한다.",판단불가,해당없음,,rule
P03142,"⑦ 제6항의 생활지도원과 간호사 또는 간호조무사의 배치기준은 국립학교의 경우 교육부령으로, 공립 및 사립 학교의 경우에는 시·도 교육규칙으로 각각 정한다.",판단불가,해당없음,,rule
P03143,"⑦ 제6항의 생활지도원과 간호사 또는 간호조무사의 배치기준은 국립학교의 경우 교육부령으로, 공립 및 사립 학교의 경우에는 시·도 교육규칙으로 각각 정한다.",판단불가,해당없음,,rule
P03144,"⑦ 제6항의 생활지도원과 간호사 또는 간호조무사의 배치기준은 국립학교의 경우 교육부령으로, 공립 및 사립 학교의 경우에는 시·도 교육규칙으로 각각 정한다.",판단불가,해당없음,,rule
P03145,"⑦ 제6항의 생활지도원과 간호사 또는 간호조무사의 배치기준은 국립학교의 경우 교육부령으로, 공립 및 사립 학교의 경우에는 시·도 교육규칙으로 각각 정한다.",판단불가,해당없음,,rule
P03146,"⑦ 제6항의 생활지도원과 간호사 또는 간호조무사의 배치기준은 국립학교의 경우 교육부령으로, 공립 및 사립 학교의 경우에는 시·도 교육규칙으로 각각 정한다.",판단불가,해당없음,,rule
P03147,대통령령으로 정하는,위임,대통령령,,rule
P03148,사항은 대통령령으로,위임,대통령령,,rule
P03149,대통령령으로 정하는,위임,대통령령,,rule
P03150,대통령령으로 정하는,위임,대통령령,,rule
P03151,사항은 대통령령으로,위임,대통령령,,rule
P03152,대통령령으로 정한다,위임,대통령령,,rule
P03153,대통령령으로 정하는,위임,대통령령,,rule
P03154,대통령령으로 정한다,위임,대통령령,,rule
P03155,필요한 사항은 대통령령으로 정한다,위임,대통령령,,rule
P03156,필요한 사항은 대통령령으로,위임,대통령령,,rule
P03157,교육부령으로 정한다,위임,부령,,rule
P03158,"① 일반학교의 장은 법 제21조제3항에 따라 통합교육을 실시하는 경우에는 특수교육대상자의 교내 이동이 쉽고, 세면장ㆍ화장실 등과 가까운 곳에 위치한 66제곱미터 이상의 교실에 특수학급을 설치하여야 한다. 다만, 배치된 특수교육대상자의 수 및 그 학교의 여건 등을 고려하여 시ㆍ도 조례로 정하는 바에 따라 44제곱미터 이상의 교실에 학급을 설치할 수 있다.",위임,조례,,rule
P03159,"① 일반학교의 장은 법 제21조제3항에 따라 통합교육을 실시하는 경우에는 특수교육대상자의 교내 이동이 쉽고, 세면장ㆍ화장실 등과 가까운 곳에 위치한 66제곱미터 이상의 교실에 특수학급을 설치하여야 한다. 다만, 배치된 특수교육대상자의 수 및 그 학교의 여건 등을 고려하여 시ㆍ도 조례로 정하는 바에 따라 44제곱미터 이상의 교실에 학급을 설치할 수 있다.",위임,조례,,rule
P03160,"① 일반학교의 장은 법 제21조제3항에 따라 통합교육을 실시하는 경우에는 특수교육대상자의 교내 이동이 쉽고, 세면장ㆍ화장실 등과 가까운 곳에 위치한 66제곱미터 이상의 교실에 특수학급을 설치하여야 한다. 다만, 배치된 특수교육대상자의 수 및 그 학교의 여건 등을 고려하여 시ㆍ도 조례로 정하는 바에 따라 44제곱미터 이상의 교실에 학급을 설치할 수 있다.",위임,조례,,rule
P03161,"① 일반학교의 장은 법 제21조제3항에 따라 통합교육을 실시하는 경우에는 특수교육대상자의 교내 이동이 쉽고, 세면장ㆍ화장실 등과 가까운 곳에 위치한 66제곱미터 이상의 교실에 특수학급을 설치하여야 한다. 다만, 배치된 특수교육대상자의 수 및 그 학교의 여건 등을 고려하여 시ㆍ도 조례로 정하는 바에 따라 44제곱미터 이상의 교실에 학급을 설치할 수 있다.",위임,조례,,rule
P03162,"① 일반학교의 장은 법 제21조제3항에 따라 통합교육을 실시하는 경우에는 특수교육대상자의 교내 이동이 쉽고, 세면장ㆍ화장실 등과 가까운 곳에 위치한 66제곱미터 이상의 교실에 특수학급을 설치하여야 한다. 다만, 배치된 특수교육대상자의 수 및 그 학교의 여건 등을 고려하여 시ㆍ도 조례로 정하는 바에 따라 44제곱미터 이상의 교실에 학급을 설치할 수 있다.",위임,조례,,rule
P03163,"① 일반학교의 장은 법 제21조제3항에 따라 통합교육을 실시하는 경우에는 특수교육대상자의 교내 이동이 쉽고, 세면장ㆍ화장실 등과 가까운 곳에 위치한 66제곱미터 이상의 교실에 특수학급을 설치하여야 한다. 다만, 배치된 특수교육대상자의 수 및 그 학교의 여건 등을 고려하여 시ㆍ도 조례로 정하는 바에 따라 44제곱미터 이상의 교실에 학급을 설치할 수 있다.",위임,조례,,rule
P03164,"① 일반학교의 장은 법 제21조제3항에 따라 통합교육을 실시하는 경우에는 특수교육대상자의 교내 이동이 쉽고, 세면장ㆍ화장실 등과 가까운 곳에 위치한 66제곱미터 이상의 교실에 특수학급을 설치하여야 한다. 다만, 배치된 특수교육대상자의 수 및 그 학교의 여건 등을 고려하여 시ㆍ도 조례로 정하는 바에 따라 44제곱미터 이상의 교실에 학급을 설치할 수 있다.",위임,조례,,rule
P03165,"① 일반학교의 장은 법 제21조제3항에 따라 통합교육을 실시하는 경우에는 특수교육대상자의 교내 이동이 쉽고, 세면장ㆍ화장실 등과 가까운 곳에 위치한 66제곱미터 이상의 교실에 특수학급을 설치하여야 한다. 다만, 배치된 특수교육대상자의 수 및 그 학교의 여건 등을 고려하여 시ㆍ도 조례로 정하는 바에 따라 44제곱미터 이상의 교실에 학급을 설치할 수 있다.",위임,조례,,rule
P03166,"① 일반학교의 장은 법 제21조제3항에 따라 통합교육을 실시하는 경우에는 특수교육대상자의 교내 이동이 쉽고, 세면장ㆍ화장실 등과 가까운 곳에 위치한 66제곱미터 이상의 교실에 특수학급을 설치하여야 한다. 다만, 배치된 특수교육대상자의 수 및 그 학교의 여건 등을 고려하여 시ㆍ도 조례로 정하는 바에 따라 44제곱미터 이상의 교실에 학급을 설치할 수 있다.",위임,조례,,rule
P03167,"① 일반학교의 장은 법 제21조제3항에 따라 통합교육을 실시하는 경우에는 특수교육대상자의 교내 이동이 쉽고, 세면장ㆍ화장실 등과 가까운 곳에 위치한 66제곱미터 이상의 교실에 특수학급을 설치하여야 한다. 다만, 배치된 특수교육대상자의 수 및 그 학교의 여건 등을 고려하여 시ㆍ도 조례로 정하는 바에 따라 44제곱미터 이상의 교실에 학급을 설치할 수 있다.",위임,조례,,rule
P03168,"① 일반학교의 장은 법 제21조제3항에 따라 통합교육을 실시하는 경우에는 특수교육대상자의 교내 이동이 쉽고, 세면장ㆍ화장실 등과 가까운 곳에 위치한 66제곱미터 이상의 교실에 특수학급을 설치하여야 한다. 다만, 배치된 특수교육대상자의 수 및 그 학교의 여건 등을 고려하여 시ㆍ도 조례로 정하는 바에 따라 44제곱미터 이상의 교실에 학급을 설치할 수 있다.",위임,조례,,rule
P03169,"① 일반학교의 장은 법 제21조제3항에 따라 통합교육을 실시하는 경우에는 특수교육대상자의 교내 이동이 쉽고, 세면장ㆍ화장실 등과 가까운 곳에 위치한 66제곱미터 이상의 교실에 특수학급을 설치하여야 한다. 다만, 배치된 특수교육대상자의 수 및 그 학교의 여건 등을 고려하여 시ㆍ도 조례로 정하는 바에 따라 44제곱미터 이상의 교실에 학급을 설치할 수 있다.",위임,조례,,rule
P03170,"① 일반학교의 장은 법 제21조제3항에 따라 통합교육을 실시하는 경우에는 특수교육대상자의 교내 이동이 쉽고, 세면장ㆍ화장실 등과 가까운 곳에 위치한 66제곱미터 이상의 교실에 특수학급을 설치하여야 한다. 다만, 배치된 특수교육대상자의 수 및 그 학교의 여건 등을 고려하여 시ㆍ도 조례로 정하는 바에 따라 44제곱미터 이상의 교실에 학급을 설치할 수 있다.",위임,조례,,rule
P03171,"① 일반학교의 장은 법 제21조제3항에 따라 통합교육을 실시하는 경우에는 특수교육대상자의 교내 이동이 쉽고, 세면장ㆍ화장실 등과 가까운 곳에 위치한 66제곱미터 이상의 교실에 특수학급을 설치하여야 한다. 다만, 배치된 특수교육대상자의 수 및 그 학교의 여건 등을 고려하여 시ㆍ도 조례로 정하는 바에 따라 44제곱미터 이상의 교실에 학급을 설치할 수 있다.",위임,조례,,rule
P03172,역할 및 자격은 교육부령으로 정하고,위임,부령,,rule
P03173,② 공립 및 사립학교의 기숙사 시설·설비 기준은 시·도 교육규칙으로 정한다.,위임,교육규칙,,rule
P03174,② 공립 및 사립학교의 기숙사 시설·설비 기준은 시·도 교육규칙으로 정한다.,위임,교육규칙,,rule
P03175,② 공립 및 사립학교의 기숙사 시설·설비 기준은 시·도 교육규칙으로 정한다.,위임,교육규칙,,rule
P03176,② 공립 및 사립학교의 기숙사 시설·설비 기준은 시·도 교육규칙으로 정한다.,위임,교육규칙,,rule
P03177,② 공립 및 사립학교의 기숙사 시설·설비 기준은 시·도 교육규칙으로 정한다.,위임,교육규칙,,rule
P03178,② 공립 및 사립학교의 기숙사 시설·설비 기준은 시·도 교육규칙으로 정한다.,위임,교육규칙,,rule
P03179,② 공립 및 사립학교의 기숙사 시설·설비 기준은 시·도 교육규칙으로 정한다.,위임,교육규칙,,rule
P03180,교육부령으로 정한다,위임,부령,,rule
P03181,교육부령으로 정한다,위임,부령,,rule
P03182,교육부령,판단불가,해당없음,,rule
P03183,필요한 사항은 교육부령으로 정한다,위임,부령,,rule
P03184,필요한 사항은 교육부령으로,위임,부령,,rule
P03185,필요한 사항은 교육부령으로,위임,부령,,rule
P03186,필요한 사항은 교육부령으로,위임,부령,,rule
P03187,필요한 사항은 교육부령으로,위임,부령,,rule
P03188,필요한 사항은 교육부령으로,위임,부령,,rule
P03189,필요한 사항은 교육부령으로,위임,부령,,rule
P03190,필요한 사항은 교육부령으로,위임,부령,,rule
P03191,필요한 사항은 교육부령으로,위임,부령,,rule
P03192,교육부령으로 정하는,위임,부령,,rule
P03193,대통령령으로 정하는 사항,위임,대통령령,,rule
P03194,필요한 사항은 교육부령으로,위임,부령,,rule
P03195,필요한 사항은 대통령령으로,위임,대통령령,,rule
P03196,대통령령으로 정한다,위임,대통령령,,rule
P03197,대통령령으로 정하는,위임,대통령령,,rule
P03198,대통령령으로 정한다,위임,대통령령,,rule
P03199,대통령령으로 정한다,위임,대통령령,,rule
P03200,대통령령으로 정한다,위임,대통령령,,rule
P03201,대통령령으로 정하는,위임,대통령령,,rule
P03202,대통령령으로 정하는,위임,대통령령,,rule
P03203,대통령령으로 정하는,위임,대통령령,,rule
P03204,교육부령으로 정하는 기준에 따라,위임,부령,,rule
P03205,필요한 범위에서 교육부령으로 정하는 사항,위임,부령,,rule
P03206,교육부령에서 정하는 바에 따라 발전기금을,위임,부령,,rule
P03207,필요한 사항은 교육부령으로 정한다,위임,부령,,rule
P03208,필요한 사항은 교육부령으로 정한다,위임,부령,,rule
P03209,필요한 사항은 교육부령으로 정한다,위임,부령,,rule
P03210,필요한 사항은 교육부령으로 정한다,위임,부령,,rule
P03211,필요한 사항은 교육부령으로 정한다,위임,부령,,rule
P03212,필요한 사항은 교육부령으로 정한다,위임,부령,,rule
P03213,필요한 사항은 교육부령으로 정한다,위임,부령,,rule
P03214,필요한 사항은 교육부령으로 정한다,위임,부령,,rule
P03215,필요한 사항은 교육부령으로 정한다,위임,부령,,rule
P03216,필요한 사항은 교육부령으로 정한다,위임,부령,,rule
P03217,필요한 사항은 교육부령으로 정한다,위임,부령,,rule
P03218,필요한 사항은 교육부령으로 정한다,위임,부령,,rule
P03219,인사관리에 관하여는 교육부령으로,위임,부령,,rule
P03220,인사관리에 관하여는 교육부령으로,위임,부령,,rule
P03221,인사관리에 관하여는 교육부령으로,위임,부령,,rule
P03222,인사관리에 관하여는 교육부령으로,위임,부령,,rule
P03223,인사관리에 관하여는 교육부령으로,위임,부령,,rule
P03224,인사관리에 관하여는 교육부령으로,위임,부령,,rule
P03225,인사관리에 관하여는 교육부령으로,위임,부령,,rule
P03226,인사관리에 관하여는 교육부령으로,위임,부령,,rule
P03227,인사관리에 관하여는 교육부령으로,위임,부령,,rule
P03228,인사관리에 관하여는 교육부령으로,위임,부령,,rule
P03229,인사관리에 관하여는 교육부령으로,위임,부령,,rule
P03230,인사관리에 관하여는 교육부령으로,위임,부령,,rule
P03231,인사관리에 관하여는 교육부령으로,위임,부령,,rule
P03232,인사관리에 관하여는 교육부령으로,위임,부령,,rule
P03233,인사관리에 관하여는 교육부령으로,위임,부령,,rule
P03234,인사관리에 관하여는 교육부령으로,위임,부령,,rule
P03235,인사관리에 관하여는 교육부령으로,위임,부령,,rule
P03236,인사관리에 관하여는 교육부령으로,위임,부령,,rule
P03237,인사관리에 관하여는 교육부령으로,위임,부령,,rule
P03238,필요한 사항은 교육부령으로,위임,부령,,rule
P03239,필요한 사항은 교육부령으로,위임,부령,,rule
P03240,필요한 사항은 교육부령으로,위임,부령,,rule
P03241,필요한 사항은 교육부령으로,위임,부령,,rule
P03242,필요한 사항은 교육부령으로,위임,부령,,rule
P03243,필요한 사항은 교육부령으로,위임,부령,,rule
P03244,필요한 사항은 교육부령으로,위임,부령,,rule
P03245,필요한 사항은 교육부령으로,위임,부령,,rule
P03246,필요한 사항은 교육부령으로,위임,부령,,rule
P03247,필요한 사항은 교육부령으로,위임,부령,,rule
P03248,필요한 사항은 교육부령으로,위임,부령,,rule
P03249,필요한 사항은 교육부령으로,위임,부령,,rule
P03250,필요한 사항은 교육부령으로,위임,부령,,rule
P03251,필요한 사항은 교육부령으로,위임,부령,,rule
P03252,필요한 사항은 교육부령으로,위임,부령,,rule
P03253,필요한 사항은 교육부령으로,위임,부령,,rule
P03254,필요한 사항은 교육부령으로,위임,부령,,rule
P03255,필요한 사항은 교육부령으로,위임,부령,,rule
P03256,대통령령으로 정하는,위임,대통령령,,rule
P03257,"①교육감은 조례 또는 교육규칙으로 정하는 바에 따라 그 권한에 속하는 사무의 일부를 보조기관, 소속교육기관 또는 하급교육행정기관에 위임할 수 있다",위임,교육규칙,,rule
P03258,③교육감은 조례 또는 교육규칙으로 정하는 바에 따라 그 권한에 속하는 사무 중 조사·검사·검정·관리 등 주민의 권리·의무와 직접 관계되지 아니하는 사무를 법인·단체 또는 그 기관이나 개인에게 위탁할 수 있다.,위임,교육규칙,,rule
P03259,③교육감은 조례 또는 교육규칙으로 정하는 바에 따라 그 권한에 속하는 사무 중 조사·검사·검정·관리 등 주민의 권리·의무와 직접 관계되지 아니하는 사무를 법인·단체 또는 그 기관이나 개인에게 위탁할 수 있다.,위임,교육규칙,,rule
P03260,"①교육감은 조례 또는 교육규칙으로 정하는 바에 따라 그 권한에 속하는 사무의 일부를 보조기관, 소속교육기관 또는 하급교육행정기관에 위임할 수 있다",위임,교육규칙,,rule
P03261,"①교육감은 조례 또는 교육규칙으로 정하는 바에 따라 그 권한에 속하는 사무의 일부를 보조기관, 소속교육기관 또는 하급교육행정기관에 위임할 수 있다.",위임,교육규칙,,rule
P03262,③교육감은 조례 또는 교육규칙으로 정하는 바에 따라 그 권한에 속하는 사무 중 조사·검사·검정·관리 등 주민의 권리·의무와 직접 관계되지 아니하는 사무를 법인·단체 또는 그 기관이나 개인에게 위탁할 수 있다.,위임,교육규칙,,rule
P03263,"①교육감은 조례 또는 교육규칙으로 정하는 바에 따라 그 권한에 속하는 사무의 일부를 보조기관, 소속교육기관 또는 하급교육행정기관에 위임할 수 있다.",위임,교육규칙,,rule
P03264,"①교육감은 조례 또는 교육규칙으로 정하는 바에 따라 그 권한에 속하는 사무의 일부를 보조기관, 소속교육기관 또는 하급교육행정기관에 위임할 수 있다",위임,교육규칙,,rule
P03265,③교육감은 조례 또는 교육규칙으로 정하는 바에 따라 그 권한에 속하는 사무 중 조사·검사·검정·관리 등 주민의 권리·의무와 직접 관계되지 아니하는 사무를 법인·단체 또는 그 기관이나 개인에게 위탁할 수 있다.,위임,교육규칙,,rule
P03266,"①교육감은 조례 또는 교육규칙으로 정하는 바에 따라 그 권한에 속하는 사무의 일부를 보조기관, 소속교육기관 또는 하급교육행정기관에 위임할 수 있다.",위임,교육규칙,,rule
P03267,"①교육감은 조례 또는 교육규칙으로 정하는 바에 따라 그 권한에 속하는 사무의 일부를 보조기관, 소속교육기관 또는 하급교육행정기관에 위임할 수 있다",위임,교육규칙,,rule
P03268,③교육감은 조례 또는 교육규칙으로 정하는 바에 따라 그 권한에 속하는 사무 중 조사·검사·검정·관리 등 주민의 권리·의무와 직접 관계되지 아니하는 사무를 법인·단체 또는 그 기관이나 개인에게 위탁할 수 있다.,위임,교육규칙,,rule
P03269,"①교육감은 조례 또는 교육규칙으로 정하는 바에 따라 그 권한에 속하는 사무의 일부를 보조기관, 소속교육기관 또는 하급교육행정기관에 위임할 수 있다.",위임,교육규칙,,rule
P03270,"①교육감은 조례 또는 교육규칙으로 정하는 바에 따라 그 권한에 속하는 사무의 일부를 보조기관, 소속교육기관 또는 하급교육행정기관에 위임할 수 있다",위임,교육규칙,,rule
P03271,③교육감은 조례 또는 교육규칙으로 정하는 바에 따라 그 권한에 속하는 사무 중 조사·검사·검정·관리 등 주민의 권리·의무와 직접 관계되지 아니하는 사무를 법인·단체 또는 그 기관이나 개인에게 위탁할 수 있다.,위임,교육규칙,,rule
P03272,"①교육감은 조례 또는 교육규칙으로 정하는 바에 따라 그 권한에 속하는 사무의 일부를 보조기관, 소속교육기관 또는 하급교육행정기관에 위임할 수 있다.",위임,교육규칙,,rule
P03273,"①교육감은 조례 또는 교육규칙으로 정하는 바에 따라 그 권한에 속하는 사무의 일부를 보조기관, 소속교육기관 또는 하급교육행정기관에 위임할 수 있다",위임,교육규칙,,rule
P03274,③교육감은 조례 또는 교육규칙으로 정하는 바에 따라 그 권한에 속하는 사무 중 조사·검사·검정·관리 등 주민의 권리·의무와 직접 관계되지 아니하는 사무를 법인·단체 또는 그 기관이나 개인에게 위탁할 수 있다.,위임,교육규칙,,rule
P03275,"①교육감은 조례 또는 교육규칙으로 정하는 바에 따라 그 권한에 속하는 사무의 일부를 보조기관, 소속교육기관 또는 하급교육행정기관에 위임할 수 있다.",위임,교육규칙,,rule
P03276,"①교육감은 조례 또는 교육규칙으로 정하는 바에 따라 그 권한에 속하는 사무의 일부를 보조기관, 소속교육기관 또는 하급교육행정기관에 위임할 수 있다",위임,교육규칙,,rule
P03277,"①교육감은 조례 또는 교육규칙으로 정하는 바에 따라 그 권한에 속하는 사무의 일부를 보조기관, 소속교육기관 또는 하급교육행정기관에 위임할 수 있다.",위임,교육규칙,,rule
P03278,③교육감은 조례 또는 교육규칙으로 정하는 바에 따라 그 권한에 속하는 사무 중 조사·검사·검정·관리 등 주민의 권리·의무와 직접 관계되지 아니하는 사무를 법인·단체 또는 그 기관이나 개인에게 위탁할 수 있다.,위임,교육규칙,,rule
P03279,"①교육감은 조례 또는 교육규칙으로 정하는 바에 따라 그 권한에 속하는 사무의 일부를 보조기관, 소속교육기관 또는 하급교육행정기관에 위임할 수 있다",위임,교육규칙,,rule
P03280,"①교육감은 조례 또는 교육규칙으로 정하는 바에 따라 그 권한에 속하는 사무의 일부를 보조기관, 소속교육기관 또는 하급교육행정기관에 위임할 수 있다.",위임,교육규칙,,rule
P03281,③교육감은 조례 또는 교육규칙으로 정하는 바에 따라 그 권한에 속하는 사무 중 조사·검사·검정·관리 등 주민의 권리·의무와 직접 관계되지 아니하는 사무를 법인·단체 또는 그 기관이나 개인에게 위탁할 수 있다.,위임,교육규칙,,rule
P03282,"①교육감은 조례 또는 교육규칙으로 정하는 바에 따라 그 권한에 속하는 사무의 일부를 보조기관, 소속교육기관 또는 하급교육행정기관에 위임할 수 있다",위임,교육규칙,,rule
P03283,"①교육감은 조례 또는 교육규칙으로 정하는 바에 따라 그 권한에 속하는 사무의 일부를 보조기관, 소속교육기관 또는 하급교육행정기관에 위임할 수 있다.",위임,교육규칙,,rule
P03284,③교육감은 조례 또는 교육규칙으로 정하는 바에 따라 그 권한에 속하는 사무 중 조사·검사·검정·관리 등 주민의 권리·의무와 직접 관계되지 아니하는 사무를 법인·단체 또는 그 기관이나 개인에게 위탁할 수 있다.,위임,교육규칙,,rule
P03285,"①교육감은 조례 또는 교육규칙으로 정하는 바에 따라 그 권한에 속하는 사무의 일부를 보조기관, 소속교육기관 또는 하급교육행정기관에 위임할 수 있다.",위임,교육규칙,,rule
P03286,"①교육감은 조례 또는 교육규칙으로 정하는 바에 따라 그 권한에 속하는 사무의 일부를 보조기관, 소속교육기관 또는 하급교육행정기관에 위임할 수 있다",위임,교육규칙,,rule
P03287,③교육감은 조례 또는 교육규칙으로 정하는 바에 따라 그 권한에 속하는 사무 중 조사·검사·검정·관리 등 주민의 권리·의무와 직접 관계되지 아니하는 사무를 법인·단체 또는 그 기관이나 개인에게 위탁할 수 있다.,위임,교육규칙,,rule
P03288,"①교육감은 조례 또는 교육규칙으로 정하는 바에 따라 그 권한에 속하는 사무의 일부를 보조기관, 소속교육기관 또는 하급교육행정기관에 위임할 수 있다",위임,교육규칙,,rule
P03289,"①교육감은 조례 또는 교육규칙으로 정하는 바에 따라 그 권한에 속하는 사무의 일부를 보조기관, 소속교육기관 또는 하급교육행정기관에 위임할 수 있다.",위임,교육규칙,,rule
P03290,③교육감은 조례 또는 교육규칙으로 정하는 바에 따라 그 권한에 속하는 사무 중 조사·검사·검정·관리 등 주민의 권리·의무와 직접 관계되지 아니하는 사무를 법인·단체 또는 그 기관이나 개인에게 위탁할 수 있다.,위임,교육규칙,,rule
P03291,"①교육감은 조례 또는 교육규칙으로 정하는 바에 따라 그 권한에 속하는 사무의 일부를 보조기관, 소속교육기관 또는 하급교육행정기관에 위임할 수 있다.",위임,교육규칙,,rule
P03292,"①교육감은 조례 또는 교육규칙으로 정하는 바에 따라 그 권한에 속하는 사무의 일부를 보조기관, 소속교육기관 또는 하급교육행정기관에 위임할 수 있다",위임,교육규칙,,rule
P03293,③교육감은 조례 또는 교육규칙으로 정하는 바에 따라 그 권한에 속하는 사무 중 조사·검사·검정·관리 등 주민의 권리·의무와 직접 관계되지 아니하는 사무를 법인·단체 또는 그 기관이나 개인에게 위탁할 수 있다.,위임,교육규칙,,rule
P03294,③교육감은 조례 또는 교육규칙으로 정하는 바에 따라 그 권한에 속하는 사무 중 조사·검사·검정·관리 등 주민의 권리·의무와 직접 관계되지 아니하는 사무를 법인·단체 또는 그 기관이나 개인에게 위탁할 수 있다.,위임,교육규칙,,rule
P03295,"①교육감은 조례 또는 교육규칙으로 정하는 바에 따라 그 권한에 속하는 사무의 일부를 보조기관, 소속교육기관 또는 하급교육행정기관에 위임할 수 있다.",위임,교육규칙,,rule
P03296,"①교육감은 조례 또는 교육규칙으로 정하는 바에 따라 그 권한에 속하는 사무의 일부를 보조기관, 소속교육기관 또는 하급교육행정기관에 위임할 수 있다",위임,교육규칙,,rule
P03297,③교육감은 조례 또는 교육규칙으로 정하는 바에 따라 그 권한에 속하는 사무 중 조사·검사·검정·관리 등 주민의 권리·의무와 직접 관계되지 아니하는 사무를 법인·단체 또는 그 기관이나 개인에게 위탁할 수 있다.,위임,교육규칙,,rule
P03298,"①교육감은 조례 또는 교육규칙으로 정하는 바에 따라 그 권한에 속하는 사무의 일부를 보조기관, 소속교육기관 또는 하급교육행정기관에 위임할 수 있다.",위임,교육규칙,,rule
P03299,"①교육감은 조례 또는 교육규칙으로 정하는 바에 따라 그 권한에 속하는 사무의 일부를 보조기관, 소속교육기관 또는 하급교육행정기관에 위임할 수 있다",위임,교육규칙,,rule
P03300,③교육감은 조례 또는 교육규칙으로 정하는 바에 따라 그 권한에 속하는 사무 중 조사·검사·검정·관리 등 주민의 권리·의무와 직접 관계되지 아니하는 사무를 법인·단체 또는 그 기관이나 개인에게 위탁할 수 있다.,위임,교육규칙,,rule
P03301,"①교육감은 조례 또는 교육규칙으로 정하는 바에 따라 그 권한에 속하는 사무의 일부를 보조기관, 소속교육기관 또는 하급교육행정기관에 위임할 수 있다",위임,교육규칙,,rule
P03302,"①교육감은 조례 또는 교육규칙으로 정하는 바에 따라 그 권한에 속하는 사무의 일부를 보조기관, 소속교육기관 또는 하급교육행정기관에 위임할 수 있다.",위임,교육규칙,,rule
P03303,③교육감은 조례 또는 교육규칙으로 정하는 바에 따라 그 권한에 속하는 사무 중 조사·검사·검정·관리 등 주민의 권리·의무와 직접 관계되지 아니하는 사무를 법인·단체 또는 그 기관이나 개인에게 위탁할 수 있다.,위임,교육규칙,,rule
P03304,"①교육감은 조례 또는 교육규칙으로 정하는 바에 따라 그 권한에 속하는 사무의 일부를 보조기관, 소속교육기관 또는 하급교육행정기관에 위임할 수 있다.",위임,교육규칙,,rule
P03305,"①교육감은 조례 또는 교육규칙으로 정하는 바에 따라 그 권한에 속하는 사무의 일부를 보조기관, 소속교육기관 또는 하급교육행정기관에 위임할 수 있다",위임,교육규칙,,rule
P03306,③교육감은 조례 또는 교육규칙으로 정하는 바에 따라 그 권한에 속하는 사무 중 조사·검사·검정·관리 등 주민의 권리·의무와 직접 관계되지 아니하는 사무를 법인·단체 또는 그 기관이나 개인에게 위탁할 수 있다.,위임,교육규칙,,rule
P03307,"①교육감은 조례 또는 교육규칙으로 정하는 바에 따라 그 권한에 속하는 사무의 일부를 보조기관, 소속교육기관 또는 하급교육행정기관에 위임할 수 있다",위임,교육규칙,,rule
P03308,"①교육감은 조례 또는 교육규칙으로 정하는 바에 따라 그 권한에 속하는 사무의 일부를 보조기관, 소속교육기관 또는 하급교육행정기관에 위임할 수 있다.",위임,교육규칙,,rule
P03309,① 시·도의회의 교육·학예에 관한 사무를 처리하기 위하여 조례로 정하는 바에 따라 시·도의회의 사무처에 지원조직과 사무직원을 둔다.,위임,조례,,rule
P03310,① 시·도의회의 교육·학예에 관한 사무를 처리하기 위하여 조례로 정하는 바에 따라 시·도의회의 사무처에 지원조직과 사무직원을 둔다.,위임,조례,,rule
P03311,① 시·도의회의 교육·학예에 관한 사무를 처리하기 위하여 조례로 정하는 바에 따라 시·도의회의 사무처에 지원조직과 사무직원을 둔다.,위임,조례,,rule
P03312,① 시·도의회의 교육·학예에 관한 사무를 처리하기 위하여 조례로 정하는 바에 따라 시·도의회의 사무처에 지원조직과 사무직원을 둔다.,위임,조례,,rule
P03313,① 시·도의회의 교육·학예에 관한 사무를 처리하기 위하여 조례로 정하는 바에 따라 시·도의회의 사무처에 지원조직과 사무직원을 둔다.,위임,조례,,rule
P03314,① 시·도의회의 교육·학예에 관한 사무를 처리하기 위하여 조례로 정하는 바에 따라 시·도의회의 사무처에 지원조직과 사무직원을 둔다.,위임,조례,,rule
P03315,① 시·도의회의 교육·학예에 관한 사무를 처리하기 위하여 조례로 정하는 바에 따라 시·도의회의 사무처에 지원조직과 사무직원을 둔다.,위임,조례,,rule
P03316,① 시·도의회의 교육·학예에 관한 사무를 처리하기 위하여 조례로 정하는 바에 따라 시·도의회의 사무처에 지원조직과 사무직원을 둔다.,위임,조례,,rule
P03317,① 시·도의회의 교육·학예에 관한 사무를 처리하기 위하여 조례로 정하는 바에 따라 시·도의회의 사무처에 지원조직과 사무직원을 둔다.,위임,조례,,rule
P03318,① 시·도의회의 교육·학예에 관한 사무를 처리하기 위하여 조례로 정하는 바에 따라 시·도의회의 사무처에 지원조직과 사무직원을 둔다.,위임,조례,,rule
P03319,① 시·도의회의 교육·학예에 관한 사무를 처리하기 위하여 조례로 정하는 바에 따라 시·도의회의 사무처에 지원조직과 사무직원을 둔다.,위임,조례,,rule
P03320,① 시·도의회의 교육·학예에 관한 사무를 처리하기 위하여 조례로 정하는 바에 따라 시·도의회의 사무처에 지원조직과 사무직원을 둔다.,위임,조례,,rule
P03321,① 시·도의회의 교육·학예에 관한 사무를 처리하기 위하여 조례로 정하는 바에 따라 시·도의회의 사무처에 지원조직과 사무직원을 둔다.,위임,조례,,rule
P03322,① 시·도의회의 교육·학예에 관한 사무를 처리하기 위하여 조례로 정하는 바에 따라 시·도의회의 사무처에 지원조직과 사무직원을 둔다.,위임,조례,,rule
P03323,① 시·도의회의 교육·학예에 관한 사무를 처리하기 위하여 조례로 정하는 바에 따라 시·도의회의 사무처에 지원조직과 사무직원을 둔다.,위임,조례,,rule
P03324,대통령령으로 정하는,위임,대통령령,,rule
P03325,사항은 대통령령으로,위임,대통령령,,rule
P03326,대통령령으로 정한,인용,해당없음,,rule
P03327,대통령령으로 정한,인용,해당없음,,rule
P03328,대통령령으로 정한,인용,해당없음,,rule
P03329,"⑤교육감 소속하에 보조기관을 두되, 그 설치·운영 등에 관하여 필요한 사항은 대통령령으로 정한 범위 안에서 조례로 정한다.",인용,해당없음,,rule
P03330,"⑤교육감 소속하에 보조기관을 두되, 그 설치·운영 등에 관하여 필요한 사항은 대통령령으로 정한 범위 안에서 조례로 정한다.",인용,해당없음,,rule
P03331,"⑤교육감 소속하에 보조기관을 두되, 그 설치·운영 등에 관하여 필요한 사항은 대통령령으로 정한 범위 안에서 조례로 정한다.",인용,해당없음,,rule
P03332,"⑤교육감 소속하에 보조기관을 두되, 그 설치·운영 등에 관하여 필요한 사항은 대통령령으로 정한 범위 안에서 조례로 정한다.",인용,해당없음,,rule
P03333,"⑤교육감 소속하에 보조기관을 두되, 그 설치·운영 등에 관하여 필요한 사항은 대통령령으로 정한 범위 안에서 조례로 정한다.",인용,해당없음,,rule
P03334,"⑤교육감 소속하에 보조기관을 두되, 그 설치·운영 등에 관하여 필요한 사항은 대통령령으로 정한 범위 안에서 조례로 정한다.",인용,해당없음,,rule
P03335,"⑤교육감 소속하에 보조기관을 두되, 그 설치·운영 등에 관하여 필요한 사항은 대통령령으로 정한 범위 안에서 조례로 정한다.",인용,해당없음,,rule
P03336,"⑤교육감 소속하에 보조기관을 두되, 그 설치·운영 등에 관하여 필요한 사항은 대통령령으로 정한 범위 안에서 조례로 정한다.",인용,해당없음,,rule
P03337,"⑤교육감 소속하에 보조기관을 두되, 그 설치·운영 등에 관하여 필요한 사항은 대통령령으로 정한 범위 안에서 조례로 정한다.",인용,해당없음,,rule
P03338,"⑤교육감 소속하에 보조기관을 두되, 그 설치·운영 등에 관하여 필요한 사항은 대통령령으로 정한 범위 안에서 조례로 정한다.",인용,해당없음,,rule
P03339,"⑤교육감 소속하에 보조기관을 두되, 그 설치·운영 등에 관하여 필요한 사항은 대통령령으로 정한 범위 안에서 조례로 정한다.",인용,해당없음,,rule
P03340,"⑤교육감 소속하에 보조기관을 두되, 그 설치·운영 등에 관하여 필요한 사항은 대통령령으로 정한 범위 안에서 조례로 정한다.",인용,해당없음,,rule
P03341,"⑤교육감 소속하에 보조기관을 두되, 그 설치·운영 등에 관하여 필요한 사항은 대통령령으로 정한 범위 안에서 조례로 정한다.",인용,해당없음,,rule
P03342,"⑤교육감 소속하에 보조기관을 두되, 그 설치·운영 등에 관하여 필요한 사항은 대통령령으로 정한 범위 안에서 조례로 정한다.",인용,해당없음,,rule
P03343,"⑤교육감 소속하에 보조기관을 두되, 그 설치·운영 등에 관하여 필요한 사항은 대통령령으로 정한 범위 안에서 조례로 정한다.",인용,해당없음,,rule
P03344,"⑤교육감 소속하에 보조기관을 두되, 그 설치·운영 등에 관하여 필요한 사항은 대통령령으로 정한 범위 안에서 조례로 정한다.",인용,해당없음,,rule
P03345,필요한 때에는 대통령령,판단불가,해당없음,,rule
P03346,교육감은 그 소관 사무의 범위 안에서 필요한 때에는 대통령령 또는 조례로 정하는 바에 따라 교육기관을 설치할 수 있다.,위임,조례,,rule
P03347,교육감은 그 소관 사무의 범위 안에서 필요한 때에는 대통령령 또는 조례로 정하는 바에 따라 교육기관을 설치할 수 있다.,위임,조례,,rule
P03348,교육감은 그 소관 사무의 범위 안에서 필요한 때에는 대통령령 또는 조례로 정하는 바에 따라 교육기관을 설치할 수 있다.,위임,조례,,rule
P03349,교육감은 그 소관 사무의 범위 안에서 필요한 때에는 대통령령 또는 조례로 정하는 바에 따라 교육기관을 설치할 수 있다.,위임,조례,,rule
P03350,교육감은 그 소관 사무의 범위 안에서 필요한 때에는 대통령령 또는 조례로 정하는 바에 따라 교육기관을 설치할 수 있다.,위임,조례,,rule
P03351,교육감은 그 소관 사무의 범위 안에서 필요한 때에는 대통령령 또는 조례로 정하는 바에 따라 교육기관을 설치할 수 있다.,위임,조례,,rule
P03352,교육감은 그 소관 사무의 범위 안에서 필요한 때에는 대통령령 또는 조례로 정하는 바에 따라 교육기관을 설치할 수 있다.,위임,조례,,rule
P03353,교육감은 그 소관 사무의 범위 안에서 필요한 때에는 대통령령 또는 조례로 정하는 바에 따라 교육기관을 설치할 수 있다.,위임,조례,,rule
P03354,교육감은 그 소관 사무의 범위 안에서 필요한 때에는 대통령령 또는 조례로 정하는 바에 따라 교육기관을 설치할 수 있다.,위임,조례,,rule
P03355,교육감은 그 소관 사무의 범위 안에서 필요한 때에는 대통령령 또는 조례로 정하는 바에 따라 교육기관을 설치할 수 있다.,위임,조례,,rule
P03356,교육감은 그 소관 사무의 범위 안에서 필요한 때에는 대통령령 또는 조례로 정하는 바에 따라 교육기관을 설치할 수 있다.,위임,조례,,rule
P03357,교육감은 그 소관 사무의 범위 안에서 필요한 때에는 대통령령 또는 조례로 정하는 바에 따라 교육기관을 설치할 수 있다.,위임,조례,,rule
P03358,교육감은 그 소관 사무의 범위 안에서 필요한 때에는 대통령령 또는 조례로 정하는 바에 따라 교육기관을 설치할 수 있다.,위임,조례,,rule
P03359,교육감은 그 소관 사무의 범위 안에서 필요한 때에는 대통령령 또는 조례로 정하는 바에 따라 교육기관을 설치할 수 있다.,위임,조례,,rule
P03360,교육감은 그 소관 사무의 범위 안에서 필요한 때에는 대통령령 또는 조례로 정하는 바에 따라 교육기관을 설치할 수 있다.,위임,조례,,rule
P03361,교육감은 그 소관 사무의 범위 안에서 필요한 때에는 대통령령 또는 조례로 정하는 바에 따라 교육기관을 설치할 수 있다.,위임,조례,,rule
P03362,교육감은 그 소관 사무의 범위 안에서 필요한 때에는 대통령령 또는 조례로 정하는 바에 따라 교육기관을 설치할 수 있다.,위임,조례,,rule
P03363,교육감은 그 소관 사무의 범위 안에서 필요한 때에는 대통령령 또는 조례로 정하는 바에 따라 교육기관을 설치할 수 있다.,위임,조례,,rule
P03364,교육감은 그 소관 사무의 범위 안에서 필요한 때에는 대통령령 또는 조례로 정하는 바에 따라 교육기관을 설치할 수 있다.,위임,조례,,rule
P03365,교육감은 그 소관 사무의 범위 안에서 필요한 때에는 대통령령 또는 조례로 정하는 바에 따라 교육기관을 설치할 수 있다.,위임,조례,,rule
P03366,교육감은 그 소관 사무의 범위 안에서 필요한 때에는 대통령령 또는 조례로 정하는 바에 따라 교육기관을 설치할 수 있다.,위임,조례,,rule
P03367,교육감은 그 소관 사무의 범위 안에서 필요한 때에는 대통령령 또는 조례로 정하는 바에 따라 교육기관을 설치할 수 있다.,위임,조례,,rule
P03368,교육감은 그 소관 사무의 범위 안에서 필요한 때에는 대통령령 또는 조례로 정하는 바에 따라 교육기관을 설치할 수 있다.,위임,조례,,rule
P03369,교육감은 그 소관 사무의 범위 안에서 필요한 때에는 대통령령 또는 조례로 정하는 바에 따라 교육기관을 설치할 수 있다.,위임,조례,,rule
P03370,교육감은 그 소관 사무의 범위 안에서 필요한 때에는 대통령령 또는 조례로 정하는 바에 따라 교육기관을 설치할 수 있다.,위임,조례,,rule
P03371,교육감은 그 소관 사무의 범위 안에서 필요한 때에는 대통령령 또는 조례로 정하는 바에 따라 교육기관을 설치할 수 있다.,위임,조례,,rule
P03372,교육감은 그 소관 사무의 범위 안에서 필요한 때에는 대통령령 또는 조례로 정하는 바에 따라 교육기관을 설치할 수 있다.,위임,조례,,rule
P03373,교육감은 그 소관 사무의 범위 안에서 필요한 때에는 대통령령 또는 조례로 정하는 바에 따라 교육기관을 설치할 수 있다.,위임,조례,,rule
P03374,교육감은 그 소관 사무의 범위 안에서 필요한 때에는 대통령령 또는 조례로 정하는 바에 따라 교육기관을 설치할 수 있다.,위임,조례,,rule
P03375,교육감은 그 소관 사무의 범위 안에서 필요한 때에는 대통령령 또는 조례로 정하는 바에 따라 교육기관을 설치할 수 있다.,위임,조례,,rule
P03376,교육감은 그 소관 사무의 범위 안에서 필요한 때에는 대통령령 또는 조례로 정하는 바에 따라 교육기관을 설치할 수 있다.,위임,조례,,rule
P03377,대통령령으로 정하는,위임,대통령령,,rule
P03378,"①제30조제5항의 보조기관과 제32조의 교육기관 및 제34조의 하급교육행정기관에는 제38조의 규정에 따른 해당 시·도의 교육비특별회계가 부담하는 경비로써 지방공무원을 두되, 그 정원은 법령에서 정한 기준에 따라 조례로 정한다.",위임,조례,,rule
P03379,"①제30조제5항의 보조기관과 제32조의 교육기관 및 제34조의 하급교육행정기관에는 제38조의 규정에 따른 해당 시·도의 교육비특별회계가 부담하는 경비로써 지방공무원을 두되, 그 정원은 법령에서 정한 기준에 따라 조례로 정한다.",위임,조례,,rule
P03380,"①제30조제5항의 보조기관과 제32조의 교육기관 및 제34조의 하급교육행정기관에는 제38조의 규정에 따른 해당 시·도의 교육비특별회계가 부담하는 경비로써 지방공무원을 두되, 그 정원은 법령에서 정한 기준에 따라 조례로 정한다.",위임,조례,,rule
P03381,"①제30조제5항의 보조기관과 제32조의 교육기관 및 제34조의 하급교육행정기관에는 제38조의 규정에 따른 해당 시·도의 교육비특별회계가 부담하는 경비로써 지방공무원을 두되, 그 정원은 법령에서 정한 기준에 따라 조례로 정한다.",위임,조례,,rule
P03382,"①제30조제5항의 보조기관과 제32조의 교육기관 및 제34조의 하급교육행정기관에는 제38조의 규정에 따른 해당 시·도의 교육비특별회계가 부담하는 경비로써 지방공무원을 두되, 그 정원은 법령에서 정한 기준에 따라 조례로 정한다.",위임,조례,,rule
P03383,"①제30조제5항의 보조기관과 제32조의 교육기관 및 제34조의 하급교육행정기관에는 제38조의 규정에 따른 해당 시·도의 교육비특별회계가 부담하는 경비로써 지방공무원을 두되, 그 정원은 법령에서 정한 기준에 따라 조례로 정한다.",위임,조례,,rule
P03384,"①제30조제5항의 보조기관과 제32조의 교육기관 및 제34조의 하급교육행정기관에는 제38조의 규정에 따른 해당 시·도의 교육비특별회계가 부담하는 경비로써 지방공무원을 두되, 그 정원은 법령에서 정한 기준에 따라 조례로 정한다.",위임,조례,,rule
P03385,"①제30조제5항의 보조기관과 제32조의 교육기관 및 제34조의 하급교육행정기관에는 제38조의 규정에 따른 해당 시·도의 교육비특별회계가 부담하는 경비로써 지방공무원을 두되, 그 정원은 법령에서 정한 기준에 따라 조례로 정한다.",위임,조례,,rule
P03386,"①제30조제5항의 보조기관과 제32조의 교육기관 및 제34조의 하급교육행정기관에는 제38조의 규정에 따른 해당 시·도의 교육비특별회계가 부담하는 경비로써 지방공무원을 두되, 그 정원은 법령에서 정한 기준에 따라 조례로 정한다.",위임,조례,,rule
P03387,"①제30조제5항의 보조기관과 제32조의 교육기관 및 제34조의 하급교육행정기관에는 제38조의 규정에 따른 해당 시·도의 교육비특별회계가 부담하는 경비로써 지방공무원을 두되, 그 정원은 법령에서 정한 기준에 따라 조례로 정한다.",위임,조례,,rule
P03388,"①제30조제5항의 보조기관과 제32조의 교육기관 및 제34조의 하급교육행정기관에는 제38조의 규정에 따른 해당 시·도의 교육비특별회계가 부담하는 경비로써 지방공무원을 두되, 그 정원은 법령에서 정한 기준에 따라 조례로 정한다.",위임,조례,,rule
P03389,"①제30조제5항의 보조기관과 제32조의 교육기관 및 제34조의 하급교육행정기관에는 제38조의 규정에 따른 해당 시·도의 교육비특별회계가 부담하는 경비로써 지방공무원을 두되, 그 정원은 법령에서 정한 기준에 따라 조례로 정한다.",위임,조례,,rule
P03390,"①제30조제5항의 보조기관과 제32조의 교육기관 및 제34조의 하급교육행정기관에는 제38조의 규정에 따른 해당 시·도의 교육비특별회계가 부담하는 경비로써 지방공무원을 두되, 그 정원은 법령에서 정한 기준에 따라 조례로 정한다.",위임,조례,,rule
P03391,"①제30조제5항의 보조기관과 제32조의 교육기관 및 제34조의 하급교육행정기관에는 제38조의 규정에 따른 해당 시·도의 교육비특별회계가 부담하는 경비로써 지방공무원을 두되, 그 정원은 법령에서 정한 기준에 따라 조례로 정한다.",위임,조례,,rule
P03392,"①제30조제5항의 보조기관과 제32조의 교육기관 및 제34조의 하급교육행정기관에는 제38조의 규정에 따른 해당 시·도의 교육비특별회계가 부담하는 경비로써 지방공무원을 두되, 그 정원은 법령에서 정한 기준에 따라 조례로 정한다.",위임,조례,,rule
P03393,대통령령으로 정하는 범위에서,위임,대통령령,,rule
P03394,대통령령으로 정하는 범위에서,위임,대통령령,,rule
P03395,대통령령으로 정하는 범위에서,위임,대통령령,,rule
P03396,⑤교육지원청의 조직과 운영 등에 관하여 필요한 사항은 대통령령으로 정하는 범위에서 시ㆍ도의 조례로 정한다.,위임,대통령령|조례,,rule
P03397,"②교육지원청의 관할구역과 위치는 시ㆍ도의 조례로 정하고, 명칭은 대통령령으로 정하는 범위에서 시ㆍ도의 조례로 정한다.",위임,조례|대통령령,,rule
P03398,⑤교육지원청의 조직과 운영 등에 관하여 필요한 사항은 대통령령으로 정하는 범위에서 시ㆍ도의 조례로 정한다.,위임,대통령령|조례,,rule
P03399,"②교육지원청의 관할구역과 위치는 시ㆍ도의 조례로 정하고, 명칭은 대통령령으로 정하는 범위에서 시ㆍ도의 조례로 정한다.",위임,조례|대통령령,,rule
P03400,⑤교육지원청의 조직과 운영 등에 관하여 필요한 사항은 대통령령으로 정하는 범위에서 시ㆍ도의 조례로 정한다.,위임,대통령령|조례,,rule
P03401,"②교육지원청의 관할구역과 위치는 시ㆍ도의 조례로 정하고, 명칭은 대통령령으로 정하는 범위에서 시ㆍ도의 조례로 정한다.",위임,조례|대통령령,,rule
P03402,⑤교육지원청의 조직과 운영 등에 관하여 필요한 사항은 대통령령으로 정하는 범위에서 시ㆍ도의 조례로 정한다.,위임,대통령령|조례,,rule
P03403,"②교육지원청의 관할구역과 위치는 시ㆍ도의 조례로 정하고, 명칭은 대통령령으로 정하는 범위에서 시ㆍ도의 조례로 정한다.",위임,조례|대통령령,,rule
P03404,⑤교육지원청의 조직과 운영 등에 관하여 필요한 사항은 대통령령으로 정하는 범위에서 시ㆍ도의 조례로 정한다.,위임,대통령령|조례,,rule
P03405,"②교육지원청의 관할구역과 위치는 시ㆍ도의 조례로 정하고, 명칭은 대통령령으로 정하는 범위에서 시ㆍ도의 조례로 정한다.",위임,조례|대통령령,,rule
P03406,"②교육지원청의 관할구역과 위치는 시ㆍ도의 조례로 정하고, 명칭은 대통령령으로 정하는 범위에서 시ㆍ도의 조례로 정한다.",위임,조례|대통령령,,rule
P03407,⑤교육지원청의 조직과 운영 등에 관하여 필요한 사항은 대통령령으로 정하는 범위에서 시ㆍ도의 조례로 정한다.,위임,대통령령|조례,,rule
P03408,"②교육지원청의 관할구역과 위치는 시ㆍ도의 조례로 정하고, 명칭은 대통령령으로 정하는 범위에서 시ㆍ도의 조례로 정한다.",위임,조례|대통령령,,rule
P03409,⑤교육지원청의 조직과 운영 등에 관하여 필요한 사항은 대통령령으로 정하는 범위에서 시ㆍ도의 조례로 정한다.,위임,대통령령|조례,,rule
P03410,⑤교육지원청의 조직과 운영 등에 관하여 필요한 사항은 대통령령으로 정하는 범위에서 시ㆍ도의 조례로 정한다.,위임,대통령령|조례,,rule
P03411,⑤교육지원청의 조직과 운영 등에 관하여 필요한 사항은 대통령령으로 정하는 범위에서 시ㆍ도의 조례로 정한다.,위임,대통령령|조례,,rule
P03412,"②교육지원청의 관할구역과 위치는 시ㆍ도의 조례로 정하고, 명칭은 대통령령으로 정하는 범위에서 시ㆍ도의 조례로 정한다.",위임,조례|대통령령,,rule
P03413,⑤교육지원청의 조직과 운영 등에 관하여 필요한 사항은 대통령령으로 정하는 범위에서 시ㆍ도의 조례로 정한다.,위임,대통령령|조례,,rule
P03414,"②교육지원청의 관할구역과 위치는 시ㆍ도의 조례로 정하고, 명칭은 대통령령으로 정하는 범위에서 시ㆍ도의 조례로 정한다.",위임,조례|대통령령,,rule
P03415,⑤교육지원청의 조직과 운영 등에 관하여 필요한 사항은 대통령령으로 정하는 범위에서 시ㆍ도의 조례로 정한다.,위임,대통령령|조례,,rule
P03416,"②교육지원청의 관할구역과 위치는 시ㆍ도의 조례로 정하고, 명칭은 대통령령으로 정하는 범위에서 시ㆍ도의 조례로 정한다.",위임,조례|대통령령,,rule
P03417,⑤교육지원청의 조직과 운영 등에 관하여 필요한 사항은 대통령령으로 정하는 범위에서 시ㆍ도의 조례로 정한다.,위임,대통령령|조례,,rule
P03418,"②교육지원청의 관할구역과 위치는 시ㆍ도의 조례로 정하고, 명칭은 대통령령으로 정하는 범위에서 시ㆍ도의 조례로 정한다.",위임,조례|대통령령,,rule
P03419,⑤교육지원청의 조직과 운영 등에 관하여 필요한 사항은 대통령령으로 정하는 범위에서 시ㆍ도의 조례로 정한다.,위임,대통령령|조례,,rule
P03420,"②교육지원청의 관할구역과 위치는 시ㆍ도의 조례로 정하고, 명칭은 대통령령으로 정하는 범위에서 시ㆍ도의 조례로 정한다.",위임,조례|대통령령,,rule
P03421,⑤교육지원청의 조직과 운영 등에 관하여 필요한 사항은 대통령령으로 정하는 범위에서 시ㆍ도의 조례로 정한다.,위임,대통령령|조례,,rule
P03422,"②교육지원청의 관할구역과 위치는 시ㆍ도의 조례로 정하고, 명칭은 대통령령으로 정하는 범위에서 시ㆍ도의 조례로 정한다.",위임,조례|대통령령,,rule
P03423,2. 그 밖에 조례로 정하는 사무,위임,조례,,rule
P03424,2. 그 밖에 조례로 정하는 사무,위임,조례,,rule
P03425,2. 그 밖에 조례로 정하는 사무,위임,조례,,rule
P03426,2. 그 밖에 조례로 정하는 사무,위임,조례,,rule
P03427,2. 그 밖에 조례로 정하는 사무,위임,조례,,rule
P03428,2. 그 밖에 조례로 정하는 사무,위임,조례,,rule
P03429,2. 그 밖에 조례로 정하는 사무,위임,조례,,rule
P03430,2. 그 밖에 조례로 정하는 사무,위임,조례,,rule
P03431,2. 그 밖에 조례로 정하는 사무,위임,조례,,rule
P03432,2. 그 밖에 조례로 정하는 사무,위임,조례,,rule
P03433,2. 그 밖에 조례로 정하는 사무,위임,조례,,rule
P03434,2. 그 밖에 조례로 정하는 사무,위임,조례,,rule
P03435,2. 그 밖에 조례로 정하는 사무,위임,조례,,rule
P03436,2. 그 밖에 조례로 정하는 사무,위임,조례,,rule
P03437,2. 그 밖에 조례로 정하는 사무,위임,조례,,rule
P03438,2. 그 밖에 조례로 정하는 사무,위임,조례,,rule
P03439,②제1항의 규정에 따른 지방교육행정협의회의 구성·운영에 관하여 필요한 사항은 교육감과 시·도지사가 협의하여 조례로 정한다.,위임,조례,,rule
P03440,②제1항의 규정에 따른 지방교육행정협의회의 구성·운영에 관하여 필요한 사항은 교육감과 시·도지사가 협의하여 조례로 정한다.,위임,조례,,rule
P03441,②제1항의 규정에 따른 지방교육행정협의회의 구성·운영에 관하여 필요한 사항은 교육감과 시·도지사가 협의하여 조례로 정한다.,위임,조례,,rule
P03442,②제1항의 규정에 따른 지방교육행정협의회의 구성·운영에 관하여 필요한 사항은 교육감과 시·도지사가 협의하여 조례로 정한다.,위임,조례,,rule
P03443,②제1항의 규정에 따른 지방교육행정협의회의 구성·운영에 관하여 필요한 사항은 교육감과 시·도지사가 협의하여 조례로 정한다.,위임,조례,,rule
P03444,②제1항의 규정에 따른 지방교육행정협의회의 구성·운영에 관하여 필요한 사항은 교육감과 시·도지사가 협의하여 조례로 정한다.,위임,조례,,rule
P03445,②제1항의 규정에 따른 지방교육행정협의회의 구성·운영에 관하여 필요한 사항은 교육감과 시·도지사가 협의하여 조례로 정한다.,위임,조례,,rule
P03446,②제1항의 규정에 따른 지방교육행정협의회의 구성·운영에 관하여 필요한 사항은 교육감과 시·도지사가 협의하여 조례로 정한다.,위임,조례,,rule
P03447,②제1항의 규정에 따른 지방교육행정협의회의 구성·운영에 관하여 필요한 사항은 교육감과 시·도지사가 협의하여 조례로 정한다.,위임,조례,,rule
P03448,②제1항의 규정에 따른 지방교육행정협의회의 구성·운영에 관하여 필요한 사항은 교육감과 시·도지사가 협의하여 조례로 정한다.,위임,조례,,rule
P03449,②제1항의 규정에 따른 지방교육행정협의회의 구성·운영에 관하여 필요한 사항은 교육감과 시·도지사가 협의하여 조례로 정한다.,위임,조례,,rule
P03450,②제1항의 규정에 따른 지방교육행정협의회의 구성·운영에 관하여 필요한 사항은 교육감과 시·도지사가 협의하여 조례로 정한다.,위임,조례,,rule
P03451,②제1항의 규정에 따른 지방교육행정협의회의 구성·운영에 관하여 필요한 사항은 교육감과 시·도지사가 협의하여 조례로 정한다.,위임,조례,,rule
P03452,②제1항의 규정에 따른 지방교육행정협의회의 구성·운영에 관하여 필요한 사항은 교육감과 시·도지사가 협의하여 조례로 정한다.,위임,조례,,rule
P03453,②제1항의 규정에 따른 지방교육행정협의회의 구성·운영에 관하여 필요한 사항은 교육감과 시·도지사가 협의하여 조례로 정한다.,위임,조례,,rule
P03454,필요한 사항은 대통령령으로,위임,대통령령,,rule
P03455,중앙선거관리위원회규칙으로 정하는,판단불가,해당없음,,rule
P03456,사항은 대통령령으로,위임,대통령령,,rule
P03457,⑨ 그 밖에 인수위원회의 조직과 운영 등에 필요한 사항은 대통령령으로 정하는 바에 따라 해당 지방자치단체의 조례로 정한다.,위임,대통령령|조례,,rule
P03458,⑨ 그 밖에 인수위원회의 조직과 운영 등에 필요한 사항은 대통령령으로 정하는 바에 따라 해당 지방자치단체의 조례로 정한다.,위임,대통령령|조례,,rule
P03459,⑨ 그 밖에 인수위원회의 조직과 운영 등에 필요한 사항은 대통령령으로 정하는 바에 따라 해당 지방자치단체의 조례로 정한다.,위임,대통령령|조례,,rule
P03460,⑨ 그 밖에 인수위원회의 조직과 운영 등에 필요한 사항은 대통령령으로 정하는 바에 따라 해당 지방자치단체의 조례로 정한다.,위임,대통령령|조례,,rule
P03461,⑨ 그 밖에 인수위원회의 조직과 운영 등에 필요한 사항은 대통령령으로 정하는 바에 따라 해당 지방자치단체의 조례로 정한다.,위임,대통령령|조례,,rule
P03462,⑨ 그 밖에 인수위원회의 조직과 운영 등에 필요한 사항은 대통령령으로 정하는 바에 따라 해당 지방자치단체의 조례로 정한다.,위임,대통령령|조례,,rule
P03463,⑨ 그 밖에 인수위원회의 조직과 운영 등에 필요한 사항은 대통령령으로 정하는 바에 따라 해당 지방자치단체의 조례로 정한다.,위임,대통령령|조례,,rule
P03464,⑨ 그 밖에 인수위원회의 조직과 운영 등에 필요한 사항은 대통령령으로 정하는 바에 따라 해당 지방자치단체의 조례로 정한다.,위임,대통령령|조례,,rule
P03465,⑨ 그 밖에 인수위원회의 조직과 운영 등에 필요한 사항은 대통령령으로 정하는 바에 따라 해당 지방자치단체의 조례로 정한다.,위임,대통령령|조례,,rule
P03466,⑨ 그 밖에 인수위원회의 조직과 운영 등에 필요한 사항은 대통령령으로 정하는 바에 따라 해당 지방자치단체의 조례로 정한다.,위임,대통령령|조례,,rule
P03467,⑨ 그 밖에 인수위원회의 조직과 운영 등에 필요한 사항은 대통령령으로 정하는 바에 따라 해당 지방자치단체의 조례로 정한다.,위임,대통령령|조례,,rule
P03468,⑨ 그 밖에 인수위원회의 조직과 운영 등에 필요한 사항은 대통령령으로 정하는 바에 따라 해당 지방자치단체의 조례로 정한다.,위임,대통령령|조례,,rule
P03469,⑨ 그 밖에 인수위원회의 조직과 운영 등에 필요한 사항은 대통령령으로 정하는 바에 따라 해당 지방자치단체의 조례로 정한다.,위임,대통령령|조례,,rule
P03470,⑨ 그 밖에 인수위원회의 조직과 운영 등에 필요한 사항은 대통령령으로 정하는 바에 따라 해당 지방자치단체의 조례로 정한다.,위임,대통령령|조례,,rule
P03471,⑨ 그 밖에 인수위원회의 조직과 운영 등에 필요한 사항은 대통령령으로 정하는 바에 따라 해당 지방자치단체의 조례로 정한다.,위임,대통령령|조례,,rule
P03472,⑧이 영에 규정된 것 외에 위원회의 구성·운영에 필요한 사항은 각 시·도의 교육규칙으로 정한다.,위임,교육규칙,,rule
P03473,⑧이 영에 규정된 것 외에 위원회의 구성·운영에 필요한 사항은 각 시·도의 교육규칙으로 정한다.,위임,교육규칙,,rule
P03474,⑧이 영에 규정된 것 외에 위원회의 구성·운영에 필요한 사항은 각 시·도의 교육규칙으로 정한다.,위임,교육규칙,,rule
P03475,⑧이 영에 규정된 것 외에 위원회의 구성·운영에 필요한 사항은 각 시·도의 교육규칙으로 정한다.,위임,교육규칙,,rule
P03476,⑧이 영에 규정된 것 외에 위원회의 구성·운영에 필요한 사항은 각 시·도의 교육규칙으로 정한다.,위임,교육규칙,,rule
P03477,⑧이 영에 규정된 것 외에 위원회의 구성·운영에 필요한 사항은 각 시·도의 교육규칙으로 정한다.,위임,교육규칙,,rule
P03478,⑧이 영에 규정된 것 외에 위원회의 구성·운영에 필요한 사항은 각 시·도의 교육규칙으로 정한다.,위임,교육규칙,,rule
P03479,⑧이 영에 규정된 것 외에 위원회의 구성·운영에 필요한 사항은 각 시·도의 교육규칙으로 정한다.,위임,교육규칙,,rule
P03480,⑧이 영에 규정된 것 외에 위원회의 구성·운영에 필요한 사항은 각 시·도의 교육규칙으로 정한다.,위임,교육규칙,,rule
P03481,⑧이 영에 규정된 것 외에 위원회의 구성·운영에 필요한 사항은 각 시·도의 교육규칙으로 정한다.,위임,교육규칙,,rule
P03482,⑧이 영에 규정된 것 외에 위원회의 구성·운영에 필요한 사항은 각 시·도의 교육규칙으로 정한다.,위임,교육규칙,,rule
P03483,⑧이 영에 규정된 것 외에 위원회의 구성·운영에 필요한 사항은 각 시·도의 교육규칙으로 정한다.,위임,교육규칙,,rule
P03484,⑧이 영에 규정된 것 외에 위원회의 구성·운영에 필요한 사항은 각 시·도의 교육규칙으로 정한다.,위임,교육규칙,,rule
P03485,⑧이 영에 규정된 것 외에 위원회의 구성·운영에 필요한 사항은 각 시·도의 교육규칙으로 정한다.,위임,교육규칙,,rule
P03486,⑧이 영에 규정된 것 외에 위원회의 구성·운영에 필요한 사항은 각 시·도의 교육규칙으로 정한다.,위임,교육규칙,,rule
P03487,⑧이 영에 규정된 것 외에 위원회의 구성·운영에 필요한 사항은 각 시·도의 교육규칙으로 정한다.,위임,교육규칙,,rule
P03488,⑧이 영에 규정된 것 외에 위원회의 구성·운영에 필요한 사항은 각 시·도의 교육규칙으로 정한다.,위임,교육규칙,,rule
P03489,② 교육감은 법 제34조제2항에 따른 교육지원청별 관할구역에도 불구하고 학교 교육의 효과적인 지원을 위하여 필요한 경우에는 교육규칙으로 정하는 바에 따라 특정 교육지원청을 지정하여 다른 교육지원청 사무의 일부를 처리하게 할 수 있다.,위임,교육규칙,,rule
P03490,② 교육감은 법 제34조제2항에 따른 교육지원청별 관할구역에도 불구하고 학교 교육의 효과적인 지원을 위하여 필요한 경우에는 교육규칙으로 정하는 바에 따라 특정 교육지원청을 지정하여 다른 교육지원청 사무의 일부를 처리하게 할 수 있다.,위임,교육규칙,,rule
P03491,② 교육감은 법 제34조제2항에 따른 교육지원청별 관할구역에도 불구하고 학교 교육의 효과적인 지원을 위하여 필요한 경우에는 교육규칙으로 정하는 바에 따라 특정 교육지원청을 지정하여 다른 교육지원청 사무의 일부를 처리하게 할 수 있다.,위임,교육규칙,,rule
P03492,⑥ 제1항부터 제5항까지에서 규정한 사항 외에 인수위원회의 조직과 운영 등에 필요한 사항은 해당 시·도의 조례로 정한다.,위임,조례,,rule
P03493,⑥ 제1항부터 제5항까지에서 규정한 사항 외에 인수위원회의 조직과 운영 등에 필요한 사항은 해당 시·도의 조례로 정한다.,위임,조례,,rule
P03494,⑥ 제1항부터 제5항까지에서 규정한 사항 외에 인수위원회의 조직과 운영 등에 필요한 사항은 해당 시·도의 조례로 정한다.,위임,조례,,rule
P03495,⑥ 제1항부터 제5항까지에서 규정한 사항 외에 인수위원회의 조직과 운영 등에 필요한 사항은 해당 시·도의 조례로 정한다.,위임,조례,,rule
P03496,⑥ 제1항부터 제5항까지에서 규정한 사항 외에 인수위원회의 조직과 운영 등에 필요한 사항은 해당 시·도의 조례로 정한다.,위임,조례,,rule
P03497,⑥ 제1항부터 제5항까지에서 규정한 사항 외에 인수위원회의 조직과 운영 등에 필요한 사항은 해당 시·도의 조례로 정한다.,위임,조례,,rule
P03498,⑥ 제1항부터 제5항까지에서 규정한 사항 외에 인수위원회의 조직과 운영 등에 필요한 사항은 해당 시·도의 조례로 정한다.,위임,조례,,rule
P03499,⑥ 제1항부터 제5항까지에서 규정한 사항 외에 인수위원회의 조직과 운영 등에 필요한 사항은 해당 시·도의 조례로 정한다.,위임,조례,,rule
P03500,⑥ 제1항부터 제5항까지에서 규정한 사항 외에 인수위원회의 조직과 운영 등에 필요한 사항은 해당 시·도의 조례로 정한다.,위임,조례,,rule
P03501,⑥ 제1항부터 제5항까지에서 규정한 사항 외에 인수위원회의 조직과 운영 등에 필요한 사항은 해당 시·도의 조례로 정한다.,위임,조례,,rule
P03502,⑥ 제1항부터 제5항까지에서 규정한 사항 외에 인수위원회의 조직과 운영 등에 필요한 사항은 해당 시·도의 조례로 정한다.,위임,조례,,rule
P03503,⑥ 제1항부터 제5항까지에서 규정한 사항 외에 인수위원회의 조직과 운영 등에 필요한 사항은 해당 시·도의 조례로 정한다.,위임,조례,,rule
P03504,⑥ 제1항부터 제5항까지에서 규정한 사항 외에 인수위원회의 조직과 운영 등에 필요한 사항은 해당 시·도의 조례로 정한다.,위임,조례,,rule
P03505,⑥ 제1항부터 제5항까지에서 규정한 사항 외에 인수위원회의 조직과 운영 등에 필요한 사항은 해당 시·도의 조례로 정한다.,위임,조례,,rule
P03506,⑥ 제1항부터 제5항까지에서 규정한 사항 외에 인수위원회의 조직과 운영 등에 필요한 사항은 해당 시·도의 조례로 정한다.,위임,조례,,rule
P03507,⑥ 제1항부터 제5항까지에서 규정한 사항 외에 인수위원회의 조직과 운영 등에 필요한 사항은 해당 시·도의 조례로 정한다.,위임,조례,,rule
P03508,교부방법 등에 관한 사항은 대통령령으로,위임,대통령령,,rule
P03509,대통령령으로 정한다,위임,대통령령,,rule
P03510,대통령령으로 정한다,위임,대통령령,,rule
P03511,대통령령으로 정한다,위임,대통령령,,rule
P03512,교육부장관이 필요하다고 인정하는 경우에는 신청이 없어도 일정한 기준을 정하여 특별교부금을 교부할 수 있다.,판단불가,해당없음,,rule
P03513,대통령령으로 정한다,위임,대통령령,,rule
P03514,대통령령으로 정하고,위임,대통령령,,rule
P03515,대통령령으로 정하는,위임,대통령령,,rule
P03516,대통령령으로 정하고,위임,대통령령,,rule
P03517,대통령령으로 정하는,위임,대통령령,,rule
P03518,대통령령으로 정한다,위임,대통령령,,rule
P03519,대통령령으로 정한다,위임,대통령령,,rule
P03520,변경된 경우에는 대통령령으로 정하는 바에 따라,위임,대통령령,,rule
P03521,대통령령으로 정하는,위임,대통령령,,rule
P03522,대통령령,판단불가,해당없음,,rule
P03523,세부적인 항목은 교육부령으로,위임,부령,,rule
P03524,교육부령으로 정한다,위임,부령,,rule
P03525,교육부령으로 정한다,위임,부령,,rule
P03526,교육부령으로 정한다,위임,부령,,rule
P03527,시·도 및 시·군·구가 법률 제16672호 초·중등교육법 일부개정법률 제10조의2의 시행 전에 각각 부담하던 금액 등을 고려하여 교육부장관이 정하여 고시한다.,위임,미특정,,rule
P03528,위원회의 구성 및 운영에 필요한 사항은 위원회의 의결을 거쳐 위원장이 정한다.,판단불가,해당없음,,rule
P03529,필요한 사항은 교육부령으로,위임,부령,,rule
P03530,대상 등에 관한 세부 기준 및 지출 증명 서류의 기재사항 등은 교육부장관이 별도로 정할 수 있다.,판단불가,해당없음,,rule
P03531,④ 한시기구의 존속기간은 3년의 범위에서 해당 시ㆍ도의 조례로 정한다.,위임,조례,,rule
P03532,④ 한시기구의 존속기간은 3년의 범위에서 해당 시ㆍ도의 조례로 정한다.,위임,조례,,rule
P03533,④ 한시기구의 존속기간은 3년의 범위에서 해당 시ㆍ도의 조례로 정한다.,위임,조례,,rule
P03534,④ 한시기구의 존속기간은 3년의 범위에서 해당 시ㆍ도의 조례로 정한다.,위임,조례,,rule
P03535,"① 본청에 두는 실·국의 설치 및 그 사무 분장은 해당 시·도의 조례로 정하며, 실·국의 설치 기준은 별표 1과 같다.",인용,해당없음,,rule
P03536,"① 본청에 두는 실·국의 설치 및 그 사무 분장은 해당 시·도의 조례로 정하며, 실·국의 설치 기준은 별표 1과 같다.",인용,해당없음,,rule
P03537,"① 본청에 두는 실·국의 설치 및 그 사무 분장은 해당 시·도의 조례로 정하며, 실·국의 설치 기준은 별표 1과 같다.",인용,해당없음,,rule
P03538,"① 본청에 두는 실·국의 설치 및 그 사무 분장은 해당 시·도의 조례로 정하며, 실·국의 설치 기준은 별표 1과 같다.",인용,해당없음,,rule
P03539,"① 본청에 두는 실·국의 설치 및 그 사무 분장은 해당 시·도의 조례로 정하며, 실·국의 설치 기준은 별표 1과 같다.",인용,해당없음,,rule
P03540,"① 본청에 두는 실·국의 설치 및 그 사무 분장은 해당 시·도의 조례로 정하며, 실·국의 설치 기준은 별표 1과 같다.",인용,해당없음,,rule
P03541,"① 본청에 두는 실·국의 설치 및 그 사무 분장은 해당 시·도의 조례로 정하며, 실·국의 설치 기준은 별표 1과 같다.",인용,해당없음,,rule
P03542,"① 본청에 두는 실·국의 설치 및 그 사무 분장은 해당 시·도의 조례로 정하며, 실·국의 설치 기준은 별표 1과 같다.",인용,해당없음,,rule
P03543,"① 본청에 두는 실·국의 설치 및 그 사무 분장은 해당 시·도의 조례로 정하며, 실·국의 설치 기준은 별표 1과 같다.",인용,해당없음,,rule
P03544,"① 본청에 두는 실·국의 설치 및 그 사무 분장은 해당 시·도의 조례로 정하며, 실·국의 설치 기준은 별표 1과 같다.",인용,해당없음,,rule
P03545,"① 본청에 두는 실·국의 설치 및 그 사무 분장은 해당 시·도의 조례로 정하며, 실·국의 설치 기준은 별표 1과 같다.",인용,해당없음,,rule
P03546,"① 본청에 두는 실·국의 설치 및 그 사무 분장은 해당 시·도의 조례로 정하며, 실·국의 설치 기준은 별표 1과 같다.",인용,해당없음,,rule
P03547,"① 본청에 두는 실·국의 설치 및 그 사무 분장은 해당 시·도의 조례로 정하며, 실·국의 설치 기준은 별표 1과 같다.",인용,해당없음,,rule
P03548,"① 본청에 두는 실·국의 설치 및 그 사무 분장은 해당 시·도의 조례로 정하며, 실·국의 설치 기준은 별표 1과 같다.",인용,해당없음,,rule
P03549,"① 본청에 두는 실·국의 설치 및 그 사무 분장은 해당 시·도의 조례로 정하며, 실·국의 설치 기준은 별표 1과 같다.",인용,해당없음,,rule
P03550,"① 본청에 두는 실·국의 설치 및 그 사무 분장은 해당 시·도의 조례로 정하며, 실·국의 설치 기준은 별표 1과 같다.",인용,해당없음,,rule
P03551,"① 본청에 두는 실·국의 설치 및 그 사무 분장은 해당 시·도의 조례로 정하며, 실·국의 설치 기준은 별표 1과 같다.",인용,해당없음,,rule
P03552,"① 본청에 두는 실·국의 설치 및 그 사무 분장은 해당 시·도의 조례로 정하며, 실·국의 설치 기준은 별표 1과 같다.",인용,해당없음,,rule
P03553,② 제1항에 따라 본청에 두는 보조·보좌기관의 직급 등은 해당 시·도의 교육규칙으로 정한다.,위임,교육규칙,,rule
P03554,② 제1항에 따라 본청에 두는 보조·보좌기관의 직급 등은 해당 시·도의 교육규칙으로 정한다.,위임,교육규칙,,rule
P03555,② 제1항에 따라 본청에 두는 보조·보좌기관의 직급 등은 해당 시·도의 교육규칙으로 정한다.,위임,교육규칙,,rule
P03556,② 제1항에 따라 본청에 두는 보조·보좌기관의 직급 등은 해당 시·도의 교육규칙으로 정한다.,위임,교육규칙,,rule
P03557,② 제1항에 따라 본청에 두는 보조·보좌기관의 직급 등은 해당 시·도의 교육규칙으로 정한다.,위임,교육규칙,,rule
P03558,② 제1항에 따라 본청에 두는 보조·보좌기관의 직급 등은 해당 시·도의 교육규칙으로 정한다.,위임,교육규칙,,rule
P03559,② 제1항에 따라 본청에 두는 보조·보좌기관의 직급 등은 해당 시·도의 교육규칙으로 정한다.,위임,교육규칙,,rule
P03560,② 제1항에 따라 본청에 두는 보조·보좌기관의 직급 등은 해당 시·도의 교육규칙으로 정한다.,위임,교육규칙,,rule
P03561,② 제1항에 따라 본청에 두는 보조·보좌기관의 직급 등은 해당 시·도의 교육규칙으로 정한다.,위임,교육규칙,,rule
P03562,② 제1항에 따라 본청에 두는 보조·보좌기관의 직급 등은 해당 시·도의 교육규칙으로 정한다.,위임,교육규칙,,rule
P03563,② 제1항에 따라 본청에 두는 보조·보좌기관의 직급 등은 해당 시·도의 교육규칙으로 정한다.,위임,교육규칙,,rule
P03564,② 제1항에 따라 본청에 두는 보조·보좌기관의 직급 등은 해당 시·도의 교육규칙으로 정한다.,위임,교육규칙,,rule
P03565,② 제1항에 따라 본청에 두는 보조·보좌기관의 직급 등은 해당 시·도의 교육규칙으로 정한다.,위임,교육규칙,,rule
P03566,② 제1항에 따라 본청에 두는 보조·보좌기관의 직급 등은 해당 시·도의 교육규칙으로 정한다.,위임,교육규칙,,rule
P03567,② 제1항에 따라 본청에 두는 보조·보좌기관의 직급 등은 해당 시·도의 교육규칙으로 정한다.,위임,교육규칙,,rule
P03568,② 제1항에 따라 본청에 두는 보조·보좌기관의 직급 등은 해당 시·도의 교육규칙으로 정한다.,위임,교육규칙,,rule
P03569,② 제1항에 따라 본청에 두는 보조·보좌기관의 직급 등은 해당 시·도의 교육규칙으로 정한다.,위임,교육규칙,,rule
P03570,본청에 두는 과·담당관의 설치와 사무 분장 등에 관한 사항은 해당 시·도의 교육규칙으로 정한다.,위임,교육규칙,,rule
P03571,본청에 두는 과·담당관의 설치와 사무 분장 등에 관한 사항은 해당 시·도의 교육규칙으로 정한다.,위임,교육규칙,,rule
P03572,본청에 두는 과·담당관의 설치와 사무 분장 등에 관한 사항은 해당 시·도의 교육규칙으로 정한다.,위임,교육규칙,,rule
P03573,본청에 두는 과·담당관의 설치와 사무 분장 등에 관한 사항은 해당 시·도의 교육규칙으로 정한다.,위임,교육규칙,,rule
P03574,본청에 두는 과·담당관의 설치와 사무 분장 등에 관한 사항은 해당 시·도의 교육규칙으로 정한다.,위임,교육규칙,,rule
P03575,본청에 두는 과·담당관의 설치와 사무 분장 등에 관한 사항은 해당 시·도의 교육규칙으로 정한다.,위임,교육규칙,,rule
P03576,본청에 두는 과·담당관의 설치와 사무 분장 등에 관한 사항은 해당 시·도의 교육규칙으로 정한다.,위임,교육규칙,,rule
P03577,본청에 두는 과·담당관의 설치와 사무 분장 등에 관한 사항은 해당 시·도의 교육규칙으로 정한다.,위임,교육규칙,,rule
P03578,본청에 두는 과·담당관의 설치와 사무 분장 등에 관한 사항은 해당 시·도의 교육규칙으로 정한다.,위임,교육규칙,,rule
P03579,본청에 두는 과·담당관의 설치와 사무 분장 등에 관한 사항은 해당 시·도의 교육규칙으로 정한다.,위임,교육규칙,,rule
P03580,본청에 두는 과·담당관의 설치와 사무 분장 등에 관한 사항은 해당 시·도의 교육규칙으로 정한다.,위임,교육규칙,,rule
P03581,본청에 두는 과·담당관의 설치와 사무 분장 등에 관한 사항은 해당 시·도의 교육규칙으로 정한다.,위임,교육규칙,,rule
P03582,본청에 두는 과·담당관의 설치와 사무 분장 등에 관한 사항은 해당 시·도의 교육규칙으로 정한다.,위임,교육규칙,,rule
P03583,본청에 두는 과·담당관의 설치와 사무 분장 등에 관한 사항은 해당 시·도의 교육규칙으로 정한다.,위임,교육규칙,,rule
P03584,본청에 두는 과·담당관의 설치와 사무 분장 등에 관한 사항은 해당 시·도의 교육규칙으로 정한다.,위임,교육규칙,,rule
P03585,본청에 두는 과·담당관의 설치와 사무 분장 등에 관한 사항은 해당 시·도의 교육규칙으로 정한다.,위임,교육규칙,,rule
P03586,본청에 두는 과·담당관의 설치와 사무 분장 등에 관한 사항은 해당 시·도의 교육규칙으로 정한다.,위임,교육규칙,,rule
P03587,"① 교육지원청 국·과(담당관)·센터의 설치 및 국장·과장(담당관)·센터장의 사무 분장은 해당 시·도의 교육규칙으로 정하되, 국·과(담당관)·센터의 설치기준 및 국장·과장(담당관)·센터장의 직급기준은 별표 3에 따른다.",위임,교육규칙,,rule
P03588,"① 교육지원청 국·과(담당관)·센터의 설치 및 국장·과장(담당관)·센터장의 사무 분장은 해당 시·도의 교육규칙으로 정하되, 국·과(담당관)·센터의 설치기준 및 국장·과장(담당관)·센터장의 직급기준은 별표 3에 따른다.",위임,교육규칙,,rule
P03589,"① 교육지원청 국·과(담당관)·센터의 설치 및 국장·과장(담당관)·센터장의 사무 분장은 해당 시·도의 교육규칙으로 정하되, 국·과(담당관)·센터의 설치기준 및 국장·과장(담당관)·센터장의 직급기준은 별표 3에 따른다.",위임,교육규칙,,rule
P03590,"① 교육지원청 국·과(담당관)·센터의 설치 및 국장·과장(담당관)·센터장의 사무 분장은 해당 시·도의 교육규칙으로 정하되, 국·과(담당관)·센터의 설치기준 및 국장·과장(담당관)·센터장의 직급기준은 별표 3에 따른다.",위임,교육규칙,,rule
P03591,"① 교육지원청 국·과(담당관)·센터의 설치 및 국장·과장(담당관)·센터장의 사무 분장은 해당 시·도의 교육규칙으로 정하되, 국·과(담당관)·센터의 설치기준 및 국장·과장(담당관)·센터장의 직급기준은 별표 3에 따른다.",위임,교육규칙,,rule
P03592,"① 교육지원청 국·과(담당관)·센터의 설치 및 국장·과장(담당관)·센터장의 사무 분장은 해당 시·도의 교육규칙으로 정하되, 국·과(담당관)·센터의 설치기준 및 국장·과장(담당관)·센터장의 직급기준은 별표 3에 따른다.",위임,교육규칙,,rule
P03593,"① 교육지원청 국·과(담당관)·센터의 설치 및 국장·과장(담당관)·센터장의 사무 분장은 해당 시·도의 교육규칙으로 정하되, 국·과(담당관)·센터의 설치기준 및 국장·과장(담당관)·센터장의 직급기준은 별표 3에 따른다.",위임,교육규칙,,rule
P03594,"① 교육지원청 국·과(담당관)·센터의 설치 및 국장·과장(담당관)·센터장의 사무 분장은 해당 시·도의 교육규칙으로 정하되, 국·과(담당관)·센터의 설치기준 및 국장·과장(담당관)·센터장의 직급기준은 별표 3에 따른다.",위임,교육규칙,,rule
P03595,"① 교육지원청 국·과(담당관)·센터의 설치 및 국장·과장(담당관)·센터장의 사무 분장은 해당 시·도의 교육규칙으로 정하되, 국·과(담당관)·센터의 설치기준 및 국장·과장(담당관)·센터장의 직급기준은 별표 3에 따른다.",위임,교육규칙,,rule
P03596,"① 교육지원청 국·과(담당관)·센터의 설치 및 국장·과장(담당관)·센터장의 사무 분장은 해당 시·도의 교육규칙으로 정하되, 국·과(담당관)·센터의 설치기준 및 국장·과장(담당관)·센터장의 직급기준은 별표 3에 따른다.",위임,교육규칙,,rule
P03597,"① 교육지원청 국·과(담당관)·센터의 설치 및 국장·과장(담당관)·센터장의 사무 분장은 해당 시·도의 교육규칙으로 정하되, 국·과(담당관)·센터의 설치기준 및 국장·과장(담당관)·센터장의 직급기준은 별표 3에 따른다.",위임,교육규칙,,rule
P03598,"① 교육지원청 국·과(담당관)·센터의 설치 및 국장·과장(담당관)·센터장의 사무 분장은 해당 시·도의 교육규칙으로 정하되, 국·과(담당관)·센터의 설치기준 및 국장·과장(담당관)·센터장의 직급기준은 별표 3에 따른다.",위임,교육규칙,,rule
P03599,"① 교육지원청 국·과(담당관)·센터의 설치 및 국장·과장(담당관)·센터장의 사무 분장은 해당 시·도의 교육규칙으로 정하되, 국·과(담당관)·센터의 설치기준 및 국장·과장(담당관)·센터장의 직급기준은 별표 3에 따른다.",위임,교육규칙,,rule
P03600,"① 교육지원청 국·과(담당관)·센터의 설치 및 국장·과장(담당관)·센터장의 사무 분장은 해당 시·도의 교육규칙으로 정하되, 국·과(담당관)·센터의 설치기준 및 국장·과장(담당관)·센터장의 직급기준은 별표 3에 따른다.",위임,교육규칙,,rule
P03601,"① 교육지원청 국·과(담당관)·센터의 설치 및 국장·과장(담당관)·센터장의 사무 분장은 해당 시·도의 교육규칙으로 정하되, 국·과(담당관)·센터의 설치기준 및 국장·과장(담당관)·센터장의 직급기준은 별표 3에 따른다.",위임,교육규칙,,rule
P03602,"① 교육지원청 국·과(담당관)·센터의 설치 및 국장·과장(담당관)·센터장의 사무 분장은 해당 시·도의 교육규칙으로 정하되, 국·과(담당관)·센터의 설치기준 및 국장·과장(담당관)·센터장의 직급기준은 별표 3에 따른다.",위임,교육규칙,,rule
P03603,"③ 직속기관과 교육지원청 소속 기관의 장의 직급, 하부조직 및 그 사무 분장에 관한 사항은 해당 시ㆍ도의 조례 또는 조례의 위임에 따른 교육규칙으로 정한다.",위임,조례|교육규칙,,rule
P03604,"③ 직속기관과 교육지원청 소속 기관의 장의 직급, 하부조직 및 그 사무 분장에 관한 사항은 해당 시ㆍ도의 조례 또는 조례의 위임에 따른 교육규칙으로 정한다.",위임,조례|교육규칙,,rule
P03605,"③ 직속기관과 교육지원청 소속 기관의 장의 직급, 하부조직 및 그 사무 분장에 관한 사항은 해당 시ㆍ도의 조례 또는 조례의 위임에 따른 교육규칙으로 정한다.",위임,조례|교육규칙,,rule
P03606,"③ 직속기관과 교육지원청 소속 기관의 장의 직급, 하부조직 및 그 사무 분장에 관한 사항은 해당 시ㆍ도의 조례 또는 조례의 위임에 따른 교육규칙으로 정한다.",위임,조례|교육규칙,,rule
P03607,"③ 직속기관과 교육지원청 소속 기관의 장의 직급, 하부조직 및 그 사무 분장에 관한 사항은 해당 시ㆍ도의 조례 또는 조례의 위임에 따른 교육규칙으로 정한다.",위임,조례|교육규칙,,rule
P03608,"③ 직속기관과 교육지원청 소속 기관의 장의 직급, 하부조직 및 그 사무 분장에 관한 사항은 해당 시ㆍ도의 조례 또는 조례의 위임에 따른 교육규칙으로 정한다.",위임,조례|교육규칙,,rule
P03609,"③ 직속기관과 교육지원청 소속 기관의 장의 직급, 하부조직 및 그 사무 분장에 관한 사항은 해당 시ㆍ도의 조례 또는 조례의 위임에 따른 교육규칙으로 정한다.",위임,조례|교육규칙,,rule
P03610,"③ 직속기관과 교육지원청 소속 기관의 장의 직급, 하부조직 및 그 사무 분장에 관한 사항은 해당 시ㆍ도의 조례 또는 조례의 위임에 따른 교육규칙으로 정한다.",위임,조례|교육규칙,,rule
P03611,"③ 직속기관과 교육지원청 소속 기관의 장의 직급, 하부조직 및 그 사무 분장에 관한 사항은 해당 시ㆍ도의 조례 또는 조례의 위임에 따른 교육규칙으로 정한다.",위임,조례|교육규칙,,rule
P03612,"③ 직속기관과 교육지원청 소속 기관의 장의 직급, 하부조직 및 그 사무 분장에 관한 사항은 해당 시ㆍ도의 조례 또는 조례의 위임에 따른 교육규칙으로 정한다.",위임,조례|교육규칙,,rule
P03613,"③ 직속기관과 교육지원청 소속 기관의 장의 직급, 하부조직 및 그 사무 분장에 관한 사항은 해당 시ㆍ도의 조례 또는 조례의 위임에 따른 교육규칙으로 정한다.",위임,조례|교육규칙,,rule
P03614,"③ 직속기관과 교육지원청 소속 기관의 장의 직급, 하부조직 및 그 사무 분장에 관한 사항은 해당 시ㆍ도의 조례 또는 조례의 위임에 따른 교육규칙으로 정한다.",위임,조례|교육규칙,,rule
P03615,"③ 직속기관과 교육지원청 소속 기관의 장의 직급, 하부조직 및 그 사무 분장에 관한 사항은 해당 시ㆍ도의 조례 또는 조례의 위임에 따른 교육규칙으로 정한다.",위임,조례|교육규칙,,rule
P03616,"③ 직속기관과 교육지원청 소속 기관의 장의 직급, 하부조직 및 그 사무 분장에 관한 사항은 해당 시ㆍ도의 조례 또는 조례의 위임에 따른 교육규칙으로 정한다.",위임,조례|교육규칙,,rule
P03617,"③ 직속기관과 교육지원청 소속 기관의 장의 직급, 하부조직 및 그 사무 분장에 관한 사항은 해당 시ㆍ도의 조례 또는 조례의 위임에 따른 교육규칙으로 정한다.",위임,조례|교육규칙,,rule
P03618,"③ 직속기관과 교육지원청 소속 기관의 장의 직급, 하부조직 및 그 사무 분장에 관한 사항은 해당 시ㆍ도의 조례 또는 조례의 위임에 따른 교육규칙으로 정한다.",위임,조례|교육규칙,,rule
P03619,"③ 직속기관과 교육지원청 소속 기관의 장의 직급, 하부조직 및 그 사무 분장에 관한 사항은 해당 시ㆍ도의 조례 또는 조례의 위임에 따른 교육규칙으로 정한다.",위임,조례|교육규칙,,rule
P03620,"③ 직속기관과 교육지원청 소속 기관의 장의 직급, 하부조직 및 그 사무 분장에 관한 사항은 해당 시ㆍ도의 조례 또는 조례의 위임에 따른 교육규칙으로 정한다.",위임,조례|교육규칙,,rule
P03621,"③ 직속기관과 교육지원청 소속 기관의 장의 직급, 하부조직 및 그 사무 분장에 관한 사항은 해당 시ㆍ도의 조례 또는 조례의 위임에 따른 교육규칙으로 정한다.",위임,조례|교육규칙,,rule
P03622,"③ 직속기관과 교육지원청 소속 기관의 장의 직급, 하부조직 및 그 사무 분장에 관한 사항은 해당 시ㆍ도의 조례 또는 조례의 위임에 따른 교육규칙으로 정한다.",위임,조례|교육규칙,,rule
P03623,"③ 직속기관과 교육지원청 소속 기관의 장의 직급, 하부조직 및 그 사무 분장에 관한 사항은 해당 시ㆍ도의 조례 또는 조례의 위임에 따른 교육규칙으로 정한다.",위임,조례|교육규칙,,rule
P03624,"③ 직속기관과 교육지원청 소속 기관의 장의 직급, 하부조직 및 그 사무 분장에 관한 사항은 해당 시ㆍ도의 조례 또는 조례의 위임에 따른 교육규칙으로 정한다.",위임,조례|교육규칙,,rule
P03625,"③ 직속기관과 교육지원청 소속 기관의 장의 직급, 하부조직 및 그 사무 분장에 관한 사항은 해당 시ㆍ도의 조례 또는 조례의 위임에 따른 교육규칙으로 정한다.",위임,조례|교육규칙,,rule
P03626,"③ 직속기관과 교육지원청 소속 기관의 장의 직급, 하부조직 및 그 사무 분장에 관한 사항은 해당 시ㆍ도의 조례 또는 조례의 위임에 따른 교육규칙으로 정한다.",위임,조례|교육규칙,,rule
P03627,"③ 직속기관과 교육지원청 소속 기관의 장의 직급, 하부조직 및 그 사무 분장에 관한 사항은 해당 시ㆍ도의 조례 또는 조례의 위임에 따른 교육규칙으로 정한다.",위임,조례|교육규칙,,rule
P03628,"③ 직속기관과 교육지원청 소속 기관의 장의 직급, 하부조직 및 그 사무 분장에 관한 사항은 해당 시ㆍ도의 조례 또는 조례의 위임에 따른 교육규칙으로 정한다.",위임,조례|교육규칙,,rule
P03629,"③ 직속기관과 교육지원청 소속 기관의 장의 직급, 하부조직 및 그 사무 분장에 관한 사항은 해당 시ㆍ도의 조례 또는 조례의 위임에 따른 교육규칙으로 정한다.",위임,조례|교육규칙,,rule
P03630,"③ 직속기관과 교육지원청 소속 기관의 장의 직급, 하부조직 및 그 사무 분장에 관한 사항은 해당 시ㆍ도의 조례 또는 조례의 위임에 따른 교육규칙으로 정한다.",위임,조례|교육규칙,,rule
P03631,"③ 직속기관과 교육지원청 소속 기관의 장의 직급, 하부조직 및 그 사무 분장에 관한 사항은 해당 시ㆍ도의 조례 또는 조례의 위임에 따른 교육규칙으로 정한다.",위임,조례|교육규칙,,rule
P03632,"③ 직속기관과 교육지원청 소속 기관의 장의 직급, 하부조직 및 그 사무 분장에 관한 사항은 해당 시ㆍ도의 조례 또는 조례의 위임에 따른 교육규칙으로 정한다.",위임,조례|교육규칙,,rule
P03633,"③ 직속기관과 교육지원청 소속 기관의 장의 직급, 하부조직 및 그 사무 분장에 관한 사항은 해당 시ㆍ도의 조례 또는 조례의 위임에 따른 교육규칙으로 정한다.",위임,조례|교육규칙,,rule
P03634,"③ 직속기관과 교육지원청 소속 기관의 장의 직급, 하부조직 및 그 사무 분장에 관한 사항은 해당 시ㆍ도의 조례 또는 조례의 위임에 따른 교육규칙으로 정한다.",위임,조례|교육규칙,,rule
P03635,"③ 직속기관과 교육지원청 소속 기관의 장의 직급, 하부조직 및 그 사무 분장에 관한 사항은 해당 시ㆍ도의 조례 또는 조례의 위임에 따른 교육규칙으로 정한다.",위임,조례|교육규칙,,rule
P03636,"③ 직속기관과 교육지원청 소속 기관의 장의 직급, 하부조직 및 그 사무 분장에 관한 사항은 해당 시ㆍ도의 조례 또는 조례의 위임에 따른 교육규칙으로 정한다.",위임,조례|교육규칙,,rule
P03637,포함할 사항은 교육부령으로,위임,부령,,rule
P03638,① 교육감은 조직 간 균형 있고 합리적인 정원관리를 위하여 지방공무원의 종류별ㆍ직급별 정원책정기준을 해당 시ㆍ도의 조례로 정한다.,위임,조례,,rule
P03639,① 교육감은 조직 간 균형 있고 합리적인 정원관리를 위하여 지방공무원의 종류별ㆍ직급별 정원책정기준을 해당 시ㆍ도의 조례로 정한다.,위임,조례,,rule
P03640,① 교육감은 조직 간 균형 있고 합리적인 정원관리를 위하여 지방공무원의 종류별ㆍ직급별 정원책정기준을 해당 시ㆍ도의 조례로 정한다.,위임,조례,,rule
P03641,① 교육감은 조직 간 균형 있고 합리적인 정원관리를 위하여 지방공무원의 종류별ㆍ직급별 정원책정기준을 해당 시ㆍ도의 조례로 정한다.,위임,조례,,rule
P03642,① 교육감은 조직 간 균형 있고 합리적인 정원관리를 위하여 지방공무원의 종류별ㆍ직급별 정원책정기준을 해당 시ㆍ도의 조례로 정한다.,위임,조례,,rule
P03643,① 교육감은 조직 간 균형 있고 합리적인 정원관리를 위하여 지방공무원의 종류별ㆍ직급별 정원책정기준을 해당 시ㆍ도의 조례로 정한다.,위임,조례,,rule
P03644,① 교육감은 조직 간 균형 있고 합리적인 정원관리를 위하여 지방공무원의 종류별ㆍ직급별 정원책정기준을 해당 시ㆍ도의 조례로 정한다.,위임,조례,,rule
P03645,① 교육감은 조직 간 균형 있고 합리적인 정원관리를 위하여 지방공무원의 종류별ㆍ직급별 정원책정기준을 해당 시ㆍ도의 조례로 정한다.,위임,조례,,rule
P03646,① 교육감은 조직 간 균형 있고 합리적인 정원관리를 위하여 지방공무원의 종류별ㆍ직급별 정원책정기준을 해당 시ㆍ도의 조례로 정한다.,위임,조례,,rule
P03647,① 교육감은 조직 간 균형 있고 합리적인 정원관리를 위하여 지방공무원의 종류별ㆍ직급별 정원책정기준을 해당 시ㆍ도의 조례로 정한다.,위임,조례,,rule
P03648,① 교육감은 조직 간 균형 있고 합리적인 정원관리를 위하여 지방공무원의 종류별ㆍ직급별 정원책정기준을 해당 시ㆍ도의 조례로 정한다.,위임,조례,,rule
P03649,① 교육감은 조직 간 균형 있고 합리적인 정원관리를 위하여 지방공무원의 종류별ㆍ직급별 정원책정기준을 해당 시ㆍ도의 조례로 정한다.,위임,조례,,rule
P03650,① 교육감은 조직 간 균형 있고 합리적인 정원관리를 위하여 지방공무원의 종류별ㆍ직급별 정원책정기준을 해당 시ㆍ도의 조례로 정한다.,위임,조례,,rule
P03651,① 교육감은 조직 간 균형 있고 합리적인 정원관리를 위하여 지방공무원의 종류별ㆍ직급별 정원책정기준을 해당 시ㆍ도의 조례로 정한다.,위임,조례,,rule
P03652,① 교육감은 조직 간 균형 있고 합리적인 정원관리를 위하여 지방공무원의 종류별ㆍ직급별 정원책정기준을 해당 시ㆍ도의 조례로 정한다.,위임,조례,,rule
P03653,① 교육감은 조직 간 균형 있고 합리적인 정원관리를 위하여 지방공무원의 종류별ㆍ직급별 정원책정기준을 해당 시ㆍ도의 조례로 정한다.,위임,조례,,rule
P03654,"② 제1항에 따른 별정직 정원은 직무의 성격상 일반직 지방공무원으로 임용하기 곤란한 경우에만 교육감이 각 직무분야별·상당계급별로 책정하되, 그 수는 해당 시·도의 조례로 정하는 정원책정기준에 따라 최소한의 범위에 그쳐야 한다.",위임,조례,,rule
P03655,"② 제1항에 따른 별정직 정원은 직무의 성격상 일반직 지방공무원으로 임용하기 곤란한 경우에만 교육감이 각 직무분야별·상당계급별로 책정하되, 그 수는 해당 시·도의 조례로 정하는 정원책정기준에 따라 최소한의 범위에 그쳐야 한다.",위임,조례,,rule
P03656,"② 제1항에 따른 별정직 정원은 직무의 성격상 일반직 지방공무원으로 임용하기 곤란한 경우에만 교육감이 각 직무분야별·상당계급별로 책정하되, 그 수는 해당 시·도의 조례로 정하는 정원책정기준에 따라 최소한의 범위에 그쳐야 한다.",위임,조례,,rule
P03657,"② 제1항에 따른 별정직 정원은 직무의 성격상 일반직 지방공무원으로 임용하기 곤란한 경우에만 교육감이 각 직무분야별·상당계급별로 책정하되, 그 수는 해당 시·도의 조례로 정하는 정원책정기준에 따라 최소한의 범위에 그쳐야 한다.",위임,조례,,rule
P03658,"② 제1항에 따른 별정직 정원은 직무의 성격상 일반직 지방공무원으로 임용하기 곤란한 경우에만 교육감이 각 직무분야별·상당계급별로 책정하되, 그 수는 해당 시·도의 조례로 정하는 정원책정기준에 따라 최소한의 범위에 그쳐야 한다.",위임,조례,,rule
P03659,"② 제1항에 따른 별정직 정원은 직무의 성격상 일반직 지방공무원으로 임용하기 곤란한 경우에만 교육감이 각 직무분야별·상당계급별로 책정하되, 그 수는 해당 시·도의 조례로 정하는 정원책정기준에 따라 최소한의 범위에 그쳐야 한다.",위임,조례,,rule
P03660,"② 제1항에 따른 별정직 정원은 직무의 성격상 일반직 지방공무원으로 임용하기 곤란한 경우에만 교육감이 각 직무분야별·상당계급별로 책정하되, 그 수는 해당 시·도의 조례로 정하는 정원책정기준에 따라 최소한의 범위에 그쳐야 한다.",위임,조례,,rule
P03661,"② 제1항에 따른 별정직 정원은 직무의 성격상 일반직 지방공무원으로 임용하기 곤란한 경우에만 교육감이 각 직무분야별·상당계급별로 책정하되, 그 수는 해당 시·도의 조례로 정하는 정원책정기준에 따라 최소한의 범위에 그쳐야 한다.",위임,조례,,rule
P03662,"② 제1항에 따른 별정직 정원은 직무의 성격상 일반직 지방공무원으로 임용하기 곤란한 경우에만 교육감이 각 직무분야별·상당계급별로 책정하되, 그 수는 해당 시·도의 조례로 정하는 정원책정기준에 따라 최소한의 범위에 그쳐야 한다.",위임,조례,,rule
P03663,"② 제1항에 따른 별정직 정원은 직무의 성격상 일반직 지방공무원으로 임용하기 곤란한 경우에만 교육감이 각 직무분야별·상당계급별로 책정하되, 그 수는 해당 시·도의 조례로 정하는 정원책정기준에 따라 최소한의 범위에 그쳐야 한다.",위임,조례,,rule
P03664,"② 제1항에 따른 별정직 정원은 직무의 성격상 일반직 지방공무원으로 임용하기 곤란한 경우에만 교육감이 각 직무분야별·상당계급별로 책정하되, 그 수는 해당 시·도의 조례로 정하는 정원책정기준에 따라 최소한의 범위에 그쳐야 한다.",위임,조례,,rule
P03665,"② 제1항에 따른 별정직 정원은 직무의 성격상 일반직 지방공무원으로 임용하기 곤란한 경우에만 교육감이 각 직무분야별·상당계급별로 책정하되, 그 수는 해당 시·도의 조례로 정하는 정원책정기준에 따라 최소한의 범위에 그쳐야 한다.",위임,조례,,rule
P03666,"② 제1항에 따른 별정직 정원은 직무의 성격상 일반직 지방공무원으로 임용하기 곤란한 경우에만 교육감이 각 직무분야별·상당계급별로 책정하되, 그 수는 해당 시·도의 조례로 정하는 정원책정기준에 따라 최소한의 범위에 그쳐야 한다.",위임,조례,,rule
P03667,"② 제1항에 따른 별정직 정원은 직무의 성격상 일반직 지방공무원으로 임용하기 곤란한 경우에만 교육감이 각 직무분야별·상당계급별로 책정하되, 그 수는 해당 시·도의 조례로 정하는 정원책정기준에 따라 최소한의 범위에 그쳐야 한다.",위임,조례,,rule
P03668,"② 제1항에 따른 별정직 정원은 직무의 성격상 일반직 지방공무원으로 임용하기 곤란한 경우에만 교육감이 각 직무분야별·상당계급별로 책정하되, 그 수는 해당 시·도의 조례로 정하는 정원책정기준에 따라 최소한의 범위에 그쳐야 한다.",위임,조례,,rule
P03669,"② 제1항에 따른 별정직 정원은 직무의 성격상 일반직 지방공무원으로 임용하기 곤란한 경우에만 교육감이 각 직무분야별·상당계급별로 책정하되, 그 수는 해당 시·도의 조례로 정하는 정원책정기준에 따라 최소한의 범위에 그쳐야 한다.",위임,조례,,rule
P03670,④ 한시정원과 직급별 정원은 해당 시ㆍ도의 조례로 정한다.,위임,조례,,rule
P03671,⑥ 제5항에 따른 한시정원의 존속기간은 3년의 범위에서 해당 시·도의 조례로 정한다.,위임,조례,,rule
P03672,⑥ 제5항에 따른 한시정원의 존속기간은 3년의 범위에서 해당 시·도의 조례로 정한다.,위임,조례,,rule
P03673,④ 한시정원과 직급별 정원은 해당 시ㆍ도의 조례로 정한다.,위임,조례,,rule
P03674,⑥ 제5항에 따른 한시정원의 존속기간은 3년의 범위에서 해당 시·도의 조례로 정한다.,위임,조례,,rule
P03675,④ 한시정원과 직급별 정원은 해당 시ㆍ도의 조례로 정한다.,위임,조례,,rule
P03676,⑥ 제5항에 따른 한시정원의 존속기간은 3년의 범위에서 해당 시·도의 조례로 정한다.,위임,조례,,rule
P03677,④ 한시정원과 직급별 정원은 해당 시ㆍ도의 조례로 정한다.,위임,조례,,rule
P03678,"② 제13조에 따른 단위기관별 정원은 제1항에 따른 정원의 총수 범위에서 종류별ㆍ직급별로 구분하여 해당 시ㆍ도의 조례로 정한다. 다만, 다음 각 호의 어느 하나에 해당하는 정원은 조례로 그 총수만 정하고 그 범위에서 제13조제2항에 따른 단위기관별로 해당 시ㆍ도의 교육규칙으로 정한다.",위임,조례|교육규칙,,rule
P03679,① 시·도 교육청에 두는 지방공무원 정원의 총수는 다음 각 호의 구분에 따라 해당 시·도의 조례로 정한다.,위임,조례,,rule
P03680,④ 직렬별 정원(「지방전문경력관 규정」 제2조에 따른 지방전문경력관의 경우에는 같은 영 제4조제1항에 따른 직위군별 정원을 말한다)은 제1항에 따른 정원의 총수 범위에서 제13조제2항에 따른 단위기관별로 해당 시·도의 교육규칙으로 정한다,위임,교육규칙,,rule
P03681,"② 제13조에 따른 단위기관별 정원은 제1항에 따른 정원의 총수 범위에서 종류별·직급별로 구분하여 해당 시·도의 조례로 정한다. 다만, 다음 각 호의 어느 하나에 해당하는 정원은 조례로 그 총수만 정하고 그 범위에서 제13조제2항에 따른 단위기관별로 해당 시·도의 교육규칙으로 정한다",위임,조례|교육규칙,,rule
P03682,"② 제13조에 따른 단위기관별 정원은 제1항에 따른 정원의 총수 범위에서 종류별ㆍ직급별로 구분하여 해당 시ㆍ도의 조례로 정한다. 다만, 다음 각 호의 어느 하나에 해당하는 정원은 조례로 그 총수만 정하고 그 범위에서 제13조제2항에 따른 단위기관별로 해당 시ㆍ도의 교육규칙으로 정한다.",위임,조례|교육규칙,,rule
P03683,"② 제13조에 따른 단위기관별 정원은 제1항에 따른 정원의 총수 범위에서 종류별ㆍ직급별로 구분하여 해당 시ㆍ도의 조례로 정한다. 다만, 다음 각 호의 어느 하나에 해당하는 정원은 조례로 그 총수만 정하고 그 범위에서 제13조제2항에 따른 단위기관별로 해당 시ㆍ도의 교육규칙으로 정한다.",위임,조례|교육규칙,,rule
P03684,① 시·도 교육청에 두는 지방공무원 정원의 총수는 다음 각 호의 구분에 따라 해당 시·도의 조례로 정한다.,위임,조례,,rule
P03685,"② 제13조에 따른 단위기관별 정원은 제1항에 따른 정원의 총수 범위에서 종류별ㆍ직급별로 구분하여 해당 시ㆍ도의 조례로 정한다. 다만, 다음 각 호의 어느 하나에 해당하는 정원은 조례로 그 총수만 정하고 그 범위에서 제13조제2항에 따른 단위기관별로 해당 시ㆍ도의 교육규칙으로 정한다.",위임,조례|교육규칙,,rule
P03686,"② 제13조에 따른 단위기관별 정원은 제1항에 따른 정원의 총수 범위에서 종류별ㆍ직급별로 구분하여 해당 시ㆍ도의 조례로 정한다. 다만, 다음 각 호의 어느 하나에 해당하는 정원은 조례로 그 총수만 정하고 그 범위에서 제13조제2항에 따른 단위기관별로 해당 시ㆍ도의 교육규칙으로 정한다.",위임,조례|교육규칙,,rule
P03687,① 시·도 교육청에 두는 지방공무원 정원의 총수는 다음 각 호의 구분에 따라 해당 시·도의 조례로 정한다.,위임,조례,,rule
P03688,④ 직렬별 정원(「지방전문경력관 규정」 제2조에 따른 지방전문경력관의 경우에는 같은 영 제4조제1항에 따른 직위군별 정원을 말한다)은 제1항에 따른 정원의 총수 범위에서 제13조제2항에 따른 단위기관별로 해당 시·도의 교육규칙으로 정한다,위임,교육규칙,,rule
P03689,"② 제13조에 따른 단위기관별 정원은 제1항에 따른 정원의 총수 범위에서 종류별·직급별로 구분하여 해당 시·도의 조례로 정한다. 다만, 다음 각 호의 어느 하나에 해당하는 정원은 조례로 그 총수만 정하고 그 범위에서 제13조제2항에 따른 단위기관별로 해당 시·도의 교육규칙으로 정한다",위임,조례|교육규칙,,rule
P03690,"② 제13조에 따른 단위기관별 정원은 제1항에 따른 정원의 총수 범위에서 종류별ㆍ직급별로 구분하여 해당 시ㆍ도의 조례로 정한다. 다만, 다음 각 호의 어느 하나에 해당하는 정원은 조례로 그 총수만 정하고 그 범위에서 제13조제2항에 따른 단위기관별로 해당 시ㆍ도의 교육규칙으로 정한다.",위임,조례|교육규칙,,rule
P03691,"② 제13조에 따른 단위기관별 정원은 제1항에 따른 정원의 총수 범위에서 종류별ㆍ직급별로 구분하여 해당 시ㆍ도의 조례로 정한다. 다만, 다음 각 호의 어느 하나에 해당하는 정원은 조례로 그 총수만 정하고 그 범위에서 제13조제2항에 따른 단위기관별로 해당 시ㆍ도의 교육규칙으로 정한다.",위임,조례|교육규칙,,rule
P03692,① 시·도 교육청에 두는 지방공무원 정원의 총수는 다음 각 호의 구분에 따라 해당 시·도의 조례로 정한다.,위임,조례,,rule
P03693,④ 직렬별 정원(「지방전문경력관 규정」 제2조에 따른 지방전문경력관의 경우에는 같은 영 제4조제1항에 따른 직위군별 정원을 말한다)은 제1항에 따른 정원의 총수 범위에서 제13조제2항에 따른 단위기관별로 해당 시·도의 교육규칙으로 정한다,위임,교육규칙,,rule
P03694,"② 제13조에 따른 단위기관별 정원은 제1항에 따른 정원의 총수 범위에서 종류별·직급별로 구분하여 해당 시·도의 조례로 정한다. 다만, 다음 각 호의 어느 하나에 해당하는 정원은 조례로 그 총수만 정하고 그 범위에서 제13조제2항에 따른 단위기관별로 해당 시·도의 교육규칙으로 정한다",위임,조례|교육규칙,,rule
P03695,"② 제13조에 따른 단위기관별 정원은 제1항에 따른 정원의 총수 범위에서 종류별ㆍ직급별로 구분하여 해당 시ㆍ도의 조례로 정한다. 다만, 다음 각 호의 어느 하나에 해당하는 정원은 조례로 그 총수만 정하고 그 범위에서 제13조제2항에 따른 단위기관별로 해당 시ㆍ도의 교육규칙으로 정한다.",위임,조례|교육규칙,,rule
P03696,"② 제13조에 따른 단위기관별 정원은 제1항에 따른 정원의 총수 범위에서 종류별ㆍ직급별로 구분하여 해당 시ㆍ도의 조례로 정한다. 다만, 다음 각 호의 어느 하나에 해당하는 정원은 조례로 그 총수만 정하고 그 범위에서 제13조제2항에 따른 단위기관별로 해당 시ㆍ도의 교육규칙으로 정한다.",위임,조례|교육규칙,,rule
P03697,"② 제13조에 따른 단위기관별 정원은 제1항에 따른 정원의 총수 범위에서 종류별·직급별로 구분하여 해당 시·도의 조례로 정한다. 다만, 다음 각 호의 어느 하나에 해당하는 정원은 조례로 그 총수만 정하고 그 범위에서 제13조제2항에 따른 단위기관별로 해당 시·도의 교육규칙으로 정한다",위임,조례|교육규칙,,rule
P03698,④ 직렬별 정원(「지방전문경력관 규정」 제2조에 따른 지방전문경력관의 경우에는 같은 영 제4조제1항에 따른 직위군별 정원을 말한다)은 제1항에 따른 정원의 총수 범위에서 제13조제2항에 따른 단위기관별로 해당 시·도의 교육규칙으로 정한다,위임,교육규칙,,rule
P03699,"② 제13조에 따른 단위기관별 정원은 제1항에 따른 정원의 총수 범위에서 종류별ㆍ직급별로 구분하여 해당 시ㆍ도의 조례로 정한다. 다만, 다음 각 호의 어느 하나에 해당하는 정원은 조례로 그 총수만 정하고 그 범위에서 제13조제2항에 따른 단위기관별로 해당 시ㆍ도의 교육규칙으로 정한다.",위임,조례|교육규칙,,rule
P03700,"② 제13조에 따른 단위기관별 정원은 제1항에 따른 정원의 총수 범위에서 종류별ㆍ직급별로 구분하여 해당 시ㆍ도의 조례로 정한다. 다만, 다음 각 호의 어느 하나에 해당하는 정원은 조례로 그 총수만 정하고 그 범위에서 제13조제2항에 따른 단위기관별로 해당 시ㆍ도의 교육규칙으로 정한다.",위임,조례|교육규칙,,rule
P03701,① 시·도 교육청에 두는 지방공무원 정원의 총수는 다음 각 호의 구분에 따라 해당 시·도의 조례로 정한다.,위임,조례,,rule
P03702,④ 직렬별 정원(「지방전문경력관 규정」 제2조에 따른 지방전문경력관의 경우에는 같은 영 제4조제1항에 따른 직위군별 정원을 말한다)은 제1항에 따른 정원의 총수 범위에서 제13조제2항에 따른 단위기관별로 해당 시·도의 교육규칙으로 정한다,위임,교육규칙,,rule
P03703,"② 제13조에 따른 단위기관별 정원은 제1항에 따른 정원의 총수 범위에서 종류별·직급별로 구분하여 해당 시·도의 조례로 정한다. 다만, 다음 각 호의 어느 하나에 해당하는 정원은 조례로 그 총수만 정하고 그 범위에서 제13조제2항에 따른 단위기관별로 해당 시·도의 교육규칙으로 정한다",위임,조례|교육규칙,,rule
P03704,"② 제13조에 따른 단위기관별 정원은 제1항에 따른 정원의 총수 범위에서 종류별ㆍ직급별로 구분하여 해당 시ㆍ도의 조례로 정한다. 다만, 다음 각 호의 어느 하나에 해당하는 정원은 조례로 그 총수만 정하고 그 범위에서 제13조제2항에 따른 단위기관별로 해당 시ㆍ도의 교육규칙으로 정한다.",위임,조례|교육규칙,,rule
P03705,"② 제13조에 따른 단위기관별 정원은 제1항에 따른 정원의 총수 범위에서 종류별ㆍ직급별로 구분하여 해당 시ㆍ도의 조례로 정한다. 다만, 다음 각 호의 어느 하나에 해당하는 정원은 조례로 그 총수만 정하고 그 범위에서 제13조제2항에 따른 단위기관별로 해당 시ㆍ도의 교육규칙으로 정한다.",위임,조례|교육규칙,,rule
P03706,① 시·도 교육청에 두는 지방공무원 정원의 총수는 다음 각 호의 구분에 따라 해당 시·도의 조례로 정한다.,위임,조례,,rule
P03707,④ 직렬별 정원(「지방전문경력관 규정」 제2조에 따른 지방전문경력관의 경우에는 같은 영 제4조제1항에 따른 직위군별 정원을 말한다)은 제1항에 따른 정원의 총수 범위에서 제13조제2항에 따른 단위기관별로 해당 시·도의 교육규칙으로 정한다,위임,교육규칙,,rule
P03708,"② 제13조에 따른 단위기관별 정원은 제1항에 따른 정원의 총수 범위에서 종류별·직급별로 구분하여 해당 시·도의 조례로 정한다. 다만, 다음 각 호의 어느 하나에 해당하는 정원은 조례로 그 총수만 정하고 그 범위에서 제13조제2항에 따른 단위기관별로 해당 시·도의 교육규칙으로 정한다",위임,조례|교육규칙,,rule
P03709,"② 제13조에 따른 단위기관별 정원은 제1항에 따른 정원의 총수 범위에서 종류별ㆍ직급별로 구분하여 해당 시ㆍ도의 조례로 정한다. 다만, 다음 각 호의 어느 하나에 해당하는 정원은 조례로 그 총수만 정하고 그 범위에서 제13조제2항에 따른 단위기관별로 해당 시ㆍ도의 교육규칙으로 정한다.",위임,조례|교육규칙,,rule
P03710,"② 제13조에 따른 단위기관별 정원은 제1항에 따른 정원의 총수 범위에서 종류별ㆍ직급별로 구분하여 해당 시ㆍ도의 조례로 정한다. 다만, 다음 각 호의 어느 하나에 해당하는 정원은 조례로 그 총수만 정하고 그 범위에서 제13조제2항에 따른 단위기관별로 해당 시ㆍ도의 교육규칙으로 정한다.",위임,조례|교육규칙,,rule
P03711,① 시·도 교육청에 두는 지방공무원 정원의 총수는 다음 각 호의 구분에 따라 해당 시·도의 조례로 정한다.,위임,조례,,rule
P03712,④ 직렬별 정원(「지방전문경력관 규정」 제2조에 따른 지방전문경력관의 경우에는 같은 영 제4조제1항에 따른 직위군별 정원을 말한다)은 제1항에 따른 정원의 총수 범위에서 제13조제2항에 따른 단위기관별로 해당 시·도의 교육규칙으로 정한다,위임,교육규칙,,rule
P03713,"② 제13조에 따른 단위기관별 정원은 제1항에 따른 정원의 총수 범위에서 종류별·직급별로 구분하여 해당 시·도의 조례로 정한다. 다만, 다음 각 호의 어느 하나에 해당하는 정원은 조례로 그 총수만 정하고 그 범위에서 제13조제2항에 따른 단위기관별로 해당 시·도의 교육규칙으로 정한다",위임,조례|교육규칙,,rule
P03714,"② 제13조에 따른 단위기관별 정원은 제1항에 따른 정원의 총수 범위에서 종류별ㆍ직급별로 구분하여 해당 시ㆍ도의 조례로 정한다. 다만, 다음 각 호의 어느 하나에 해당하는 정원은 조례로 그 총수만 정하고 그 범위에서 제13조제2항에 따른 단위기관별로 해당 시ㆍ도의 교육규칙으로 정한다.",위임,조례|교육규칙,,rule
P03715,"② 제13조에 따른 단위기관별 정원은 제1항에 따른 정원의 총수 범위에서 종류별ㆍ직급별로 구분하여 해당 시ㆍ도의 조례로 정한다. 다만, 다음 각 호의 어느 하나에 해당하는 정원은 조례로 그 총수만 정하고 그 범위에서 제13조제2항에 따른 단위기관별로 해당 시ㆍ도의 교육규칙으로 정한다.",위임,조례|교육규칙,,rule
P03716,① 시·도 교육청에 두는 지방공무원 정원의 총수는 다음 각 호의 구분에 따라 해당 시·도의 조례로 정한다.,위임,조례,,rule
P03717,"② 제13조에 따른 단위기관별 정원은 제1항에 따른 정원의 총수 범위에서 종류별ㆍ직급별로 구분하여 해당 시ㆍ도의 조례로 정한다. 다만, 다음 각 호의 어느 하나에 해당하는 정원은 조례로 그 총수만 정하고 그 범위에서 제13조제2항에 따른 단위기관별로 해당 시ㆍ도의 교육규칙으로 정한다.",위임,조례|교육규칙,,rule
P03718,① 시·도 교육청에 두는 지방공무원 정원의 총수는 다음 각 호의 구분에 따라 해당 시·도의 조례로 정한다.,위임,조례,,rule
P03719,"② 제13조에 따른 단위기관별 정원은 제1항에 따른 정원의 총수 범위에서 종류별·직급별로 구분하여 해당 시·도의 조례로 정한다. 다만, 다음 각 호의 어느 하나에 해당하는 정원은 조례로 그 총수만 정하고 그 범위에서 제13조제2항에 따른 단위기관별로 해당 시·도의 교육규칙으로 정한다",위임,조례|교육규칙,,rule
P03720,"② 제13조에 따른 단위기관별 정원은 제1항에 따른 정원의 총수 범위에서 종류별ㆍ직급별로 구분하여 해당 시ㆍ도의 조례로 정한다. 다만, 다음 각 호의 어느 하나에 해당하는 정원은 조례로 그 총수만 정하고 그 범위에서 제13조제2항에 따른 단위기관별로 해당 시ㆍ도의 교육규칙으로 정한다.",위임,조례|교육규칙,,rule
P03721,"② 제13조에 따른 단위기관별 정원은 제1항에 따른 정원의 총수 범위에서 종류별ㆍ직급별로 구분하여 해당 시ㆍ도의 조례로 정한다. 다만, 다음 각 호의 어느 하나에 해당하는 정원은 조례로 그 총수만 정하고 그 범위에서 제13조제2항에 따른 단위기관별로 해당 시ㆍ도의 교육규칙으로 정한다.",위임,조례|교육규칙,,rule
P03722,① 시·도 교육청에 두는 지방공무원 정원의 총수는 다음 각 호의 구분에 따라 해당 시·도의 조례로 정한다.,위임,조례,,rule
P03723,④ 직렬별 정원(「지방전문경력관 규정」 제2조에 따른 지방전문경력관의 경우에는 같은 영 제4조제1항에 따른 직위군별 정원을 말한다)은 제1항에 따른 정원의 총수 범위에서 제13조제2항에 따른 단위기관별로 해당 시·도의 교육규칙으로 정한다,위임,교육규칙,,rule
P03724,"② 제13조에 따른 단위기관별 정원은 제1항에 따른 정원의 총수 범위에서 종류별·직급별로 구분하여 해당 시·도의 조례로 정한다. 다만, 다음 각 호의 어느 하나에 해당하는 정원은 조례로 그 총수만 정하고 그 범위에서 제13조제2항에 따른 단위기관별로 해당 시·도의 교육규칙으로 정한다",위임,조례|교육규칙,,rule
P03725,"② 제13조에 따른 단위기관별 정원은 제1항에 따른 정원의 총수 범위에서 종류별ㆍ직급별로 구분하여 해당 시ㆍ도의 조례로 정한다. 다만, 다음 각 호의 어느 하나에 해당하는 정원은 조례로 그 총수만 정하고 그 범위에서 제13조제2항에 따른 단위기관별로 해당 시ㆍ도의 교육규칙으로 정한다.",위임,조례|교육규칙,,rule
P03726,"② 제13조에 따른 단위기관별 정원은 제1항에 따른 정원의 총수 범위에서 종류별ㆍ직급별로 구분하여 해당 시ㆍ도의 조례로 정한다. 다만, 다음 각 호의 어느 하나에 해당하는 정원은 조례로 그 총수만 정하고 그 범위에서 제13조제2항에 따른 단위기관별로 해당 시ㆍ도의 교육규칙으로 정한다.",위임,조례|교육규칙,,rule
P03727,① 시·도 교육청에 두는 지방공무원 정원의 총수는 다음 각 호의 구분에 따라 해당 시·도의 조례로 정한다.,위임,조례,,rule
P03728,"② 제13조에 따른 단위기관별 정원은 제1항에 따른 정원의 총수 범위에서 종류별ㆍ직급별로 구분하여 해당 시ㆍ도의 조례로 정한다. 다만, 다음 각 호의 어느 하나에 해당하는 정원은 조례로 그 총수만 정하고 그 범위에서 제13조제2항에 따른 단위기관별로 해당 시ㆍ도의 교육규칙으로 정한다.",위임,조례|교육규칙,,rule
P03729,"② 제13조에 따른 단위기관별 정원은 제1항에 따른 정원의 총수 범위에서 종류별ㆍ직급별로 구분하여 해당 시ㆍ도의 조례로 정한다. 다만, 다음 각 호의 어느 하나에 해당하는 정원은 조례로 그 총수만 정하고 그 범위에서 제13조제2항에 따른 단위기관별로 해당 시ㆍ도의 교육규칙으로 정한다.",위임,조례|교육규칙,,rule
P03730,"② 제13조에 따른 단위기관별 정원은 제1항에 따른 정원의 총수 범위에서 종류별·직급별로 구분하여 해당 시·도의 조례로 정한다. 다만, 다음 각 호의 어느 하나에 해당하는 정원은 조례로 그 총수만 정하고 그 범위에서 제13조제2항에 따른 단위기관별로 해당 시·도의 교육규칙으로 정한다",위임,조례|교육규칙,,rule
P03731,④ 직렬별 정원(「지방전문경력관 규정」 제2조에 따른 지방전문경력관의 경우에는 같은 영 제4조제1항에 따른 직위군별 정원을 말한다)은 제1항에 따른 정원의 총수 범위에서 제13조제2항에 따른 단위기관별로 해당 시·도의 교육규칙으로 정한다,위임,교육규칙,,rule
P03732,① 시·도 교육청에 두는 지방공무원 정원의 총수는 다음 각 호의 구분에 따라 해당 시·도의 조례로 정한다.,위임,조례,,rule
P03733,④ 직렬별 정원(「지방전문경력관 규정」 제2조에 따른 지방전문경력관의 경우에는 같은 영 제4조제1항에 따른 직위군별 정원을 말한다)은 제1항에 따른 정원의 총수 범위에서 제13조제2항에 따른 단위기관별로 해당 시·도의 교육규칙으로 정한다,위임,교육규칙,,rule
P03734,"② 제13조에 따른 단위기관별 정원은 제1항에 따른 정원의 총수 범위에서 종류별·직급별로 구분하여 해당 시·도의 조례로 정한다. 다만, 다음 각 호의 어느 하나에 해당하는 정원은 조례로 그 총수만 정하고 그 범위에서 제13조제2항에 따른 단위기관별로 해당 시·도의 교육규칙으로 정한다",위임,조례|교육규칙,,rule
P03735,"② 제13조에 따른 단위기관별 정원은 제1항에 따른 정원의 총수 범위에서 종류별ㆍ직급별로 구분하여 해당 시ㆍ도의 조례로 정한다. 다만, 다음 각 호의 어느 하나에 해당하는 정원은 조례로 그 총수만 정하고 그 범위에서 제13조제2항에 따른 단위기관별로 해당 시ㆍ도의 교육규칙으로 정한다.",위임,조례|교육규칙,,rule
P03736,"② 제13조에 따른 단위기관별 정원은 제1항에 따른 정원의 총수 범위에서 종류별ㆍ직급별로 구분하여 해당 시ㆍ도의 조례로 정한다. 다만, 다음 각 호의 어느 하나에 해당하는 정원은 조례로 그 총수만 정하고 그 범위에서 제13조제2항에 따른 단위기관별로 해당 시ㆍ도의 교육규칙으로 정한다.",위임,조례|교육규칙,,rule
P03737,"② 제13조에 따른 단위기관별 정원은 제1항에 따른 정원의 총수 범위에서 종류별·직급별로 구분하여 해당 시·도의 조례로 정한다. 다만, 다음 각 호의 어느 하나에 해당하는 정원은 조례로 그 총수만 정하고 그 범위에서 제13조제2항에 따른 단위기관별로 해당 시·도의 교육규칙으로 정한다",위임,조례|교육규칙,,rule
P03738,④ 직렬별 정원(「지방전문경력관 규정」 제2조에 따른 지방전문경력관의 경우에는 같은 영 제4조제1항에 따른 직위군별 정원을 말한다)은 제1항에 따른 정원의 총수 범위에서 제13조제2항에 따른 단위기관별로 해당 시·도의 교육규칙으로 정한다,위임,교육규칙,,rule
P03739,"② 제13조에 따른 단위기관별 정원은 제1항에 따른 정원의 총수 범위에서 종류별ㆍ직급별로 구분하여 해당 시ㆍ도의 조례로 정한다. 다만, 다음 각 호의 어느 하나에 해당하는 정원은 조례로 그 총수만 정하고 그 범위에서 제13조제2항에 따른 단위기관별로 해당 시ㆍ도의 교육규칙으로 정한다.",위임,조례|교육규칙,,rule
P03740,"② 제13조에 따른 단위기관별 정원은 제1항에 따른 정원의 총수 범위에서 종류별ㆍ직급별로 구분하여 해당 시ㆍ도의 조례로 정한다. 다만, 다음 각 호의 어느 하나에 해당하는 정원은 조례로 그 총수만 정하고 그 범위에서 제13조제2항에 따른 단위기관별로 해당 시ㆍ도의 교육규칙으로 정한다.",위임,조례|교육규칙,,rule
P03741,① 시·도 교육청에 두는 지방공무원 정원의 총수는 다음 각 호의 구분에 따라 해당 시·도의 조례로 정한다.,위임,조례,,rule
P03742,④ 직렬별 정원(「지방전문경력관 규정」 제2조에 따른 지방전문경력관의 경우에는 같은 영 제4조제1항에 따른 직위군별 정원을 말한다)은 제1항에 따른 정원의 총수 범위에서 제13조제2항에 따른 단위기관별로 해당 시·도의 교육규칙으로 정한다,위임,교육규칙,,rule
P03743,"② 제13조에 따른 단위기관별 정원은 제1항에 따른 정원의 총수 범위에서 종류별·직급별로 구분하여 해당 시·도의 조례로 정한다. 다만, 다음 각 호의 어느 하나에 해당하는 정원은 조례로 그 총수만 정하고 그 범위에서 제13조제2항에 따른 단위기관별로 해당 시·도의 교육규칙으로 정한다",위임,조례|교육규칙,,rule
P03744,"② 제13조에 따른 단위기관별 정원은 제1항에 따른 정원의 총수 범위에서 종류별ㆍ직급별로 구분하여 해당 시ㆍ도의 조례로 정한다. 다만, 다음 각 호의 어느 하나에 해당하는 정원은 조례로 그 총수만 정하고 그 범위에서 제13조제2항에 따른 단위기관별로 해당 시ㆍ도의 교육규칙으로 정한다.",위임,조례|교육규칙,,rule
P03745,"② 제13조에 따른 단위기관별 정원은 제1항에 따른 정원의 총수 범위에서 종류별ㆍ직급별로 구분하여 해당 시ㆍ도의 조례로 정한다. 다만, 다음 각 호의 어느 하나에 해당하는 정원은 조례로 그 총수만 정하고 그 범위에서 제13조제2항에 따른 단위기관별로 해당 시ㆍ도의 교육규칙으로 정한다.",위임,조례|교육규칙,,rule
P03746,① 시·도 교육청에 두는 지방공무원 정원의 총수는 다음 각 호의 구분에 따라 해당 시·도의 조례로 정한다.,위임,조례,,rule
P03747,① 시·도 교육청에 두는 지방공무원 정원의 총수는 다음 각 호의 구분에 따라 해당 시·도의 조례로 정한다.,위임,조례,,rule
P03748,④ 직렬별 정원(「지방전문경력관 규정」 제2조에 따른 지방전문경력관의 경우에는 같은 영 제4조제1항에 따른 직위군별 정원을 말한다)은 제1항에 따른 정원의 총수 범위에서 제13조제2항에 따른 단위기관별로 해당 시·도의 교육규칙으로 정한다,위임,교육규칙,,rule
P03749,"② 제13조에 따른 단위기관별 정원은 제1항에 따른 정원의 총수 범위에서 종류별·직급별로 구분하여 해당 시·도의 조례로 정한다. 다만, 다음 각 호의 어느 하나에 해당하는 정원은 조례로 그 총수만 정하고 그 범위에서 제13조제2항에 따른 단위기관별로 해당 시·도의 교육규칙으로 정한다",위임,조례|교육규칙,,rule
P03750,"② 제13조에 따른 단위기관별 정원은 제1항에 따른 정원의 총수 범위에서 종류별·직급별로 구분하여 해당 시·도의 조례로 정한다. 다만, 다음 각 호의 어느 하나에 해당하는 정원은 조례로 그 총수만 정하고 그 범위에서 제13조제2항에 따른 단위기관별로 해당 시·도의 교육규칙으로 정한다",위임,조례|교육규칙,,rule
P03751,"② 제13조에 따른 단위기관별 정원은 제1항에 따른 정원의 총수 범위에서 종류별ㆍ직급별로 구분하여 해당 시ㆍ도의 조례로 정한다. 다만, 다음 각 호의 어느 하나에 해당하는 정원은 조례로 그 총수만 정하고 그 범위에서 제13조제2항에 따른 단위기관별로 해당 시ㆍ도의 교육규칙으로 정한다.",위임,조례|교육규칙,,rule
P03752,④ 직렬별 정원(「지방전문경력관 규정」 제2조에 따른 지방전문경력관의 경우에는 같은 영 제4조제1항에 따른 직위군별 정원을 말한다)은 제1항에 따른 정원의 총수 범위에서 제13조제2항에 따른 단위기관별로 해당 시·도의 교육규칙으로 정한다,위임,교육규칙,,rule
P03753,"② 제13조에 따른 단위기관별 정원은 제1항에 따른 정원의 총수 범위에서 종류별ㆍ직급별로 구분하여 해당 시ㆍ도의 조례로 정한다. 다만, 다음 각 호의 어느 하나에 해당하는 정원은 조례로 그 총수만 정하고 그 범위에서 제13조제2항에 따른 단위기관별로 해당 시ㆍ도의 교육규칙으로 정한다.",위임,조례|교육규칙,,rule
P03754,"② 제13조에 따른 단위기관별 정원은 제1항에 따른 정원의 총수 범위에서 종류별·직급별로 구분하여 해당 시·도의 조례로 정한다. 다만, 다음 각 호의 어느 하나에 해당하는 정원은 조례로 그 총수만 정하고 그 범위에서 제13조제2항에 따른 단위기관별로 해당 시·도의 교육규칙으로 정한다",위임,조례|교육규칙,,rule
P03755,④ 직렬별 정원(「지방전문경력관 규정」 제2조에 따른 지방전문경력관의 경우에는 같은 영 제4조제1항에 따른 직위군별 정원을 말한다)은 제1항에 따른 정원의 총수 범위에서 제13조제2항에 따른 단위기관별로 해당 시·도의 교육규칙으로 정한다,위임,교육규칙,,rule
P03756,① 시·도 교육청에 두는 지방공무원 정원의 총수는 다음 각 호의 구분에 따라 해당 시·도의 조례로 정한다.,위임,조례,,rule
P03757,② 「지방자치단체의 개방형직위 및 공모직위의 운영 등에 관한 규정」에 따라 임기제공무원이나 경력직공무원으로 임용되는 개방형직위는 해당 시·도의 교육규칙으로 정한다.,위임,교육규칙,,rule
P03758,② 「지방자치단체의 개방형직위 및 공모직위의 운영 등에 관한 규정」에 따라 임기제공무원이나 경력직공무원으로 임용되는 개방형직위는 해당 시·도의 교육규칙으로 정한다.,위임,교육규칙,,rule
P03759,② 「지방자치단체의 개방형직위 및 공모직위의 운영 등에 관한 규정」에 따라 임기제공무원이나 경력직공무원으로 임용되는 개방형직위는 해당 시·도의 교육규칙으로 정한다.,위임,교육규칙,,rule
P03760,② 「지방자치단체의 개방형직위 및 공모직위의 운영 등에 관한 규정」에 따라 임기제공무원이나 경력직공무원으로 임용되는 개방형직위는 해당 시·도의 교육규칙으로 정한다.,위임,교육규칙,,rule
P03761,② 「지방자치단체의 개방형직위 및 공모직위의 운영 등에 관한 규정」에 따라 임기제공무원이나 경력직공무원으로 임용되는 개방형직위는 해당 시·도의 교육규칙으로 정한다.,위임,교육규칙,,rule
P03762,② 「지방자치단체의 개방형직위 및 공모직위의 운영 등에 관한 규정」에 따라 임기제공무원이나 경력직공무원으로 임용되는 개방형직위는 해당 시·도의 교육규칙으로 정한다.,위임,교육규칙,,rule
P03763,② 「지방자치단체의 개방형직위 및 공모직위의 운영 등에 관한 규정」에 따라 임기제공무원이나 경력직공무원으로 임용되는 개방형직위는 해당 시·도의 교육규칙으로 정한다.,위임,교육규칙,,rule
P03764,② 「지방자치단체의 개방형직위 및 공모직위의 운영 등에 관한 규정」에 따라 임기제공무원이나 경력직공무원으로 임용되는 개방형직위는 해당 시·도의 교육규칙으로 정한다.,위임,교육규칙,,rule
P03765,② 「지방자치단체의 개방형직위 및 공모직위의 운영 등에 관한 규정」에 따라 임기제공무원이나 경력직공무원으로 임용되는 개방형직위는 해당 시·도의 교육규칙으로 정한다.,위임,교육규칙,,rule
P03766,② 「지방자치단체의 개방형직위 및 공모직위의 운영 등에 관한 규정」에 따라 임기제공무원이나 경력직공무원으로 임용되는 개방형직위는 해당 시·도의 교육규칙으로 정한다.,위임,교육규칙,,rule
P03767,② 「지방자치단체의 개방형직위 및 공모직위의 운영 등에 관한 규정」에 따라 임기제공무원이나 경력직공무원으로 임용되는 개방형직위는 해당 시·도의 교육규칙으로 정한다.,위임,교육규칙,,rule
P03768,② 「지방자치단체의 개방형직위 및 공모직위의 운영 등에 관한 규정」에 따라 임기제공무원이나 경력직공무원으로 임용되는 개방형직위는 해당 시·도의 교육규칙으로 정한다.,위임,교육규칙,,rule
P03769,② 「지방자치단체의 개방형직위 및 공모직위의 운영 등에 관한 규정」에 따라 임기제공무원이나 경력직공무원으로 임용되는 개방형직위는 해당 시·도의 교육규칙으로 정한다.,위임,교육규칙,,rule
P03770,② 「지방자치단체의 개방형직위 및 공모직위의 운영 등에 관한 규정」에 따라 임기제공무원이나 경력직공무원으로 임용되는 개방형직위는 해당 시·도의 교육규칙으로 정한다.,위임,교육규칙,,rule
P03771,② 「지방자치단체의 개방형직위 및 공모직위의 운영 등에 관한 규정」에 따라 임기제공무원이나 경력직공무원으로 임용되는 개방형직위는 해당 시·도의 교육규칙으로 정한다.,위임,교육규칙,,rule
P03772,② 「지방자치단체의 개방형직위 및 공모직위의 운영 등에 관한 규정」에 따라 임기제공무원이나 경력직공무원으로 임용되는 개방형직위는 해당 시·도의 교육규칙으로 정한다.,위임,교육규칙,,rule
P03773,교육부령으로 정한 기준과,인용,해당없음,,rule
P03774,교육부령으로 정하는,위임,부령,,rule
P03775,① 지방교육행정기관의 기구와 정원의 효율적 관리에 관한 다음 각 호의 사항을 심의하기 위하여 조례로 정하는 바에 따라 교육감 소속으로 조직관리위원회를 둘 수 있다.,위임,조례,,rule
P03776,① 지방교육행정기관의 기구와 정원의 효율적 관리에 관한 다음 각 호의 사항을 심의하기 위하여 조례로 정하는 바에 따라 교육감 소속으로 조직관리위원회를 둘 수 있다.,위임,조례,,rule
P03777,대통령령으로 정하는,위임,대통령령,,rule
P03778,대통령령으로 정하는,위임,대통령령,,rule
P03779,대통령령으로 정하는,위임,대통령령,,rule
P03780,대통령령으로 정한다,위임,대통령령,,rule
P03781,대통령령으로 정하는,위임,대통령령,,rule
P03782,대통령령으로 정한다,위임,대통령령,,rule
P03783,대통령령으로 정하는 비율,위임,대통령령,,rule
P03784,대통령령으로 정하는 경우에는,위임,대통령령,,rule
P03785,대통령령으로 정하는 바에,위임,대통령령,,rule
P03786,대통령령으로 정하는 일정비율,위임,대통령령,,rule
P03787,대통령령으로 정하는,위임,대통령령,,rule
P03788,대통령령으로 정하는 범위에서,위임,대통령령,,rule
P03789,대통령령으로 정하는 바에 따라 행정적·재정적,위임,대통령령,,rule
P03790,대통령령으로 정하는 범위에서 학칙으로,위임,대통령령,,rule
P03791,대통령령으로 정하는 기준에,위임,대통령령,,rule
P03792,대통령령으로 정한다,위임,대통령령,,rule
P03793,대통령령으로 정한다,위임,대통령령,,rule
P03794,대통령령으로 정하는 바에,위임,대통령령,,rule
P03795,필요한 사항은 대통령령으로,위임,대통령령,,rule
P03796,필요한 사항은 대통령령으로,위임,대통령령,,rule
P03797,필요한 사항은 대통령령으로,위임,대통령령,,rule
P03798,교육부장관이 정하는 지정신청서에 제1항 각 호의 요건을 모두 갖추었음을 증명할 수 있는 서류를 첨부하여 교육부장관에게 제출해야 한다.,위임,미특정,,rule
P03799,고등교육혁신특화지역의 지정에 필요한 구체적인 사항은 교육부장관이 정하여 고시한다.,위임,미특정,,rule
P03800,고등교육혁신특화지역계획·고등교육혁신특화지역의 변경 및 지정해제에 필요한 구체적인 사항은 교육부장관이 정하여 고시한다.,위임,미특정,,rule
P03801,3. 그 밖에 시·도 교육청의 재정여건과 특성을 고려하여 교육부장관이 필요하다고 인정하는 경비,판단불가,해당없음,,rule
P03802,①지방자치단체의 장은 해당 연도 보조사업에 대하여 각급학교의 장에게 보조대상사업 및 그 예산액을 통지하고 보조신청서를 제출하도록 하여야 한다. 이 경우 해당 지방자치단체의 조례로 정하는 바에 따라 관할 교육감 또는 교육장을 거쳐 보조대상사업 및 그 예산액을 통지하거나 보조신청서를 제출하게 할 수 있다.,위임,조례,,rule
P03803,①지방자치단체의 장은 해당 연도 보조사업에 대하여 각급학교의 장에게 보조대상사업 및 그 예산액을 통지하고 보조신청서를 제출하도록 하여야 한다. 이 경우 해당 지방자치단체의 조례로 정하는 바에 따라 관할 교육감 또는 교육장을 거쳐 보조대상사업 및 그 예산액을 통지하거나 보조신청서를 제출하게 할 수 있다.,위임,조례,,rule
P03804,①지방자치단체의 장은 해당 연도 보조사업에 대하여 각급학교의 장에게 보조대상사업 및 그 예산액을 통지하고 보조신청서를 제출하도록 하여야 한다. 이 경우 해당 지방자치단체의 조례로 정하는 바에 따라 관할 교육감 또는 교육장을 거쳐 보조대상사업 및 그 예산액을 통지하거나 보조신청서를 제출하게 할 수 있다.,위임,조례,,rule
P03805,①지방자치단체의 장은 해당 연도 보조사업에 대하여 각급학교의 장에게 보조대상사업 및 그 예산액을 통지하고 보조신청서를 제출하도록 하여야 한다. 이 경우 해당 지방자치단체의 조례로 정하는 바에 따라 관할 교육감 또는 교육장을 거쳐 보조대상사업 및 그 예산액을 통지하거나 보조신청서를 제출하게 할 수 있다.,위임,조례,,rule
P03806,①지방자치단체의 장은 해당 연도 보조사업에 대하여 각급학교의 장에게 보조대상사업 및 그 예산액을 통지하고 보조신청서를 제출하도록 하여야 한다. 이 경우 해당 지방자치단체의 조례로 정하는 바에 따라 관할 교육감 또는 교육장을 거쳐 보조대상사업 및 그 예산액을 통지하거나 보조신청서를 제출하게 할 수 있다.,위임,조례,,rule
P03807,①지방자치단체의 장은 해당 연도 보조사업에 대하여 각급학교의 장에게 보조대상사업 및 그 예산액을 통지하고 보조신청서를 제출하도록 하여야 한다. 이 경우 해당 지방자치단체의 조례로 정하는 바에 따라 관할 교육감 또는 교육장을 거쳐 보조대상사업 및 그 예산액을 통지하거나 보조신청서를 제출하게 할 수 있다.,위임,조례,,rule
P03808,①지방자치단체의 장은 해당 연도 보조사업에 대하여 각급학교의 장에게 보조대상사업 및 그 예산액을 통지하고 보조신청서를 제출하도록 하여야 한다. 이 경우 해당 지방자치단체의 조례로 정하는 바에 따라 관할 교육감 또는 교육장을 거쳐 보조대상사업 및 그 예산액을 통지하거나 보조신청서를 제출하게 할 수 있다.,위임,조례,,rule
P03809,①지방자치단체의 장은 해당 연도 보조사업에 대하여 각급학교의 장에게 보조대상사업 및 그 예산액을 통지하고 보조신청서를 제출하도록 하여야 한다. 이 경우 해당 지방자치단체의 조례로 정하는 바에 따라 관할 교육감 또는 교육장을 거쳐 보조대상사업 및 그 예산액을 통지하거나 보조신청서를 제출하게 할 수 있다.,위임,조례,,rule
P03810,①지방자치단체의 장은 해당 연도 보조사업에 대하여 각급학교의 장에게 보조대상사업 및 그 예산액을 통지하고 보조신청서를 제출하도록 하여야 한다. 이 경우 해당 지방자치단체의 조례로 정하는 바에 따라 관할 교육감 또는 교육장을 거쳐 보조대상사업 및 그 예산액을 통지하거나 보조신청서를 제출하게 할 수 있다.,위임,조례,,rule
P03811,①지방자치단체의 장은 해당 연도 보조사업에 대하여 각급학교의 장에게 보조대상사업 및 그 예산액을 통지하고 보조신청서를 제출하도록 하여야 한다. 이 경우 해당 지방자치단체의 조례로 정하는 바에 따라 관할 교육감 또는 교육장을 거쳐 보조대상사업 및 그 예산액을 통지하거나 보조신청서를 제출하게 할 수 있다.,위임,조례,,rule
P03812,①지방자치단체의 장은 해당 연도 보조사업에 대하여 각급학교의 장에게 보조대상사업 및 그 예산액을 통지하고 보조신청서를 제출하도록 하여야 한다. 이 경우 해당 지방자치단체의 조례로 정하는 바에 따라 관할 교육감 또는 교육장을 거쳐 보조대상사업 및 그 예산액을 통지하거나 보조신청서를 제출하게 할 수 있다.,위임,조례,,rule
P03813,①지방자치단체의 장은 해당 연도 보조사업에 대하여 각급학교의 장에게 보조대상사업 및 그 예산액을 통지하고 보조신청서를 제출하도록 하여야 한다. 이 경우 해당 지방자치단체의 조례로 정하는 바에 따라 관할 교육감 또는 교육장을 거쳐 보조대상사업 및 그 예산액을 통지하거나 보조신청서를 제출하게 할 수 있다.,위임,조례,,rule
P03814,①지방자치단체의 장은 해당 연도 보조사업에 대하여 각급학교의 장에게 보조대상사업 및 그 예산액을 통지하고 보조신청서를 제출하도록 하여야 한다. 이 경우 해당 지방자치단체의 조례로 정하는 바에 따라 관할 교육감 또는 교육장을 거쳐 보조대상사업 및 그 예산액을 통지하거나 보조신청서를 제출하게 할 수 있다.,위임,조례,,rule
P03815,①지방자치단체의 장은 해당 연도 보조사업에 대하여 각급학교의 장에게 보조대상사업 및 그 예산액을 통지하고 보조신청서를 제출하도록 하여야 한다. 이 경우 해당 지방자치단체의 조례로 정하는 바에 따라 관할 교육감 또는 교육장을 거쳐 보조대상사업 및 그 예산액을 통지하거나 보조신청서를 제출하게 할 수 있다.,위임,조례,,rule
P03816,①지방자치단체의 장은 해당 연도 보조사업에 대하여 각급학교의 장에게 보조대상사업 및 그 예산액을 통지하고 보조신청서를 제출하도록 하여야 한다. 이 경우 해당 지방자치단체의 조례로 정하는 바에 따라 관할 교육감 또는 교육장을 거쳐 보조대상사업 및 그 예산액을 통지하거나 보조신청서를 제출하게 할 수 있다.,위임,조례,,rule
P03817,①지방자치단체의 장은 해당 연도 보조사업에 대하여 각급학교의 장에게 보조대상사업 및 그 예산액을 통지하고 보조신청서를 제출하도록 하여야 한다. 이 경우 해당 지방자치단체의 조례로 정하는 바에 따라 관할 교육감 또는 교육장을 거쳐 보조대상사업 및 그 예산액을 통지하거나 보조신청서를 제출하게 할 수 있다.,위임,조례,,rule
P03818,①지방자치단체의 장은 해당 연도 보조사업에 대하여 각급학교의 장에게 보조대상사업 및 그 예산액을 통지하고 보조신청서를 제출하도록 하여야 한다. 이 경우 해당 지방자치단체의 조례로 정하는 바에 따라 관할 교육감 또는 교육장을 거쳐 보조대상사업 및 그 예산액을 통지하거나 보조신청서를 제출하게 할 수 있다.,위임,조례,,rule
P03819,①지방자치단체의 장은 해당 연도 보조사업에 대하여 각급학교의 장에게 보조대상사업 및 그 예산액을 통지하고 보조신청서를 제출하도록 하여야 한다. 이 경우 해당 지방자치단체의 조례로 정하는 바에 따라 관할 교육감 또는 교육장을 거쳐 보조대상사업 및 그 예산액을 통지하거나 보조신청서를 제출하게 할 수 있다.,위임,조례,,rule
P03820,①지방자치단체의 장은 해당 연도 보조사업에 대하여 각급학교의 장에게 보조대상사업 및 그 예산액을 통지하고 보조신청서를 제출하도록 하여야 한다. 이 경우 해당 지방자치단체의 조례로 정하는 바에 따라 관할 교육감 또는 교육장을 거쳐 보조대상사업 및 그 예산액을 통지하거나 보조신청서를 제출하게 할 수 있다.,위임,조례,,rule
P03821,①지방자치단체의 장은 해당 연도 보조사업에 대하여 각급학교의 장에게 보조대상사업 및 그 예산액을 통지하고 보조신청서를 제출하도록 하여야 한다. 이 경우 해당 지방자치단체의 조례로 정하는 바에 따라 관할 교육감 또는 교육장을 거쳐 보조대상사업 및 그 예산액을 통지하거나 보조신청서를 제출하게 할 수 있다.,위임,조례,,rule
P03822,①지방자치단체의 장은 해당 연도 보조사업에 대하여 각급학교의 장에게 보조대상사업 및 그 예산액을 통지하고 보조신청서를 제출하도록 하여야 한다. 이 경우 해당 지방자치단체의 조례로 정하는 바에 따라 관할 교육감 또는 교육장을 거쳐 보조대상사업 및 그 예산액을 통지하거나 보조신청서를 제출하게 할 수 있다.,위임,조례,,rule
P03823,①지방자치단체의 장은 해당 연도 보조사업에 대하여 각급학교의 장에게 보조대상사업 및 그 예산액을 통지하고 보조신청서를 제출하도록 하여야 한다. 이 경우 해당 지방자치단체의 조례로 정하는 바에 따라 관할 교육감 또는 교육장을 거쳐 보조대상사업 및 그 예산액을 통지하거나 보조신청서를 제출하게 할 수 있다.,위임,조례,,rule
P03824,①지방자치단체의 장은 해당 연도 보조사업에 대하여 각급학교의 장에게 보조대상사업 및 그 예산액을 통지하고 보조신청서를 제출하도록 하여야 한다. 이 경우 해당 지방자치단체의 조례로 정하는 바에 따라 관할 교육감 또는 교육장을 거쳐 보조대상사업 및 그 예산액을 통지하거나 보조신청서를 제출하게 할 수 있다.,위임,조례,,rule
P03825,①지방자치단체의 장은 해당 연도 보조사업에 대하여 각급학교의 장에게 보조대상사업 및 그 예산액을 통지하고 보조신청서를 제출하도록 하여야 한다. 이 경우 해당 지방자치단체의 조례로 정하는 바에 따라 관할 교육감 또는 교육장을 거쳐 보조대상사업 및 그 예산액을 통지하거나 보조신청서를 제출하게 할 수 있다.,위임,조례,,rule
P03826,①지방자치단체의 장은 해당 연도 보조사업에 대하여 각급학교의 장에게 보조대상사업 및 그 예산액을 통지하고 보조신청서를 제출하도록 하여야 한다. 이 경우 해당 지방자치단체의 조례로 정하는 바에 따라 관할 교육감 또는 교육장을 거쳐 보조대상사업 및 그 예산액을 통지하거나 보조신청서를 제출하게 할 수 있다.,위임,조례,,rule
P03827,①지방자치단체의 장은 해당 연도 보조사업에 대하여 각급학교의 장에게 보조대상사업 및 그 예산액을 통지하고 보조신청서를 제출하도록 하여야 한다. 이 경우 해당 지방자치단체의 조례로 정하는 바에 따라 관할 교육감 또는 교육장을 거쳐 보조대상사업 및 그 예산액을 통지하거나 보조신청서를 제출하게 할 수 있다.,위임,조례,,rule
P03828,①지방자치단체의 장은 해당 연도 보조사업에 대하여 각급학교의 장에게 보조대상사업 및 그 예산액을 통지하고 보조신청서를 제출하도록 하여야 한다. 이 경우 해당 지방자치단체의 조례로 정하는 바에 따라 관할 교육감 또는 교육장을 거쳐 보조대상사업 및 그 예산액을 통지하거나 보조신청서를 제출하게 할 수 있다.,위임,조례,,rule
P03829,①지방자치단체의 장은 해당 연도 보조사업에 대하여 각급학교의 장에게 보조대상사업 및 그 예산액을 통지하고 보조신청서를 제출하도록 하여야 한다. 이 경우 해당 지방자치단체의 조례로 정하는 바에 따라 관할 교육감 또는 교육장을 거쳐 보조대상사업 및 그 예산액을 통지하거나 보조신청서를 제출하게 할 수 있다.,위임,조례,,rule
P03830,①지방자치단체의 장은 해당 연도 보조사업에 대하여 각급학교의 장에게 보조대상사업 및 그 예산액을 통지하고 보조신청서를 제출하도록 하여야 한다. 이 경우 해당 지방자치단체의 조례로 정하는 바에 따라 관할 교육감 또는 교육장을 거쳐 보조대상사업 및 그 예산액을 통지하거나 보조신청서를 제출하게 할 수 있다.,위임,조례,,rule
P03831,①지방자치단체의 장은 해당 연도 보조사업에 대하여 각급학교의 장에게 보조대상사업 및 그 예산액을 통지하고 보조신청서를 제출하도록 하여야 한다. 이 경우 해당 지방자치단체의 조례로 정하는 바에 따라 관할 교육감 또는 교육장을 거쳐 보조대상사업 및 그 예산액을 통지하거나 보조신청서를 제출하게 할 수 있다.,위임,조례,,rule
P03832,①지방자치단체의 장은 해당 연도 보조사업에 대하여 각급학교의 장에게 보조대상사업 및 그 예산액을 통지하고 보조신청서를 제출하도록 하여야 한다. 이 경우 해당 지방자치단체의 조례로 정하는 바에 따라 관할 교육감 또는 교육장을 거쳐 보조대상사업 및 그 예산액을 통지하거나 보조신청서를 제출하게 할 수 있다.,위임,조례,,rule
P03833,①지방자치단체의 장은 해당 연도 보조사업에 대하여 각급학교의 장에게 보조대상사업 및 그 예산액을 통지하고 보조신청서를 제출하도록 하여야 한다. 이 경우 해당 지방자치단체의 조례로 정하는 바에 따라 관할 교육감 또는 교육장을 거쳐 보조대상사업 및 그 예산액을 통지하거나 보조신청서를 제출하게 할 수 있다.,위임,조례,,rule
P03834,①지방자치단체의 장은 해당 연도 보조사업에 대하여 각급학교의 장에게 보조대상사업 및 그 예산액을 통지하고 보조신청서를 제출하도록 하여야 한다. 이 경우 해당 지방자치단체의 조례로 정하는 바에 따라 관할 교육감 또는 교육장을 거쳐 보조대상사업 및 그 예산액을 통지하거나 보조신청서를 제출하게 할 수 있다.,위임,조례,,rule
P03835,①지방자치단체의 장은 해당 연도 보조사업에 대하여 각급학교의 장에게 보조대상사업 및 그 예산액을 통지하고 보조신청서를 제출하도록 하여야 한다. 이 경우 해당 지방자치단체의 조례로 정하는 바에 따라 관할 교육감 또는 교육장을 거쳐 보조대상사업 및 그 예산액을 통지하거나 보조신청서를 제출하게 할 수 있다.,위임,조례,,rule
P03836,①지방자치단체의 장은 해당 연도 보조사업에 대하여 각급학교의 장에게 보조대상사업 및 그 예산액을 통지하고 보조신청서를 제출하도록 하여야 한다. 이 경우 해당 지방자치단체의 조례로 정하는 바에 따라 관할 교육감 또는 교육장을 거쳐 보조대상사업 및 그 예산액을 통지하거나 보조신청서를 제출하게 할 수 있다.,위임,조례,,rule
P03837,①지방자치단체의 장은 해당 연도 보조사업에 대하여 각급학교의 장에게 보조대상사업 및 그 예산액을 통지하고 보조신청서를 제출하도록 하여야 한다. 이 경우 해당 지방자치단체의 조례로 정하는 바에 따라 관할 교육감 또는 교육장을 거쳐 보조대상사업 및 그 예산액을 통지하거나 보조신청서를 제출하게 할 수 있다.,위임,조례,,rule
P03838,①지방자치단체의 장은 해당 연도 보조사업에 대하여 각급학교의 장에게 보조대상사업 및 그 예산액을 통지하고 보조신청서를 제출하도록 하여야 한다. 이 경우 해당 지방자치단체의 조례로 정하는 바에 따라 관할 교육감 또는 교육장을 거쳐 보조대상사업 및 그 예산액을 통지하거나 보조신청서를 제출하게 할 수 있다.,위임,조례,,rule
P03839,①지방자치단체의 장은 해당 연도 보조사업에 대하여 각급학교의 장에게 보조대상사업 및 그 예산액을 통지하고 보조신청서를 제출하도록 하여야 한다. 이 경우 해당 지방자치단체의 조례로 정하는 바에 따라 관할 교육감 또는 교육장을 거쳐 보조대상사업 및 그 예산액을 통지하거나 보조신청서를 제출하게 할 수 있다.,위임,조례,,rule
P03840,①지방자치단체의 장은 해당 연도 보조사업에 대하여 각급학교의 장에게 보조대상사업 및 그 예산액을 통지하고 보조신청서를 제출하도록 하여야 한다. 이 경우 해당 지방자치단체의 조례로 정하는 바에 따라 관할 교육감 또는 교육장을 거쳐 보조대상사업 및 그 예산액을 통지하거나 보조신청서를 제출하게 할 수 있다.,위임,조례,,rule
P03841,①지방자치단체의 장은 해당 연도 보조사업에 대하여 각급학교의 장에게 보조대상사업 및 그 예산액을 통지하고 보조신청서를 제출하도록 하여야 한다. 이 경우 해당 지방자치단체의 조례로 정하는 바에 따라 관할 교육감 또는 교육장을 거쳐 보조대상사업 및 그 예산액을 통지하거나 보조신청서를 제출하게 할 수 있다.,위임,조례,,rule
P03842,①지방자치단체의 장은 해당 연도 보조사업에 대하여 각급학교의 장에게 보조대상사업 및 그 예산액을 통지하고 보조신청서를 제출하도록 하여야 한다. 이 경우 해당 지방자치단체의 조례로 정하는 바에 따라 관할 교육감 또는 교육장을 거쳐 보조대상사업 및 그 예산액을 통지하거나 보조신청서를 제출하게 할 수 있다.,위임,조례,,rule
P03843,①지방자치단체의 장은 해당 연도 보조사업에 대하여 각급학교의 장에게 보조대상사업 및 그 예산액을 통지하고 보조신청서를 제출하도록 하여야 한다. 이 경우 해당 지방자치단체의 조례로 정하는 바에 따라 관할 교육감 또는 교육장을 거쳐 보조대상사업 및 그 예산액을 통지하거나 보조신청서를 제출하게 할 수 있다.,위임,조례,,rule
P03844,①지방자치단체의 장은 해당 연도 보조사업에 대하여 각급학교의 장에게 보조대상사업 및 그 예산액을 통지하고 보조신청서를 제출하도록 하여야 한다. 이 경우 해당 지방자치단체의 조례로 정하는 바에 따라 관할 교육감 또는 교육장을 거쳐 보조대상사업 및 그 예산액을 통지하거나 보조신청서를 제출하게 할 수 있다.,위임,조례,,rule
P03845,①지방자치단체의 장은 해당 연도 보조사업에 대하여 각급학교의 장에게 보조대상사업 및 그 예산액을 통지하고 보조신청서를 제출하도록 하여야 한다. 이 경우 해당 지방자치단체의 조례로 정하는 바에 따라 관할 교육감 또는 교육장을 거쳐 보조대상사업 및 그 예산액을 통지하거나 보조신청서를 제출하게 할 수 있다.,위임,조례,,rule
P03846,①지방자치단체의 장은 해당 연도 보조사업에 대하여 각급학교의 장에게 보조대상사업 및 그 예산액을 통지하고 보조신청서를 제출하도록 하여야 한다. 이 경우 해당 지방자치단체의 조례로 정하는 바에 따라 관할 교육감 또는 교육장을 거쳐 보조대상사업 및 그 예산액을 통지하거나 보조신청서를 제출하게 할 수 있다.,위임,조례,,rule
P03847,①지방자치단체의 장은 해당 연도 보조사업에 대하여 각급학교의 장에게 보조대상사업 및 그 예산액을 통지하고 보조신청서를 제출하도록 하여야 한다. 이 경우 해당 지방자치단체의 조례로 정하는 바에 따라 관할 교육감 또는 교육장을 거쳐 보조대상사업 및 그 예산액을 통지하거나 보조신청서를 제출하게 할 수 있다.,위임,조례,,rule
P03848,①지방자치단체의 장은 해당 연도 보조사업에 대하여 각급학교의 장에게 보조대상사업 및 그 예산액을 통지하고 보조신청서를 제출하도록 하여야 한다. 이 경우 해당 지방자치단체의 조례로 정하는 바에 따라 관할 교육감 또는 교육장을 거쳐 보조대상사업 및 그 예산액을 통지하거나 보조신청서를 제출하게 할 수 있다.,위임,조례,,rule
P03849,①지방자치단체의 장은 해당 연도 보조사업에 대하여 각급학교의 장에게 보조대상사업 및 그 예산액을 통지하고 보조신청서를 제출하도록 하여야 한다. 이 경우 해당 지방자치단체의 조례로 정하는 바에 따라 관할 교육감 또는 교육장을 거쳐 보조대상사업 및 그 예산액을 통지하거나 보조신청서를 제출하게 할 수 있다.,위임,조례,,rule
P03850,①지방자치단체의 장은 해당 연도 보조사업에 대하여 각급학교의 장에게 보조대상사업 및 그 예산액을 통지하고 보조신청서를 제출하도록 하여야 한다. 이 경우 해당 지방자치단체의 조례로 정하는 바에 따라 관할 교육감 또는 교육장을 거쳐 보조대상사업 및 그 예산액을 통지하거나 보조신청서를 제출하게 할 수 있다.,위임,조례,,rule
P03851,①지방자치단체의 장은 해당 연도 보조사업에 대하여 각급학교의 장에게 보조대상사업 및 그 예산액을 통지하고 보조신청서를 제출하도록 하여야 한다. 이 경우 해당 지방자치단체의 조례로 정하는 바에 따라 관할 교육감 또는 교육장을 거쳐 보조대상사업 및 그 예산액을 통지하거나 보조신청서를 제출하게 할 수 있다.,위임,조례,,rule
P03852,①지방자치단체의 장은 해당 연도 보조사업에 대하여 각급학교의 장에게 보조대상사업 및 그 예산액을 통지하고 보조신청서를 제출하도록 하여야 한다. 이 경우 해당 지방자치단체의 조례로 정하는 바에 따라 관할 교육감 또는 교육장을 거쳐 보조대상사업 및 그 예산액을 통지하거나 보조신청서를 제출하게 할 수 있다.,위임,조례,,rule
P03853,①지방자치단체의 장은 해당 연도 보조사업에 대하여 각급학교의 장에게 보조대상사업 및 그 예산액을 통지하고 보조신청서를 제출하도록 하여야 한다. 이 경우 해당 지방자치단체의 조례로 정하는 바에 따라 관할 교육감 또는 교육장을 거쳐 보조대상사업 및 그 예산액을 통지하거나 보조신청서를 제출하게 할 수 있다.,위임,조례,,rule
P03854,①지방자치단체의 장은 해당 연도 보조사업에 대하여 각급학교의 장에게 보조대상사업 및 그 예산액을 통지하고 보조신청서를 제출하도록 하여야 한다. 이 경우 해당 지방자치단체의 조례로 정하는 바에 따라 관할 교육감 또는 교육장을 거쳐 보조대상사업 및 그 예산액을 통지하거나 보조신청서를 제출하게 할 수 있다.,위임,조례,,rule
P03855,①지방자치단체의 장은 해당 연도 보조사업에 대하여 각급학교의 장에게 보조대상사업 및 그 예산액을 통지하고 보조신청서를 제출하도록 하여야 한다. 이 경우 해당 지방자치단체의 조례로 정하는 바에 따라 관할 교육감 또는 교육장을 거쳐 보조대상사업 및 그 예산액을 통지하거나 보조신청서를 제출하게 할 수 있다.,위임,조례,,rule
P03856,①지방자치단체의 장은 해당 연도 보조사업에 대하여 각급학교의 장에게 보조대상사업 및 그 예산액을 통지하고 보조신청서를 제출하도록 하여야 한다. 이 경우 해당 지방자치단체의 조례로 정하는 바에 따라 관할 교육감 또는 교육장을 거쳐 보조대상사업 및 그 예산액을 통지하거나 보조신청서를 제출하게 할 수 있다.,위임,조례,,rule
P03857,①지방자치단체의 장은 해당 연도 보조사업에 대하여 각급학교의 장에게 보조대상사업 및 그 예산액을 통지하고 보조신청서를 제출하도록 하여야 한다. 이 경우 해당 지방자치단체의 조례로 정하는 바에 따라 관할 교육감 또는 교육장을 거쳐 보조대상사업 및 그 예산액을 통지하거나 보조신청서를 제출하게 할 수 있다.,위임,조례,,rule
P03858,①지방자치단체의 장은 해당 연도 보조사업에 대하여 각급학교의 장에게 보조대상사업 및 그 예산액을 통지하고 보조신청서를 제출하도록 하여야 한다. 이 경우 해당 지방자치단체의 조례로 정하는 바에 따라 관할 교육감 또는 교육장을 거쳐 보조대상사업 및 그 예산액을 통지하거나 보조신청서를 제출하게 할 수 있다.,위임,조례,,rule
P03859,①지방자치단체의 장은 해당 연도 보조사업에 대하여 각급학교의 장에게 보조대상사업 및 그 예산액을 통지하고 보조신청서를 제출하도록 하여야 한다. 이 경우 해당 지방자치단체의 조례로 정하는 바에 따라 관할 교육감 또는 교육장을 거쳐 보조대상사업 및 그 예산액을 통지하거나 보조신청서를 제출하게 할 수 있다.,위임,조례,,rule
P03860,①지방자치단체의 장은 해당 연도 보조사업에 대하여 각급학교의 장에게 보조대상사업 및 그 예산액을 통지하고 보조신청서를 제출하도록 하여야 한다. 이 경우 해당 지방자치단체의 조례로 정하는 바에 따라 관할 교육감 또는 교육장을 거쳐 보조대상사업 및 그 예산액을 통지하거나 보조신청서를 제출하게 할 수 있다.,위임,조례,,rule
P03861,①지방자치단체의 장은 해당 연도 보조사업에 대하여 각급학교의 장에게 보조대상사업 및 그 예산액을 통지하고 보조신청서를 제출하도록 하여야 한다. 이 경우 해당 지방자치단체의 조례로 정하는 바에 따라 관할 교육감 또는 교육장을 거쳐 보조대상사업 및 그 예산액을 통지하거나 보조신청서를 제출하게 할 수 있다.,위임,조례,,rule
P03862,①지방자치단체의 장은 해당 연도 보조사업에 대하여 각급학교의 장에게 보조대상사업 및 그 예산액을 통지하고 보조신청서를 제출하도록 하여야 한다. 이 경우 해당 지방자치단체의 조례로 정하는 바에 따라 관할 교육감 또는 교육장을 거쳐 보조대상사업 및 그 예산액을 통지하거나 보조신청서를 제출하게 할 수 있다.,위임,조례,,rule
P03863,①지방자치단체의 장은 해당 연도 보조사업에 대하여 각급학교의 장에게 보조대상사업 및 그 예산액을 통지하고 보조신청서를 제출하도록 하여야 한다. 이 경우 해당 지방자치단체의 조례로 정하는 바에 따라 관할 교육감 또는 교육장을 거쳐 보조대상사업 및 그 예산액을 통지하거나 보조신청서를 제출하게 할 수 있다.,위임,조례,,rule
P03864,①지방자치단체의 장은 해당 연도 보조사업에 대하여 각급학교의 장에게 보조대상사업 및 그 예산액을 통지하고 보조신청서를 제출하도록 하여야 한다. 이 경우 해당 지방자치단체의 조례로 정하는 바에 따라 관할 교육감 또는 교육장을 거쳐 보조대상사업 및 그 예산액을 통지하거나 보조신청서를 제출하게 할 수 있다.,위임,조례,,rule
P03865,①지방자치단체의 장은 해당 연도 보조사업에 대하여 각급학교의 장에게 보조대상사업 및 그 예산액을 통지하고 보조신청서를 제출하도록 하여야 한다. 이 경우 해당 지방자치단체의 조례로 정하는 바에 따라 관할 교육감 또는 교육장을 거쳐 보조대상사업 및 그 예산액을 통지하거나 보조신청서를 제출하게 할 수 있다.,위임,조례,,rule
P03866,①지방자치단체의 장은 해당 연도 보조사업에 대하여 각급학교의 장에게 보조대상사업 및 그 예산액을 통지하고 보조신청서를 제출하도록 하여야 한다. 이 경우 해당 지방자치단체의 조례로 정하는 바에 따라 관할 교육감 또는 교육장을 거쳐 보조대상사업 및 그 예산액을 통지하거나 보조신청서를 제출하게 할 수 있다.,위임,조례,,rule
P03867,①지방자치단체의 장은 해당 연도 보조사업에 대하여 각급학교의 장에게 보조대상사업 및 그 예산액을 통지하고 보조신청서를 제출하도록 하여야 한다. 이 경우 해당 지방자치단체의 조례로 정하는 바에 따라 관할 교육감 또는 교육장을 거쳐 보조대상사업 및 그 예산액을 통지하거나 보조신청서를 제출하게 할 수 있다.,위임,조례,,rule
P03868,①지방자치단체의 장은 해당 연도 보조사업에 대하여 각급학교의 장에게 보조대상사업 및 그 예산액을 통지하고 보조신청서를 제출하도록 하여야 한다. 이 경우 해당 지방자치단체의 조례로 정하는 바에 따라 관할 교육감 또는 교육장을 거쳐 보조대상사업 및 그 예산액을 통지하거나 보조신청서를 제출하게 할 수 있다.,위임,조례,,rule
P03869,①지방자치단체의 장은 해당 연도 보조사업에 대하여 각급학교의 장에게 보조대상사업 및 그 예산액을 통지하고 보조신청서를 제출하도록 하여야 한다. 이 경우 해당 지방자치단체의 조례로 정하는 바에 따라 관할 교육감 또는 교육장을 거쳐 보조대상사업 및 그 예산액을 통지하거나 보조신청서를 제출하게 할 수 있다.,위임,조례,,rule
P03870,①지방자치단체의 장은 해당 연도 보조사업에 대하여 각급학교의 장에게 보조대상사업 및 그 예산액을 통지하고 보조신청서를 제출하도록 하여야 한다. 이 경우 해당 지방자치단체의 조례로 정하는 바에 따라 관할 교육감 또는 교육장을 거쳐 보조대상사업 및 그 예산액을 통지하거나 보조신청서를 제출하게 할 수 있다.,위임,조례,,rule
P03871,①지방자치단체의 장은 해당 연도 보조사업에 대하여 각급학교의 장에게 보조대상사업 및 그 예산액을 통지하고 보조신청서를 제출하도록 하여야 한다. 이 경우 해당 지방자치단체의 조례로 정하는 바에 따라 관할 교육감 또는 교육장을 거쳐 보조대상사업 및 그 예산액을 통지하거나 보조신청서를 제출하게 할 수 있다.,위임,조례,,rule
P03872,①지방자치단체의 장은 해당 연도 보조사업에 대하여 각급학교의 장에게 보조대상사업 및 그 예산액을 통지하고 보조신청서를 제출하도록 하여야 한다. 이 경우 해당 지방자치단체의 조례로 정하는 바에 따라 관할 교육감 또는 교육장을 거쳐 보조대상사업 및 그 예산액을 통지하거나 보조신청서를 제출하게 할 수 있다.,위임,조례,,rule
P03873,①지방자치단체의 장은 해당 연도 보조사업에 대하여 각급학교의 장에게 보조대상사업 및 그 예산액을 통지하고 보조신청서를 제출하도록 하여야 한다. 이 경우 해당 지방자치단체의 조례로 정하는 바에 따라 관할 교육감 또는 교육장을 거쳐 보조대상사업 및 그 예산액을 통지하거나 보조신청서를 제출하게 할 수 있다.,위임,조례,,rule
P03874,①지방자치단체의 장은 해당 연도 보조사업에 대하여 각급학교의 장에게 보조대상사업 및 그 예산액을 통지하고 보조신청서를 제출하도록 하여야 한다. 이 경우 해당 지방자치단체의 조례로 정하는 바에 따라 관할 교육감 또는 교육장을 거쳐 보조대상사업 및 그 예산액을 통지하거나 보조신청서를 제출하게 할 수 있다.,위임,조례,,rule
P03875,①지방자치단체의 장은 해당 연도 보조사업에 대하여 각급학교의 장에게 보조대상사업 및 그 예산액을 통지하고 보조신청서를 제출하도록 하여야 한다. 이 경우 해당 지방자치단체의 조례로 정하는 바에 따라 관할 교육감 또는 교육장을 거쳐 보조대상사업 및 그 예산액을 통지하거나 보조신청서를 제출하게 할 수 있다.,위임,조례,,rule
P03876,①지방자치단체의 장은 해당 연도 보조사업에 대하여 각급학교의 장에게 보조대상사업 및 그 예산액을 통지하고 보조신청서를 제출하도록 하여야 한다. 이 경우 해당 지방자치단체의 조례로 정하는 바에 따라 관할 교육감 또는 교육장을 거쳐 보조대상사업 및 그 예산액을 통지하거나 보조신청서를 제출하게 할 수 있다.,위임,조례,,rule
P03877,①지방자치단체의 장은 해당 연도 보조사업에 대하여 각급학교의 장에게 보조대상사업 및 그 예산액을 통지하고 보조신청서를 제출하도록 하여야 한다. 이 경우 해당 지방자치단체의 조례로 정하는 바에 따라 관할 교육감 또는 교육장을 거쳐 보조대상사업 및 그 예산액을 통지하거나 보조신청서를 제출하게 할 수 있다.,위임,조례,,rule
P03878,①지방자치단체의 장은 해당 연도 보조사업에 대하여 각급학교의 장에게 보조대상사업 및 그 예산액을 통지하고 보조신청서를 제출하도록 하여야 한다. 이 경우 해당 지방자치단체의 조례로 정하는 바에 따라 관할 교육감 또는 교육장을 거쳐 보조대상사업 및 그 예산액을 통지하거나 보조신청서를 제출하게 할 수 있다.,위임,조례,,rule
P03879,①지방자치단체의 장은 해당 연도 보조사업에 대하여 각급학교의 장에게 보조대상사업 및 그 예산액을 통지하고 보조신청서를 제출하도록 하여야 한다. 이 경우 해당 지방자치단체의 조례로 정하는 바에 따라 관할 교육감 또는 교육장을 거쳐 보조대상사업 및 그 예산액을 통지하거나 보조신청서를 제출하게 할 수 있다.,위임,조례,,rule
P03880,①지방자치단체의 장은 해당 연도 보조사업에 대하여 각급학교의 장에게 보조대상사업 및 그 예산액을 통지하고 보조신청서를 제출하도록 하여야 한다. 이 경우 해당 지방자치단체의 조례로 정하는 바에 따라 관할 교육감 또는 교육장을 거쳐 보조대상사업 및 그 예산액을 통지하거나 보조신청서를 제출하게 할 수 있다.,위임,조례,,rule
P03881,①지방자치단체의 장은 해당 연도 보조사업에 대하여 각급학교의 장에게 보조대상사업 및 그 예산액을 통지하고 보조신청서를 제출하도록 하여야 한다. 이 경우 해당 지방자치단체의 조례로 정하는 바에 따라 관할 교육감 또는 교육장을 거쳐 보조대상사업 및 그 예산액을 통지하거나 보조신청서를 제출하게 할 수 있다.,위임,조례,,rule
P03882,①지방자치단체의 장은 해당 연도 보조사업에 대하여 각급학교의 장에게 보조대상사업 및 그 예산액을 통지하고 보조신청서를 제출하도록 하여야 한다. 이 경우 해당 지방자치단체의 조례로 정하는 바에 따라 관할 교육감 또는 교육장을 거쳐 보조대상사업 및 그 예산액을 통지하거나 보조신청서를 제출하게 할 수 있다.,위임,조례,,rule
P03883,①지방자치단체의 장은 해당 연도 보조사업에 대하여 각급학교의 장에게 보조대상사업 및 그 예산액을 통지하고 보조신청서를 제출하도록 하여야 한다. 이 경우 해당 지방자치단체의 조례로 정하는 바에 따라 관할 교육감 또는 교육장을 거쳐 보조대상사업 및 그 예산액을 통지하거나 보조신청서를 제출하게 할 수 있다.,위임,조례,,rule
P03884,①지방자치단체의 장은 해당 연도 보조사업에 대하여 각급학교의 장에게 보조대상사업 및 그 예산액을 통지하고 보조신청서를 제출하도록 하여야 한다. 이 경우 해당 지방자치단체의 조례로 정하는 바에 따라 관할 교육감 또는 교육장을 거쳐 보조대상사업 및 그 예산액을 통지하거나 보조신청서를 제출하게 할 수 있다.,위임,조례,,rule
P03885,①지방자치단체의 장은 해당 연도 보조사업에 대하여 각급학교의 장에게 보조대상사업 및 그 예산액을 통지하고 보조신청서를 제출하도록 하여야 한다. 이 경우 해당 지방자치단체의 조례로 정하는 바에 따라 관할 교육감 또는 교육장을 거쳐 보조대상사업 및 그 예산액을 통지하거나 보조신청서를 제출하게 할 수 있다.,위임,조례,,rule
P03886,①지방자치단체의 장은 해당 연도 보조사업에 대하여 각급학교의 장에게 보조대상사업 및 그 예산액을 통지하고 보조신청서를 제출하도록 하여야 한다. 이 경우 해당 지방자치단체의 조례로 정하는 바에 따라 관할 교육감 또는 교육장을 거쳐 보조대상사업 및 그 예산액을 통지하거나 보조신청서를 제출하게 할 수 있다.,위임,조례,,rule
P03887,①지방자치단체의 장은 해당 연도 보조사업에 대하여 각급학교의 장에게 보조대상사업 및 그 예산액을 통지하고 보조신청서를 제출하도록 하여야 한다. 이 경우 해당 지방자치단체의 조례로 정하는 바에 따라 관할 교육감 또는 교육장을 거쳐 보조대상사업 및 그 예산액을 통지하거나 보조신청서를 제출하게 할 수 있다.,위임,조례,,rule
P03888,①지방자치단체의 장은 해당 연도 보조사업에 대하여 각급학교의 장에게 보조대상사업 및 그 예산액을 통지하고 보조신청서를 제출하도록 하여야 한다. 이 경우 해당 지방자치단체의 조례로 정하는 바에 따라 관할 교육감 또는 교육장을 거쳐 보조대상사업 및 그 예산액을 통지하거나 보조신청서를 제출하게 할 수 있다.,위임,조례,,rule
P03889,①지방자치단체의 장은 해당 연도 보조사업에 대하여 각급학교의 장에게 보조대상사업 및 그 예산액을 통지하고 보조신청서를 제출하도록 하여야 한다. 이 경우 해당 지방자치단체의 조례로 정하는 바에 따라 관할 교육감 또는 교육장을 거쳐 보조대상사업 및 그 예산액을 통지하거나 보조신청서를 제출하게 할 수 있다.,위임,조례,,rule
P03890,①지방자치단체의 장은 해당 연도 보조사업에 대하여 각급학교의 장에게 보조대상사업 및 그 예산액을 통지하고 보조신청서를 제출하도록 하여야 한다. 이 경우 해당 지방자치단체의 조례로 정하는 바에 따라 관할 교육감 또는 교육장을 거쳐 보조대상사업 및 그 예산액을 통지하거나 보조신청서를 제출하게 할 수 있다.,위임,조례,,rule
P03891,①지방자치단체의 장은 해당 연도 보조사업에 대하여 각급학교의 장에게 보조대상사업 및 그 예산액을 통지하고 보조신청서를 제출하도록 하여야 한다. 이 경우 해당 지방자치단체의 조례로 정하는 바에 따라 관할 교육감 또는 교육장을 거쳐 보조대상사업 및 그 예산액을 통지하거나 보조신청서를 제출하게 할 수 있다.,위임,조례,,rule
P03892,①지방자치단체의 장은 해당 연도 보조사업에 대하여 각급학교의 장에게 보조대상사업 및 그 예산액을 통지하고 보조신청서를 제출하도록 하여야 한다. 이 경우 해당 지방자치단체의 조례로 정하는 바에 따라 관할 교육감 또는 교육장을 거쳐 보조대상사업 및 그 예산액을 통지하거나 보조신청서를 제출하게 할 수 있다.,위임,조례,,rule
P03893,①지방자치단체의 장은 해당 연도 보조사업에 대하여 각급학교의 장에게 보조대상사업 및 그 예산액을 통지하고 보조신청서를 제출하도록 하여야 한다. 이 경우 해당 지방자치단체의 조례로 정하는 바에 따라 관할 교육감 또는 교육장을 거쳐 보조대상사업 및 그 예산액을 통지하거나 보조신청서를 제출하게 할 수 있다.,위임,조례,,rule
P03894,①지방자치단체의 장은 해당 연도 보조사업에 대하여 각급학교의 장에게 보조대상사업 및 그 예산액을 통지하고 보조신청서를 제출하도록 하여야 한다. 이 경우 해당 지방자치단체의 조례로 정하는 바에 따라 관할 교육감 또는 교육장을 거쳐 보조대상사업 및 그 예산액을 통지하거나 보조신청서를 제출하게 할 수 있다.,위임,조례,,rule
P03895,①지방자치단체의 장은 해당 연도 보조사업에 대하여 각급학교의 장에게 보조대상사업 및 그 예산액을 통지하고 보조신청서를 제출하도록 하여야 한다. 이 경우 해당 지방자치단체의 조례로 정하는 바에 따라 관할 교육감 또는 교육장을 거쳐 보조대상사업 및 그 예산액을 통지하거나 보조신청서를 제출하게 할 수 있다.,위임,조례,,rule
P03896,①지방자치단체의 장은 해당 연도 보조사업에 대하여 각급학교의 장에게 보조대상사업 및 그 예산액을 통지하고 보조신청서를 제출하도록 하여야 한다. 이 경우 해당 지방자치단체의 조례로 정하는 바에 따라 관할 교육감 또는 교육장을 거쳐 보조대상사업 및 그 예산액을 통지하거나 보조신청서를 제출하게 할 수 있다.,위임,조례,,rule
P03897,①지방자치단체의 장은 해당 연도 보조사업에 대하여 각급학교의 장에게 보조대상사업 및 그 예산액을 통지하고 보조신청서를 제출하도록 하여야 한다. 이 경우 해당 지방자치단체의 조례로 정하는 바에 따라 관할 교육감 또는 교육장을 거쳐 보조대상사업 및 그 예산액을 통지하거나 보조신청서를 제출하게 할 수 있다.,위임,조례,,rule
P03898,①지방자치단체의 장은 해당 연도 보조사업에 대하여 각급학교의 장에게 보조대상사업 및 그 예산액을 통지하고 보조신청서를 제출하도록 하여야 한다. 이 경우 해당 지방자치단체의 조례로 정하는 바에 따라 관할 교육감 또는 교육장을 거쳐 보조대상사업 및 그 예산액을 통지하거나 보조신청서를 제출하게 할 수 있다.,위임,조례,,rule
P03899,①지방자치단체의 장은 해당 연도 보조사업에 대하여 각급학교의 장에게 보조대상사업 및 그 예산액을 통지하고 보조신청서를 제출하도록 하여야 한다. 이 경우 해당 지방자치단체의 조례로 정하는 바에 따라 관할 교육감 또는 교육장을 거쳐 보조대상사업 및 그 예산액을 통지하거나 보조신청서를 제출하게 할 수 있다.,위임,조례,,rule
P03900,①지방자치단체의 장은 해당 연도 보조사업에 대하여 각급학교의 장에게 보조대상사업 및 그 예산액을 통지하고 보조신청서를 제출하도록 하여야 한다. 이 경우 해당 지방자치단체의 조례로 정하는 바에 따라 관할 교육감 또는 교육장을 거쳐 보조대상사업 및 그 예산액을 통지하거나 보조신청서를 제출하게 할 수 있다.,위임,조례,,rule
P03901,①지방자치단체의 장은 해당 연도 보조사업에 대하여 각급학교의 장에게 보조대상사업 및 그 예산액을 통지하고 보조신청서를 제출하도록 하여야 한다. 이 경우 해당 지방자치단체의 조례로 정하는 바에 따라 관할 교육감 또는 교육장을 거쳐 보조대상사업 및 그 예산액을 통지하거나 보조신청서를 제출하게 할 수 있다.,위임,조례,,rule
P03902,①지방자치단체의 장은 해당 연도 보조사업에 대하여 각급학교의 장에게 보조대상사업 및 그 예산액을 통지하고 보조신청서를 제출하도록 하여야 한다. 이 경우 해당 지방자치단체의 조례로 정하는 바에 따라 관할 교육감 또는 교육장을 거쳐 보조대상사업 및 그 예산액을 통지하거나 보조신청서를 제출하게 할 수 있다.,위임,조례,,rule
P03903,①지방자치단체의 장은 해당 연도 보조사업에 대하여 각급학교의 장에게 보조대상사업 및 그 예산액을 통지하고 보조신청서를 제출하도록 하여야 한다. 이 경우 해당 지방자치단체의 조례로 정하는 바에 따라 관할 교육감 또는 교육장을 거쳐 보조대상사업 및 그 예산액을 통지하거나 보조신청서를 제출하게 할 수 있다.,위임,조례,,rule
P03904,①지방자치단체의 장은 해당 연도 보조사업에 대하여 각급학교의 장에게 보조대상사업 및 그 예산액을 통지하고 보조신청서를 제출하도록 하여야 한다. 이 경우 해당 지방자치단체의 조례로 정하는 바에 따라 관할 교육감 또는 교육장을 거쳐 보조대상사업 및 그 예산액을 통지하거나 보조신청서를 제출하게 할 수 있다.,위임,조례,,rule
P03905,①지방자치단체의 장은 해당 연도 보조사업에 대하여 각급학교의 장에게 보조대상사업 및 그 예산액을 통지하고 보조신청서를 제출하도록 하여야 한다. 이 경우 해당 지방자치단체의 조례로 정하는 바에 따라 관할 교육감 또는 교육장을 거쳐 보조대상사업 및 그 예산액을 통지하거나 보조신청서를 제출하게 할 수 있다.,위임,조례,,rule
P03906,①지방자치단체의 장은 해당 연도 보조사업에 대하여 각급학교의 장에게 보조대상사업 및 그 예산액을 통지하고 보조신청서를 제출하도록 하여야 한다. 이 경우 해당 지방자치단체의 조례로 정하는 바에 따라 관할 교육감 또는 교육장을 거쳐 보조대상사업 및 그 예산액을 통지하거나 보조신청서를 제출하게 할 수 있다.,위임,조례,,rule
P03907,①지방자치단체의 장은 해당 연도 보조사업에 대하여 각급학교의 장에게 보조대상사업 및 그 예산액을 통지하고 보조신청서를 제출하도록 하여야 한다. 이 경우 해당 지방자치단체의 조례로 정하는 바에 따라 관할 교육감 또는 교육장을 거쳐 보조대상사업 및 그 예산액을 통지하거나 보조신청서를 제출하게 할 수 있다.,위임,조례,,rule
P03908,①지방자치단체의 장은 해당 연도 보조사업에 대하여 각급학교의 장에게 보조대상사업 및 그 예산액을 통지하고 보조신청서를 제출하도록 하여야 한다. 이 경우 해당 지방자치단체의 조례로 정하는 바에 따라 관할 교육감 또는 교육장을 거쳐 보조대상사업 및 그 예산액을 통지하거나 보조신청서를 제출하게 할 수 있다.,위임,조례,,rule
P03909,①지방자치단체의 장은 해당 연도 보조사업에 대하여 각급학교의 장에게 보조대상사업 및 그 예산액을 통지하고 보조신청서를 제출하도록 하여야 한다. 이 경우 해당 지방자치단체의 조례로 정하는 바에 따라 관할 교육감 또는 교육장을 거쳐 보조대상사업 및 그 예산액을 통지하거나 보조신청서를 제출하게 할 수 있다.,위임,조례,,rule
P03910,①지방자치단체의 장은 해당 연도 보조사업에 대하여 각급학교의 장에게 보조대상사업 및 그 예산액을 통지하고 보조신청서를 제출하도록 하여야 한다. 이 경우 해당 지방자치단체의 조례로 정하는 바에 따라 관할 교육감 또는 교육장을 거쳐 보조대상사업 및 그 예산액을 통지하거나 보조신청서를 제출하게 할 수 있다.,위임,조례,,rule
P03911,①지방자치단체의 장은 해당 연도 보조사업에 대하여 각급학교의 장에게 보조대상사업 및 그 예산액을 통지하고 보조신청서를 제출하도록 하여야 한다. 이 경우 해당 지방자치단체의 조례로 정하는 바에 따라 관할 교육감 또는 교육장을 거쳐 보조대상사업 및 그 예산액을 통지하거나 보조신청서를 제출하게 할 수 있다.,위임,조례,,rule
P03912,①지방자치단체의 장은 해당 연도 보조사업에 대하여 각급학교의 장에게 보조대상사업 및 그 예산액을 통지하고 보조신청서를 제출하도록 하여야 한다. 이 경우 해당 지방자치단체의 조례로 정하는 바에 따라 관할 교육감 또는 교육장을 거쳐 보조대상사업 및 그 예산액을 통지하거나 보조신청서를 제출하게 할 수 있다.,위임,조례,,rule
P03913,①지방자치단체의 장은 해당 연도 보조사업에 대하여 각급학교의 장에게 보조대상사업 및 그 예산액을 통지하고 보조신청서를 제출하도록 하여야 한다. 이 경우 해당 지방자치단체의 조례로 정하는 바에 따라 관할 교육감 또는 교육장을 거쳐 보조대상사업 및 그 예산액을 통지하거나 보조신청서를 제출하게 할 수 있다.,위임,조례,,rule
P03914,①지방자치단체의 장은 해당 연도 보조사업에 대하여 각급학교의 장에게 보조대상사업 및 그 예산액을 통지하고 보조신청서를 제출하도록 하여야 한다. 이 경우 해당 지방자치단체의 조례로 정하는 바에 따라 관할 교육감 또는 교육장을 거쳐 보조대상사업 및 그 예산액을 통지하거나 보조신청서를 제출하게 할 수 있다.,위임,조례,,rule
P03915,①지방자치단체의 장은 해당 연도 보조사업에 대하여 각급학교의 장에게 보조대상사업 및 그 예산액을 통지하고 보조신청서를 제출하도록 하여야 한다. 이 경우 해당 지방자치단체의 조례로 정하는 바에 따라 관할 교육감 또는 교육장을 거쳐 보조대상사업 및 그 예산액을 통지하거나 보조신청서를 제출하게 할 수 있다.,위임,조례,,rule
P03916,①지방자치단체의 장은 해당 연도 보조사업에 대하여 각급학교의 장에게 보조대상사업 및 그 예산액을 통지하고 보조신청서를 제출하도록 하여야 한다. 이 경우 해당 지방자치단체의 조례로 정하는 바에 따라 관할 교육감 또는 교육장을 거쳐 보조대상사업 및 그 예산액을 통지하거나 보조신청서를 제출하게 할 수 있다.,위임,조례,,rule
P03917,①지방자치단체의 장은 해당 연도 보조사업에 대하여 각급학교의 장에게 보조대상사업 및 그 예산액을 통지하고 보조신청서를 제출하도록 하여야 한다. 이 경우 해당 지방자치단체의 조례로 정하는 바에 따라 관할 교육감 또는 교육장을 거쳐 보조대상사업 및 그 예산액을 통지하거나 보조신청서를 제출하게 할 수 있다.,위임,조례,,rule
P03918,①지방자치단체의 장은 해당 연도 보조사업에 대하여 각급학교의 장에게 보조대상사업 및 그 예산액을 통지하고 보조신청서를 제출하도록 하여야 한다. 이 경우 해당 지방자치단체의 조례로 정하는 바에 따라 관할 교육감 또는 교육장을 거쳐 보조대상사업 및 그 예산액을 통지하거나 보조신청서를 제출하게 할 수 있다.,위임,조례,,rule
P03919,①지방자치단체의 장은 해당 연도 보조사업에 대하여 각급학교의 장에게 보조대상사업 및 그 예산액을 통지하고 보조신청서를 제출하도록 하여야 한다. 이 경우 해당 지방자치단체의 조례로 정하는 바에 따라 관할 교육감 또는 교육장을 거쳐 보조대상사업 및 그 예산액을 통지하거나 보조신청서를 제출하게 할 수 있다.,위임,조례,,rule
P03920,①지방자치단체의 장은 해당 연도 보조사업에 대하여 각급학교의 장에게 보조대상사업 및 그 예산액을 통지하고 보조신청서를 제출하도록 하여야 한다. 이 경우 해당 지방자치단체의 조례로 정하는 바에 따라 관할 교육감 또는 교육장을 거쳐 보조대상사업 및 그 예산액을 통지하거나 보조신청서를 제출하게 할 수 있다.,위임,조례,,rule
P03921,①지방자치단체의 장은 해당 연도 보조사업에 대하여 각급학교의 장에게 보조대상사업 및 그 예산액을 통지하고 보조신청서를 제출하도록 하여야 한다. 이 경우 해당 지방자치단체의 조례로 정하는 바에 따라 관할 교육감 또는 교육장을 거쳐 보조대상사업 및 그 예산액을 통지하거나 보조신청서를 제출하게 할 수 있다.,위임,조례,,rule
P03922,①지방자치단체의 장은 해당 연도 보조사업에 대하여 각급학교의 장에게 보조대상사업 및 그 예산액을 통지하고 보조신청서를 제출하도록 하여야 한다. 이 경우 해당 지방자치단체의 조례로 정하는 바에 따라 관할 교육감 또는 교육장을 거쳐 보조대상사업 및 그 예산액을 통지하거나 보조신청서를 제출하게 할 수 있다.,위임,조례,,rule
P03923,①지방자치단체의 장은 해당 연도 보조사업에 대하여 각급학교의 장에게 보조대상사업 및 그 예산액을 통지하고 보조신청서를 제출하도록 하여야 한다. 이 경우 해당 지방자치단체의 조례로 정하는 바에 따라 관할 교육감 또는 교육장을 거쳐 보조대상사업 및 그 예산액을 통지하거나 보조신청서를 제출하게 할 수 있다.,위임,조례,,rule
P03924,필요한 사항은 대통령령으로,위임,대통령령,,rule
P03925,필요한 사항은 대통령령으로,위임,대통령령,,rule
P03926,필요한 사항은 대통령령으로,위임,대통령령,,rule
P03927,필요한 사항은 대통령령으로,위임,대통령령,,rule
P03928,대통령령으로 정하는 사람의,위임,대통령령,,rule
P03929,필요한 사항은 대통령령으로,위임,대통령령,,rule
P03930,④ 시ㆍ도교육감이 설치한 취업지원센터의 운영 등에 필요한 사항은 시ㆍ도의 조례로 정한다.,위임,조례,,rule
P03931,④ 시ㆍ도교육감이 설치한 취업지원센터의 운영 등에 필요한 사항은 시ㆍ도의 조례로 정한다.,위임,조례,,rule
P03932,④ 시ㆍ도교육감이 설치한 취업지원센터의 운영 등에 필요한 사항은 시ㆍ도의 조례로 정한다.,위임,조례,,rule
P03933,④ 시ㆍ도교육감이 설치한 취업지원센터의 운영 등에 필요한 사항은 시ㆍ도의 조례로 정한다.,위임,조례,,rule
P03934,④ 시ㆍ도교육감이 설치한 취업지원센터의 운영 등에 필요한 사항은 시ㆍ도의 조례로 정한다.,위임,조례,,rule
P03935,④ 시ㆍ도교육감이 설치한 취업지원센터의 운영 등에 필요한 사항은 시ㆍ도의 조례로 정한다.,위임,조례,,rule
P03936,④ 시ㆍ도교육감이 설치한 취업지원센터의 운영 등에 필요한 사항은 시ㆍ도의 조례로 정한다.,위임,조례,,rule
P03937,④ 시ㆍ도교육감이 설치한 취업지원센터의 운영 등에 필요한 사항은 시ㆍ도의 조례로 정한다.,위임,조례,,rule
P03938,④ 시ㆍ도교육감이 설치한 취업지원센터의 운영 등에 필요한 사항은 시ㆍ도의 조례로 정한다.,위임,조례,,rule
P03939,④ 시ㆍ도교육감이 설치한 취업지원센터의 운영 등에 필요한 사항은 시ㆍ도의 조례로 정한다.,위임,조례,,rule
P03940,④ 시ㆍ도교육감이 설치한 취업지원센터의 운영 등에 필요한 사항은 시ㆍ도의 조례로 정한다.,위임,조례,,rule
P03941,④ 시ㆍ도교육감이 설치한 취업지원센터의 운영 등에 필요한 사항은 시ㆍ도의 조례로 정한다.,위임,조례,,rule
P03942,④ 시ㆍ도교육감이 설치한 취업지원센터의 운영 등에 필요한 사항은 시ㆍ도의 조례로 정한다.,위임,조례,,rule
P03943,④ 시ㆍ도교육감이 설치한 취업지원센터의 운영 등에 필요한 사항은 시ㆍ도의 조례로 정한다.,위임,조례,,rule
P03944,④ 시ㆍ도교육감이 설치한 취업지원센터의 운영 등에 필요한 사항은 시ㆍ도의 조례로 정한다.,위임,조례,,rule
P03945,"③ 취업전담교사 배치 기준, 취업지원활동의 수업시간 인정 기준 및 범위 등 취업전담교사 운영에 필요한 사항은 시ㆍ도의 조례로 정한다.",위임,조례,,rule
P03946,"② 취업지원인력의 채용, 배치 기준 등 취업지원인력 운영에 필요한 사항은 시ㆍ도의 조례로 정한다.",위임,조례,,rule
P03947,"② 취업지원인력의 채용, 배치 기준 등 취업지원인력 운영에 필요한 사항은 시ㆍ도의 조례로 정한다.",위임,조례,,rule
P03948,"② 취업지원인력의 채용, 배치 기준 등 취업지원인력 운영에 필요한 사항은 시ㆍ도의 조례로 정한다.",위임,조례,,rule
P03949,"② 취업지원인력의 채용, 배치 기준 등 취업지원인력 운영에 필요한 사항은 시ㆍ도의 조례로 정한다.",위임,조례,,rule
P03950,"② 취업지원인력의 채용, 배치 기준 등 취업지원인력 운영에 필요한 사항은 시ㆍ도의 조례로 정한다.",위임,조례,,rule
P03951,"② 취업지원인력의 채용, 배치 기준 등 취업지원인력 운영에 필요한 사항은 시ㆍ도의 조례로 정한다.",위임,조례,,rule
P03952,"② 취업지원인력의 채용, 배치 기준 등 취업지원인력 운영에 필요한 사항은 시ㆍ도의 조례로 정한다.",위임,조례,,rule
P03953,"② 취업지원인력의 채용, 배치 기준 등 취업지원인력 운영에 필요한 사항은 시ㆍ도의 조례로 정한다.",위임,조례,,rule
P03954,"② 취업지원인력의 채용, 배치 기준 등 취업지원인력 운영에 필요한 사항은 시ㆍ도의 조례로 정한다.",위임,조례,,rule
P03955,"② 취업지원인력의 채용, 배치 기준 등 취업지원인력 운영에 필요한 사항은 시ㆍ도의 조례로 정한다.",위임,조례,,rule
P03956,"② 취업지원인력의 채용, 배치 기준 등 취업지원인력 운영에 필요한 사항은 시ㆍ도의 조례로 정한다.",위임,조례,,rule
P03957,"② 취업지원인력의 채용, 배치 기준 등 취업지원인력 운영에 필요한 사항은 시ㆍ도의 조례로 정한다.",위임,조례,,rule
P03958,"② 취업지원인력의 채용, 배치 기준 등 취업지원인력 운영에 필요한 사항은 시ㆍ도의 조례로 정한다.",위임,조례,,rule
P03959,"② 취업지원인력의 채용, 배치 기준 등 취업지원인력 운영에 필요한 사항은 시ㆍ도의 조례로 정한다.",위임,조례,,rule
P03960,"② 취업지원인력의 채용, 배치 기준 등 취업지원인력 운영에 필요한 사항은 시ㆍ도의 조례로 정한다.",위임,조례,,rule
P03961,대통령령으로 정하는,위임,대통령령,,rule
P03962,산업통상부장관 및 중소벤처기업부장관과 협의하여 고시한 표준협약서에 따라 현장실습계약을 체결하여야 한다,판단불가,해당없음,,rule
P03963,대통령령으로 정하는,위임,대통령령,,rule
P03964,④ 협의회의 구성 및 운영에 필요한 사항은 해당 지방자치단체의 조례로 정한다.,위임,조례,,rule
P03965,④ 협의회의 구성 및 운영에 필요한 사항은 해당 지방자치단체의 조례로 정한다.,위임,조례,,rule
P03966,④ 협의회의 구성 및 운영에 필요한 사항은 해당 지방자치단체의 조례로 정한다.,위임,조례,,rule
P03967,④ 협의회의 구성 및 운영에 필요한 사항은 해당 지방자치단체의 조례로 정한다.,위임,조례,,rule
P03968,④ 협의회의 구성 및 운영에 필요한 사항은 해당 지방자치단체의 조례로 정한다.,위임,조례,,rule
P03969,④ 협의회의 구성 및 운영에 필요한 사항은 해당 지방자치단체의 조례로 정한다.,위임,조례,,rule
P03970,대통령령으로 정하는,위임,대통령령,,rule
P03971,대통령령으로 정한다,위임,대통령령,,rule
P03972,사항은 대통령령으로,위임,대통령령,,rule
P03973,대통령령으로 정한다,위임,대통령령,,rule
P03974,과태료는 대통령령으로,위임,대통령령,,rule
P03975,대통령령으로 정하는,위임,대통령령,,rule
P03976,교육부장관이 정하는 바에 따라 진로체험의 기회를 제공하여야 한다.,위임,미특정,,rule
P03977,대통령령으로 정한다,위임,대통령령,,rule
P03978,대통령령으로 정한다,위임,대통령령,,rule
P03979,필요한 사항은 대통령령으로,위임,대통령령,,rule
P03980,대통령령으로 정한다,위임,대통령령,,rule
P03981,대통령령으로 정한다,위임,대통령령,,rule
P03982,교육부령으로 정한다,위임,부령,,rule
P03983,② 제1항에 따른 지역진로교육센터의 구성ㆍ운영 및 전담기관의 지정 등에 필요한 사항은 조례로 정한다.,위임,조례,,rule
P03984,② 제1항에 따른 지역진로교육센터의 구성ㆍ운영 및 전담기관의 지정 등에 필요한 사항은 조례로 정한다.,위임,조례,,rule
P03985,② 제1항에 따른 지역진로교육센터의 구성ㆍ운영 및 전담기관의 지정 등에 필요한 사항은 조례로 정한다.,위임,조례,,rule
P03986,② 제1항에 따른 지역진로교육센터의 구성ㆍ운영 및 전담기관의 지정 등에 필요한 사항은 조례로 정한다.,위임,조례,,rule
P03987,② 제1항에 따른 지역진로교육센터의 구성ㆍ운영 및 전담기관의 지정 등에 필요한 사항은 조례로 정한다.,위임,조례,,rule
P03988,② 제1항에 따른 지역진로교육센터의 구성ㆍ운영 및 전담기관의 지정 등에 필요한 사항은 조례로 정한다.,위임,조례,,rule
P03989,② 제1항에 따른 지역진로교육센터의 구성ㆍ운영 및 전담기관의 지정 등에 필요한 사항은 조례로 정한다.,위임,조례,,rule
P03990,② 제1항에 따른 지역진로교육센터의 구성ㆍ운영 및 전담기관의 지정 등에 필요한 사항은 조례로 정한다.,위임,조례,,rule
P03991,② 제1항에 따른 지역진로교육센터의 구성ㆍ운영 및 전담기관의 지정 등에 필요한 사항은 조례로 정한다.,위임,조례,,rule
P03992,② 제1항에 따른 지역진로교육센터의 구성ㆍ운영 및 전담기관의 지정 등에 필요한 사항은 조례로 정한다.,위임,조례,,rule
P03993,② 제1항에 따른 지역진로교육센터의 구성ㆍ운영 및 전담기관의 지정 등에 필요한 사항은 조례로 정한다.,위임,조례,,rule
P03994,② 제1항에 따른 지역진로교육센터의 구성ㆍ운영 및 전담기관의 지정 등에 필요한 사항은 조례로 정한다.,위임,조례,,rule
P03995,② 제1항에 따른 지역진로교육센터의 구성ㆍ운영 및 전담기관의 지정 등에 필요한 사항은 조례로 정한다.,위임,조례,,rule
P03996,② 제1항에 따른 지역진로교육센터의 구성ㆍ운영 및 전담기관의 지정 등에 필요한 사항은 조례로 정한다.,위임,조례,,rule
P03997,② 제1항에 따른 지역진로교육센터의 구성ㆍ운영 및 전담기관의 지정 등에 필요한 사항은 조례로 정한다.,위임,조례,,rule
P03998,② 제1항에 따른 지역진로교육센터의 구성ㆍ운영 및 전담기관의 지정 등에 필요한 사항은 조례로 정한다.,위임,조례,,rule
P03999,② 지역진로교육협의회의 구성ㆍ운영 등에 필요한 사항은 시ㆍ도 조례로 정한다.,위임,조례,,rule
P04000,② 지역진로교육협의회의 구성ㆍ운영 등에 필요한 사항은 시ㆍ도 조례로 정한다.,위임,조례,,rule
P04001,② 지역진로교육협의회의 구성ㆍ운영 등에 필요한 사항은 시ㆍ도 조례로 정한다.,위임,조례,,rule
P04002,② 지역진로교육협의회의 구성ㆍ운영 등에 필요한 사항은 시ㆍ도 조례로 정한다.,위임,조례,,rule
P04003,② 지역진로교육협의회의 구성ㆍ운영 등에 필요한 사항은 시ㆍ도 조례로 정한다.,위임,조례,,rule
P04004,② 지역진로교육협의회의 구성ㆍ운영 등에 필요한 사항은 시ㆍ도 조례로 정한다.,위임,조례,,rule
P04005,② 지역진로교육협의회의 구성ㆍ운영 등에 필요한 사항은 시ㆍ도 조례로 정한다.,위임,조례,,rule
P04006,② 지역진로교육협의회의 구성ㆍ운영 등에 필요한 사항은 시ㆍ도 조례로 정한다.,위임,조례,,rule
P04007,② 지역진로교육협의회의 구성ㆍ운영 등에 필요한 사항은 시ㆍ도 조례로 정한다.,위임,조례,,rule
P04008,② 지역진로교육협의회의 구성ㆍ운영 등에 필요한 사항은 시ㆍ도 조례로 정한다.,위임,조례,,rule
P04009,② 지역진로교육협의회의 구성ㆍ운영 등에 필요한 사항은 시ㆍ도 조례로 정한다.,위임,조례,,rule
P04010,② 지역진로교육협의회의 구성ㆍ운영 등에 필요한 사항은 시ㆍ도 조례로 정한다.,위임,조례,,rule
P04011,② 지역진로교육협의회의 구성ㆍ운영 등에 필요한 사항은 시ㆍ도 조례로 정한다.,위임,조례,,rule
P04012,② 지역진로교육협의회의 구성ㆍ운영 등에 필요한 사항은 시ㆍ도 조례로 정한다.,위임,조례,,rule
P04013,② 지역진로교육협의회의 구성ㆍ운영 등에 필요한 사항은 시ㆍ도 조례로 정한다.,위임,조례,,rule
P04014,② 지역진로교육협의회의 구성ㆍ운영 등에 필요한 사항은 시ㆍ도 조례로 정한다.,위임,조례,,rule
P04015,② 지역진로교육협의회의 구성ㆍ운영 등에 필요한 사항은 시ㆍ도 조례로 정한다.,위임,조례,,rule
P04016,대통령령으로 정한다,위임,대통령령,,rule
P04017,대통령령으로 정한다,위임,대통령령,,rule
P04018,대통령령으로 정한다,위임,대통령령,,rule
P04019,교육부령으로 정하는 과목이,위임,부령,,rule
P04020,교육부령으로 정하는 서류를,위임,부령,,rule
P04021,교육부령으로 정하는 신청서에,위임,부령,,rule
P04022,교육부령으로 정하는 인증서를,위임,부령,,rule
P04023,대통령령으로 정하는 설립 기준,위임,대통령령,,rule
P04024,대통령령으로 정하는 중요 사항,위임,대통령령,,rule
P04025,사항은 대통령령으로,위임,대통령령,,rule
P04026,결과의 공개 등에 필요한 사항은 대통령령으로,위임,대통령령,,rule
P04027,결과의 공개 등에 필요한 사항은 대통령령으로,위임,대통령령,,rule
P04028,결과의 공개 등에 필요한 사항은 대통령령으로,위임,대통령령,,rule
P04029,"② 제1항에 따른 수업료와 그 밖의 납부금을 거두는 방법 등에 필요한 사항은 국립학교의 경우에는 교육부령으로 정하고, 공립·사립 학교의 경우에는 특별시·광역시·특별자치시·도·특별자치도(이하 ""시·도""라 한다)의 조례로 정한다. 이 경우 국민의 교육을 받을 권리를 본질적으로 침해하는 내용을 정하여서는 아니 된다.",위임,부령|조례,,rule
P04030,"② 제1항에 따른 수업료와 그 밖의 납부금을 거두는 방법 등에 필요한 사항은 국립학교의 경우에는 교육부령으로 정하고, 공립·사립 학교의 경우에는 특별시·광역시·특별자치시·도·특별자치도(이하 ""시·도""라 한다)의 조례로 정한다. 이 경우 국민의 교육을 받을 권리를 본질적으로 침해하는 내용을 정하여서는 아니 된다.",위임,부령|조례,,rule
P04031,"② 제1항에 따른 수업료와 그 밖의 납부금을 거두는 방법 등에 필요한 사항은 국립학교의 경우에는 교육부령으로 정하고, 공립·사립 학교의 경우에는 특별시·광역시·특별자치시·도·특별자치도(이하 ""시·도""라 한다)의 조례로 정한다. 이 경우 국민의 교육을 받을 권리를 본질적으로 침해하는 내용을 정하여서는 아니 된다.",위임,부령|조례,,rule
P04032,"② 제1항에 따른 수업료와 그 밖의 납부금을 거두는 방법 등에 필요한 사항은 국립학교의 경우에는 교육부령으로 정하고, 공립·사립 학교의 경우에는 특별시·광역시·특별자치시·도·특별자치도(이하 ""시·도""라 한다)의 조례로 정한다. 이 경우 국민의 교육을 받을 권리를 본질적으로 침해하는 내용을 정하여서는 아니 된다.",위임,부령|조례,,rule
P04033,"② 제1항에 따른 수업료와 그 밖의 납부금을 거두는 방법 등에 필요한 사항은 국립학교의 경우에는 교육부령으로 정하고, 공립·사립 학교의 경우에는 특별시·광역시·특별자치시·도·특별자치도(이하 ""시·도""라 한다)의 조례로 정한다. 이 경우 국민의 교육을 받을 권리를 본질적으로 침해하는 내용을 정하여서는 아니 된다.",위임,부령|조례,,rule
P04034,"② 제1항에 따른 수업료와 그 밖의 납부금을 거두는 방법 등에 필요한 사항은 국립학교의 경우에는 교육부령으로 정하고, 공립·사립 학교의 경우에는 특별시·광역시·특별자치시·도·특별자치도(이하 ""시·도""라 한다)의 조례로 정한다. 이 경우 국민의 교육을 받을 권리를 본질적으로 침해하는 내용을 정하여서는 아니 된다.",위임,부령|조례,,rule
P04035,"② 제1항에 따른 수업료와 그 밖의 납부금을 거두는 방법 등에 필요한 사항은 국립학교의 경우에는 교육부령으로 정하고, 공립·사립 학교의 경우에는 특별시·광역시·특별자치시·도·특별자치도(이하 ""시·도""라 한다)의 조례로 정한다. 이 경우 국민의 교육을 받을 권리를 본질적으로 침해하는 내용을 정하여서는 아니 된다.",위임,부령|조례,,rule
P04036,"② 제1항에 따른 수업료와 그 밖의 납부금을 거두는 방법 등에 필요한 사항은 국립학교의 경우에는 교육부령으로 정하고, 공립·사립 학교의 경우에는 특별시·광역시·특별자치시·도·특별자치도(이하 ""시·도""라 한다)의 조례로 정한다. 이 경우 국민의 교육을 받을 권리를 본질적으로 침해하는 내용을 정하여서는 아니 된다.",위임,부령|조례,,rule
P04037,"② 제1항에 따른 수업료와 그 밖의 납부금을 거두는 방법 등에 필요한 사항은 국립학교의 경우에는 교육부령으로 정하고, 공립·사립 학교의 경우에는 특별시·광역시·특별자치시·도·특별자치도(이하 ""시·도""라 한다)의 조례로 정한다. 이 경우 국민의 교육을 받을 권리를 본질적으로 침해하는 내용을 정하여서는 아니 된다.",위임,부령|조례,,rule
P04038,"② 제1항에 따른 수업료와 그 밖의 납부금을 거두는 방법 등에 필요한 사항은 국립학교의 경우에는 교육부령으로 정하고, 공립·사립 학교의 경우에는 특별시·광역시·특별자치시·도·특별자치도(이하 ""시·도""라 한다)의 조례로 정한다. 이 경우 국민의 교육을 받을 권리를 본질적으로 침해하는 내용을 정하여서는 아니 된다.",위임,부령|조례,,rule
P04039,"② 제1항에 따른 수업료와 그 밖의 납부금을 거두는 방법 등에 필요한 사항은 국립학교의 경우에는 교육부령으로 정하고, 공립·사립 학교의 경우에는 특별시·광역시·특별자치시·도·특별자치도(이하 ""시·도""라 한다)의 조례로 정한다. 이 경우 국민의 교육을 받을 권리를 본질적으로 침해하는 내용을 정하여서는 아니 된다.",위임,부령|조례,,rule
P04040,"② 제1항에 따른 수업료와 그 밖의 납부금을 거두는 방법 등에 필요한 사항은 국립학교의 경우에는 교육부령으로 정하고, 공립·사립 학교의 경우에는 특별시·광역시·특별자치시·도·특별자치도(이하 ""시·도""라 한다)의 조례로 정한다. 이 경우 국민의 교육을 받을 권리를 본질적으로 침해하는 내용을 정하여서는 아니 된다.",위임,부령|조례,,rule
P04041,"② 제1항에 따른 수업료와 그 밖의 납부금을 거두는 방법 등에 필요한 사항은 국립학교의 경우에는 교육부령으로 정하고, 공립·사립 학교의 경우에는 특별시·광역시·특별자치시·도·특별자치도(이하 ""시·도""라 한다)의 조례로 정한다. 이 경우 국민의 교육을 받을 권리를 본질적으로 침해하는 내용을 정하여서는 아니 된다.",위임,부령|조례,,rule
P04042,"② 제1항에 따른 수업료와 그 밖의 납부금을 거두는 방법 등에 필요한 사항은 국립학교의 경우에는 교육부령으로 정하고, 공립·사립 학교의 경우에는 특별시·광역시·특별자치시·도·특별자치도(이하 ""시·도""라 한다)의 조례로 정한다. 이 경우 국민의 교육을 받을 권리를 본질적으로 침해하는 내용을 정하여서는 아니 된다.",위임,부령|조례,,rule
P04043,"② 제1항에 따른 수업료와 그 밖의 납부금을 거두는 방법 등에 필요한 사항은 국립학교의 경우에는 교육부령으로 정하고, 공립·사립 학교의 경우에는 특별시·광역시·특별자치시·도·특별자치도(이하 ""시·도""라 한다)의 조례로 정한다. 이 경우 국민의 교육을 받을 권리를 본질적으로 침해하는 내용을 정하여서는 아니 된다.",위임,부령|조례,,rule
P04044,"② 제1항에 따른 수업료와 그 밖의 납부금을 거두는 방법 등에 필요한 사항은 국립학교의 경우에는 교육부령으로 정하고, 공립·사립 학교의 경우에는 특별시·광역시·특별자치시·도·특별자치도(이하 ""시·도""라 한다)의 조례로 정한다. 이 경우 국민의 교육을 받을 권리를 본질적으로 침해하는 내용을 정하여서는 아니 된다.",위임,부령|조례,,rule
P04045,"② 제1항에 따른 수업료와 그 밖의 납부금을 거두는 방법 등에 필요한 사항은 국립학교의 경우에는 교육부령으로 정하고, 공립·사립 학교의 경우에는 특별시·광역시·특별자치시·도·특별자치도(이하 ""시·도""라 한다)의 조례로 정한다. 이 경우 국민의 교육을 받을 권리를 본질적으로 침해하는 내용을 정하여서는 아니 된다.",위임,부령|조례,,rule
P04046,대통령령으로 정하는 사립학교의,위임,대통령령,,rule
P04047,"모든 국민은 학교교육에 지장을 주지 아니하는 범위에서 그 학교의 장의 결정에 따라 국립학교의 시설 등을 이용할 수 있고, 공립·사립 학교의 시설 등은 시·도의 교육규칙으로 정하는 바에 따라 이용할 수 있다.",위임,교육규칙,,rule
P04048,"모든 국민은 학교교육에 지장을 주지 아니하는 범위에서 그 학교의 장의 결정에 따라 국립학교의 시설 등을 이용할 수 있고, 공립·사립 학교의 시설 등은 시·도의 교육규칙으로 정하는 바에 따라 이용할 수 있다.",위임,교육규칙,,rule
P04049,"모든 국민은 학교교육에 지장을 주지 아니하는 범위에서 그 학교의 장의 결정에 따라 국립학교의 시설 등을 이용할 수 있고, 공립·사립 학교의 시설 등은 시·도의 교육규칙으로 정하는 바에 따라 이용할 수 있다.",위임,교육규칙,,rule
P04050,"모든 국민은 학교교육에 지장을 주지 아니하는 범위에서 그 학교의 장의 결정에 따라 국립학교의 시설 등을 이용할 수 있고, 공립·사립 학교의 시설 등은 시·도의 교육규칙으로 정하는 바에 따라 이용할 수 있다.",위임,교육규칙,,rule
P04051,"모든 국민은 학교교육에 지장을 주지 아니하는 범위에서 그 학교의 장의 결정에 따라 국립학교의 시설 등을 이용할 수 있고, 공립·사립 학교의 시설 등은 시·도의 교육규칙으로 정하는 바에 따라 이용할 수 있다.",위임,교육규칙,,rule
P04052,"모든 국민은 학교교육에 지장을 주지 아니하는 범위에서 그 학교의 장의 결정에 따라 국립학교의 시설 등을 이용할 수 있고, 공립·사립 학교의 시설 등은 시·도의 교육규칙으로 정하는 바에 따라 이용할 수 있다.",위임,교육규칙,,rule
P04053,"모든 국민은 학교교육에 지장을 주지 아니하는 범위에서 그 학교의 장의 결정에 따라 국립학교의 시설 등을 이용할 수 있고, 공립·사립 학교의 시설 등은 시·도의 교육규칙으로 정하는 바에 따라 이용할 수 있다.",위임,교육규칙,,rule
P04054,"모든 국민은 학교교육에 지장을 주지 아니하는 범위에서 그 학교의 장의 결정에 따라 국립학교의 시설 등을 이용할 수 있고, 공립·사립 학교의 시설 등은 시·도의 교육규칙으로 정하는 바에 따라 이용할 수 있다.",위임,교육규칙,,rule
P04055,"모든 국민은 학교교육에 지장을 주지 아니하는 범위에서 그 학교의 장의 결정에 따라 국립학교의 시설 등을 이용할 수 있고, 공립·사립 학교의 시설 등은 시·도의 교육규칙으로 정하는 바에 따라 이용할 수 있다.",위임,교육규칙,,rule
P04056,"모든 국민은 학교교육에 지장을 주지 아니하는 범위에서 그 학교의 장의 결정에 따라 국립학교의 시설 등을 이용할 수 있고, 공립·사립 학교의 시설 등은 시·도의 교육규칙으로 정하는 바에 따라 이용할 수 있다.",위임,교육규칙,,rule
P04057,"모든 국민은 학교교육에 지장을 주지 아니하는 범위에서 그 학교의 장의 결정에 따라 국립학교의 시설 등을 이용할 수 있고, 공립·사립 학교의 시설 등은 시·도의 교육규칙으로 정하는 바에 따라 이용할 수 있다.",위임,교육규칙,,rule
P04058,"모든 국민은 학교교육에 지장을 주지 아니하는 범위에서 그 학교의 장의 결정에 따라 국립학교의 시설 등을 이용할 수 있고, 공립·사립 학교의 시설 등은 시·도의 교육규칙으로 정하는 바에 따라 이용할 수 있다.",위임,교육규칙,,rule
P04059,"모든 국민은 학교교육에 지장을 주지 아니하는 범위에서 그 학교의 장의 결정에 따라 국립학교의 시설 등을 이용할 수 있고, 공립·사립 학교의 시설 등은 시·도의 교육규칙으로 정하는 바에 따라 이용할 수 있다.",위임,교육규칙,,rule
P04060,"모든 국민은 학교교육에 지장을 주지 아니하는 범위에서 그 학교의 장의 결정에 따라 국립학교의 시설 등을 이용할 수 있고, 공립·사립 학교의 시설 등은 시·도의 교육규칙으로 정하는 바에 따라 이용할 수 있다.",위임,교육규칙,,rule
P04061,"모든 국민은 학교교육에 지장을 주지 아니하는 범위에서 그 학교의 장의 결정에 따라 국립학교의 시설 등을 이용할 수 있고, 공립·사립 학교의 시설 등은 시·도의 교육규칙으로 정하는 바에 따라 이용할 수 있다.",위임,교육규칙,,rule
P04062,"모든 국민은 학교교육에 지장을 주지 아니하는 범위에서 그 학교의 장의 결정에 따라 국립학교의 시설 등을 이용할 수 있고, 공립·사립 학교의 시설 등은 시·도의 교육규칙으로 정하는 바에 따라 이용할 수 있다.",위임,교육규칙,,rule
P04063,대통령령으로 정하는,위임,대통령령,,rule
P04064,필요한 사항은 대통령령으로,위임,대통령령,,rule
P04065,필요한 사항은 대통령령으로,위임,대통령령,,rule
P04066,필요한 사항은 대통령령으로,위임,대통령령,,rule
P04067,사항은 대통령령으로,위임,대통령령,,rule
P04068,사항은 대통령령으로,위임,대통령령,,rule
P04069,사항은 대통령령으로,위임,대통령령,,rule
P04070,대하여는 대통령령으로,위임,대통령령,,rule
P04071,취학하려면 대통령령으로,위임,대통령령,,rule
P04072,필요한 사항은 대통령령으로,위임,대통령령,,rule
P04073,사항은 대통령령으로,위임,대통령령,,rule
P04074,사항은 대통령령으로,위임,대통령령,,rule
P04075,경우 대통령령으로 정하는 절차에,위임,대통령령,,rule
P04076,경우에는 대통령령으로,위임,대통령령,,rule
P04077,사항은 대통령령으로,위임,대통령령,,rule
P04078,사항은 대통령령으로,위임,대통령령,,rule
P04079,대통령령으로 정하는,위임,대통령령,,rule
P04080,사항은 대통령령으로,위임,대통령령,,rule
P04081,사항은 대통령령으로,위임,대통령령,,rule
P04082,대통령령,판단불가,해당없음,,rule
P04083,대통령령으로 정한다,위임,대통령령,,rule
P04084,세부사항은 대통령령으로,위임,대통령령,,rule
P04085,대통령령으로 정한다,위임,대통령령,,rule
P04086,대통령령으로 정하는,위임,대통령령,,rule
P04087,대통령령으로 정하는,위임,대통령령,,rule
P04088,대통령령으로 정하는,위임,대통령령,,rule
P04089,대통령령으로 정하는,위임,대통령령,,rule
P04090,대통령령으로 정하는,위임,대통령령,,rule
P04091,대통령령으로 정하는,위임,대통령령,,rule
P04092,교육부장관이 정하는 연수 이수 결과를 바탕으로,위임,미특정,,rule
P04093,사항은 대통령령으로,위임,대통령령,,rule
P04094,사항은 대통령령으로,위임,대통령령,,rule
P04095,대통령령으로 정하는,위임,대통령령,,rule
P04096,대통령령으로 정한다,위임,대통령령,,rule
P04097,대통령령으로 정한다,위임,대통령령,,rule
P04098,대통령령으로 정한다,위임,대통령령,,rule
P04099,대통령령으로 정한다,위임,대통령령,,rule
P04100,대통령령으로 정한다,위임,대통령령,,rule
P04101,대통령령으로 정한다,위임,대통령령,,rule
P04102,대통령령으로 정한다,위임,대통령령,,rule
P04103,대통령령으로 정한다,위임,대통령령,,rule
P04104,대통령령으로 정한다,위임,대통령령,,rule
P04105,대통령령으로 정한다,위임,대통령령,,rule
P04106,대통령령으로 정한다,위임,대통령령,,rule
P04107,대통령령으로 정한다,위임,대통령령,,rule
P04108,교육부령으로 정하는 기준에,위임,부령,,rule
P04109,교육부령으로 정하는 사항,위임,부령,,rule
P04110,대통령령으로 정한다,위임,대통령령,,rule
P04111,대통령령으로 정한다,위임,대통령령,,rule
P04112,대통령령으로 정하는,위임,대통령령,,rule
P04113,대통령령으로 정하는,위임,대통령령,,rule
P04114,대통령령으로 정하는,위임,대통령령,,rule
P04115,사항은 교육부령으로,위임,부령,,rule
P04116,사항은 교육부령으로,위임,부령,,rule
P04117,사항은 교육부령으로,위임,부령,,rule
P04118,사항은 교육부령으로,위임,부령,,rule
P04119,사항은 교육부령으로,위임,부령,,rule
P04120,사항은 교육부령으로,위임,부령,,rule
P04121,사항은 교육부령으로,위임,부령,,rule
P04122,사항은 교육부령으로,위임,부령,,rule
P04123,사항은 교육부령으로,위임,부령,,rule
P04124,사항은 교육부령으로,위임,부령,,rule
P04125,사항은 교육부령으로,위임,부령,,rule
P04126,사항은 교육부령으로,위임,부령,,rule
P04127,사항은 교육부령으로,위임,부령,,rule
P04128,사항은 교육부령으로,위임,부령,,rule
P04129,사항은 교육부령으로,위임,부령,,rule
P04130,사항은 교육부령으로,위임,부령,,rule
P04131,사항은 교육부령으로,위임,부령,,rule
P04132,사항은 교육부령으로,위임,부령,,rule
P04133,사항은 교육부령으로,위임,부령,,rule
P04134,대통령령,판단불가,해당없음,,rule
P04135,대통령령,판단불가,해당없음,,rule
P04136,대통령령,판단불가,해당없음,,rule
P04137,필요한 사항은 대통령령으로,위임,대통령령,,rule
P04138,교육지원을 위하여 대통령령으로 정하는,위임,대통령령,,rule
P04139,대통령령,판단불가,해당없음,,rule
P04140,대통령령,판단불가,해당없음,,rule
P04141,필요한 사항은 대통령령으로,위임,대통령령,,rule
P04142,국립학교의 경우에는 교육부령으로,위임,부령,,rule
P04143,"⑤ 학교회계의 설치에 필요한 사항은 국립학교의 경우에는 교육부령으로, 공립학교의 경우에는 시·도의 교육규칙으로 정한다.",위임,교육규칙,,rule
P04144,"⑤ 학교회계의 설치에 필요한 사항은 국립학교의 경우에는 교육부령으로, 공립학교의 경우에는 시·도의 교육규칙으로 정한다.",위임,교육규칙,,rule
P04145,"⑤ 학교회계의 설치에 필요한 사항은 국립학교의 경우에는 교육부령으로, 공립학교의 경우에는 시·도의 교육규칙으로 정한다.",위임,교육규칙,,rule
P04146,"⑤ 학교회계의 설치에 필요한 사항은 국립학교의 경우에는 교육부령으로, 공립학교의 경우에는 시·도의 교육규칙으로 정한다.",위임,교육규칙,,rule
P04147,"⑤ 학교회계의 설치에 필요한 사항은 국립학교의 경우에는 교육부령으로, 공립학교의 경우에는 시·도의 교육규칙으로 정한다.",위임,교육규칙,,rule
P04148,"⑤ 학교회계의 설치에 필요한 사항은 국립학교의 경우에는 교육부령으로, 공립학교의 경우에는 시·도의 교육규칙으로 정한다.",위임,교육규칙,,rule
P04149,"⑤ 학교회계의 설치에 필요한 사항은 국립학교의 경우에는 교육부령으로, 공립학교의 경우에는 시·도의 교육규칙으로 정한다.",위임,교육규칙,,rule
P04150,"⑤ 학교회계의 설치에 필요한 사항은 국립학교의 경우에는 교육부령으로, 공립학교의 경우에는 시·도의 교육규칙으로 정한다.",위임,교육규칙,,rule
P04151,"⑤ 학교회계의 설치에 필요한 사항은 국립학교의 경우에는 교육부령으로, 공립학교의 경우에는 시·도의 교육규칙으로 정한다.",위임,교육규칙,,rule
P04152,"⑤ 학교회계의 설치에 필요한 사항은 국립학교의 경우에는 교육부령으로, 공립학교의 경우에는 시·도의 교육규칙으로 정한다.",위임,교육규칙,,rule
P04153,"⑤ 학교회계의 설치에 필요한 사항은 국립학교의 경우에는 교육부령으로, 공립학교의 경우에는 시·도의 교육규칙으로 정한다.",위임,교육규칙,,rule
P04154,"⑤ 학교회계의 설치에 필요한 사항은 국립학교의 경우에는 교육부령으로, 공립학교의 경우에는 시·도의 교육규칙으로 정한다.",위임,교육규칙,,rule
P04155,"⑤ 학교회계의 설치에 필요한 사항은 국립학교의 경우에는 교육부령으로, 공립학교의 경우에는 시·도의 교육규칙으로 정한다.",위임,교육규칙,,rule
P04156,"⑤ 학교회계의 설치에 필요한 사항은 국립학교의 경우에는 교육부령으로, 공립학교의 경우에는 시·도의 교육규칙으로 정한다.",위임,교육규칙,,rule
P04157,"⑤ 학교회계의 설치에 필요한 사항은 국립학교의 경우에는 교육부령으로, 공립학교의 경우에는 시·도의 교육규칙으로 정한다.",위임,교육규칙,,rule
P04158,"⑤ 학교회계의 설치에 필요한 사항은 국립학교의 경우에는 교육부령으로, 공립학교의 경우에는 시·도의 교육규칙으로 정한다.",위임,교육규칙,,rule
P04159,"⑤ 학교회계의 설치에 필요한 사항은 국립학교의 경우에는 교육부령으로, 공립학교의 경우에는 시·도의 교육규칙으로 정한다.",위임,교육규칙,,rule
P04160,국립학교의 경우에는 교육부령으로,위임,부령,,rule
P04161,"⑥ 학교회계의 운영에 필요한 사항은 국립학교의 경우에는 교육부령으로, 공립학교의 경우에는 시·도의 교육규칙으로 정한다.",위임,교육규칙,,rule
P04162,"⑥ 학교회계의 운영에 필요한 사항은 국립학교의 경우에는 교육부령으로, 공립학교의 경우에는 시·도의 교육규칙으로 정한다.",위임,교육규칙,,rule
P04163,"⑥ 학교회계의 운영에 필요한 사항은 국립학교의 경우에는 교육부령으로, 공립학교의 경우에는 시·도의 교육규칙으로 정한다.",위임,교육규칙,,rule
P04164,"⑥ 학교회계의 운영에 필요한 사항은 국립학교의 경우에는 교육부령으로, 공립학교의 경우에는 시·도의 교육규칙으로 정한다.",위임,교육규칙,,rule
P04165,"⑥ 학교회계의 운영에 필요한 사항은 국립학교의 경우에는 교육부령으로, 공립학교의 경우에는 시·도의 교육규칙으로 정한다.",위임,교육규칙,,rule
P04166,"⑥ 학교회계의 운영에 필요한 사항은 국립학교의 경우에는 교육부령으로, 공립학교의 경우에는 시·도의 교육규칙으로 정한다.",위임,교육규칙,,rule
P04167,"⑥ 학교회계의 운영에 필요한 사항은 국립학교의 경우에는 교육부령으로, 공립학교의 경우에는 시·도의 교육규칙으로 정한다.",위임,교육규칙,,rule
P04168,"⑥ 학교회계의 운영에 필요한 사항은 국립학교의 경우에는 교육부령으로, 공립학교의 경우에는 시·도의 교육규칙으로 정한다.",위임,교육규칙,,rule
P04169,"⑥ 학교회계의 운영에 필요한 사항은 국립학교의 경우에는 교육부령으로, 공립학교의 경우에는 시·도의 교육규칙으로 정한다.",위임,교육규칙,,rule
P04170,"⑥ 학교회계의 운영에 필요한 사항은 국립학교의 경우에는 교육부령으로, 공립학교의 경우에는 시·도의 교육규칙으로 정한다.",위임,교육규칙,,rule
P04171,"⑥ 학교회계의 운영에 필요한 사항은 국립학교의 경우에는 교육부령으로, 공립학교의 경우에는 시·도의 교육규칙으로 정한다.",위임,교육규칙,,rule
P04172,"⑥ 학교회계의 운영에 필요한 사항은 국립학교의 경우에는 교육부령으로, 공립학교의 경우에는 시·도의 교육규칙으로 정한다.",위임,교육규칙,,rule
P04173,"⑥ 학교회계의 운영에 필요한 사항은 국립학교의 경우에는 교육부령으로, 공립학교의 경우에는 시·도의 교육규칙으로 정한다.",위임,교육규칙,,rule
P04174,"⑥ 학교회계의 운영에 필요한 사항은 국립학교의 경우에는 교육부령으로, 공립학교의 경우에는 시·도의 교육규칙으로 정한다.",위임,교육규칙,,rule
P04175,"⑥ 학교회계의 운영에 필요한 사항은 국립학교의 경우에는 교육부령으로, 공립학교의 경우에는 시·도의 교육규칙으로 정한다.",위임,교육규칙,,rule
P04176,"⑥ 학교회계의 운영에 필요한 사항은 국립학교의 경우에는 교육부령으로, 공립학교의 경우에는 시·도의 교육규칙으로 정한다.",위임,교육규칙,,rule
P04177,"⑥ 학교회계의 운영에 필요한 사항은 국립학교의 경우에는 교육부령으로, 공립학교의 경우에는 시·도의 교육규칙으로 정한다.",위임,교육규칙,,rule
P04178,필요한 사항은 교육부령으로,위임,부령,,rule
P04179,사항은 대통령령으로,위임,대통령령,,rule
P04180,필요한 사항은 교육부령으로,위임,부령,,rule
P04181,대통령령,판단불가,해당없음,,rule
P04182,대통령령,판단불가,해당없음,,rule
P04183,대통령령,판단불가,해당없음,,rule
P04184,14. 그 밖에 대통령령이나 시ㆍ도의 조례로 정하는 사항,위임,조례,,rule
P04185,14. 그 밖에 대통령령이나 시ㆍ도의 조례로 정하는 사항,위임,조례,,rule
P04186,14. 그 밖에 대통령령이나 시ㆍ도의 조례로 정하는 사항,위임,조례,,rule
P04187,14. 그 밖에 대통령령이나 시ㆍ도의 조례로 정하는 사항,위임,조례,,rule
P04188,14. 그 밖에 대통령령이나 시ㆍ도의 조례로 정하는 사항,위임,조례,,rule
P04189,14. 그 밖에 대통령령이나 시ㆍ도의 조례로 정하는 사항,위임,조례,,rule
P04190,14. 그 밖에 대통령령이나 시ㆍ도의 조례로 정하는 사항,위임,조례,,rule
P04191,14. 그 밖에 대통령령이나 시ㆍ도의 조례로 정하는 사항,위임,조례,,rule
P04192,14. 그 밖에 대통령령이나 시ㆍ도의 조례로 정하는 사항,위임,조례,,rule
P04193,14. 그 밖에 대통령령이나 시ㆍ도의 조례로 정하는 사항,위임,조례,,rule
P04194,14. 그 밖에 대통령령이나 시ㆍ도의 조례로 정하는 사항,위임,조례,,rule
P04195,14. 그 밖에 대통령령이나 시ㆍ도의 조례로 정하는 사항,위임,조례,,rule
P04196,14. 그 밖에 대통령령이나 시ㆍ도의 조례로 정하는 사항,위임,조례,,rule
P04197,14. 그 밖에 대통령령이나 시ㆍ도의 조례로 정하는 사항,위임,조례,,rule
P04198,14. 그 밖에 대통령령이나 시ㆍ도의 조례로 정하는 사항,위임,조례,,rule
P04199,14. 그 밖에 대통령령이나 시ㆍ도의 조례로 정하는 사항,위임,조례,,rule
P04200,14. 그 밖에 대통령령이나 시ㆍ도의 조례로 정하는 사항,위임,조례,,rule
P04201,사항은 대통령령으로,위임,대통령령,,rule
P04202,대통령령으로 정하는,위임,대통령령,,rule
P04203,대통령령으로 정하고,위임,대통령령,,rule
P04204,대통령령으로 정하고,위임,대통령령,,rule
P04205,대통령령으로 정하는,위임,대통령령,,rule
P04206,대통령령으로 정하고,위임,대통령령,,rule
P04207,대통령령으로 정하는,위임,대통령령,,rule
P04208,대통령령으로 정하는,위임,대통령령,,rule
P04209,대통령령으로 정하고,위임,대통령령,,rule
P04210,대통령령으로 정하는,위임,대통령령,,rule
P04211,대통령령으로 정하고,위임,대통령령,,rule
P04212,대통령령으로 정하고,위임,대통령령,,rule
P04213,대통령령으로 정하는,위임,대통령령,,rule
P04214,대통령령으로 정하고,위임,대통령령,,rule
P04215,대통령령으로 정하는,위임,대통령령,,rule
P04216,대통령령으로 정하고,위임,대통령령,,rule
P04217,대통령령으로 정하는,위임,대통령령,,rule
P04218,대통령령으로 정하고,위임,대통령령,,rule
P04219,대통령령으로 정하는,위임,대통령령,,rule
P04220,대통령령으로 정하고,위임,대통령령,,rule
P04221,대통령령으로 정하는,위임,대통령령,,rule
P04222,대통령령,판단불가,해당없음,,rule
P04223,"① 제31조에 따른 학교운영위원회 중 국립학교에 두는 학교운영위원회의 구성과 운영에 필요한 사항은 대통령령으로 정하고, 공립학교에 두는 학교운영위원회의 구성과 운영에 필요한 사항은 대통령령으로 정하는 범위에서 시·도의 조례로 정한다.",위임,대통령령|조례,,rule
P04224,"① 제31조에 따른 학교운영위원회 중 국립학교에 두는 학교운영위원회의 구성과 운영에 필요한 사항은 대통령령으로 정하고, 공립학교에 두는 학교운영위원회의 구성과 운영에 필요한 사항은 대통령령으로 정하는 범위에서 시·도의 조례로 정한다.",위임,대통령령|조례,,rule
P04225,"① 제31조에 따른 학교운영위원회 중 국립학교에 두는 학교운영위원회의 구성과 운영에 필요한 사항은 대통령령으로 정하고, 공립학교에 두는 학교운영위원회의 구성과 운영에 필요한 사항은 대통령령으로 정하는 범위에서 시·도의 조례로 정한다.",위임,대통령령|조례,,rule
P04226,"① 제31조에 따른 학교운영위원회 중 국립학교에 두는 학교운영위원회의 구성과 운영에 필요한 사항은 대통령령으로 정하고, 공립학교에 두는 학교운영위원회의 구성과 운영에 필요한 사항은 대통령령으로 정하는 범위에서 시·도의 조례로 정한다.",위임,대통령령|조례,,rule
P04227,"① 제31조에 따른 학교운영위원회 중 국립학교에 두는 학교운영위원회의 구성과 운영에 필요한 사항은 대통령령으로 정하고, 공립학교에 두는 학교운영위원회의 구성과 운영에 필요한 사항은 대통령령으로 정하는 범위에서 시·도의 조례로 정한다.",위임,대통령령|조례,,rule
P04228,"① 제31조에 따른 학교운영위원회 중 국립학교에 두는 학교운영위원회의 구성과 운영에 필요한 사항은 대통령령으로 정하고, 공립학교에 두는 학교운영위원회의 구성과 운영에 필요한 사항은 대통령령으로 정하는 범위에서 시·도의 조례로 정한다.",위임,대통령령|조례,,rule
P04229,"① 제31조에 따른 학교운영위원회 중 국립학교에 두는 학교운영위원회의 구성과 운영에 필요한 사항은 대통령령으로 정하고, 공립학교에 두는 학교운영위원회의 구성과 운영에 필요한 사항은 대통령령으로 정하는 범위에서 시·도의 조례로 정한다.",위임,대통령령|조례,,rule
P04230,"① 제31조에 따른 학교운영위원회 중 국립학교에 두는 학교운영위원회의 구성과 운영에 필요한 사항은 대통령령으로 정하고, 공립학교에 두는 학교운영위원회의 구성과 운영에 필요한 사항은 대통령령으로 정하는 범위에서 시·도의 조례로 정한다.",위임,대통령령|조례,,rule
P04231,"① 제31조에 따른 학교운영위원회 중 국립학교에 두는 학교운영위원회의 구성과 운영에 필요한 사항은 대통령령으로 정하고, 공립학교에 두는 학교운영위원회의 구성과 운영에 필요한 사항은 대통령령으로 정하는 범위에서 시·도의 조례로 정한다.",위임,대통령령|조례,,rule
P04232,"① 제31조에 따른 학교운영위원회 중 국립학교에 두는 학교운영위원회의 구성과 운영에 필요한 사항은 대통령령으로 정하고, 공립학교에 두는 학교운영위원회의 구성과 운영에 필요한 사항은 대통령령으로 정하는 범위에서 시·도의 조례로 정한다.",위임,대통령령|조례,,rule
P04233,"① 제31조에 따른 학교운영위원회 중 국립학교에 두는 학교운영위원회의 구성과 운영에 필요한 사항은 대통령령으로 정하고, 공립학교에 두는 학교운영위원회의 구성과 운영에 필요한 사항은 대통령령으로 정하는 범위에서 시·도의 조례로 정한다.",위임,대통령령|조례,,rule
P04234,"① 제31조에 따른 학교운영위원회 중 국립학교에 두는 학교운영위원회의 구성과 운영에 필요한 사항은 대통령령으로 정하고, 공립학교에 두는 학교운영위원회의 구성과 운영에 필요한 사항은 대통령령으로 정하는 범위에서 시·도의 조례로 정한다.",위임,대통령령|조례,,rule
P04235,"① 제31조에 따른 학교운영위원회 중 국립학교에 두는 학교운영위원회의 구성과 운영에 필요한 사항은 대통령령으로 정하고, 공립학교에 두는 학교운영위원회의 구성과 운영에 필요한 사항은 대통령령으로 정하는 범위에서 시·도의 조례로 정한다.",위임,대통령령|조례,,rule
P04236,"① 제31조에 따른 학교운영위원회 중 국립학교에 두는 학교운영위원회의 구성과 운영에 필요한 사항은 대통령령으로 정하고, 공립학교에 두는 학교운영위원회의 구성과 운영에 필요한 사항은 대통령령으로 정하는 범위에서 시·도의 조례로 정한다.",위임,대통령령|조례,,rule
P04237,"① 제31조에 따른 학교운영위원회 중 국립학교에 두는 학교운영위원회의 구성과 운영에 필요한 사항은 대통령령으로 정하고, 공립학교에 두는 학교운영위원회의 구성과 운영에 필요한 사항은 대통령령으로 정하는 범위에서 시·도의 조례로 정한다.",위임,대통령령|조례,,rule
P04238,"① 제31조에 따른 학교운영위원회 중 국립학교에 두는 학교운영위원회의 구성과 운영에 필요한 사항은 대통령령으로 정하고, 공립학교에 두는 학교운영위원회의 구성과 운영에 필요한 사항은 대통령령으로 정하는 범위에서 시·도의 조례로 정한다.",위임,대통령령|조례,,rule
P04239,"① 제31조에 따른 학교운영위원회 중 국립학교에 두는 학교운영위원회의 구성과 운영에 필요한 사항은 대통령령으로 정하고, 공립학교에 두는 학교운영위원회의 구성과 운영에 필요한 사항은 대통령령으로 정하는 범위에서 시·도의 조례로 정한다.",위임,대통령령|조례,,rule
P04240,사항은 대통령령으로,위임,대통령령,,rule
P04241,사항은 대통령령으로,위임,대통령령,,rule
P04242,사항은 대통령령으로,위임,대통령령,,rule
P04243,사항은 대통령령으로,위임,대통령령,,rule
P04244,사항은 대통령령으로,위임,대통령령,,rule
P04245,사항은 대통령령으로,위임,대통령령,,rule
P04246,사항은 대통령령으로,위임,대통령령,,rule
P04247,사항은 대통령령으로,위임,대통령령,,rule
P04248,사항은 대통령령으로,위임,대통령령,,rule
P04249,사항은 대통령령으로,위임,대통령령,,rule
P04250,사항은 대통령령으로,위임,대통령령,,rule
P04251,사항은 대통령령으로,위임,대통령령,,rule
P04252,사항은 대통령령으로,위임,대통령령,,rule
P04253,사항은 대통령령으로,위임,대통령령,,rule
P04254,사항은 대통령령으로,위임,대통령령,,rule
P04255,사항은 대통령령으로,위임,대통령령,,rule
P04256,사항은 대통령령으로,위임,대통령령,,rule
P04257,사항은 대통령령으로,위임,대통령령,,rule
P04258,사항은 대통령령으로,위임,대통령령,,rule
P04259,사항은 대통령령으로,위임,대통령령,,rule
P04260,사항은 대통령령으로,위임,대통령령,,rule
P04261,사항은 대통령령으로,위임,대통령령,,rule
P04262,사항은 대통령령으로,위임,대통령령,,rule
P04263,사항은 대통령령으로,위임,대통령령,,rule
P04264,사항은 대통령령으로,위임,대통령령,,rule
P04265,사항은 대통령령으로,위임,대통령령,,rule
P04266,대통령령으로 정한다,위임,대통령령,,rule
P04267,대통령령으로 정한다,위임,대통령령,,rule
P04268,사항은 대통령령으로,위임,대통령령,,rule
P04269,사항은 대통령령으로,위임,대통령령,,rule
P04270,사항은 대통령령으로,위임,대통령령,,rule
P04271,사항은 교육부령으로,위임,부령,,rule
P04272,사항은 교육부령으로,위임,부령,,rule
P04273,사항은 교육부령으로,위임,부령,,rule
P04274,사항은 교육부령으로,위임,부령,,rule
P04275,사항은 교육부령으로,위임,부령,,rule
P04276,사항은 교육부령으로,위임,부령,,rule
P04277,사항은 교육부령으로,위임,부령,,rule
P04278,대통령령으로 정하는 사람,위임,대통령령,,rule
P04279,대통령령으로 정하는 기준,위임,대통령령,,rule
P04280,필요한 사항은 대통령령으로,위임,대통령령,,rule
P04281,대통령령으로 정한다,위임,대통령령,,rule
P04282,대통령령으로 정한다,위임,대통령령,,rule
P04283,대통령령으로 정하는,위임,대통령령,,rule
P04284,대통령령으로 정하는,위임,대통령령,,rule
P04285,대통령령으로 정하는,위임,대통령령,,rule
P04286,대통령령으로 정하는,위임,대통령령,,rule
P04287,대통령령으로 정하는,위임,대통령령,,rule
P04288,대통령령으로 정하는,위임,대통령령,,rule
P04289,교육부령으로 정한다,위임,부령,,rule
P04290,대통령령으로 정한다,위임,대통령령,,rule
P04291,교육부령으로 정하는 자료,위임,부령,,rule
P04292,교육부령으로 정하는,위임,부령,,rule
P04293,② 제1항에 따른 통학 지원에 필요한 사항은 해당 시ㆍ도의 조례로 정한다.,위임,조례,,rule
P04294,② 제1항에 따른 통학 지원에 필요한 사항은 해당 시ㆍ도의 조례로 정한다.,위임,조례,,rule
P04295,② 제1항에 따른 통학 지원에 필요한 사항은 해당 시ㆍ도의 조례로 정한다.,위임,조례,,rule
P04296,② 제1항에 따른 통학 지원에 필요한 사항은 해당 시ㆍ도의 조례로 정한다.,위임,조례,,rule
P04297,② 제1항에 따른 통학 지원에 필요한 사항은 해당 시ㆍ도의 조례로 정한다.,위임,조례,,rule
P04298,② 제1항에 따른 통학 지원에 필요한 사항은 해당 시ㆍ도의 조례로 정한다.,위임,조례,,rule
P04299,② 제1항에 따른 통학 지원에 필요한 사항은 해당 시ㆍ도의 조례로 정한다.,위임,조례,,rule
P04300,② 제1항에 따른 통학 지원에 필요한 사항은 해당 시ㆍ도의 조례로 정한다.,위임,조례,,rule
P04301,② 제1항에 따른 통학 지원에 필요한 사항은 해당 시ㆍ도의 조례로 정한다.,위임,조례,,rule
P04302,② 제1항에 따른 통학 지원에 필요한 사항은 해당 시ㆍ도의 조례로 정한다.,위임,조례,,rule
P04303,② 제1항에 따른 통학 지원에 필요한 사항은 해당 시ㆍ도의 조례로 정한다.,위임,조례,,rule
P04304,② 제1항에 따른 통학 지원에 필요한 사항은 해당 시ㆍ도의 조례로 정한다.,위임,조례,,rule
P04305,② 제1항에 따른 통학 지원에 필요한 사항은 해당 시ㆍ도의 조례로 정한다.,위임,조례,,rule
P04306,② 제1항에 따른 통학 지원에 필요한 사항은 해당 시ㆍ도의 조례로 정한다.,위임,조례,,rule
P04307,② 제1항에 따른 통학 지원에 필요한 사항은 해당 시ㆍ도의 조례로 정한다.,위임,조례,,rule
P04308,② 제1항에 따른 통학 지원에 필요한 사항은 해당 시ㆍ도의 조례로 정한다.,위임,조례,,rule
P04309,② 제1항에 따른 통학 지원에 필요한 사항은 해당 시ㆍ도의 조례로 정한다.,위임,조례,,rule
P04310,② 제1항에 따른 통학 지원에 필요한 사항은 해당 시ㆍ도의 조례로 정한다.,위임,조례,,rule
P04311,② 제1항에 따른 통학 지원에 필요한 사항은 해당 시ㆍ도의 조례로 정한다.,위임,조례,,rule
P04312,② 제1항에 따른 통학 지원에 필요한 사항은 해당 시ㆍ도의 조례로 정한다.,위임,조례,,rule
P04313,② 제1항에 따른 통학 지원에 필요한 사항은 해당 시ㆍ도의 조례로 정한다.,위임,조례,,rule
P04314,② 제1항에 따른 통학 지원에 필요한 사항은 해당 시ㆍ도의 조례로 정한다.,위임,조례,,rule
P04315,② 제1항에 따른 통학 지원에 필요한 사항은 해당 시ㆍ도의 조례로 정한다.,위임,조례,,rule
P04316,② 제1항에 따른 통학 지원에 필요한 사항은 해당 시ㆍ도의 조례로 정한다.,위임,조례,,rule
P04317,② 제1항에 따른 통학 지원에 필요한 사항은 해당 시ㆍ도의 조례로 정한다.,위임,조례,,rule
P04318,② 제1항에 따른 통학 지원에 필요한 사항은 해당 시ㆍ도의 조례로 정한다.,위임,조례,,rule
P04319,② 제1항에 따른 통학 지원에 필요한 사항은 해당 시ㆍ도의 조례로 정한다.,위임,조례,,rule
P04320,② 제1항에 따른 통학 지원에 필요한 사항은 해당 시ㆍ도의 조례로 정한다.,위임,조례,,rule
P04321,대통령령으로 정하는,위임,대통령령,,rule
P04322,대통령령으로 정하는,위임,대통령령,,rule
P04323,대통령령으로 정하는,위임,대통령령,,rule
P04324,대통령령으로 정하는,위임,대통령령,,rule
P04325,대통령령으로 정하는,위임,대통령령,,rule
P04326,대통령령으로 정하는,위임,대통령령,,rule
P04327,대통령령으로 정하는,위임,대통령령,,rule
P04328,대통령령으로 정하는,위임,대통령령,,rule
P04329,대통령령으로 정하는,위임,대통령령,,rule
P04330,대통령령으로 정하는,위임,대통령령,,rule
P04331,대통령령으로 정하는,위임,대통령령,,rule
P04332,대통령령으로 정하는,위임,대통령령,,rule
P04333,대통령령으로 정한다,위임,대통령령,,rule
P04334,과태료는 대통령령으로,위임,대통령령,,rule
P04335,대통령령으로 정한다,위임,대통령령,,rule
P04336,대통령령으로 정한다,위임,대통령령,,rule
P04337,교육부령으로 정하는 바에,위임,부령,,rule
P04338,교육부령으로 정하는 서류,위임,부령,,rule
P04339,교육부령으로 정하는 바에,위임,부령,,rule
P04340,교육부령으로 정하는 서류,위임,부령,,rule
P04341,교육부령으로 정하는 바에,위임,부령,,rule
P04342,시·도교육청평가에 필요한 사항은 교육부장관이 정하고,판단불가,해당없음,,rule
P04343,"법 제10조의2제3항에서 ""대통령령으로 정하는 사립학교""란 법 제10조제2항에 따른 시ㆍ도의 조례에서 수업료와 그 밖의 납부금을 해당 학교의 장이 정하도록 한 사립학교를 말한다.",위임,대통령령,,rule
P04344,"법 제10조의2제3항에서 ""대통령령으로 정하는 사립학교""란 법 제10조제2항에 따른 시ㆍ도의 조례에서 수업료와 그 밖의 납부금을 해당 학교의 장이 정하도록 한 사립학교를 말한다.",위임,대통령령,,rule
P04345,"법 제10조의2제3항에서 ""대통령령으로 정하는 사립학교""란 법 제10조제2항에 따른 시ㆍ도의 조례에서 수업료와 그 밖의 납부금을 해당 학교의 장이 정하도록 한 사립학교를 말한다.",위임,대통령령,,rule
P04346,"법 제10조의2제3항에서 ""대통령령으로 정하는 사립학교""란 법 제10조제2항에 따른 시ㆍ도의 조례에서 수업료와 그 밖의 납부금을 해당 학교의 장이 정하도록 한 사립학교를 말한다.",위임,대통령령,,rule
P04347,"법 제10조의2제3항에서 ""대통령령으로 정하는 사립학교""란 법 제10조제2항에 따른 시ㆍ도의 조례에서 수업료와 그 밖의 납부금을 해당 학교의 장이 정하도록 한 사립학교를 말한다.",위임,대통령령,,rule
P04348,"법 제10조의2제3항에서 ""대통령령으로 정하는 사립학교""란 법 제10조제2항에 따른 시ㆍ도의 조례에서 수업료와 그 밖의 납부금을 해당 학교의 장이 정하도록 한 사립학교를 말한다.",위임,대통령령,,rule
P04349,"법 제10조의2제3항에서 ""대통령령으로 정하는 사립학교""란 법 제10조제2항에 따른 시ㆍ도의 조례에서 수업료와 그 밖의 납부금을 해당 학교의 장이 정하도록 한 사립학교를 말한다.",위임,대통령령,,rule
P04350,"법 제10조의2제3항에서 ""대통령령으로 정하는 사립학교""란 법 제10조제2항에 따른 시ㆍ도의 조례에서 수업료와 그 밖의 납부금을 해당 학교의 장이 정하도록 한 사립학교를 말한다.",위임,대통령령,,rule
P04351,"법 제10조의2제3항에서 ""대통령령으로 정하는 사립학교""란 법 제10조제2항에 따른 시ㆍ도의 조례에서 수업료와 그 밖의 납부금을 해당 학교의 장이 정하도록 한 사립학교를 말한다.",위임,대통령령,,rule
P04352,"법 제10조의2제3항에서 ""대통령령으로 정하는 사립학교""란 법 제10조제2항에 따른 시ㆍ도의 조례에서 수업료와 그 밖의 납부금을 해당 학교의 장이 정하도록 한 사립학교를 말한다.",위임,대통령령,,rule
P04353,"법 제10조의2제3항에서 ""대통령령으로 정하는 사립학교""란 법 제10조제2항에 따른 시ㆍ도의 조례에서 수업료와 그 밖의 납부금을 해당 학교의 장이 정하도록 한 사립학교를 말한다.",위임,대통령령,,rule
P04354,"법 제10조의2제3항에서 ""대통령령으로 정하는 사립학교""란 법 제10조제2항에 따른 시ㆍ도의 조례에서 수업료와 그 밖의 납부금을 해당 학교의 장이 정하도록 한 사립학교를 말한다.",위임,대통령령,,rule
P04355,"법 제10조의2제3항에서 ""대통령령으로 정하는 사립학교""란 법 제10조제2항에 따른 시ㆍ도의 조례에서 수업료와 그 밖의 납부금을 해당 학교의 장이 정하도록 한 사립학교를 말한다.",위임,대통령령,,rule
P04356,"법 제10조의2제3항에서 ""대통령령으로 정하는 사립학교""란 법 제10조제2항에 따른 시ㆍ도의 조례에서 수업료와 그 밖의 납부금을 해당 학교의 장이 정하도록 한 사립학교를 말한다.",위임,대통령령,,rule
P04357,"법 제10조의2제3항에서 ""대통령령으로 정하는 사립학교""란 법 제10조제2항에 따른 시ㆍ도의 조례에서 수업료와 그 밖의 납부금을 해당 학교의 장이 정하도록 한 사립학교를 말한다.",위임,대통령령,,rule
P04358,"법 제10조의2제3항에서 ""대통령령으로 정하는 사립학교""란 법 제10조제2항에 따른 시ㆍ도의 조례에서 수업료와 그 밖의 납부금을 해당 학교의 장이 정하도록 한 사립학교를 말한다.",위임,대통령령,,rule
P04359,교육통계조사에 관하여 필요한 사항은 교육부장관이 정한다.,판단불가,해당없음,,rule
P04360,배치기준은 따로 대통령령으로,위임,대통령령,,rule
P04361,"지도의 범위, 방식 등에 관한 기준을 정하여 고시한다.",판단불가,해당없음,,rule
P04362,제1항 및 제2항에서 규정한 사항 외에 개별학생교육지원에 필요한 사항은 교육부장관이 정한다.,판단불가,해당없음,,rule
P04363,대통령령으로 정한다,위임,대통령령,,rule
P04364,대통령령으로 정한다,위임,대통령령,,rule
P04365,교육감의 의견을 들어 교육부장관이 정하여 고시한다.,위임,미특정,,rule
P04366,교육감의 의견을 들어 교육부장관이 정하여 고시한다.,위임,미특정,,rule
P04367,2. 제2항에 따른 지역다문화교육지원센터의 경우: 해당 시ㆍ도의 조례,판단불가,해당없음,,rule
P04368,2. 제2항에 따른 지역다문화교육지원센터의 경우: 해당 시ㆍ도의 조례,판단불가,해당없음,,rule
P04369,2. 제2항에 따른 지역다문화교육지원센터의 경우: 해당 시ㆍ도의 조례,판단불가,해당없음,,rule
P04370,2. 제2항에 따른 지역다문화교육지원센터의 경우: 해당 시ㆍ도의 조례,판단불가,해당없음,,rule
P04371,2. 제2항에 따른 지역다문화교육지원센터의 경우: 해당 시ㆍ도의 조례,판단불가,해당없음,,rule
P04372,2. 제2항에 따른 지역다문화교육지원센터의 경우: 해당 시ㆍ도의 조례,판단불가,해당없음,,rule
P04373,2. 제2항에 따른 지역다문화교육지원센터의 경우: 해당 시ㆍ도의 조례,판단불가,해당없음,,rule
P04374,2. 제2항에 따른 지역다문화교육지원센터의 경우: 해당 시ㆍ도의 조례,판단불가,해당없음,,rule
P04375,2. 제2항에 따른 지역다문화교육지원센터의 경우: 해당 시ㆍ도의 조례,판단불가,해당없음,,rule
P04376,2. 제2항에 따른 지역다문화교육지원센터의 경우: 해당 시ㆍ도의 조례,판단불가,해당없음,,rule
P04377,2. 제2항에 따른 지역다문화교육지원센터의 경우: 해당 시ㆍ도의 조례,판단불가,해당없음,,rule
P04378,2. 제2항에 따른 지역다문화교육지원센터의 경우: 해당 시ㆍ도의 조례,판단불가,해당없음,,rule
P04379,2. 제2항에 따른 지역다문화교육지원센터의 경우: 해당 시ㆍ도의 조례,판단불가,해당없음,,rule
P04380,2. 제2항에 따른 지역다문화교육지원센터의 경우: 해당 시ㆍ도의 조례,판단불가,해당없음,,rule
P04381,2. 제2항에 따른 지역다문화교육지원센터의 경우: 해당 시ㆍ도의 조례,판단불가,해당없음,,rule
P04382,2. 제2항에 따른 지역다문화교육지원센터의 경우: 해당 시ㆍ도의 조례,판단불가,해당없음,,rule
P04383,대통령령,판단불가,해당없음,,rule
P04384,교육부령으로 정하는,위임,부령,,rule
P04385,"④ 제2항 및 제3항에도 불구하고 다음 각 호의 구분에 따른 국ㆍ공립학교에 두는 운영위원회 위원의 구성비율은 국립학교의 경우에는 학칙으로, 공립학교의 경우에는 시ㆍ도의 조례로 정하는 범위에서 위원회규정으로 달리 정할 수 있다. 이 경우 학부모위원, 교원위원 및 지역위원은 각각 1명 이상 포함되어야 한다.",위임,조례,,rule
P04386,"④ 제2항 및 제3항에도 불구하고 다음 각 호의 구분에 따른 국ㆍ공립학교에 두는 운영위원회 위원의 구성비율은 국립학교의 경우에는 학칙으로, 공립학교의 경우에는 시ㆍ도의 조례로 정하는 범위에서 위원회규정으로 달리 정할 수 있다. 이 경우 학부모위원, 교원위원 및 지역위원은 각각 1명 이상 포함되어야 한다.",위임,조례,,rule
P04387,"④ 제2항 및 제3항에도 불구하고 다음 각 호의 구분에 따른 국ㆍ공립학교에 두는 운영위원회 위원의 구성비율은 국립학교의 경우에는 학칙으로, 공립학교의 경우에는 시ㆍ도의 조례로 정하는 범위에서 위원회규정으로 달리 정할 수 있다. 이 경우 학부모위원, 교원위원 및 지역위원은 각각 1명 이상 포함되어야 한다.",위임,조례,,rule
P04388,"④ 제2항 및 제3항에도 불구하고 다음 각 호의 구분에 따른 국ㆍ공립학교에 두는 운영위원회 위원의 구성비율은 국립학교의 경우에는 학칙으로, 공립학교의 경우에는 시ㆍ도의 조례로 정하는 범위에서 위원회규정으로 달리 정할 수 있다. 이 경우 학부모위원, 교원위원 및 지역위원은 각각 1명 이상 포함되어야 한다.",위임,조례,,rule
P04389,"④ 제2항 및 제3항에도 불구하고 다음 각 호의 구분에 따른 국ㆍ공립학교에 두는 운영위원회 위원의 구성비율은 국립학교의 경우에는 학칙으로, 공립학교의 경우에는 시ㆍ도의 조례로 정하는 범위에서 위원회규정으로 달리 정할 수 있다. 이 경우 학부모위원, 교원위원 및 지역위원은 각각 1명 이상 포함되어야 한다.",위임,조례,,rule
P04390,"④ 제2항 및 제3항에도 불구하고 다음 각 호의 구분에 따른 국ㆍ공립학교에 두는 운영위원회 위원의 구성비율은 국립학교의 경우에는 학칙으로, 공립학교의 경우에는 시ㆍ도의 조례로 정하는 범위에서 위원회규정으로 달리 정할 수 있다. 이 경우 학부모위원, 교원위원 및 지역위원은 각각 1명 이상 포함되어야 한다.",위임,조례,,rule
P04391,"④ 제2항 및 제3항에도 불구하고 다음 각 호의 구분에 따른 국ㆍ공립학교에 두는 운영위원회 위원의 구성비율은 국립학교의 경우에는 학칙으로, 공립학교의 경우에는 시ㆍ도의 조례로 정하는 범위에서 위원회규정으로 달리 정할 수 있다. 이 경우 학부모위원, 교원위원 및 지역위원은 각각 1명 이상 포함되어야 한다.",위임,조례,,rule
P04392,"④ 제2항 및 제3항에도 불구하고 다음 각 호의 구분에 따른 국ㆍ공립학교에 두는 운영위원회 위원의 구성비율은 국립학교의 경우에는 학칙으로, 공립학교의 경우에는 시ㆍ도의 조례로 정하는 범위에서 위원회규정으로 달리 정할 수 있다. 이 경우 학부모위원, 교원위원 및 지역위원은 각각 1명 이상 포함되어야 한다.",위임,조례,,rule
P04393,"④ 제2항 및 제3항에도 불구하고 다음 각 호의 구분에 따른 국ㆍ공립학교에 두는 운영위원회 위원의 구성비율은 국립학교의 경우에는 학칙으로, 공립학교의 경우에는 시ㆍ도의 조례로 정하는 범위에서 위원회규정으로 달리 정할 수 있다. 이 경우 학부모위원, 교원위원 및 지역위원은 각각 1명 이상 포함되어야 한다.",위임,조례,,rule
P04394,"④ 제2항 및 제3항에도 불구하고 다음 각 호의 구분에 따른 국ㆍ공립학교에 두는 운영위원회 위원의 구성비율은 국립학교의 경우에는 학칙으로, 공립학교의 경우에는 시ㆍ도의 조례로 정하는 범위에서 위원회규정으로 달리 정할 수 있다. 이 경우 학부모위원, 교원위원 및 지역위원은 각각 1명 이상 포함되어야 한다.",위임,조례,,rule
P04395,"④ 제2항 및 제3항에도 불구하고 다음 각 호의 구분에 따른 국ㆍ공립학교에 두는 운영위원회 위원의 구성비율은 국립학교의 경우에는 학칙으로, 공립학교의 경우에는 시ㆍ도의 조례로 정하는 범위에서 위원회규정으로 달리 정할 수 있다. 이 경우 학부모위원, 교원위원 및 지역위원은 각각 1명 이상 포함되어야 한다.",위임,조례,,rule
P04396,"④ 제2항 및 제3항에도 불구하고 다음 각 호의 구분에 따른 국ㆍ공립학교에 두는 운영위원회 위원의 구성비율은 국립학교의 경우에는 학칙으로, 공립학교의 경우에는 시ㆍ도의 조례로 정하는 범위에서 위원회규정으로 달리 정할 수 있다. 이 경우 학부모위원, 교원위원 및 지역위원은 각각 1명 이상 포함되어야 한다.",위임,조례,,rule
P04397,"④ 제2항 및 제3항에도 불구하고 다음 각 호의 구분에 따른 국ㆍ공립학교에 두는 운영위원회 위원의 구성비율은 국립학교의 경우에는 학칙으로, 공립학교의 경우에는 시ㆍ도의 조례로 정하는 범위에서 위원회규정으로 달리 정할 수 있다. 이 경우 학부모위원, 교원위원 및 지역위원은 각각 1명 이상 포함되어야 한다.",위임,조례,,rule
P04398,"④ 제2항 및 제3항에도 불구하고 다음 각 호의 구분에 따른 국ㆍ공립학교에 두는 운영위원회 위원의 구성비율은 국립학교의 경우에는 학칙으로, 공립학교의 경우에는 시ㆍ도의 조례로 정하는 범위에서 위원회규정으로 달리 정할 수 있다. 이 경우 학부모위원, 교원위원 및 지역위원은 각각 1명 이상 포함되어야 한다.",위임,조례,,rule
P04399,"④ 제2항 및 제3항에도 불구하고 다음 각 호의 구분에 따른 국ㆍ공립학교에 두는 운영위원회 위원의 구성비율은 국립학교의 경우에는 학칙으로, 공립학교의 경우에는 시ㆍ도의 조례로 정하는 범위에서 위원회규정으로 달리 정할 수 있다. 이 경우 학부모위원, 교원위원 및 지역위원은 각각 1명 이상 포함되어야 한다.",위임,조례,,rule
P04400,"④ 제2항 및 제3항에도 불구하고 다음 각 호의 구분에 따른 국ㆍ공립학교에 두는 운영위원회 위원의 구성비율은 국립학교의 경우에는 학칙으로, 공립학교의 경우에는 시ㆍ도의 조례로 정하는 범위에서 위원회규정으로 달리 정할 수 있다. 이 경우 학부모위원, 교원위원 및 지역위원은 각각 1명 이상 포함되어야 한다.",위임,조례,,rule
P04401,"④ 제2항 및 제3항에도 불구하고 다음 각 호의 구분에 따른 국ㆍ공립학교에 두는 운영위원회 위원의 구성비율은 국립학교의 경우에는 학칙으로, 공립학교의 경우에는 시ㆍ도의 조례로 정하는 범위에서 위원회규정으로 달리 정할 수 있다. 이 경우 학부모위원, 교원위원 및 지역위원은 각각 1명 이상 포함되어야 한다.",위임,조례,,rule
P04402,"③ 국·공립학교에 두는 운영위원회는 국립학교의 경우에는 학칙으로, 공립학교의 경우에는 시·도의 조례로 정하는 바에 따라 학생 대표가 학생의 학교생활에 관련된 사항에 관하여 학생들의 의견을 수렴하여 운영위원회에 제안하게 할 수 있다.",위임,조례,,rule
P04403,"③ 국·공립학교에 두는 운영위원회는 국립학교의 경우에는 학칙으로, 공립학교의 경우에는 시·도의 조례로 정하는 바에 따라 학생 대표가 학생의 학교생활에 관련된 사항에 관하여 학생들의 의견을 수렴하여 운영위원회에 제안하게 할 수 있다.",위임,조례,,rule
P04404,"① 국ㆍ공립학교에 두는 운영위원회는 다음 각 호의 어느 하나에 해당하는 사항을 심의하려는 경우 국립학교의 경우에는 학칙으로, 공립학교의 경우에는 시ㆍ도의 조례로 정하는 바에 따라 미리 학부모의 의견을 수렴해야 한다.",위임,조례,,rule
P04405,"2. 그 밖에 국립학교의 경우에는 학칙으로, 공립학교의 경우에는 시·도의 조례로 미리 학부모의 의견을 수렴하도록 정한 사항",판단불가,해당없음,,rule
P04406,"③ 국·공립학교에 두는 운영위원회는 국립학교의 경우에는 학칙으로, 공립학교의 경우에는 시·도의 조례로 정하는 바에 따라 학생 대표가 학생의 학교생활에 관련된 사항에 관하여 학생들의 의견을 수렴하여 운영위원회에 제안하게 할 수 있다.",위임,조례,,rule
P04407,"① 국ㆍ공립학교에 두는 운영위원회는 다음 각 호의 어느 하나에 해당하는 사항을 심의하려는 경우 국립학교의 경우에는 학칙으로, 공립학교의 경우에는 시ㆍ도의 조례로 정하는 바에 따라 미리 학부모의 의견을 수렴해야 한다.",위임,조례,,rule
P04408,"2. 그 밖에 국립학교의 경우에는 학칙으로, 공립학교의 경우에는 시·도의 조례로 미리 학부모의 의견을 수렴하도록 정한 사항",판단불가,해당없음,,rule
P04409,"③ 국·공립학교에 두는 운영위원회는 국립학교의 경우에는 학칙으로, 공립학교의 경우에는 시·도의 조례로 정하는 바에 따라 학생 대표가 학생의 학교생활에 관련된 사항에 관하여 학생들의 의견을 수렴하여 운영위원회에 제안하게 할 수 있다.",위임,조례,,rule
P04410,"① 국ㆍ공립학교에 두는 운영위원회는 다음 각 호의 어느 하나에 해당하는 사항을 심의하려는 경우 국립학교의 경우에는 학칙으로, 공립학교의 경우에는 시ㆍ도의 조례로 정하는 바에 따라 미리 학부모의 의견을 수렴해야 한다.",위임,조례,,rule
P04411,"2. 그 밖에 국립학교의 경우에는 학칙으로, 공립학교의 경우에는 시·도의 조례로 미리 학부모의 의견을 수렴하도록 정한 사항",판단불가,해당없음,,rule
P04412,"2. 그 밖에 국립학교의 경우에는 학칙으로, 공립학교의 경우에는 시·도의 조례로 미리 학부모의 의견을 수렴하도록 정한 사항",판단불가,해당없음,,rule
P04413,"① 국ㆍ공립학교에 두는 운영위원회는 다음 각 호의 어느 하나에 해당하는 사항을 심의하려는 경우 국립학교의 경우에는 학칙으로, 공립학교의 경우에는 시ㆍ도의 조례로 정하는 바에 따라 미리 학부모의 의견을 수렴해야 한다.",위임,조례,,rule
P04414,"③ 국·공립학교에 두는 운영위원회는 국립학교의 경우에는 학칙으로, 공립학교의 경우에는 시·도의 조례로 정하는 바에 따라 학생 대표가 학생의 학교생활에 관련된 사항에 관하여 학생들의 의견을 수렴하여 운영위원회에 제안하게 할 수 있다.",위임,조례,,rule
P04415,"2. 그 밖에 국립학교의 경우에는 학칙으로, 공립학교의 경우에는 시·도의 조례로 미리 학부모의 의견을 수렴하도록 정한 사항",판단불가,해당없음,,rule
P04416,"① 국ㆍ공립학교에 두는 운영위원회는 다음 각 호의 어느 하나에 해당하는 사항을 심의하려는 경우 국립학교의 경우에는 학칙으로, 공립학교의 경우에는 시ㆍ도의 조례로 정하는 바에 따라 미리 학부모의 의견을 수렴해야 한다.",위임,조례,,rule
P04417,"③ 국·공립학교에 두는 운영위원회는 국립학교의 경우에는 학칙으로, 공립학교의 경우에는 시·도의 조례로 정하는 바에 따라 학생 대표가 학생의 학교생활에 관련된 사항에 관하여 학생들의 의견을 수렴하여 운영위원회에 제안하게 할 수 있다.",위임,조례,,rule
P04418,"2. 그 밖에 국립학교의 경우에는 학칙으로, 공립학교의 경우에는 시·도의 조례로 미리 학부모의 의견을 수렴하도록 정한 사항",판단불가,해당없음,,rule
P04419,"① 국ㆍ공립학교에 두는 운영위원회는 다음 각 호의 어느 하나에 해당하는 사항을 심의하려는 경우 국립학교의 경우에는 학칙으로, 공립학교의 경우에는 시ㆍ도의 조례로 정하는 바에 따라 미리 학부모의 의견을 수렴해야 한다.",위임,조례,,rule
P04420,"③ 국·공립학교에 두는 운영위원회는 국립학교의 경우에는 학칙으로, 공립학교의 경우에는 시·도의 조례로 정하는 바에 따라 학생 대표가 학생의 학교생활에 관련된 사항에 관하여 학생들의 의견을 수렴하여 운영위원회에 제안하게 할 수 있다.",위임,조례,,rule
P04421,"2. 그 밖에 국립학교의 경우에는 학칙으로, 공립학교의 경우에는 시·도의 조례로 미리 학부모의 의견을 수렴하도록 정한 사항",판단불가,해당없음,,rule
P04422,"① 국ㆍ공립학교에 두는 운영위원회는 다음 각 호의 어느 하나에 해당하는 사항을 심의하려는 경우 국립학교의 경우에는 학칙으로, 공립학교의 경우에는 시ㆍ도의 조례로 정하는 바에 따라 미리 학부모의 의견을 수렴해야 한다.",위임,조례,,rule
P04423,"③ 국·공립학교에 두는 운영위원회는 국립학교의 경우에는 학칙으로, 공립학교의 경우에는 시·도의 조례로 정하는 바에 따라 학생 대표가 학생의 학교생활에 관련된 사항에 관하여 학생들의 의견을 수렴하여 운영위원회에 제안하게 할 수 있다.",위임,조례,,rule
P04424,"① 국ㆍ공립학교에 두는 운영위원회는 다음 각 호의 어느 하나에 해당하는 사항을 심의하려는 경우 국립학교의 경우에는 학칙으로, 공립학교의 경우에는 시ㆍ도의 조례로 정하는 바에 따라 미리 학부모의 의견을 수렴해야 한다.",위임,조례,,rule
P04425,"2. 그 밖에 국립학교의 경우에는 학칙으로, 공립학교의 경우에는 시·도의 조례로 미리 학부모의 의견을 수렴하도록 정한 사항",판단불가,해당없음,,rule
P04426,"① 국ㆍ공립학교에 두는 운영위원회는 다음 각 호의 어느 하나에 해당하는 사항을 심의하려는 경우 국립학교의 경우에는 학칙으로, 공립학교의 경우에는 시ㆍ도의 조례로 정하는 바에 따라 미리 학부모의 의견을 수렴해야 한다.",위임,조례,,rule
P04427,"③ 국·공립학교에 두는 운영위원회는 국립학교의 경우에는 학칙으로, 공립학교의 경우에는 시·도의 조례로 정하는 바에 따라 학생 대표가 학생의 학교생활에 관련된 사항에 관하여 학생들의 의견을 수렴하여 운영위원회에 제안하게 할 수 있다.",위임,조례,,rule
P04428,"2. 그 밖에 국립학교의 경우에는 학칙으로, 공립학교의 경우에는 시·도의 조례로 미리 학부모의 의견을 수렴하도록 정한 사항",판단불가,해당없음,,rule
P04429,"① 국ㆍ공립학교에 두는 운영위원회는 다음 각 호의 어느 하나에 해당하는 사항을 심의하려는 경우 국립학교의 경우에는 학칙으로, 공립학교의 경우에는 시ㆍ도의 조례로 정하는 바에 따라 미리 학부모의 의견을 수렴해야 한다.",위임,조례,,rule
P04430,"③ 국·공립학교에 두는 운영위원회는 국립학교의 경우에는 학칙으로, 공립학교의 경우에는 시·도의 조례로 정하는 바에 따라 학생 대표가 학생의 학교생활에 관련된 사항에 관하여 학생들의 의견을 수렴하여 운영위원회에 제안하게 할 수 있다.",위임,조례,,rule
P04431,"2. 그 밖에 국립학교의 경우에는 학칙으로, 공립학교의 경우에는 시·도의 조례로 미리 학부모의 의견을 수렴하도록 정한 사항",판단불가,해당없음,,rule
P04432,"① 국ㆍ공립학교에 두는 운영위원회는 다음 각 호의 어느 하나에 해당하는 사항을 심의하려는 경우 국립학교의 경우에는 학칙으로, 공립학교의 경우에는 시ㆍ도의 조례로 정하는 바에 따라 미리 학부모의 의견을 수렴해야 한다.",위임,조례,,rule
P04433,"③ 국·공립학교에 두는 운영위원회는 국립학교의 경우에는 학칙으로, 공립학교의 경우에는 시·도의 조례로 정하는 바에 따라 학생 대표가 학생의 학교생활에 관련된 사항에 관하여 학생들의 의견을 수렴하여 운영위원회에 제안하게 할 수 있다.",위임,조례,,rule
P04434,"2. 그 밖에 국립학교의 경우에는 학칙으로, 공립학교의 경우에는 시·도의 조례로 미리 학부모의 의견을 수렴하도록 정한 사항",판단불가,해당없음,,rule
P04435,"① 국ㆍ공립학교에 두는 운영위원회는 다음 각 호의 어느 하나에 해당하는 사항을 심의하려는 경우 국립학교의 경우에는 학칙으로, 공립학교의 경우에는 시ㆍ도의 조례로 정하는 바에 따라 미리 학부모의 의견을 수렴해야 한다.",위임,조례,,rule
P04436,"③ 국·공립학교에 두는 운영위원회는 국립학교의 경우에는 학칙으로, 공립학교의 경우에는 시·도의 조례로 정하는 바에 따라 학생 대표가 학생의 학교생활에 관련된 사항에 관하여 학생들의 의견을 수렴하여 운영위원회에 제안하게 할 수 있다.",위임,조례,,rule
P04437,"2. 그 밖에 국립학교의 경우에는 학칙으로, 공립학교의 경우에는 시·도의 조례로 미리 학부모의 의견을 수렴하도록 정한 사항",판단불가,해당없음,,rule
P04438,"① 국ㆍ공립학교에 두는 운영위원회는 다음 각 호의 어느 하나에 해당하는 사항을 심의하려는 경우 국립학교의 경우에는 학칙으로, 공립학교의 경우에는 시ㆍ도의 조례로 정하는 바에 따라 미리 학부모의 의견을 수렴해야 한다.",위임,조례,,rule
P04439,"③ 국·공립학교에 두는 운영위원회는 국립학교의 경우에는 학칙으로, 공립학교의 경우에는 시·도의 조례로 정하는 바에 따라 학생 대표가 학생의 학교생활에 관련된 사항에 관하여 학생들의 의견을 수렴하여 운영위원회에 제안하게 할 수 있다.",위임,조례,,rule
P04440,"① 국ㆍ공립학교에 두는 운영위원회는 다음 각 호의 어느 하나에 해당하는 사항을 심의하려는 경우 국립학교의 경우에는 학칙으로, 공립학교의 경우에는 시ㆍ도의 조례로 정하는 바에 따라 미리 학부모의 의견을 수렴해야 한다.",위임,조례,,rule
P04441,"2. 그 밖에 국립학교의 경우에는 학칙으로, 공립학교의 경우에는 시·도의 조례로 미리 학부모의 의견을 수렴하도록 정한 사항",판단불가,해당없음,,rule
P04442,"① 국ㆍ공립학교에 두는 운영위원회는 다음 각 호의 어느 하나에 해당하는 사항을 심의하려는 경우 국립학교의 경우에는 학칙으로, 공립학교의 경우에는 시ㆍ도의 조례로 정하는 바에 따라 미리 학부모의 의견을 수렴해야 한다.",위임,조례,,rule
P04443,"③ 국·공립학교에 두는 운영위원회는 국립학교의 경우에는 학칙으로, 공립학교의 경우에는 시·도의 조례로 정하는 바에 따라 학생 대표가 학생의 학교생활에 관련된 사항에 관하여 학생들의 의견을 수렴하여 운영위원회에 제안하게 할 수 있다.",위임,조례,,rule
P04444,"2. 그 밖에 국립학교의 경우에는 학칙으로, 공립학교의 경우에는 시·도의 조례로 미리 학부모의 의견을 수렴하도록 정한 사항",판단불가,해당없음,,rule
P04445,"③ 국·공립학교에 두는 운영위원회는 국립학교의 경우에는 학칙으로, 공립학교의 경우에는 시·도의 조례로 정하는 바에 따라 학생 대표가 학생의 학교생활에 관련된 사항에 관하여 학생들의 의견을 수렴하여 운영위원회에 제안하게 할 수 있다.",위임,조례,,rule
P04446,"2. 그 밖에 국립학교의 경우에는 학칙으로, 공립학교의 경우에는 시·도의 조례로 미리 학부모의 의견을 수렴하도록 정한 사항",판단불가,해당없음,,rule
P04447,"① 국ㆍ공립학교에 두는 운영위원회는 다음 각 호의 어느 하나에 해당하는 사항을 심의하려는 경우 국립학교의 경우에는 학칙으로, 공립학교의 경우에는 시ㆍ도의 조례로 정하는 바에 따라 미리 학부모의 의견을 수렴해야 한다.",위임,조례,,rule
P04448,"③ 국·공립학교에 두는 운영위원회는 국립학교의 경우에는 학칙으로, 공립학교의 경우에는 시·도의 조례로 정하는 바에 따라 학생 대표가 학생의 학교생활에 관련된 사항에 관하여 학생들의 의견을 수렴하여 운영위원회에 제안하게 할 수 있다.",위임,조례,,rule
P04449,"2. 그 밖에 국립학교의 경우에는 학칙으로, 공립학교의 경우에는 시·도의 조례로 미리 학부모의 의견을 수렴하도록 정한 사항",판단불가,해당없음,,rule
P04450,"① 국ㆍ공립학교에 두는 운영위원회는 다음 각 호의 어느 하나에 해당하는 사항을 심의하려는 경우 국립학교의 경우에는 학칙으로, 공립학교의 경우에는 시ㆍ도의 조례로 정하는 바에 따라 미리 학부모의 의견을 수렴해야 한다.",위임,조례,,rule
P04451,"③ 국·공립학교에 두는 운영위원회는 국립학교의 경우에는 학칙으로, 공립학교의 경우에는 시·도의 조례로 정하는 바에 따라 학생 대표가 학생의 학교생활에 관련된 사항에 관하여 학생들의 의견을 수렴하여 운영위원회에 제안하게 할 수 있다.",위임,조례,,rule
P04452,"② 제1항에 따른 소위원회의 구성 및 운영에 필요한 사항은 국립학교의 경우에는 학칙으로, 공립학교의 경우에는 시·도의 조례로 정한다.",위임,조례,,rule
P04453,"② 제1항에 따른 소위원회의 구성 및 운영에 필요한 사항은 국립학교의 경우에는 학칙으로, 공립학교의 경우에는 시·도의 조례로 정한다.",위임,조례,,rule
P04454,"② 제1항에 따른 소위원회의 구성 및 운영에 필요한 사항은 국립학교의 경우에는 학칙으로, 공립학교의 경우에는 시·도의 조례로 정한다.",위임,조례,,rule
P04455,"② 제1항에 따른 소위원회의 구성 및 운영에 필요한 사항은 국립학교의 경우에는 학칙으로, 공립학교의 경우에는 시·도의 조례로 정한다.",위임,조례,,rule
P04456,"② 제1항에 따른 소위원회의 구성 및 운영에 필요한 사항은 국립학교의 경우에는 학칙으로, 공립학교의 경우에는 시·도의 조례로 정한다.",위임,조례,,rule
P04457,"② 제1항에 따른 소위원회의 구성 및 운영에 필요한 사항은 국립학교의 경우에는 학칙으로, 공립학교의 경우에는 시·도의 조례로 정한다.",위임,조례,,rule
P04458,"② 제1항에 따른 소위원회의 구성 및 운영에 필요한 사항은 국립학교의 경우에는 학칙으로, 공립학교의 경우에는 시·도의 조례로 정한다.",위임,조례,,rule
P04459,"② 제1항에 따른 소위원회의 구성 및 운영에 필요한 사항은 국립학교의 경우에는 학칙으로, 공립학교의 경우에는 시·도의 조례로 정한다.",위임,조례,,rule
P04460,"② 제1항에 따른 소위원회의 구성 및 운영에 필요한 사항은 국립학교의 경우에는 학칙으로, 공립학교의 경우에는 시·도의 조례로 정한다.",위임,조례,,rule
P04461,"② 제1항에 따른 소위원회의 구성 및 운영에 필요한 사항은 국립학교의 경우에는 학칙으로, 공립학교의 경우에는 시·도의 조례로 정한다.",위임,조례,,rule
P04462,"② 제1항에 따른 소위원회의 구성 및 운영에 필요한 사항은 국립학교의 경우에는 학칙으로, 공립학교의 경우에는 시·도의 조례로 정한다.",위임,조례,,rule
P04463,"② 제1항에 따른 소위원회의 구성 및 운영에 필요한 사항은 국립학교의 경우에는 학칙으로, 공립학교의 경우에는 시·도의 조례로 정한다.",위임,조례,,rule
P04464,"② 제1항에 따른 소위원회의 구성 및 운영에 필요한 사항은 국립학교의 경우에는 학칙으로, 공립학교의 경우에는 시·도의 조례로 정한다.",위임,조례,,rule
P04465,"② 제1항에 따른 소위원회의 구성 및 운영에 필요한 사항은 국립학교의 경우에는 학칙으로, 공립학교의 경우에는 시·도의 조례로 정한다.",위임,조례,,rule
P04466,"② 제1항에 따른 소위원회의 구성 및 운영에 필요한 사항은 국립학교의 경우에는 학칙으로, 공립학교의 경우에는 시·도의 조례로 정한다.",위임,조례,,rule
P04467,"② 제1항에 따른 소위원회의 구성 및 운영에 필요한 사항은 국립학교의 경우에는 학칙으로, 공립학교의 경우에는 시·도의 조례로 정한다.",위임,조례,,rule
P04468,"② 제1항에 따른 소위원회의 구성 및 운영에 필요한 사항은 국립학교의 경우에는 학칙으로, 공립학교의 경우에는 시·도의 조례로 정한다.",위임,조례,,rule
P04469,"국·공립학교에 두는 운영위원회의 구성 및 운영에 관하여 이 영에서 규정하지 아니한 사항은 국립학교의 경우에는 학칙으로, 공립학교의 경우에는 시·도의 조례로 정한다.",위임,조례,,rule
P04470,"국·공립학교에 두는 운영위원회의 구성 및 운영에 관하여 이 영에서 규정하지 아니한 사항은 국립학교의 경우에는 학칙으로, 공립학교의 경우에는 시·도의 조례로 정한다.",위임,조례,,rule
P04471,"국·공립학교에 두는 운영위원회의 구성 및 운영에 관하여 이 영에서 규정하지 아니한 사항은 국립학교의 경우에는 학칙으로, 공립학교의 경우에는 시·도의 조례로 정한다.",위임,조례,,rule
P04472,"국·공립학교에 두는 운영위원회의 구성 및 운영에 관하여 이 영에서 규정하지 아니한 사항은 국립학교의 경우에는 학칙으로, 공립학교의 경우에는 시·도의 조례로 정한다.",위임,조례,,rule
P04473,"국·공립학교에 두는 운영위원회의 구성 및 운영에 관하여 이 영에서 규정하지 아니한 사항은 국립학교의 경우에는 학칙으로, 공립학교의 경우에는 시·도의 조례로 정한다.",위임,조례,,rule
P04474,"국·공립학교에 두는 운영위원회의 구성 및 운영에 관하여 이 영에서 규정하지 아니한 사항은 국립학교의 경우에는 학칙으로, 공립학교의 경우에는 시·도의 조례로 정한다.",위임,조례,,rule
P04475,"국·공립학교에 두는 운영위원회의 구성 및 운영에 관하여 이 영에서 규정하지 아니한 사항은 국립학교의 경우에는 학칙으로, 공립학교의 경우에는 시·도의 조례로 정한다.",위임,조례,,rule
P04476,"국·공립학교에 두는 운영위원회의 구성 및 운영에 관하여 이 영에서 규정하지 아니한 사항은 국립학교의 경우에는 학칙으로, 공립학교의 경우에는 시·도의 조례로 정한다.",위임,조례,,rule
P04477,"국·공립학교에 두는 운영위원회의 구성 및 운영에 관하여 이 영에서 규정하지 아니한 사항은 국립학교의 경우에는 학칙으로, 공립학교의 경우에는 시·도의 조례로 정한다.",위임,조례,,rule
P04478,"국·공립학교에 두는 운영위원회의 구성 및 운영에 관하여 이 영에서 규정하지 아니한 사항은 국립학교의 경우에는 학칙으로, 공립학교의 경우에는 시·도의 조례로 정한다.",위임,조례,,rule
P04479,"국·공립학교에 두는 운영위원회의 구성 및 운영에 관하여 이 영에서 규정하지 아니한 사항은 국립학교의 경우에는 학칙으로, 공립학교의 경우에는 시·도의 조례로 정한다.",위임,조례,,rule
P04480,"국·공립학교에 두는 운영위원회의 구성 및 운영에 관하여 이 영에서 규정하지 아니한 사항은 국립학교의 경우에는 학칙으로, 공립학교의 경우에는 시·도의 조례로 정한다.",위임,조례,,rule
P04481,"국·공립학교에 두는 운영위원회의 구성 및 운영에 관하여 이 영에서 규정하지 아니한 사항은 국립학교의 경우에는 학칙으로, 공립학교의 경우에는 시·도의 조례로 정한다.",위임,조례,,rule
P04482,"국·공립학교에 두는 운영위원회의 구성 및 운영에 관하여 이 영에서 규정하지 아니한 사항은 국립학교의 경우에는 학칙으로, 공립학교의 경우에는 시·도의 조례로 정한다.",위임,조례,,rule
P04483,"국·공립학교에 두는 운영위원회의 구성 및 운영에 관하여 이 영에서 규정하지 아니한 사항은 국립학교의 경우에는 학칙으로, 공립학교의 경우에는 시·도의 조례로 정한다.",위임,조례,,rule
P04484,"국·공립학교에 두는 운영위원회의 구성 및 운영에 관하여 이 영에서 규정하지 아니한 사항은 국립학교의 경우에는 학칙으로, 공립학교의 경우에는 시·도의 조례로 정한다.",위임,조례,,rule
P04485,"국·공립학교에 두는 운영위원회의 구성 및 운영에 관하여 이 영에서 규정하지 아니한 사항은 국립학교의 경우에는 학칙으로, 공립학교의 경우에는 시·도의 조례로 정한다.",위임,조례,,rule
P04486,교육부령이 정하는,판단불가,해당없음,,rule
P04487,사항은 교육부령으로,위임,부령,,rule
P04488,사항은 교육부령으로,위임,부령,,rule
P04489,사항은 교육부령으로,위임,부령,,rule
P04490,사항은 교육부령으로,위임,부령,,rule
P04491,사항은 교육부령으로,위임,부령,,rule
P04492,사항은 교육부령으로,위임,부령,,rule
P04493,사항은 교육부령으로,위임,부령,,rule
P04494,사항은 교육부령으로,위임,부령,,rule
P04495,사항은 교육부령으로,위임,부령,,rule
P04496,사항은 교육부령으로,위임,부령,,rule
P04497,사항은 교육부령으로,위임,부령,,rule
P04498,사항은 교육부령으로,위임,부령,,rule
P04499,"중학교 학생의 입학, 재취학 또는 편입학은 해당 학교의 교육과정 이수에 지장이 없는 범위에서 수시로 할 수 있다. 다만, 제77조제2항에 따라 시·도 조례로 정하는 지역에서의 편입학 시기는 교육감이 정할 수 있다.",위임,조례,,rule
P04500,"중학교 학생의 입학, 재취학 또는 편입학은 해당 학교의 교육과정 이수에 지장이 없는 범위에서 수시로 할 수 있다. 다만, 제77조제2항에 따라 시·도 조례로 정하는 지역에서의 편입학 시기는 교육감이 정할 수 있다.",위임,조례,,rule
P04501,"중학교 학생의 입학, 재취학 또는 편입학은 해당 학교의 교육과정 이수에 지장이 없는 범위에서 수시로 할 수 있다. 다만, 제77조제2항에 따라 시·도 조례로 정하는 지역에서의 편입학 시기는 교육감이 정할 수 있다.",위임,조례,,rule
P04502,"중학교 학생의 입학, 재취학 또는 편입학은 해당 학교의 교육과정 이수에 지장이 없는 범위에서 수시로 할 수 있다. 다만, 제77조제2항에 따라 시·도 조례로 정하는 지역에서의 편입학 시기는 교육감이 정할 수 있다.",위임,조례,,rule
P04503,"중학교 학생의 입학, 재취학 또는 편입학은 해당 학교의 교육과정 이수에 지장이 없는 범위에서 수시로 할 수 있다. 다만, 제77조제2항에 따라 시·도 조례로 정하는 지역에서의 편입학 시기는 교육감이 정할 수 있다.",위임,조례,,rule
P04504,"중학교 학생의 입학, 재취학 또는 편입학은 해당 학교의 교육과정 이수에 지장이 없는 범위에서 수시로 할 수 있다. 다만, 제77조제2항에 따라 시·도 조례로 정하는 지역에서의 편입학 시기는 교육감이 정할 수 있다.",위임,조례,,rule
P04505,"중학교 학생의 입학, 재취학 또는 편입학은 해당 학교의 교육과정 이수에 지장이 없는 범위에서 수시로 할 수 있다. 다만, 제77조제2항에 따라 시·도 조례로 정하는 지역에서의 편입학 시기는 교육감이 정할 수 있다.",위임,조례,,rule
P04506,"중학교 학생의 입학, 재취학 또는 편입학은 해당 학교의 교육과정 이수에 지장이 없는 범위에서 수시로 할 수 있다. 다만, 제77조제2항에 따라 시·도 조례로 정하는 지역에서의 편입학 시기는 교육감이 정할 수 있다.",위임,조례,,rule
P04507,"중학교 학생의 입학, 재취학 또는 편입학은 해당 학교의 교육과정 이수에 지장이 없는 범위에서 수시로 할 수 있다. 다만, 제77조제2항에 따라 시·도 조례로 정하는 지역에서의 편입학 시기는 교육감이 정할 수 있다.",위임,조례,,rule
P04508,"중학교 학생의 입학, 재취학 또는 편입학은 해당 학교의 교육과정 이수에 지장이 없는 범위에서 수시로 할 수 있다. 다만, 제77조제2항에 따라 시·도 조례로 정하는 지역에서의 편입학 시기는 교육감이 정할 수 있다.",위임,조례,,rule
P04509,"중학교 학생의 입학, 재취학 또는 편입학은 해당 학교의 교육과정 이수에 지장이 없는 범위에서 수시로 할 수 있다. 다만, 제77조제2항에 따라 시·도 조례로 정하는 지역에서의 편입학 시기는 교육감이 정할 수 있다.",위임,조례,,rule
P04510,"②제1항의 규정에 의한 중학교입학추첨관리위원회는 교육장이 임명 또는 위촉하는 5인 내지 7인의 위원으로 구성하되, 그 구성 및 운영에 관하여 필요한 사항은 시·도별 교육규칙으로 정한다.",위임,교육규칙,,rule
P04511,"②제1항의 규정에 의한 중학교입학추첨관리위원회는 교육장이 임명 또는 위촉하는 5인 내지 7인의 위원으로 구성하되, 그 구성 및 운영에 관하여 필요한 사항은 시·도별 교육규칙으로 정한다.",위임,교육규칙,,rule
P04512,"②제1항의 규정에 의한 중학교입학추첨관리위원회는 교육장이 임명 또는 위촉하는 5인 내지 7인의 위원으로 구성하되, 그 구성 및 운영에 관하여 필요한 사항은 시·도별 교육규칙으로 정한다.",위임,교육규칙,,rule
P04513,"②제1항의 규정에 의한 중학교입학추첨관리위원회는 교육장이 임명 또는 위촉하는 5인 내지 7인의 위원으로 구성하되, 그 구성 및 운영에 관하여 필요한 사항은 시·도별 교육규칙으로 정한다.",위임,교육규칙,,rule
P04514,"②제1항의 규정에 의한 중학교입학추첨관리위원회는 교육장이 임명 또는 위촉하는 5인 내지 7인의 위원으로 구성하되, 그 구성 및 운영에 관하여 필요한 사항은 시·도별 교육규칙으로 정한다.",위임,교육규칙,,rule
P04515,"②제1항의 규정에 의한 중학교입학추첨관리위원회는 교육장이 임명 또는 위촉하는 5인 내지 7인의 위원으로 구성하되, 그 구성 및 운영에 관하여 필요한 사항은 시·도별 교육규칙으로 정한다.",위임,교육규칙,,rule
P04516,"②제1항의 규정에 의한 중학교입학추첨관리위원회는 교육장이 임명 또는 위촉하는 5인 내지 7인의 위원으로 구성하되, 그 구성 및 운영에 관하여 필요한 사항은 시·도별 교육규칙으로 정한다.",위임,교육규칙,,rule
P04517,"②제1항의 규정에 의한 중학교입학추첨관리위원회는 교육장이 임명 또는 위촉하는 5인 내지 7인의 위원으로 구성하되, 그 구성 및 운영에 관하여 필요한 사항은 시·도별 교육규칙으로 정한다.",위임,교육규칙,,rule
P04518,"③ 제1항 및 제2항에도 불구하고 중학교입학추첨관리위원회와 성격ㆍ기능이 유사한 위원회가 해당 교육장 소속으로 설치되어 있는 경우에는 해당 시ㆍ도의 조례로 정하는 바에 따라 그 위원회가 중학교입학추첨관리위원회의 기능을 대신할 수 있다. 다만, 성격ㆍ기능이 유사한 위원회의 설치 근거가 되는 법령 또는 조례에서 위원회의 구성ㆍ운영 관련 사항을 교육감이 정하도록 하고 있거나 교육규칙으로 정하도록 하고 있는 경우에는 해당 시ㆍ도의 교육규칙으로 정하는 바에 따라 대신할 수 있다.",위임,조례|교육규칙,,rule
P04519,"②제1항의 규정에 의한 중학교입학추첨관리위원회는 교육장이 임명 또는 위촉하는 5인 내지 7인의 위원으로 구성하되, 그 구성 및 운영에 관하여 필요한 사항은 시·도별 교육규칙으로 정한다.",위임,교육규칙,,rule
P04520,"②제1항의 규정에 의한 중학교입학추첨관리위원회는 교육장이 임명 또는 위촉하는 5인 내지 7인의 위원으로 구성하되, 그 구성 및 운영에 관하여 필요한 사항은 시·도별 교육규칙으로 정한다.",위임,교육규칙,,rule
P04521,"②제1항의 규정에 의한 중학교입학추첨관리위원회는 교육장이 임명 또는 위촉하는 5인 내지 7인의 위원으로 구성하되, 그 구성 및 운영에 관하여 필요한 사항은 시·도별 교육규칙으로 정한다.",위임,교육규칙,,rule
P04522,"②제1항의 규정에 의한 중학교입학추첨관리위원회는 교육장이 임명 또는 위촉하는 5인 내지 7인의 위원으로 구성하되, 그 구성 및 운영에 관하여 필요한 사항은 시·도별 교육규칙으로 정한다.",위임,교육규칙,,rule
P04523,"②제1항의 규정에 의한 중학교입학추첨관리위원회는 교육장이 임명 또는 위촉하는 5인 내지 7인의 위원으로 구성하되, 그 구성 및 운영에 관하여 필요한 사항은 시·도별 교육규칙으로 정한다.",위임,교육규칙,,rule
P04524,"②제1항의 규정에 의한 중학교입학추첨관리위원회는 교육장이 임명 또는 위촉하는 5인 내지 7인의 위원으로 구성하되, 그 구성 및 운영에 관하여 필요한 사항은 시·도별 교육규칙으로 정한다.",위임,교육규칙,,rule
P04525,"②제1항의 규정에 의한 중학교입학추첨관리위원회는 교육장이 임명 또는 위촉하는 5인 내지 7인의 위원으로 구성하되, 그 구성 및 운영에 관하여 필요한 사항은 시·도별 교육규칙으로 정한다.",위임,교육규칙,,rule
P04526,"②제1항의 규정에 의한 중학교입학추첨관리위원회는 교육장이 임명 또는 위촉하는 5인 내지 7인의 위원으로 구성하되, 그 구성 및 운영에 관하여 필요한 사항은 시·도별 교육규칙으로 정한다.",위임,교육규칙,,rule
P04527,"②제1항의 규정에 의한 중학교입학추첨관리위원회는 교육장이 임명 또는 위촉하는 5인 내지 7인의 위원으로 구성하되, 그 구성 및 운영에 관하여 필요한 사항은 시·도별 교육규칙으로 정한다.",위임,교육규칙,,rule
P04528,"②제1항의 규정에 의한 중학교입학추첨관리위원회는 교육장이 임명 또는 위촉하는 5인 내지 7인의 위원으로 구성하되, 그 구성 및 운영에 관하여 필요한 사항은 시·도별 교육규칙으로 정한다.",위임,교육규칙,,rule
P04529,학생의 지원에 의하여 학생을 선발하는 중학교의 전형료 기준은 시·도 교육규칙으로 정한다.,위임,교육규칙,,rule
P04530,학생의 지원에 의하여 학생을 선발하는 중학교의 전형료 기준은 시·도 교육규칙으로 정한다.,위임,교육규칙,,rule
P04531,학생의 지원에 의하여 학생을 선발하는 중학교의 전형료 기준은 시·도 교육규칙으로 정한다.,위임,교육규칙,,rule
P04532,학생의 지원에 의하여 학생을 선발하는 중학교의 전형료 기준은 시·도 교육규칙으로 정한다.,위임,교육규칙,,rule
P04533,학생의 지원에 의하여 학생을 선발하는 중학교의 전형료 기준은 시·도 교육규칙으로 정한다.,위임,교육규칙,,rule
P04534,학생의 지원에 의하여 학생을 선발하는 중학교의 전형료 기준은 시·도 교육규칙으로 정한다.,위임,교육규칙,,rule
P04535,학생의 지원에 의하여 학생을 선발하는 중학교의 전형료 기준은 시·도 교육규칙으로 정한다.,위임,교육규칙,,rule
P04536,학생의 지원에 의하여 학생을 선발하는 중학교의 전형료 기준은 시·도 교육규칙으로 정한다.,위임,교육규칙,,rule
P04537,학생의 지원에 의하여 학생을 선발하는 중학교의 전형료 기준은 시·도 교육규칙으로 정한다.,위임,교육규칙,,rule
P04538,학생의 지원에 의하여 학생을 선발하는 중학교의 전형료 기준은 시·도 교육규칙으로 정한다.,위임,교육규칙,,rule
P04539,대통령령으로 정한다,위임,대통령령,,rule
P04540,사항은 교육부령으로,위임,부령,,rule
P04541,사항은 교육부령으로,위임,부령,,rule
P04542,사항은 교육부령으로,위임,부령,,rule
P04543,사항은 교육부령으로,위임,부령,,rule
P04544,사항은 교육부령으로,위임,부령,,rule
P04545,사항은 교육부령으로,위임,부령,,rule
P04546,사항은 교육부령으로,위임,부령,,rule
P04547,사항은 교육부령으로,위임,부령,,rule
P04548,사항은 교육부령으로,위임,부령,,rule
P04549,5. 교육감이 5년마다 시·도 교육규칙으로 정하는 바에 따라 해당 학교 운영 성과 등을 평가하여 지정 목적의 달성이 불가능하다고 인정되는 경우,위임,교육규칙,,rule
P04550,5. 교육감이 5년마다 시·도 교육규칙으로 정하는 바에 따라 해당 학교 운영 성과 등을 평가하여 지정 목적의 달성이 불가능하다고 인정되는 경우,위임,교육규칙,,rule
P04551,5. 교육감이 5년마다 시·도 교육규칙으로 정하는 바에 따라 해당 학교 운영 성과 등을 평가하여 지정 목적의 달성이 불가능하다고 인정되는 경우,위임,교육규칙,,rule
P04552,5. 교육감이 5년마다 시·도 교육규칙으로 정하는 바에 따라 해당 학교 운영 성과 등을 평가하여 지정 목적의 달성이 불가능하다고 인정되는 경우,위임,교육규칙,,rule
P04553,5. 교육감이 5년마다 시·도 교육규칙으로 정하는 바에 따라 해당 학교 운영 성과 등을 평가하여 지정 목적의 달성이 불가능하다고 인정되는 경우,위임,교육규칙,,rule
P04554,5. 교육감이 5년마다 시·도 교육규칙으로 정하는 바에 따라 해당 학교 운영 성과 등을 평가하여 지정 목적의 달성이 불가능하다고 인정되는 경우,위임,교육규칙,,rule
P04555,5. 교육감이 5년마다 시·도 교육규칙으로 정하는 바에 따라 해당 학교 운영 성과 등을 평가하여 지정 목적의 달성이 불가능하다고 인정되는 경우,위임,교육규칙,,rule
P04556,5. 교육감이 5년마다 시·도 교육규칙으로 정하는 바에 따라 해당 학교 운영 성과 등을 평가하여 지정 목적의 달성이 불가능하다고 인정되는 경우,위임,교육규칙,,rule
P04557,5. 교육감이 5년마다 시·도 교육규칙으로 정하는 바에 따라 해당 학교 운영 성과 등을 평가하여 지정 목적의 달성이 불가능하다고 인정되는 경우,위임,교육규칙,,rule
P04558,5. 교육감이 5년마다 시·도 교육규칙으로 정하는 바에 따라 해당 학교 운영 성과 등을 평가하여 지정 목적의 달성이 불가능하다고 인정되는 경우,위임,교육규칙,,rule
P04559,5. 교육감이 5년마다 시·도 교육규칙으로 정하는 바에 따라 해당 학교 운영 성과 등을 평가하여 지정 목적의 달성이 불가능하다고 인정되는 경우,위임,교육규칙,,rule
P04560,5. 교육감이 5년마다 시·도 교육규칙으로 정하는 바에 따라 해당 학교 운영 성과 등을 평가하여 지정 목적의 달성이 불가능하다고 인정되는 경우,위임,교육규칙,,rule
P04561,5. 교육감이 5년마다 시·도 교육규칙으로 정하는 바에 따라 해당 학교 운영 성과 등을 평가하여 지정 목적의 달성이 불가능하다고 인정되는 경우,위임,교육규칙,,rule
P04562,② 제1항에 따른 특성화중학교 지정·운영위원회의 구성 및 운영에 필요한 사항은 시·도 교육규칙으로 정한다.,위임,교육규칙,,rule
P04563,② 제1항에 따른 특성화중학교 지정·운영위원회의 구성 및 운영에 필요한 사항은 시·도 교육규칙으로 정한다.,위임,교육규칙,,rule
P04564,② 제1항에 따른 특성화중학교 지정·운영위원회의 구성 및 운영에 필요한 사항은 시·도 교육규칙으로 정한다.,위임,교육규칙,,rule
P04565,② 제1항에 따른 특성화중학교 지정·운영위원회의 구성 및 운영에 필요한 사항은 시·도 교육규칙으로 정한다.,위임,교육규칙,,rule
P04566,② 제1항에 따른 특성화중학교 지정·운영위원회의 구성 및 운영에 필요한 사항은 시·도 교육규칙으로 정한다.,위임,교육규칙,,rule
P04567,② 제1항에 따른 특성화중학교 지정·운영위원회의 구성 및 운영에 필요한 사항은 시·도 교육규칙으로 정한다.,위임,교육규칙,,rule
P04568,② 제1항에 따른 특성화중학교 지정·운영위원회의 구성 및 운영에 필요한 사항은 시·도 교육규칙으로 정한다.,위임,교육규칙,,rule
P04569,② 제1항에 따른 특성화중학교 지정·운영위원회의 구성 및 운영에 필요한 사항은 시·도 교육규칙으로 정한다.,위임,교육규칙,,rule
P04570,② 제1항에 따른 특성화중학교 지정·운영위원회의 구성 및 운영에 필요한 사항은 시·도 교육규칙으로 정한다.,위임,교육규칙,,rule
P04571,② 제1항에 따른 특성화중학교 지정·운영위원회의 구성 및 운영에 필요한 사항은 시·도 교육규칙으로 정한다.,위임,교육규칙,,rule
P04572,② 제1항에 따른 특성화중학교 지정·운영위원회의 구성 및 운영에 필요한 사항은 시·도 교육규칙으로 정한다.,위임,교육규칙,,rule
P04573,② 제1항에 따른 특성화중학교 지정·운영위원회의 구성 및 운영에 필요한 사항은 시·도 교육규칙으로 정한다.,위임,교육규칙,,rule
P04574,② 제1항에 따른 특성화중학교 지정·운영위원회의 구성 및 운영에 필요한 사항은 시·도 교육규칙으로 정한다.,위임,교육규칙,,rule
P04575,4. 해당 지역에 거주하는 학생·학부모 등을 대상으로 실시한 여론조사 결과가 시·도 조례로 정하는 기준을 충족할 것. 이 경우 여론조사 내용에는 제3호 각 목의 사항이 포함되어야 한다.,위임,조례,,rule
P04576,③ 제2항에 따라 교육감이 입학전형을 실시하는 지역의 지정을 해제하기 위하여 시·도 조례를 개정하려는 경우에는 해당 지역에 거주하는 학생·학부모 등을 대상으로 한 여론조사 결과가 시·도 조례로 정하는 기준을 충족하여야 한다.,위임,조례,,rule
P04577,② 제1항에도 불구하고 다음 각 호의 요건을 모두 충족하는 지역으로서 시ㆍ도 조례로 정하는 지역 안에 소재하는 제80조제1항에 따른 후기학교(제90조제1항제6호에 해당하는 특수목적고등학교 및 제91조의4에 따른 자율형 사립고등학교는 제외한다)의 입학전형은 교육감이 실시한다.,위임,조례,,rule
P04578,③ 제2항에 따라 교육감이 입학전형을 실시하는 지역의 지정을 해제하기 위하여 시·도 조례를 개정하려는 경우에는 해당 지역에 거주하는 학생·학부모 등을 대상으로 한 여론조사 결과가 시·도 조례로 정하는 기준을 충족하여야 한다.,위임,조례,,rule
P04579,4. 해당 지역에 거주하는 학생·학부모 등을 대상으로 실시한 여론조사 결과가 시·도 조례로 정하는 기준을 충족할 것. 이 경우 여론조사 내용에는 제3호 각 목의 사항이 포함되어야 한다.,위임,조례,,rule
P04580,② 제1항에도 불구하고 다음 각 호의 요건을 모두 충족하는 지역으로서 시ㆍ도 조례로 정하는 지역 안에 소재하는 제80조제1항에 따른 후기학교(제90조제1항제6호에 해당하는 특수목적고등학교 및 제91조의4에 따른 자율형 사립고등학교는 제외한다)의 입학전형은 교육감이 실시한다.,위임,조례,,rule
P04581,"④ 제2항제3호·제4호 및 제3항의 타당성 조사, 여론조사에 필요한 구체적인 내용은 시·도 교육규칙으로 정한다.",위임,교육규칙,,rule
P04582,③ 제2항에 따라 교육감이 입학전형을 실시하는 지역의 지정을 해제하기 위하여 시·도 조례를 개정하려는 경우에는 해당 지역에 거주하는 학생·학부모 등을 대상으로 한 여론조사 결과가 시·도 조례로 정하는 기준을 충족하여야 한다.,위임,조례,,rule
P04583,② 제1항에도 불구하고 다음 각 호의 요건을 모두 충족하는 지역으로서 시ㆍ도 조례로 정하는 지역 안에 소재하는 제80조제1항에 따른 후기학교(제90조제1항제6호에 해당하는 특수목적고등학교 및 제91조의4에 따른 자율형 사립고등학교는 제외한다)의 입학전형은 교육감이 실시한다.,위임,조례,,rule
P04584,4. 해당 지역에 거주하는 학생·학부모 등을 대상으로 실시한 여론조사 결과가 시·도 조례로 정하는 기준을 충족할 것. 이 경우 여론조사 내용에는 제3호 각 목의 사항이 포함되어야 한다.,위임,조례,,rule
P04585,"④ 제2항제3호·제4호 및 제3항의 타당성 조사, 여론조사에 필요한 구체적인 내용은 시·도 교육규칙으로 정한다.",위임,교육규칙,,rule
P04586,③ 제2항에 따라 교육감이 입학전형을 실시하는 지역의 지정을 해제하기 위하여 시·도 조례를 개정하려는 경우에는 해당 지역에 거주하는 학생·학부모 등을 대상으로 한 여론조사 결과가 시·도 조례로 정하는 기준을 충족하여야 한다.,위임,조례,,rule
P04587,② 제1항에도 불구하고 다음 각 호의 요건을 모두 충족하는 지역으로서 시ㆍ도 조례로 정하는 지역 안에 소재하는 제80조제1항에 따른 후기학교(제90조제1항제6호에 해당하는 특수목적고등학교 및 제91조의4에 따른 자율형 사립고등학교는 제외한다)의 입학전형은 교육감이 실시한다.,위임,조례,,rule
P04588,4. 해당 지역에 거주하는 학생·학부모 등을 대상으로 실시한 여론조사 결과가 시·도 조례로 정하는 기준을 충족할 것. 이 경우 여론조사 내용에는 제3호 각 목의 사항이 포함되어야 한다.,위임,조례,,rule
P04589,③ 제2항에 따라 교육감이 입학전형을 실시하는 지역의 지정을 해제하기 위하여 시·도 조례를 개정하려는 경우에는 해당 지역에 거주하는 학생·학부모 등을 대상으로 한 여론조사 결과가 시·도 조례로 정하는 기준을 충족하여야 한다.,위임,조례,,rule
P04590,③ 제2항에 따라 교육감이 입학전형을 실시하는 지역의 지정을 해제하기 위하여 시·도 조례를 개정하려는 경우에는 해당 지역에 거주하는 학생·학부모 등을 대상으로 한 여론조사 결과가 시·도 조례로 정하는 기준을 충족하여야 한다.,위임,조례,,rule
P04591,② 제1항에도 불구하고 다음 각 호의 요건을 모두 충족하는 지역으로서 시ㆍ도 조례로 정하는 지역 안에 소재하는 제80조제1항에 따른 후기학교(제90조제1항제6호에 해당하는 특수목적고등학교 및 제91조의4에 따른 자율형 사립고등학교는 제외한다)의 입학전형은 교육감이 실시한다.,위임,조례,,rule
P04592,4. 해당 지역에 거주하는 학생·학부모 등을 대상으로 실시한 여론조사 결과가 시·도 조례로 정하는 기준을 충족할 것. 이 경우 여론조사 내용에는 제3호 각 목의 사항이 포함되어야 한다.,위임,조례,,rule
P04593,③ 제2항에 따라 교육감이 입학전형을 실시하는 지역의 지정을 해제하기 위하여 시·도 조례를 개정하려는 경우에는 해당 지역에 거주하는 학생·학부모 등을 대상으로 한 여론조사 결과가 시·도 조례로 정하는 기준을 충족하여야 한다.,위임,조례,,rule
P04594,② 제1항에도 불구하고 다음 각 호의 요건을 모두 충족하는 지역으로서 시ㆍ도 조례로 정하는 지역 안에 소재하는 제80조제1항에 따른 후기학교(제90조제1항제6호에 해당하는 특수목적고등학교 및 제91조의4에 따른 자율형 사립고등학교는 제외한다)의 입학전형은 교육감이 실시한다.,위임,조례,,rule
P04595,② 제1항에도 불구하고 다음 각 호의 요건을 모두 충족하는 지역으로서 시ㆍ도 조례로 정하는 지역 안에 소재하는 제80조제1항에 따른 후기학교(제90조제1항제6호에 해당하는 특수목적고등학교 및 제91조의4에 따른 자율형 사립고등학교는 제외한다)의 입학전형은 교육감이 실시한다.,위임,조례,,rule
P04596,4. 해당 지역에 거주하는 학생·학부모 등을 대상으로 실시한 여론조사 결과가 시·도 조례로 정하는 기준을 충족할 것. 이 경우 여론조사 내용에는 제3호 각 목의 사항이 포함되어야 한다.,위임,조례,,rule
P04597,4. 해당 지역에 거주하는 학생·학부모 등을 대상으로 실시한 여론조사 결과가 시·도 조례로 정하는 기준을 충족할 것. 이 경우 여론조사 내용에는 제3호 각 목의 사항이 포함되어야 한다.,위임,조례,,rule
P04598,② 제1항에도 불구하고 다음 각 호의 요건을 모두 충족하는 지역으로서 시ㆍ도 조례로 정하는 지역 안에 소재하는 제80조제1항에 따른 후기학교(제90조제1항제6호에 해당하는 특수목적고등학교 및 제91조의4에 따른 자율형 사립고등학교는 제외한다)의 입학전형은 교육감이 실시한다.,위임,조례,,rule
P04599,③ 제2항에 따라 교육감이 입학전형을 실시하는 지역의 지정을 해제하기 위하여 시·도 조례를 개정하려는 경우에는 해당 지역에 거주하는 학생·학부모 등을 대상으로 한 여론조사 결과가 시·도 조례로 정하는 기준을 충족하여야 한다.,위임,조례,,rule
P04600,"④ 제2항제3호·제4호 및 제3항의 타당성 조사, 여론조사에 필요한 구체적인 내용은 시·도 교육규칙으로 정한다.",위임,교육규칙,,rule
P04601,4. 해당 지역에 거주하는 학생·학부모 등을 대상으로 실시한 여론조사 결과가 시·도 조례로 정하는 기준을 충족할 것. 이 경우 여론조사 내용에는 제3호 각 목의 사항이 포함되어야 한다.,위임,조례,,rule
P04602,② 제1항에도 불구하고 다음 각 호의 요건을 모두 충족하는 지역으로서 시ㆍ도 조례로 정하는 지역 안에 소재하는 제80조제1항에 따른 후기학교(제90조제1항제6호에 해당하는 특수목적고등학교 및 제91조의4에 따른 자율형 사립고등학교는 제외한다)의 입학전형은 교육감이 실시한다.,위임,조례,,rule
P04603,③ 제2항에 따라 교육감이 입학전형을 실시하는 지역의 지정을 해제하기 위하여 시·도 조례를 개정하려는 경우에는 해당 지역에 거주하는 학생·학부모 등을 대상으로 한 여론조사 결과가 시·도 조례로 정하는 기준을 충족하여야 한다.,위임,조례,,rule
P04604,"④ 제2항제3호·제4호 및 제3항의 타당성 조사, 여론조사에 필요한 구체적인 내용은 시·도 교육규칙으로 정한다.",위임,교육규칙,,rule
P04605,4. 해당 지역에 거주하는 학생·학부모 등을 대상으로 실시한 여론조사 결과가 시·도 조례로 정하는 기준을 충족할 것. 이 경우 여론조사 내용에는 제3호 각 목의 사항이 포함되어야 한다.,위임,조례,,rule
P04606,② 제1항에도 불구하고 다음 각 호의 요건을 모두 충족하는 지역으로서 시ㆍ도 조례로 정하는 지역 안에 소재하는 제80조제1항에 따른 후기학교(제90조제1항제6호에 해당하는 특수목적고등학교 및 제91조의4에 따른 자율형 사립고등학교는 제외한다)의 입학전형은 교육감이 실시한다.,위임,조례,,rule
P04607,③ 제2항에 따라 교육감이 입학전형을 실시하는 지역의 지정을 해제하기 위하여 시·도 조례를 개정하려는 경우에는 해당 지역에 거주하는 학생·학부모 등을 대상으로 한 여론조사 결과가 시·도 조례로 정하는 기준을 충족하여야 한다.,위임,조례,,rule
P04608,"④ 제2항제3호·제4호 및 제3항의 타당성 조사, 여론조사에 필요한 구체적인 내용은 시·도 교육규칙으로 정한다.",위임,교육규칙,,rule
P04609,4. 해당 지역에 거주하는 학생·학부모 등을 대상으로 실시한 여론조사 결과가 시·도 조례로 정하는 기준을 충족할 것. 이 경우 여론조사 내용에는 제3호 각 목의 사항이 포함되어야 한다.,위임,조례,,rule
P04610,② 제1항에도 불구하고 다음 각 호의 요건을 모두 충족하는 지역으로서 시ㆍ도 조례로 정하는 지역 안에 소재하는 제80조제1항에 따른 후기학교(제90조제1항제6호에 해당하는 특수목적고등학교 및 제91조의4에 따른 자율형 사립고등학교는 제외한다)의 입학전형은 교육감이 실시한다.,위임,조례,,rule
P04611,③ 제2항에 따라 교육감이 입학전형을 실시하는 지역의 지정을 해제하기 위하여 시·도 조례를 개정하려는 경우에는 해당 지역에 거주하는 학생·학부모 등을 대상으로 한 여론조사 결과가 시·도 조례로 정하는 기준을 충족하여야 한다.,위임,조례,,rule
P04612,4. 해당 지역에 거주하는 학생·학부모 등을 대상으로 실시한 여론조사 결과가 시·도 조례로 정하는 기준을 충족할 것. 이 경우 여론조사 내용에는 제3호 각 목의 사항이 포함되어야 한다.,위임,조례,,rule
P04613,② 제1항에도 불구하고 다음 각 호의 요건을 모두 충족하는 지역으로서 시ㆍ도 조례로 정하는 지역 안에 소재하는 제80조제1항에 따른 후기학교(제90조제1항제6호에 해당하는 특수목적고등학교 및 제91조의4에 따른 자율형 사립고등학교는 제외한다)의 입학전형은 교육감이 실시한다.,위임,조례,,rule
P04614,③ 제2항에 따라 교육감이 입학전형을 실시하는 지역의 지정을 해제하기 위하여 시·도 조례를 개정하려는 경우에는 해당 지역에 거주하는 학생·학부모 등을 대상으로 한 여론조사 결과가 시·도 조례로 정하는 기준을 충족하여야 한다.,위임,조례,,rule
P04615,"④ 제2항제3호·제4호 및 제3항의 타당성 조사, 여론조사에 필요한 구체적인 내용은 시·도 교육규칙으로 정한다.",위임,교육규칙,,rule
P04616,②고등학교입학전형위원회의 조직 및 운영에 관한 사항은 시ㆍ도 교육규칙으로 정한다.,위임,교육규칙,,rule
P04617,②고등학교입학전형위원회의 조직 및 운영에 관한 사항은 시ㆍ도 교육규칙으로 정한다.,위임,교육규칙,,rule
P04618,②고등학교입학전형위원회의 조직 및 운영에 관한 사항은 시ㆍ도 교육규칙으로 정한다.,위임,교육규칙,,rule
P04619,②고등학교입학전형위원회의 조직 및 운영에 관한 사항은 시ㆍ도 교육규칙으로 정한다.,위임,교육규칙,,rule
P04620,②고등학교입학전형위원회의 조직 및 운영에 관한 사항은 시ㆍ도 교육규칙으로 정한다.,위임,교육규칙,,rule
P04621,②고등학교입학전형위원회의 조직 및 운영에 관한 사항은 시ㆍ도 교육규칙으로 정한다.,위임,교육규칙,,rule
P04622,②고등학교입학전형위원회의 조직 및 운영에 관한 사항은 시ㆍ도 교육규칙으로 정한다.,위임,교육규칙,,rule
P04623,②고등학교입학전형위원회의 조직 및 운영에 관한 사항은 시ㆍ도 교육규칙으로 정한다.,위임,교육규칙,,rule
P04624,②고등학교입학전형위원회의 조직 및 운영에 관한 사항은 시ㆍ도 교육규칙으로 정한다.,위임,교육규칙,,rule
P04625,②고등학교입학전형위원회의 조직 및 운영에 관한 사항은 시ㆍ도 교육규칙으로 정한다.,위임,교육규칙,,rule
P04626,②고등학교입학전형위원회의 조직 및 운영에 관한 사항은 시ㆍ도 교육규칙으로 정한다.,위임,교육규칙,,rule
P04627,②고등학교입학전형위원회의 조직 및 운영에 관한 사항은 시ㆍ도 교육규칙으로 정한다.,위임,교육규칙,,rule
P04628,②고등학교입학전형위원회의 조직 및 운영에 관한 사항은 시ㆍ도 교육규칙으로 정한다.,위임,교육규칙,,rule
P04629,②고등학교입학전형위원회의 조직 및 운영에 관한 사항은 시ㆍ도 교육규칙으로 정한다.,위임,교육규칙,,rule
P04630,②고등학교입학전형위원회의 조직 및 운영에 관한 사항은 시ㆍ도 교육규칙으로 정한다.,위임,교육규칙,,rule
P04631,②고등학교입학전형위원회의 조직 및 운영에 관한 사항은 시ㆍ도 교육규칙으로 정한다.,위임,교육규칙,,rule
P04632,②고등학교입학전형위원회의 조직 및 운영에 관한 사항은 시ㆍ도 교육규칙으로 정한다.,위임,교육규칙,,rule
P04633,교육부장관이 정하여 고시하는 지역의 학교는 선발시기를 달리하여 신입생을 선발할 수 있다.,위임,미특정,,rule
P04634,⑤제1항 본문에도 불구하고 제77조제2항에 따라 시ㆍ도 조례로 정하는 지역의 후기학교 주간부에 입학하려는 사람은 교육감이 정하는 방법 및 절차에 따라 2개 이상의 학교를 선택하여 지원할 수 있다.,위임,조례,,rule
P04635,⑤제1항 본문에도 불구하고 제77조제2항에 따라 시ㆍ도 조례로 정하는 지역의 후기학교 주간부에 입학하려는 사람은 교육감이 정하는 방법 및 절차에 따라 2개 이상의 학교를 선택하여 지원할 수 있다.,위임,조례,,rule
P04636,⑤제1항 본문에도 불구하고 제77조제2항에 따라 시ㆍ도 조례로 정하는 지역의 후기학교 주간부에 입학하려는 사람은 교육감이 정하는 방법 및 절차에 따라 2개 이상의 학교를 선택하여 지원할 수 있다.,위임,조례,,rule
P04637,⑤제1항 본문에도 불구하고 제77조제2항에 따라 시ㆍ도 조례로 정하는 지역의 후기학교 주간부에 입학하려는 사람은 교육감이 정하는 방법 및 절차에 따라 2개 이상의 학교를 선택하여 지원할 수 있다.,위임,조례,,rule
P04638,⑤제1항 본문에도 불구하고 제77조제2항에 따라 시ㆍ도 조례로 정하는 지역의 후기학교 주간부에 입학하려는 사람은 교육감이 정하는 방법 및 절차에 따라 2개 이상의 학교를 선택하여 지원할 수 있다.,위임,조례,,rule
P04639,⑤제1항 본문에도 불구하고 제77조제2항에 따라 시ㆍ도 조례로 정하는 지역의 후기학교 주간부에 입학하려는 사람은 교육감이 정하는 방법 및 절차에 따라 2개 이상의 학교를 선택하여 지원할 수 있다.,위임,조례,,rule
P04640,⑤제1항 본문에도 불구하고 제77조제2항에 따라 시ㆍ도 조례로 정하는 지역의 후기학교 주간부에 입학하려는 사람은 교육감이 정하는 방법 및 절차에 따라 2개 이상의 학교를 선택하여 지원할 수 있다.,위임,조례,,rule
P04641,⑤제1항 본문에도 불구하고 제77조제2항에 따라 시ㆍ도 조례로 정하는 지역의 후기학교 주간부에 입학하려는 사람은 교육감이 정하는 방법 및 절차에 따라 2개 이상의 학교를 선택하여 지원할 수 있다.,위임,조례,,rule
P04642,⑤제1항 본문에도 불구하고 제77조제2항에 따라 시ㆍ도 조례로 정하는 지역의 후기학교 주간부에 입학하려는 사람은 교육감이 정하는 방법 및 절차에 따라 2개 이상의 학교를 선택하여 지원할 수 있다.,위임,조례,,rule
P04643,⑤제1항 본문에도 불구하고 제77조제2항에 따라 시ㆍ도 조례로 정하는 지역의 후기학교 주간부에 입학하려는 사람은 교육감이 정하는 방법 및 절차에 따라 2개 이상의 학교를 선택하여 지원할 수 있다.,위임,조례,,rule
P04644,⑤제1항 본문에도 불구하고 제77조제2항에 따라 시ㆍ도 조례로 정하는 지역의 후기학교 주간부에 입학하려는 사람은 교육감이 정하는 방법 및 절차에 따라 2개 이상의 학교를 선택하여 지원할 수 있다.,위임,조례,,rule
P04645,교육부령으로 정하는,위임,부령,,rule
P04646,교육부령으로 정하는,위임,부령,,rule
P04647,교육부령으로 정하는 기준,위임,부령,,rule
P04648,"⑦제2항 본문에 따른 후기학교의 추첨ㆍ배정에 관하여 교육감의 자문에 응하게 하기 위하여 학교군별로 고등학교입학추첨관리위원회를 두며, 그 조직과 운영에 관한 사항은 시ㆍ도 교육규칙으로 정한다.",위임,교육규칙,,rule
P04649,④제77조제2항에 따라 시ㆍ도 조례로 정하는 지역의 후기학교 야간부 신입생은 교육감이 각 학교에 통보한 입학전형에 관한 자료에 따라 당해 학교의 장이 선발한다.,위임,조례,,rule
P04650,③ 제2항 본문에도 불구하고 제77조제2항에 따라 시ㆍ도 조례로 정하는 지역의 주간부 후기학교 중 거리ㆍ교통이 통학상 극히 불편한 지역에 소재하거나 특별한 사유가 있어 추첨 배정이 곤란한 학교로서 교육감이 지정하는 학교의 신입생은 교육감이 추첨으로 배정하는 대신 해당 학교의 장이 선발할 수 있다.,위임,조례,,rule
P04651,"②제77조제2항에 따라 시ㆍ도 조례로 정하는 지역의 후기학교 주간부 신입생은 고등학교 학교군별로 추첨에 의하여 교육감이 각 고등학교에 배정하되, 제81조제5항에 따라 2이상의 학교를 선택하여 지원한 경우에는 그 입학지원자 중에서 추첨에 의하여 해당 학교 정원의 전부 또는 일부를 배정할 수 있다. 다만, 제90조제1항제6호에 해당하는 특수목적고등학교 및 제91조의4에 따른 자율형 사립고등학교의 신입생은 해당 학교의 장이 선발한다.",위임,조례,,rule
P04652,"⑦제2항 본문에 따른 후기학교의 추첨ㆍ배정에 관하여 교육감의 자문에 응하게 하기 위하여 학교군별로 고등학교입학추첨관리위원회를 두며, 그 조직과 운영에 관한 사항은 시ㆍ도 교육규칙으로 정한다.",위임,교육규칙,,rule
P04653,④제77조제2항에 따라 시ㆍ도 조례로 정하는 지역의 후기학교 야간부 신입생은 교육감이 각 학교에 통보한 입학전형에 관한 자료에 따라 당해 학교의 장이 선발한다.,위임,조례,,rule
P04654,③ 제2항 본문에도 불구하고 제77조제2항에 따라 시ㆍ도 조례로 정하는 지역의 주간부 후기학교 중 거리ㆍ교통이 통학상 극히 불편한 지역에 소재하거나 특별한 사유가 있어 추첨 배정이 곤란한 학교로서 교육감이 지정하는 학교의 신입생은 교육감이 추첨으로 배정하는 대신 해당 학교의 장이 선발할 수 있다.,위임,조례,,rule
P04655,"②제77조제2항에 따라 시ㆍ도 조례로 정하는 지역의 후기학교 주간부 신입생은 고등학교 학교군별로 추첨에 의하여 교육감이 각 고등학교에 배정하되, 제81조제5항에 따라 2이상의 학교를 선택하여 지원한 경우에는 그 입학지원자 중에서 추첨에 의하여 해당 학교 정원의 전부 또는 일부를 배정할 수 있다. 다만, 제90조제1항제6호에 해당하는 특수목적고등학교 및 제91조의4에 따른 자율형 사립고등학교의 신입생은 해당 학교의 장이 선발한다.",위임,조례,,rule
P04656,"⑦제2항 본문에 따른 후기학교의 추첨ㆍ배정에 관하여 교육감의 자문에 응하게 하기 위하여 학교군별로 고등학교입학추첨관리위원회를 두며, 그 조직과 운영에 관한 사항은 시ㆍ도 교육규칙으로 정한다.",위임,교육규칙,,rule
P04657,"⑦제2항 본문에 따른 후기학교의 추첨ㆍ배정에 관하여 교육감의 자문에 응하게 하기 위하여 학교군별로 고등학교입학추첨관리위원회를 두며, 그 조직과 운영에 관한 사항은 시ㆍ도 교육규칙으로 정한다.",위임,교육규칙,,rule
P04658,④제77조제2항에 따라 시ㆍ도 조례로 정하는 지역의 후기학교 야간부 신입생은 교육감이 각 학교에 통보한 입학전형에 관한 자료에 따라 당해 학교의 장이 선발한다.,위임,조례,,rule
P04659,③ 제2항 본문에도 불구하고 제77조제2항에 따라 시ㆍ도 조례로 정하는 지역의 주간부 후기학교 중 거리ㆍ교통이 통학상 극히 불편한 지역에 소재하거나 특별한 사유가 있어 추첨 배정이 곤란한 학교로서 교육감이 지정하는 학교의 신입생은 교육감이 추첨으로 배정하는 대신 해당 학교의 장이 선발할 수 있다.,위임,조례,,rule
P04660,"②제77조제2항에 따라 시ㆍ도 조례로 정하는 지역의 후기학교 주간부 신입생은 고등학교 학교군별로 추첨에 의하여 교육감이 각 고등학교에 배정하되, 제81조제5항에 따라 2이상의 학교를 선택하여 지원한 경우에는 그 입학지원자 중에서 추첨에 의하여 해당 학교 정원의 전부 또는 일부를 배정할 수 있다. 다만, 제90조제1항제6호에 해당하는 특수목적고등학교 및 제91조의4에 따른 자율형 사립고등학교의 신입생은 해당 학교의 장이 선발한다.",위임,조례,,rule
P04661,"⑦제2항 본문에 따른 후기학교의 추첨ㆍ배정에 관하여 교육감의 자문에 응하게 하기 위하여 학교군별로 고등학교입학추첨관리위원회를 두며, 그 조직과 운영에 관한 사항은 시ㆍ도 교육규칙으로 정한다.",위임,교육규칙,,rule
P04662,"⑦제2항 본문에 따른 후기학교의 추첨ㆍ배정에 관하여 교육감의 자문에 응하게 하기 위하여 학교군별로 고등학교입학추첨관리위원회를 두며, 그 조직과 운영에 관한 사항은 시ㆍ도 교육규칙으로 정한다.",위임,교육규칙,,rule
P04663,"⑦제2항 본문에 따른 후기학교의 추첨ㆍ배정에 관하여 교육감의 자문에 응하게 하기 위하여 학교군별로 고등학교입학추첨관리위원회를 두며, 그 조직과 운영에 관한 사항은 시ㆍ도 교육규칙으로 정한다.",위임,교육규칙,,rule
P04664,"⑦제2항 본문에 따른 후기학교의 추첨ㆍ배정에 관하여 교육감의 자문에 응하게 하기 위하여 학교군별로 고등학교입학추첨관리위원회를 두며, 그 조직과 운영에 관한 사항은 시ㆍ도 교육규칙으로 정한다.",위임,교육규칙,,rule
P04665,④제77조제2항에 따라 시ㆍ도 조례로 정하는 지역의 후기학교 야간부 신입생은 교육감이 각 학교에 통보한 입학전형에 관한 자료에 따라 당해 학교의 장이 선발한다.,위임,조례,,rule
P04666,③ 제2항 본문에도 불구하고 제77조제2항에 따라 시ㆍ도 조례로 정하는 지역의 주간부 후기학교 중 거리ㆍ교통이 통학상 극히 불편한 지역에 소재하거나 특별한 사유가 있어 추첨 배정이 곤란한 학교로서 교육감이 지정하는 학교의 신입생은 교육감이 추첨으로 배정하는 대신 해당 학교의 장이 선발할 수 있다.,위임,조례,,rule
P04667,"②제77조제2항에 따라 시ㆍ도 조례로 정하는 지역의 후기학교 주간부 신입생은 고등학교 학교군별로 추첨에 의하여 교육감이 각 고등학교에 배정하되, 제81조제5항에 따라 2이상의 학교를 선택하여 지원한 경우에는 그 입학지원자 중에서 추첨에 의하여 해당 학교 정원의 전부 또는 일부를 배정할 수 있다. 다만, 제90조제1항제6호에 해당하는 특수목적고등학교 및 제91조의4에 따른 자율형 사립고등학교의 신입생은 해당 학교의 장이 선발한다.",위임,조례,,rule
P04668,"⑦제2항 본문에 따른 후기학교의 추첨ㆍ배정에 관하여 교육감의 자문에 응하게 하기 위하여 학교군별로 고등학교입학추첨관리위원회를 두며, 그 조직과 운영에 관한 사항은 시ㆍ도 교육규칙으로 정한다.",위임,교육규칙,,rule
P04669,④제77조제2항에 따라 시ㆍ도 조례로 정하는 지역의 후기학교 야간부 신입생은 교육감이 각 학교에 통보한 입학전형에 관한 자료에 따라 당해 학교의 장이 선발한다.,위임,조례,,rule
P04670,③ 제2항 본문에도 불구하고 제77조제2항에 따라 시ㆍ도 조례로 정하는 지역의 주간부 후기학교 중 거리ㆍ교통이 통학상 극히 불편한 지역에 소재하거나 특별한 사유가 있어 추첨 배정이 곤란한 학교로서 교육감이 지정하는 학교의 신입생은 교육감이 추첨으로 배정하는 대신 해당 학교의 장이 선발할 수 있다.,위임,조례,,rule
P04671,"②제77조제2항에 따라 시ㆍ도 조례로 정하는 지역의 후기학교 주간부 신입생은 고등학교 학교군별로 추첨에 의하여 교육감이 각 고등학교에 배정하되, 제81조제5항에 따라 2이상의 학교를 선택하여 지원한 경우에는 그 입학지원자 중에서 추첨에 의하여 해당 학교 정원의 전부 또는 일부를 배정할 수 있다. 다만, 제90조제1항제6호에 해당하는 특수목적고등학교 및 제91조의4에 따른 자율형 사립고등학교의 신입생은 해당 학교의 장이 선발한다.",위임,조례,,rule
P04672,"⑦제2항 본문에 따른 후기학교의 추첨ㆍ배정에 관하여 교육감의 자문에 응하게 하기 위하여 학교군별로 고등학교입학추첨관리위원회를 두며, 그 조직과 운영에 관한 사항은 시ㆍ도 교육규칙으로 정한다.",위임,교육규칙,,rule
P04673,④제77조제2항에 따라 시ㆍ도 조례로 정하는 지역의 후기학교 야간부 신입생은 교육감이 각 학교에 통보한 입학전형에 관한 자료에 따라 당해 학교의 장이 선발한다.,위임,조례,,rule
P04674,③ 제2항 본문에도 불구하고 제77조제2항에 따라 시ㆍ도 조례로 정하는 지역의 주간부 후기학교 중 거리ㆍ교통이 통학상 극히 불편한 지역에 소재하거나 특별한 사유가 있어 추첨 배정이 곤란한 학교로서 교육감이 지정하는 학교의 신입생은 교육감이 추첨으로 배정하는 대신 해당 학교의 장이 선발할 수 있다.,위임,조례,,rule
P04675,"②제77조제2항에 따라 시ㆍ도 조례로 정하는 지역의 후기학교 주간부 신입생은 고등학교 학교군별로 추첨에 의하여 교육감이 각 고등학교에 배정하되, 제81조제5항에 따라 2이상의 학교를 선택하여 지원한 경우에는 그 입학지원자 중에서 추첨에 의하여 해당 학교 정원의 전부 또는 일부를 배정할 수 있다. 다만, 제90조제1항제6호에 해당하는 특수목적고등학교 및 제91조의4에 따른 자율형 사립고등학교의 신입생은 해당 학교의 장이 선발한다.",위임,조례,,rule
P04676,"⑦제2항 본문에 따른 후기학교의 추첨ㆍ배정에 관하여 교육감의 자문에 응하게 하기 위하여 학교군별로 고등학교입학추첨관리위원회를 두며, 그 조직과 운영에 관한 사항은 시ㆍ도 교육규칙으로 정한다.",위임,교육규칙,,rule
P04677,"⑦제2항 본문에 따른 후기학교의 추첨ㆍ배정에 관하여 교육감의 자문에 응하게 하기 위하여 학교군별로 고등학교입학추첨관리위원회를 두며, 그 조직과 운영에 관한 사항은 시ㆍ도 교육규칙으로 정한다.",위임,교육규칙,,rule
P04678,"⑦제2항 본문에 따른 후기학교의 추첨ㆍ배정에 관하여 교육감의 자문에 응하게 하기 위하여 학교군별로 고등학교입학추첨관리위원회를 두며, 그 조직과 운영에 관한 사항은 시ㆍ도 교육규칙으로 정한다.",위임,교육규칙,,rule
P04679,"②제77조제2항에 따라 시ㆍ도 조례로 정하는 지역의 후기학교 주간부 신입생은 고등학교 학교군별로 추첨에 의하여 교육감이 각 고등학교에 배정하되, 제81조제5항에 따라 2이상의 학교를 선택하여 지원한 경우에는 그 입학지원자 중에서 추첨에 의하여 해당 학교 정원의 전부 또는 일부를 배정할 수 있다. 다만, 제90조제1항제6호에 해당하는 특수목적고등학교 및 제91조의4에 따른 자율형 사립고등학교의 신입생은 해당 학교의 장이 선발한다.",위임,조례,,rule
P04680,③ 제2항 본문에도 불구하고 제77조제2항에 따라 시ㆍ도 조례로 정하는 지역의 주간부 후기학교 중 거리ㆍ교통이 통학상 극히 불편한 지역에 소재하거나 특별한 사유가 있어 추첨 배정이 곤란한 학교로서 교육감이 지정하는 학교의 신입생은 교육감이 추첨으로 배정하는 대신 해당 학교의 장이 선발할 수 있다.,위임,조례,,rule
P04681,④제77조제2항에 따라 시ㆍ도 조례로 정하는 지역의 후기학교 야간부 신입생은 교육감이 각 학교에 통보한 입학전형에 관한 자료에 따라 당해 학교의 장이 선발한다.,위임,조례,,rule
P04682,"⑦제2항 본문에 따른 후기학교의 추첨ㆍ배정에 관하여 교육감의 자문에 응하게 하기 위하여 학교군별로 고등학교입학추첨관리위원회를 두며, 그 조직과 운영에 관한 사항은 시ㆍ도 교육규칙으로 정한다.",위임,교육규칙,,rule
P04683,"②제77조제2항에 따라 시ㆍ도 조례로 정하는 지역의 후기학교 주간부 신입생은 고등학교 학교군별로 추첨에 의하여 교육감이 각 고등학교에 배정하되, 제81조제5항에 따라 2이상의 학교를 선택하여 지원한 경우에는 그 입학지원자 중에서 추첨에 의하여 해당 학교 정원의 전부 또는 일부를 배정할 수 있다. 다만, 제90조제1항제6호에 해당하는 특수목적고등학교 및 제91조의4에 따른 자율형 사립고등학교의 신입생은 해당 학교의 장이 선발한다.",위임,조례,,rule
P04684,③ 제2항 본문에도 불구하고 제77조제2항에 따라 시ㆍ도 조례로 정하는 지역의 주간부 후기학교 중 거리ㆍ교통이 통학상 극히 불편한 지역에 소재하거나 특별한 사유가 있어 추첨 배정이 곤란한 학교로서 교육감이 지정하는 학교의 신입생은 교육감이 추첨으로 배정하는 대신 해당 학교의 장이 선발할 수 있다.,위임,조례,,rule
P04685,④제77조제2항에 따라 시ㆍ도 조례로 정하는 지역의 후기학교 야간부 신입생은 교육감이 각 학교에 통보한 입학전형에 관한 자료에 따라 당해 학교의 장이 선발한다.,위임,조례,,rule
P04686,④제77조제2항에 따라 시ㆍ도 조례로 정하는 지역의 후기학교 야간부 신입생은 교육감이 각 학교에 통보한 입학전형에 관한 자료에 따라 당해 학교의 장이 선발한다.,위임,조례,,rule
P04687,③ 제2항 본문에도 불구하고 제77조제2항에 따라 시ㆍ도 조례로 정하는 지역의 주간부 후기학교 중 거리ㆍ교통이 통학상 극히 불편한 지역에 소재하거나 특별한 사유가 있어 추첨 배정이 곤란한 학교로서 교육감이 지정하는 학교의 신입생은 교육감이 추첨으로 배정하는 대신 해당 학교의 장이 선발할 수 있다.,위임,조례,,rule
P04688,"②제77조제2항에 따라 시ㆍ도 조례로 정하는 지역의 후기학교 주간부 신입생은 고등학교 학교군별로 추첨에 의하여 교육감이 각 고등학교에 배정하되, 제81조제5항에 따라 2이상의 학교를 선택하여 지원한 경우에는 그 입학지원자 중에서 추첨에 의하여 해당 학교 정원의 전부 또는 일부를 배정할 수 있다. 다만, 제90조제1항제6호에 해당하는 특수목적고등학교 및 제91조의4에 따른 자율형 사립고등학교의 신입생은 해당 학교의 장이 선발한다.",위임,조례,,rule
P04689,"⑦제2항 본문에 따른 후기학교의 추첨ㆍ배정에 관하여 교육감의 자문에 응하게 하기 위하여 학교군별로 고등학교입학추첨관리위원회를 두며, 그 조직과 운영에 관한 사항은 시ㆍ도 교육규칙으로 정한다.",위임,교육규칙,,rule
P04690,④제77조제2항에 따라 시ㆍ도 조례로 정하는 지역의 후기학교 야간부 신입생은 교육감이 각 학교에 통보한 입학전형에 관한 자료에 따라 당해 학교의 장이 선발한다.,위임,조례,,rule
P04691,③ 제2항 본문에도 불구하고 제77조제2항에 따라 시ㆍ도 조례로 정하는 지역의 주간부 후기학교 중 거리ㆍ교통이 통학상 극히 불편한 지역에 소재하거나 특별한 사유가 있어 추첨 배정이 곤란한 학교로서 교육감이 지정하는 학교의 신입생은 교육감이 추첨으로 배정하는 대신 해당 학교의 장이 선발할 수 있다.,위임,조례,,rule
P04692,"②제77조제2항에 따라 시ㆍ도 조례로 정하는 지역의 후기학교 주간부 신입생은 고등학교 학교군별로 추첨에 의하여 교육감이 각 고등학교에 배정하되, 제81조제5항에 따라 2이상의 학교를 선택하여 지원한 경우에는 그 입학지원자 중에서 추첨에 의하여 해당 학교 정원의 전부 또는 일부를 배정할 수 있다. 다만, 제90조제1항제6호에 해당하는 특수목적고등학교 및 제91조의4에 따른 자율형 사립고등학교의 신입생은 해당 학교의 장이 선발한다.",위임,조례,,rule
P04693,"⑦제2항 본문에 따른 후기학교의 추첨ㆍ배정에 관하여 교육감의 자문에 응하게 하기 위하여 학교군별로 고등학교입학추첨관리위원회를 두며, 그 조직과 운영에 관한 사항은 시ㆍ도 교육규칙으로 정한다.",위임,교육규칙,,rule
P04694,④제77조제2항에 따라 시ㆍ도 조례로 정하는 지역의 후기학교 야간부 신입생은 교육감이 각 학교에 통보한 입학전형에 관한 자료에 따라 당해 학교의 장이 선발한다.,위임,조례,,rule
P04695,③ 제2항 본문에도 불구하고 제77조제2항에 따라 시ㆍ도 조례로 정하는 지역의 주간부 후기학교 중 거리ㆍ교통이 통학상 극히 불편한 지역에 소재하거나 특별한 사유가 있어 추첨 배정이 곤란한 학교로서 교육감이 지정하는 학교의 신입생은 교육감이 추첨으로 배정하는 대신 해당 학교의 장이 선발할 수 있다.,위임,조례,,rule
P04696,"②제77조제2항에 따라 시ㆍ도 조례로 정하는 지역의 후기학교 주간부 신입생은 고등학교 학교군별로 추첨에 의하여 교육감이 각 고등학교에 배정하되, 제81조제5항에 따라 2이상의 학교를 선택하여 지원한 경우에는 그 입학지원자 중에서 추첨에 의하여 해당 학교 정원의 전부 또는 일부를 배정할 수 있다. 다만, 제90조제1항제6호에 해당하는 특수목적고등학교 및 제91조의4에 따른 자율형 사립고등학교의 신입생은 해당 학교의 장이 선발한다.",위임,조례,,rule
P04697,"⑦제2항 본문에 따른 후기학교의 추첨ㆍ배정에 관하여 교육감의 자문에 응하게 하기 위하여 학교군별로 고등학교입학추첨관리위원회를 두며, 그 조직과 운영에 관한 사항은 시ㆍ도 교육규칙으로 정한다.",위임,교육규칙,,rule
P04698,"⑦제2항 본문에 따른 후기학교의 추첨ㆍ배정에 관하여 교육감의 자문에 응하게 하기 위하여 학교군별로 고등학교입학추첨관리위원회를 두며, 그 조직과 운영에 관한 사항은 시ㆍ도 교육규칙으로 정한다.",위임,교육규칙,,rule
P04699,"①교육감은 입학전형에 응시한 자중 체육특기자에 대하여는 입학전형결과에 불구하고 그 관할지역의 당해 학년 입학정원중 그가 정하는 범위안에서 입학을 허가하되, 제77조제2항에 따라 시·도 조례로 정하는 지역의 후기학교의 경우에는 교육감이 제84조제1항 및 제2항의 규정에 불구하고 학교군에 제한없이 체육종목별로 체육특기학교와 종목별 정원을 정하고 이에 따라 체육특기자를 배정한다.",위임,조례,,rule
P04700,"①교육감은 입학전형에 응시한 자중 체육특기자에 대하여는 입학전형결과에 불구하고 그 관할지역의 당해 학년 입학정원중 그가 정하는 범위안에서 입학을 허가하되, 제77조제2항에 따라 시·도 조례로 정하는 지역의 후기학교의 경우에는 교육감이 제84조제1항 및 제2항의 규정에 불구하고 학교군에 제한없이 체육종목별로 체육특기학교와 종목별 정원을 정하고 이에 따라 체육특기자를 배정한다.",위임,조례,,rule
P04701,"①교육감은 입학전형에 응시한 자중 체육특기자에 대하여는 입학전형결과에 불구하고 그 관할지역의 당해 학년 입학정원중 그가 정하는 범위안에서 입학을 허가하되, 제77조제2항에 따라 시·도 조례로 정하는 지역의 후기학교의 경우에는 교육감이 제84조제1항 및 제2항의 규정에 불구하고 학교군에 제한없이 체육종목별로 체육특기학교와 종목별 정원을 정하고 이에 따라 체육특기자를 배정한다.",위임,조례,,rule
P04702,"①교육감은 입학전형에 응시한 자중 체육특기자에 대하여는 입학전형결과에 불구하고 그 관할지역의 당해 학년 입학정원중 그가 정하는 범위안에서 입학을 허가하되, 제77조제2항에 따라 시·도 조례로 정하는 지역의 후기학교의 경우에는 교육감이 제84조제1항 및 제2항의 규정에 불구하고 학교군에 제한없이 체육종목별로 체육특기학교와 종목별 정원을 정하고 이에 따라 체육특기자를 배정한다.",위임,조례,,rule
P04703,"①교육감은 입학전형에 응시한 자중 체육특기자에 대하여는 입학전형결과에 불구하고 그 관할지역의 당해 학년 입학정원중 그가 정하는 범위안에서 입학을 허가하되, 제77조제2항에 따라 시·도 조례로 정하는 지역의 후기학교의 경우에는 교육감이 제84조제1항 및 제2항의 규정에 불구하고 학교군에 제한없이 체육종목별로 체육특기학교와 종목별 정원을 정하고 이에 따라 체육특기자를 배정한다.",위임,조례,,rule
P04704,"①교육감은 입학전형에 응시한 자중 체육특기자에 대하여는 입학전형결과에 불구하고 그 관할지역의 당해 학년 입학정원중 그가 정하는 범위안에서 입학을 허가하되, 제77조제2항에 따라 시·도 조례로 정하는 지역의 후기학교의 경우에는 교육감이 제84조제1항 및 제2항의 규정에 불구하고 학교군에 제한없이 체육종목별로 체육특기학교와 종목별 정원을 정하고 이에 따라 체육특기자를 배정한다.",위임,조례,,rule
P04705,"①교육감은 입학전형에 응시한 자중 체육특기자에 대하여는 입학전형결과에 불구하고 그 관할지역의 당해 학년 입학정원중 그가 정하는 범위안에서 입학을 허가하되, 제77조제2항에 따라 시·도 조례로 정하는 지역의 후기학교의 경우에는 교육감이 제84조제1항 및 제2항의 규정에 불구하고 학교군에 제한없이 체육종목별로 체육특기학교와 종목별 정원을 정하고 이에 따라 체육특기자를 배정한다.",위임,조례,,rule
P04706,"①교육감은 입학전형에 응시한 자중 체육특기자에 대하여는 입학전형결과에 불구하고 그 관할지역의 당해 학년 입학정원중 그가 정하는 범위안에서 입학을 허가하되, 제77조제2항에 따라 시·도 조례로 정하는 지역의 후기학교의 경우에는 교육감이 제84조제1항 및 제2항의 규정에 불구하고 학교군에 제한없이 체육종목별로 체육특기학교와 종목별 정원을 정하고 이에 따라 체육특기자를 배정한다.",위임,조례,,rule
P04707,"①교육감은 입학전형에 응시한 자중 체육특기자에 대하여는 입학전형결과에 불구하고 그 관할지역의 당해 학년 입학정원중 그가 정하는 범위안에서 입학을 허가하되, 제77조제2항에 따라 시·도 조례로 정하는 지역의 후기학교의 경우에는 교육감이 제84조제1항 및 제2항의 규정에 불구하고 학교군에 제한없이 체육종목별로 체육특기학교와 종목별 정원을 정하고 이에 따라 체육특기자를 배정한다.",위임,조례,,rule
P04708,"①교육감은 입학전형에 응시한 자중 체육특기자에 대하여는 입학전형결과에 불구하고 그 관할지역의 당해 학년 입학정원중 그가 정하는 범위안에서 입학을 허가하되, 제77조제2항에 따라 시·도 조례로 정하는 지역의 후기학교의 경우에는 교육감이 제84조제1항 및 제2항의 규정에 불구하고 학교군에 제한없이 체육종목별로 체육특기학교와 종목별 정원을 정하고 이에 따라 체육특기자를 배정한다.",위임,조례,,rule
P04709,"①교육감은 입학전형에 응시한 자중 체육특기자에 대하여는 입학전형결과에 불구하고 그 관할지역의 당해 학년 입학정원중 그가 정하는 범위안에서 입학을 허가하되, 제77조제2항에 따라 시·도 조례로 정하는 지역의 후기학교의 경우에는 교육감이 제84조제1항 및 제2항의 규정에 불구하고 학교군에 제한없이 체육종목별로 체육특기학교와 종목별 정원을 정하고 이에 따라 체육특기자를 배정한다.",위임,조례,,rule
P04710,제81조의 규정에 의하여 입학전형에 응시하고자 하는 자는 시·도교육규칙이 정하는 바에 의하여 전형료를 납부하여야 한다.,판단불가,해당없음,,rule
P04711,제81조의 규정에 의하여 입학전형에 응시하고자 하는 자는 시·도교육규칙이 정하는 바에 의하여 전형료를 납부하여야 한다.,판단불가,해당없음,,rule
P04712,제81조의 규정에 의하여 입학전형에 응시하고자 하는 자는 시·도교육규칙이 정하는 바에 의하여 전형료를 납부하여야 한다.,판단불가,해당없음,,rule
P04713,제81조의 규정에 의하여 입학전형에 응시하고자 하는 자는 시·도교육규칙이 정하는 바에 의하여 전형료를 납부하여야 한다.,판단불가,해당없음,,rule
P04714,제81조의 규정에 의하여 입학전형에 응시하고자 하는 자는 시·도교육규칙이 정하는 바에 의하여 전형료를 납부하여야 한다.,판단불가,해당없음,,rule
P04715,제81조의 규정에 의하여 입학전형에 응시하고자 하는 자는 시·도교육규칙이 정하는 바에 의하여 전형료를 납부하여야 한다.,판단불가,해당없음,,rule
P04716,제81조의 규정에 의하여 입학전형에 응시하고자 하는 자는 시·도교육규칙이 정하는 바에 의하여 전형료를 납부하여야 한다.,판단불가,해당없음,,rule
P04717,제81조의 규정에 의하여 입학전형에 응시하고자 하는 자는 시·도교육규칙이 정하는 바에 의하여 전형료를 납부하여야 한다.,판단불가,해당없음,,rule
P04718,제81조의 규정에 의하여 입학전형에 응시하고자 하는 자는 시·도교육규칙이 정하는 바에 의하여 전형료를 납부하여야 한다.,판단불가,해당없음,,rule
P04719,제81조의 규정에 의하여 입학전형에 응시하고자 하는 자는 시·도교육규칙이 정하는 바에 의하여 전형료를 납부하여야 한다.,판단불가,해당없음,,rule
P04720,제81조의 규정에 의하여 입학전형에 응시하고자 하는 자는 시·도교육규칙이 정하는 바에 의하여 전형료를 납부하여야 한다.,판단불가,해당없음,,rule
P04721,제81조의 규정에 의하여 입학전형에 응시하고자 하는 자는 시·도교육규칙이 정하는 바에 의하여 전형료를 납부하여야 한다.,판단불가,해당없음,,rule
P04722,제81조의 규정에 의하여 입학전형에 응시하고자 하는 자는 시·도교육규칙이 정하는 바에 의하여 전형료를 납부하여야 한다.,판단불가,해당없음,,rule
P04723,제81조의 규정에 의하여 입학전형에 응시하고자 하는 자는 시·도교육규칙이 정하는 바에 의하여 전형료를 납부하여야 한다.,판단불가,해당없음,,rule
P04724,제81조의 규정에 의하여 입학전형에 응시하고자 하는 자는 시·도교육규칙이 정하는 바에 의하여 전형료를 납부하여야 한다.,판단불가,해당없음,,rule
P04725,제81조의 규정에 의하여 입학전형에 응시하고자 하는 자는 시·도교육규칙이 정하는 바에 의하여 전형료를 납부하여야 한다.,판단불가,해당없음,,rule
P04726,제81조의 규정에 의하여 입학전형에 응시하고자 하는 자는 시·도교육규칙이 정하는 바에 의하여 전형료를 납부하여야 한다.,판단불가,해당없음,,rule
P04727,제81조의 규정에 의하여 입학전형에 응시하고자 하는 자는 시·도교육규칙이 정하는 바에 의하여 전형료를 납부하여야 한다.,판단불가,해당없음,,rule
P04728,"②제1항의 규정에 불구하고 일반고등학교 주간부에서 제77조제2항에 따라 시·도 조례로 정하는 지역에 소재하는 일반고등학교 주간부로의 전학의 경우에는 전학하려는 사람의 거주지가 학교군 또는 시·도가 다른 지역에서 이전된 경우에 한정하며, 교육감이 전학할 학교를 배정한다. 이 경우 거주지가 이전된 사람중 당해 학교군에 소재하는 학교에 결원이 없고 인근학교군에 소재하는 학교에 결원이 있는 경우로서 본인이 원하는 때에는 거주지의 인근 학교군에 소재하는 학교로의 전학을 허용할 수 있다.",위임,조례,,rule
P04729,"②제1항의 규정에 불구하고 일반고등학교 주간부에서 제77조제2항에 따라 시·도 조례로 정하는 지역에 소재하는 일반고등학교 주간부로의 전학의 경우에는 전학하려는 사람의 거주지가 학교군 또는 시·도가 다른 지역에서 이전된 경우에 한정하며, 교육감이 전학할 학교를 배정한다. 이 경우 거주지가 이전된 사람중 당해 학교군에 소재하는 학교에 결원이 없고 인근학교군에 소재하는 학교에 결원이 있는 경우로서 본인이 원하는 때에는 거주지의 인근 학교군에 소재하는 학교로의 전학을 허용할 수 있다.",위임,조례,,rule
P04730,"②제1항의 규정에 불구하고 일반고등학교 주간부에서 제77조제2항에 따라 시·도 조례로 정하는 지역에 소재하는 일반고등학교 주간부로의 전학의 경우에는 전학하려는 사람의 거주지가 학교군 또는 시·도가 다른 지역에서 이전된 경우에 한정하며, 교육감이 전학할 학교를 배정한다. 이 경우 거주지가 이전된 사람중 당해 학교군에 소재하는 학교에 결원이 없고 인근학교군에 소재하는 학교에 결원이 있는 경우로서 본인이 원하는 때에는 거주지의 인근 학교군에 소재하는 학교로의 전학을 허용할 수 있다.",위임,조례,,rule
P04731,"②제1항의 규정에 불구하고 일반고등학교 주간부에서 제77조제2항에 따라 시·도 조례로 정하는 지역에 소재하는 일반고등학교 주간부로의 전학의 경우에는 전학하려는 사람의 거주지가 학교군 또는 시·도가 다른 지역에서 이전된 경우에 한정하며, 교육감이 전학할 학교를 배정한다. 이 경우 거주지가 이전된 사람중 당해 학교군에 소재하는 학교에 결원이 없고 인근학교군에 소재하는 학교에 결원이 있는 경우로서 본인이 원하는 때에는 거주지의 인근 학교군에 소재하는 학교로의 전학을 허용할 수 있다.",위임,조례,,rule
P04732,"②제1항의 규정에 불구하고 일반고등학교 주간부에서 제77조제2항에 따라 시·도 조례로 정하는 지역에 소재하는 일반고등학교 주간부로의 전학의 경우에는 전학하려는 사람의 거주지가 학교군 또는 시·도가 다른 지역에서 이전된 경우에 한정하며, 교육감이 전학할 학교를 배정한다. 이 경우 거주지가 이전된 사람중 당해 학교군에 소재하는 학교에 결원이 없고 인근학교군에 소재하는 학교에 결원이 있는 경우로서 본인이 원하는 때에는 거주지의 인근 학교군에 소재하는 학교로의 전학을 허용할 수 있다.",위임,조례,,rule
P04733,"②제1항의 규정에 불구하고 일반고등학교 주간부에서 제77조제2항에 따라 시·도 조례로 정하는 지역에 소재하는 일반고등학교 주간부로의 전학의 경우에는 전학하려는 사람의 거주지가 학교군 또는 시·도가 다른 지역에서 이전된 경우에 한정하며, 교육감이 전학할 학교를 배정한다. 이 경우 거주지가 이전된 사람중 당해 학교군에 소재하는 학교에 결원이 없고 인근학교군에 소재하는 학교에 결원이 있는 경우로서 본인이 원하는 때에는 거주지의 인근 학교군에 소재하는 학교로의 전학을 허용할 수 있다.",위임,조례,,rule
P04734,"②제1항의 규정에 불구하고 일반고등학교 주간부에서 제77조제2항에 따라 시·도 조례로 정하는 지역에 소재하는 일반고등학교 주간부로의 전학의 경우에는 전학하려는 사람의 거주지가 학교군 또는 시·도가 다른 지역에서 이전된 경우에 한정하며, 교육감이 전학할 학교를 배정한다. 이 경우 거주지가 이전된 사람중 당해 학교군에 소재하는 학교에 결원이 없고 인근학교군에 소재하는 학교에 결원이 있는 경우로서 본인이 원하는 때에는 거주지의 인근 학교군에 소재하는 학교로의 전학을 허용할 수 있다.",위임,조례,,rule
P04735,"②제1항의 규정에 불구하고 일반고등학교 주간부에서 제77조제2항에 따라 시·도 조례로 정하는 지역에 소재하는 일반고등학교 주간부로의 전학의 경우에는 전학하려는 사람의 거주지가 학교군 또는 시·도가 다른 지역에서 이전된 경우에 한정하며, 교육감이 전학할 학교를 배정한다. 이 경우 거주지가 이전된 사람중 당해 학교군에 소재하는 학교에 결원이 없고 인근학교군에 소재하는 학교에 결원이 있는 경우로서 본인이 원하는 때에는 거주지의 인근 학교군에 소재하는 학교로의 전학을 허용할 수 있다.",위임,조례,,rule
P04736,"②제1항의 규정에 불구하고 일반고등학교 주간부에서 제77조제2항에 따라 시·도 조례로 정하는 지역에 소재하는 일반고등학교 주간부로의 전학의 경우에는 전학하려는 사람의 거주지가 학교군 또는 시·도가 다른 지역에서 이전된 경우에 한정하며, 교육감이 전학할 학교를 배정한다. 이 경우 거주지가 이전된 사람중 당해 학교군에 소재하는 학교에 결원이 없고 인근학교군에 소재하는 학교에 결원이 있는 경우로서 본인이 원하는 때에는 거주지의 인근 학교군에 소재하는 학교로의 전학을 허용할 수 있다.",위임,조례,,rule
P04737,"②제1항의 규정에 불구하고 일반고등학교 주간부에서 제77조제2항에 따라 시·도 조례로 정하는 지역에 소재하는 일반고등학교 주간부로의 전학의 경우에는 전학하려는 사람의 거주지가 학교군 또는 시·도가 다른 지역에서 이전된 경우에 한정하며, 교육감이 전학할 학교를 배정한다. 이 경우 거주지가 이전된 사람중 당해 학교군에 소재하는 학교에 결원이 없고 인근학교군에 소재하는 학교에 결원이 있는 경우로서 본인이 원하는 때에는 거주지의 인근 학교군에 소재하는 학교로의 전학을 허용할 수 있다.",위임,조례,,rule
P04738,"②제1항의 규정에 불구하고 일반고등학교 주간부에서 제77조제2항에 따라 시·도 조례로 정하는 지역에 소재하는 일반고등학교 주간부로의 전학의 경우에는 전학하려는 사람의 거주지가 학교군 또는 시·도가 다른 지역에서 이전된 경우에 한정하며, 교육감이 전학할 학교를 배정한다. 이 경우 거주지가 이전된 사람중 당해 학교군에 소재하는 학교에 결원이 없고 인근학교군에 소재하는 학교에 결원이 있는 경우로서 본인이 원하는 때에는 거주지의 인근 학교군에 소재하는 학교로의 전학을 허용할 수 있다.",위임,조례,,rule
P04739,사항은 교육부령으로,위임,부령,,rule
P04740,사항은 교육부령으로,위임,부령,,rule
P04741,사항은 교육부령으로,위임,부령,,rule
P04742,사항은 교육부령으로,위임,부령,,rule
P04743,사항은 교육부령으로,위임,부령,,rule
P04744,사항은 교육부령으로,위임,부령,,rule
P04745,사항은 교육부령으로,위임,부령,,rule
P04746,사항은 교육부령으로,위임,부령,,rule
P04747,운영 등에 관하여 교육부장관 또는 교육감이 정하여 고시하는 사항,위임,미특정,,rule
P04748,5. 교육감이 5년마다 시ㆍ도 교육규칙으로 정하는 바에 따라 해당 학교 운영 성과 등을 평가하여 지정 목적의 달성이 불가능하다고 인정되는 경우,위임,교육규칙,,rule
P04749,5. 교육감이 5년마다 시ㆍ도 교육규칙으로 정하는 바에 따라 해당 학교 운영 성과 등을 평가하여 지정 목적의 달성이 불가능하다고 인정되는 경우,위임,교육규칙,,rule
P04750,5. 교육감이 5년마다 시ㆍ도 교육규칙으로 정하는 바에 따라 해당 학교 운영 성과 등을 평가하여 지정 목적의 달성이 불가능하다고 인정되는 경우,위임,교육규칙,,rule
P04751,5. 교육감이 5년마다 시ㆍ도 교육규칙으로 정하는 바에 따라 해당 학교 운영 성과 등을 평가하여 지정 목적의 달성이 불가능하다고 인정되는 경우,위임,교육규칙,,rule
P04752,5. 교육감이 5년마다 시ㆍ도 교육규칙으로 정하는 바에 따라 해당 학교 운영 성과 등을 평가하여 지정 목적의 달성이 불가능하다고 인정되는 경우,위임,교육규칙,,rule
P04753,5. 교육감이 5년마다 시ㆍ도 교육규칙으로 정하는 바에 따라 해당 학교 운영 성과 등을 평가하여 지정 목적의 달성이 불가능하다고 인정되는 경우,위임,교육규칙,,rule
P04754,5. 교육감이 5년마다 시ㆍ도 교육규칙으로 정하는 바에 따라 해당 학교 운영 성과 등을 평가하여 지정 목적의 달성이 불가능하다고 인정되는 경우,위임,교육규칙,,rule
P04755,5. 교육감이 5년마다 시ㆍ도 교육규칙으로 정하는 바에 따라 해당 학교 운영 성과 등을 평가하여 지정 목적의 달성이 불가능하다고 인정되는 경우,위임,교육규칙,,rule
P04756,5. 교육감이 5년마다 시ㆍ도 교육규칙으로 정하는 바에 따라 해당 학교 운영 성과 등을 평가하여 지정 목적의 달성이 불가능하다고 인정되는 경우,위임,교육규칙,,rule
P04757,5. 교육감이 5년마다 시ㆍ도 교육규칙으로 정하는 바에 따라 해당 학교 운영 성과 등을 평가하여 지정 목적의 달성이 불가능하다고 인정되는 경우,위임,교육규칙,,rule
P04758,5. 교육감이 5년마다 시ㆍ도 교육규칙으로 정하는 바에 따라 해당 학교 운영 성과 등을 평가하여 지정 목적의 달성이 불가능하다고 인정되는 경우,위임,교육규칙,,rule
P04759,5. 교육감이 5년마다 시ㆍ도 교육규칙으로 정하는 바에 따라 해당 학교 운영 성과 등을 평가하여 지정 목적의 달성이 불가능하다고 인정되는 경우,위임,교육규칙,,rule
P04760,5. 교육감이 5년마다 시ㆍ도 교육규칙으로 정하는 바에 따라 해당 학교 운영 성과 등을 평가하여 지정 목적의 달성이 불가능하다고 인정되는 경우,위임,교육규칙,,rule
P04761,② 제1항에 따른 특수목적고등학교 지정·운영위원회의 구성 및 운영에 필요한 사항은 시·도 교육규칙으로 정한다.,위임,교육규칙,,rule
P04762,② 제1항에 따른 특수목적고등학교 지정·운영위원회의 구성 및 운영에 필요한 사항은 시·도 교육규칙으로 정한다.,위임,교육규칙,,rule
P04763,② 제1항에 따른 특수목적고등학교 지정·운영위원회의 구성 및 운영에 필요한 사항은 시·도 교육규칙으로 정한다.,위임,교육규칙,,rule
P04764,② 제1항에 따른 특수목적고등학교 지정·운영위원회의 구성 및 운영에 필요한 사항은 시·도 교육규칙으로 정한다.,위임,교육규칙,,rule
P04765,② 제1항에 따른 특수목적고등학교 지정·운영위원회의 구성 및 운영에 필요한 사항은 시·도 교육규칙으로 정한다.,위임,교육규칙,,rule
P04766,② 제1항에 따른 특수목적고등학교 지정·운영위원회의 구성 및 운영에 필요한 사항은 시·도 교육규칙으로 정한다.,위임,교육규칙,,rule
P04767,② 제1항에 따른 특수목적고등학교 지정·운영위원회의 구성 및 운영에 필요한 사항은 시·도 교육규칙으로 정한다.,위임,교육규칙,,rule
P04768,② 제1항에 따른 특수목적고등학교 지정·운영위원회의 구성 및 운영에 필요한 사항은 시·도 교육규칙으로 정한다.,위임,교육규칙,,rule
P04769,② 제1항에 따른 특수목적고등학교 지정·운영위원회의 구성 및 운영에 필요한 사항은 시·도 교육규칙으로 정한다.,위임,교육규칙,,rule
P04770,② 제1항에 따른 특수목적고등학교 지정·운영위원회의 구성 및 운영에 필요한 사항은 시·도 교육규칙으로 정한다.,위임,교육규칙,,rule
P04771,② 제1항에 따른 특수목적고등학교 지정·운영위원회의 구성 및 운영에 필요한 사항은 시·도 교육규칙으로 정한다.,위임,교육규칙,,rule
P04772,② 제1항에 따른 특수목적고등학교 지정·운영위원회의 구성 및 운영에 필요한 사항은 시·도 교육규칙으로 정한다.,위임,교육규칙,,rule
P04773,② 제1항에 따른 특수목적고등학교 지정·운영위원회의 구성 및 운영에 필요한 사항은 시·도 교육규칙으로 정한다.,위임,교육규칙,,rule
P04774,② 제1항에 따른 특수목적고등학교 지정·운영위원회의 구성 및 운영에 필요한 사항은 시·도 교육규칙으로 정한다.,위임,교육규칙,,rule
P04775,② 제1항에 따른 특수목적고등학교 지정·운영위원회의 구성 및 운영에 필요한 사항은 시·도 교육규칙으로 정한다.,위임,교육규칙,,rule
P04776,② 제1항에 따른 특수목적고등학교 지정·운영위원회의 구성 및 운영에 필요한 사항은 시·도 교육규칙으로 정한다.,위임,교육규칙,,rule
P04777,② 제1항에 따른 특수목적고등학교 지정·운영위원회의 구성 및 운영에 필요한 사항은 시·도 교육규칙으로 정한다.,위임,교육규칙,,rule
P04778,③ 제1항 및 제2항에서 규정한 사항 외에 특성화고등학교의 지정 및 운영에 필요한 사항은 시·도 교육규칙으로 정한다.,위임,교육규칙,,rule
P04779,③ 제1항 및 제2항에서 규정한 사항 외에 특성화고등학교의 지정 및 운영에 필요한 사항은 시·도 교육규칙으로 정한다.,위임,교육규칙,,rule
P04780,③ 제1항 및 제2항에서 규정한 사항 외에 특성화고등학교의 지정 및 운영에 필요한 사항은 시·도 교육규칙으로 정한다.,위임,교육규칙,,rule
P04781,③ 제1항 및 제2항에서 규정한 사항 외에 특성화고등학교의 지정 및 운영에 필요한 사항은 시·도 교육규칙으로 정한다.,위임,교육규칙,,rule
P04782,③ 제1항 및 제2항에서 규정한 사항 외에 특성화고등학교의 지정 및 운영에 필요한 사항은 시·도 교육규칙으로 정한다.,위임,교육규칙,,rule
P04783,③ 제1항 및 제2항에서 규정한 사항 외에 특성화고등학교의 지정 및 운영에 필요한 사항은 시·도 교육규칙으로 정한다.,위임,교육규칙,,rule
P04784,③ 제1항 및 제2항에서 규정한 사항 외에 특성화고등학교의 지정 및 운영에 필요한 사항은 시·도 교육규칙으로 정한다.,위임,교육규칙,,rule
P04785,③ 제1항 및 제2항에서 규정한 사항 외에 특성화고등학교의 지정 및 운영에 필요한 사항은 시·도 교육규칙으로 정한다.,위임,교육규칙,,rule
P04786,③ 제1항 및 제2항에서 규정한 사항 외에 특성화고등학교의 지정 및 운영에 필요한 사항은 시·도 교육규칙으로 정한다.,위임,교육규칙,,rule
P04787,③ 제1항 및 제2항에서 규정한 사항 외에 특성화고등학교의 지정 및 운영에 필요한 사항은 시·도 교육규칙으로 정한다.,위임,교육규칙,,rule
P04788,③ 제1항 및 제2항에서 규정한 사항 외에 특성화고등학교의 지정 및 운영에 필요한 사항은 시·도 교육규칙으로 정한다.,위임,교육규칙,,rule
P04789,③ 제1항 및 제2항에서 규정한 사항 외에 특성화고등학교의 지정 및 운영에 필요한 사항은 시·도 교육규칙으로 정한다.,위임,교육규칙,,rule
P04790,③ 제1항 및 제2항에서 규정한 사항 외에 특성화고등학교의 지정 및 운영에 필요한 사항은 시·도 교육규칙으로 정한다.,위임,교육규칙,,rule
P04791,③ 제1항 및 제2항에서 규정한 사항 외에 특성화고등학교의 지정 및 운영에 필요한 사항은 시·도 교육규칙으로 정한다.,위임,교육규칙,,rule
P04792,② 제1항에 따른 특성화고등학교 지정·운영위원회의 구성 및 운영에 필요한 사항은 시·도 교육규칙으로 정한다.,위임,교육규칙,,rule
P04793,② 제1항에 따른 특성화고등학교 지정·운영위원회의 구성 및 운영에 필요한 사항은 시·도 교육규칙으로 정한다.,위임,교육규칙,,rule
P04794,② 제1항에 따른 특성화고등학교 지정·운영위원회의 구성 및 운영에 필요한 사항은 시·도 교육규칙으로 정한다.,위임,교육규칙,,rule
P04795,② 제1항에 따른 특성화고등학교 지정·운영위원회의 구성 및 운영에 필요한 사항은 시·도 교육규칙으로 정한다.,위임,교육규칙,,rule
P04796,② 제1항에 따른 특성화고등학교 지정·운영위원회의 구성 및 운영에 필요한 사항은 시·도 교육규칙으로 정한다.,위임,교육규칙,,rule
P04797,② 제1항에 따른 특성화고등학교 지정·운영위원회의 구성 및 운영에 필요한 사항은 시·도 교육규칙으로 정한다.,위임,교육규칙,,rule
P04798,② 제1항에 따른 특성화고등학교 지정·운영위원회의 구성 및 운영에 필요한 사항은 시·도 교육규칙으로 정한다.,위임,교육규칙,,rule
P04799,② 제1항에 따른 특성화고등학교 지정·운영위원회의 구성 및 운영에 필요한 사항은 시·도 교육규칙으로 정한다.,위임,교육규칙,,rule
P04800,② 제1항에 따른 특성화고등학교 지정·운영위원회의 구성 및 운영에 필요한 사항은 시·도 교육규칙으로 정한다.,위임,교육규칙,,rule
P04801,② 제1항에 따른 특성화고등학교 지정·운영위원회의 구성 및 운영에 필요한 사항은 시·도 교육규칙으로 정한다.,위임,교육규칙,,rule
P04802,② 제1항에 따른 특성화고등학교 지정·운영위원회의 구성 및 운영에 필요한 사항은 시·도 교육규칙으로 정한다.,위임,교육규칙,,rule
P04803,② 제1항에 따른 특성화고등학교 지정·운영위원회의 구성 및 운영에 필요한 사항은 시·도 교육규칙으로 정한다.,위임,교육규칙,,rule
P04804,② 제1항에 따른 특성화고등학교 지정·운영위원회의 구성 및 운영에 필요한 사항은 시·도 교육규칙으로 정한다.,위임,교육규칙,,rule
P04805,② 제1항에 따른 특성화고등학교 지정·운영위원회의 구성 및 운영에 필요한 사항은 시·도 교육규칙으로 정한다.,위임,교육규칙,,rule
P04806,② 제1항에 따른 특성화고등학교 지정·운영위원회의 구성 및 운영에 필요한 사항은 시·도 교육규칙으로 정한다.,위임,교육규칙,,rule
P04807,② 제1항에 따른 특성화고등학교 지정·운영위원회의 구성 및 운영에 필요한 사항은 시·도 교육규칙으로 정한다.,위임,교육규칙,,rule
P04808,② 제1항에 따른 특성화고등학교 지정·운영위원회의 구성 및 운영에 필요한 사항은 시·도 교육규칙으로 정한다.,위임,교육규칙,,rule
P04809,교육부령으로 정한다,위임,부령,,rule
P04810,교육부령으로 정한다,위임,부령,,rule
P04811,교육부령으로 정한다,위임,부령,,rule
P04812,교육부령으로 정한다,위임,부령,,rule
P04813,교육부령으로 정한다,위임,부령,,rule
P04814,교육부령으로 정한다,위임,부령,,rule
P04815,교육부령으로 정한다,위임,부령,,rule
P04816,교육부령으로 정하는,위임,부령,,rule
P04817,교육부령으로 정하는,위임,부령,,rule
P04818,5. 교육감이 5년마다 시ㆍ도 교육규칙으로 정하는 바에 따라 해당 학교 운영 성과 등을 평가하여 지정 목적의 달성이 불가능하다고 인정되는 경우,위임,교육규칙,,rule
P04819,5. 교육감이 5년마다 시ㆍ도 교육규칙으로 정하는 바에 따라 해당 학교 운영 성과 등을 평가하여 지정 목적의 달성이 불가능하다고 인정되는 경우,위임,교육규칙,,rule
P04820,5. 교육감이 5년마다 시ㆍ도 교육규칙으로 정하는 바에 따라 해당 학교 운영 성과 등을 평가하여 지정 목적의 달성이 불가능하다고 인정되는 경우,위임,교육규칙,,rule
P04821,5. 교육감이 5년마다 시ㆍ도 교육규칙으로 정하는 바에 따라 해당 학교 운영 성과 등을 평가하여 지정 목적의 달성이 불가능하다고 인정되는 경우,위임,교육규칙,,rule
P04822,5. 교육감이 5년마다 시ㆍ도 교육규칙으로 정하는 바에 따라 해당 학교 운영 성과 등을 평가하여 지정 목적의 달성이 불가능하다고 인정되는 경우,위임,교육규칙,,rule
P04823,5. 교육감이 5년마다 시ㆍ도 교육규칙으로 정하는 바에 따라 해당 학교 운영 성과 등을 평가하여 지정 목적의 달성이 불가능하다고 인정되는 경우,위임,교육규칙,,rule
P04824,5. 교육감이 5년마다 시ㆍ도 교육규칙으로 정하는 바에 따라 해당 학교 운영 성과 등을 평가하여 지정 목적의 달성이 불가능하다고 인정되는 경우,위임,교육규칙,,rule
P04825,5. 교육감이 5년마다 시ㆍ도 교육규칙으로 정하는 바에 따라 해당 학교 운영 성과 등을 평가하여 지정 목적의 달성이 불가능하다고 인정되는 경우,위임,교육규칙,,rule
P04826,5. 교육감이 5년마다 시ㆍ도 교육규칙으로 정하는 바에 따라 해당 학교 운영 성과 등을 평가하여 지정 목적의 달성이 불가능하다고 인정되는 경우,위임,교육규칙,,rule
P04827,5. 교육감이 5년마다 시ㆍ도 교육규칙으로 정하는 바에 따라 해당 학교 운영 성과 등을 평가하여 지정 목적의 달성이 불가능하다고 인정되는 경우,위임,교육규칙,,rule
P04828,"고등학교(이하 ""자율형 공립고등학교""라 한다)를 교육부장관이 정하는 절차를 거쳐 지정·고시할 수 있다",위임,미특정,,rule
P04829,자율형 공립고등학교의 지정 및 운영에 필요한 사항은 교육부장관이 정하여 고시한다.,위임,미특정,,rule
P04830,"③ 자율형 공립고등학교는 5년 이내로 지정ㆍ운영하되, 시ㆍ도 교육규칙으로 정하는 바에 따라 5년의 범위에서 연장할 수 있다.",위임,교육규칙,,rule
P04831,"③ 자율형 공립고등학교는 5년 이내로 지정ㆍ운영하되, 시ㆍ도 교육규칙으로 정하는 바에 따라 5년의 범위에서 연장할 수 있다.",위임,교육규칙,,rule
P04832,"③ 자율형 공립고등학교는 5년 이내로 지정ㆍ운영하되, 시ㆍ도 교육규칙으로 정하는 바에 따라 5년의 범위에서 연장할 수 있다.",위임,교육규칙,,rule
P04833,"③ 자율형 공립고등학교는 5년 이내로 지정ㆍ운영하되, 시ㆍ도 교육규칙으로 정하는 바에 따라 5년의 범위에서 연장할 수 있다.",위임,교육규칙,,rule
P04834,"③ 자율형 공립고등학교는 5년 이내로 지정ㆍ운영하되, 시ㆍ도 교육규칙으로 정하는 바에 따라 5년의 범위에서 연장할 수 있다.",위임,교육규칙,,rule
P04835,"③ 자율형 공립고등학교는 5년 이내로 지정ㆍ운영하되, 시ㆍ도 교육규칙으로 정하는 바에 따라 5년의 범위에서 연장할 수 있다.",위임,교육규칙,,rule
P04836,"③ 자율형 공립고등학교는 5년 이내로 지정ㆍ운영하되, 시ㆍ도 교육규칙으로 정하는 바에 따라 5년의 범위에서 연장할 수 있다.",위임,교육규칙,,rule
P04837,"③ 자율형 공립고등학교는 5년 이내로 지정ㆍ운영하되, 시ㆍ도 교육규칙으로 정하는 바에 따라 5년의 범위에서 연장할 수 있다.",위임,교육규칙,,rule
P04838,"③ 자율형 공립고등학교는 5년 이내로 지정ㆍ운영하되, 시ㆍ도 교육규칙으로 정하는 바에 따라 5년의 범위에서 연장할 수 있다.",위임,교육규칙,,rule
P04839,"③ 자율형 공립고등학교는 5년 이내로 지정ㆍ운영하되, 시ㆍ도 교육규칙으로 정하는 바에 따라 5년의 범위에서 연장할 수 있다.",위임,교육규칙,,rule
P04840,"③ 자율형 공립고등학교는 5년 이내로 지정ㆍ운영하되, 시ㆍ도 교육규칙으로 정하는 바에 따라 5년의 범위에서 연장할 수 있다.",위임,교육규칙,,rule
P04841,"③ 자율형 공립고등학교는 5년 이내로 지정ㆍ운영하되, 시ㆍ도 교육규칙으로 정하는 바에 따라 5년의 범위에서 연장할 수 있다.",위임,교육규칙,,rule
P04842,"③ 자율형 공립고등학교는 5년 이내로 지정ㆍ운영하되, 시ㆍ도 교육규칙으로 정하는 바에 따라 5년의 범위에서 연장할 수 있다.",위임,교육규칙,,rule
P04843,"③ 자율형 공립고등학교는 5년 이내로 지정ㆍ운영하되, 시ㆍ도 교육규칙으로 정하는 바에 따라 5년의 범위에서 연장할 수 있다.",위임,교육규칙,,rule
P04844,업무를 위탁하는 경우 위탁받는 기관과 위탁업무의 내용을 고시해야 한다.,판단불가,해당없음,,rule
P04845,교육부장관이 설치하는 고교학점제 지원센터의 설치·운영 등에 필요한 사항은 교육부장관이 정하고,판단불가,해당없음,,rule
P04846,따로 대통령령으로,위임,대통령령,,rule
P04847,교육부령으로 정한다,위임,부령,,rule
P04848,교육부령으로 정한다,위임,부령,,rule
P04849,교육부령으로 정한다,위임,부령,,rule
P04850,교육부령으로 정한다,위임,부령,,rule
P04851,교육부령으로 정한다,위임,부령,,rule
P04852,교육부령으로 정한다,위임,부령,,rule
P04853,교육부령으로 정한다,위임,부령,,rule
P04854,교육부령으로 정한다,위임,부령,,rule
P04855,교육부령으로 정한다,위임,부령,,rule
P04856,교육부령으로 정한다,위임,부령,,rule
P04857,교육부령으로 정한다,위임,부령,,rule
P04858,교육부령으로 정한다,위임,부령,,rule
P04859,교육부령으로 정한다,위임,부령,,rule
P04860,교육부령으로 정한다,위임,부령,,rule
P04861,교육부령으로 정한다,위임,부령,,rule
P04862,교육부령으로 정한다,위임,부령,,rule
P04863,교육부령으로 정한다,위임,부령,,rule
P04864,교육부령으로 정한다,위임,부령,,rule
P04865,교육부령으로 정한다,위임,부령,,rule
P04866,교육부령으로 정하는,위임,부령,,rule
P04867,교육부령으로 정한다,위임,부령,,rule
P04868,교육부령으로 정한다,위임,부령,,rule
P04869,교육부령으로 정한다,위임,부령,,rule
P04870,교육부령으로 정한다,위임,부령,,rule
P04871,교육부령으로 정한다,위임,부령,,rule
P04872,교육부령으로 정한다,위임,부령,,rule
P04873,교육부령으로 정한다,위임,부령,,rule
P04874,교육부령으로 정한다,위임,부령,,rule
P04875,교육부령으로 정한다,위임,부령,,rule
P04876,교육부령으로 정한다,위임,부령,,rule
P04877,교육부령으로 정한다,위임,부령,,rule
P04878,교육부령으로 정한다,위임,부령,,rule
P04879,교육부령으로 정한다,위임,부령,,rule
P04880,교육부령으로 정한다,위임,부령,,rule
P04881,교육부령으로 정한다,위임,부령,,rule
P04882,교육부령으로 정한다,위임,부령,,rule
P04883,교육부령으로 정한다,위임,부령,,rule
P04884,교육부령으로 정한다,위임,부령,,rule
P04885,교육부령으로 정한다,위임,부령,,rule
P04886,교육부령으로 정하는,위임,부령,,rule
P04887,교육부령으로 정한다,위임,부령,,rule
P04888,교육부령으로 정한다,위임,부령,,rule
P04889,교육부령으로 정한다,위임,부령,,rule
P04890,교육부령으로 정한다,위임,부령,,rule
P04891,교육부령으로 정한다,위임,부령,,rule
P04892,교육부령으로 정한다,위임,부령,,rule
P04893,교육부령으로 정한다,위임,부령,,rule
P04894,교육부령으로 정한다,위임,부령,,rule
P04895,교육부령으로 정한다,위임,부령,,rule
P04896,교육부령으로 정한다,위임,부령,,rule
P04897,교육부령으로 정한다,위임,부령,,rule
P04898,교육부령으로 정한다,위임,부령,,rule
P04899,교육부령으로 정한다,위임,부령,,rule
P04900,교육부령으로 정한다,위임,부령,,rule
P04901,교육부령으로 정한다,위임,부령,,rule
P04902,교육부령으로 정한다,위임,부령,,rule
P04903,교육부령으로 정한다,위임,부령,,rule
P04904,교육부령으로 정한다,위임,부령,,rule
P04905,"⑧ 제1항부터 제7항까지의 규정에도 불구하고 학력심의위원회와 성격ㆍ기능이 유사한 위원회가 해당 교육감 소속으로 설치되어 있는 경우에는 해당 시ㆍ도의 조례로 정하는 바에 따라 그 위원회가 학력심의위원회의 기능을 대신할 수 있다. 다만, 성격ㆍ기능이 유사한 위원회의 설치 근거가 되는 법령 또는 조례에서 위원회의 구성ㆍ운영 관련 사항을 교육감이 정하도록 하고 있거나 교육규칙으로 정하도록 하고 있는 경우에는 해당 시ㆍ도의 교육규칙으로 정하는 바에 따라 대신할 수 있다.",위임,조례|교육규칙,,rule
P04906,교육부령으로 정하는,위임,부령,,rule
P04907,사항은 교육부령으로,위임,부령,,rule
P04908,사항은 교육부령으로,위임,부령,,rule
P04909,사항은 교육부령으로,위임,부령,,rule
P04910,사항은 교육부령으로,위임,부령,,rule
P04911,사항은 교육부령으로,위임,부령,,rule
P04912,사항은 교육부령으로,위임,부령,,rule
P04913,사항은 교육부령으로,위임,부령,,rule
P04914,② 제1항에 따른 자율학교등 지정·운영위원회의 구성 및 운영에 필요한 사항은 시·도 교육규칙으로 정한다.,위임,교육규칙,,rule
P04915,② 제1항에 따른 자율학교등 지정·운영위원회의 구성 및 운영에 필요한 사항은 시·도 교육규칙으로 정한다.,위임,교육규칙,,rule
P04916,② 제1항에 따른 자율학교등 지정·운영위원회의 구성 및 운영에 필요한 사항은 시·도 교육규칙으로 정한다.,위임,교육규칙,,rule
P04917,② 제1항에 따른 자율학교등 지정·운영위원회의 구성 및 운영에 필요한 사항은 시·도 교육규칙으로 정한다.,위임,교육규칙,,rule
P04918,② 제1항에 따른 자율학교등 지정·운영위원회의 구성 및 운영에 필요한 사항은 시·도 교육규칙으로 정한다.,위임,교육규칙,,rule
P04919,② 제1항에 따른 자율학교등 지정·운영위원회의 구성 및 운영에 필요한 사항은 시·도 교육규칙으로 정한다.,위임,교육규칙,,rule
P04920,② 제1항에 따른 자율학교등 지정·운영위원회의 구성 및 운영에 필요한 사항은 시·도 교육규칙으로 정한다.,위임,교육규칙,,rule
P04921,② 제1항에 따른 자율학교등 지정·운영위원회의 구성 및 운영에 필요한 사항은 시·도 교육규칙으로 정한다.,위임,교육규칙,,rule
P04922,② 제1항에 따른 자율학교등 지정·운영위원회의 구성 및 운영에 필요한 사항은 시·도 교육규칙으로 정한다.,위임,교육규칙,,rule
P04923,② 제1항에 따른 자율학교등 지정·운영위원회의 구성 및 운영에 필요한 사항은 시·도 교육규칙으로 정한다.,위임,교육규칙,,rule
P04924,② 제1항에 따른 자율학교등 지정·운영위원회의 구성 및 운영에 필요한 사항은 시·도 교육규칙으로 정한다.,위임,교육규칙,,rule
P04925,② 제1항에 따른 자율학교등 지정·운영위원회의 구성 및 운영에 필요한 사항은 시·도 교육규칙으로 정한다.,위임,교육규칙,,rule
P04926,② 제1항에 따른 자율학교등 지정·운영위원회의 구성 및 운영에 필요한 사항은 시·도 교육규칙으로 정한다.,위임,교육규칙,,rule
P04927,② 제1항에 따른 자율학교등 지정·운영위원회의 구성 및 운영에 필요한 사항은 시·도 교육규칙으로 정한다.,위임,교육규칙,,rule
P04928,② 제1항에 따른 자율학교등 지정·운영위원회의 구성 및 운영에 필요한 사항은 시·도 교육규칙으로 정한다.,위임,교육규칙,,rule
P04929,② 제1항에 따른 자율학교등 지정·운영위원회의 구성 및 운영에 필요한 사항은 시·도 교육규칙으로 정한다.,위임,교육규칙,,rule
P04930,② 제1항에 따른 자율학교등 지정·운영위원회의 구성 및 운영에 필요한 사항은 시·도 교육규칙으로 정한다.,위임,교육규칙,,rule
P04931,② 제1항에 따른 자율학교등 지정·운영위원회의 구성 및 운영에 필요한 사항은 시·도 교육규칙으로 정한다.,위임,교육규칙,,rule
P04932,② 제1항에 따른 자율학교등 지정·운영위원회의 구성 및 운영에 필요한 사항은 시·도 교육규칙으로 정한다.,위임,교육규칙,,rule
P04933,교육부령으로 정하는 신입생,위임,부령,,rule
P04934,교육부령으로 정하는 신입생,위임,부령,,rule
P04935,교육부령으로 정한다,위임,부령,,rule
P04936,교육부령으로 정한다,위임,부령,,rule
P04937,"① 제13조에 따른 보수교육 대상자는 특별시·광역시·특별자치시·도·특별자치도(이하 ""시·도""라 한다)의 조례에서 정하는 바에 따라 교육감에게 수강료를 내야 한다.",위임,조례,,rule
P04938,"① 제13조에 따른 보수교육 대상자는 특별시·광역시·특별자치시·도·특별자치도(이하 ""시·도""라 한다)의 조례에서 정하는 바에 따라 교육감에게 수강료를 내야 한다.",위임,조례,,rule
P04939,"① 제13조에 따른 보수교육 대상자는 특별시·광역시·특별자치시·도·특별자치도(이하 ""시·도""라 한다)의 조례에서 정하는 바에 따라 교육감에게 수강료를 내야 한다.",위임,조례,,rule
P04940,"① 제13조에 따른 보수교육 대상자는 특별시·광역시·특별자치시·도·특별자치도(이하 ""시·도""라 한다)의 조례에서 정하는 바에 따라 교육감에게 수강료를 내야 한다.",위임,조례,,rule
P04941,"① 제13조에 따른 보수교육 대상자는 특별시·광역시·특별자치시·도·특별자치도(이하 ""시·도""라 한다)의 조례에서 정하는 바에 따라 교육감에게 수강료를 내야 한다.",위임,조례,,rule
P04942,"① 제13조에 따른 보수교육 대상자는 특별시·광역시·특별자치시·도·특별자치도(이하 ""시·도""라 한다)의 조례에서 정하는 바에 따라 교육감에게 수강료를 내야 한다.",위임,조례,,rule
P04943,"① 제13조에 따른 보수교육 대상자는 특별시·광역시·특별자치시·도·특별자치도(이하 ""시·도""라 한다)의 조례에서 정하는 바에 따라 교육감에게 수강료를 내야 한다.",위임,조례,,rule
P04944,"① 제13조에 따른 보수교육 대상자는 특별시·광역시·특별자치시·도·특별자치도(이하 ""시·도""라 한다)의 조례에서 정하는 바에 따라 교육감에게 수강료를 내야 한다.",위임,조례,,rule
P04945,교육부장관이 정하는 바에 따라 해당 학생이 졸업하기 직전에,위임,미특정,,rule
P04946,학교생활기록 작성·관리 등에 필요한 사항은 교육부장관이 정한다.,판단불가,해당없음,,rule
P04947,① 시험 응시 수수료 및 검정고시에 따르는 각종 증명서의 발급 수수료에 관하여 필요한 사항은 시·도의 조례로 정한다.,위임,조례,,rule
P04948,① 시험 응시 수수료 및 검정고시에 따르는 각종 증명서의 발급 수수료에 관하여 필요한 사항은 시·도의 조례로 정한다.,위임,조례,,rule
P04949,② 응시자가 수수료를 잘못 내거나 불가피한 사유로 시험에 응시하지 못하는 등 정당한 사유가 인정되는 경우에는 시·도 조례에서 정하는 바에 따라 납부된 수수료의 전부 또는 일부를 반환받을 수 있다.,위임,조례,,rule
P04950,② 응시자가 수수료를 잘못 내거나 불가피한 사유로 시험에 응시하지 못하는 등 정당한 사유가 인정되는 경우에는 시·도 조례에서 정하는 바에 따라 납부된 수수료의 전부 또는 일부를 반환받을 수 있다.,위임,조례,,rule
P04951,"2. 도 및 특별자치도에 있는 고등학교: 매년 학생으로부터 받은 수업료 및 입학금 총액의 3퍼센트 이상으로 하되, 구체적인 기준은 해당 도 및 특별자치도의 교육규칙으로 정할 것",판단불가,해당없음,,rule
P04952,"2. 도 및 특별자치도에 있는 고등학교: 매년 학생으로부터 받은 수업료 및 입학금 총액의 3퍼센트 이상으로 하되, 구체적인 기준은 해당 도 및 특별자치도의 교육규칙으로 정할 것",판단불가,해당없음,,rule
P04953,"1. 특별시, 광역시 및 특별자치시에 있는 고등학교: 매년 학생으로부터 받은 수업료 및 입학금 총액의 5퍼센트 이상으로 하되, 구체적인 기준은 해당 특별시, 광역시 및 특별자치시의 교육규칙으로 정할 것",판단불가,해당없음,,rule
P04954,"1. 특별시, 광역시 및 특별자치시에 있는 고등학교: 매년 학생으로부터 받은 수업료 및 입학금 총액의 5퍼센트 이상으로 하되, 구체적인 기준은 해당 특별시, 광역시 및 특별자치시의 교육규칙으로 정할 것",판단불가,해당없음,,rule
P04955,"1. 특별시, 광역시 및 특별자치시에 있는 고등학교: 매년 학생으로부터 받은 수업료 및 입학금 총액의 5퍼센트 이상으로 하되, 구체적인 기준은 해당 특별시, 광역시 및 특별자치시의 교육규칙으로 정할 것",판단불가,해당없음,,rule
P04956,"1. 특별시, 광역시 및 특별자치시에 있는 고등학교: 매년 학생으로부터 받은 수업료 및 입학금 총액의 5퍼센트 이상으로 하되, 구체적인 기준은 해당 특별시, 광역시 및 특별자치시의 교육규칙으로 정할 것",판단불가,해당없음,,rule
P04957,"1. 특별시, 광역시 및 특별자치시에 있는 고등학교: 매년 학생으로부터 받은 수업료 및 입학금 총액의 5퍼센트 이상으로 하되, 구체적인 기준은 해당 특별시, 광역시 및 특별자치시의 교육규칙으로 정할 것",판단불가,해당없음,,rule
P04958,"1. 특별시, 광역시 및 특별자치시에 있는 고등학교: 매년 학생으로부터 받은 수업료 및 입학금 총액의 5퍼센트 이상으로 하되, 구체적인 기준은 해당 특별시, 광역시 및 특별자치시의 교육규칙으로 정할 것",판단불가,해당없음,,rule
P04959,"1. 특별시, 광역시 및 특별자치시에 있는 고등학교: 매년 학생으로부터 받은 수업료 및 입학금 총액의 5퍼센트 이상으로 하되, 구체적인 기준은 해당 특별시, 광역시 및 특별자치시의 교육규칙으로 정할 것",판단불가,해당없음,,rule
P04960,"2. 도 및 특별자치도에 있는 고등학교: 매년 학생으로부터 받은 수업료 및 입학금 총액의 3퍼센트 이상으로 하되, 구체적인 기준은 해당 도 및 특별자치도의 교육규칙으로 정할 것",판단불가,해당없음,,rule
P04961,"2. 도 및 특별자치도에 있는 고등학교: 매년 학생으로부터 받은 수업료 및 입학금 총액의 3퍼센트 이상으로 하되, 구체적인 기준은 해당 도 및 특별자치도의 교육규칙으로 정할 것",판단불가,해당없음,,rule
P04962,"2. 도 및 특별자치도에 있는 고등학교: 매년 학생으로부터 받은 수업료 및 입학금 총액의 3퍼센트 이상으로 하되, 구체적인 기준은 해당 도 및 특별자치도의 교육규칙으로 정할 것",판단불가,해당없음,,rule
P04963,"2. 도 및 특별자치도에 있는 고등학교: 매년 학생으로부터 받은 수업료 및 입학금 총액의 3퍼센트 이상으로 하되, 구체적인 기준은 해당 도 및 특별자치도의 교육규칙으로 정할 것",판단불가,해당없음,,rule
P04964,"2. 도 및 특별자치도에 있는 고등학교: 매년 학생으로부터 받은 수업료 및 입학금 총액의 3퍼센트 이상으로 하되, 구체적인 기준은 해당 도 및 특별자치도의 교육규칙으로 정할 것",판단불가,해당없음,,rule
P04965,교육부장관이 정한 교육과정의 기준과 내용 중 자율형 사립고등학교에 관한 것으로 한다.,판단불가,해당없음,,rule
P04966,"이 규칙에서 규정한 사항 외에 특성화중학교, 특수목적고등학교 또는 자율형 사립고등학교의 지정·지정 취소 및 운영에 필요한 사항에 관하여는 법령의 범위 내에서 시·도 교육규칙으로 정할 수 있다.",판단불가,해당없음,,rule
P04967,"이 규칙에서 규정한 사항 외에 특성화중학교, 특수목적고등학교 또는 자율형 사립고등학교의 지정·지정 취소 및 운영에 필요한 사항에 관하여는 법령의 범위 내에서 시·도 교육규칙으로 정할 수 있다.",판단불가,해당없음,,rule
P04968,"이 규칙에서 규정한 사항 외에 특성화중학교, 특수목적고등학교 또는 자율형 사립고등학교의 지정·지정 취소 및 운영에 필요한 사항에 관하여는 법령의 범위 내에서 시·도 교육규칙으로 정할 수 있다.",판단불가,해당없음,,rule
P04969,"이 규칙에서 규정한 사항 외에 특성화중학교, 특수목적고등학교 또는 자율형 사립고등학교의 지정·지정 취소 및 운영에 필요한 사항에 관하여는 법령의 범위 내에서 시·도 교육규칙으로 정할 수 있다.",판단불가,해당없음,,rule
P04970,"이 규칙에서 규정한 사항 외에 특성화중학교, 특수목적고등학교 또는 자율형 사립고등학교의 지정·지정 취소 및 운영에 필요한 사항에 관하여는 법령의 범위 내에서 시·도 교육규칙으로 정할 수 있다.",판단불가,해당없음,,rule
P04971,"이 규칙에서 규정한 사항 외에 특성화중학교, 특수목적고등학교 또는 자율형 사립고등학교의 지정·지정 취소 및 운영에 필요한 사항에 관하여는 법령의 범위 내에서 시·도 교육규칙으로 정할 수 있다.",판단불가,해당없음,,rule
P04972,"이 규칙에서 규정한 사항 외에 특성화중학교, 특수목적고등학교 또는 자율형 사립고등학교의 지정·지정 취소 및 운영에 필요한 사항에 관하여는 법령의 범위 내에서 시·도 교육규칙으로 정할 수 있다.",판단불가,해당없음,,rule
P04973,"이 규칙에서 규정한 사항 외에 특성화중학교, 특수목적고등학교 또는 자율형 사립고등학교의 지정·지정 취소 및 운영에 필요한 사항에 관하여는 법령의 범위 내에서 시·도 교육규칙으로 정할 수 있다.",판단불가,해당없음,,rule
P04974,"이 규칙에서 규정한 사항 외에 특성화중학교, 특수목적고등학교 또는 자율형 사립고등학교의 지정·지정 취소 및 운영에 필요한 사항에 관하여는 법령의 범위 내에서 시·도 교육규칙으로 정할 수 있다.",판단불가,해당없음,,rule
P04975,"이 규칙에서 규정한 사항 외에 특성화중학교, 특수목적고등학교 또는 자율형 사립고등학교의 지정·지정 취소 및 운영에 필요한 사항에 관하여는 법령의 범위 내에서 시·도 교육규칙으로 정할 수 있다.",판단불가,해당없음,,rule
P04976,"이 규칙에서 규정한 사항 외에 특성화중학교, 특수목적고등학교 또는 자율형 사립고등학교의 지정·지정 취소 및 운영에 필요한 사항에 관하여는 법령의 범위 내에서 시·도 교육규칙으로 정할 수 있다.",판단불가,해당없음,,rule
P04977,"이 규칙에서 규정한 사항 외에 특성화중학교, 특수목적고등학교 또는 자율형 사립고등학교의 지정·지정 취소 및 운영에 필요한 사항에 관하여는 법령의 범위 내에서 시·도 교육규칙으로 정할 수 있다.",판단불가,해당없음,,rule
P04978,"이 규칙에서 규정한 사항 외에 특성화중학교, 특수목적고등학교 또는 자율형 사립고등학교의 지정·지정 취소 및 운영에 필요한 사항에 관하여는 법령의 범위 내에서 시·도 교육규칙으로 정할 수 있다.",판단불가,해당없음,,rule
P04979,"이 규칙에서 규정한 사항 외에 특성화중학교, 특수목적고등학교 또는 자율형 사립고등학교의 지정·지정 취소 및 운영에 필요한 사항에 관하여는 법령의 범위 내에서 시·도 교육규칙으로 정할 수 있다.",판단불가,해당없음,,rule
P04980,"이 규칙에서 규정한 사항 외에 특성화중학교, 특수목적고등학교 또는 자율형 사립고등학교의 지정·지정 취소 및 운영에 필요한 사항에 관하여는 법령의 범위 내에서 시·도 교육규칙으로 정할 수 있다.",판단불가,해당없음,,rule
P04981,"이 규칙에서 규정한 사항 외에 특성화중학교, 특수목적고등학교 또는 자율형 사립고등학교의 지정·지정 취소 및 운영에 필요한 사항에 관하여는 법령의 범위 내에서 시·도 교육규칙으로 정할 수 있다.",판단불가,해당없음,,rule
P04982,"이 규칙에서 규정한 사항 외에 특성화중학교, 특수목적고등학교 또는 자율형 사립고등학교의 지정·지정 취소 및 운영에 필요한 사항에 관하여는 법령의 범위 내에서 시·도 교육규칙으로 정할 수 있다.",판단불가,해당없음,,rule
P04983,"이 규칙에서 규정한 사항 외에 특성화중학교, 특수목적고등학교 또는 자율형 사립고등학교의 지정·지정 취소 및 운영에 필요한 사항에 관하여는 법령의 범위 내에서 시·도 교육규칙으로 정할 수 있다.",판단불가,해당없음,,rule
P04984,"이 규칙에서 규정한 사항 외에 특성화중학교, 특수목적고등학교 또는 자율형 사립고등학교의 지정·지정 취소 및 운영에 필요한 사항에 관하여는 법령의 범위 내에서 시·도 교육규칙으로 정할 수 있다.",판단불가,해당없음,,rule
P04985,"이 규칙에서 규정한 사항 외에 특성화중학교, 특수목적고등학교 또는 자율형 사립고등학교의 지정·지정 취소 및 운영에 필요한 사항에 관하여는 법령의 범위 내에서 시·도 교육규칙으로 정할 수 있다.",판단불가,해당없음,,rule
P04986,"이 규칙에서 규정한 사항 외에 특성화중학교, 특수목적고등학교 또는 자율형 사립고등학교의 지정·지정 취소 및 운영에 필요한 사항에 관하여는 법령의 범위 내에서 시·도 교육규칙으로 정할 수 있다.",판단불가,해당없음,,rule
P04987,"이 규칙에서 규정한 사항 외에 특성화중학교, 특수목적고등학교 또는 자율형 사립고등학교의 지정·지정 취소 및 운영에 필요한 사항에 관하여는 법령의 범위 내에서 시·도 교육규칙으로 정할 수 있다.",판단불가,해당없음,,rule
P04988,"이 규칙에서 규정한 사항 외에 특성화중학교, 특수목적고등학교 또는 자율형 사립고등학교의 지정·지정 취소 및 운영에 필요한 사항에 관하여는 법령의 범위 내에서 시·도 교육규칙으로 정할 수 있다.",판단불가,해당없음,,rule
P04989,"이 규칙에서 규정한 사항 외에 특성화중학교, 특수목적고등학교 또는 자율형 사립고등학교의 지정·지정 취소 및 운영에 필요한 사항에 관하여는 법령의 범위 내에서 시·도 교육규칙으로 정할 수 있다.",판단불가,해당없음,,rule
P04990,"이 규칙에서 규정한 사항 외에 특성화중학교, 특수목적고등학교 또는 자율형 사립고등학교의 지정·지정 취소 및 운영에 필요한 사항에 관하여는 법령의 범위 내에서 시·도 교육규칙으로 정할 수 있다.",판단불가,해당없음,,rule
P04991,"이 규칙에서 규정한 사항 외에 특성화중학교, 특수목적고등학교 또는 자율형 사립고등학교의 지정·지정 취소 및 운영에 필요한 사항에 관하여는 법령의 범위 내에서 시·도 교육규칙으로 정할 수 있다.",판단불가,해당없음,,rule
P04992,"이 규칙에서 규정한 사항 외에 특성화중학교, 특수목적고등학교 또는 자율형 사립고등학교의 지정·지정 취소 및 운영에 필요한 사항에 관하여는 법령의 범위 내에서 시·도 교육규칙으로 정할 수 있다.",판단불가,해당없음,,rule
P04993,"이 규칙에서 규정한 사항 외에 특성화중학교, 특수목적고등학교 또는 자율형 사립고등학교의 지정·지정 취소 및 운영에 필요한 사항에 관하여는 법령의 범위 내에서 시·도 교육규칙으로 정할 수 있다.",판단불가,해당없음,,rule
P04994,"이 규칙에서 규정한 사항 외에 특성화중학교, 특수목적고등학교 또는 자율형 사립고등학교의 지정·지정 취소 및 운영에 필요한 사항에 관하여는 법령의 범위 내에서 시·도 교육규칙으로 정할 수 있다.",판단불가,해당없음,,rule
P04995,"이 규칙에서 규정한 사항 외에 특성화중학교, 특수목적고등학교 또는 자율형 사립고등학교의 지정·지정 취소 및 운영에 필요한 사항에 관하여는 법령의 범위 내에서 시·도 교육규칙으로 정할 수 있다.",판단불가,해당없음,,rule
P04996,"이 규칙에서 규정한 사항 외에 특성화중학교, 특수목적고등학교 또는 자율형 사립고등학교의 지정·지정 취소 및 운영에 필요한 사항에 관하여는 법령의 범위 내에서 시·도 교육규칙으로 정할 수 있다.",판단불가,해당없음,,rule
P04997,"이 규칙에서 규정한 사항 외에 특성화중학교, 특수목적고등학교 또는 자율형 사립고등학교의 지정·지정 취소 및 운영에 필요한 사항에 관하여는 법령의 범위 내에서 시·도 교육규칙으로 정할 수 있다.",판단불가,해당없음,,rule
P04998,"이 규칙에서 규정한 사항 외에 특성화중학교, 특수목적고등학교 또는 자율형 사립고등학교의 지정·지정 취소 및 운영에 필요한 사항에 관하여는 법령의 범위 내에서 시·도 교육규칙으로 정할 수 있다.",판단불가,해당없음,,rule
P04999,"이 규칙에서 규정한 사항 외에 특성화중학교, 특수목적고등학교 또는 자율형 사립고등학교의 지정·지정 취소 및 운영에 필요한 사항에 관하여는 법령의 범위 내에서 시·도 교육규칙으로 정할 수 있다.",판단불가,해당없음,,rule
P05000,"이 규칙에서 규정한 사항 외에 특성화중학교, 특수목적고등학교 또는 자율형 사립고등학교의 지정·지정 취소 및 운영에 필요한 사항에 관하여는 법령의 범위 내에서 시·도 교육규칙으로 정할 수 있다.",판단불가,해당없음,,rule
P05001,"이 규칙에서 규정한 사항 외에 특성화중학교, 특수목적고등학교 또는 자율형 사립고등학교의 지정·지정 취소 및 운영에 필요한 사항에 관하여는 법령의 범위 내에서 시·도 교육규칙으로 정할 수 있다.",판단불가,해당없음,,rule
P05002,"이 규칙에서 규정한 사항 외에 특성화중학교, 특수목적고등학교 또는 자율형 사립고등학교의 지정·지정 취소 및 운영에 필요한 사항에 관하여는 법령의 범위 내에서 시·도 교육규칙으로 정할 수 있다.",판단불가,해당없음,,rule
P05003,보건복지부장관이 정하여 고시하는 공통서식에 따른다.,위임,미특정,,rule
P05004,상환 비율은 대통령령으로,위임,대통령령,,rule
P05005,대통령령으로 정하는,위임,대통령령,,rule
P05006,대통령령으로 정하는 기관을,위임,대통령령,,rule
P05007,"학칙으로 정하는 바에 따라 교육과정을 마치는 경우를 말하며, 그 구체적인 기준은 교육부장관이 정하여 고시한다.",위임,미특정,,rule
P05008,"학칙으로 정하는 바에 따라 교육과정을 마치는 경우를 말하며, 그 구체적인 기준은 교육부장관이 정하여 고시한다.",위임,미특정,,rule
P05009,대통령령으로 정하는,위임,대통령령,,rule
P05010,"취업 후 상환 학자금대출을 하고자 하는 때에는 가구소득분위 및 다자녀 가구 해당 여부, 학점, 연령 등의 자격요건을 정하여 고시한",판단불가,해당없음,,rule
P05011,"취업 후 상환 학자금대출을 하고자 하는 때에는 가구소득분위 및 다자녀 가구 해당 여부, 학점, 연령 등의 자격요건을 정하여 고시한",판단불가,해당없음,,rule
P05012,필요한 세부사항을 정하여 고시한 후 그에 따라 대출할 수 있다.,판단불가,해당없음,,rule
P05013,필요한 세부사항을 정하여 고시한 후 그에 따라 대출할 수 있다.,판단불가,해당없음,,rule
P05014,"다만, 전문기술석사학위 과정·석사학위 과정 및 박사학위 과정의 경우 교육부장관이 정하는 바에 따라 한도를 달리 정할 수 있다.",위임,미특정,,rule
P05015,"다만, 전문기술석사학위 과정·석사학위 과정 및 박사학위 과정의 경우 교육부장관이 정하는 바에 따라 한도를 달리 정할 수 있다.",위임,미특정,,rule
P05016,생활비대출은 교육부장관이 정하는 바에 따라 한도를 달리 정할 수 있다.,위임,미특정,,rule
P05017,생활비대출은 교육부장관이 정하는 바에 따라 한도를 달리 정할 수 있다.,위임,미특정,,rule
P05018,매 학기 대출이 시작되기 전까지 교육부장관이 결정하여 고시한다.,판단불가,해당없음,,rule
P05019,매 학기 대출이 시작되기 전까지 교육부장관이 결정하여 고시한다.,판단불가,해당없음,,rule
P05020,대통령령으로 정하는,위임,대통령령,,rule
P05021,사항은 대통령령으로,위임,대통령령,,rule
P05022,대통령령으로 정하는 소득인정액,위임,대통령령,,rule
P05023,대통령령으로 정하는 연령으로,위임,대통령령,,rule
P05024,대통령령으로 정하는,위임,대통령령,,rule
P05025,대통령령으로 정하는,위임,대통령령,,rule
P05026,대통령령으로 정하는,위임,대통령령,,rule
P05027,대통령령으로 정하는 대학생,위임,대통령령,,rule
P05028,제9조에 따라 교육부장관이 고시하는 다자녀 가구의 자녀,위임,미특정,,rule
P05029,제9조에 따라 교육부장관이 고시하는 다자녀 가구의 자녀,위임,미특정,,rule
P05030,제38조제2항에 따른 자립지원 대상자 중 교육부장관이 정하여 고시하는 사람,위임,미특정,,rule
P05031,중위소득의 100분의 130 이하에 준하는 사람으로서 교육부장관이 정하여 고시하는 사람,위임,미특정,,rule
P05032,매 학기의 기간은 교육부장관이 정하여 고시한다.,위임,미특정,,rule
P05033,매 학기의 기간은 교육부장관이 정하여 고시한다.,위임,미특정,,rule
P05034,생활비 대출원리금의 계산방법은 교육부장관이 정하여 고시한다.,위임,미특정,,rule
P05035,생활비 대출원리금의 계산방법은 교육부장관이 정하여 고시한다.,위임,미특정,,rule
P05036,대통령령으로 정하는 최소부담의무상환액,위임,대통령령,,rule
P05037,대통령령으로 정하는 비율,위임,대통령령,,rule
P05038,대통령령으로 정하는,위임,대통령령,,rule
P05039,대통령령으로 정한다,위임,대통령령,,rule
P05040,대통령령으로 정하는,위임,대통령령,,rule
P05041,사항은 대통령령으로,위임,대통령령,,rule
P05042,사항은 대통령령으로,위임,대통령령,,rule
P05043,상환기준소득은 교육부장관이 「국민기초생활 보장법」 제2조제11호에 따른 기준 중위소득 및 물가상승률 등을 고려하여 매년 고시한다,판단불가,해당없음,,rule
P05044,상환기준소득은 교육부장관이 「국민기초생활 보장법」 제2조제11호에 따른 기준 중위소득 및 물가상승률 등을 고려하여 매년 고시한다,판단불가,해당없음,,rule
P05045,대통령령으로 정하는 일정 배수를,위임,대통령령,,rule
P05046,사항은 대통령령으로,위임,대통령령,,rule
P05047,사항은 대통령령으로,위임,대통령령,,rule
P05048,사항은 대통령령으로,위임,대통령령,,rule
P05049,사항은 대통령령으로,위임,대통령령,,rule
P05050,사항은 대통령령으로,위임,대통령령,,rule
P05051,사항은 대통령령으로,위임,대통령령,,rule
P05052,사항은 대통령령으로,위임,대통령령,,rule
P05053,사항은 대통령령으로,위임,대통령령,,rule
P05054,대통령령으로 정하는,위임,대통령령,,rule
P05055,필요한 사항은 대통령령으로,위임,대통령령,,rule
P05056,교육부령으로 정하는 취업,위임,부령,,rule
P05057,내용은 대통령령으로,위임,대통령령,,rule
P05058,대통령령으로 정하는,위임,대통령령,,rule
P05059,구체적인 사항은 대통령령으로,위임,대통령령,,rule
P05060,대통령령으로 정하는 바에,위임,대통령령,,rule
P05061,원천공제의무자는 대통령령으로,위임,대통령령,,rule
P05062,대통령령으로 정하는 귀책사유가,위임,대통령령,,rule
P05063,대통령령으로 정하는 사유로,위임,대통령령,,rule
P05064,사항은 대통령령으로,위임,대통령령,,rule
P05065,교육부장관이 정하는 바에 따라 상환금명세서를 함께 제출하여야 한다.,위임,미특정,,rule
P05066,대통령령으로 정하는 금액,위임,대통령령,,rule
P05067,구체적인 사항은 대통령령으로,위임,대통령령,,rule
P05068,사항은 대통령령으로,위임,대통령령,,rule
P05069,대통령령으로 정하는,위임,대통령령,,rule
P05070,대통령령으로 정하는,위임,대통령령,,rule
P05071,대통령령으로 정하는,위임,대통령령,,rule
P05072,대통령령으로 정하는,위임,대통령령,,rule
P05073,대통령령으로 정하는,위임,대통령령,,rule
P05074,대통령령으로 정하는,위임,대통령령,,rule
P05075,필요한 사항은 대통령령으로,위임,대통령령,,rule
P05076,대통령령으로 정하는,위임,대통령령,,rule
P05077,대통령령으로 정하는,위임,대통령령,,rule
P05078,자는 대통령령으로,위임,대통령령,,rule
P05079,대통령령으로 정하는,위임,대통령령,,rule
P05080,관하여는 대통령령으로,위임,대통령령,,rule
P05081,대통령령으로 정하는,위임,대통령령,,rule
P05082,대통령령으로 정하는 규모 이상의 법인,위임,대통령령,,rule
P05083,대통령령으로 정하는 기관,위임,대통령령,,rule
P05084,대통령령으로 정한다,위임,대통령령,,rule
P05085,대통령령으로 정한다,위임,대통령령,,rule
P05086,대통령령으로 정한다,위임,대통령령,,rule
P05087,예외 처리에 관한 사항은 교육부장관이 정하는 바에 따른다.,위임,미특정,,rule
P05088,과태료는 대통령령으로,위임,대통령령,,rule
P05089,교육부장관이 정하여 고시하는 정보통신망,위임,미특정,,rule
P05090,교육부장관이 정하여 고시하는 정보통신망,위임,미특정,,rule
P05091,다음 각 호의 어느 하나에 해당하는 사유가 있는 경우에는 교육부장관이 정하는 별도의 기간에 신고를 할 수 있다.,위임,미특정,,rule
P05092,4. 그 밖에 제1호부터 제3호까지에 준하는 것으로서 교육부장관이 정하는 사유,위임,미특정,,rule
P05093,"신고의 절차, 방법 등에 관하여 필요한 사항은 교육부장관이 정한다.",판단불가,해당없음,,rule
P05094,"신고의 절차, 방법 등에 관하여 필요한 사항은 교육부장관이 정한다.",판단불가,해당없음,,rule
P05095,교육부령으로 정하는 신청서에,위임,부령,,rule
P05096,이 경우 상환 면제의 기준에 관한 세부 사항은 교육부장관이 정하여 고시한다.,위임,미특정,,rule
P05097,교육부장관이 학자금대출 이자의 면제가 필요하다고 인정하여 고시하는 가구소득분위를 말한다,판단불가,해당없음,,rule
P05098,교육부장관이 학자금대출 이자의 면제가 필요하다고 인정하여 고시하는 가구소득분위를 말한다,판단불가,해당없음,,rule
P05099,교육부령으로 정하는 신청서,위임,부령,,rule
P05100,교육부령으로 정하는 서류,위임,부령,,rule
P05101,사항은 교육부령으로,위임,부령,,rule
P05102,교육부령으로 정하는,위임,부령,,rule
P05103,교육부령으로 정하는,위임,부령,,rule
P05104,교육부령으로 정하는,위임,부령,,rule
P05105,교육부령으로 정하는,위임,부령,,rule
P05106,교육부령으로 정하는 금액,위임,부령,,rule
P05107,교육부령으로 정하는 부채,위임,부령,,rule
P05108,부동산 및 전세가격상승률 등을 고려하여 교육부장관이 정하여 고시한다.,위임,미특정,,rule
P05109,교육부령으로 정한다,위임,부령,,rule
P05110,기간을 정하여 교육부령으로,위임,부령,,rule
P05111,교육부령으로 정하는,위임,부령,,rule
P05112,교육부령으로 정하는,위임,부령,,rule
P05113,3. 그 밖에 의무상환액의 납부에 필요한 사항으로서 교육부장관이 정하는 사항,위임,미특정,,rule
P05114,사항은 교육부령으로,위임,부령,,rule
P05115,사항은 교육부령으로,위임,부령,,rule
P05116,사항은 교육부령으로,위임,부령,,rule
P05117,사항은 교육부령으로,위임,부령,,rule
P05118,사항은 교육부령으로,위임,부령,,rule
P05119,사항은 교육부령으로,위임,부령,,rule
P05120,사항은 교육부령으로,위임,부령,,rule
P05121,사항은 교육부령으로,위임,부령,,rule
P05122,사항은 교육부령으로,위임,부령,,rule
P05123,사항은 교육부령으로,위임,부령,,rule
P05124,교육부령으로 정하는,위임,부령,,rule
P05125,교육부령으로 정하는,위임,부령,,rule
P05126,교육부령으로 정하는,위임,부령,,rule
P05127,교육부령으로 정하는,위임,부령,,rule
P05128,교육부령으로 정하는,위임,부령,,rule
P05129,5. 그 밖에 대출원리금의 원천공제를 위하여 교육부장관이 정하는 사항,위임,미특정,,rule
P05130,원천공제한 의무상환액은 교육부령으로 정하는 납부서를 첨부하여 교육부장관이 정하는 수납기관에 납부하여야 한다.,위임,부령,,rule
P05131,해당 원천공제기간 종료일까지 교육부령으로 정하는 납부서를 첨부하여 교육부장관이 정하는 수납기관에 납부하여야 한다.,위임,부령,,rule
P05132,교육부령으로 정하는,위임,부령,,rule
P05133,납부를 하려는 채무자는 교육부령으로 정하는 납부서를 첨부하여 교육부장관이 정하는 수납기관에 납부하여야 한다.,위임,부령,,rule
P05134,교육부령으로 정하는,위임,부령,,rule
P05135,교육부령으로 정하는,위임,부령,,rule
P05136,3. 그 밖에 의무상환액의 납부에 필요한 사항으로서 교육부장관이 정하는 사항,위임,미특정,,rule
P05137,교육부령으로 정하는,위임,부령,,rule
P05138,교육부령으로 정하는,위임,부령,,rule
P05139,3. 그 밖에 의무상환액의 납부에 필요한 사항으로서 교육부장관이 정하는 사항,위임,미특정,,rule
P05140,교육부령으로 정하는,위임,부령,,rule
P05141,이 경우 교육부장관이 정하여 고시하는 면제신청서에,위임,미특정,,rule
P05142,교육부장관이 정하여 고시하는 기준 및 순서에,위임,미특정,,rule
P05143,대통령령으로 정하는 언어를,위임,대통령령,,rule
P05144,사항은 대통령령으로,위임,대통령령,,rule
P05145,필요한 사항은 대통령령으로,위임,대통령령,,rule
P05146,사항은 대통령령으로,위임,대통령령,,rule
P05147,대통령령으로 정한다,위임,대통령령,,rule
P05148,대통령령으로 정하는,위임,대통령령,,rule
P05149,권한의 일부를 대통령령으로,위임,대통령령,,rule
P05150,"①학교가 학생의 교육을 위하여 설치하여야 하는 시설의 종류 및 그 기준은 별표 1과 같다. 다만, 지역의 여건 및 학생의 장애 유형 등을 고려하여 시설의 종류별 면적기준을 3분의 1의 범위에서 시·도 조례로 정하는 바에 따라 완화하거나 강화하여 적용할 수 있다.",위임,조례,,rule
P05151,대통령령으로 정하는,위임,대통령령,,rule
P05152,사항은 대통령령으로,위임,대통령령,,rule
P05153,사항은 대통령령으로,위임,대통령령,,rule
P05154,사항은 대통령령으로,위임,대통령령,,rule
P05155,대통령령으로 정하는,위임,대통령령,,rule
P05156,대통령령으로 정한다,위임,대통령령,,rule
P05157,⑤ 시·도협의회의 구성·운영에 필요한 사항은 해당 지방자치단체의 조례로 정한다.,위임,조례,,rule
P05158,⑤ 시·도협의회의 구성·운영에 필요한 사항은 해당 지방자치단체의 조례로 정한다.,위임,조례,,rule
P05159,⑤ 시·도협의회의 구성·운영에 필요한 사항은 해당 지방자치단체의 조례로 정한다.,위임,조례,,rule
P05160,⑤ 시·도협의회의 구성·운영에 필요한 사항은 해당 지방자치단체의 조례로 정한다.,위임,조례,,rule
P05161,⑤ 시·도협의회의 구성·운영에 필요한 사항은 해당 지방자치단체의 조례로 정한다.,위임,조례,,rule
P05162,⑤ 시·도협의회의 구성·운영에 필요한 사항은 해당 지방자치단체의 조례로 정한다.,위임,조례,,rule
P05163,⑤ 시·도협의회의 구성·운영에 필요한 사항은 해당 지방자치단체의 조례로 정한다.,위임,조례,,rule
P05164,⑤ 시·도협의회의 구성·운영에 필요한 사항은 해당 지방자치단체의 조례로 정한다.,위임,조례,,rule
P05165,⑤ 시·도협의회의 구성·운영에 필요한 사항은 해당 지방자치단체의 조례로 정한다.,위임,조례,,rule
P05166,⑤ 시·도협의회의 구성·운영에 필요한 사항은 해당 지방자치단체의 조례로 정한다.,위임,조례,,rule
P05167,⑤ 시·도협의회의 구성·운영에 필요한 사항은 해당 지방자치단체의 조례로 정한다.,위임,조례,,rule
P05168,⑤ 시·도협의회의 구성·운영에 필요한 사항은 해당 지방자치단체의 조례로 정한다.,위임,조례,,rule
P05169,⑤ 시·도협의회의 구성·운영에 필요한 사항은 해당 지방자치단체의 조례로 정한다.,위임,조례,,rule
P05170,⑤ 시·도협의회의 구성·운영에 필요한 사항은 해당 지방자치단체의 조례로 정한다.,위임,조례,,rule
P05171,⑤ 시·도협의회의 구성·운영에 필요한 사항은 해당 지방자치단체의 조례로 정한다.,위임,조례,,rule
P05172,⑤ 시·도협의회의 구성·운영에 필요한 사항은 해당 지방자치단체의 조례로 정한다.,위임,조례,,rule
P05173,⑤ 시·도협의회의 구성·운영에 필요한 사항은 해당 지방자치단체의 조례로 정한다.,위임,조례,,rule
P05174,④ 시·군·구협의회의 구성·운영 등에 필요한 사항은 지방자치단체의 조례로 정한다.,위임,조례,,rule
P05175,④ 시·군·구협의회의 구성·운영 등에 필요한 사항은 지방자치단체의 조례로 정한다.,위임,조례,,rule
P05176,④ 시·군·구협의회의 구성·운영 등에 필요한 사항은 지방자치단체의 조례로 정한다.,위임,조례,,rule
P05177,④ 시·군·구협의회의 구성·운영 등에 필요한 사항은 지방자치단체의 조례로 정한다.,위임,조례,,rule
P05178,④ 시·군·구협의회의 구성·운영 등에 필요한 사항은 지방자치단체의 조례로 정한다.,위임,조례,,rule
P05179,④ 시·군·구협의회의 구성·운영 등에 필요한 사항은 지방자치단체의 조례로 정한다.,위임,조례,,rule
P05180,④ 시·군·구협의회의 구성·운영 등에 필요한 사항은 지방자치단체의 조례로 정한다.,위임,조례,,rule
P05181,④ 시·군·구협의회의 구성·운영 등에 필요한 사항은 지방자치단체의 조례로 정한다.,위임,조례,,rule
P05182,④ 시·군·구협의회의 구성·운영 등에 필요한 사항은 지방자치단체의 조례로 정한다.,위임,조례,,rule
P05183,④ 시·군·구협의회의 구성·운영 등에 필요한 사항은 지방자치단체의 조례로 정한다.,위임,조례,,rule
P05184,④ 시·군·구협의회의 구성·운영 등에 필요한 사항은 지방자치단체의 조례로 정한다.,위임,조례,,rule
P05185,④ 시·군·구협의회의 구성·운영 등에 필요한 사항은 지방자치단체의 조례로 정한다.,위임,조례,,rule
P05186,④ 시·군·구협의회의 구성·운영 등에 필요한 사항은 지방자치단체의 조례로 정한다.,위임,조례,,rule
P05187,④ 시·군·구협의회의 구성·운영 등에 필요한 사항은 지방자치단체의 조례로 정한다.,위임,조례,,rule
P05188,④ 시·군·구협의회의 구성·운영 등에 필요한 사항은 지방자치단체의 조례로 정한다.,위임,조례,,rule
P05189,④ 시·군·구협의회의 구성·운영 등에 필요한 사항은 지방자치단체의 조례로 정한다.,위임,조례,,rule
P05190,④ 시·군·구협의회의 구성·운영 등에 필요한 사항은 지방자치단체의 조례로 정한다.,위임,조례,,rule
P05191,④ 시·군·구협의회의 구성·운영 등에 필요한 사항은 지방자치단체의 조례로 정한다.,위임,조례,,rule
P05192,④ 시·군·구협의회의 구성·운영 등에 필요한 사항은 지방자치단체의 조례로 정한다.,위임,조례,,rule
P05193,④ 시·군·구협의회의 구성·운영 등에 필요한 사항은 지방자치단체의 조례로 정한다.,위임,조례,,rule
P05194,④ 시·군·구협의회의 구성·운영 등에 필요한 사항은 지방자치단체의 조례로 정한다.,위임,조례,,rule
P05195,④ 시·군·구협의회의 구성·운영 등에 필요한 사항은 지방자치단체의 조례로 정한다.,위임,조례,,rule
P05196,④ 시·군·구협의회의 구성·운영 등에 필요한 사항은 지방자치단체의 조례로 정한다.,위임,조례,,rule
P05197,④ 시·군·구협의회의 구성·운영 등에 필요한 사항은 지방자치단체의 조례로 정한다.,위임,조례,,rule
P05198,④ 시·군·구협의회의 구성·운영 등에 필요한 사항은 지방자치단체의 조례로 정한다.,위임,조례,,rule
P05199,④ 시·군·구협의회의 구성·운영 등에 필요한 사항은 지방자치단체의 조례로 정한다.,위임,조례,,rule
P05200,④ 시·군·구협의회의 구성·운영 등에 필요한 사항은 지방자치단체의 조례로 정한다.,위임,조례,,rule
P05201,④ 시·군·구협의회의 구성·운영 등에 필요한 사항은 지방자치단체의 조례로 정한다.,위임,조례,,rule
P05202,④ 시·군·구협의회의 구성·운영 등에 필요한 사항은 지방자치단체의 조례로 정한다.,위임,조례,,rule
P05203,④ 시·군·구협의회의 구성·운영 등에 필요한 사항은 지방자치단체의 조례로 정한다.,위임,조례,,rule
P05204,④ 시·군·구협의회의 구성·운영 등에 필요한 사항은 지방자치단체의 조례로 정한다.,위임,조례,,rule
P05205,④ 시·군·구협의회의 구성·운영 등에 필요한 사항은 지방자치단체의 조례로 정한다.,위임,조례,,rule
P05206,④ 시·군·구협의회의 구성·운영 등에 필요한 사항은 지방자치단체의 조례로 정한다.,위임,조례,,rule
P05207,④ 시·군·구협의회의 구성·운영 등에 필요한 사항은 지방자치단체의 조례로 정한다.,위임,조례,,rule
P05208,④ 시·군·구협의회의 구성·운영 등에 필요한 사항은 지방자치단체의 조례로 정한다.,위임,조례,,rule
P05209,④ 시·군·구협의회의 구성·운영 등에 필요한 사항은 지방자치단체의 조례로 정한다.,위임,조례,,rule
P05210,④ 시·군·구협의회의 구성·운영 등에 필요한 사항은 지방자치단체의 조례로 정한다.,위임,조례,,rule
P05211,④ 시·군·구협의회의 구성·운영 등에 필요한 사항은 지방자치단체의 조례로 정한다.,위임,조례,,rule
P05212,④ 시·군·구협의회의 구성·운영 등에 필요한 사항은 지방자치단체의 조례로 정한다.,위임,조례,,rule
P05213,④ 시·군·구협의회의 구성·운영 등에 필요한 사항은 지방자치단체의 조례로 정한다.,위임,조례,,rule
P05214,④ 시·군·구협의회의 구성·운영 등에 필요한 사항은 지방자치단체의 조례로 정한다.,위임,조례,,rule
P05215,④ 시·군·구협의회의 구성·운영 등에 필요한 사항은 지방자치단체의 조례로 정한다.,위임,조례,,rule
P05216,④ 시·군·구협의회의 구성·운영 등에 필요한 사항은 지방자치단체의 조례로 정한다.,위임,조례,,rule
P05217,④ 시·군·구협의회의 구성·운영 등에 필요한 사항은 지방자치단체의 조례로 정한다.,위임,조례,,rule
P05218,④ 시·군·구협의회의 구성·운영 등에 필요한 사항은 지방자치단체의 조례로 정한다.,위임,조례,,rule
P05219,④ 시·군·구협의회의 구성·운영 등에 필요한 사항은 지방자치단체의 조례로 정한다.,위임,조례,,rule
P05220,④ 시·군·구협의회의 구성·운영 등에 필요한 사항은 지방자치단체의 조례로 정한다.,위임,조례,,rule
P05221,④ 시·군·구협의회의 구성·운영 등에 필요한 사항은 지방자치단체의 조례로 정한다.,위임,조례,,rule
P05222,④ 시·군·구협의회의 구성·운영 등에 필요한 사항은 지방자치단체의 조례로 정한다.,위임,조례,,rule
P05223,④ 시·군·구협의회의 구성·운영 등에 필요한 사항은 지방자치단체의 조례로 정한다.,위임,조례,,rule
P05224,④ 시·군·구협의회의 구성·운영 등에 필요한 사항은 지방자치단체의 조례로 정한다.,위임,조례,,rule
P05225,④ 시·군·구협의회의 구성·운영 등에 필요한 사항은 지방자치단체의 조례로 정한다.,위임,조례,,rule
P05226,④ 시·군·구협의회의 구성·운영 등에 필요한 사항은 지방자치단체의 조례로 정한다.,위임,조례,,rule
P05227,④ 시·군·구협의회의 구성·운영 등에 필요한 사항은 지방자치단체의 조례로 정한다.,위임,조례,,rule
P05228,④ 시·군·구협의회의 구성·운영 등에 필요한 사항은 지방자치단체의 조례로 정한다.,위임,조례,,rule
P05229,④ 시·군·구협의회의 구성·운영 등에 필요한 사항은 지방자치단체의 조례로 정한다.,위임,조례,,rule
P05230,④ 시·군·구협의회의 구성·운영 등에 필요한 사항은 지방자치단체의 조례로 정한다.,위임,조례,,rule
P05231,④ 시·군·구협의회의 구성·운영 등에 필요한 사항은 지방자치단체의 조례로 정한다.,위임,조례,,rule
P05232,④ 시·군·구협의회의 구성·운영 등에 필요한 사항은 지방자치단체의 조례로 정한다.,위임,조례,,rule
P05233,④ 시·군·구협의회의 구성·운영 등에 필요한 사항은 지방자치단체의 조례로 정한다.,위임,조례,,rule
P05234,④ 시·군·구협의회의 구성·운영 등에 필요한 사항은 지방자치단체의 조례로 정한다.,위임,조례,,rule
P05235,④ 시·군·구협의회의 구성·운영 등에 필요한 사항은 지방자치단체의 조례로 정한다.,위임,조례,,rule
P05236,④ 시·군·구협의회의 구성·운영 등에 필요한 사항은 지방자치단체의 조례로 정한다.,위임,조례,,rule
P05237,④ 시·군·구협의회의 구성·운영 등에 필요한 사항은 지방자치단체의 조례로 정한다.,위임,조례,,rule
P05238,④ 시·군·구협의회의 구성·운영 등에 필요한 사항은 지방자치단체의 조례로 정한다.,위임,조례,,rule
P05239,④ 시·군·구협의회의 구성·운영 등에 필요한 사항은 지방자치단체의 조례로 정한다.,위임,조례,,rule
P05240,④ 시·군·구협의회의 구성·운영 등에 필요한 사항은 지방자치단체의 조례로 정한다.,위임,조례,,rule
P05241,④ 시·군·구협의회의 구성·운영 등에 필요한 사항은 지방자치단체의 조례로 정한다.,위임,조례,,rule
P05242,④ 시·군·구협의회의 구성·운영 등에 필요한 사항은 지방자치단체의 조례로 정한다.,위임,조례,,rule
P05243,④ 시·군·구협의회의 구성·운영 등에 필요한 사항은 지방자치단체의 조례로 정한다.,위임,조례,,rule
P05244,④ 시·군·구협의회의 구성·운영 등에 필요한 사항은 지방자치단체의 조례로 정한다.,위임,조례,,rule
P05245,④ 시·군·구협의회의 구성·운영 등에 필요한 사항은 지방자치단체의 조례로 정한다.,위임,조례,,rule
P05246,④ 시·군·구협의회의 구성·운영 등에 필요한 사항은 지방자치단체의 조례로 정한다.,위임,조례,,rule
P05247,④ 시·군·구협의회의 구성·운영 등에 필요한 사항은 지방자치단체의 조례로 정한다.,위임,조례,,rule
P05248,④ 시·군·구협의회의 구성·운영 등에 필요한 사항은 지방자치단체의 조례로 정한다.,위임,조례,,rule
P05249,④ 시·군·구협의회의 구성·운영 등에 필요한 사항은 지방자치단체의 조례로 정한다.,위임,조례,,rule
P05250,④ 시·군·구협의회의 구성·운영 등에 필요한 사항은 지방자치단체의 조례로 정한다.,위임,조례,,rule
P05251,④ 시·군·구협의회의 구성·운영 등에 필요한 사항은 지방자치단체의 조례로 정한다.,위임,조례,,rule
P05252,④ 시·군·구협의회의 구성·운영 등에 필요한 사항은 지방자치단체의 조례로 정한다.,위임,조례,,rule
P05253,④ 시·군·구협의회의 구성·운영 등에 필요한 사항은 지방자치단체의 조례로 정한다.,위임,조례,,rule
P05254,④ 시·군·구협의회의 구성·운영 등에 필요한 사항은 지방자치단체의 조례로 정한다.,위임,조례,,rule
P05255,④ 시·군·구협의회의 구성·운영 등에 필요한 사항은 지방자치단체의 조례로 정한다.,위임,조례,,rule
P05256,④ 시·군·구협의회의 구성·운영 등에 필요한 사항은 지방자치단체의 조례로 정한다.,위임,조례,,rule
P05257,④ 시·군·구협의회의 구성·운영 등에 필요한 사항은 지방자치단체의 조례로 정한다.,위임,조례,,rule
P05258,④ 시·군·구협의회의 구성·운영 등에 필요한 사항은 지방자치단체의 조례로 정한다.,위임,조례,,rule
P05259,④ 시·군·구협의회의 구성·운영 등에 필요한 사항은 지방자치단체의 조례로 정한다.,위임,조례,,rule
P05260,④ 시·군·구협의회의 구성·운영 등에 필요한 사항은 지방자치단체의 조례로 정한다.,위임,조례,,rule
P05261,④ 시·군·구협의회의 구성·운영 등에 필요한 사항은 지방자치단체의 조례로 정한다.,위임,조례,,rule
P05262,④ 시·군·구협의회의 구성·운영 등에 필요한 사항은 지방자치단체의 조례로 정한다.,위임,조례,,rule
P05263,④ 시·군·구협의회의 구성·운영 등에 필요한 사항은 지방자치단체의 조례로 정한다.,위임,조례,,rule
P05264,④ 시·군·구협의회의 구성·운영 등에 필요한 사항은 지방자치단체의 조례로 정한다.,위임,조례,,rule
P05265,④ 시·군·구협의회의 구성·운영 등에 필요한 사항은 지방자치단체의 조례로 정한다.,위임,조례,,rule
P05266,④ 시·군·구협의회의 구성·운영 등에 필요한 사항은 지방자치단체의 조례로 정한다.,위임,조례,,rule
P05267,④ 시·군·구협의회의 구성·운영 등에 필요한 사항은 지방자치단체의 조례로 정한다.,위임,조례,,rule
P05268,④ 시·군·구협의회의 구성·운영 등에 필요한 사항은 지방자치단체의 조례로 정한다.,위임,조례,,rule
P05269,④ 시·군·구협의회의 구성·운영 등에 필요한 사항은 지방자치단체의 조례로 정한다.,위임,조례,,rule
P05270,④ 시·군·구협의회의 구성·운영 등에 필요한 사항은 지방자치단체의 조례로 정한다.,위임,조례,,rule
P05271,④ 시·군·구협의회의 구성·운영 등에 필요한 사항은 지방자치단체의 조례로 정한다.,위임,조례,,rule
P05272,④ 시·군·구협의회의 구성·운영 등에 필요한 사항은 지방자치단체의 조례로 정한다.,위임,조례,,rule
P05273,④ 시·군·구협의회의 구성·운영 등에 필요한 사항은 지방자치단체의 조례로 정한다.,위임,조례,,rule
P05274,④ 시·군·구협의회의 구성·운영 등에 필요한 사항은 지방자치단체의 조례로 정한다.,위임,조례,,rule
P05275,④ 시·군·구협의회의 구성·운영 등에 필요한 사항은 지방자치단체의 조례로 정한다.,위임,조례,,rule
P05276,④ 시·군·구협의회의 구성·운영 등에 필요한 사항은 지방자치단체의 조례로 정한다.,위임,조례,,rule
P05277,④ 시·군·구협의회의 구성·운영 등에 필요한 사항은 지방자치단체의 조례로 정한다.,위임,조례,,rule
P05278,④ 시·군·구협의회의 구성·운영 등에 필요한 사항은 지방자치단체의 조례로 정한다.,위임,조례,,rule
P05279,④ 시·군·구협의회의 구성·운영 등에 필요한 사항은 지방자치단체의 조례로 정한다.,위임,조례,,rule
P05280,④ 시·군·구협의회의 구성·운영 등에 필요한 사항은 지방자치단체의 조례로 정한다.,위임,조례,,rule
P05281,④ 시·군·구협의회의 구성·운영 등에 필요한 사항은 지방자치단체의 조례로 정한다.,위임,조례,,rule
P05282,④ 시·군·구협의회의 구성·운영 등에 필요한 사항은 지방자치단체의 조례로 정한다.,위임,조례,,rule
P05283,④ 시·군·구협의회의 구성·운영 등에 필요한 사항은 지방자치단체의 조례로 정한다.,위임,조례,,rule
P05284,④ 시·군·구협의회의 구성·운영 등에 필요한 사항은 지방자치단체의 조례로 정한다.,위임,조례,,rule
P05285,④ 시·군·구협의회의 구성·운영 등에 필요한 사항은 지방자치단체의 조례로 정한다.,위임,조례,,rule
P05286,④ 시·군·구협의회의 구성·운영 등에 필요한 사항은 지방자치단체의 조례로 정한다.,위임,조례,,rule
P05287,④ 시·군·구협의회의 구성·운영 등에 필요한 사항은 지방자치단체의 조례로 정한다.,위임,조례,,rule
P05288,④ 시·군·구협의회의 구성·운영 등에 필요한 사항은 지방자치단체의 조례로 정한다.,위임,조례,,rule
P05289,④ 시·군·구협의회의 구성·운영 등에 필요한 사항은 지방자치단체의 조례로 정한다.,위임,조례,,rule
P05290,④ 시·군·구협의회의 구성·운영 등에 필요한 사항은 지방자치단체의 조례로 정한다.,위임,조례,,rule
P05291,④ 시·군·구협의회의 구성·운영 등에 필요한 사항은 지방자치단체의 조례로 정한다.,위임,조례,,rule
P05292,④ 시·군·구협의회의 구성·운영 등에 필요한 사항은 지방자치단체의 조례로 정한다.,위임,조례,,rule
P05293,④ 시·군·구협의회의 구성·운영 등에 필요한 사항은 지방자치단체의 조례로 정한다.,위임,조례,,rule
P05294,④ 시·군·구협의회의 구성·운영 등에 필요한 사항은 지방자치단체의 조례로 정한다.,위임,조례,,rule
P05295,④ 시·군·구협의회의 구성·운영 등에 필요한 사항은 지방자치단체의 조례로 정한다.,위임,조례,,rule
P05296,④ 시·군·구협의회의 구성·운영 등에 필요한 사항은 지방자치단체의 조례로 정한다.,위임,조례,,rule
P05297,④ 시·군·구협의회의 구성·운영 등에 필요한 사항은 지방자치단체의 조례로 정한다.,위임,조례,,rule
P05298,④ 시·군·구협의회의 구성·운영 등에 필요한 사항은 지방자치단체의 조례로 정한다.,위임,조례,,rule
P05299,④ 시·군·구협의회의 구성·운영 등에 필요한 사항은 지방자치단체의 조례로 정한다.,위임,조례,,rule
P05300,④ 시·군·구협의회의 구성·운영 등에 필요한 사항은 지방자치단체의 조례로 정한다.,위임,조례,,rule
P05301,④ 시·군·구협의회의 구성·운영 등에 필요한 사항은 지방자치단체의 조례로 정한다.,위임,조례,,rule
P05302,④ 시·군·구협의회의 구성·운영 등에 필요한 사항은 지방자치단체의 조례로 정한다.,위임,조례,,rule
P05303,④ 시·군·구협의회의 구성·운영 등에 필요한 사항은 지방자치단체의 조례로 정한다.,위임,조례,,rule
P05304,④ 시·군·구협의회의 구성·운영 등에 필요한 사항은 지방자치단체의 조례로 정한다.,위임,조례,,rule
P05305,④ 시·군·구협의회의 구성·운영 등에 필요한 사항은 지방자치단체의 조례로 정한다.,위임,조례,,rule
P05306,④ 시·군·구협의회의 구성·운영 등에 필요한 사항은 지방자치단체의 조례로 정한다.,위임,조례,,rule
P05307,④ 시·군·구협의회의 구성·운영 등에 필요한 사항은 지방자치단체의 조례로 정한다.,위임,조례,,rule
P05308,④ 시·군·구협의회의 구성·운영 등에 필요한 사항은 지방자치단체의 조례로 정한다.,위임,조례,,rule
P05309,④ 시·군·구협의회의 구성·운영 등에 필요한 사항은 지방자치단체의 조례로 정한다.,위임,조례,,rule
P05310,④ 시·군·구협의회의 구성·운영 등에 필요한 사항은 지방자치단체의 조례로 정한다.,위임,조례,,rule
P05311,④ 시·군·구협의회의 구성·운영 등에 필요한 사항은 지방자치단체의 조례로 정한다.,위임,조례,,rule
P05312,④ 시·군·구협의회의 구성·운영 등에 필요한 사항은 지방자치단체의 조례로 정한다.,위임,조례,,rule
P05313,④ 시·군·구협의회의 구성·운영 등에 필요한 사항은 지방자치단체의 조례로 정한다.,위임,조례,,rule
P05314,④ 시·군·구협의회의 구성·운영 등에 필요한 사항은 지방자치단체의 조례로 정한다.,위임,조례,,rule
P05315,④ 시·군·구협의회의 구성·운영 등에 필요한 사항은 지방자치단체의 조례로 정한다.,위임,조례,,rule
P05316,④ 시·군·구협의회의 구성·운영 등에 필요한 사항은 지방자치단체의 조례로 정한다.,위임,조례,,rule
P05317,④ 시·군·구협의회의 구성·운영 등에 필요한 사항은 지방자치단체의 조례로 정한다.,위임,조례,,rule
P05318,④ 시·군·구협의회의 구성·운영 등에 필요한 사항은 지방자치단체의 조례로 정한다.,위임,조례,,rule
P05319,④ 시·군·구협의회의 구성·운영 등에 필요한 사항은 지방자치단체의 조례로 정한다.,위임,조례,,rule
P05320,④ 시·군·구협의회의 구성·운영 등에 필요한 사항은 지방자치단체의 조례로 정한다.,위임,조례,,rule
P05321,④ 시·군·구협의회의 구성·운영 등에 필요한 사항은 지방자치단체의 조례로 정한다.,위임,조례,,rule
P05322,④ 시·군·구협의회의 구성·운영 등에 필요한 사항은 지방자치단체의 조례로 정한다.,위임,조례,,rule
P05323,④ 시·군·구협의회의 구성·운영 등에 필요한 사항은 지방자치단체의 조례로 정한다.,위임,조례,,rule
P05324,④ 시·군·구협의회의 구성·운영 등에 필요한 사항은 지방자치단체의 조례로 정한다.,위임,조례,,rule
P05325,④ 시·군·구협의회의 구성·운영 등에 필요한 사항은 지방자치단체의 조례로 정한다.,위임,조례,,rule
P05326,④ 시·군·구협의회의 구성·운영 등에 필요한 사항은 지방자치단체의 조례로 정한다.,위임,조례,,rule
P05327,④ 시·군·구협의회의 구성·운영 등에 필요한 사항은 지방자치단체의 조례로 정한다.,위임,조례,,rule
P05328,④ 시·군·구협의회의 구성·운영 등에 필요한 사항은 지방자치단체의 조례로 정한다.,위임,조례,,rule
P05329,④ 시·군·구협의회의 구성·운영 등에 필요한 사항은 지방자치단체의 조례로 정한다.,위임,조례,,rule
P05330,④ 시·군·구협의회의 구성·운영 등에 필요한 사항은 지방자치단체의 조례로 정한다.,위임,조례,,rule
P05331,④ 시·군·구협의회의 구성·운영 등에 필요한 사항은 지방자치단체의 조례로 정한다.,위임,조례,,rule
P05332,④ 시·군·구협의회의 구성·운영 등에 필요한 사항은 지방자치단체의 조례로 정한다.,위임,조례,,rule
P05333,④ 시·군·구협의회의 구성·운영 등에 필요한 사항은 지방자치단체의 조례로 정한다.,위임,조례,,rule
P05334,④ 시·군·구협의회의 구성·운영 등에 필요한 사항은 지방자치단체의 조례로 정한다.,위임,조례,,rule
P05335,④ 시·군·구협의회의 구성·운영 등에 필요한 사항은 지방자치단체의 조례로 정한다.,위임,조례,,rule
P05336,④ 시·군·구협의회의 구성·운영 등에 필요한 사항은 지방자치단체의 조례로 정한다.,위임,조례,,rule
P05337,④ 시·군·구협의회의 구성·운영 등에 필요한 사항은 지방자치단체의 조례로 정한다.,위임,조례,,rule
P05338,④ 시·군·구협의회의 구성·운영 등에 필요한 사항은 지방자치단체의 조례로 정한다.,위임,조례,,rule
P05339,④ 시·군·구협의회의 구성·운영 등에 필요한 사항은 지방자치단체의 조례로 정한다.,위임,조례,,rule
P05340,④ 시·군·구협의회의 구성·운영 등에 필요한 사항은 지방자치단체의 조례로 정한다.,위임,조례,,rule
P05341,④ 시·군·구협의회의 구성·운영 등에 필요한 사항은 지방자치단체의 조례로 정한다.,위임,조례,,rule
P05342,④ 시·군·구협의회의 구성·운영 등에 필요한 사항은 지방자치단체의 조례로 정한다.,위임,조례,,rule
P05343,④ 시·군·구협의회의 구성·운영 등에 필요한 사항은 지방자치단체의 조례로 정한다.,위임,조례,,rule
P05344,④ 시·군·구협의회의 구성·운영 등에 필요한 사항은 지방자치단체의 조례로 정한다.,위임,조례,,rule
P05345,④ 시·군·구협의회의 구성·운영 등에 필요한 사항은 지방자치단체의 조례로 정한다.,위임,조례,,rule
P05346,④ 시·군·구협의회의 구성·운영 등에 필요한 사항은 지방자치단체의 조례로 정한다.,위임,조례,,rule
P05347,④ 시·군·구협의회의 구성·운영 등에 필요한 사항은 지방자치단체의 조례로 정한다.,위임,조례,,rule
P05348,④ 시·군·구협의회의 구성·운영 등에 필요한 사항은 지방자치단체의 조례로 정한다.,위임,조례,,rule
P05349,④ 시·군·구협의회의 구성·운영 등에 필요한 사항은 지방자치단체의 조례로 정한다.,위임,조례,,rule
P05350,④ 시·군·구협의회의 구성·운영 등에 필요한 사항은 지방자치단체의 조례로 정한다.,위임,조례,,rule
P05351,④ 시·군·구협의회의 구성·운영 등에 필요한 사항은 지방자치단체의 조례로 정한다.,위임,조례,,rule
P05352,④ 시·군·구협의회의 구성·운영 등에 필요한 사항은 지방자치단체의 조례로 정한다.,위임,조례,,rule
P05353,④ 시·군·구협의회의 구성·운영 등에 필요한 사항은 지방자치단체의 조례로 정한다.,위임,조례,,rule
P05354,④ 시·군·구협의회의 구성·운영 등에 필요한 사항은 지방자치단체의 조례로 정한다.,위임,조례,,rule
P05355,④ 시·군·구협의회의 구성·운영 등에 필요한 사항은 지방자치단체의 조례로 정한다.,위임,조례,,rule
P05356,④ 시·군·구협의회의 구성·운영 등에 필요한 사항은 지방자치단체의 조례로 정한다.,위임,조례,,rule
P05357,④ 시·군·구협의회의 구성·운영 등에 필요한 사항은 지방자치단체의 조례로 정한다.,위임,조례,,rule
P05358,④ 시·군·구협의회의 구성·운영 등에 필요한 사항은 지방자치단체의 조례로 정한다.,위임,조례,,rule
P05359,④ 시·군·구협의회의 구성·운영 등에 필요한 사항은 지방자치단체의 조례로 정한다.,위임,조례,,rule
P05360,④ 시·군·구협의회의 구성·운영 등에 필요한 사항은 지방자치단체의 조례로 정한다.,위임,조례,,rule
P05361,④ 시·군·구협의회의 구성·운영 등에 필요한 사항은 지방자치단체의 조례로 정한다.,위임,조례,,rule
P05362,④ 시·군·구협의회의 구성·운영 등에 필요한 사항은 지방자치단체의 조례로 정한다.,위임,조례,,rule
P05363,④ 시·군·구협의회의 구성·운영 등에 필요한 사항은 지방자치단체의 조례로 정한다.,위임,조례,,rule
P05364,④ 시·군·구협의회의 구성·운영 등에 필요한 사항은 지방자치단체의 조례로 정한다.,위임,조례,,rule
P05365,④ 시·군·구협의회의 구성·운영 등에 필요한 사항은 지방자치단체의 조례로 정한다.,위임,조례,,rule
P05366,④ 시·군·구협의회의 구성·운영 등에 필요한 사항은 지방자치단체의 조례로 정한다.,위임,조례,,rule
P05367,④ 시·군·구협의회의 구성·운영 등에 필요한 사항은 지방자치단체의 조례로 정한다.,위임,조례,,rule
P05368,④ 시·군·구협의회의 구성·운영 등에 필요한 사항은 지방자치단체의 조례로 정한다.,위임,조례,,rule
P05369,④ 시·군·구협의회의 구성·운영 등에 필요한 사항은 지방자치단체의 조례로 정한다.,위임,조례,,rule
P05370,④ 시·군·구협의회의 구성·운영 등에 필요한 사항은 지방자치단체의 조례로 정한다.,위임,조례,,rule
P05371,④ 시·군·구협의회의 구성·운영 등에 필요한 사항은 지방자치단체의 조례로 정한다.,위임,조례,,rule
P05372,④ 시·군·구협의회의 구성·운영 등에 필요한 사항은 지방자치단체의 조례로 정한다.,위임,조례,,rule
P05373,④ 시·군·구협의회의 구성·운영 등에 필요한 사항은 지방자치단체의 조례로 정한다.,위임,조례,,rule
P05374,④ 시·군·구협의회의 구성·운영 등에 필요한 사항은 지방자치단체의 조례로 정한다.,위임,조례,,rule
P05375,④ 시·군·구협의회의 구성·운영 등에 필요한 사항은 지방자치단체의 조례로 정한다.,위임,조례,,rule
P05376,④ 시·군·구협의회의 구성·운영 등에 필요한 사항은 지방자치단체의 조례로 정한다.,위임,조례,,rule
P05377,④ 시·군·구협의회의 구성·운영 등에 필요한 사항은 지방자치단체의 조례로 정한다.,위임,조례,,rule
P05378,④ 시·군·구협의회의 구성·운영 등에 필요한 사항은 지방자치단체의 조례로 정한다.,위임,조례,,rule
P05379,④ 시·군·구협의회의 구성·운영 등에 필요한 사항은 지방자치단체의 조례로 정한다.,위임,조례,,rule
P05380,④ 시·군·구협의회의 구성·운영 등에 필요한 사항은 지방자치단체의 조례로 정한다.,위임,조례,,rule
P05381,④ 시·군·구협의회의 구성·운영 등에 필요한 사항은 지방자치단체의 조례로 정한다.,위임,조례,,rule
P05382,④ 시·군·구협의회의 구성·운영 등에 필요한 사항은 지방자치단체의 조례로 정한다.,위임,조례,,rule
P05383,④ 시·군·구협의회의 구성·운영 등에 필요한 사항은 지방자치단체의 조례로 정한다.,위임,조례,,rule
P05384,④ 시·군·구협의회의 구성·운영 등에 필요한 사항은 지방자치단체의 조례로 정한다.,위임,조례,,rule
P05385,④ 시·군·구협의회의 구성·운영 등에 필요한 사항은 지방자치단체의 조례로 정한다.,위임,조례,,rule
P05386,④ 시·군·구협의회의 구성·운영 등에 필요한 사항은 지방자치단체의 조례로 정한다.,위임,조례,,rule
P05387,④ 시·군·구협의회의 구성·운영 등에 필요한 사항은 지방자치단체의 조례로 정한다.,위임,조례,,rule
P05388,④ 시·군·구협의회의 구성·운영 등에 필요한 사항은 지방자치단체의 조례로 정한다.,위임,조례,,rule
P05389,④ 시·군·구협의회의 구성·운영 등에 필요한 사항은 지방자치단체의 조례로 정한다.,위임,조례,,rule
P05390,④ 시·군·구협의회의 구성·운영 등에 필요한 사항은 지방자치단체의 조례로 정한다.,위임,조례,,rule
P05391,④ 시·군·구협의회의 구성·운영 등에 필요한 사항은 지방자치단체의 조례로 정한다.,위임,조례,,rule
P05392,④ 시·군·구협의회의 구성·운영 등에 필요한 사항은 지방자치단체의 조례로 정한다.,위임,조례,,rule
P05393,④ 시·군·구협의회의 구성·운영 등에 필요한 사항은 지방자치단체의 조례로 정한다.,위임,조례,,rule
P05394,④ 시·군·구협의회의 구성·운영 등에 필요한 사항은 지방자치단체의 조례로 정한다.,위임,조례,,rule
P05395,④ 시·군·구협의회의 구성·운영 등에 필요한 사항은 지방자치단체의 조례로 정한다.,위임,조례,,rule
P05396,④ 시·군·구협의회의 구성·운영 등에 필요한 사항은 지방자치단체의 조례로 정한다.,위임,조례,,rule
P05397,④ 시·군·구협의회의 구성·운영 등에 필요한 사항은 지방자치단체의 조례로 정한다.,위임,조례,,rule
P05398,④ 시·군·구협의회의 구성·운영 등에 필요한 사항은 지방자치단체의 조례로 정한다.,위임,조례,,rule
P05399,④ 시·군·구협의회의 구성·운영 등에 필요한 사항은 지방자치단체의 조례로 정한다.,위임,조례,,rule
P05400,④ 시·군·구협의회의 구성·운영 등에 필요한 사항은 지방자치단체의 조례로 정한다.,위임,조례,,rule
P05401,④ 시·군·구협의회의 구성·운영 등에 필요한 사항은 지방자치단체의 조례로 정한다.,위임,조례,,rule
P05402,필요한 사항은 대통령령으로,위임,대통령령,,rule
P05403,구성·운영에 필요한 사항은 대통령령으로,위임,대통령령,,rule
P05404,협의체의 구성 및 운영에 필요한 사항은 대통령령으로,위임,대통령령,,rule
P05405,② 지방자치단체의 장은 해당 지방자치단체의 조례로 정하는 바에 따라 주민을 위한 평생교육진흥사업을 실시하거나 지원할 수 있다. 이 경우 교육감 또는 지역교육장과 협의하여야 한다.,위임,조례,,rule
P05406,② 지방자치단체의 장은 해당 지방자치단체의 조례로 정하는 바에 따라 주민을 위한 평생교육진흥사업을 실시하거나 지원할 수 있다. 이 경우 교육감 또는 지역교육장과 협의하여야 한다.,위임,조례,,rule
P05407,② 지방자치단체의 장은 해당 지방자치단체의 조례로 정하는 바에 따라 주민을 위한 평생교육진흥사업을 실시하거나 지원할 수 있다. 이 경우 교육감 또는 지역교육장과 협의하여야 한다.,위임,조례,,rule
P05408,② 지방자치단체의 장은 해당 지방자치단체의 조례로 정하는 바에 따라 주민을 위한 평생교육진흥사업을 실시하거나 지원할 수 있다. 이 경우 교육감 또는 지역교육장과 협의하여야 한다.,위임,조례,,rule
P05409,② 지방자치단체의 장은 해당 지방자치단체의 조례로 정하는 바에 따라 주민을 위한 평생교육진흥사업을 실시하거나 지원할 수 있다. 이 경우 교육감 또는 지역교육장과 협의하여야 한다.,위임,조례,,rule
P05410,② 지방자치단체의 장은 해당 지방자치단체의 조례로 정하는 바에 따라 주민을 위한 평생교육진흥사업을 실시하거나 지원할 수 있다. 이 경우 교육감 또는 지역교육장과 협의하여야 한다.,위임,조례,,rule
P05411,② 지방자치단체의 장은 해당 지방자치단체의 조례로 정하는 바에 따라 주민을 위한 평생교육진흥사업을 실시하거나 지원할 수 있다. 이 경우 교육감 또는 지역교육장과 협의하여야 한다.,위임,조례,,rule
P05412,② 지방자치단체의 장은 해당 지방자치단체의 조례로 정하는 바에 따라 주민을 위한 평생교육진흥사업을 실시하거나 지원할 수 있다. 이 경우 교육감 또는 지역교육장과 협의하여야 한다.,위임,조례,,rule
P05413,② 지방자치단체의 장은 해당 지방자치단체의 조례로 정하는 바에 따라 주민을 위한 평생교육진흥사업을 실시하거나 지원할 수 있다. 이 경우 교육감 또는 지역교육장과 협의하여야 한다.,위임,조례,,rule
P05414,② 지방자치단체의 장은 해당 지방자치단체의 조례로 정하는 바에 따라 주민을 위한 평생교육진흥사업을 실시하거나 지원할 수 있다. 이 경우 교육감 또는 지역교육장과 협의하여야 한다.,위임,조례,,rule
P05415,② 지방자치단체의 장은 해당 지방자치단체의 조례로 정하는 바에 따라 주민을 위한 평생교육진흥사업을 실시하거나 지원할 수 있다. 이 경우 교육감 또는 지역교육장과 협의하여야 한다.,위임,조례,,rule
P05416,② 지방자치단체의 장은 해당 지방자치단체의 조례로 정하는 바에 따라 주민을 위한 평생교육진흥사업을 실시하거나 지원할 수 있다. 이 경우 교육감 또는 지역교육장과 협의하여야 한다.,위임,조례,,rule
P05417,② 지방자치단체의 장은 해당 지방자치단체의 조례로 정하는 바에 따라 주민을 위한 평생교육진흥사업을 실시하거나 지원할 수 있다. 이 경우 교육감 또는 지역교육장과 협의하여야 한다.,위임,조례,,rule
P05418,② 지방자치단체의 장은 해당 지방자치단체의 조례로 정하는 바에 따라 주민을 위한 평생교육진흥사업을 실시하거나 지원할 수 있다. 이 경우 교육감 또는 지역교육장과 협의하여야 한다.,위임,조례,,rule
P05419,② 지방자치단체의 장은 해당 지방자치단체의 조례로 정하는 바에 따라 주민을 위한 평생교육진흥사업을 실시하거나 지원할 수 있다. 이 경우 교육감 또는 지역교육장과 협의하여야 한다.,위임,조례,,rule
P05420,② 지방자치단체의 장은 해당 지방자치단체의 조례로 정하는 바에 따라 주민을 위한 평생교육진흥사업을 실시하거나 지원할 수 있다. 이 경우 교육감 또는 지역교육장과 협의하여야 한다.,위임,조례,,rule
P05421,② 지방자치단체의 장은 해당 지방자치단체의 조례로 정하는 바에 따라 주민을 위한 평생교육진흥사업을 실시하거나 지원할 수 있다. 이 경우 교육감 또는 지역교육장과 협의하여야 한다.,위임,조례,,rule
P05422,② 지방자치단체의 장은 해당 지방자치단체의 조례로 정하는 바에 따라 주민을 위한 평생교육진흥사업을 실시하거나 지원할 수 있다. 이 경우 교육감 또는 지역교육장과 협의하여야 한다.,위임,조례,,rule
P05423,② 지방자치단체의 장은 해당 지방자치단체의 조례로 정하는 바에 따라 주민을 위한 평생교육진흥사업을 실시하거나 지원할 수 있다. 이 경우 교육감 또는 지역교육장과 협의하여야 한다.,위임,조례,,rule
P05424,② 지방자치단체의 장은 해당 지방자치단체의 조례로 정하는 바에 따라 주민을 위한 평생교육진흥사업을 실시하거나 지원할 수 있다. 이 경우 교육감 또는 지역교육장과 협의하여야 한다.,위임,조례,,rule
P05425,② 지방자치단체의 장은 해당 지방자치단체의 조례로 정하는 바에 따라 주민을 위한 평생교육진흥사업을 실시하거나 지원할 수 있다. 이 경우 교육감 또는 지역교육장과 협의하여야 한다.,위임,조례,,rule
P05426,② 지방자치단체의 장은 해당 지방자치단체의 조례로 정하는 바에 따라 주민을 위한 평생교육진흥사업을 실시하거나 지원할 수 있다. 이 경우 교육감 또는 지역교육장과 협의하여야 한다.,위임,조례,,rule
P05427,② 지방자치단체의 장은 해당 지방자치단체의 조례로 정하는 바에 따라 주민을 위한 평생교육진흥사업을 실시하거나 지원할 수 있다. 이 경우 교육감 또는 지역교육장과 협의하여야 한다.,위임,조례,,rule
P05428,② 지방자치단체의 장은 해당 지방자치단체의 조례로 정하는 바에 따라 주민을 위한 평생교육진흥사업을 실시하거나 지원할 수 있다. 이 경우 교육감 또는 지역교육장과 협의하여야 한다.,위임,조례,,rule
P05429,② 지방자치단체의 장은 해당 지방자치단체의 조례로 정하는 바에 따라 주민을 위한 평생교육진흥사업을 실시하거나 지원할 수 있다. 이 경우 교육감 또는 지역교육장과 협의하여야 한다.,위임,조례,,rule
P05430,② 지방자치단체의 장은 해당 지방자치단체의 조례로 정하는 바에 따라 주민을 위한 평생교육진흥사업을 실시하거나 지원할 수 있다. 이 경우 교육감 또는 지역교육장과 협의하여야 한다.,위임,조례,,rule
P05431,② 지방자치단체의 장은 해당 지방자치단체의 조례로 정하는 바에 따라 주민을 위한 평생교육진흥사업을 실시하거나 지원할 수 있다. 이 경우 교육감 또는 지역교육장과 협의하여야 한다.,위임,조례,,rule
P05432,② 지방자치단체의 장은 해당 지방자치단체의 조례로 정하는 바에 따라 주민을 위한 평생교육진흥사업을 실시하거나 지원할 수 있다. 이 경우 교육감 또는 지역교육장과 협의하여야 한다.,위임,조례,,rule
P05433,② 지방자치단체의 장은 해당 지방자치단체의 조례로 정하는 바에 따라 주민을 위한 평생교육진흥사업을 실시하거나 지원할 수 있다. 이 경우 교육감 또는 지역교육장과 협의하여야 한다.,위임,조례,,rule
P05434,② 지방자치단체의 장은 해당 지방자치단체의 조례로 정하는 바에 따라 주민을 위한 평생교육진흥사업을 실시하거나 지원할 수 있다. 이 경우 교육감 또는 지역교육장과 협의하여야 한다.,위임,조례,,rule
P05435,② 지방자치단체의 장은 해당 지방자치단체의 조례로 정하는 바에 따라 주민을 위한 평생교육진흥사업을 실시하거나 지원할 수 있다. 이 경우 교육감 또는 지역교육장과 협의하여야 한다.,위임,조례,,rule
P05436,② 지방자치단체의 장은 해당 지방자치단체의 조례로 정하는 바에 따라 주민을 위한 평생교육진흥사업을 실시하거나 지원할 수 있다. 이 경우 교육감 또는 지역교육장과 협의하여야 한다.,위임,조례,,rule
P05437,② 지방자치단체의 장은 해당 지방자치단체의 조례로 정하는 바에 따라 주민을 위한 평생교육진흥사업을 실시하거나 지원할 수 있다. 이 경우 교육감 또는 지역교육장과 협의하여야 한다.,위임,조례,,rule
P05438,② 지방자치단체의 장은 해당 지방자치단체의 조례로 정하는 바에 따라 주민을 위한 평생교육진흥사업을 실시하거나 지원할 수 있다. 이 경우 교육감 또는 지역교육장과 협의하여야 한다.,위임,조례,,rule
P05439,② 지방자치단체의 장은 해당 지방자치단체의 조례로 정하는 바에 따라 주민을 위한 평생교육진흥사업을 실시하거나 지원할 수 있다. 이 경우 교육감 또는 지역교육장과 협의하여야 한다.,위임,조례,,rule
P05440,② 지방자치단체의 장은 해당 지방자치단체의 조례로 정하는 바에 따라 주민을 위한 평생교육진흥사업을 실시하거나 지원할 수 있다. 이 경우 교육감 또는 지역교육장과 협의하여야 한다.,위임,조례,,rule
P05441,② 지방자치단체의 장은 해당 지방자치단체의 조례로 정하는 바에 따라 주민을 위한 평생교육진흥사업을 실시하거나 지원할 수 있다. 이 경우 교육감 또는 지역교육장과 협의하여야 한다.,위임,조례,,rule
P05442,② 지방자치단체의 장은 해당 지방자치단체의 조례로 정하는 바에 따라 주민을 위한 평생교육진흥사업을 실시하거나 지원할 수 있다. 이 경우 교육감 또는 지역교육장과 협의하여야 한다.,위임,조례,,rule
P05443,② 지방자치단체의 장은 해당 지방자치단체의 조례로 정하는 바에 따라 주민을 위한 평생교육진흥사업을 실시하거나 지원할 수 있다. 이 경우 교육감 또는 지역교육장과 협의하여야 한다.,위임,조례,,rule
P05444,② 지방자치단체의 장은 해당 지방자치단체의 조례로 정하는 바에 따라 주민을 위한 평생교육진흥사업을 실시하거나 지원할 수 있다. 이 경우 교육감 또는 지역교육장과 협의하여야 한다.,위임,조례,,rule
P05445,② 지방자치단체의 장은 해당 지방자치단체의 조례로 정하는 바에 따라 주민을 위한 평생교육진흥사업을 실시하거나 지원할 수 있다. 이 경우 교육감 또는 지역교육장과 협의하여야 한다.,위임,조례,,rule
P05446,② 지방자치단체의 장은 해당 지방자치단체의 조례로 정하는 바에 따라 주민을 위한 평생교육진흥사업을 실시하거나 지원할 수 있다. 이 경우 교육감 또는 지역교육장과 협의하여야 한다.,위임,조례,,rule
P05447,② 지방자치단체의 장은 해당 지방자치단체의 조례로 정하는 바에 따라 주민을 위한 평생교육진흥사업을 실시하거나 지원할 수 있다. 이 경우 교육감 또는 지역교육장과 협의하여야 한다.,위임,조례,,rule
P05448,② 지방자치단체의 장은 해당 지방자치단체의 조례로 정하는 바에 따라 주민을 위한 평생교육진흥사업을 실시하거나 지원할 수 있다. 이 경우 교육감 또는 지역교육장과 협의하여야 한다.,위임,조례,,rule
P05449,② 지방자치단체의 장은 해당 지방자치단체의 조례로 정하는 바에 따라 주민을 위한 평생교육진흥사업을 실시하거나 지원할 수 있다. 이 경우 교육감 또는 지역교육장과 협의하여야 한다.,위임,조례,,rule
P05450,② 지방자치단체의 장은 해당 지방자치단체의 조례로 정하는 바에 따라 주민을 위한 평생교육진흥사업을 실시하거나 지원할 수 있다. 이 경우 교육감 또는 지역교육장과 협의하여야 한다.,위임,조례,,rule
P05451,② 지방자치단체의 장은 해당 지방자치단체의 조례로 정하는 바에 따라 주민을 위한 평생교육진흥사업을 실시하거나 지원할 수 있다. 이 경우 교육감 또는 지역교육장과 협의하여야 한다.,위임,조례,,rule
P05452,② 지방자치단체의 장은 해당 지방자치단체의 조례로 정하는 바에 따라 주민을 위한 평생교육진흥사업을 실시하거나 지원할 수 있다. 이 경우 교육감 또는 지역교육장과 협의하여야 한다.,위임,조례,,rule
P05453,② 지방자치단체의 장은 해당 지방자치단체의 조례로 정하는 바에 따라 주민을 위한 평생교육진흥사업을 실시하거나 지원할 수 있다. 이 경우 교육감 또는 지역교육장과 협의하여야 한다.,위임,조례,,rule
P05454,② 지방자치단체의 장은 해당 지방자치단체의 조례로 정하는 바에 따라 주민을 위한 평생교육진흥사업을 실시하거나 지원할 수 있다. 이 경우 교육감 또는 지역교육장과 협의하여야 한다.,위임,조례,,rule
P05455,② 지방자치단체의 장은 해당 지방자치단체의 조례로 정하는 바에 따라 주민을 위한 평생교육진흥사업을 실시하거나 지원할 수 있다. 이 경우 교육감 또는 지역교육장과 협의하여야 한다.,위임,조례,,rule
P05456,② 지방자치단체의 장은 해당 지방자치단체의 조례로 정하는 바에 따라 주민을 위한 평생교육진흥사업을 실시하거나 지원할 수 있다. 이 경우 교육감 또는 지역교육장과 협의하여야 한다.,위임,조례,,rule
P05457,② 지방자치단체의 장은 해당 지방자치단체의 조례로 정하는 바에 따라 주민을 위한 평생교육진흥사업을 실시하거나 지원할 수 있다. 이 경우 교육감 또는 지역교육장과 협의하여야 한다.,위임,조례,,rule
P05458,② 지방자치단체의 장은 해당 지방자치단체의 조례로 정하는 바에 따라 주민을 위한 평생교육진흥사업을 실시하거나 지원할 수 있다. 이 경우 교육감 또는 지역교육장과 협의하여야 한다.,위임,조례,,rule
P05459,② 지방자치단체의 장은 해당 지방자치단체의 조례로 정하는 바에 따라 주민을 위한 평생교육진흥사업을 실시하거나 지원할 수 있다. 이 경우 교육감 또는 지역교육장과 협의하여야 한다.,위임,조례,,rule
P05460,② 지방자치단체의 장은 해당 지방자치단체의 조례로 정하는 바에 따라 주민을 위한 평생교육진흥사업을 실시하거나 지원할 수 있다. 이 경우 교육감 또는 지역교육장과 협의하여야 한다.,위임,조례,,rule
P05461,② 지방자치단체의 장은 해당 지방자치단체의 조례로 정하는 바에 따라 주민을 위한 평생교육진흥사업을 실시하거나 지원할 수 있다. 이 경우 교육감 또는 지역교육장과 협의하여야 한다.,위임,조례,,rule
P05462,② 지방자치단체의 장은 해당 지방자치단체의 조례로 정하는 바에 따라 주민을 위한 평생교육진흥사업을 실시하거나 지원할 수 있다. 이 경우 교육감 또는 지역교육장과 협의하여야 한다.,위임,조례,,rule
P05463,② 지방자치단체의 장은 해당 지방자치단체의 조례로 정하는 바에 따라 주민을 위한 평생교육진흥사업을 실시하거나 지원할 수 있다. 이 경우 교육감 또는 지역교육장과 협의하여야 한다.,위임,조례,,rule
P05464,② 지방자치단체의 장은 해당 지방자치단체의 조례로 정하는 바에 따라 주민을 위한 평생교육진흥사업을 실시하거나 지원할 수 있다. 이 경우 교육감 또는 지역교육장과 협의하여야 한다.,위임,조례,,rule
P05465,② 지방자치단체의 장은 해당 지방자치단체의 조례로 정하는 바에 따라 주민을 위한 평생교육진흥사업을 실시하거나 지원할 수 있다. 이 경우 교육감 또는 지역교육장과 협의하여야 한다.,위임,조례,,rule
P05466,② 지방자치단체의 장은 해당 지방자치단체의 조례로 정하는 바에 따라 주민을 위한 평생교육진흥사업을 실시하거나 지원할 수 있다. 이 경우 교육감 또는 지역교육장과 협의하여야 한다.,위임,조례,,rule
P05467,② 지방자치단체의 장은 해당 지방자치단체의 조례로 정하는 바에 따라 주민을 위한 평생교육진흥사업을 실시하거나 지원할 수 있다. 이 경우 교육감 또는 지역교육장과 협의하여야 한다.,위임,조례,,rule
P05468,② 지방자치단체의 장은 해당 지방자치단체의 조례로 정하는 바에 따라 주민을 위한 평생교육진흥사업을 실시하거나 지원할 수 있다. 이 경우 교육감 또는 지역교육장과 협의하여야 한다.,위임,조례,,rule
P05469,② 지방자치단체의 장은 해당 지방자치단체의 조례로 정하는 바에 따라 주민을 위한 평생교육진흥사업을 실시하거나 지원할 수 있다. 이 경우 교육감 또는 지역교육장과 협의하여야 한다.,위임,조례,,rule
P05470,② 지방자치단체의 장은 해당 지방자치단체의 조례로 정하는 바에 따라 주민을 위한 평생교육진흥사업을 실시하거나 지원할 수 있다. 이 경우 교육감 또는 지역교육장과 협의하여야 한다.,위임,조례,,rule
P05471,② 지방자치단체의 장은 해당 지방자치단체의 조례로 정하는 바에 따라 주민을 위한 평생교육진흥사업을 실시하거나 지원할 수 있다. 이 경우 교육감 또는 지역교육장과 협의하여야 한다.,위임,조례,,rule
P05472,② 지방자치단체의 장은 해당 지방자치단체의 조례로 정하는 바에 따라 주민을 위한 평생교육진흥사업을 실시하거나 지원할 수 있다. 이 경우 교육감 또는 지역교육장과 협의하여야 한다.,위임,조례,,rule
P05473,② 지방자치단체의 장은 해당 지방자치단체의 조례로 정하는 바에 따라 주민을 위한 평생교육진흥사업을 실시하거나 지원할 수 있다. 이 경우 교육감 또는 지역교육장과 협의하여야 한다.,위임,조례,,rule
P05474,② 지방자치단체의 장은 해당 지방자치단체의 조례로 정하는 바에 따라 주민을 위한 평생교육진흥사업을 실시하거나 지원할 수 있다. 이 경우 교육감 또는 지역교육장과 협의하여야 한다.,위임,조례,,rule
P05475,② 지방자치단체의 장은 해당 지방자치단체의 조례로 정하는 바에 따라 주민을 위한 평생교육진흥사업을 실시하거나 지원할 수 있다. 이 경우 교육감 또는 지역교육장과 협의하여야 한다.,위임,조례,,rule
P05476,② 지방자치단체의 장은 해당 지방자치단체의 조례로 정하는 바에 따라 주민을 위한 평생교육진흥사업을 실시하거나 지원할 수 있다. 이 경우 교육감 또는 지역교육장과 협의하여야 한다.,위임,조례,,rule
P05477,② 지방자치단체의 장은 해당 지방자치단체의 조례로 정하는 바에 따라 주민을 위한 평생교육진흥사업을 실시하거나 지원할 수 있다. 이 경우 교육감 또는 지역교육장과 협의하여야 한다.,위임,조례,,rule
P05478,② 지방자치단체의 장은 해당 지방자치단체의 조례로 정하는 바에 따라 주민을 위한 평생교육진흥사업을 실시하거나 지원할 수 있다. 이 경우 교육감 또는 지역교육장과 협의하여야 한다.,위임,조례,,rule
P05479,② 지방자치단체의 장은 해당 지방자치단체의 조례로 정하는 바에 따라 주민을 위한 평생교육진흥사업을 실시하거나 지원할 수 있다. 이 경우 교육감 또는 지역교육장과 협의하여야 한다.,위임,조례,,rule
P05480,② 지방자치단체의 장은 해당 지방자치단체의 조례로 정하는 바에 따라 주민을 위한 평생교육진흥사업을 실시하거나 지원할 수 있다. 이 경우 교육감 또는 지역교육장과 협의하여야 한다.,위임,조례,,rule
P05481,② 지방자치단체의 장은 해당 지방자치단체의 조례로 정하는 바에 따라 주민을 위한 평생교육진흥사업을 실시하거나 지원할 수 있다. 이 경우 교육감 또는 지역교육장과 협의하여야 한다.,위임,조례,,rule
P05482,② 지방자치단체의 장은 해당 지방자치단체의 조례로 정하는 바에 따라 주민을 위한 평생교육진흥사업을 실시하거나 지원할 수 있다. 이 경우 교육감 또는 지역교육장과 협의하여야 한다.,위임,조례,,rule
P05483,② 지방자치단체의 장은 해당 지방자치단체의 조례로 정하는 바에 따라 주민을 위한 평생교육진흥사업을 실시하거나 지원할 수 있다. 이 경우 교육감 또는 지역교육장과 협의하여야 한다.,위임,조례,,rule
P05484,② 지방자치단체의 장은 해당 지방자치단체의 조례로 정하는 바에 따라 주민을 위한 평생교육진흥사업을 실시하거나 지원할 수 있다. 이 경우 교육감 또는 지역교육장과 협의하여야 한다.,위임,조례,,rule
P05485,② 지방자치단체의 장은 해당 지방자치단체의 조례로 정하는 바에 따라 주민을 위한 평생교육진흥사업을 실시하거나 지원할 수 있다. 이 경우 교육감 또는 지역교육장과 협의하여야 한다.,위임,조례,,rule
P05486,② 지방자치단체의 장은 해당 지방자치단체의 조례로 정하는 바에 따라 주민을 위한 평생교육진흥사업을 실시하거나 지원할 수 있다. 이 경우 교육감 또는 지역교육장과 협의하여야 한다.,위임,조례,,rule
P05487,② 지방자치단체의 장은 해당 지방자치단체의 조례로 정하는 바에 따라 주민을 위한 평생교육진흥사업을 실시하거나 지원할 수 있다. 이 경우 교육감 또는 지역교육장과 협의하여야 한다.,위임,조례,,rule
P05488,② 지방자치단체의 장은 해당 지방자치단체의 조례로 정하는 바에 따라 주민을 위한 평생교육진흥사업을 실시하거나 지원할 수 있다. 이 경우 교육감 또는 지역교육장과 협의하여야 한다.,위임,조례,,rule
P05489,② 지방자치단체의 장은 해당 지방자치단체의 조례로 정하는 바에 따라 주민을 위한 평생교육진흥사업을 실시하거나 지원할 수 있다. 이 경우 교육감 또는 지역교육장과 협의하여야 한다.,위임,조례,,rule
P05490,② 지방자치단체의 장은 해당 지방자치단체의 조례로 정하는 바에 따라 주민을 위한 평생교육진흥사업을 실시하거나 지원할 수 있다. 이 경우 교육감 또는 지역교육장과 협의하여야 한다.,위임,조례,,rule
P05491,② 지방자치단체의 장은 해당 지방자치단체의 조례로 정하는 바에 따라 주민을 위한 평생교육진흥사업을 실시하거나 지원할 수 있다. 이 경우 교육감 또는 지역교육장과 협의하여야 한다.,위임,조례,,rule
P05492,② 지방자치단체의 장은 해당 지방자치단체의 조례로 정하는 바에 따라 주민을 위한 평생교육진흥사업을 실시하거나 지원할 수 있다. 이 경우 교육감 또는 지역교육장과 협의하여야 한다.,위임,조례,,rule
P05493,② 지방자치단체의 장은 해당 지방자치단체의 조례로 정하는 바에 따라 주민을 위한 평생교육진흥사업을 실시하거나 지원할 수 있다. 이 경우 교육감 또는 지역교육장과 협의하여야 한다.,위임,조례,,rule
P05494,② 지방자치단체의 장은 해당 지방자치단체의 조례로 정하는 바에 따라 주민을 위한 평생교육진흥사업을 실시하거나 지원할 수 있다. 이 경우 교육감 또는 지역교육장과 협의하여야 한다.,위임,조례,,rule
P05495,② 지방자치단체의 장은 해당 지방자치단체의 조례로 정하는 바에 따라 주민을 위한 평생교육진흥사업을 실시하거나 지원할 수 있다. 이 경우 교육감 또는 지역교육장과 협의하여야 한다.,위임,조례,,rule
P05496,② 지방자치단체의 장은 해당 지방자치단체의 조례로 정하는 바에 따라 주민을 위한 평생교육진흥사업을 실시하거나 지원할 수 있다. 이 경우 교육감 또는 지역교육장과 협의하여야 한다.,위임,조례,,rule
P05497,② 지방자치단체의 장은 해당 지방자치단체의 조례로 정하는 바에 따라 주민을 위한 평생교육진흥사업을 실시하거나 지원할 수 있다. 이 경우 교육감 또는 지역교육장과 협의하여야 한다.,위임,조례,,rule
P05498,② 지방자치단체의 장은 해당 지방자치단체의 조례로 정하는 바에 따라 주민을 위한 평생교육진흥사업을 실시하거나 지원할 수 있다. 이 경우 교육감 또는 지역교육장과 협의하여야 한다.,위임,조례,,rule
P05499,② 지방자치단체의 장은 해당 지방자치단체의 조례로 정하는 바에 따라 주민을 위한 평생교육진흥사업을 실시하거나 지원할 수 있다. 이 경우 교육감 또는 지역교육장과 협의하여야 한다.,위임,조례,,rule
P05500,② 지방자치단체의 장은 해당 지방자치단체의 조례로 정하는 바에 따라 주민을 위한 평생교육진흥사업을 실시하거나 지원할 수 있다. 이 경우 교육감 또는 지역교육장과 협의하여야 한다.,위임,조례,,rule
P05501,② 지방자치단체의 장은 해당 지방자치단체의 조례로 정하는 바에 따라 주민을 위한 평생교육진흥사업을 실시하거나 지원할 수 있다. 이 경우 교육감 또는 지역교육장과 협의하여야 한다.,위임,조례,,rule
P05502,② 지방자치단체의 장은 해당 지방자치단체의 조례로 정하는 바에 따라 주민을 위한 평생교육진흥사업을 실시하거나 지원할 수 있다. 이 경우 교육감 또는 지역교육장과 협의하여야 한다.,위임,조례,,rule
P05503,② 지방자치단체의 장은 해당 지방자치단체의 조례로 정하는 바에 따라 주민을 위한 평생교육진흥사업을 실시하거나 지원할 수 있다. 이 경우 교육감 또는 지역교육장과 협의하여야 한다.,위임,조례,,rule
P05504,② 지방자치단체의 장은 해당 지방자치단체의 조례로 정하는 바에 따라 주민을 위한 평생교육진흥사업을 실시하거나 지원할 수 있다. 이 경우 교육감 또는 지역교육장과 협의하여야 한다.,위임,조례,,rule
P05505,② 지방자치단체의 장은 해당 지방자치단체의 조례로 정하는 바에 따라 주민을 위한 평생교육진흥사업을 실시하거나 지원할 수 있다. 이 경우 교육감 또는 지역교육장과 협의하여야 한다.,위임,조례,,rule
P05506,② 지방자치단체의 장은 해당 지방자치단체의 조례로 정하는 바에 따라 주민을 위한 평생교육진흥사업을 실시하거나 지원할 수 있다. 이 경우 교육감 또는 지역교육장과 협의하여야 한다.,위임,조례,,rule
P05507,② 지방자치단체의 장은 해당 지방자치단체의 조례로 정하는 바에 따라 주민을 위한 평생교육진흥사업을 실시하거나 지원할 수 있다. 이 경우 교육감 또는 지역교육장과 협의하여야 한다.,위임,조례,,rule
P05508,② 지방자치단체의 장은 해당 지방자치단체의 조례로 정하는 바에 따라 주민을 위한 평생교육진흥사업을 실시하거나 지원할 수 있다. 이 경우 교육감 또는 지역교육장과 협의하여야 한다.,위임,조례,,rule
P05509,② 지방자치단체의 장은 해당 지방자치단체의 조례로 정하는 바에 따라 주민을 위한 평생교육진흥사업을 실시하거나 지원할 수 있다. 이 경우 교육감 또는 지역교육장과 협의하여야 한다.,위임,조례,,rule
P05510,② 지방자치단체의 장은 해당 지방자치단체의 조례로 정하는 바에 따라 주민을 위한 평생교육진흥사업을 실시하거나 지원할 수 있다. 이 경우 교육감 또는 지역교육장과 협의하여야 한다.,위임,조례,,rule
P05511,② 지방자치단체의 장은 해당 지방자치단체의 조례로 정하는 바에 따라 주민을 위한 평생교육진흥사업을 실시하거나 지원할 수 있다. 이 경우 교육감 또는 지역교육장과 협의하여야 한다.,위임,조례,,rule
P05512,② 지방자치단체의 장은 해당 지방자치단체의 조례로 정하는 바에 따라 주민을 위한 평생교육진흥사업을 실시하거나 지원할 수 있다. 이 경우 교육감 또는 지역교육장과 협의하여야 한다.,위임,조례,,rule
P05513,② 지방자치단체의 장은 해당 지방자치단체의 조례로 정하는 바에 따라 주민을 위한 평생교육진흥사업을 실시하거나 지원할 수 있다. 이 경우 교육감 또는 지역교육장과 협의하여야 한다.,위임,조례,,rule
P05514,② 지방자치단체의 장은 해당 지방자치단체의 조례로 정하는 바에 따라 주민을 위한 평생교육진흥사업을 실시하거나 지원할 수 있다. 이 경우 교육감 또는 지역교육장과 협의하여야 한다.,위임,조례,,rule
P05515,② 지방자치단체의 장은 해당 지방자치단체의 조례로 정하는 바에 따라 주민을 위한 평생교육진흥사업을 실시하거나 지원할 수 있다. 이 경우 교육감 또는 지역교육장과 협의하여야 한다.,위임,조례,,rule
P05516,② 지방자치단체의 장은 해당 지방자치단체의 조례로 정하는 바에 따라 주민을 위한 평생교육진흥사업을 실시하거나 지원할 수 있다. 이 경우 교육감 또는 지역교육장과 협의하여야 한다.,위임,조례,,rule
P05517,② 지방자치단체의 장은 해당 지방자치단체의 조례로 정하는 바에 따라 주민을 위한 평생교육진흥사업을 실시하거나 지원할 수 있다. 이 경우 교육감 또는 지역교육장과 협의하여야 한다.,위임,조례,,rule
P05518,② 지방자치단체의 장은 해당 지방자치단체의 조례로 정하는 바에 따라 주민을 위한 평생교육진흥사업을 실시하거나 지원할 수 있다. 이 경우 교육감 또는 지역교육장과 협의하여야 한다.,위임,조례,,rule
P05519,② 지방자치단체의 장은 해당 지방자치단체의 조례로 정하는 바에 따라 주민을 위한 평생교육진흥사업을 실시하거나 지원할 수 있다. 이 경우 교육감 또는 지역교육장과 협의하여야 한다.,위임,조례,,rule
P05520,② 지방자치단체의 장은 해당 지방자치단체의 조례로 정하는 바에 따라 주민을 위한 평생교육진흥사업을 실시하거나 지원할 수 있다. 이 경우 교육감 또는 지역교육장과 협의하여야 한다.,위임,조례,,rule
P05521,② 지방자치단체의 장은 해당 지방자치단체의 조례로 정하는 바에 따라 주민을 위한 평생교육진흥사업을 실시하거나 지원할 수 있다. 이 경우 교육감 또는 지역교육장과 협의하여야 한다.,위임,조례,,rule
P05522,② 지방자치단체의 장은 해당 지방자치단체의 조례로 정하는 바에 따라 주민을 위한 평생교육진흥사업을 실시하거나 지원할 수 있다. 이 경우 교육감 또는 지역교육장과 협의하여야 한다.,위임,조례,,rule
P05523,② 지방자치단체의 장은 해당 지방자치단체의 조례로 정하는 바에 따라 주민을 위한 평생교육진흥사업을 실시하거나 지원할 수 있다. 이 경우 교육감 또는 지역교육장과 협의하여야 한다.,위임,조례,,rule
P05524,② 지방자치단체의 장은 해당 지방자치단체의 조례로 정하는 바에 따라 주민을 위한 평생교육진흥사업을 실시하거나 지원할 수 있다. 이 경우 교육감 또는 지역교육장과 협의하여야 한다.,위임,조례,,rule
P05525,② 지방자치단체의 장은 해당 지방자치단체의 조례로 정하는 바에 따라 주민을 위한 평생교육진흥사업을 실시하거나 지원할 수 있다. 이 경우 교육감 또는 지역교육장과 협의하여야 한다.,위임,조례,,rule
P05526,② 지방자치단체의 장은 해당 지방자치단체의 조례로 정하는 바에 따라 주민을 위한 평생교육진흥사업을 실시하거나 지원할 수 있다. 이 경우 교육감 또는 지역교육장과 협의하여야 한다.,위임,조례,,rule
P05527,② 지방자치단체의 장은 해당 지방자치단체의 조례로 정하는 바에 따라 주민을 위한 평생교육진흥사업을 실시하거나 지원할 수 있다. 이 경우 교육감 또는 지역교육장과 협의하여야 한다.,위임,조례,,rule
P05528,② 지방자치단체의 장은 해당 지방자치단체의 조례로 정하는 바에 따라 주민을 위한 평생교육진흥사업을 실시하거나 지원할 수 있다. 이 경우 교육감 또는 지역교육장과 협의하여야 한다.,위임,조례,,rule
P05529,② 지방자치단체의 장은 해당 지방자치단체의 조례로 정하는 바에 따라 주민을 위한 평생교육진흥사업을 실시하거나 지원할 수 있다. 이 경우 교육감 또는 지역교육장과 협의하여야 한다.,위임,조례,,rule
P05530,② 지방자치단체의 장은 해당 지방자치단체의 조례로 정하는 바에 따라 주민을 위한 평생교육진흥사업을 실시하거나 지원할 수 있다. 이 경우 교육감 또는 지역교육장과 협의하여야 한다.,위임,조례,,rule
P05531,② 지방자치단체의 장은 해당 지방자치단체의 조례로 정하는 바에 따라 주민을 위한 평생교육진흥사업을 실시하거나 지원할 수 있다. 이 경우 교육감 또는 지역교육장과 협의하여야 한다.,위임,조례,,rule
P05532,② 지방자치단체의 장은 해당 지방자치단체의 조례로 정하는 바에 따라 주민을 위한 평생교육진흥사업을 실시하거나 지원할 수 있다. 이 경우 교육감 또는 지역교육장과 협의하여야 한다.,위임,조례,,rule
P05533,② 지방자치단체의 장은 해당 지방자치단체의 조례로 정하는 바에 따라 주민을 위한 평생교육진흥사업을 실시하거나 지원할 수 있다. 이 경우 교육감 또는 지역교육장과 협의하여야 한다.,위임,조례,,rule
P05534,② 지방자치단체의 장은 해당 지방자치단체의 조례로 정하는 바에 따라 주민을 위한 평생교육진흥사업을 실시하거나 지원할 수 있다. 이 경우 교육감 또는 지역교육장과 협의하여야 한다.,위임,조례,,rule
P05535,② 지방자치단체의 장은 해당 지방자치단체의 조례로 정하는 바에 따라 주민을 위한 평생교육진흥사업을 실시하거나 지원할 수 있다. 이 경우 교육감 또는 지역교육장과 협의하여야 한다.,위임,조례,,rule
P05536,② 지방자치단체의 장은 해당 지방자치단체의 조례로 정하는 바에 따라 주민을 위한 평생교육진흥사업을 실시하거나 지원할 수 있다. 이 경우 교육감 또는 지역교육장과 협의하여야 한다.,위임,조례,,rule
P05537,② 지방자치단체의 장은 해당 지방자치단체의 조례로 정하는 바에 따라 주민을 위한 평생교육진흥사업을 실시하거나 지원할 수 있다. 이 경우 교육감 또는 지역교육장과 협의하여야 한다.,위임,조례,,rule
P05538,② 지방자치단체의 장은 해당 지방자치단체의 조례로 정하는 바에 따라 주민을 위한 평생교육진흥사업을 실시하거나 지원할 수 있다. 이 경우 교육감 또는 지역교육장과 협의하여야 한다.,위임,조례,,rule
P05539,② 지방자치단체의 장은 해당 지방자치단체의 조례로 정하는 바에 따라 주민을 위한 평생교육진흥사업을 실시하거나 지원할 수 있다. 이 경우 교육감 또는 지역교육장과 협의하여야 한다.,위임,조례,,rule
P05540,② 지방자치단체의 장은 해당 지방자치단체의 조례로 정하는 바에 따라 주민을 위한 평생교육진흥사업을 실시하거나 지원할 수 있다. 이 경우 교육감 또는 지역교육장과 협의하여야 한다.,위임,조례,,rule
P05541,② 지방자치단체의 장은 해당 지방자치단체의 조례로 정하는 바에 따라 주민을 위한 평생교육진흥사업을 실시하거나 지원할 수 있다. 이 경우 교육감 또는 지역교육장과 협의하여야 한다.,위임,조례,,rule
P05542,② 지방자치단체의 장은 해당 지방자치단체의 조례로 정하는 바에 따라 주민을 위한 평생교육진흥사업을 실시하거나 지원할 수 있다. 이 경우 교육감 또는 지역교육장과 협의하여야 한다.,위임,조례,,rule
P05543,② 지방자치단체의 장은 해당 지방자치단체의 조례로 정하는 바에 따라 주민을 위한 평생교육진흥사업을 실시하거나 지원할 수 있다. 이 경우 교육감 또는 지역교육장과 협의하여야 한다.,위임,조례,,rule
P05544,② 지방자치단체의 장은 해당 지방자치단체의 조례로 정하는 바에 따라 주민을 위한 평생교육진흥사업을 실시하거나 지원할 수 있다. 이 경우 교육감 또는 지역교육장과 협의하여야 한다.,위임,조례,,rule
P05545,② 지방자치단체의 장은 해당 지방자치단체의 조례로 정하는 바에 따라 주민을 위한 평생교육진흥사업을 실시하거나 지원할 수 있다. 이 경우 교육감 또는 지역교육장과 협의하여야 한다.,위임,조례,,rule
P05546,② 지방자치단체의 장은 해당 지방자치단체의 조례로 정하는 바에 따라 주민을 위한 평생교육진흥사업을 실시하거나 지원할 수 있다. 이 경우 교육감 또는 지역교육장과 협의하여야 한다.,위임,조례,,rule
P05547,② 지방자치단체의 장은 해당 지방자치단체의 조례로 정하는 바에 따라 주민을 위한 평생교육진흥사업을 실시하거나 지원할 수 있다. 이 경우 교육감 또는 지역교육장과 협의하여야 한다.,위임,조례,,rule
P05548,② 지방자치단체의 장은 해당 지방자치단체의 조례로 정하는 바에 따라 주민을 위한 평생교육진흥사업을 실시하거나 지원할 수 있다. 이 경우 교육감 또는 지역교육장과 협의하여야 한다.,위임,조례,,rule
P05549,② 지방자치단체의 장은 해당 지방자치단체의 조례로 정하는 바에 따라 주민을 위한 평생교육진흥사업을 실시하거나 지원할 수 있다. 이 경우 교육감 또는 지역교육장과 협의하여야 한다.,위임,조례,,rule
P05550,② 지방자치단체의 장은 해당 지방자치단체의 조례로 정하는 바에 따라 주민을 위한 평생교육진흥사업을 실시하거나 지원할 수 있다. 이 경우 교육감 또는 지역교육장과 협의하여야 한다.,위임,조례,,rule
P05551,② 지방자치단체의 장은 해당 지방자치단체의 조례로 정하는 바에 따라 주민을 위한 평생교육진흥사업을 실시하거나 지원할 수 있다. 이 경우 교육감 또는 지역교육장과 협의하여야 한다.,위임,조례,,rule
P05552,② 지방자치단체의 장은 해당 지방자치단체의 조례로 정하는 바에 따라 주민을 위한 평생교육진흥사업을 실시하거나 지원할 수 있다. 이 경우 교육감 또는 지역교육장과 협의하여야 한다.,위임,조례,,rule
P05553,② 지방자치단체의 장은 해당 지방자치단체의 조례로 정하는 바에 따라 주민을 위한 평생교육진흥사업을 실시하거나 지원할 수 있다. 이 경우 교육감 또는 지역교육장과 협의하여야 한다.,위임,조례,,rule
P05554,② 지방자치단체의 장은 해당 지방자치단체의 조례로 정하는 바에 따라 주민을 위한 평생교육진흥사업을 실시하거나 지원할 수 있다. 이 경우 교육감 또는 지역교육장과 협의하여야 한다.,위임,조례,,rule
P05555,② 지방자치단체의 장은 해당 지방자치단체의 조례로 정하는 바에 따라 주민을 위한 평생교육진흥사업을 실시하거나 지원할 수 있다. 이 경우 교육감 또는 지역교육장과 협의하여야 한다.,위임,조례,,rule
P05556,② 지방자치단체의 장은 해당 지방자치단체의 조례로 정하는 바에 따라 주민을 위한 평생교육진흥사업을 실시하거나 지원할 수 있다. 이 경우 교육감 또는 지역교육장과 협의하여야 한다.,위임,조례,,rule
P05557,② 지방자치단체의 장은 해당 지방자치단체의 조례로 정하는 바에 따라 주민을 위한 평생교육진흥사업을 실시하거나 지원할 수 있다. 이 경우 교육감 또는 지역교육장과 협의하여야 한다.,위임,조례,,rule
P05558,② 지방자치단체의 장은 해당 지방자치단체의 조례로 정하는 바에 따라 주민을 위한 평생교육진흥사업을 실시하거나 지원할 수 있다. 이 경우 교육감 또는 지역교육장과 협의하여야 한다.,위임,조례,,rule
P05559,② 지방자치단체의 장은 해당 지방자치단체의 조례로 정하는 바에 따라 주민을 위한 평생교육진흥사업을 실시하거나 지원할 수 있다. 이 경우 교육감 또는 지역교육장과 협의하여야 한다.,위임,조례,,rule
P05560,② 지방자치단체의 장은 해당 지방자치단체의 조례로 정하는 바에 따라 주민을 위한 평생교육진흥사업을 실시하거나 지원할 수 있다. 이 경우 교육감 또는 지역교육장과 협의하여야 한다.,위임,조례,,rule
P05561,② 지방자치단체의 장은 해당 지방자치단체의 조례로 정하는 바에 따라 주민을 위한 평생교육진흥사업을 실시하거나 지원할 수 있다. 이 경우 교육감 또는 지역교육장과 협의하여야 한다.,위임,조례,,rule
P05562,② 지방자치단체의 장은 해당 지방자치단체의 조례로 정하는 바에 따라 주민을 위한 평생교육진흥사업을 실시하거나 지원할 수 있다. 이 경우 교육감 또는 지역교육장과 협의하여야 한다.,위임,조례,,rule
P05563,② 지방자치단체의 장은 해당 지방자치단체의 조례로 정하는 바에 따라 주민을 위한 평생교육진흥사업을 실시하거나 지원할 수 있다. 이 경우 교육감 또는 지역교육장과 협의하여야 한다.,위임,조례,,rule
P05564,② 지방자치단체의 장은 해당 지방자치단체의 조례로 정하는 바에 따라 주민을 위한 평생교육진흥사업을 실시하거나 지원할 수 있다. 이 경우 교육감 또는 지역교육장과 협의하여야 한다.,위임,조례,,rule
P05565,② 지방자치단체의 장은 해당 지방자치단체의 조례로 정하는 바에 따라 주민을 위한 평생교육진흥사업을 실시하거나 지원할 수 있다. 이 경우 교육감 또는 지역교육장과 협의하여야 한다.,위임,조례,,rule
P05566,② 지방자치단체의 장은 해당 지방자치단체의 조례로 정하는 바에 따라 주민을 위한 평생교육진흥사업을 실시하거나 지원할 수 있다. 이 경우 교육감 또는 지역교육장과 협의하여야 한다.,위임,조례,,rule
P05567,② 지방자치단체의 장은 해당 지방자치단체의 조례로 정하는 바에 따라 주민을 위한 평생교육진흥사업을 실시하거나 지원할 수 있다. 이 경우 교육감 또는 지역교육장과 협의하여야 한다.,위임,조례,,rule
P05568,② 지방자치단체의 장은 해당 지방자치단체의 조례로 정하는 바에 따라 주민을 위한 평생교육진흥사업을 실시하거나 지원할 수 있다. 이 경우 교육감 또는 지역교육장과 협의하여야 한다.,위임,조례,,rule
P05569,② 지방자치단체의 장은 해당 지방자치단체의 조례로 정하는 바에 따라 주민을 위한 평생교육진흥사업을 실시하거나 지원할 수 있다. 이 경우 교육감 또는 지역교육장과 협의하여야 한다.,위임,조례,,rule
P05570,② 지방자치단체의 장은 해당 지방자치단체의 조례로 정하는 바에 따라 주민을 위한 평생교육진흥사업을 실시하거나 지원할 수 있다. 이 경우 교육감 또는 지역교육장과 협의하여야 한다.,위임,조례,,rule
P05571,② 지방자치단체의 장은 해당 지방자치단체의 조례로 정하는 바에 따라 주민을 위한 평생교육진흥사업을 실시하거나 지원할 수 있다. 이 경우 교육감 또는 지역교육장과 협의하여야 한다.,위임,조례,,rule
P05572,② 지방자치단체의 장은 해당 지방자치단체의 조례로 정하는 바에 따라 주민을 위한 평생교육진흥사업을 실시하거나 지원할 수 있다. 이 경우 교육감 또는 지역교육장과 협의하여야 한다.,위임,조례,,rule
P05573,② 지방자치단체의 장은 해당 지방자치단체의 조례로 정하는 바에 따라 주민을 위한 평생교육진흥사업을 실시하거나 지원할 수 있다. 이 경우 교육감 또는 지역교육장과 협의하여야 한다.,위임,조례,,rule
P05574,② 지방자치단체의 장은 해당 지방자치단체의 조례로 정하는 바에 따라 주민을 위한 평생교육진흥사업을 실시하거나 지원할 수 있다. 이 경우 교육감 또는 지역교육장과 협의하여야 한다.,위임,조례,,rule
P05575,② 지방자치단체의 장은 해당 지방자치단체의 조례로 정하는 바에 따라 주민을 위한 평생교육진흥사업을 실시하거나 지원할 수 있다. 이 경우 교육감 또는 지역교육장과 협의하여야 한다.,위임,조례,,rule
P05576,② 지방자치단체의 장은 해당 지방자치단체의 조례로 정하는 바에 따라 주민을 위한 평생교육진흥사업을 실시하거나 지원할 수 있다. 이 경우 교육감 또는 지역교육장과 협의하여야 한다.,위임,조례,,rule
P05577,② 지방자치단체의 장은 해당 지방자치단체의 조례로 정하는 바에 따라 주민을 위한 평생교육진흥사업을 실시하거나 지원할 수 있다. 이 경우 교육감 또는 지역교육장과 협의하여야 한다.,위임,조례,,rule
P05578,② 지방자치단체의 장은 해당 지방자치단체의 조례로 정하는 바에 따라 주민을 위한 평생교육진흥사업을 실시하거나 지원할 수 있다. 이 경우 교육감 또는 지역교육장과 협의하여야 한다.,위임,조례,,rule
P05579,② 지방자치단체의 장은 해당 지방자치단체의 조례로 정하는 바에 따라 주민을 위한 평생교육진흥사업을 실시하거나 지원할 수 있다. 이 경우 교육감 또는 지역교육장과 협의하여야 한다.,위임,조례,,rule
P05580,② 지방자치단체의 장은 해당 지방자치단체의 조례로 정하는 바에 따라 주민을 위한 평생교육진흥사업을 실시하거나 지원할 수 있다. 이 경우 교육감 또는 지역교육장과 협의하여야 한다.,위임,조례,,rule
P05581,② 지방자치단체의 장은 해당 지방자치단체의 조례로 정하는 바에 따라 주민을 위한 평생교육진흥사업을 실시하거나 지원할 수 있다. 이 경우 교육감 또는 지역교육장과 협의하여야 한다.,위임,조례,,rule
P05582,② 지방자치단체의 장은 해당 지방자치단체의 조례로 정하는 바에 따라 주민을 위한 평생교육진흥사업을 실시하거나 지원할 수 있다. 이 경우 교육감 또는 지역교육장과 협의하여야 한다.,위임,조례,,rule
P05583,② 지방자치단체의 장은 해당 지방자치단체의 조례로 정하는 바에 따라 주민을 위한 평생교육진흥사업을 실시하거나 지원할 수 있다. 이 경우 교육감 또는 지역교육장과 협의하여야 한다.,위임,조례,,rule
P05584,② 지방자치단체의 장은 해당 지방자치단체의 조례로 정하는 바에 따라 주민을 위한 평생교육진흥사업을 실시하거나 지원할 수 있다. 이 경우 교육감 또는 지역교육장과 협의하여야 한다.,위임,조례,,rule
P05585,② 지방자치단체의 장은 해당 지방자치단체의 조례로 정하는 바에 따라 주민을 위한 평생교육진흥사업을 실시하거나 지원할 수 있다. 이 경우 교육감 또는 지역교육장과 협의하여야 한다.,위임,조례,,rule
P05586,② 지방자치단체의 장은 해당 지방자치단체의 조례로 정하는 바에 따라 주민을 위한 평생교육진흥사업을 실시하거나 지원할 수 있다. 이 경우 교육감 또는 지역교육장과 협의하여야 한다.,위임,조례,,rule
P05587,② 지방자치단체의 장은 해당 지방자치단체의 조례로 정하는 바에 따라 주민을 위한 평생교육진흥사업을 실시하거나 지원할 수 있다. 이 경우 교육감 또는 지역교육장과 협의하여야 한다.,위임,조례,,rule
P05588,② 지방자치단체의 장은 해당 지방자치단체의 조례로 정하는 바에 따라 주민을 위한 평생교육진흥사업을 실시하거나 지원할 수 있다. 이 경우 교육감 또는 지역교육장과 협의하여야 한다.,위임,조례,,rule
P05589,② 지방자치단체의 장은 해당 지방자치단체의 조례로 정하는 바에 따라 주민을 위한 평생교육진흥사업을 실시하거나 지원할 수 있다. 이 경우 교육감 또는 지역교육장과 협의하여야 한다.,위임,조례,,rule
P05590,② 지방자치단체의 장은 해당 지방자치단체의 조례로 정하는 바에 따라 주민을 위한 평생교육진흥사업을 실시하거나 지원할 수 있다. 이 경우 교육감 또는 지역교육장과 협의하여야 한다.,위임,조례,,rule
P05591,② 지방자치단체의 장은 해당 지방자치단체의 조례로 정하는 바에 따라 주민을 위한 평생교육진흥사업을 실시하거나 지원할 수 있다. 이 경우 교육감 또는 지역교육장과 협의하여야 한다.,위임,조례,,rule
P05592,② 지방자치단체의 장은 해당 지방자치단체의 조례로 정하는 바에 따라 주민을 위한 평생교육진흥사업을 실시하거나 지원할 수 있다. 이 경우 교육감 또는 지역교육장과 협의하여야 한다.,위임,조례,,rule
P05593,② 지방자치단체의 장은 해당 지방자치단체의 조례로 정하는 바에 따라 주민을 위한 평생교육진흥사업을 실시하거나 지원할 수 있다. 이 경우 교육감 또는 지역교육장과 협의하여야 한다.,위임,조례,,rule
P05594,② 지방자치단체의 장은 해당 지방자치단체의 조례로 정하는 바에 따라 주민을 위한 평생교육진흥사업을 실시하거나 지원할 수 있다. 이 경우 교육감 또는 지역교육장과 협의하여야 한다.,위임,조례,,rule
P05595,② 지방자치단체의 장은 해당 지방자치단체의 조례로 정하는 바에 따라 주민을 위한 평생교육진흥사업을 실시하거나 지원할 수 있다. 이 경우 교육감 또는 지역교육장과 협의하여야 한다.,위임,조례,,rule
P05596,② 지방자치단체의 장은 해당 지방자치단체의 조례로 정하는 바에 따라 주민을 위한 평생교육진흥사업을 실시하거나 지원할 수 있다. 이 경우 교육감 또는 지역교육장과 협의하여야 한다.,위임,조례,,rule
P05597,② 지방자치단체의 장은 해당 지방자치단체의 조례로 정하는 바에 따라 주민을 위한 평생교육진흥사업을 실시하거나 지원할 수 있다. 이 경우 교육감 또는 지역교육장과 협의하여야 한다.,위임,조례,,rule
P05598,② 지방자치단체의 장은 해당 지방자치단체의 조례로 정하는 바에 따라 주민을 위한 평생교육진흥사업을 실시하거나 지원할 수 있다. 이 경우 교육감 또는 지역교육장과 협의하여야 한다.,위임,조례,,rule
P05599,② 지방자치단체의 장은 해당 지방자치단체의 조례로 정하는 바에 따라 주민을 위한 평생교육진흥사업을 실시하거나 지원할 수 있다. 이 경우 교육감 또는 지역교육장과 협의하여야 한다.,위임,조례,,rule
P05600,② 지방자치단체의 장은 해당 지방자치단체의 조례로 정하는 바에 따라 주민을 위한 평생교육진흥사업을 실시하거나 지원할 수 있다. 이 경우 교육감 또는 지역교육장과 협의하여야 한다.,위임,조례,,rule
P05601,② 지방자치단체의 장은 해당 지방자치단체의 조례로 정하는 바에 따라 주민을 위한 평생교육진흥사업을 실시하거나 지원할 수 있다. 이 경우 교육감 또는 지역교육장과 협의하여야 한다.,위임,조례,,rule
P05602,② 지방자치단체의 장은 해당 지방자치단체의 조례로 정하는 바에 따라 주민을 위한 평생교육진흥사업을 실시하거나 지원할 수 있다. 이 경우 교육감 또는 지역교육장과 협의하여야 한다.,위임,조례,,rule
P05603,② 지방자치단체의 장은 해당 지방자치단체의 조례로 정하는 바에 따라 주민을 위한 평생교육진흥사업을 실시하거나 지원할 수 있다. 이 경우 교육감 또는 지역교육장과 협의하여야 한다.,위임,조례,,rule
P05604,② 지방자치단체의 장은 해당 지방자치단체의 조례로 정하는 바에 따라 주민을 위한 평생교육진흥사업을 실시하거나 지원할 수 있다. 이 경우 교육감 또는 지역교육장과 협의하여야 한다.,위임,조례,,rule
P05605,② 지방자치단체의 장은 해당 지방자치단체의 조례로 정하는 바에 따라 주민을 위한 평생교육진흥사업을 실시하거나 지원할 수 있다. 이 경우 교육감 또는 지역교육장과 협의하여야 한다.,위임,조례,,rule
P05606,② 지방자치단체의 장은 해당 지방자치단체의 조례로 정하는 바에 따라 주민을 위한 평생교육진흥사업을 실시하거나 지원할 수 있다. 이 경우 교육감 또는 지역교육장과 협의하여야 한다.,위임,조례,,rule
P05607,② 지방자치단체의 장은 해당 지방자치단체의 조례로 정하는 바에 따라 주민을 위한 평생교육진흥사업을 실시하거나 지원할 수 있다. 이 경우 교육감 또는 지역교육장과 협의하여야 한다.,위임,조례,,rule
P05608,② 지방자치단체의 장은 해당 지방자치단체의 조례로 정하는 바에 따라 주민을 위한 평생교육진흥사업을 실시하거나 지원할 수 있다. 이 경우 교육감 또는 지역교육장과 협의하여야 한다.,위임,조례,,rule
P05609,② 지방자치단체의 장은 해당 지방자치단체의 조례로 정하는 바에 따라 주민을 위한 평생교육진흥사업을 실시하거나 지원할 수 있다. 이 경우 교육감 또는 지역교육장과 협의하여야 한다.,위임,조례,,rule
P05610,② 지방자치단체의 장은 해당 지방자치단체의 조례로 정하는 바에 따라 주민을 위한 평생교육진흥사업을 실시하거나 지원할 수 있다. 이 경우 교육감 또는 지역교육장과 협의하여야 한다.,위임,조례,,rule
P05611,② 지방자치단체의 장은 해당 지방자치단체의 조례로 정하는 바에 따라 주민을 위한 평생교육진흥사업을 실시하거나 지원할 수 있다. 이 경우 교육감 또는 지역교육장과 협의하여야 한다.,위임,조례,,rule
P05612,② 지방자치단체의 장은 해당 지방자치단체의 조례로 정하는 바에 따라 주민을 위한 평생교육진흥사업을 실시하거나 지원할 수 있다. 이 경우 교육감 또는 지역교육장과 협의하여야 한다.,위임,조례,,rule
P05613,② 지방자치단체의 장은 해당 지방자치단체의 조례로 정하는 바에 따라 주민을 위한 평생교육진흥사업을 실시하거나 지원할 수 있다. 이 경우 교육감 또는 지역교육장과 협의하여야 한다.,위임,조례,,rule
P05614,② 지방자치단체의 장은 해당 지방자치단체의 조례로 정하는 바에 따라 주민을 위한 평생교육진흥사업을 실시하거나 지원할 수 있다. 이 경우 교육감 또는 지역교육장과 협의하여야 한다.,위임,조례,,rule
P05615,② 지방자치단체의 장은 해당 지방자치단체의 조례로 정하는 바에 따라 주민을 위한 평생교육진흥사업을 실시하거나 지원할 수 있다. 이 경우 교육감 또는 지역교육장과 협의하여야 한다.,위임,조례,,rule
P05616,② 지방자치단체의 장은 해당 지방자치단체의 조례로 정하는 바에 따라 주민을 위한 평생교육진흥사업을 실시하거나 지원할 수 있다. 이 경우 교육감 또는 지역교육장과 협의하여야 한다.,위임,조례,,rule
P05617,② 지방자치단체의 장은 해당 지방자치단체의 조례로 정하는 바에 따라 주민을 위한 평생교육진흥사업을 실시하거나 지원할 수 있다. 이 경우 교육감 또는 지역교육장과 협의하여야 한다.,위임,조례,,rule
P05618,② 지방자치단체의 장은 해당 지방자치단체의 조례로 정하는 바에 따라 주민을 위한 평생교육진흥사업을 실시하거나 지원할 수 있다. 이 경우 교육감 또는 지역교육장과 협의하여야 한다.,위임,조례,,rule
P05619,② 지방자치단체의 장은 해당 지방자치단체의 조례로 정하는 바에 따라 주민을 위한 평생교육진흥사업을 실시하거나 지원할 수 있다. 이 경우 교육감 또는 지역교육장과 협의하여야 한다.,위임,조례,,rule
P05620,② 지방자치단체의 장은 해당 지방자치단체의 조례로 정하는 바에 따라 주민을 위한 평생교육진흥사업을 실시하거나 지원할 수 있다. 이 경우 교육감 또는 지역교육장과 협의하여야 한다.,위임,조례,,rule
P05621,② 지방자치단체의 장은 해당 지방자치단체의 조례로 정하는 바에 따라 주민을 위한 평생교육진흥사업을 실시하거나 지원할 수 있다. 이 경우 교육감 또는 지역교육장과 협의하여야 한다.,위임,조례,,rule
P05622,② 지방자치단체의 장은 해당 지방자치단체의 조례로 정하는 바에 따라 주민을 위한 평생교육진흥사업을 실시하거나 지원할 수 있다. 이 경우 교육감 또는 지역교육장과 협의하여야 한다.,위임,조례,,rule
P05623,② 지방자치단체의 장은 해당 지방자치단체의 조례로 정하는 바에 따라 주민을 위한 평생교육진흥사업을 실시하거나 지원할 수 있다. 이 경우 교육감 또는 지역교육장과 협의하여야 한다.,위임,조례,,rule
P05624,② 지방자치단체의 장은 해당 지방자치단체의 조례로 정하는 바에 따라 주민을 위한 평생교육진흥사업을 실시하거나 지원할 수 있다. 이 경우 교육감 또는 지역교육장과 협의하여야 한다.,위임,조례,,rule
P05625,② 지방자치단체의 장은 해당 지방자치단체의 조례로 정하는 바에 따라 주민을 위한 평생교육진흥사업을 실시하거나 지원할 수 있다. 이 경우 교육감 또는 지역교육장과 협의하여야 한다.,위임,조례,,rule
P05626,② 지방자치단체의 장은 해당 지방자치단체의 조례로 정하는 바에 따라 주민을 위한 평생교육진흥사업을 실시하거나 지원할 수 있다. 이 경우 교육감 또는 지역교육장과 협의하여야 한다.,위임,조례,,rule
P05627,② 지방자치단체의 장은 해당 지방자치단체의 조례로 정하는 바에 따라 주민을 위한 평생교육진흥사업을 실시하거나 지원할 수 있다. 이 경우 교육감 또는 지역교육장과 협의하여야 한다.,위임,조례,,rule
P05628,② 지방자치단체의 장은 해당 지방자치단체의 조례로 정하는 바에 따라 주민을 위한 평생교육진흥사업을 실시하거나 지원할 수 있다. 이 경우 교육감 또는 지역교육장과 협의하여야 한다.,위임,조례,,rule
P05629,② 지방자치단체의 장은 해당 지방자치단체의 조례로 정하는 바에 따라 주민을 위한 평생교육진흥사업을 실시하거나 지원할 수 있다. 이 경우 교육감 또는 지역교육장과 협의하여야 한다.,위임,조례,,rule
P05630,② 지방자치단체의 장은 해당 지방자치단체의 조례로 정하는 바에 따라 주민을 위한 평생교육진흥사업을 실시하거나 지원할 수 있다. 이 경우 교육감 또는 지역교육장과 협의하여야 한다.,위임,조례,,rule
P05631,② 지방자치단체의 장은 해당 지방자치단체의 조례로 정하는 바에 따라 주민을 위한 평생교육진흥사업을 실시하거나 지원할 수 있다. 이 경우 교육감 또는 지역교육장과 협의하여야 한다.,위임,조례,,rule
P05632,② 지방자치단체의 장은 해당 지방자치단체의 조례로 정하는 바에 따라 주민을 위한 평생교육진흥사업을 실시하거나 지원할 수 있다. 이 경우 교육감 또는 지역교육장과 협의하여야 한다.,위임,조례,,rule
P05633,② 지방자치단체의 장은 해당 지방자치단체의 조례로 정하는 바에 따라 주민을 위한 평생교육진흥사업을 실시하거나 지원할 수 있다. 이 경우 교육감 또는 지역교육장과 협의하여야 한다.,위임,조례,,rule
P05634,② 지방자치단체의 장은 해당 지방자치단체의 조례로 정하는 바에 따라 주민을 위한 평생교육진흥사업을 실시하거나 지원할 수 있다. 이 경우 교육감 또는 지역교육장과 협의하여야 한다.,위임,조례,,rule
P05635,② 지방자치단체의 장은 해당 지방자치단체의 조례로 정하는 바에 따라 주민을 위한 평생교육진흥사업을 실시하거나 지원할 수 있다. 이 경우 교육감 또는 지역교육장과 협의하여야 한다.,위임,조례,,rule
P05636,② 지방자치단체의 장은 해당 지방자치단체의 조례로 정하는 바에 따라 주민을 위한 평생교육진흥사업을 실시하거나 지원할 수 있다. 이 경우 교육감 또는 지역교육장과 협의하여야 한다.,위임,조례,,rule
P05637,② 지방자치단체의 장은 해당 지방자치단체의 조례로 정하는 바에 따라 주민을 위한 평생교육진흥사업을 실시하거나 지원할 수 있다. 이 경우 교육감 또는 지역교육장과 협의하여야 한다.,위임,조례,,rule
P05638,② 지방자치단체의 장은 해당 지방자치단체의 조례로 정하는 바에 따라 주민을 위한 평생교육진흥사업을 실시하거나 지원할 수 있다. 이 경우 교육감 또는 지역교육장과 협의하여야 한다.,위임,조례,,rule
P05639,② 지방자치단체의 장은 해당 지방자치단체의 조례로 정하는 바에 따라 주민을 위한 평생교육진흥사업을 실시하거나 지원할 수 있다. 이 경우 교육감 또는 지역교육장과 협의하여야 한다.,위임,조례,,rule
P05640,② 지방자치단체의 장은 해당 지방자치단체의 조례로 정하는 바에 따라 주민을 위한 평생교육진흥사업을 실시하거나 지원할 수 있다. 이 경우 교육감 또는 지역교육장과 협의하여야 한다.,위임,조례,,rule
P05641,② 지방자치단체의 장은 해당 지방자치단체의 조례로 정하는 바에 따라 주민을 위한 평생교육진흥사업을 실시하거나 지원할 수 있다. 이 경우 교육감 또는 지역교육장과 협의하여야 한다.,위임,조례,,rule
P05642,② 지방자치단체의 장은 해당 지방자치단체의 조례로 정하는 바에 따라 주민을 위한 평생교육진흥사업을 실시하거나 지원할 수 있다. 이 경우 교육감 또는 지역교육장과 협의하여야 한다.,위임,조례,,rule
P05643,② 지방자치단체의 장은 해당 지방자치단체의 조례로 정하는 바에 따라 주민을 위한 평생교육진흥사업을 실시하거나 지원할 수 있다. 이 경우 교육감 또는 지역교육장과 협의하여야 한다.,위임,조례,,rule
P05644,② 지방자치단체의 장은 해당 지방자치단체의 조례로 정하는 바에 따라 주민을 위한 평생교육진흥사업을 실시하거나 지원할 수 있다. 이 경우 교육감 또는 지역교육장과 협의하여야 한다.,위임,조례,,rule
P05645,② 지방자치단체의 장은 해당 지방자치단체의 조례로 정하는 바에 따라 주민을 위한 평생교육진흥사업을 실시하거나 지원할 수 있다. 이 경우 교육감 또는 지역교육장과 협의하여야 한다.,위임,조례,,rule
P05646,② 지방자치단체의 장은 해당 지방자치단체의 조례로 정하는 바에 따라 주민을 위한 평생교육진흥사업을 실시하거나 지원할 수 있다. 이 경우 교육감 또는 지역교육장과 협의하여야 한다.,위임,조례,,rule
P05647,② 지방자치단체의 장은 해당 지방자치단체의 조례로 정하는 바에 따라 주민을 위한 평생교육진흥사업을 실시하거나 지원할 수 있다. 이 경우 교육감 또는 지역교육장과 협의하여야 한다.,위임,조례,,rule
P05648,② 지방자치단체의 장은 해당 지방자치단체의 조례로 정하는 바에 따라 주민을 위한 평생교육진흥사업을 실시하거나 지원할 수 있다. 이 경우 교육감 또는 지역교육장과 협의하여야 한다.,위임,조례,,rule
P05649,② 지방자치단체의 장은 해당 지방자치단체의 조례로 정하는 바에 따라 주민을 위한 평생교육진흥사업을 실시하거나 지원할 수 있다. 이 경우 교육감 또는 지역교육장과 협의하여야 한다.,위임,조례,,rule
P05650,② 지방자치단체의 장은 해당 지방자치단체의 조례로 정하는 바에 따라 주민을 위한 평생교육진흥사업을 실시하거나 지원할 수 있다. 이 경우 교육감 또는 지역교육장과 협의하여야 한다.,위임,조례,,rule
P05651,② 지방자치단체의 장은 해당 지방자치단체의 조례로 정하는 바에 따라 주민을 위한 평생교육진흥사업을 실시하거나 지원할 수 있다. 이 경우 교육감 또는 지역교육장과 협의하여야 한다.,위임,조례,,rule
P05652,② 지방자치단체의 장은 해당 지방자치단체의 조례로 정하는 바에 따라 주민을 위한 평생교육진흥사업을 실시하거나 지원할 수 있다. 이 경우 교육감 또는 지역교육장과 협의하여야 한다.,위임,조례,,rule
P05653,② 지방자치단체의 장은 해당 지방자치단체의 조례로 정하는 바에 따라 주민을 위한 평생교육진흥사업을 실시하거나 지원할 수 있다. 이 경우 교육감 또는 지역교육장과 협의하여야 한다.,위임,조례,,rule
P05654,② 지방자치단체의 장은 해당 지방자치단체의 조례로 정하는 바에 따라 주민을 위한 평생교육진흥사업을 실시하거나 지원할 수 있다. 이 경우 교육감 또는 지역교육장과 협의하여야 한다.,위임,조례,,rule
P05655,② 지방자치단체의 장은 해당 지방자치단체의 조례로 정하는 바에 따라 주민을 위한 평생교육진흥사업을 실시하거나 지원할 수 있다. 이 경우 교육감 또는 지역교육장과 협의하여야 한다.,위임,조례,,rule
P05656,② 지방자치단체의 장은 해당 지방자치단체의 조례로 정하는 바에 따라 주민을 위한 평생교육진흥사업을 실시하거나 지원할 수 있다. 이 경우 교육감 또는 지역교육장과 협의하여야 한다.,위임,조례,,rule
P05657,대통령령으로 신청자의,판단불가,해당없음,,rule
P05658,대통령령으로 정하는,위임,대통령령,,rule
P05659,대통령령으로 정하는 바에 따라 전담기관을,위임,대통령령,,rule
P05660,대통령령으로 정한다,위임,대통령령,,rule
P05661,대통령령으로 정한다,위임,대통령령,,rule
P05662,환수 등에 필요한 사항은 대통령령으로,위임,대통령령,,rule
P05663,대통령령으로 정하는 바에 따라 국가평생교육통계센터를,위임,대통령령,,rule
P05664,평생교육종합정보시스템의 구축·운영에 필요한 사항은 대통령령으로,위임,대통령령,,rule
P05665,필요한 사항은 대통령령으로,위임,대통령령,,rule
P05666,교육부령으로 정하는 인권교육을,위임,부령,,rule
P05667,필요한 사항은 대통령령으로,위임,대통령령,,rule
P05668,대통령령으로 정하는,위임,대통령령,,rule
P05669,대통령령으로 정한다,위임,대통령령,,rule
P05670,대통령령으로 정하는,위임,대통령령,,rule
P05671,대통령령으로 정하는,위임,대통령령,,rule
P05672,대통령령으로 정하는,위임,대통령령,,rule
P05673,④ 제1항 및 제2항에 따른 평생학습관의 설치·운영 등에 필요한 사항은 해당 지방자치단체의 조례로 정한다.,위임,조례,,rule
P05674,④ 제1항 및 제2항에 따른 평생학습관의 설치·운영 등에 필요한 사항은 해당 지방자치단체의 조례로 정한다.,위임,조례,,rule
P05675,④ 제1항 및 제2항에 따른 평생학습관의 설치·운영 등에 필요한 사항은 해당 지방자치단체의 조례로 정한다.,위임,조례,,rule
P05676,④ 제1항 및 제2항에 따른 평생학습관의 설치·운영 등에 필요한 사항은 해당 지방자치단체의 조례로 정한다.,위임,조례,,rule
P05677,④ 제1항 및 제2항에 따른 평생학습관의 설치·운영 등에 필요한 사항은 해당 지방자치단체의 조례로 정한다.,위임,조례,,rule
P05678,④ 제1항 및 제2항에 따른 평생학습관의 설치·운영 등에 필요한 사항은 해당 지방자치단체의 조례로 정한다.,위임,조례,,rule
P05679,④ 제1항 및 제2항에 따른 평생학습관의 설치·운영 등에 필요한 사항은 해당 지방자치단체의 조례로 정한다.,위임,조례,,rule
P05680,④ 제1항 및 제2항에 따른 평생학습관의 설치·운영 등에 필요한 사항은 해당 지방자치단체의 조례로 정한다.,위임,조례,,rule
P05681,④ 제1항 및 제2항에 따른 평생학습관의 설치·운영 등에 필요한 사항은 해당 지방자치단체의 조례로 정한다.,위임,조례,,rule
P05682,④ 제1항 및 제2항에 따른 평생학습관의 설치·운영 등에 필요한 사항은 해당 지방자치단체의 조례로 정한다.,위임,조례,,rule
P05683,④ 제1항 및 제2항에 따른 평생학습관의 설치·운영 등에 필요한 사항은 해당 지방자치단체의 조례로 정한다.,위임,조례,,rule
P05684,④ 제1항 및 제2항에 따른 평생학습관의 설치·운영 등에 필요한 사항은 해당 지방자치단체의 조례로 정한다.,위임,조례,,rule
P05685,④ 제1항 및 제2항에 따른 평생학습관의 설치·운영 등에 필요한 사항은 해당 지방자치단체의 조례로 정한다.,위임,조례,,rule
P05686,④ 제1항 및 제2항에 따른 평생학습관의 설치·운영 등에 필요한 사항은 해당 지방자치단체의 조례로 정한다.,위임,조례,,rule
P05687,④ 제1항 및 제2항에 따른 평생학습관의 설치·운영 등에 필요한 사항은 해당 지방자치단체의 조례로 정한다.,위임,조례,,rule
P05688,④ 제1항 및 제2항에 따른 평생학습관의 설치·운영 등에 필요한 사항은 해당 지방자치단체의 조례로 정한다.,위임,조례,,rule
P05689,④ 제1항 및 제2항에 따른 평생학습관의 설치·운영 등에 필요한 사항은 해당 지방자치단체의 조례로 정한다.,위임,조례,,rule
P05690,④ 제1항 및 제2항에 따른 평생학습관의 설치·운영 등에 필요한 사항은 해당 지방자치단체의 조례로 정한다.,위임,조례,,rule
P05691,④ 제1항 및 제2항에 따른 평생학습관의 설치·운영 등에 필요한 사항은 해당 지방자치단체의 조례로 정한다.,위임,조례,,rule
P05692,④ 제1항 및 제2항에 따른 평생학습관의 설치·운영 등에 필요한 사항은 해당 지방자치단체의 조례로 정한다.,위임,조례,,rule
P05693,④ 제1항 및 제2항에 따른 평생학습관의 설치·운영 등에 필요한 사항은 해당 지방자치단체의 조례로 정한다.,위임,조례,,rule
P05694,④ 제1항 및 제2항에 따른 평생학습관의 설치·운영 등에 필요한 사항은 해당 지방자치단체의 조례로 정한다.,위임,조례,,rule
P05695,④ 제1항 및 제2항에 따른 평생학습관의 설치·운영 등에 필요한 사항은 해당 지방자치단체의 조례로 정한다.,위임,조례,,rule
P05696,④ 제1항 및 제2항에 따른 평생학습관의 설치·운영 등에 필요한 사항은 해당 지방자치단체의 조례로 정한다.,위임,조례,,rule
P05697,④ 제1항 및 제2항에 따른 평생학습관의 설치·운영 등에 필요한 사항은 해당 지방자치단체의 조례로 정한다.,위임,조례,,rule
P05698,④ 제1항 및 제2항에 따른 평생학습관의 설치·운영 등에 필요한 사항은 해당 지방자치단체의 조례로 정한다.,위임,조례,,rule
P05699,④ 제1항 및 제2항에 따른 평생학습관의 설치·운영 등에 필요한 사항은 해당 지방자치단체의 조례로 정한다.,위임,조례,,rule
P05700,④ 제1항 및 제2항에 따른 평생학습관의 설치·운영 등에 필요한 사항은 해당 지방자치단체의 조례로 정한다.,위임,조례,,rule
P05701,④ 제1항 및 제2항에 따른 평생학습관의 설치·운영 등에 필요한 사항은 해당 지방자치단체의 조례로 정한다.,위임,조례,,rule
P05702,④ 제1항 및 제2항에 따른 평생학습관의 설치·운영 등에 필요한 사항은 해당 지방자치단체의 조례로 정한다.,위임,조례,,rule
P05703,④ 제1항 및 제2항에 따른 평생학습관의 설치·운영 등에 필요한 사항은 해당 지방자치단체의 조례로 정한다.,위임,조례,,rule
P05704,④ 제1항 및 제2항에 따른 평생학습관의 설치·운영 등에 필요한 사항은 해당 지방자치단체의 조례로 정한다.,위임,조례,,rule
P05705,④ 제1항 및 제2항에 따른 평생학습관의 설치·운영 등에 필요한 사항은 해당 지방자치단체의 조례로 정한다.,위임,조례,,rule
P05706,④ 제1항 및 제2항에 따른 평생학습관의 설치·운영 등에 필요한 사항은 해당 지방자치단체의 조례로 정한다.,위임,조례,,rule
P05707,④ 제1항 및 제2항에 따른 평생학습관의 설치·운영 등에 필요한 사항은 해당 지방자치단체의 조례로 정한다.,위임,조례,,rule
P05708,④ 제1항 및 제2항에 따른 평생학습관의 설치·운영 등에 필요한 사항은 해당 지방자치단체의 조례로 정한다.,위임,조례,,rule
P05709,④ 제1항 및 제2항에 따른 평생학습관의 설치·운영 등에 필요한 사항은 해당 지방자치단체의 조례로 정한다.,위임,조례,,rule
P05710,④ 제1항 및 제2항에 따른 평생학습관의 설치·운영 등에 필요한 사항은 해당 지방자치단체의 조례로 정한다.,위임,조례,,rule
P05711,④ 제1항 및 제2항에 따른 평생학습관의 설치·운영 등에 필요한 사항은 해당 지방자치단체의 조례로 정한다.,위임,조례,,rule
P05712,④ 제1항 및 제2항에 따른 평생학습관의 설치·운영 등에 필요한 사항은 해당 지방자치단체의 조례로 정한다.,위임,조례,,rule
P05713,④ 제1항 및 제2항에 따른 평생학습관의 설치·운영 등에 필요한 사항은 해당 지방자치단체의 조례로 정한다.,위임,조례,,rule
P05714,④ 제1항 및 제2항에 따른 평생학습관의 설치·운영 등에 필요한 사항은 해당 지방자치단체의 조례로 정한다.,위임,조례,,rule
P05715,④ 제1항 및 제2항에 따른 평생학습관의 설치·운영 등에 필요한 사항은 해당 지방자치단체의 조례로 정한다.,위임,조례,,rule
P05716,④ 제1항 및 제2항에 따른 평생학습관의 설치·운영 등에 필요한 사항은 해당 지방자치단체의 조례로 정한다.,위임,조례,,rule
P05717,④ 제1항 및 제2항에 따른 평생학습관의 설치·운영 등에 필요한 사항은 해당 지방자치단체의 조례로 정한다.,위임,조례,,rule
P05718,④ 제1항 및 제2항에 따른 평생학습관의 설치·운영 등에 필요한 사항은 해당 지방자치단체의 조례로 정한다.,위임,조례,,rule
P05719,④ 제1항 및 제2항에 따른 평생학습관의 설치·운영 등에 필요한 사항은 해당 지방자치단체의 조례로 정한다.,위임,조례,,rule
P05720,④ 제1항 및 제2항에 따른 평생학습관의 설치·운영 등에 필요한 사항은 해당 지방자치단체의 조례로 정한다.,위임,조례,,rule
P05721,④ 제1항 및 제2항에 따른 평생학습관의 설치·운영 등에 필요한 사항은 해당 지방자치단체의 조례로 정한다.,위임,조례,,rule
P05722,④ 제1항 및 제2항에 따른 평생학습관의 설치·운영 등에 필요한 사항은 해당 지방자치단체의 조례로 정한다.,위임,조례,,rule
P05723,④ 제1항 및 제2항에 따른 평생학습관의 설치·운영 등에 필요한 사항은 해당 지방자치단체의 조례로 정한다.,위임,조례,,rule
P05724,④ 제1항 및 제2항에 따른 평생학습관의 설치·운영 등에 필요한 사항은 해당 지방자치단체의 조례로 정한다.,위임,조례,,rule
P05725,④ 제1항 및 제2항에 따른 평생학습관의 설치·운영 등에 필요한 사항은 해당 지방자치단체의 조례로 정한다.,위임,조례,,rule
P05726,④ 제1항 및 제2항에 따른 평생학습관의 설치·운영 등에 필요한 사항은 해당 지방자치단체의 조례로 정한다.,위임,조례,,rule
P05727,④ 제1항 및 제2항에 따른 평생학습관의 설치·운영 등에 필요한 사항은 해당 지방자치단체의 조례로 정한다.,위임,조례,,rule
P05728,④ 제1항 및 제2항에 따른 평생학습관의 설치·운영 등에 필요한 사항은 해당 지방자치단체의 조례로 정한다.,위임,조례,,rule
P05729,④ 제1항 및 제2항에 따른 평생학습관의 설치·운영 등에 필요한 사항은 해당 지방자치단체의 조례로 정한다.,위임,조례,,rule
P05730,④ 제1항 및 제2항에 따른 평생학습관의 설치·운영 등에 필요한 사항은 해당 지방자치단체의 조례로 정한다.,위임,조례,,rule
P05731,④ 제1항 및 제2항에 따른 평생학습관의 설치·운영 등에 필요한 사항은 해당 지방자치단체의 조례로 정한다.,위임,조례,,rule
P05732,④ 제1항 및 제2항에 따른 평생학습관의 설치·운영 등에 필요한 사항은 해당 지방자치단체의 조례로 정한다.,위임,조례,,rule
P05733,④ 제1항 및 제2항에 따른 평생학습관의 설치·운영 등에 필요한 사항은 해당 지방자치단체의 조례로 정한다.,위임,조례,,rule
P05734,④ 제1항 및 제2항에 따른 평생학습관의 설치·운영 등에 필요한 사항은 해당 지방자치단체의 조례로 정한다.,위임,조례,,rule
P05735,④ 제1항 및 제2항에 따른 평생학습관의 설치·운영 등에 필요한 사항은 해당 지방자치단체의 조례로 정한다.,위임,조례,,rule
P05736,④ 제1항 및 제2항에 따른 평생학습관의 설치·운영 등에 필요한 사항은 해당 지방자치단체의 조례로 정한다.,위임,조례,,rule
P05737,④ 제1항 및 제2항에 따른 평생학습관의 설치·운영 등에 필요한 사항은 해당 지방자치단체의 조례로 정한다.,위임,조례,,rule
P05738,④ 제1항 및 제2항에 따른 평생학습관의 설치·운영 등에 필요한 사항은 해당 지방자치단체의 조례로 정한다.,위임,조례,,rule
P05739,④ 제1항 및 제2항에 따른 평생학습관의 설치·운영 등에 필요한 사항은 해당 지방자치단체의 조례로 정한다.,위임,조례,,rule
P05740,④ 제1항 및 제2항에 따른 평생학습관의 설치·운영 등에 필요한 사항은 해당 지방자치단체의 조례로 정한다.,위임,조례,,rule
P05741,④ 제1항 및 제2항에 따른 평생학습관의 설치·운영 등에 필요한 사항은 해당 지방자치단체의 조례로 정한다.,위임,조례,,rule
P05742,④ 제1항 및 제2항에 따른 평생학습관의 설치·운영 등에 필요한 사항은 해당 지방자치단체의 조례로 정한다.,위임,조례,,rule
P05743,④ 제1항 및 제2항에 따른 평생학습관의 설치·운영 등에 필요한 사항은 해당 지방자치단체의 조례로 정한다.,위임,조례,,rule
P05744,④ 제1항 및 제2항에 따른 평생학습관의 설치·운영 등에 필요한 사항은 해당 지방자치단체의 조례로 정한다.,위임,조례,,rule
P05745,④ 제1항 및 제2항에 따른 평생학습관의 설치·운영 등에 필요한 사항은 해당 지방자치단체의 조례로 정한다.,위임,조례,,rule
P05746,④ 제1항 및 제2항에 따른 평생학습관의 설치·운영 등에 필요한 사항은 해당 지방자치단체의 조례로 정한다.,위임,조례,,rule
P05747,④ 제1항 및 제2항에 따른 평생학습관의 설치·운영 등에 필요한 사항은 해당 지방자치단체의 조례로 정한다.,위임,조례,,rule
P05748,④ 제1항 및 제2항에 따른 평생학습관의 설치·운영 등에 필요한 사항은 해당 지방자치단체의 조례로 정한다.,위임,조례,,rule
P05749,④ 제1항 및 제2항에 따른 평생학습관의 설치·운영 등에 필요한 사항은 해당 지방자치단체의 조례로 정한다.,위임,조례,,rule
P05750,④ 제1항 및 제2항에 따른 평생학습관의 설치·운영 등에 필요한 사항은 해당 지방자치단체의 조례로 정한다.,위임,조례,,rule
P05751,④ 제1항 및 제2항에 따른 평생학습관의 설치·운영 등에 필요한 사항은 해당 지방자치단체의 조례로 정한다.,위임,조례,,rule
P05752,④ 제1항 및 제2항에 따른 평생학습관의 설치·운영 등에 필요한 사항은 해당 지방자치단체의 조례로 정한다.,위임,조례,,rule
P05753,④ 제1항 및 제2항에 따른 평생학습관의 설치·운영 등에 필요한 사항은 해당 지방자치단체의 조례로 정한다.,위임,조례,,rule
P05754,④ 제1항 및 제2항에 따른 평생학습관의 설치·운영 등에 필요한 사항은 해당 지방자치단체의 조례로 정한다.,위임,조례,,rule
P05755,④ 제1항 및 제2항에 따른 평생학습관의 설치·운영 등에 필요한 사항은 해당 지방자치단체의 조례로 정한다.,위임,조례,,rule
P05756,④ 제1항 및 제2항에 따른 평생학습관의 설치·운영 등에 필요한 사항은 해당 지방자치단체의 조례로 정한다.,위임,조례,,rule
P05757,④ 제1항 및 제2항에 따른 평생학습관의 설치·운영 등에 필요한 사항은 해당 지방자치단체의 조례로 정한다.,위임,조례,,rule
P05758,④ 제1항 및 제2항에 따른 평생학습관의 설치·운영 등에 필요한 사항은 해당 지방자치단체의 조례로 정한다.,위임,조례,,rule
P05759,④ 제1항 및 제2항에 따른 평생학습관의 설치·운영 등에 필요한 사항은 해당 지방자치단체의 조례로 정한다.,위임,조례,,rule
P05760,④ 제1항 및 제2항에 따른 평생학습관의 설치·운영 등에 필요한 사항은 해당 지방자치단체의 조례로 정한다.,위임,조례,,rule
P05761,④ 제1항 및 제2항에 따른 평생학습관의 설치·운영 등에 필요한 사항은 해당 지방자치단체의 조례로 정한다.,위임,조례,,rule
P05762,④ 제1항 및 제2항에 따른 평생학습관의 설치·운영 등에 필요한 사항은 해당 지방자치단체의 조례로 정한다.,위임,조례,,rule
P05763,④ 제1항 및 제2항에 따른 평생학습관의 설치·운영 등에 필요한 사항은 해당 지방자치단체의 조례로 정한다.,위임,조례,,rule
P05764,④ 제1항 및 제2항에 따른 평생학습관의 설치·운영 등에 필요한 사항은 해당 지방자치단체의 조례로 정한다.,위임,조례,,rule
P05765,④ 제1항 및 제2항에 따른 평생학습관의 설치·운영 등에 필요한 사항은 해당 지방자치단체의 조례로 정한다.,위임,조례,,rule
P05766,④ 제1항 및 제2항에 따른 평생학습관의 설치·운영 등에 필요한 사항은 해당 지방자치단체의 조례로 정한다.,위임,조례,,rule
P05767,④ 제1항 및 제2항에 따른 평생학습관의 설치·운영 등에 필요한 사항은 해당 지방자치단체의 조례로 정한다.,위임,조례,,rule
P05768,④ 제1항 및 제2항에 따른 평생학습관의 설치·운영 등에 필요한 사항은 해당 지방자치단체의 조례로 정한다.,위임,조례,,rule
P05769,④ 제1항 및 제2항에 따른 평생학습관의 설치·운영 등에 필요한 사항은 해당 지방자치단체의 조례로 정한다.,위임,조례,,rule
P05770,④ 제1항 및 제2항에 따른 평생학습관의 설치·운영 등에 필요한 사항은 해당 지방자치단체의 조례로 정한다.,위임,조례,,rule
P05771,④ 제1항 및 제2항에 따른 평생학습관의 설치·운영 등에 필요한 사항은 해당 지방자치단체의 조례로 정한다.,위임,조례,,rule
P05772,④ 제1항 및 제2항에 따른 평생학습관의 설치·운영 등에 필요한 사항은 해당 지방자치단체의 조례로 정한다.,위임,조례,,rule
P05773,④ 제1항 및 제2항에 따른 평생학습관의 설치·운영 등에 필요한 사항은 해당 지방자치단체의 조례로 정한다.,위임,조례,,rule
P05774,④ 제1항 및 제2항에 따른 평생학습관의 설치·운영 등에 필요한 사항은 해당 지방자치단체의 조례로 정한다.,위임,조례,,rule
P05775,④ 제1항 및 제2항에 따른 평생학습관의 설치·운영 등에 필요한 사항은 해당 지방자치단체의 조례로 정한다.,위임,조례,,rule
P05776,④ 제1항 및 제2항에 따른 평생학습관의 설치·운영 등에 필요한 사항은 해당 지방자치단체의 조례로 정한다.,위임,조례,,rule
P05777,④ 제1항 및 제2항에 따른 평생학습관의 설치·운영 등에 필요한 사항은 해당 지방자치단체의 조례로 정한다.,위임,조례,,rule
P05778,④ 제1항 및 제2항에 따른 평생학습관의 설치·운영 등에 필요한 사항은 해당 지방자치단체의 조례로 정한다.,위임,조례,,rule
P05779,④ 제1항 및 제2항에 따른 평생학습관의 설치·운영 등에 필요한 사항은 해당 지방자치단체의 조례로 정한다.,위임,조례,,rule
P05780,④ 제1항 및 제2항에 따른 평생학습관의 설치·운영 등에 필요한 사항은 해당 지방자치단체의 조례로 정한다.,위임,조례,,rule
P05781,④ 제1항 및 제2항에 따른 평생학습관의 설치·운영 등에 필요한 사항은 해당 지방자치단체의 조례로 정한다.,위임,조례,,rule
P05782,④ 제1항 및 제2항에 따른 평생학습관의 설치·운영 등에 필요한 사항은 해당 지방자치단체의 조례로 정한다.,위임,조례,,rule
P05783,④ 제1항 및 제2항에 따른 평생학습관의 설치·운영 등에 필요한 사항은 해당 지방자치단체의 조례로 정한다.,위임,조례,,rule
P05784,④ 제1항 및 제2항에 따른 평생학습관의 설치·운영 등에 필요한 사항은 해당 지방자치단체의 조례로 정한다.,위임,조례,,rule
P05785,④ 제1항 및 제2항에 따른 평생학습관의 설치·운영 등에 필요한 사항은 해당 지방자치단체의 조례로 정한다.,위임,조례,,rule
P05786,④ 제1항 및 제2항에 따른 평생학습관의 설치·운영 등에 필요한 사항은 해당 지방자치단체의 조례로 정한다.,위임,조례,,rule
P05787,④ 제1항 및 제2항에 따른 평생학습관의 설치·운영 등에 필요한 사항은 해당 지방자치단체의 조례로 정한다.,위임,조례,,rule
P05788,④ 제1항 및 제2항에 따른 평생학습관의 설치·운영 등에 필요한 사항은 해당 지방자치단체의 조례로 정한다.,위임,조례,,rule
P05789,④ 제1항 및 제2항에 따른 평생학습관의 설치·운영 등에 필요한 사항은 해당 지방자치단체의 조례로 정한다.,위임,조례,,rule
P05790,④ 제1항 및 제2항에 따른 평생학습관의 설치·운영 등에 필요한 사항은 해당 지방자치단체의 조례로 정한다.,위임,조례,,rule
P05791,④ 제1항 및 제2항에 따른 평생학습관의 설치·운영 등에 필요한 사항은 해당 지방자치단체의 조례로 정한다.,위임,조례,,rule
P05792,④ 제1항 및 제2항에 따른 평생학습관의 설치·운영 등에 필요한 사항은 해당 지방자치단체의 조례로 정한다.,위임,조례,,rule
P05793,④ 제1항 및 제2항에 따른 평생학습관의 설치·운영 등에 필요한 사항은 해당 지방자치단체의 조례로 정한다.,위임,조례,,rule
P05794,④ 제1항 및 제2항에 따른 평생학습관의 설치·운영 등에 필요한 사항은 해당 지방자치단체의 조례로 정한다.,위임,조례,,rule
P05795,④ 제1항 및 제2항에 따른 평생학습관의 설치·운영 등에 필요한 사항은 해당 지방자치단체의 조례로 정한다.,위임,조례,,rule
P05796,④ 제1항 및 제2항에 따른 평생학습관의 설치·운영 등에 필요한 사항은 해당 지방자치단체의 조례로 정한다.,위임,조례,,rule
P05797,④ 제1항 및 제2항에 따른 평생학습관의 설치·운영 등에 필요한 사항은 해당 지방자치단체의 조례로 정한다.,위임,조례,,rule
P05798,④ 제1항 및 제2항에 따른 평생학습관의 설치·운영 등에 필요한 사항은 해당 지방자치단체의 조례로 정한다.,위임,조례,,rule
P05799,④ 제1항 및 제2항에 따른 평생학습관의 설치·운영 등에 필요한 사항은 해당 지방자치단체의 조례로 정한다.,위임,조례,,rule
P05800,④ 제1항 및 제2항에 따른 평생학습관의 설치·운영 등에 필요한 사항은 해당 지방자치단체의 조례로 정한다.,위임,조례,,rule
P05801,④ 제1항 및 제2항에 따른 평생학습관의 설치·운영 등에 필요한 사항은 해당 지방자치단체의 조례로 정한다.,위임,조례,,rule
P05802,④ 제1항 및 제2항에 따른 평생학습관의 설치·운영 등에 필요한 사항은 해당 지방자치단체의 조례로 정한다.,위임,조례,,rule
P05803,④ 제1항 및 제2항에 따른 평생학습관의 설치·운영 등에 필요한 사항은 해당 지방자치단체의 조례로 정한다.,위임,조례,,rule
P05804,④ 제1항 및 제2항에 따른 평생학습관의 설치·운영 등에 필요한 사항은 해당 지방자치단체의 조례로 정한다.,위임,조례,,rule
P05805,④ 제1항 및 제2항에 따른 평생학습관의 설치·운영 등에 필요한 사항은 해당 지방자치단체의 조례로 정한다.,위임,조례,,rule
P05806,④ 제1항 및 제2항에 따른 평생학습관의 설치·운영 등에 필요한 사항은 해당 지방자치단체의 조례로 정한다.,위임,조례,,rule
P05807,④ 제1항 및 제2항에 따른 평생학습관의 설치·운영 등에 필요한 사항은 해당 지방자치단체의 조례로 정한다.,위임,조례,,rule
P05808,④ 제1항 및 제2항에 따른 평생학습관의 설치·운영 등에 필요한 사항은 해당 지방자치단체의 조례로 정한다.,위임,조례,,rule
P05809,④ 제1항 및 제2항에 따른 평생학습관의 설치·운영 등에 필요한 사항은 해당 지방자치단체의 조례로 정한다.,위임,조례,,rule
P05810,④ 제1항 및 제2항에 따른 평생학습관의 설치·운영 등에 필요한 사항은 해당 지방자치단체의 조례로 정한다.,위임,조례,,rule
P05811,④ 제1항 및 제2항에 따른 평생학습관의 설치·운영 등에 필요한 사항은 해당 지방자치단체의 조례로 정한다.,위임,조례,,rule
P05812,④ 제1항 및 제2항에 따른 평생학습관의 설치·운영 등에 필요한 사항은 해당 지방자치단체의 조례로 정한다.,위임,조례,,rule
P05813,④ 제1항 및 제2항에 따른 평생학습관의 설치·운영 등에 필요한 사항은 해당 지방자치단체의 조례로 정한다.,위임,조례,,rule
P05814,④ 제1항 및 제2항에 따른 평생학습관의 설치·운영 등에 필요한 사항은 해당 지방자치단체의 조례로 정한다.,위임,조례,,rule
P05815,④ 제1항 및 제2항에 따른 평생학습관의 설치·운영 등에 필요한 사항은 해당 지방자치단체의 조례로 정한다.,위임,조례,,rule
P05816,④ 제1항 및 제2항에 따른 평생학습관의 설치·운영 등에 필요한 사항은 해당 지방자치단체의 조례로 정한다.,위임,조례,,rule
P05817,④ 제1항 및 제2항에 따른 평생학습관의 설치·운영 등에 필요한 사항은 해당 지방자치단체의 조례로 정한다.,위임,조례,,rule
P05818,④ 제1항 및 제2항에 따른 평생학습관의 설치·운영 등에 필요한 사항은 해당 지방자치단체의 조례로 정한다.,위임,조례,,rule
P05819,④ 제1항 및 제2항에 따른 평생학습관의 설치·운영 등에 필요한 사항은 해당 지방자치단체의 조례로 정한다.,위임,조례,,rule
P05820,④ 제1항 및 제2항에 따른 평생학습관의 설치·운영 등에 필요한 사항은 해당 지방자치단체의 조례로 정한다.,위임,조례,,rule
P05821,④ 제1항 및 제2항에 따른 평생학습관의 설치·운영 등에 필요한 사항은 해당 지방자치단체의 조례로 정한다.,위임,조례,,rule
P05822,④ 제1항 및 제2항에 따른 평생학습관의 설치·운영 등에 필요한 사항은 해당 지방자치단체의 조례로 정한다.,위임,조례,,rule
P05823,④ 제1항 및 제2항에 따른 평생학습관의 설치·운영 등에 필요한 사항은 해당 지방자치단체의 조례로 정한다.,위임,조례,,rule
P05824,④ 제1항 및 제2항에 따른 평생학습관의 설치·운영 등에 필요한 사항은 해당 지방자치단체의 조례로 정한다.,위임,조례,,rule
P05825,④ 제1항 및 제2항에 따른 평생학습관의 설치·운영 등에 필요한 사항은 해당 지방자치단체의 조례로 정한다.,위임,조례,,rule
P05826,④ 제1항 및 제2항에 따른 평생학습관의 설치·운영 등에 필요한 사항은 해당 지방자치단체의 조례로 정한다.,위임,조례,,rule
P05827,④ 제1항 및 제2항에 따른 평생학습관의 설치·운영 등에 필요한 사항은 해당 지방자치단체의 조례로 정한다.,위임,조례,,rule
P05828,④ 제1항 및 제2항에 따른 평생학습관의 설치·운영 등에 필요한 사항은 해당 지방자치단체의 조례로 정한다.,위임,조례,,rule
P05829,④ 제1항 및 제2항에 따른 평생학습관의 설치·운영 등에 필요한 사항은 해당 지방자치단체의 조례로 정한다.,위임,조례,,rule
P05830,④ 제1항 및 제2항에 따른 평생학습관의 설치·운영 등에 필요한 사항은 해당 지방자치단체의 조례로 정한다.,위임,조례,,rule
P05831,④ 제1항 및 제2항에 따른 평생학습관의 설치·운영 등에 필요한 사항은 해당 지방자치단체의 조례로 정한다.,위임,조례,,rule
P05832,④ 제1항 및 제2항에 따른 평생학습관의 설치·운영 등에 필요한 사항은 해당 지방자치단체의 조례로 정한다.,위임,조례,,rule
P05833,④ 제1항 및 제2항에 따른 평생학습관의 설치·운영 등에 필요한 사항은 해당 지방자치단체의 조례로 정한다.,위임,조례,,rule
P05834,④ 제1항 및 제2항에 따른 평생학습관의 설치·운영 등에 필요한 사항은 해당 지방자치단체의 조례로 정한다.,위임,조례,,rule
P05835,④ 제1항 및 제2항에 따른 평생학습관의 설치·운영 등에 필요한 사항은 해당 지방자치단체의 조례로 정한다.,위임,조례,,rule
P05836,④ 제1항 및 제2항에 따른 평생학습관의 설치·운영 등에 필요한 사항은 해당 지방자치단체의 조례로 정한다.,위임,조례,,rule
P05837,④ 제1항 및 제2항에 따른 평생학습관의 설치·운영 등에 필요한 사항은 해당 지방자치단체의 조례로 정한다.,위임,조례,,rule
P05838,④ 제1항 및 제2항에 따른 평생학습관의 설치·운영 등에 필요한 사항은 해당 지방자치단체의 조례로 정한다.,위임,조례,,rule
P05839,④ 제1항 및 제2항에 따른 평생학습관의 설치·운영 등에 필요한 사항은 해당 지방자치단체의 조례로 정한다.,위임,조례,,rule
P05840,④ 제1항 및 제2항에 따른 평생학습관의 설치·운영 등에 필요한 사항은 해당 지방자치단체의 조례로 정한다.,위임,조례,,rule
P05841,④ 제1항 및 제2항에 따른 평생학습관의 설치·운영 등에 필요한 사항은 해당 지방자치단체의 조례로 정한다.,위임,조례,,rule
P05842,④ 제1항 및 제2항에 따른 평생학습관의 설치·운영 등에 필요한 사항은 해당 지방자치단체의 조례로 정한다.,위임,조례,,rule
P05843,④ 제1항 및 제2항에 따른 평생학습관의 설치·운영 등에 필요한 사항은 해당 지방자치단체의 조례로 정한다.,위임,조례,,rule
P05844,④ 제1항 및 제2항에 따른 평생학습관의 설치·운영 등에 필요한 사항은 해당 지방자치단체의 조례로 정한다.,위임,조례,,rule
P05845,④ 제1항 및 제2항에 따른 평생학습관의 설치·운영 등에 필요한 사항은 해당 지방자치단체의 조례로 정한다.,위임,조례,,rule
P05846,④ 제1항 및 제2항에 따른 평생학습관의 설치·운영 등에 필요한 사항은 해당 지방자치단체의 조례로 정한다.,위임,조례,,rule
P05847,④ 제1항 및 제2항에 따른 평생학습관의 설치·운영 등에 필요한 사항은 해당 지방자치단체의 조례로 정한다.,위임,조례,,rule
P05848,④ 제1항 및 제2항에 따른 평생학습관의 설치·운영 등에 필요한 사항은 해당 지방자치단체의 조례로 정한다.,위임,조례,,rule
P05849,④ 제1항 및 제2항에 따른 평생학습관의 설치·운영 등에 필요한 사항은 해당 지방자치단체의 조례로 정한다.,위임,조례,,rule
P05850,④ 제1항 및 제2항에 따른 평생학습관의 설치·운영 등에 필요한 사항은 해당 지방자치단체의 조례로 정한다.,위임,조례,,rule
P05851,④ 제1항 및 제2항에 따른 평생학습관의 설치·운영 등에 필요한 사항은 해당 지방자치단체의 조례로 정한다.,위임,조례,,rule
P05852,④ 제1항 및 제2항에 따른 평생학습관의 설치·운영 등에 필요한 사항은 해당 지방자치단체의 조례로 정한다.,위임,조례,,rule
P05853,④ 제1항 및 제2항에 따른 평생학습관의 설치·운영 등에 필요한 사항은 해당 지방자치단체의 조례로 정한다.,위임,조례,,rule
P05854,④ 제1항 및 제2항에 따른 평생학습관의 설치·운영 등에 필요한 사항은 해당 지방자치단체의 조례로 정한다.,위임,조례,,rule
P05855,④ 제1항 및 제2항에 따른 평생학습관의 설치·운영 등에 필요한 사항은 해당 지방자치단체의 조례로 정한다.,위임,조례,,rule
P05856,④ 제1항 및 제2항에 따른 평생학습관의 설치·운영 등에 필요한 사항은 해당 지방자치단체의 조례로 정한다.,위임,조례,,rule
P05857,④ 제1항 및 제2항에 따른 평생학습관의 설치·운영 등에 필요한 사항은 해당 지방자치단체의 조례로 정한다.,위임,조례,,rule
P05858,④ 제1항 및 제2항에 따른 평생학습관의 설치·운영 등에 필요한 사항은 해당 지방자치단체의 조례로 정한다.,위임,조례,,rule
P05859,④ 제1항 및 제2항에 따른 평생학습관의 설치·운영 등에 필요한 사항은 해당 지방자치단체의 조례로 정한다.,위임,조례,,rule
P05860,④ 제1항 및 제2항에 따른 평생학습관의 설치·운영 등에 필요한 사항은 해당 지방자치단체의 조례로 정한다.,위임,조례,,rule
P05861,④ 제1항 및 제2항에 따른 평생학습관의 설치·운영 등에 필요한 사항은 해당 지방자치단체의 조례로 정한다.,위임,조례,,rule
P05862,④ 제1항 및 제2항에 따른 평생학습관의 설치·운영 등에 필요한 사항은 해당 지방자치단체의 조례로 정한다.,위임,조례,,rule
P05863,④ 제1항 및 제2항에 따른 평생학습관의 설치·운영 등에 필요한 사항은 해당 지방자치단체의 조례로 정한다.,위임,조례,,rule
P05864,④ 제1항 및 제2항에 따른 평생학습관의 설치·운영 등에 필요한 사항은 해당 지방자치단체의 조례로 정한다.,위임,조례,,rule
P05865,④ 제1항 및 제2항에 따른 평생학습관의 설치·운영 등에 필요한 사항은 해당 지방자치단체의 조례로 정한다.,위임,조례,,rule
P05866,④ 제1항 및 제2항에 따른 평생학습관의 설치·운영 등에 필요한 사항은 해당 지방자치단체의 조례로 정한다.,위임,조례,,rule
P05867,④ 제1항 및 제2항에 따른 평생학습관의 설치·운영 등에 필요한 사항은 해당 지방자치단체의 조례로 정한다.,위임,조례,,rule
P05868,④ 제1항 및 제2항에 따른 평생학습관의 설치·운영 등에 필요한 사항은 해당 지방자치단체의 조례로 정한다.,위임,조례,,rule
P05869,④ 제1항 및 제2항에 따른 평생학습관의 설치·운영 등에 필요한 사항은 해당 지방자치단체의 조례로 정한다.,위임,조례,,rule
P05870,④ 제1항 및 제2항에 따른 평생학습관의 설치·운영 등에 필요한 사항은 해당 지방자치단체의 조례로 정한다.,위임,조례,,rule
P05871,④ 제1항 및 제2항에 따른 평생학습관의 설치·운영 등에 필요한 사항은 해당 지방자치단체의 조례로 정한다.,위임,조례,,rule
P05872,④ 제1항 및 제2항에 따른 평생학습관의 설치·운영 등에 필요한 사항은 해당 지방자치단체의 조례로 정한다.,위임,조례,,rule
P05873,④ 제1항 및 제2항에 따른 평생학습관의 설치·운영 등에 필요한 사항은 해당 지방자치단체의 조례로 정한다.,위임,조례,,rule
P05874,④ 제1항 및 제2항에 따른 평생학습관의 설치·운영 등에 필요한 사항은 해당 지방자치단체의 조례로 정한다.,위임,조례,,rule
P05875,④ 제1항 및 제2항에 따른 평생학습관의 설치·운영 등에 필요한 사항은 해당 지방자치단체의 조례로 정한다.,위임,조례,,rule
P05876,④ 제1항 및 제2항에 따른 평생학습관의 설치·운영 등에 필요한 사항은 해당 지방자치단체의 조례로 정한다.,위임,조례,,rule
P05877,④ 제1항 및 제2항에 따른 평생학습관의 설치·운영 등에 필요한 사항은 해당 지방자치단체의 조례로 정한다.,위임,조례,,rule
P05878,④ 제1항 및 제2항에 따른 평생학습관의 설치·운영 등에 필요한 사항은 해당 지방자치단체의 조례로 정한다.,위임,조례,,rule
P05879,④ 제1항 및 제2항에 따른 평생학습관의 설치·운영 등에 필요한 사항은 해당 지방자치단체의 조례로 정한다.,위임,조례,,rule
P05880,④ 제1항 및 제2항에 따른 평생학습관의 설치·운영 등에 필요한 사항은 해당 지방자치단체의 조례로 정한다.,위임,조례,,rule
P05881,④ 제1항 및 제2항에 따른 평생학습관의 설치·운영 등에 필요한 사항은 해당 지방자치단체의 조례로 정한다.,위임,조례,,rule
P05882,④ 제1항 및 제2항에 따른 평생학습관의 설치·운영 등에 필요한 사항은 해당 지방자치단체의 조례로 정한다.,위임,조례,,rule
P05883,④ 제1항 및 제2항에 따른 평생학습관의 설치·운영 등에 필요한 사항은 해당 지방자치단체의 조례로 정한다.,위임,조례,,rule
P05884,④ 제1항 및 제2항에 따른 평생학습관의 설치·운영 등에 필요한 사항은 해당 지방자치단체의 조례로 정한다.,위임,조례,,rule
P05885,④ 제1항 및 제2항에 따른 평생학습관의 설치·운영 등에 필요한 사항은 해당 지방자치단체의 조례로 정한다.,위임,조례,,rule
P05886,④ 제1항 및 제2항에 따른 평생학습관의 설치·운영 등에 필요한 사항은 해당 지방자치단체의 조례로 정한다.,위임,조례,,rule
P05887,④ 제1항 및 제2항에 따른 평생학습관의 설치·운영 등에 필요한 사항은 해당 지방자치단체의 조례로 정한다.,위임,조례,,rule
P05888,④ 제1항 및 제2항에 따른 평생학습관의 설치·운영 등에 필요한 사항은 해당 지방자치단체의 조례로 정한다.,위임,조례,,rule
P05889,④ 제1항 및 제2항에 따른 평생학습관의 설치·운영 등에 필요한 사항은 해당 지방자치단체의 조례로 정한다.,위임,조례,,rule
P05890,④ 제1항 및 제2항에 따른 평생학습관의 설치·운영 등에 필요한 사항은 해당 지방자치단체의 조례로 정한다.,위임,조례,,rule
P05891,④ 제1항 및 제2항에 따른 평생학습관의 설치·운영 등에 필요한 사항은 해당 지방자치단체의 조례로 정한다.,위임,조례,,rule
P05892,④ 제1항 및 제2항에 따른 평생학습관의 설치·운영 등에 필요한 사항은 해당 지방자치단체의 조례로 정한다.,위임,조례,,rule
P05893,④ 제1항 및 제2항에 따른 평생학습관의 설치·운영 등에 필요한 사항은 해당 지방자치단체의 조례로 정한다.,위임,조례,,rule
P05894,④ 제1항 및 제2항에 따른 평생학습관의 설치·운영 등에 필요한 사항은 해당 지방자치단체의 조례로 정한다.,위임,조례,,rule
P05895,④ 제1항 및 제2항에 따른 평생학습관의 설치·운영 등에 필요한 사항은 해당 지방자치단체의 조례로 정한다.,위임,조례,,rule
P05896,④ 제1항 및 제2항에 따른 평생학습관의 설치·운영 등에 필요한 사항은 해당 지방자치단체의 조례로 정한다.,위임,조례,,rule
P05897,④ 제1항 및 제2항에 따른 평생학습관의 설치·운영 등에 필요한 사항은 해당 지방자치단체의 조례로 정한다.,위임,조례,,rule
P05898,④ 제1항 및 제2항에 따른 평생학습관의 설치·운영 등에 필요한 사항은 해당 지방자치단체의 조례로 정한다.,위임,조례,,rule
P05899,④ 제1항 및 제2항에 따른 평생학습관의 설치·운영 등에 필요한 사항은 해당 지방자치단체의 조례로 정한다.,위임,조례,,rule
P05900,④ 제1항 및 제2항에 따른 평생학습관의 설치·운영 등에 필요한 사항은 해당 지방자치단체의 조례로 정한다.,위임,조례,,rule
P05901,④ 제1항 및 제2항에 따른 평생학습관의 설치·운영 등에 필요한 사항은 해당 지방자치단체의 조례로 정한다.,위임,조례,,rule
P05902,④ 제1항 및 제2항에 따른 평생학습관의 설치·운영 등에 필요한 사항은 해당 지방자치단체의 조례로 정한다.,위임,조례,,rule
P05903,④ 제1항 및 제2항에 따른 평생학습관의 설치·운영 등에 필요한 사항은 해당 지방자치단체의 조례로 정한다.,위임,조례,,rule
P05904,④ 제1항 및 제2항에 따른 평생학습관의 설치·운영 등에 필요한 사항은 해당 지방자치단체의 조례로 정한다.,위임,조례,,rule
P05905,④ 제1항 및 제2항에 따른 평생학습관의 설치·운영 등에 필요한 사항은 해당 지방자치단체의 조례로 정한다.,위임,조례,,rule
P05906,④ 제1항 및 제2항에 따른 평생학습관의 설치·운영 등에 필요한 사항은 해당 지방자치단체의 조례로 정한다.,위임,조례,,rule
P05907,④ 제1항 및 제2항에 따른 평생학습관의 설치·운영 등에 필요한 사항은 해당 지방자치단체의 조례로 정한다.,위임,조례,,rule
P05908,④ 제1항 및 제2항에 따른 평생학습관의 설치·운영 등에 필요한 사항은 해당 지방자치단체의 조례로 정한다.,위임,조례,,rule
P05909,④ 제1항 및 제2항에 따른 평생학습관의 설치·운영 등에 필요한 사항은 해당 지방자치단체의 조례로 정한다.,위임,조례,,rule
P05910,④ 제1항 및 제2항에 따른 평생학습관의 설치·운영 등에 필요한 사항은 해당 지방자치단체의 조례로 정한다.,위임,조례,,rule
P05911,④ 제1항 및 제2항에 따른 평생학습관의 설치·운영 등에 필요한 사항은 해당 지방자치단체의 조례로 정한다.,위임,조례,,rule
P05912,④ 제1항 및 제2항에 따른 평생학습관의 설치·운영 등에 필요한 사항은 해당 지방자치단체의 조례로 정한다.,위임,조례,,rule
P05913,④ 제1항 및 제2항에 따른 평생학습관의 설치·운영 등에 필요한 사항은 해당 지방자치단체의 조례로 정한다.,위임,조례,,rule
P05914,④ 제1항 및 제2항에 따른 평생학습관의 설치·운영 등에 필요한 사항은 해당 지방자치단체의 조례로 정한다.,위임,조례,,rule
P05915,④ 제1항 및 제2항에 따른 평생학습관의 설치·운영 등에 필요한 사항은 해당 지방자치단체의 조례로 정한다.,위임,조례,,rule
P05916,④ 제1항 및 제2항에 따른 평생학습관의 설치·운영 등에 필요한 사항은 해당 지방자치단체의 조례로 정한다.,위임,조례,,rule
P05917,④ 제1항 및 제2항에 따른 평생학습관의 설치·운영 등에 필요한 사항은 해당 지방자치단체의 조례로 정한다.,위임,조례,,rule
P05918,④ 제1항 및 제2항에 따른 평생학습관의 설치·운영 등에 필요한 사항은 해당 지방자치단체의 조례로 정한다.,위임,조례,,rule
P05919,④ 제1항 및 제2항에 따른 평생학습관의 설치·운영 등에 필요한 사항은 해당 지방자치단체의 조례로 정한다.,위임,조례,,rule
P05920,④ 제1항 및 제2항에 따른 평생학습관의 설치·운영 등에 필요한 사항은 해당 지방자치단체의 조례로 정한다.,위임,조례,,rule
P05921,④ 제1항 및 제2항에 따른 평생학습관의 설치·운영 등에 필요한 사항은 해당 지방자치단체의 조례로 정한다.,위임,조례,,rule
P05922,④ 제1항 및 제2항에 따른 평생학습관의 설치·운영 등에 필요한 사항은 해당 지방자치단체의 조례로 정한다.,위임,조례,,rule
P05923,④ 제1항 및 제2항에 따른 평생학습관의 설치·운영 등에 필요한 사항은 해당 지방자치단체의 조례로 정한다.,위임,조례,,rule
P05924,④ 제1항 및 제2항에 따른 평생학습관의 설치·운영 등에 필요한 사항은 해당 지방자치단체의 조례로 정한다.,위임,조례,,rule
P05925,④ 제1항 및 제2항에 따른 평생학습관의 설치·운영 등에 필요한 사항은 해당 지방자치단체의 조례로 정한다.,위임,조례,,rule
P05926,④ 제1항 및 제2항에 따른 평생학습관의 설치·운영 등에 필요한 사항은 해당 지방자치단체의 조례로 정한다.,위임,조례,,rule
P05927,④ 제1항 및 제2항에 따른 평생학습관의 설치·운영 등에 필요한 사항은 해당 지방자치단체의 조례로 정한다.,위임,조례,,rule
P05928,④ 제1항 및 제2항에 따른 평생학습관의 설치·운영 등에 필요한 사항은 해당 지방자치단체의 조례로 정한다.,위임,조례,,rule
P05929,④ 제1항 및 제2항에 따른 평생학습관의 설치·운영 등에 필요한 사항은 해당 지방자치단체의 조례로 정한다.,위임,조례,,rule
P05930,④ 제1항 및 제2항에 따른 평생학습관의 설치·운영 등에 필요한 사항은 해당 지방자치단체의 조례로 정한다.,위임,조례,,rule
P05931,④ 제1항 및 제2항에 따른 평생학습관의 설치·운영 등에 필요한 사항은 해당 지방자치단체의 조례로 정한다.,위임,조례,,rule
P05932,④ 제1항 및 제2항에 따른 평생학습관의 설치·운영 등에 필요한 사항은 해당 지방자치단체의 조례로 정한다.,위임,조례,,rule
P05933,④ 제1항 및 제2항에 따른 평생학습관의 설치·운영 등에 필요한 사항은 해당 지방자치단체의 조례로 정한다.,위임,조례,,rule
P05934,② 제1항에 따른 읍·면·동 평생학습센터의 설치 또는 지정 및 운영에 관한 사항은 해당 지방자치단체의 조례로 정한다.,위임,조례,,rule
P05935,② 제1항에 따른 읍·면·동 평생학습센터의 설치 또는 지정 및 운영에 관한 사항은 해당 지방자치단체의 조례로 정한다.,위임,조례,,rule
P05936,② 제1항에 따른 읍·면·동 평생학습센터의 설치 또는 지정 및 운영에 관한 사항은 해당 지방자치단체의 조례로 정한다.,위임,조례,,rule
P05937,② 제1항에 따른 읍·면·동 평생학습센터의 설치 또는 지정 및 운영에 관한 사항은 해당 지방자치단체의 조례로 정한다.,위임,조례,,rule
P05938,② 제1항에 따른 읍·면·동 평생학습센터의 설치 또는 지정 및 운영에 관한 사항은 해당 지방자치단체의 조례로 정한다.,위임,조례,,rule
P05939,② 제1항에 따른 읍·면·동 평생학습센터의 설치 또는 지정 및 운영에 관한 사항은 해당 지방자치단체의 조례로 정한다.,위임,조례,,rule
P05940,② 제1항에 따른 읍·면·동 평생학습센터의 설치 또는 지정 및 운영에 관한 사항은 해당 지방자치단체의 조례로 정한다.,위임,조례,,rule
P05941,② 제1항에 따른 읍·면·동 평생학습센터의 설치 또는 지정 및 운영에 관한 사항은 해당 지방자치단체의 조례로 정한다.,위임,조례,,rule
P05942,② 제1항에 따른 읍·면·동 평생학습센터의 설치 또는 지정 및 운영에 관한 사항은 해당 지방자치단체의 조례로 정한다.,위임,조례,,rule
P05943,② 제1항에 따른 읍·면·동 평생학습센터의 설치 또는 지정 및 운영에 관한 사항은 해당 지방자치단체의 조례로 정한다.,위임,조례,,rule
P05944,② 제1항에 따른 읍·면·동 평생학습센터의 설치 또는 지정 및 운영에 관한 사항은 해당 지방자치단체의 조례로 정한다.,위임,조례,,rule
P05945,② 제1항에 따른 읍·면·동 평생학습센터의 설치 또는 지정 및 운영에 관한 사항은 해당 지방자치단체의 조례로 정한다.,위임,조례,,rule
P05946,② 제1항에 따른 읍·면·동 평생학습센터의 설치 또는 지정 및 운영에 관한 사항은 해당 지방자치단체의 조례로 정한다.,위임,조례,,rule
P05947,② 제1항에 따른 읍·면·동 평생학습센터의 설치 또는 지정 및 운영에 관한 사항은 해당 지방자치단체의 조례로 정한다.,위임,조례,,rule
P05948,② 제1항에 따른 읍·면·동 평생학습센터의 설치 또는 지정 및 운영에 관한 사항은 해당 지방자치단체의 조례로 정한다.,위임,조례,,rule
P05949,② 제1항에 따른 읍·면·동 평생학습센터의 설치 또는 지정 및 운영에 관한 사항은 해당 지방자치단체의 조례로 정한다.,위임,조례,,rule
P05950,② 제1항에 따른 읍·면·동 평생학습센터의 설치 또는 지정 및 운영에 관한 사항은 해당 지방자치단체의 조례로 정한다.,위임,조례,,rule
P05951,② 제1항에 따른 읍·면·동 평생학습센터의 설치 또는 지정 및 운영에 관한 사항은 해당 지방자치단체의 조례로 정한다.,위임,조례,,rule
P05952,② 제1항에 따른 읍·면·동 평생학습센터의 설치 또는 지정 및 운영에 관한 사항은 해당 지방자치단체의 조례로 정한다.,위임,조례,,rule
P05953,② 제1항에 따른 읍·면·동 평생학습센터의 설치 또는 지정 및 운영에 관한 사항은 해당 지방자치단체의 조례로 정한다.,위임,조례,,rule
P05954,② 제1항에 따른 읍·면·동 평생학습센터의 설치 또는 지정 및 운영에 관한 사항은 해당 지방자치단체의 조례로 정한다.,위임,조례,,rule
P05955,② 제1항에 따른 읍·면·동 평생학습센터의 설치 또는 지정 및 운영에 관한 사항은 해당 지방자치단체의 조례로 정한다.,위임,조례,,rule
P05956,② 제1항에 따른 읍·면·동 평생학습센터의 설치 또는 지정 및 운영에 관한 사항은 해당 지방자치단체의 조례로 정한다.,위임,조례,,rule
P05957,② 제1항에 따른 읍·면·동 평생학습센터의 설치 또는 지정 및 운영에 관한 사항은 해당 지방자치단체의 조례로 정한다.,위임,조례,,rule
P05958,② 제1항에 따른 읍·면·동 평생학습센터의 설치 또는 지정 및 운영에 관한 사항은 해당 지방자치단체의 조례로 정한다.,위임,조례,,rule
P05959,② 제1항에 따른 읍·면·동 평생학습센터의 설치 또는 지정 및 운영에 관한 사항은 해당 지방자치단체의 조례로 정한다.,위임,조례,,rule
P05960,② 제1항에 따른 읍·면·동 평생학습센터의 설치 또는 지정 및 운영에 관한 사항은 해당 지방자치단체의 조례로 정한다.,위임,조례,,rule
P05961,② 제1항에 따른 읍·면·동 평생학습센터의 설치 또는 지정 및 운영에 관한 사항은 해당 지방자치단체의 조례로 정한다.,위임,조례,,rule
P05962,② 제1항에 따른 읍·면·동 평생학습센터의 설치 또는 지정 및 운영에 관한 사항은 해당 지방자치단체의 조례로 정한다.,위임,조례,,rule
P05963,② 제1항에 따른 읍·면·동 평생학습센터의 설치 또는 지정 및 운영에 관한 사항은 해당 지방자치단체의 조례로 정한다.,위임,조례,,rule
P05964,② 제1항에 따른 읍·면·동 평생학습센터의 설치 또는 지정 및 운영에 관한 사항은 해당 지방자치단체의 조례로 정한다.,위임,조례,,rule
P05965,② 제1항에 따른 읍·면·동 평생학습센터의 설치 또는 지정 및 운영에 관한 사항은 해당 지방자치단체의 조례로 정한다.,위임,조례,,rule
P05966,② 제1항에 따른 읍·면·동 평생학습센터의 설치 또는 지정 및 운영에 관한 사항은 해당 지방자치단체의 조례로 정한다.,위임,조례,,rule
P05967,② 제1항에 따른 읍·면·동 평생학습센터의 설치 또는 지정 및 운영에 관한 사항은 해당 지방자치단체의 조례로 정한다.,위임,조례,,rule
P05968,② 제1항에 따른 읍·면·동 평생학습센터의 설치 또는 지정 및 운영에 관한 사항은 해당 지방자치단체의 조례로 정한다.,위임,조례,,rule
P05969,② 제1항에 따른 읍·면·동 평생학습센터의 설치 또는 지정 및 운영에 관한 사항은 해당 지방자치단체의 조례로 정한다.,위임,조례,,rule
P05970,② 제1항에 따른 읍·면·동 평생학습센터의 설치 또는 지정 및 운영에 관한 사항은 해당 지방자치단체의 조례로 정한다.,위임,조례,,rule
P05971,② 제1항에 따른 읍·면·동 평생학습센터의 설치 또는 지정 및 운영에 관한 사항은 해당 지방자치단체의 조례로 정한다.,위임,조례,,rule
P05972,② 제1항에 따른 읍·면·동 평생학습센터의 설치 또는 지정 및 운영에 관한 사항은 해당 지방자치단체의 조례로 정한다.,위임,조례,,rule
P05973,② 제1항에 따른 읍·면·동 평생학습센터의 설치 또는 지정 및 운영에 관한 사항은 해당 지방자치단체의 조례로 정한다.,위임,조례,,rule
P05974,② 제1항에 따른 읍·면·동 평생학습센터의 설치 또는 지정 및 운영에 관한 사항은 해당 지방자치단체의 조례로 정한다.,위임,조례,,rule
P05975,② 제1항에 따른 읍·면·동 평생학습센터의 설치 또는 지정 및 운영에 관한 사항은 해당 지방자치단체의 조례로 정한다.,위임,조례,,rule
P05976,② 제1항에 따른 읍·면·동 평생학습센터의 설치 또는 지정 및 운영에 관한 사항은 해당 지방자치단체의 조례로 정한다.,위임,조례,,rule
P05977,② 제1항에 따른 읍·면·동 평생학습센터의 설치 또는 지정 및 운영에 관한 사항은 해당 지방자치단체의 조례로 정한다.,위임,조례,,rule
P05978,② 제1항에 따른 읍·면·동 평생학습센터의 설치 또는 지정 및 운영에 관한 사항은 해당 지방자치단체의 조례로 정한다.,위임,조례,,rule
P05979,② 제1항에 따른 읍·면·동 평생학습센터의 설치 또는 지정 및 운영에 관한 사항은 해당 지방자치단체의 조례로 정한다.,위임,조례,,rule
P05980,② 제1항에 따른 읍·면·동 평생학습센터의 설치 또는 지정 및 운영에 관한 사항은 해당 지방자치단체의 조례로 정한다.,위임,조례,,rule
P05981,② 제1항에 따른 읍·면·동 평생학습센터의 설치 또는 지정 및 운영에 관한 사항은 해당 지방자치단체의 조례로 정한다.,위임,조례,,rule
P05982,② 제1항에 따른 읍·면·동 평생학습센터의 설치 또는 지정 및 운영에 관한 사항은 해당 지방자치단체의 조례로 정한다.,위임,조례,,rule
P05983,② 제1항에 따른 읍·면·동 평생학습센터의 설치 또는 지정 및 운영에 관한 사항은 해당 지방자치단체의 조례로 정한다.,위임,조례,,rule
P05984,② 제1항에 따른 읍·면·동 평생학습센터의 설치 또는 지정 및 운영에 관한 사항은 해당 지방자치단체의 조례로 정한다.,위임,조례,,rule
P05985,② 제1항에 따른 읍·면·동 평생학습센터의 설치 또는 지정 및 운영에 관한 사항은 해당 지방자치단체의 조례로 정한다.,위임,조례,,rule
P05986,② 제1항에 따른 읍·면·동 평생학습센터의 설치 또는 지정 및 운영에 관한 사항은 해당 지방자치단체의 조례로 정한다.,위임,조례,,rule
P05987,② 제1항에 따른 읍·면·동 평생학습센터의 설치 또는 지정 및 운영에 관한 사항은 해당 지방자치단체의 조례로 정한다.,위임,조례,,rule
P05988,② 제1항에 따른 읍·면·동 평생학습센터의 설치 또는 지정 및 운영에 관한 사항은 해당 지방자치단체의 조례로 정한다.,위임,조례,,rule
P05989,② 제1항에 따른 읍·면·동 평생학습센터의 설치 또는 지정 및 운영에 관한 사항은 해당 지방자치단체의 조례로 정한다.,위임,조례,,rule
P05990,② 제1항에 따른 읍·면·동 평생학습센터의 설치 또는 지정 및 운영에 관한 사항은 해당 지방자치단체의 조례로 정한다.,위임,조례,,rule
P05991,② 제1항에 따른 읍·면·동 평생학습센터의 설치 또는 지정 및 운영에 관한 사항은 해당 지방자치단체의 조례로 정한다.,위임,조례,,rule
P05992,② 제1항에 따른 읍·면·동 평생학습센터의 설치 또는 지정 및 운영에 관한 사항은 해당 지방자치단체의 조례로 정한다.,위임,조례,,rule
P05993,② 제1항에 따른 읍·면·동 평생학습센터의 설치 또는 지정 및 운영에 관한 사항은 해당 지방자치단체의 조례로 정한다.,위임,조례,,rule
P05994,② 제1항에 따른 읍·면·동 평생학습센터의 설치 또는 지정 및 운영에 관한 사항은 해당 지방자치단체의 조례로 정한다.,위임,조례,,rule
P05995,② 제1항에 따른 읍·면·동 평생학습센터의 설치 또는 지정 및 운영에 관한 사항은 해당 지방자치단체의 조례로 정한다.,위임,조례,,rule
P05996,② 제1항에 따른 읍·면·동 평생학습센터의 설치 또는 지정 및 운영에 관한 사항은 해당 지방자치단체의 조례로 정한다.,위임,조례,,rule
P05997,② 제1항에 따른 읍·면·동 평생학습센터의 설치 또는 지정 및 운영에 관한 사항은 해당 지방자치단체의 조례로 정한다.,위임,조례,,rule
P05998,② 제1항에 따른 읍·면·동 평생학습센터의 설치 또는 지정 및 운영에 관한 사항은 해당 지방자치단체의 조례로 정한다.,위임,조례,,rule
P05999,② 제1항에 따른 읍·면·동 평생학습센터의 설치 또는 지정 및 운영에 관한 사항은 해당 지방자치단체의 조례로 정한다.,위임,조례,,rule
P06000,② 제1항에 따른 읍·면·동 평생학습센터의 설치 또는 지정 및 운영에 관한 사항은 해당 지방자치단체의 조례로 정한다.,위임,조례,,rule
P06001,② 제1항에 따른 읍·면·동 평생학습센터의 설치 또는 지정 및 운영에 관한 사항은 해당 지방자치단체의 조례로 정한다.,위임,조례,,rule
P06002,② 제1항에 따른 읍·면·동 평생학습센터의 설치 또는 지정 및 운영에 관한 사항은 해당 지방자치단체의 조례로 정한다.,위임,조례,,rule
P06003,② 제1항에 따른 읍·면·동 평생학습센터의 설치 또는 지정 및 운영에 관한 사항은 해당 지방자치단체의 조례로 정한다.,위임,조례,,rule
P06004,② 제1항에 따른 읍·면·동 평생학습센터의 설치 또는 지정 및 운영에 관한 사항은 해당 지방자치단체의 조례로 정한다.,위임,조례,,rule
P06005,② 제1항에 따른 읍·면·동 평생학습센터의 설치 또는 지정 및 운영에 관한 사항은 해당 지방자치단체의 조례로 정한다.,위임,조례,,rule
P06006,② 제1항에 따른 읍·면·동 평생학습센터의 설치 또는 지정 및 운영에 관한 사항은 해당 지방자치단체의 조례로 정한다.,위임,조례,,rule
P06007,② 제1항에 따른 읍·면·동 평생학습센터의 설치 또는 지정 및 운영에 관한 사항은 해당 지방자치단체의 조례로 정한다.,위임,조례,,rule
P06008,② 제1항에 따른 읍·면·동 평생학습센터의 설치 또는 지정 및 운영에 관한 사항은 해당 지방자치단체의 조례로 정한다.,위임,조례,,rule
P06009,② 제1항에 따른 읍·면·동 평생학습센터의 설치 또는 지정 및 운영에 관한 사항은 해당 지방자치단체의 조례로 정한다.,위임,조례,,rule
P06010,② 제1항에 따른 읍·면·동 평생학습센터의 설치 또는 지정 및 운영에 관한 사항은 해당 지방자치단체의 조례로 정한다.,위임,조례,,rule
P06011,② 제1항에 따른 읍·면·동 평생학습센터의 설치 또는 지정 및 운영에 관한 사항은 해당 지방자치단체의 조례로 정한다.,위임,조례,,rule
P06012,② 제1항에 따른 읍·면·동 평생학습센터의 설치 또는 지정 및 운영에 관한 사항은 해당 지방자치단체의 조례로 정한다.,위임,조례,,rule
P06013,② 제1항에 따른 읍·면·동 평생학습센터의 설치 또는 지정 및 운영에 관한 사항은 해당 지방자치단체의 조례로 정한다.,위임,조례,,rule
P06014,② 제1항에 따른 읍·면·동 평생학습센터의 설치 또는 지정 및 운영에 관한 사항은 해당 지방자치단체의 조례로 정한다.,위임,조례,,rule
P06015,② 제1항에 따른 읍·면·동 평생학습센터의 설치 또는 지정 및 운영에 관한 사항은 해당 지방자치단체의 조례로 정한다.,위임,조례,,rule
P06016,② 제1항에 따른 읍·면·동 평생학습센터의 설치 또는 지정 및 운영에 관한 사항은 해당 지방자치단체의 조례로 정한다.,위임,조례,,rule
P06017,② 제1항에 따른 읍·면·동 평생학습센터의 설치 또는 지정 및 운영에 관한 사항은 해당 지방자치단체의 조례로 정한다.,위임,조례,,rule
P06018,② 제1항에 따른 읍·면·동 평생학습센터의 설치 또는 지정 및 운영에 관한 사항은 해당 지방자치단체의 조례로 정한다.,위임,조례,,rule
P06019,② 제1항에 따른 읍·면·동 평생학습센터의 설치 또는 지정 및 운영에 관한 사항은 해당 지방자치단체의 조례로 정한다.,위임,조례,,rule
P06020,② 제1항에 따른 읍·면·동 평생학습센터의 설치 또는 지정 및 운영에 관한 사항은 해당 지방자치단체의 조례로 정한다.,위임,조례,,rule
P06021,② 제1항에 따른 읍·면·동 평생학습센터의 설치 또는 지정 및 운영에 관한 사항은 해당 지방자치단체의 조례로 정한다.,위임,조례,,rule
P06022,② 제1항에 따른 읍·면·동 평생학습센터의 설치 또는 지정 및 운영에 관한 사항은 해당 지방자치단체의 조례로 정한다.,위임,조례,,rule
P06023,② 제1항에 따른 읍·면·동 평생학습센터의 설치 또는 지정 및 운영에 관한 사항은 해당 지방자치단체의 조례로 정한다.,위임,조례,,rule
P06024,② 제1항에 따른 읍·면·동 평생학습센터의 설치 또는 지정 및 운영에 관한 사항은 해당 지방자치단체의 조례로 정한다.,위임,조례,,rule
P06025,② 제1항에 따른 읍·면·동 평생학습센터의 설치 또는 지정 및 운영에 관한 사항은 해당 지방자치단체의 조례로 정한다.,위임,조례,,rule
P06026,② 제1항에 따른 읍·면·동 평생학습센터의 설치 또는 지정 및 운영에 관한 사항은 해당 지방자치단체의 조례로 정한다.,위임,조례,,rule
P06027,② 제1항에 따른 읍·면·동 평생학습센터의 설치 또는 지정 및 운영에 관한 사항은 해당 지방자치단체의 조례로 정한다.,위임,조례,,rule
P06028,② 제1항에 따른 읍·면·동 평생학습센터의 설치 또는 지정 및 운영에 관한 사항은 해당 지방자치단체의 조례로 정한다.,위임,조례,,rule
P06029,② 제1항에 따른 읍·면·동 평생학습센터의 설치 또는 지정 및 운영에 관한 사항은 해당 지방자치단체의 조례로 정한다.,위임,조례,,rule
P06030,② 제1항에 따른 읍·면·동 평생학습센터의 설치 또는 지정 및 운영에 관한 사항은 해당 지방자치단체의 조례로 정한다.,위임,조례,,rule
P06031,② 제1항에 따른 읍·면·동 평생학습센터의 설치 또는 지정 및 운영에 관한 사항은 해당 지방자치단체의 조례로 정한다.,위임,조례,,rule
P06032,② 제1항에 따른 읍·면·동 평생학습센터의 설치 또는 지정 및 운영에 관한 사항은 해당 지방자치단체의 조례로 정한다.,위임,조례,,rule
P06033,② 제1항에 따른 읍·면·동 평생학습센터의 설치 또는 지정 및 운영에 관한 사항은 해당 지방자치단체의 조례로 정한다.,위임,조례,,rule
P06034,② 제1항에 따른 읍·면·동 평생학습센터의 설치 또는 지정 및 운영에 관한 사항은 해당 지방자치단체의 조례로 정한다.,위임,조례,,rule
P06035,② 제1항에 따른 읍·면·동 평생학습센터의 설치 또는 지정 및 운영에 관한 사항은 해당 지방자치단체의 조례로 정한다.,위임,조례,,rule
P06036,② 제1항에 따른 읍·면·동 평생학습센터의 설치 또는 지정 및 운영에 관한 사항은 해당 지방자치단체의 조례로 정한다.,위임,조례,,rule
P06037,② 제1항에 따른 읍·면·동 평생학습센터의 설치 또는 지정 및 운영에 관한 사항은 해당 지방자치단체의 조례로 정한다.,위임,조례,,rule
P06038,② 제1항에 따른 읍·면·동 평생학습센터의 설치 또는 지정 및 운영에 관한 사항은 해당 지방자치단체의 조례로 정한다.,위임,조례,,rule
P06039,② 제1항에 따른 읍·면·동 평생학습센터의 설치 또는 지정 및 운영에 관한 사항은 해당 지방자치단체의 조례로 정한다.,위임,조례,,rule
P06040,② 제1항에 따른 읍·면·동 평생학습센터의 설치 또는 지정 및 운영에 관한 사항은 해당 지방자치단체의 조례로 정한다.,위임,조례,,rule
P06041,② 제1항에 따른 읍·면·동 평생학습센터의 설치 또는 지정 및 운영에 관한 사항은 해당 지방자치단체의 조례로 정한다.,위임,조례,,rule
P06042,② 제1항에 따른 읍·면·동 평생학습센터의 설치 또는 지정 및 운영에 관한 사항은 해당 지방자치단체의 조례로 정한다.,위임,조례,,rule
P06043,② 제1항에 따른 읍·면·동 평생학습센터의 설치 또는 지정 및 운영에 관한 사항은 해당 지방자치단체의 조례로 정한다.,위임,조례,,rule
P06044,② 제1항에 따른 읍·면·동 평생학습센터의 설치 또는 지정 및 운영에 관한 사항은 해당 지방자치단체의 조례로 정한다.,위임,조례,,rule
P06045,② 제1항에 따른 읍·면·동 평생학습센터의 설치 또는 지정 및 운영에 관한 사항은 해당 지방자치단체의 조례로 정한다.,위임,조례,,rule
P06046,② 제1항에 따른 읍·면·동 평생학습센터의 설치 또는 지정 및 운영에 관한 사항은 해당 지방자치단체의 조례로 정한다.,위임,조례,,rule
P06047,② 제1항에 따른 읍·면·동 평생학습센터의 설치 또는 지정 및 운영에 관한 사항은 해당 지방자치단체의 조례로 정한다.,위임,조례,,rule
P06048,② 제1항에 따른 읍·면·동 평생학습센터의 설치 또는 지정 및 운영에 관한 사항은 해당 지방자치단체의 조례로 정한다.,위임,조례,,rule
P06049,② 제1항에 따른 읍·면·동 평생학습센터의 설치 또는 지정 및 운영에 관한 사항은 해당 지방자치단체의 조례로 정한다.,위임,조례,,rule
P06050,② 제1항에 따른 읍·면·동 평생학습센터의 설치 또는 지정 및 운영에 관한 사항은 해당 지방자치단체의 조례로 정한다.,위임,조례,,rule
P06051,② 제1항에 따른 읍·면·동 평생학습센터의 설치 또는 지정 및 운영에 관한 사항은 해당 지방자치단체의 조례로 정한다.,위임,조례,,rule
P06052,② 제1항에 따른 읍·면·동 평생학습센터의 설치 또는 지정 및 운영에 관한 사항은 해당 지방자치단체의 조례로 정한다.,위임,조례,,rule
P06053,② 제1항에 따른 읍·면·동 평생학습센터의 설치 또는 지정 및 운영에 관한 사항은 해당 지방자치단체의 조례로 정한다.,위임,조례,,rule
P06054,② 제1항에 따른 읍·면·동 평생학습센터의 설치 또는 지정 및 운영에 관한 사항은 해당 지방자치단체의 조례로 정한다.,위임,조례,,rule
P06055,② 제1항에 따른 읍·면·동 평생학습센터의 설치 또는 지정 및 운영에 관한 사항은 해당 지방자치단체의 조례로 정한다.,위임,조례,,rule
P06056,② 제1항에 따른 읍·면·동 평생학습센터의 설치 또는 지정 및 운영에 관한 사항은 해당 지방자치단체의 조례로 정한다.,위임,조례,,rule
P06057,② 제1항에 따른 읍·면·동 평생학습센터의 설치 또는 지정 및 운영에 관한 사항은 해당 지방자치단체의 조례로 정한다.,위임,조례,,rule
P06058,② 제1항에 따른 읍·면·동 평생학습센터의 설치 또는 지정 및 운영에 관한 사항은 해당 지방자치단체의 조례로 정한다.,위임,조례,,rule
P06059,② 제1항에 따른 읍·면·동 평생학습센터의 설치 또는 지정 및 운영에 관한 사항은 해당 지방자치단체의 조례로 정한다.,위임,조례,,rule
P06060,② 제1항에 따른 읍·면·동 평생학습센터의 설치 또는 지정 및 운영에 관한 사항은 해당 지방자치단체의 조례로 정한다.,위임,조례,,rule
P06061,② 제1항에 따른 읍·면·동 평생학습센터의 설치 또는 지정 및 운영에 관한 사항은 해당 지방자치단체의 조례로 정한다.,위임,조례,,rule
P06062,② 제1항에 따른 읍·면·동 평생학습센터의 설치 또는 지정 및 운영에 관한 사항은 해당 지방자치단체의 조례로 정한다.,위임,조례,,rule
P06063,② 제1항에 따른 읍·면·동 평생학습센터의 설치 또는 지정 및 운영에 관한 사항은 해당 지방자치단체의 조례로 정한다.,위임,조례,,rule
P06064,② 제1항에 따른 읍·면·동 평생학습센터의 설치 또는 지정 및 운영에 관한 사항은 해당 지방자치단체의 조례로 정한다.,위임,조례,,rule
P06065,② 제1항에 따른 읍·면·동 평생학습센터의 설치 또는 지정 및 운영에 관한 사항은 해당 지방자치단체의 조례로 정한다.,위임,조례,,rule
P06066,② 제1항에 따른 읍·면·동 평생학습센터의 설치 또는 지정 및 운영에 관한 사항은 해당 지방자치단체의 조례로 정한다.,위임,조례,,rule
P06067,② 제1항에 따른 읍·면·동 평생학습센터의 설치 또는 지정 및 운영에 관한 사항은 해당 지방자치단체의 조례로 정한다.,위임,조례,,rule
P06068,② 제1항에 따른 읍·면·동 평생학습센터의 설치 또는 지정 및 운영에 관한 사항은 해당 지방자치단체의 조례로 정한다.,위임,조례,,rule
P06069,② 제1항에 따른 읍·면·동 평생학습센터의 설치 또는 지정 및 운영에 관한 사항은 해당 지방자치단체의 조례로 정한다.,위임,조례,,rule
P06070,② 제1항에 따른 읍·면·동 평생학습센터의 설치 또는 지정 및 운영에 관한 사항은 해당 지방자치단체의 조례로 정한다.,위임,조례,,rule
P06071,② 제1항에 따른 읍·면·동 평생학습센터의 설치 또는 지정 및 운영에 관한 사항은 해당 지방자치단체의 조례로 정한다.,위임,조례,,rule
P06072,② 제1항에 따른 읍·면·동 평생학습센터의 설치 또는 지정 및 운영에 관한 사항은 해당 지방자치단체의 조례로 정한다.,위임,조례,,rule
P06073,② 제1항에 따른 읍·면·동 평생학습센터의 설치 또는 지정 및 운영에 관한 사항은 해당 지방자치단체의 조례로 정한다.,위임,조례,,rule
P06074,② 제1항에 따른 읍·면·동 평생학습센터의 설치 또는 지정 및 운영에 관한 사항은 해당 지방자치단체의 조례로 정한다.,위임,조례,,rule
P06075,② 제1항에 따른 읍·면·동 평생학습센터의 설치 또는 지정 및 운영에 관한 사항은 해당 지방자치단체의 조례로 정한다.,위임,조례,,rule
P06076,② 제1항에 따른 읍·면·동 평생학습센터의 설치 또는 지정 및 운영에 관한 사항은 해당 지방자치단체의 조례로 정한다.,위임,조례,,rule
P06077,② 제1항에 따른 읍·면·동 평생학습센터의 설치 또는 지정 및 운영에 관한 사항은 해당 지방자치단체의 조례로 정한다.,위임,조례,,rule
P06078,② 제1항에 따른 읍·면·동 평생학습센터의 설치 또는 지정 및 운영에 관한 사항은 해당 지방자치단체의 조례로 정한다.,위임,조례,,rule
P06079,② 제1항에 따른 읍·면·동 평생학습센터의 설치 또는 지정 및 운영에 관한 사항은 해당 지방자치단체의 조례로 정한다.,위임,조례,,rule
P06080,② 제1항에 따른 읍·면·동 평생학습센터의 설치 또는 지정 및 운영에 관한 사항은 해당 지방자치단체의 조례로 정한다.,위임,조례,,rule
P06081,② 제1항에 따른 읍·면·동 평생학습센터의 설치 또는 지정 및 운영에 관한 사항은 해당 지방자치단체의 조례로 정한다.,위임,조례,,rule
P06082,② 제1항에 따른 읍·면·동 평생학습센터의 설치 또는 지정 및 운영에 관한 사항은 해당 지방자치단체의 조례로 정한다.,위임,조례,,rule
P06083,② 제1항에 따른 읍·면·동 평생학습센터의 설치 또는 지정 및 운영에 관한 사항은 해당 지방자치단체의 조례로 정한다.,위임,조례,,rule
P06084,② 제1항에 따른 읍·면·동 평생학습센터의 설치 또는 지정 및 운영에 관한 사항은 해당 지방자치단체의 조례로 정한다.,위임,조례,,rule
P06085,② 제1항에 따른 읍·면·동 평생학습센터의 설치 또는 지정 및 운영에 관한 사항은 해당 지방자치단체의 조례로 정한다.,위임,조례,,rule
P06086,② 제1항에 따른 읍·면·동 평생학습센터의 설치 또는 지정 및 운영에 관한 사항은 해당 지방자치단체의 조례로 정한다.,위임,조례,,rule
P06087,② 제1항에 따른 읍·면·동 평생학습센터의 설치 또는 지정 및 운영에 관한 사항은 해당 지방자치단체의 조례로 정한다.,위임,조례,,rule
P06088,② 제1항에 따른 읍·면·동 평생학습센터의 설치 또는 지정 및 운영에 관한 사항은 해당 지방자치단체의 조례로 정한다.,위임,조례,,rule
P06089,② 제1항에 따른 읍·면·동 평생학습센터의 설치 또는 지정 및 운영에 관한 사항은 해당 지방자치단체의 조례로 정한다.,위임,조례,,rule
P06090,② 제1항에 따른 읍·면·동 평생학습센터의 설치 또는 지정 및 운영에 관한 사항은 해당 지방자치단체의 조례로 정한다.,위임,조례,,rule
P06091,② 제1항에 따른 읍·면·동 평생학습센터의 설치 또는 지정 및 운영에 관한 사항은 해당 지방자치단체의 조례로 정한다.,위임,조례,,rule
P06092,② 제1항에 따른 읍·면·동 평생학습센터의 설치 또는 지정 및 운영에 관한 사항은 해당 지방자치단체의 조례로 정한다.,위임,조례,,rule
P06093,② 제1항에 따른 읍·면·동 평생학습센터의 설치 또는 지정 및 운영에 관한 사항은 해당 지방자치단체의 조례로 정한다.,위임,조례,,rule
P06094,② 제1항에 따른 읍·면·동 평생학습센터의 설치 또는 지정 및 운영에 관한 사항은 해당 지방자치단체의 조례로 정한다.,위임,조례,,rule
P06095,② 제1항에 따른 읍·면·동 평생학습센터의 설치 또는 지정 및 운영에 관한 사항은 해당 지방자치단체의 조례로 정한다.,위임,조례,,rule
P06096,② 제1항에 따른 읍·면·동 평생학습센터의 설치 또는 지정 및 운영에 관한 사항은 해당 지방자치단체의 조례로 정한다.,위임,조례,,rule
P06097,위하여 대통령령으로,위임,대통령령,,rule
P06098,대통령령으로 정하는,위임,대통령령,,rule
P06099,대통령령으로 정한다,위임,대통령령,,rule
P06100,대통령령으로 정하는,위임,대통령령,,rule
P06101,인정되는 기관에서 교육부령으로,위임,부령,,rule
P06102,한다)에서 교육부령으로,위임,부령,,rule
P06103,학점은행기관에서 교육부령으로,위임,부령,,rule
P06104,대통령령으로 정하는,위임,대통령령,,rule
P06105,필요한 사항은 대통령령으로,위임,대통령령,,rule
P06106,필요한 사항은 대통령령으로,위임,대통령령,,rule
P06107,필요한 사항은 대통령령으로,위임,대통령령,,rule
P06108,필요한 사항은 대통령령으로,위임,대통령령,,rule
P06109,필요한 사항은 대통령령으로,위임,대통령령,,rule
P06110,교육부령으로 정하는,위임,부령,,rule
P06111,대통령령으로 정하는,위임,대통령령,,rule
P06112,배치기준은 대통령령으로,위임,대통령령,,rule
P06113,대통령령으로 정한다,위임,대통령령,,rule
P06114,대통령령으로 정하는,위임,대통령령,,rule
P06115,③ 제2조제2호가목에 따른 평생교육기관의 설치자는 특별시ㆍ광역시ㆍ특별자치시ㆍ도ㆍ특별자치도(이하 “시ㆍ도”라 한다)의 조례로 정하는 바에 따라 평생교육시설의 운영과 관련하여 그 시설의 이용자에게 발생한 생명ㆍ신체상의 손해를 배상할 것을 내용으로 하는 보험가입 또는 공제사업에의 가입 등 필요한 안전조치를 하여야 한다,위임,조례,,rule
P06116,③ 제2조제2호가목에 따른 평생교육기관의 설치자는 특별시ㆍ광역시ㆍ특별자치시ㆍ도ㆍ특별자치도(이하 “시ㆍ도”라 한다)의 조례로 정하는 바에 따라 평생교육시설의 운영과 관련하여 그 시설의 이용자에게 발생한 생명ㆍ신체상의 손해를 배상할 것을 내용으로 하는 보험가입 또는 공제사업에의 가입 등 필요한 안전조치를 하여야 한다,위임,조례,,rule
P06117,③ 제2조제2호가목에 따른 평생교육기관의 설치자는 특별시ㆍ광역시ㆍ특별자치시ㆍ도ㆍ특별자치도(이하 “시ㆍ도”라 한다)의 조례로 정하는 바에 따라 평생교육시설의 운영과 관련하여 그 시설의 이용자에게 발생한 생명ㆍ신체상의 손해를 배상할 것을 내용으로 하는 보험가입 또는 공제사업에의 가입 등 필요한 안전조치를 하여야 한다,위임,조례,,rule
P06118,③ 제2조제2호가목에 따른 평생교육기관의 설치자는 특별시ㆍ광역시ㆍ특별자치시ㆍ도ㆍ특별자치도(이하 “시ㆍ도”라 한다)의 조례로 정하는 바에 따라 평생교육시설의 운영과 관련하여 그 시설의 이용자에게 발생한 생명ㆍ신체상의 손해를 배상할 것을 내용으로 하는 보험가입 또는 공제사업에의 가입 등 필요한 안전조치를 하여야 한다,위임,조례,,rule
P06119,③ 제2조제2호가목에 따른 평생교육기관의 설치자는 특별시ㆍ광역시ㆍ특별자치시ㆍ도ㆍ특별자치도(이하 “시ㆍ도”라 한다)의 조례로 정하는 바에 따라 평생교육시설의 운영과 관련하여 그 시설의 이용자에게 발생한 생명ㆍ신체상의 손해를 배상할 것을 내용으로 하는 보험가입 또는 공제사업에의 가입 등 필요한 안전조치를 하여야 한다,위임,조례,,rule
P06120,③ 제2조제2호가목에 따른 평생교육기관의 설치자는 특별시ㆍ광역시ㆍ특별자치시ㆍ도ㆍ특별자치도(이하 “시ㆍ도”라 한다)의 조례로 정하는 바에 따라 평생교육시설의 운영과 관련하여 그 시설의 이용자에게 발생한 생명ㆍ신체상의 손해를 배상할 것을 내용으로 하는 보험가입 또는 공제사업에의 가입 등 필요한 안전조치를 하여야 한다,위임,조례,,rule
P06121,③ 제2조제2호가목에 따른 평생교육기관의 설치자는 특별시ㆍ광역시ㆍ특별자치시ㆍ도ㆍ특별자치도(이하 “시ㆍ도”라 한다)의 조례로 정하는 바에 따라 평생교육시설의 운영과 관련하여 그 시설의 이용자에게 발생한 생명ㆍ신체상의 손해를 배상할 것을 내용으로 하는 보험가입 또는 공제사업에의 가입 등 필요한 안전조치를 하여야 한다,위임,조례,,rule
P06122,③ 제2조제2호가목에 따른 평생교육기관의 설치자는 특별시ㆍ광역시ㆍ특별자치시ㆍ도ㆍ특별자치도(이하 “시ㆍ도”라 한다)의 조례로 정하는 바에 따라 평생교육시설의 운영과 관련하여 그 시설의 이용자에게 발생한 생명ㆍ신체상의 손해를 배상할 것을 내용으로 하는 보험가입 또는 공제사업에의 가입 등 필요한 안전조치를 하여야 한다,위임,조례,,rule
P06123,③ 제2조제2호가목에 따른 평생교육기관의 설치자는 특별시ㆍ광역시ㆍ특별자치시ㆍ도ㆍ특별자치도(이하 “시ㆍ도”라 한다)의 조례로 정하는 바에 따라 평생교육시설의 운영과 관련하여 그 시설의 이용자에게 발생한 생명ㆍ신체상의 손해를 배상할 것을 내용으로 하는 보험가입 또는 공제사업에의 가입 등 필요한 안전조치를 하여야 한다,위임,조례,,rule
P06124,③ 제2조제2호가목에 따른 평생교육기관의 설치자는 특별시ㆍ광역시ㆍ특별자치시ㆍ도ㆍ특별자치도(이하 “시ㆍ도”라 한다)의 조례로 정하는 바에 따라 평생교육시설의 운영과 관련하여 그 시설의 이용자에게 발생한 생명ㆍ신체상의 손해를 배상할 것을 내용으로 하는 보험가입 또는 공제사업에의 가입 등 필요한 안전조치를 하여야 한다,위임,조례,,rule
P06125,③ 제2조제2호가목에 따른 평생교육기관의 설치자는 특별시ㆍ광역시ㆍ특별자치시ㆍ도ㆍ특별자치도(이하 “시ㆍ도”라 한다)의 조례로 정하는 바에 따라 평생교육시설의 운영과 관련하여 그 시설의 이용자에게 발생한 생명ㆍ신체상의 손해를 배상할 것을 내용으로 하는 보험가입 또는 공제사업에의 가입 등 필요한 안전조치를 하여야 한다,위임,조례,,rule
P06126,③ 제2조제2호가목에 따른 평생교육기관의 설치자는 특별시ㆍ광역시ㆍ특별자치시ㆍ도ㆍ특별자치도(이하 “시ㆍ도”라 한다)의 조례로 정하는 바에 따라 평생교육시설의 운영과 관련하여 그 시설의 이용자에게 발생한 생명ㆍ신체상의 손해를 배상할 것을 내용으로 하는 보험가입 또는 공제사업에의 가입 등 필요한 안전조치를 하여야 한다,위임,조례,,rule
P06127,③ 제2조제2호가목에 따른 평생교육기관의 설치자는 특별시ㆍ광역시ㆍ특별자치시ㆍ도ㆍ특별자치도(이하 “시ㆍ도”라 한다)의 조례로 정하는 바에 따라 평생교육시설의 운영과 관련하여 그 시설의 이용자에게 발생한 생명ㆍ신체상의 손해를 배상할 것을 내용으로 하는 보험가입 또는 공제사업에의 가입 등 필요한 안전조치를 하여야 한다,위임,조례,,rule
P06128,③ 제2조제2호가목에 따른 평생교육기관의 설치자는 특별시ㆍ광역시ㆍ특별자치시ㆍ도ㆍ특별자치도(이하 “시ㆍ도”라 한다)의 조례로 정하는 바에 따라 평생교육시설의 운영과 관련하여 그 시설의 이용자에게 발생한 생명ㆍ신체상의 손해를 배상할 것을 내용으로 하는 보험가입 또는 공제사업에의 가입 등 필요한 안전조치를 하여야 한다,위임,조례,,rule
P06129,③ 제2조제2호가목에 따른 평생교육기관의 설치자는 특별시ㆍ광역시ㆍ특별자치시ㆍ도ㆍ특별자치도(이하 “시ㆍ도”라 한다)의 조례로 정하는 바에 따라 평생교육시설의 운영과 관련하여 그 시설의 이용자에게 발생한 생명ㆍ신체상의 손해를 배상할 것을 내용으로 하는 보험가입 또는 공제사업에의 가입 등 필요한 안전조치를 하여야 한다,위임,조례,,rule
P06130,③ 제2조제2호가목에 따른 평생교육기관의 설치자는 특별시ㆍ광역시ㆍ특별자치시ㆍ도ㆍ특별자치도(이하 “시ㆍ도”라 한다)의 조례로 정하는 바에 따라 평생교육시설의 운영과 관련하여 그 시설의 이용자에게 발생한 생명ㆍ신체상의 손해를 배상할 것을 내용으로 하는 보험가입 또는 공제사업에의 가입 등 필요한 안전조치를 하여야 한다,위임,조례,,rule
P06131,③ 제2조제2호가목에 따른 평생교육기관의 설치자는 특별시ㆍ광역시ㆍ특별자치시ㆍ도ㆍ특별자치도(이하 “시ㆍ도”라 한다)의 조례로 정하는 바에 따라 평생교육시설의 운영과 관련하여 그 시설의 이용자에게 발생한 생명ㆍ신체상의 손해를 배상할 것을 내용으로 하는 보험가입 또는 공제사업에의 가입 등 필요한 안전조치를 하여야 한다,위임,조례,,rule
P06132,③ 제2조제2호가목에 따른 평생교육기관의 설치자는 특별시ㆍ광역시ㆍ특별자치시ㆍ도ㆍ특별자치도(이하 “시ㆍ도”라 한다)의 조례로 정하는 바에 따라 평생교육시설의 운영과 관련하여 그 시설의 이용자에게 발생한 생명ㆍ신체상의 손해를 배상할 것을 내용으로 하는 보험가입 또는 공제사업에의 가입 등 필요한 안전조치를 하여야 한다,위임,조례,,rule
P06133,③ 제2조제2호가목에 따른 평생교육기관의 설치자는 특별시ㆍ광역시ㆍ특별자치시ㆍ도ㆍ특별자치도(이하 “시ㆍ도”라 한다)의 조례로 정하는 바에 따라 평생교육시설의 운영과 관련하여 그 시설의 이용자에게 발생한 생명ㆍ신체상의 손해를 배상할 것을 내용으로 하는 보험가입 또는 공제사업에의 가입 등 필요한 안전조치를 하여야 한다,위임,조례,,rule
P06134,③ 제2조제2호가목에 따른 평생교육기관의 설치자는 특별시ㆍ광역시ㆍ특별자치시ㆍ도ㆍ특별자치도(이하 “시ㆍ도”라 한다)의 조례로 정하는 바에 따라 평생교육시설의 운영과 관련하여 그 시설의 이용자에게 발생한 생명ㆍ신체상의 손해를 배상할 것을 내용으로 하는 보험가입 또는 공제사업에의 가입 등 필요한 안전조치를 하여야 한다,위임,조례,,rule
P06135,③ 제2조제2호가목에 따른 평생교육기관의 설치자는 특별시ㆍ광역시ㆍ특별자치시ㆍ도ㆍ특별자치도(이하 “시ㆍ도”라 한다)의 조례로 정하는 바에 따라 평생교육시설의 운영과 관련하여 그 시설의 이용자에게 발생한 생명ㆍ신체상의 손해를 배상할 것을 내용으로 하는 보험가입 또는 공제사업에의 가입 등 필요한 안전조치를 하여야 한다,위임,조례,,rule
P06136,③ 제2조제2호가목에 따른 평생교육기관의 설치자는 특별시ㆍ광역시ㆍ특별자치시ㆍ도ㆍ특별자치도(이하 “시ㆍ도”라 한다)의 조례로 정하는 바에 따라 평생교육시설의 운영과 관련하여 그 시설의 이용자에게 발생한 생명ㆍ신체상의 손해를 배상할 것을 내용으로 하는 보험가입 또는 공제사업에의 가입 등 필요한 안전조치를 하여야 한다,위임,조례,,rule
P06137,대통령령으로 정한다,위임,대통령령,,rule
P06138,④ 제2항 및 제3항에 따라 학교의 장이 학교를 개방할 경우 개방시간 동안의 해당 시설의 관리·운영에 필요한 사항은 해당 지방자치단체의 조례로 정한다.,위임,조례,,rule
P06139,④ 제2항 및 제3항에 따라 학교의 장이 학교를 개방할 경우 개방시간 동안의 해당 시설의 관리·운영에 필요한 사항은 해당 지방자치단체의 조례로 정한다.,위임,조례,,rule
P06140,④ 제2항 및 제3항에 따라 학교의 장이 학교를 개방할 경우 개방시간 동안의 해당 시설의 관리·운영에 필요한 사항은 해당 지방자치단체의 조례로 정한다.,위임,조례,,rule
P06141,④ 제2항 및 제3항에 따라 학교의 장이 학교를 개방할 경우 개방시간 동안의 해당 시설의 관리·운영에 필요한 사항은 해당 지방자치단체의 조례로 정한다.,위임,조례,,rule
P06142,④ 제2항 및 제3항에 따라 학교의 장이 학교를 개방할 경우 개방시간 동안의 해당 시설의 관리·운영에 필요한 사항은 해당 지방자치단체의 조례로 정한다.,위임,조례,,rule
P06143,대통령령으로 정하는,위임,대통령령,,rule
P06144,사항은 대통령령으로,위임,대통령령,,rule
P06145,사항은 대통령령으로,위임,대통령령,,rule
P06146,사항은 대통령령으로,위임,대통령령,,rule
P06147,사항은 대통령령으로,위임,대통령령,,rule
P06148,사항은 대통령령으로,위임,대통령령,,rule
P06149,사항은 대통령령으로,위임,대통령령,,rule
P06150,사항은 대통령령으로,위임,대통령령,,rule
P06151,사항은 대통령령으로,위임,대통령령,,rule
P06152,사항은 대통령령으로,위임,대통령령,,rule
P06153,사항은 대통령령으로,위임,대통령령,,rule
P06154,대통령령으로 정하는,위임,대통령령,,rule
P06155,대통령령으로 정하는,위임,대통령령,,rule
P06156,교육부령으로 정하는,위임,부령,,rule
P06157,⑥ 지방자치단체는 해당 지방자치단체의 조례로 정하는 바에 따라 예산의 범위 내에서 「초ㆍ중등교육법」 제2조의 학교에 준하여 제2항에 따른 학력인정 평생교육시설에 필요한 보조금을 교부하거나 그 밖의 지원을 할 수 있다.,위임,조례,,rule
P06158,⑥ 지방자치단체는 해당 지방자치단체의 조례로 정하는 바에 따라 예산의 범위 내에서 「초ㆍ중등교육법」 제2조의 학교에 준하여 제2항에 따른 학력인정 평생교육시설에 필요한 보조금을 교부하거나 그 밖의 지원을 할 수 있다.,위임,조례,,rule
P06159,⑥ 지방자치단체는 해당 지방자치단체의 조례로 정하는 바에 따라 예산의 범위 내에서 「초ㆍ중등교육법」 제2조의 학교에 준하여 제2항에 따른 학력인정 평생교육시설에 필요한 보조금을 교부하거나 그 밖의 지원을 할 수 있다.,위임,조례,,rule
P06160,⑥ 지방자치단체는 해당 지방자치단체의 조례로 정하는 바에 따라 예산의 범위 내에서 「초ㆍ중등교육법」 제2조의 학교에 준하여 제2항에 따른 학력인정 평생교육시설에 필요한 보조금을 교부하거나 그 밖의 지원을 할 수 있다.,위임,조례,,rule
P06161,⑥ 지방자치단체는 해당 지방자치단체의 조례로 정하는 바에 따라 예산의 범위 내에서 「초ㆍ중등교육법」 제2조의 학교에 준하여 제2항에 따른 학력인정 평생교육시설에 필요한 보조금을 교부하거나 그 밖의 지원을 할 수 있다.,위임,조례,,rule
P06162,⑥ 지방자치단체는 해당 지방자치단체의 조례로 정하는 바에 따라 예산의 범위 내에서 「초ㆍ중등교육법」 제2조의 학교에 준하여 제2항에 따른 학력인정 평생교육시설에 필요한 보조금을 교부하거나 그 밖의 지원을 할 수 있다.,위임,조례,,rule
P06163,⑥ 지방자치단체는 해당 지방자치단체의 조례로 정하는 바에 따라 예산의 범위 내에서 「초ㆍ중등교육법」 제2조의 학교에 준하여 제2항에 따른 학력인정 평생교육시설에 필요한 보조금을 교부하거나 그 밖의 지원을 할 수 있다.,위임,조례,,rule
P06164,⑥ 지방자치단체는 해당 지방자치단체의 조례로 정하는 바에 따라 예산의 범위 내에서 「초ㆍ중등교육법」 제2조의 학교에 준하여 제2항에 따른 학력인정 평생교육시설에 필요한 보조금을 교부하거나 그 밖의 지원을 할 수 있다.,위임,조례,,rule
P06165,⑥ 지방자치단체는 해당 지방자치단체의 조례로 정하는 바에 따라 예산의 범위 내에서 「초ㆍ중등교육법」 제2조의 학교에 준하여 제2항에 따른 학력인정 평생교육시설에 필요한 보조금을 교부하거나 그 밖의 지원을 할 수 있다.,위임,조례,,rule
P06166,⑥ 지방자치단체는 해당 지방자치단체의 조례로 정하는 바에 따라 예산의 범위 내에서 「초ㆍ중등교육법」 제2조의 학교에 준하여 제2항에 따른 학력인정 평생교육시설에 필요한 보조금을 교부하거나 그 밖의 지원을 할 수 있다.,위임,조례,,rule
P06167,⑥ 지방자치단체는 해당 지방자치단체의 조례로 정하는 바에 따라 예산의 범위 내에서 「초ㆍ중등교육법」 제2조의 학교에 준하여 제2항에 따른 학력인정 평생교육시설에 필요한 보조금을 교부하거나 그 밖의 지원을 할 수 있다.,위임,조례,,rule
P06168,⑥ 지방자치단체는 해당 지방자치단체의 조례로 정하는 바에 따라 예산의 범위 내에서 「초ㆍ중등교육법」 제2조의 학교에 준하여 제2항에 따른 학력인정 평생교육시설에 필요한 보조금을 교부하거나 그 밖의 지원을 할 수 있다.,위임,조례,,rule
P06169,⑥ 지방자치단체는 해당 지방자치단체의 조례로 정하는 바에 따라 예산의 범위 내에서 「초ㆍ중등교육법」 제2조의 학교에 준하여 제2항에 따른 학력인정 평생교육시설에 필요한 보조금을 교부하거나 그 밖의 지원을 할 수 있다.,위임,조례,,rule
P06170,⑥ 지방자치단체는 해당 지방자치단체의 조례로 정하는 바에 따라 예산의 범위 내에서 「초ㆍ중등교육법」 제2조의 학교에 준하여 제2항에 따른 학력인정 평생교육시설에 필요한 보조금을 교부하거나 그 밖의 지원을 할 수 있다.,위임,조례,,rule
P06171,⑥ 지방자치단체는 해당 지방자치단체의 조례로 정하는 바에 따라 예산의 범위 내에서 「초ㆍ중등교육법」 제2조의 학교에 준하여 제2항에 따른 학력인정 평생교육시설에 필요한 보조금을 교부하거나 그 밖의 지원을 할 수 있다.,위임,조례,,rule
P06172,⑥ 지방자치단체는 해당 지방자치단체의 조례로 정하는 바에 따라 예산의 범위 내에서 「초ㆍ중등교육법」 제2조의 학교에 준하여 제2항에 따른 학력인정 평생교육시설에 필요한 보조금을 교부하거나 그 밖의 지원을 할 수 있다.,위임,조례,,rule
P06173,⑥ 지방자치단체는 해당 지방자치단체의 조례로 정하는 바에 따라 예산의 범위 내에서 「초ㆍ중등교육법」 제2조의 학교에 준하여 제2항에 따른 학력인정 평생교육시설에 필요한 보조금을 교부하거나 그 밖의 지원을 할 수 있다.,위임,조례,,rule
P06174,⑥ 지방자치단체는 해당 지방자치단체의 조례로 정하는 바에 따라 예산의 범위 내에서 「초ㆍ중등교육법」 제2조의 학교에 준하여 제2항에 따른 학력인정 평생교육시설에 필요한 보조금을 교부하거나 그 밖의 지원을 할 수 있다.,위임,조례,,rule
P06175,대통령령으로 정하는,위임,대통령령,,rule
P06176,대통령령으로 정하는,위임,대통령령,,rule
P06177,대통령령으로 정하는,위임,대통령령,,rule
P06178,사항은 대통령령으로,위임,대통령령,,rule
P06179,사항은 대통령령으로,위임,대통령령,,rule
P06180,사항은 대통령령으로,위임,대통령령,,rule
P06181,사항은 대통령령으로,위임,대통령령,,rule
P06182,사항은 대통령령으로,위임,대통령령,,rule
P06183,사항은 대통령령으로,위임,대통령령,,rule
P06184,사항은 대통령령으로,위임,대통령령,,rule
P06185,사항은 대통령령으로,위임,대통령령,,rule
P06186,사항은 대통령령으로,위임,대통령령,,rule
P06187,사항은 대통령령으로,위임,대통령령,,rule
P06188,사항은 대통령령으로,위임,대통령령,,rule
P06189,대통령령으로 정하는,위임,대통령령,,rule
P06190,대통령령으로 정하는,위임,대통령령,,rule
P06191,경우에는 대통령령으로,위임,대통령령,,rule
P06192,경우에는 대통령령으로,위임,대통령령,,rule
P06193,필요한 사항은 대통령령으로,위임,대통령령,,rule
P06194,필요한 사항은 대통령령으로,위임,대통령령,,rule
P06195,필요한 사항은 대통령령으로,위임,대통령령,,rule
P06196,필요한 사항은 대통령령으로,위임,대통령령,,rule
P06197,필요한 사항은 대통령령으로,위임,대통령령,,rule
P06198,필요한 사항은 대통령령으로,위임,대통령령,,rule
P06199,필요한 사항은 대통령령으로,위임,대통령령,,rule
P06200,필요한 사항은 대통령령으로,위임,대통령령,,rule
P06201,필요한 사항은 대통령령으로,위임,대통령령,,rule
P06202,필요한 사항은 대통령령으로,위임,대통령령,,rule
P06203,필요한 사항은 대통령령으로,위임,대통령령,,rule
P06204,대통령령으로 정한다,위임,대통령령,,rule
P06205,대통령령으로 정하는 규모,위임,대통령령,,rule
P06206,자는 대통령령으로,위임,대통령령,,rule
P06207,대통령령으로 정하는 시민사회단체는,위임,대통령령,,rule
P06208,대통령령으로 정하는 바에 따라,위임,대통령령,,rule
P06209,대통령령으로 정하는 언론기관을,위임,대통령령,,rule
P06210,대통령령으로 정하는 바에,위임,대통령령,,rule
P06211,대통령령으로 정하는 자는,위임,대통령령,,rule
P06212,대통령령으로 정하는 바에,위임,대통령령,,rule
P06213,대통령령으로 정하는,위임,대통령령,,rule
P06214,대통령령으로 정하는,위임,대통령령,,rule
P06215,대통령령으로 정하는,위임,대통령령,,rule
P06216,대통령령으로 정하는,위임,대통령령,,rule
P06217,대통령령으로 정하는,위임,대통령령,,rule
P06218,대통령령으로 정하는,위임,대통령령,,rule
P06219,대통령령으로 정하는,위임,대통령령,,rule
P06220,대통령령으로 정하는,위임,대통령령,,rule
P06221,대통령령으로 정하는,위임,대통령령,,rule
P06222,대통령령으로 정하는,위임,대통령령,,rule
P06223,사항은 교육부령으로,위임,부령,,rule
P06224,사항은 교육부령으로,위임,부령,,rule
P06225,사항은 교육부령으로,위임,부령,,rule
P06226,사항은 교육부령으로,위임,부령,,rule
P06227,사항은 교육부령으로,위임,부령,,rule
P06228,사항은 교육부령으로,위임,부령,,rule
P06229,대통령령으로 정하는,위임,대통령령,,rule
P06230,대통령령으로 정하는,위임,대통령령,,rule
P06231,대통령령으로 정하는,위임,대통령령,,rule
P06232,대통령령으로 정하는,위임,대통령령,,rule
P06233,대통령령으로 정한다,위임,대통령령,,rule
P06234,사항은 대통령령으로,위임,대통령령,,rule
P06235,사항은 대통령령으로,위임,대통령령,,rule
P06236,대통령령으로,위임,대통령령,,rule
P06237,대통령령으로 정하는,위임,대통령령,,rule
P06238,대통령령으로 정하는,위임,대통령령,,rule
P06239,대통령령으로 정하는,위임,대통령령,,rule
P06240,대통령령으로 정하는,위임,대통령령,,rule
P06241,교육부령으로 정하는,위임,부령,,rule
P06242,대통령령으로 정하는,위임,대통령령,,rule
P06243,대통령령으로 정하는,위임,대통령령,,rule
P06244,과태료는 대통령령으로,위임,대통령령,,rule
P06245,운영은 교육부령으로,위임,부령,,rule
P06246,그 밖에 가구 소득이나 재산 등 경제적 수준이 교육부장관이 정하여 고시하는 기준에 해당하는 사람,위임,미특정,,rule
P06247,교육부령으로 정하는,위임,부령,,rule
P06248,사항은 교육부령으로,위임,부령,,rule
P06249,2. 그 밖에 평생교육 관련 업무 수행에 전문성을 갖춘 기관 또는 법인으로서 해당 지방자치단체의 조례로 정하는 기관 또는 법인,위임,조례,,rule
P06250,2. 그 밖에 평생교육 관련 업무 수행에 전문성을 갖춘 기관 또는 법인으로서 해당 지방자치단체의 조례로 정하는 기관 또는 법인,위임,조례,,rule
P06251,2. 그 밖에 평생교육 관련 업무 수행에 전문성을 갖춘 기관 또는 법인으로서 해당 지방자치단체의 조례로 정하는 기관 또는 법인,위임,조례,,rule
P06252,2. 그 밖에 평생교육 관련 업무 수행에 전문성을 갖춘 기관 또는 법인으로서 해당 지방자치단체의 조례로 정하는 기관 또는 법인,위임,조례,,rule
P06253,2. 그 밖에 평생교육 관련 업무 수행에 전문성을 갖춘 기관 또는 법인으로서 해당 지방자치단체의 조례로 정하는 기관 또는 법인,위임,조례,,rule
P06254,2. 그 밖에 평생교육 관련 업무 수행에 전문성을 갖춘 기관 또는 법인으로서 해당 지방자치단체의 조례로 정하는 기관 또는 법인,위임,조례,,rule
P06255,2. 그 밖에 평생교육 관련 업무 수행에 전문성을 갖춘 기관 또는 법인으로서 해당 지방자치단체의 조례로 정하는 기관 또는 법인,위임,조례,,rule
P06256,2. 그 밖에 평생교육 관련 업무 수행에 전문성을 갖춘 기관 또는 법인으로서 해당 지방자치단체의 조례로 정하는 기관 또는 법인,위임,조례,,rule
P06257,2. 그 밖에 평생교육 관련 업무 수행에 전문성을 갖춘 기관 또는 법인으로서 해당 지방자치단체의 조례로 정하는 기관 또는 법인,위임,조례,,rule
P06258,2. 그 밖에 평생교육 관련 업무 수행에 전문성을 갖춘 기관 또는 법인으로서 해당 지방자치단체의 조례로 정하는 기관 또는 법인,위임,조례,,rule
P06259,2. 그 밖에 평생교육 관련 업무 수행에 전문성을 갖춘 기관 또는 법인으로서 해당 지방자치단체의 조례로 정하는 기관 또는 법인,위임,조례,,rule
P06260,"② 시·도진흥원은 법 제20조제2항의 업무를 수행하는 데 필요한 조직과 시설을 갖추어야 하되, 그 운영에 필요한 조직과 시설, 지정절차 등에 필요한 사항은 그 지방자치단체의 조례로 정한다.",위임,조례,,rule
P06261,"② 시·도진흥원은 법 제20조제2항의 업무를 수행하는 데 필요한 조직과 시설을 갖추어야 하되, 그 운영에 필요한 조직과 시설, 지정절차 등에 필요한 사항은 그 지방자치단체의 조례로 정한다.",위임,조례,,rule
P06262,"② 시·도진흥원은 법 제20조제2항의 업무를 수행하는 데 필요한 조직과 시설을 갖추어야 하되, 그 운영에 필요한 조직과 시설, 지정절차 등에 필요한 사항은 그 지방자치단체의 조례로 정한다.",위임,조례,,rule
P06263,"② 시·도진흥원은 법 제20조제2항의 업무를 수행하는 데 필요한 조직과 시설을 갖추어야 하되, 그 운영에 필요한 조직과 시설, 지정절차 등에 필요한 사항은 그 지방자치단체의 조례로 정한다.",위임,조례,,rule
P06264,"② 시·도진흥원은 법 제20조제2항의 업무를 수행하는 데 필요한 조직과 시설을 갖추어야 하되, 그 운영에 필요한 조직과 시설, 지정절차 등에 필요한 사항은 그 지방자치단체의 조례로 정한다.",위임,조례,,rule
P06265,"② 시·도진흥원은 법 제20조제2항의 업무를 수행하는 데 필요한 조직과 시설을 갖추어야 하되, 그 운영에 필요한 조직과 시설, 지정절차 등에 필요한 사항은 그 지방자치단체의 조례로 정한다.",위임,조례,,rule
P06266,"② 시·도진흥원은 법 제20조제2항의 업무를 수행하는 데 필요한 조직과 시설을 갖추어야 하되, 그 운영에 필요한 조직과 시설, 지정절차 등에 필요한 사항은 그 지방자치단체의 조례로 정한다.",위임,조례,,rule
P06267,"② 시·도진흥원은 법 제20조제2항의 업무를 수행하는 데 필요한 조직과 시설을 갖추어야 하되, 그 운영에 필요한 조직과 시설, 지정절차 등에 필요한 사항은 그 지방자치단체의 조례로 정한다.",위임,조례,,rule
P06268,"② 시·도진흥원은 법 제20조제2항의 업무를 수행하는 데 필요한 조직과 시설을 갖추어야 하되, 그 운영에 필요한 조직과 시설, 지정절차 등에 필요한 사항은 그 지방자치단체의 조례로 정한다.",위임,조례,,rule
P06269,"② 시·도진흥원은 법 제20조제2항의 업무를 수행하는 데 필요한 조직과 시설을 갖추어야 하되, 그 운영에 필요한 조직과 시설, 지정절차 등에 필요한 사항은 그 지방자치단체의 조례로 정한다.",위임,조례,,rule
P06270,"② 시·도진흥원은 법 제20조제2항의 업무를 수행하는 데 필요한 조직과 시설을 갖추어야 하되, 그 운영에 필요한 조직과 시설, 지정절차 등에 필요한 사항은 그 지방자치단체의 조례로 정한다.",위임,조례,,rule
P06271,"② 시·도진흥원은 법 제20조제2항의 업무를 수행하는 데 필요한 조직과 시설을 갖추어야 하되, 그 운영에 필요한 조직과 시설, 지정절차 등에 필요한 사항은 그 지방자치단체의 조례로 정한다.",위임,조례,,rule
P06272,"② 시·도진흥원은 법 제20조제2항의 업무를 수행하는 데 필요한 조직과 시설을 갖추어야 하되, 그 운영에 필요한 조직과 시설, 지정절차 등에 필요한 사항은 그 지방자치단체의 조례로 정한다.",위임,조례,,rule
P06273,"② 시·도진흥원은 법 제20조제2항의 업무를 수행하는 데 필요한 조직과 시설을 갖추어야 하되, 그 운영에 필요한 조직과 시설, 지정절차 등에 필요한 사항은 그 지방자치단체의 조례로 정한다.",위임,조례,,rule
P06274,"② 시·도진흥원은 법 제20조제2항의 업무를 수행하는 데 필요한 조직과 시설을 갖추어야 하되, 그 운영에 필요한 조직과 시설, 지정절차 등에 필요한 사항은 그 지방자치단체의 조례로 정한다.",위임,조례,,rule
P06275,"② 시·도진흥원은 법 제20조제2항의 업무를 수행하는 데 필요한 조직과 시설을 갖추어야 하되, 그 운영에 필요한 조직과 시설, 지정절차 등에 필요한 사항은 그 지방자치단체의 조례로 정한다.",위임,조례,,rule
P06276,"② 시·도진흥원은 법 제20조제2항의 업무를 수행하는 데 필요한 조직과 시설을 갖추어야 하되, 그 운영에 필요한 조직과 시설, 지정절차 등에 필요한 사항은 그 지방자치단체의 조례로 정한다.",위임,조례,,rule
P06277,"② 시·도진흥원은 법 제20조제2항의 업무를 수행하는 데 필요한 조직과 시설을 갖추어야 하되, 그 운영에 필요한 조직과 시설, 지정절차 등에 필요한 사항은 그 지방자치단체의 조례로 정한다.",위임,조례,,rule
P06278,"② 시·도진흥원은 법 제20조제2항의 업무를 수행하는 데 필요한 조직과 시설을 갖추어야 하되, 그 운영에 필요한 조직과 시설, 지정절차 등에 필요한 사항은 그 지방자치단체의 조례로 정한다.",위임,조례,,rule
P06279,"② 시·도진흥원은 법 제20조제2항의 업무를 수행하는 데 필요한 조직과 시설을 갖추어야 하되, 그 운영에 필요한 조직과 시설, 지정절차 등에 필요한 사항은 그 지방자치단체의 조례로 정한다.",위임,조례,,rule
P06280,"② 시·도진흥원은 법 제20조제2항의 업무를 수행하는 데 필요한 조직과 시설을 갖추어야 하되, 그 운영에 필요한 조직과 시설, 지정절차 등에 필요한 사항은 그 지방자치단체의 조례로 정한다.",위임,조례,,rule
P06281,"② 시·도진흥원은 법 제20조제2항의 업무를 수행하는 데 필요한 조직과 시설을 갖추어야 하되, 그 운영에 필요한 조직과 시설, 지정절차 등에 필요한 사항은 그 지방자치단체의 조례로 정한다.",위임,조례,,rule
P06282,"② 시·도진흥원은 법 제20조제2항의 업무를 수행하는 데 필요한 조직과 시설을 갖추어야 하되, 그 운영에 필요한 조직과 시설, 지정절차 등에 필요한 사항은 그 지방자치단체의 조례로 정한다.",위임,조례,,rule
P06283,교육부령으로 정하는,위임,부령,,rule
P06284,사항은 교육부령으로,위임,부령,,rule
P06285,사항은 교육부령으로,위임,부령,,rule
P06286,교육부령으로 정하는,위임,부령,,rule
P06287,사항은 교육부령으로,위임,부령,,rule
P06288,사항은 교육부령으로,위임,부령,,rule
P06289,사항은 교육부령으로,위임,부령,,rule
P06290,교육부령으로 정하는 서류를,위임,부령,,rule
P06291,교육부령으로 정하는 서류를,위임,부령,,rule
P06292,교육부령으로 정하는 서류를,위임,부령,,rule
P06293,교육부령으로 정하는 지정서를,위임,부령,,rule
P06294,교육부령으로 정하는 보고서에,위임,부령,,rule
P06295,세부기준은 교육부령으로,위임,부령,,rule
P06296,교육부령으로 정하는 서류를,위임,부령,,rule
P06297,교육부령으로 정하는 등록증을,위임,부령,,rule
P06298,교육부령으로 정하는,위임,부령,,rule
P06299,교육부령으로 정하는,위임,부령,,rule
P06300,교육부령으로 정하는,위임,부령,,rule
P06301,교육부령으로 정하는,위임,부령,,rule
P06302,방법은 교육부령으로,위임,부령,,rule
P06303,교육부령으로 정하는 원격교육시설을,위임,부령,,rule
P06304,방법은 교육부령으로,위임,부령,,rule
P06305,기준은 교육부령으로,위임,부령,,rule
P06306,교육부령으로 정하는,위임,부령,,rule
P06307,교육부령으로 정하는,위임,부령,,rule
P06308,교육부령으로 정하는,위임,부령,,rule
P06309,교육부령으로 정하는 서류를,위임,부령,,rule
P06310,원격교육설비의 세부기준은 교육부장관이 정한다.,판단불가,해당없음,,rule
P06311,사항은 교육부령으로,위임,부령,,rule
P06312,교육부령으로 정하는,위임,부령,,rule
P06313,교육부령으로 정하는,위임,부령,,rule
P06314,세부기준은 교육부령으로,위임,부령,,rule
P06315,"④ 제1항부터 제3항까지에서 규정한 사항 외에 시·도문해교육센터의 조직, 시설 및 지정 등에 필요한 사항은 해당 시·도의 조례로 정한다.",위임,조례,,rule
P06316,"④ 제1항부터 제3항까지에서 규정한 사항 외에 시·도문해교육센터의 조직, 시설 및 지정 등에 필요한 사항은 해당 시·도의 조례로 정한다.",위임,조례,,rule
P06317,"④ 제1항부터 제3항까지에서 규정한 사항 외에 시·도문해교육센터의 조직, 시설 및 지정 등에 필요한 사항은 해당 시·도의 조례로 정한다.",위임,조례,,rule
P06318,"④ 제1항부터 제3항까지에서 규정한 사항 외에 시·도문해교육센터의 조직, 시설 및 지정 등에 필요한 사항은 해당 시·도의 조례로 정한다.",위임,조례,,rule
P06319,"④ 제1항부터 제3항까지에서 규정한 사항 외에 시·도문해교육센터의 조직, 시설 및 지정 등에 필요한 사항은 해당 시·도의 조례로 정한다.",위임,조례,,rule
P06320,"④ 제1항부터 제3항까지에서 규정한 사항 외에 시·도문해교육센터의 조직, 시설 및 지정 등에 필요한 사항은 해당 시·도의 조례로 정한다.",위임,조례,,rule
P06321,"④ 제1항부터 제3항까지에서 규정한 사항 외에 시·도문해교육센터의 조직, 시설 및 지정 등에 필요한 사항은 해당 시·도의 조례로 정한다.",위임,조례,,rule
P06322,"④ 제1항부터 제3항까지에서 규정한 사항 외에 시·도문해교육센터의 조직, 시설 및 지정 등에 필요한 사항은 해당 시·도의 조례로 정한다.",위임,조례,,rule
P06323,"④ 제1항부터 제3항까지에서 규정한 사항 외에 시·도문해교육센터의 조직, 시설 및 지정 등에 필요한 사항은 해당 시·도의 조례로 정한다.",위임,조례,,rule
P06324,"④ 제1항부터 제3항까지에서 규정한 사항 외에 시·도문해교육센터의 조직, 시설 및 지정 등에 필요한 사항은 해당 시·도의 조례로 정한다.",위임,조례,,rule
P06325,"④ 제1항부터 제3항까지에서 규정한 사항 외에 시·도문해교육센터의 조직, 시설 및 지정 등에 필요한 사항은 해당 시·도의 조례로 정한다.",위임,조례,,rule
P06326,"④ 제1항부터 제3항까지에서 규정한 사항 외에 시·도문해교육센터의 조직, 시설 및 지정 등에 필요한 사항은 해당 시·도의 조례로 정한다.",위임,조례,,rule
P06327,"④ 제1항부터 제3항까지에서 규정한 사항 외에 시·도문해교육센터의 조직, 시설 및 지정 등에 필요한 사항은 해당 시·도의 조례로 정한다.",위임,조례,,rule
P06328,"④ 제1항부터 제3항까지에서 규정한 사항 외에 시·도문해교육센터의 조직, 시설 및 지정 등에 필요한 사항은 해당 시·도의 조례로 정한다.",위임,조례,,rule
P06329,교육부령으로 정하는 신청서류를,위임,부령,,rule
P06330,교육부령으로 정하는 학력인정서를,위임,부령,,rule
P06331,교육부령으로 정하는,위임,부령,,rule
P06332,③ 교육감은 법 제44조제3항에 따라 다음 각 호의 권한을 조례로 정하는 바에 따라 소관 교육장에게 위임할 수 있다.,위임,조례,,rule
P06333,③ 교육감은 법 제44조제3항에 따라 다음 각 호의 권한을 조례로 정하는 바에 따라 소관 교육장에게 위임할 수 있다.,위임,조례,,rule
P06334,③ 교육감은 법 제44조제3항에 따라 다음 각 호의 권한을 조례로 정하는 바에 따라 소관 교육장에게 위임할 수 있다.,위임,조례,,rule
P06335,③ 교육감은 법 제44조제3항에 따라 다음 각 호의 권한을 조례로 정하는 바에 따라 소관 교육장에게 위임할 수 있다.,위임,조례,,rule
P06336,③ 교육감은 법 제44조제3항에 따라 다음 각 호의 권한을 조례로 정하는 바에 따라 소관 교육장에게 위임할 수 있다.,위임,조례,,rule
P06337,③ 교육감은 법 제44조제3항에 따라 다음 각 호의 권한을 조례로 정하는 바에 따라 소관 교육장에게 위임할 수 있다.,위임,조례,,rule
P06338,③ 교육감은 법 제44조제3항에 따라 다음 각 호의 권한을 조례로 정하는 바에 따라 소관 교육장에게 위임할 수 있다.,위임,조례,,rule
P06339,③ 교육감은 법 제44조제3항에 따라 다음 각 호의 권한을 조례로 정하는 바에 따라 소관 교육장에게 위임할 수 있다.,위임,조례,,rule
P06340,③ 교육감은 법 제44조제3항에 따라 다음 각 호의 권한을 조례로 정하는 바에 따라 소관 교육장에게 위임할 수 있다.,위임,조례,,rule
P06341,③ 교육감은 법 제44조제3항에 따라 다음 각 호의 권한을 조례로 정하는 바에 따라 소관 교육장에게 위임할 수 있다.,위임,조례,,rule
P06342,③ 교육감은 법 제44조제3항에 따라 다음 각 호의 권한을 조례로 정하는 바에 따라 소관 교육장에게 위임할 수 있다.,위임,조례,,rule
P06343,③ 교육감은 법 제44조제3항에 따라 다음 각 호의 권한을 조례로 정하는 바에 따라 소관 교육장에게 위임할 수 있다.,위임,조례,,rule
P06344,③ 교육감은 법 제44조제3항에 따라 다음 각 호의 권한을 조례로 정하는 바에 따라 소관 교육장에게 위임할 수 있다.,위임,조례,,rule
P06345,③ 교육감은 법 제44조제3항에 따라 다음 각 호의 권한을 조례로 정하는 바에 따라 소관 교육장에게 위임할 수 있다.,위임,조례,,rule
P06346,③ 교육감은 법 제44조제3항에 따라 다음 각 호의 권한을 조례로 정하는 바에 따라 소관 교육장에게 위임할 수 있다.,위임,조례,,rule
P06347,③ 교육감은 법 제44조제3항에 따라 다음 각 호의 권한을 조례로 정하는 바에 따라 소관 교육장에게 위임할 수 있다.,위임,조례,,rule
P06348,대통령령으로 정하는 시설을,위임,대통령령,,rule
P06349,대통령령으로 정하는,위임,대통령령,,rule
P06350,대통령령으로 정한다,위임,대통령령,,rule
P06351,대통령령으로 정하는,위임,대통령령,,rule
P06352,대통령령으로 정하는,위임,대통령령,,rule
P06353,대통령령으로 정하는,위임,대통령령,,rule
P06354,대통령령으로 정하는,위임,대통령령,,rule
P06355,자에게 대통령령으로,위임,대통령령,,rule
P06356,대통령령으로 정하는,위임,대통령령,,rule
P06357,②법 제5조제1항에 따라 대부하는 경우 연간 대부료율은 해당 폐교재산평정가격(「공유재산 및 물품 관리법 시행령」 제31조제2항에 따른 가격을 말한다. 이하 같다)을 고려하여 해당 특별시ㆍ광역시ㆍ특별자치시ㆍ도 및 특별자치도(이하 “시ㆍ도”라 한다)의 조례로 정한다.,위임,조례,,rule
P06358,②법 제5조제1항에 따라 대부하는 경우 연간 대부료율은 해당 폐교재산평정가격(「공유재산 및 물품 관리법 시행령」 제31조제2항에 따른 가격을 말한다. 이하 같다)을 고려하여 해당 특별시ㆍ광역시ㆍ특별자치시ㆍ도 및 특별자치도(이하 “시ㆍ도”라 한다)의 조례로 정한다.,위임,조례,,rule
P06359,②법 제5조제1항에 따라 대부하는 경우 연간 대부료율은 해당 폐교재산평정가격(「공유재산 및 물품 관리법 시행령」 제31조제2항에 따른 가격을 말한다. 이하 같다)을 고려하여 해당 특별시ㆍ광역시ㆍ특별자치시ㆍ도 및 특별자치도(이하 “시ㆍ도”라 한다)의 조례로 정한다.,위임,조례,,rule
P06360,②법 제5조제1항에 따라 대부하는 경우 연간 대부료율은 해당 폐교재산평정가격(「공유재산 및 물품 관리법 시행령」 제31조제2항에 따른 가격을 말한다. 이하 같다)을 고려하여 해당 특별시ㆍ광역시ㆍ특별자치시ㆍ도 및 특별자치도(이하 “시ㆍ도”라 한다)의 조례로 정한다.,위임,조례,,rule
P06361,②법 제5조제1항에 따라 대부하는 경우 연간 대부료율은 해당 폐교재산평정가격(「공유재산 및 물품 관리법 시행령」 제31조제2항에 따른 가격을 말한다. 이하 같다)을 고려하여 해당 특별시ㆍ광역시ㆍ특별자치시ㆍ도 및 특별자치도(이하 “시ㆍ도”라 한다)의 조례로 정한다.,위임,조례,,rule
P06362,②법 제5조제1항에 따라 대부하는 경우 연간 대부료율은 해당 폐교재산평정가격(「공유재산 및 물품 관리법 시행령」 제31조제2항에 따른 가격을 말한다. 이하 같다)을 고려하여 해당 특별시ㆍ광역시ㆍ특별자치시ㆍ도 및 특별자치도(이하 “시ㆍ도”라 한다)의 조례로 정한다.,위임,조례,,rule
P06363,②법 제5조제1항에 따라 대부하는 경우 연간 대부료율은 해당 폐교재산평정가격(「공유재산 및 물품 관리법 시행령」 제31조제2항에 따른 가격을 말한다. 이하 같다)을 고려하여 해당 특별시ㆍ광역시ㆍ특별자치시ㆍ도 및 특별자치도(이하 “시ㆍ도”라 한다)의 조례로 정한다.,위임,조례,,rule
P06364,②법 제5조제1항에 따라 대부하는 경우 연간 대부료율은 해당 폐교재산평정가격(「공유재산 및 물품 관리법 시행령」 제31조제2항에 따른 가격을 말한다. 이하 같다)을 고려하여 해당 특별시ㆍ광역시ㆍ특별자치시ㆍ도 및 특별자치도(이하 “시ㆍ도”라 한다)의 조례로 정한다.,위임,조례,,rule
P06365,②법 제5조제1항에 따라 대부하는 경우 연간 대부료율은 해당 폐교재산평정가격(「공유재산 및 물품 관리법 시행령」 제31조제2항에 따른 가격을 말한다. 이하 같다)을 고려하여 해당 특별시ㆍ광역시ㆍ특별자치시ㆍ도 및 특별자치도(이하 “시ㆍ도”라 한다)의 조례로 정한다.,위임,조례,,rule
P06366,②법 제5조제1항에 따라 대부하는 경우 연간 대부료율은 해당 폐교재산평정가격(「공유재산 및 물품 관리법 시행령」 제31조제2항에 따른 가격을 말한다. 이하 같다)을 고려하여 해당 특별시ㆍ광역시ㆍ특별자치시ㆍ도 및 특별자치도(이하 “시ㆍ도”라 한다)의 조례로 정한다.,위임,조례,,rule
P06367,②법 제5조제1항에 따라 대부하는 경우 연간 대부료율은 해당 폐교재산평정가격(「공유재산 및 물품 관리법 시행령」 제31조제2항에 따른 가격을 말한다. 이하 같다)을 고려하여 해당 특별시ㆍ광역시ㆍ특별자치시ㆍ도 및 특별자치도(이하 “시ㆍ도”라 한다)의 조례로 정한다.,위임,조례,,rule
P06368,②법 제5조제1항에 따라 대부하는 경우 연간 대부료율은 해당 폐교재산평정가격(「공유재산 및 물품 관리법 시행령」 제31조제2항에 따른 가격을 말한다. 이하 같다)을 고려하여 해당 특별시ㆍ광역시ㆍ특별자치시ㆍ도 및 특별자치도(이하 “시ㆍ도”라 한다)의 조례로 정한다.,위임,조례,,rule
P06369,②법 제5조제1항에 따라 대부하는 경우 연간 대부료율은 해당 폐교재산평정가격(「공유재산 및 물품 관리법 시행령」 제31조제2항에 따른 가격을 말한다. 이하 같다)을 고려하여 해당 특별시ㆍ광역시ㆍ특별자치시ㆍ도 및 특별자치도(이하 “시ㆍ도”라 한다)의 조례로 정한다.,위임,조례,,rule
P06370,②법 제5조제1항에 따라 대부하는 경우 연간 대부료율은 해당 폐교재산평정가격(「공유재산 및 물품 관리법 시행령」 제31조제2항에 따른 가격을 말한다. 이하 같다)을 고려하여 해당 특별시ㆍ광역시ㆍ특별자치시ㆍ도 및 특별자치도(이하 “시ㆍ도”라 한다)의 조례로 정한다.,위임,조례,,rule
P06371,②법 제5조제1항에 따라 대부하는 경우 연간 대부료율은 해당 폐교재산평정가격(「공유재산 및 물품 관리법 시행령」 제31조제2항에 따른 가격을 말한다. 이하 같다)을 고려하여 해당 특별시ㆍ광역시ㆍ특별자치시ㆍ도 및 특별자치도(이하 “시ㆍ도”라 한다)의 조례로 정한다.,위임,조례,,rule
P06372,②법 제5조제1항에 따라 대부하는 경우 연간 대부료율은 해당 폐교재산평정가격(「공유재산 및 물품 관리법 시행령」 제31조제2항에 따른 가격을 말한다. 이하 같다)을 고려하여 해당 특별시ㆍ광역시ㆍ특별자치시ㆍ도 및 특별자치도(이하 “시ㆍ도”라 한다)의 조례로 정한다.,위임,조례,,rule
P06373,②법 제5조제1항에 따라 대부하는 경우 연간 대부료율은 해당 폐교재산평정가격(「공유재산 및 물품 관리법 시행령」 제31조제2항에 따른 가격을 말한다. 이하 같다)을 고려하여 해당 특별시ㆍ광역시ㆍ특별자치시ㆍ도 및 특별자치도(이하 “시ㆍ도”라 한다)의 조례로 정한다.,위임,조례,,rule
P06374,"① 법 제5조제3항에 따라 폐교재산을 감액하여 대부하는 경우 연간 감액비율은 해당 시ㆍ도의 조례로 정한다. 다만, 시ㆍ도 교육감은 대부를 받은 자가 재난(「재난 및 안전관리 기본법」 제3조제1호에 따른 재난을 말한다)에 따른 피해를 입은 경우 「공유재산 및 물품 관리법」 제16조에 따른 공유재산심의회의 심의를 거쳐 한시적으로 적용되는 연간 감액비율을 따로 정할 수 있다.",위임,조례,,rule
P06375,"① 법 제5조제3항에 따라 폐교재산을 감액하여 대부하는 경우 연간 감액비율은 해당 시ㆍ도의 조례로 정한다. 다만, 시ㆍ도 교육감은 대부를 받은 자가 재난(「재난 및 안전관리 기본법」 제3조제1호에 따른 재난을 말한다)에 따른 피해를 입은 경우 「공유재산 및 물품 관리법」 제16조에 따른 공유재산심의회의 심의를 거쳐 한시적으로 적용되는 연간 감액비율을 따로 정할 수 있다.",위임,조례,,rule
P06376,"① 법 제5조제3항에 따라 폐교재산을 감액하여 대부하는 경우 연간 감액비율은 해당 시ㆍ도의 조례로 정한다. 다만, 시ㆍ도 교육감은 대부를 받은 자가 재난(「재난 및 안전관리 기본법」 제3조제1호에 따른 재난을 말한다)에 따른 피해를 입은 경우 「공유재산 및 물품 관리법」 제16조에 따른 공유재산심의회의 심의를 거쳐 한시적으로 적용되는 연간 감액비율을 따로 정할 수 있다.",위임,조례,,rule
P06377,"① 법 제5조제3항에 따라 폐교재산을 감액하여 대부하는 경우 연간 감액비율은 해당 시ㆍ도의 조례로 정한다. 다만, 시ㆍ도 교육감은 대부를 받은 자가 재난(「재난 및 안전관리 기본법」 제3조제1호에 따른 재난을 말한다)에 따른 피해를 입은 경우 「공유재산 및 물품 관리법」 제16조에 따른 공유재산심의회의 심의를 거쳐 한시적으로 적용되는 연간 감액비율을 따로 정할 수 있다.",위임,조례,,rule
P06378,"① 법 제5조제3항에 따라 폐교재산을 감액하여 대부하는 경우 연간 감액비율은 해당 시ㆍ도의 조례로 정한다. 다만, 시ㆍ도 교육감은 대부를 받은 자가 재난(「재난 및 안전관리 기본법」 제3조제1호에 따른 재난을 말한다)에 따른 피해를 입은 경우 「공유재산 및 물품 관리법」 제16조에 따른 공유재산심의회의 심의를 거쳐 한시적으로 적용되는 연간 감액비율을 따로 정할 수 있다.",위임,조례,,rule
P06379,"① 법 제5조제3항에 따라 폐교재산을 감액하여 대부하는 경우 연간 감액비율은 해당 시ㆍ도의 조례로 정한다. 다만, 시ㆍ도 교육감은 대부를 받은 자가 재난(「재난 및 안전관리 기본법」 제3조제1호에 따른 재난을 말한다)에 따른 피해를 입은 경우 「공유재산 및 물품 관리법」 제16조에 따른 공유재산심의회의 심의를 거쳐 한시적으로 적용되는 연간 감액비율을 따로 정할 수 있다.",위임,조례,,rule
P06380,"① 법 제5조제3항에 따라 폐교재산을 감액하여 대부하는 경우 연간 감액비율은 해당 시ㆍ도의 조례로 정한다. 다만, 시ㆍ도 교육감은 대부를 받은 자가 재난(「재난 및 안전관리 기본법」 제3조제1호에 따른 재난을 말한다)에 따른 피해를 입은 경우 「공유재산 및 물품 관리법」 제16조에 따른 공유재산심의회의 심의를 거쳐 한시적으로 적용되는 연간 감액비율을 따로 정할 수 있다.",위임,조례,,rule
P06381,"① 법 제5조제3항에 따라 폐교재산을 감액하여 대부하는 경우 연간 감액비율은 해당 시ㆍ도의 조례로 정한다. 다만, 시ㆍ도 교육감은 대부를 받은 자가 재난(「재난 및 안전관리 기본법」 제3조제1호에 따른 재난을 말한다)에 따른 피해를 입은 경우 「공유재산 및 물품 관리법」 제16조에 따른 공유재산심의회의 심의를 거쳐 한시적으로 적용되는 연간 감액비율을 따로 정할 수 있다.",위임,조례,,rule
P06382,"① 법 제5조제3항에 따라 폐교재산을 감액하여 대부하는 경우 연간 감액비율은 해당 시ㆍ도의 조례로 정한다. 다만, 시ㆍ도 교육감은 대부를 받은 자가 재난(「재난 및 안전관리 기본법」 제3조제1호에 따른 재난을 말한다)에 따른 피해를 입은 경우 「공유재산 및 물품 관리법」 제16조에 따른 공유재산심의회의 심의를 거쳐 한시적으로 적용되는 연간 감액비율을 따로 정할 수 있다.",위임,조례,,rule
P06383,"① 법 제5조제3항에 따라 폐교재산을 감액하여 대부하는 경우 연간 감액비율은 해당 시ㆍ도의 조례로 정한다. 다만, 시ㆍ도 교육감은 대부를 받은 자가 재난(「재난 및 안전관리 기본법」 제3조제1호에 따른 재난을 말한다)에 따른 피해를 입은 경우 「공유재산 및 물품 관리법」 제16조에 따른 공유재산심의회의 심의를 거쳐 한시적으로 적용되는 연간 감액비율을 따로 정할 수 있다.",위임,조례,,rule
P06384,"① 법 제5조제3항에 따라 폐교재산을 감액하여 대부하는 경우 연간 감액비율은 해당 시ㆍ도의 조례로 정한다. 다만, 시ㆍ도 교육감은 대부를 받은 자가 재난(「재난 및 안전관리 기본법」 제3조제1호에 따른 재난을 말한다)에 따른 피해를 입은 경우 「공유재산 및 물품 관리법」 제16조에 따른 공유재산심의회의 심의를 거쳐 한시적으로 적용되는 연간 감액비율을 따로 정할 수 있다.",위임,조례,,rule
P06385,"① 법 제5조제3항에 따라 폐교재산을 감액하여 대부하는 경우 연간 감액비율은 해당 시ㆍ도의 조례로 정한다. 다만, 시ㆍ도 교육감은 대부를 받은 자가 재난(「재난 및 안전관리 기본법」 제3조제1호에 따른 재난을 말한다)에 따른 피해를 입은 경우 「공유재산 및 물품 관리법」 제16조에 따른 공유재산심의회의 심의를 거쳐 한시적으로 적용되는 연간 감액비율을 따로 정할 수 있다.",위임,조례,,rule
P06386,"① 법 제5조제3항에 따라 폐교재산을 감액하여 대부하는 경우 연간 감액비율은 해당 시ㆍ도의 조례로 정한다. 다만, 시ㆍ도 교육감은 대부를 받은 자가 재난(「재난 및 안전관리 기본법」 제3조제1호에 따른 재난을 말한다)에 따른 피해를 입은 경우 「공유재산 및 물품 관리법」 제16조에 따른 공유재산심의회의 심의를 거쳐 한시적으로 적용되는 연간 감액비율을 따로 정할 수 있다.",위임,조례,,rule
P06387,"① 법 제5조제3항에 따라 폐교재산을 감액하여 대부하는 경우 연간 감액비율은 해당 시ㆍ도의 조례로 정한다. 다만, 시ㆍ도 교육감은 대부를 받은 자가 재난(「재난 및 안전관리 기본법」 제3조제1호에 따른 재난을 말한다)에 따른 피해를 입은 경우 「공유재산 및 물품 관리법」 제16조에 따른 공유재산심의회의 심의를 거쳐 한시적으로 적용되는 연간 감액비율을 따로 정할 수 있다.",위임,조례,,rule
P06388,"① 법 제5조제3항에 따라 폐교재산을 감액하여 대부하는 경우 연간 감액비율은 해당 시ㆍ도의 조례로 정한다. 다만, 시ㆍ도 교육감은 대부를 받은 자가 재난(「재난 및 안전관리 기본법」 제3조제1호에 따른 재난을 말한다)에 따른 피해를 입은 경우 「공유재산 및 물품 관리법」 제16조에 따른 공유재산심의회의 심의를 거쳐 한시적으로 적용되는 연간 감액비율을 따로 정할 수 있다.",위임,조례,,rule
P06389,"① 법 제5조제3항에 따라 폐교재산을 감액하여 대부하는 경우 연간 감액비율은 해당 시ㆍ도의 조례로 정한다. 다만, 시ㆍ도 교육감은 대부를 받은 자가 재난(「재난 및 안전관리 기본법」 제3조제1호에 따른 재난을 말한다)에 따른 피해를 입은 경우 「공유재산 및 물품 관리법」 제16조에 따른 공유재산심의회의 심의를 거쳐 한시적으로 적용되는 연간 감액비율을 따로 정할 수 있다.",위임,조례,,rule
P06390,"법 제5조제4항제2호에서 ""대통령령으로 정하는 지역주민""이란 폐교 당시 해당 학교의 학생통학구역의 범위에서 해당 시·도조례로 정하는 지역에 주민등록이 되어 있는 사람을 말한다.",위임,대통령령|조례,,rule
P06391,"법 제5조제4항제2호에서 ""대통령령으로 정하는 지역주민""이란 폐교 당시 해당 학교의 학생통학구역의 범위에서 해당 시·도조례로 정하는 지역에 주민등록이 되어 있는 사람을 말한다.",위임,대통령령|조례,,rule
P06392,"법 제5조제4항제2호에서 ""대통령령으로 정하는 지역주민""이란 폐교 당시 해당 학교의 학생통학구역의 범위에서 해당 시·도조례로 정하는 지역에 주민등록이 되어 있는 사람을 말한다.",위임,대통령령|조례,,rule
P06393,"법 제5조제4항제2호에서 ""대통령령으로 정하는 지역주민""이란 폐교 당시 해당 학교의 학생통학구역의 범위에서 해당 시·도조례로 정하는 지역에 주민등록이 되어 있는 사람을 말한다.",위임,대통령령|조례,,rule
P06394,"법 제5조제4항제2호에서 ""대통령령으로 정하는 지역주민""이란 폐교 당시 해당 학교의 학생통학구역의 범위에서 해당 시·도조례로 정하는 지역에 주민등록이 되어 있는 사람을 말한다.",위임,대통령령|조례,,rule
P06395,"법 제5조제4항제2호에서 ""대통령령으로 정하는 지역주민""이란 폐교 당시 해당 학교의 학생통학구역의 범위에서 해당 시·도조례로 정하는 지역에 주민등록이 되어 있는 사람을 말한다.",위임,대통령령|조례,,rule
P06396,"법 제5조제4항제2호에서 ""대통령령으로 정하는 지역주민""이란 폐교 당시 해당 학교의 학생통학구역의 범위에서 해당 시·도조례로 정하는 지역에 주민등록이 되어 있는 사람을 말한다.",위임,대통령령|조례,,rule
P06397,"법 제5조제4항제2호에서 ""대통령령으로 정하는 지역주민""이란 폐교 당시 해당 학교의 학생통학구역의 범위에서 해당 시·도조례로 정하는 지역에 주민등록이 되어 있는 사람을 말한다.",위임,대통령령|조례,,rule
P06398,"법 제5조제4항제2호에서 ""대통령령으로 정하는 지역주민""이란 폐교 당시 해당 학교의 학생통학구역의 범위에서 해당 시·도조례로 정하는 지역에 주민등록이 되어 있는 사람을 말한다.",위임,대통령령|조례,,rule
P06399,"법 제5조제4항제2호에서 ""대통령령으로 정하는 지역주민""이란 폐교 당시 해당 학교의 학생통학구역의 범위에서 해당 시·도조례로 정하는 지역에 주민등록이 되어 있는 사람을 말한다.",위임,대통령령|조례,,rule
P06400,"법 제5조제4항제2호에서 ""대통령령으로 정하는 지역주민""이란 폐교 당시 해당 학교의 학생통학구역의 범위에서 해당 시·도조례로 정하는 지역에 주민등록이 되어 있는 사람을 말한다.",위임,대통령령|조례,,rule
P06401,"법 제5조제4항제2호에서 ""대통령령으로 정하는 지역주민""이란 폐교 당시 해당 학교의 학생통학구역의 범위에서 해당 시·도조례로 정하는 지역에 주민등록이 되어 있는 사람을 말한다.",위임,대통령령|조례,,rule
P06402,"법 제5조제4항제2호에서 ""대통령령으로 정하는 지역주민""이란 폐교 당시 해당 학교의 학생통학구역의 범위에서 해당 시·도조례로 정하는 지역에 주민등록이 되어 있는 사람을 말한다.",위임,대통령령|조례,,rule
P06403,"법 제5조제4항제2호에서 ""대통령령으로 정하는 지역주민""이란 폐교 당시 해당 학교의 학생통학구역의 범위에서 해당 시·도조례로 정하는 지역에 주민등록이 되어 있는 사람을 말한다.",위임,대통령령|조례,,rule
P06404,"법 제5조제4항제2호에서 ""대통령령으로 정하는 지역주민""이란 폐교 당시 해당 학교의 학생통학구역의 범위에서 해당 시·도조례로 정하는 지역에 주민등록이 되어 있는 사람을 말한다.",위임,대통령령|조례,,rule
P06405,대통령령으로 정하는 바에,위임,대통령령,,rule
P06406,대통령령으로 정하는 바에,위임,대통령령,,rule
P06407,대통령령으로 정하는 규모,위임,대통령령,,rule
P06408,필요한 사항은 대통령령으로,위임,대통령령,,rule
P06409,필요한 사항은 대통령령으로,위임,대통령령,,rule
P06410,⑤제3항의 규정에 따른 학교급식지원심의위원회의 구성ㆍ운영과 제4항의 규정에 따른 학교급식지원센터의 설치ㆍ운영에 관하여 필요한 사항은 해당지방자치단체의 조례로 정한다.,위임,조례,,rule
P06411,⑤제3항의 규정에 따른 학교급식지원심의위원회의 구성ㆍ운영과 제4항의 규정에 따른 학교급식지원센터의 설치ㆍ운영에 관하여 필요한 사항은 해당지방자치단체의 조례로 정한다.,위임,조례,,rule
P06412,⑤제3항의 규정에 따른 학교급식지원심의위원회의 구성ㆍ운영과 제4항의 규정에 따른 학교급식지원센터의 설치ㆍ운영에 관하여 필요한 사항은 해당지방자치단체의 조례로 정한다.,위임,조례,,rule
P06413,⑤제3항의 규정에 따른 학교급식지원심의위원회의 구성ㆍ운영과 제4항의 규정에 따른 학교급식지원센터의 설치ㆍ운영에 관하여 필요한 사항은 해당지방자치단체의 조례로 정한다.,위임,조례,,rule
P06414,⑤제3항의 규정에 따른 학교급식지원심의위원회의 구성ㆍ운영과 제4항의 규정에 따른 학교급식지원센터의 설치ㆍ운영에 관하여 필요한 사항은 해당지방자치단체의 조례로 정한다.,위임,조례,,rule
P06415,⑤제3항의 규정에 따른 학교급식지원심의위원회의 구성ㆍ운영과 제4항의 규정에 따른 학교급식지원센터의 설치ㆍ운영에 관하여 필요한 사항은 해당지방자치단체의 조례로 정한다.,위임,조례,,rule
P06416,⑤제3항의 규정에 따른 학교급식지원심의위원회의 구성ㆍ운영과 제4항의 규정에 따른 학교급식지원센터의 설치ㆍ운영에 관하여 필요한 사항은 해당지방자치단체의 조례로 정한다.,위임,조례,,rule
P06417,⑤제3항의 규정에 따른 학교급식지원심의위원회의 구성ㆍ운영과 제4항의 규정에 따른 학교급식지원센터의 설치ㆍ운영에 관하여 필요한 사항은 해당지방자치단체의 조례로 정한다.,위임,조례,,rule
P06418,⑤제3항의 규정에 따른 학교급식지원심의위원회의 구성ㆍ운영과 제4항의 규정에 따른 학교급식지원센터의 설치ㆍ운영에 관하여 필요한 사항은 해당지방자치단체의 조례로 정한다.,위임,조례,,rule
P06419,⑤제3항의 규정에 따른 학교급식지원심의위원회의 구성ㆍ운영과 제4항의 규정에 따른 학교급식지원센터의 설치ㆍ운영에 관하여 필요한 사항은 해당지방자치단체의 조례로 정한다.,위임,조례,,rule
P06420,⑤제3항의 규정에 따른 학교급식지원심의위원회의 구성ㆍ운영과 제4항의 규정에 따른 학교급식지원센터의 설치ㆍ운영에 관하여 필요한 사항은 해당지방자치단체의 조례로 정한다.,위임,조례,,rule
P06421,⑤제3항의 규정에 따른 학교급식지원심의위원회의 구성ㆍ운영과 제4항의 규정에 따른 학교급식지원센터의 설치ㆍ운영에 관하여 필요한 사항은 해당지방자치단체의 조례로 정한다.,위임,조례,,rule
P06422,⑤제3항의 규정에 따른 학교급식지원심의위원회의 구성ㆍ운영과 제4항의 규정에 따른 학교급식지원센터의 설치ㆍ운영에 관하여 필요한 사항은 해당지방자치단체의 조례로 정한다.,위임,조례,,rule
P06423,⑤제3항의 규정에 따른 학교급식지원심의위원회의 구성ㆍ운영과 제4항의 규정에 따른 학교급식지원센터의 설치ㆍ운영에 관하여 필요한 사항은 해당지방자치단체의 조례로 정한다.,위임,조례,,rule
P06424,⑤제3항의 규정에 따른 학교급식지원심의위원회의 구성ㆍ운영과 제4항의 규정에 따른 학교급식지원센터의 설치ㆍ운영에 관하여 필요한 사항은 해당지방자치단체의 조례로 정한다.,위임,조례,,rule
P06425,⑤제3항의 규정에 따른 학교급식지원심의위원회의 구성ㆍ운영과 제4항의 규정에 따른 학교급식지원센터의 설치ㆍ운영에 관하여 필요한 사항은 해당지방자치단체의 조례로 정한다.,위임,조례,,rule
P06426,⑤제3항의 규정에 따른 학교급식지원심의위원회의 구성ㆍ운영과 제4항의 규정에 따른 학교급식지원센터의 설치ㆍ운영에 관하여 필요한 사항은 해당지방자치단체의 조례로 정한다.,위임,조례,,rule
P06427,⑤제3항의 규정에 따른 학교급식지원심의위원회의 구성ㆍ운영과 제4항의 규정에 따른 학교급식지원센터의 설치ㆍ운영에 관하여 필요한 사항은 해당지방자치단체의 조례로 정한다.,위임,조례,,rule
P06428,⑤제3항의 규정에 따른 학교급식지원심의위원회의 구성ㆍ운영과 제4항의 규정에 따른 학교급식지원센터의 설치ㆍ운영에 관하여 필요한 사항은 해당지방자치단체의 조례로 정한다.,위임,조례,,rule
P06429,⑤제3항의 규정에 따른 학교급식지원심의위원회의 구성ㆍ운영과 제4항의 규정에 따른 학교급식지원센터의 설치ㆍ운영에 관하여 필요한 사항은 해당지방자치단체의 조례로 정한다.,위임,조례,,rule
P06430,⑤제3항의 규정에 따른 학교급식지원심의위원회의 구성ㆍ운영과 제4항의 규정에 따른 학교급식지원센터의 설치ㆍ운영에 관하여 필요한 사항은 해당지방자치단체의 조례로 정한다.,위임,조례,,rule
P06431,⑤제3항의 규정에 따른 학교급식지원심의위원회의 구성ㆍ운영과 제4항의 규정에 따른 학교급식지원센터의 설치ㆍ운영에 관하여 필요한 사항은 해당지방자치단체의 조례로 정한다.,위임,조례,,rule
P06432,⑤제3항의 규정에 따른 학교급식지원심의위원회의 구성ㆍ운영과 제4항의 규정에 따른 학교급식지원센터의 설치ㆍ운영에 관하여 필요한 사항은 해당지방자치단체의 조례로 정한다.,위임,조례,,rule
P06433,⑤제3항의 규정에 따른 학교급식지원심의위원회의 구성ㆍ운영과 제4항의 규정에 따른 학교급식지원센터의 설치ㆍ운영에 관하여 필요한 사항은 해당지방자치단체의 조례로 정한다.,위임,조례,,rule
P06434,⑤제3항의 규정에 따른 학교급식지원심의위원회의 구성ㆍ운영과 제4항의 규정에 따른 학교급식지원센터의 설치ㆍ운영에 관하여 필요한 사항은 해당지방자치단체의 조례로 정한다.,위임,조례,,rule
P06435,⑤제3항의 규정에 따른 학교급식지원심의위원회의 구성ㆍ운영과 제4항의 규정에 따른 학교급식지원센터의 설치ㆍ운영에 관하여 필요한 사항은 해당지방자치단체의 조례로 정한다.,위임,조례,,rule
P06436,⑤제3항의 규정에 따른 학교급식지원심의위원회의 구성ㆍ운영과 제4항의 규정에 따른 학교급식지원센터의 설치ㆍ운영에 관하여 필요한 사항은 해당지방자치단체의 조례로 정한다.,위임,조례,,rule
P06437,⑤제3항의 규정에 따른 학교급식지원심의위원회의 구성ㆍ운영과 제4항의 규정에 따른 학교급식지원센터의 설치ㆍ운영에 관하여 필요한 사항은 해당지방자치단체의 조례로 정한다.,위임,조례,,rule
P06438,⑤제3항의 규정에 따른 학교급식지원심의위원회의 구성ㆍ운영과 제4항의 규정에 따른 학교급식지원센터의 설치ㆍ운영에 관하여 필요한 사항은 해당지방자치단체의 조례로 정한다.,위임,조례,,rule
P06439,⑤제3항의 규정에 따른 학교급식지원심의위원회의 구성ㆍ운영과 제4항의 규정에 따른 학교급식지원센터의 설치ㆍ운영에 관하여 필요한 사항은 해당지방자치단체의 조례로 정한다.,위임,조례,,rule
P06440,⑤제3항의 규정에 따른 학교급식지원심의위원회의 구성ㆍ운영과 제4항의 규정에 따른 학교급식지원센터의 설치ㆍ운영에 관하여 필요한 사항은 해당지방자치단체의 조례로 정한다.,위임,조례,,rule
P06441,⑤제3항의 규정에 따른 학교급식지원심의위원회의 구성ㆍ운영과 제4항의 규정에 따른 학교급식지원센터의 설치ㆍ운영에 관하여 필요한 사항은 해당지방자치단체의 조례로 정한다.,위임,조례,,rule
P06442,⑤제3항의 규정에 따른 학교급식지원심의위원회의 구성ㆍ운영과 제4항의 규정에 따른 학교급식지원센터의 설치ㆍ운영에 관하여 필요한 사항은 해당지방자치단체의 조례로 정한다.,위임,조례,,rule
P06443,⑤제3항의 규정에 따른 학교급식지원심의위원회의 구성ㆍ운영과 제4항의 규정에 따른 학교급식지원센터의 설치ㆍ운영에 관하여 필요한 사항은 해당지방자치단체의 조례로 정한다.,위임,조례,,rule
P06444,⑤제3항의 규정에 따른 학교급식지원심의위원회의 구성ㆍ운영과 제4항의 규정에 따른 학교급식지원센터의 설치ㆍ운영에 관하여 필요한 사항은 해당지방자치단체의 조례로 정한다.,위임,조례,,rule
P06445,⑤제3항의 규정에 따른 학교급식지원심의위원회의 구성ㆍ운영과 제4항의 규정에 따른 학교급식지원센터의 설치ㆍ운영에 관하여 필요한 사항은 해당지방자치단체의 조례로 정한다.,위임,조례,,rule
P06446,⑤제3항의 규정에 따른 학교급식지원심의위원회의 구성ㆍ운영과 제4항의 규정에 따른 학교급식지원센터의 설치ㆍ운영에 관하여 필요한 사항은 해당지방자치단체의 조례로 정한다.,위임,조례,,rule
P06447,⑤제3항의 규정에 따른 학교급식지원심의위원회의 구성ㆍ운영과 제4항의 규정에 따른 학교급식지원센터의 설치ㆍ운영에 관하여 필요한 사항은 해당지방자치단체의 조례로 정한다.,위임,조례,,rule
P06448,⑤제3항의 규정에 따른 학교급식지원심의위원회의 구성ㆍ운영과 제4항의 규정에 따른 학교급식지원센터의 설치ㆍ운영에 관하여 필요한 사항은 해당지방자치단체의 조례로 정한다.,위임,조례,,rule
P06449,⑤제3항의 규정에 따른 학교급식지원심의위원회의 구성ㆍ운영과 제4항의 규정에 따른 학교급식지원센터의 설치ㆍ운영에 관하여 필요한 사항은 해당지방자치단체의 조례로 정한다.,위임,조례,,rule
P06450,⑤제3항의 규정에 따른 학교급식지원심의위원회의 구성ㆍ운영과 제4항의 규정에 따른 학교급식지원센터의 설치ㆍ운영에 관하여 필요한 사항은 해당지방자치단체의 조례로 정한다.,위임,조례,,rule
P06451,⑤제3항의 규정에 따른 학교급식지원심의위원회의 구성ㆍ운영과 제4항의 규정에 따른 학교급식지원센터의 설치ㆍ운영에 관하여 필요한 사항은 해당지방자치단체의 조례로 정한다.,위임,조례,,rule
P06452,⑤제3항의 규정에 따른 학교급식지원심의위원회의 구성ㆍ운영과 제4항의 규정에 따른 학교급식지원센터의 설치ㆍ운영에 관하여 필요한 사항은 해당지방자치단체의 조례로 정한다.,위임,조례,,rule
P06453,⑤제3항의 규정에 따른 학교급식지원심의위원회의 구성ㆍ운영과 제4항의 규정에 따른 학교급식지원센터의 설치ㆍ운영에 관하여 필요한 사항은 해당지방자치단체의 조례로 정한다.,위임,조례,,rule
P06454,⑤제3항의 규정에 따른 학교급식지원심의위원회의 구성ㆍ운영과 제4항의 규정에 따른 학교급식지원센터의 설치ㆍ운영에 관하여 필요한 사항은 해당지방자치단체의 조례로 정한다.,위임,조례,,rule
P06455,⑤제3항의 규정에 따른 학교급식지원심의위원회의 구성ㆍ운영과 제4항의 규정에 따른 학교급식지원센터의 설치ㆍ운영에 관하여 필요한 사항은 해당지방자치단체의 조례로 정한다.,위임,조례,,rule
P06456,⑤제3항의 규정에 따른 학교급식지원심의위원회의 구성ㆍ운영과 제4항의 규정에 따른 학교급식지원센터의 설치ㆍ운영에 관하여 필요한 사항은 해당지방자치단체의 조례로 정한다.,위임,조례,,rule
P06457,⑤제3항의 규정에 따른 학교급식지원심의위원회의 구성ㆍ운영과 제4항의 규정에 따른 학교급식지원센터의 설치ㆍ운영에 관하여 필요한 사항은 해당지방자치단체의 조례로 정한다.,위임,조례,,rule
P06458,⑤제3항의 규정에 따른 학교급식지원심의위원회의 구성ㆍ운영과 제4항의 규정에 따른 학교급식지원센터의 설치ㆍ운영에 관하여 필요한 사항은 해당지방자치단체의 조례로 정한다.,위임,조례,,rule
P06459,⑤제3항의 규정에 따른 학교급식지원심의위원회의 구성ㆍ운영과 제4항의 규정에 따른 학교급식지원센터의 설치ㆍ운영에 관하여 필요한 사항은 해당지방자치단체의 조례로 정한다.,위임,조례,,rule
P06460,⑤제3항의 규정에 따른 학교급식지원심의위원회의 구성ㆍ운영과 제4항의 규정에 따른 학교급식지원센터의 설치ㆍ운영에 관하여 필요한 사항은 해당지방자치단체의 조례로 정한다.,위임,조례,,rule
P06461,⑤제3항의 규정에 따른 학교급식지원심의위원회의 구성ㆍ운영과 제4항의 규정에 따른 학교급식지원센터의 설치ㆍ운영에 관하여 필요한 사항은 해당지방자치단체의 조례로 정한다.,위임,조례,,rule
P06462,⑤제3항의 규정에 따른 학교급식지원심의위원회의 구성ㆍ운영과 제4항의 규정에 따른 학교급식지원센터의 설치ㆍ운영에 관하여 필요한 사항은 해당지방자치단체의 조례로 정한다.,위임,조례,,rule
P06463,⑤제3항의 규정에 따른 학교급식지원심의위원회의 구성ㆍ운영과 제4항의 규정에 따른 학교급식지원센터의 설치ㆍ운영에 관하여 필요한 사항은 해당지방자치단체의 조례로 정한다.,위임,조례,,rule
P06464,⑤제3항의 규정에 따른 학교급식지원심의위원회의 구성ㆍ운영과 제4항의 규정에 따른 학교급식지원센터의 설치ㆍ운영에 관하여 필요한 사항은 해당지방자치단체의 조례로 정한다.,위임,조례,,rule
P06465,⑤제3항의 규정에 따른 학교급식지원심의위원회의 구성ㆍ운영과 제4항의 규정에 따른 학교급식지원센터의 설치ㆍ운영에 관하여 필요한 사항은 해당지방자치단체의 조례로 정한다.,위임,조례,,rule
P06466,⑤제3항의 규정에 따른 학교급식지원심의위원회의 구성ㆍ운영과 제4항의 규정에 따른 학교급식지원센터의 설치ㆍ운영에 관하여 필요한 사항은 해당지방자치단체의 조례로 정한다.,위임,조례,,rule
P06467,⑤제3항의 규정에 따른 학교급식지원심의위원회의 구성ㆍ운영과 제4항의 규정에 따른 학교급식지원센터의 설치ㆍ운영에 관하여 필요한 사항은 해당지방자치단체의 조례로 정한다.,위임,조례,,rule
P06468,⑤제3항의 규정에 따른 학교급식지원심의위원회의 구성ㆍ운영과 제4항의 규정에 따른 학교급식지원센터의 설치ㆍ운영에 관하여 필요한 사항은 해당지방자치단체의 조례로 정한다.,위임,조례,,rule
P06469,⑤제3항의 규정에 따른 학교급식지원심의위원회의 구성ㆍ운영과 제4항의 규정에 따른 학교급식지원센터의 설치ㆍ운영에 관하여 필요한 사항은 해당지방자치단체의 조례로 정한다.,위임,조례,,rule
P06470,⑤제3항의 규정에 따른 학교급식지원심의위원회의 구성ㆍ운영과 제4항의 규정에 따른 학교급식지원센터의 설치ㆍ운영에 관하여 필요한 사항은 해당지방자치단체의 조례로 정한다.,위임,조례,,rule
P06471,⑤제3항의 규정에 따른 학교급식지원심의위원회의 구성ㆍ운영과 제4항의 규정에 따른 학교급식지원센터의 설치ㆍ운영에 관하여 필요한 사항은 해당지방자치단체의 조례로 정한다.,위임,조례,,rule
P06472,⑤제3항의 규정에 따른 학교급식지원심의위원회의 구성ㆍ운영과 제4항의 규정에 따른 학교급식지원센터의 설치ㆍ운영에 관하여 필요한 사항은 해당지방자치단체의 조례로 정한다.,위임,조례,,rule
P06473,⑤제3항의 규정에 따른 학교급식지원심의위원회의 구성ㆍ운영과 제4항의 규정에 따른 학교급식지원센터의 설치ㆍ운영에 관하여 필요한 사항은 해당지방자치단체의 조례로 정한다.,위임,조례,,rule
P06474,⑤제3항의 규정에 따른 학교급식지원심의위원회의 구성ㆍ운영과 제4항의 규정에 따른 학교급식지원센터의 설치ㆍ운영에 관하여 필요한 사항은 해당지방자치단체의 조례로 정한다.,위임,조례,,rule
P06475,⑤제3항의 규정에 따른 학교급식지원심의위원회의 구성ㆍ운영과 제4항의 규정에 따른 학교급식지원센터의 설치ㆍ운영에 관하여 필요한 사항은 해당지방자치단체의 조례로 정한다.,위임,조례,,rule
P06476,⑤제3항의 규정에 따른 학교급식지원심의위원회의 구성ㆍ운영과 제4항의 규정에 따른 학교급식지원센터의 설치ㆍ운영에 관하여 필요한 사항은 해당지방자치단체의 조례로 정한다.,위임,조례,,rule
P06477,⑤제3항의 규정에 따른 학교급식지원심의위원회의 구성ㆍ운영과 제4항의 규정에 따른 학교급식지원센터의 설치ㆍ운영에 관하여 필요한 사항은 해당지방자치단체의 조례로 정한다.,위임,조례,,rule
P06478,⑤제3항의 규정에 따른 학교급식지원심의위원회의 구성ㆍ운영과 제4항의 규정에 따른 학교급식지원센터의 설치ㆍ운영에 관하여 필요한 사항은 해당지방자치단체의 조례로 정한다.,위임,조례,,rule
P06479,⑤제3항의 규정에 따른 학교급식지원심의위원회의 구성ㆍ운영과 제4항의 규정에 따른 학교급식지원센터의 설치ㆍ운영에 관하여 필요한 사항은 해당지방자치단체의 조례로 정한다.,위임,조례,,rule
P06480,⑤제3항의 규정에 따른 학교급식지원심의위원회의 구성ㆍ운영과 제4항의 규정에 따른 학교급식지원센터의 설치ㆍ운영에 관하여 필요한 사항은 해당지방자치단체의 조례로 정한다.,위임,조례,,rule
P06481,⑤제3항의 규정에 따른 학교급식지원심의위원회의 구성ㆍ운영과 제4항의 규정에 따른 학교급식지원센터의 설치ㆍ운영에 관하여 필요한 사항은 해당지방자치단체의 조례로 정한다.,위임,조례,,rule
P06482,⑤제3항의 규정에 따른 학교급식지원심의위원회의 구성ㆍ운영과 제4항의 규정에 따른 학교급식지원센터의 설치ㆍ운영에 관하여 필요한 사항은 해당지방자치단체의 조례로 정한다.,위임,조례,,rule
P06483,⑤제3항의 규정에 따른 학교급식지원심의위원회의 구성ㆍ운영과 제4항의 규정에 따른 학교급식지원센터의 설치ㆍ운영에 관하여 필요한 사항은 해당지방자치단체의 조례로 정한다.,위임,조례,,rule
P06484,⑤제3항의 규정에 따른 학교급식지원심의위원회의 구성ㆍ운영과 제4항의 규정에 따른 학교급식지원센터의 설치ㆍ운영에 관하여 필요한 사항은 해당지방자치단체의 조례로 정한다.,위임,조례,,rule
P06485,⑤제3항의 규정에 따른 학교급식지원심의위원회의 구성ㆍ운영과 제4항의 규정에 따른 학교급식지원센터의 설치ㆍ운영에 관하여 필요한 사항은 해당지방자치단체의 조례로 정한다.,위임,조례,,rule
P06486,⑤제3항의 규정에 따른 학교급식지원심의위원회의 구성ㆍ운영과 제4항의 규정에 따른 학교급식지원센터의 설치ㆍ운영에 관하여 필요한 사항은 해당지방자치단체의 조례로 정한다.,위임,조례,,rule
P06487,⑤제3항의 규정에 따른 학교급식지원심의위원회의 구성ㆍ운영과 제4항의 규정에 따른 학교급식지원센터의 설치ㆍ운영에 관하여 필요한 사항은 해당지방자치단체의 조례로 정한다.,위임,조례,,rule
P06488,⑤제3항의 규정에 따른 학교급식지원심의위원회의 구성ㆍ운영과 제4항의 규정에 따른 학교급식지원센터의 설치ㆍ운영에 관하여 필요한 사항은 해당지방자치단체의 조례로 정한다.,위임,조례,,rule
P06489,⑤제3항의 규정에 따른 학교급식지원심의위원회의 구성ㆍ운영과 제4항의 규정에 따른 학교급식지원센터의 설치ㆍ운영에 관하여 필요한 사항은 해당지방자치단체의 조례로 정한다.,위임,조례,,rule
P06490,⑤제3항의 규정에 따른 학교급식지원심의위원회의 구성ㆍ운영과 제4항의 규정에 따른 학교급식지원센터의 설치ㆍ운영에 관하여 필요한 사항은 해당지방자치단체의 조례로 정한다.,위임,조례,,rule
P06491,⑤제3항의 규정에 따른 학교급식지원심의위원회의 구성ㆍ운영과 제4항의 규정에 따른 학교급식지원센터의 설치ㆍ운영에 관하여 필요한 사항은 해당지방자치단체의 조례로 정한다.,위임,조례,,rule
P06492,⑤제3항의 규정에 따른 학교급식지원심의위원회의 구성ㆍ운영과 제4항의 규정에 따른 학교급식지원센터의 설치ㆍ운영에 관하여 필요한 사항은 해당지방자치단체의 조례로 정한다.,위임,조례,,rule
P06493,⑤제3항의 규정에 따른 학교급식지원심의위원회의 구성ㆍ운영과 제4항의 규정에 따른 학교급식지원센터의 설치ㆍ운영에 관하여 필요한 사항은 해당지방자치단체의 조례로 정한다.,위임,조례,,rule
P06494,⑤제3항의 규정에 따른 학교급식지원심의위원회의 구성ㆍ운영과 제4항의 규정에 따른 학교급식지원센터의 설치ㆍ운영에 관하여 필요한 사항은 해당지방자치단체의 조례로 정한다.,위임,조례,,rule
P06495,⑤제3항의 규정에 따른 학교급식지원심의위원회의 구성ㆍ운영과 제4항의 규정에 따른 학교급식지원센터의 설치ㆍ운영에 관하여 필요한 사항은 해당지방자치단체의 조례로 정한다.,위임,조례,,rule
P06496,⑤제3항의 규정에 따른 학교급식지원심의위원회의 구성ㆍ운영과 제4항의 규정에 따른 학교급식지원센터의 설치ㆍ운영에 관하여 필요한 사항은 해당지방자치단체의 조례로 정한다.,위임,조례,,rule
P06497,⑤제3항의 규정에 따른 학교급식지원심의위원회의 구성ㆍ운영과 제4항의 규정에 따른 학교급식지원센터의 설치ㆍ운영에 관하여 필요한 사항은 해당지방자치단체의 조례로 정한다.,위임,조례,,rule
P06498,⑤제3항의 규정에 따른 학교급식지원심의위원회의 구성ㆍ운영과 제4항의 규정에 따른 학교급식지원센터의 설치ㆍ운영에 관하여 필요한 사항은 해당지방자치단체의 조례로 정한다.,위임,조례,,rule
P06499,⑤제3항의 규정에 따른 학교급식지원심의위원회의 구성ㆍ운영과 제4항의 규정에 따른 학교급식지원센터의 설치ㆍ운영에 관하여 필요한 사항은 해당지방자치단체의 조례로 정한다.,위임,조례,,rule
P06500,⑤제3항의 규정에 따른 학교급식지원심의위원회의 구성ㆍ운영과 제4항의 규정에 따른 학교급식지원센터의 설치ㆍ운영에 관하여 필요한 사항은 해당지방자치단체의 조례로 정한다.,위임,조례,,rule
P06501,⑤제3항의 규정에 따른 학교급식지원심의위원회의 구성ㆍ운영과 제4항의 규정에 따른 학교급식지원센터의 설치ㆍ운영에 관하여 필요한 사항은 해당지방자치단체의 조례로 정한다.,위임,조례,,rule
P06502,⑤제3항의 규정에 따른 학교급식지원심의위원회의 구성ㆍ운영과 제4항의 규정에 따른 학교급식지원센터의 설치ㆍ운영에 관하여 필요한 사항은 해당지방자치단체의 조례로 정한다.,위임,조례,,rule
P06503,⑤제3항의 규정에 따른 학교급식지원심의위원회의 구성ㆍ운영과 제4항의 규정에 따른 학교급식지원센터의 설치ㆍ운영에 관하여 필요한 사항은 해당지방자치단체의 조례로 정한다.,위임,조례,,rule
P06504,⑤제3항의 규정에 따른 학교급식지원심의위원회의 구성ㆍ운영과 제4항의 규정에 따른 학교급식지원센터의 설치ㆍ운영에 관하여 필요한 사항은 해당지방자치단체의 조례로 정한다.,위임,조례,,rule
P06505,⑤제3항의 규정에 따른 학교급식지원심의위원회의 구성ㆍ운영과 제4항의 규정에 따른 학교급식지원센터의 설치ㆍ운영에 관하여 필요한 사항은 해당지방자치단체의 조례로 정한다.,위임,조례,,rule
P06506,⑤제3항의 규정에 따른 학교급식지원심의위원회의 구성ㆍ운영과 제4항의 규정에 따른 학교급식지원센터의 설치ㆍ운영에 관하여 필요한 사항은 해당지방자치단체의 조례로 정한다.,위임,조례,,rule
P06507,⑤제3항의 규정에 따른 학교급식지원심의위원회의 구성ㆍ운영과 제4항의 규정에 따른 학교급식지원센터의 설치ㆍ운영에 관하여 필요한 사항은 해당지방자치단체의 조례로 정한다.,위임,조례,,rule
P06508,⑤제3항의 규정에 따른 학교급식지원심의위원회의 구성ㆍ운영과 제4항의 규정에 따른 학교급식지원센터의 설치ㆍ운영에 관하여 필요한 사항은 해당지방자치단체의 조례로 정한다.,위임,조례,,rule
P06509,⑤제3항의 규정에 따른 학교급식지원심의위원회의 구성ㆍ운영과 제4항의 규정에 따른 학교급식지원센터의 설치ㆍ운영에 관하여 필요한 사항은 해당지방자치단체의 조례로 정한다.,위임,조례,,rule
P06510,⑤제3항의 규정에 따른 학교급식지원심의위원회의 구성ㆍ운영과 제4항의 규정에 따른 학교급식지원센터의 설치ㆍ운영에 관하여 필요한 사항은 해당지방자치단체의 조례로 정한다.,위임,조례,,rule
P06511,⑤제3항의 규정에 따른 학교급식지원심의위원회의 구성ㆍ운영과 제4항의 규정에 따른 학교급식지원센터의 설치ㆍ운영에 관하여 필요한 사항은 해당지방자치단체의 조례로 정한다.,위임,조례,,rule
P06512,⑤제3항의 규정에 따른 학교급식지원심의위원회의 구성ㆍ운영과 제4항의 규정에 따른 학교급식지원센터의 설치ㆍ운영에 관하여 필요한 사항은 해당지방자치단체의 조례로 정한다.,위임,조례,,rule
P06513,⑤제3항의 규정에 따른 학교급식지원심의위원회의 구성ㆍ운영과 제4항의 규정에 따른 학교급식지원센터의 설치ㆍ운영에 관하여 필요한 사항은 해당지방자치단체의 조례로 정한다.,위임,조례,,rule
P06514,⑤제3항의 규정에 따른 학교급식지원심의위원회의 구성ㆍ운영과 제4항의 규정에 따른 학교급식지원센터의 설치ㆍ운영에 관하여 필요한 사항은 해당지방자치단체의 조례로 정한다.,위임,조례,,rule
P06515,⑤제3항의 규정에 따른 학교급식지원심의위원회의 구성ㆍ운영과 제4항의 규정에 따른 학교급식지원센터의 설치ㆍ운영에 관하여 필요한 사항은 해당지방자치단체의 조례로 정한다.,위임,조례,,rule
P06516,⑤제3항의 규정에 따른 학교급식지원심의위원회의 구성ㆍ운영과 제4항의 규정에 따른 학교급식지원센터의 설치ㆍ운영에 관하여 필요한 사항은 해당지방자치단체의 조례로 정한다.,위임,조례,,rule
P06517,⑤제3항의 규정에 따른 학교급식지원심의위원회의 구성ㆍ운영과 제4항의 규정에 따른 학교급식지원센터의 설치ㆍ운영에 관하여 필요한 사항은 해당지방자치단체의 조례로 정한다.,위임,조례,,rule
P06518,⑤제3항의 규정에 따른 학교급식지원심의위원회의 구성ㆍ운영과 제4항의 규정에 따른 학교급식지원센터의 설치ㆍ운영에 관하여 필요한 사항은 해당지방자치단체의 조례로 정한다.,위임,조례,,rule
P06519,⑤제3항의 규정에 따른 학교급식지원심의위원회의 구성ㆍ운영과 제4항의 규정에 따른 학교급식지원센터의 설치ㆍ운영에 관하여 필요한 사항은 해당지방자치단체의 조례로 정한다.,위임,조례,,rule
P06520,⑤제3항의 규정에 따른 학교급식지원심의위원회의 구성ㆍ운영과 제4항의 규정에 따른 학교급식지원센터의 설치ㆍ운영에 관하여 필요한 사항은 해당지방자치단체의 조례로 정한다.,위임,조례,,rule
P06521,⑤제3항의 규정에 따른 학교급식지원심의위원회의 구성ㆍ운영과 제4항의 규정에 따른 학교급식지원센터의 설치ㆍ운영에 관하여 필요한 사항은 해당지방자치단체의 조례로 정한다.,위임,조례,,rule
P06522,⑤제3항의 규정에 따른 학교급식지원심의위원회의 구성ㆍ운영과 제4항의 규정에 따른 학교급식지원센터의 설치ㆍ운영에 관하여 필요한 사항은 해당지방자치단체의 조례로 정한다.,위임,조례,,rule
P06523,⑤제3항의 규정에 따른 학교급식지원심의위원회의 구성ㆍ운영과 제4항의 규정에 따른 학교급식지원센터의 설치ㆍ운영에 관하여 필요한 사항은 해당지방자치단체의 조례로 정한다.,위임,조례,,rule
P06524,⑤제3항의 규정에 따른 학교급식지원심의위원회의 구성ㆍ운영과 제4항의 규정에 따른 학교급식지원센터의 설치ㆍ운영에 관하여 필요한 사항은 해당지방자치단체의 조례로 정한다.,위임,조례,,rule
P06525,⑤제3항의 규정에 따른 학교급식지원심의위원회의 구성ㆍ운영과 제4항의 규정에 따른 학교급식지원센터의 설치ㆍ운영에 관하여 필요한 사항은 해당지방자치단체의 조례로 정한다.,위임,조례,,rule
P06526,⑤제3항의 규정에 따른 학교급식지원심의위원회의 구성ㆍ운영과 제4항의 규정에 따른 학교급식지원센터의 설치ㆍ운영에 관하여 필요한 사항은 해당지방자치단체의 조례로 정한다.,위임,조례,,rule
P06527,⑤제3항의 규정에 따른 학교급식지원심의위원회의 구성ㆍ운영과 제4항의 규정에 따른 학교급식지원센터의 설치ㆍ운영에 관하여 필요한 사항은 해당지방자치단체의 조례로 정한다.,위임,조례,,rule
P06528,⑤제3항의 규정에 따른 학교급식지원심의위원회의 구성ㆍ운영과 제4항의 규정에 따른 학교급식지원센터의 설치ㆍ운영에 관하여 필요한 사항은 해당지방자치단체의 조례로 정한다.,위임,조례,,rule
P06529,⑤제3항의 규정에 따른 학교급식지원심의위원회의 구성ㆍ운영과 제4항의 규정에 따른 학교급식지원센터의 설치ㆍ운영에 관하여 필요한 사항은 해당지방자치단체의 조례로 정한다.,위임,조례,,rule
P06530,⑤제3항의 규정에 따른 학교급식지원심의위원회의 구성ㆍ운영과 제4항의 규정에 따른 학교급식지원센터의 설치ㆍ운영에 관하여 필요한 사항은 해당지방자치단체의 조례로 정한다.,위임,조례,,rule
P06531,⑤제3항의 규정에 따른 학교급식지원심의위원회의 구성ㆍ운영과 제4항의 규정에 따른 학교급식지원센터의 설치ㆍ운영에 관하여 필요한 사항은 해당지방자치단체의 조례로 정한다.,위임,조례,,rule
P06532,⑤제3항의 규정에 따른 학교급식지원심의위원회의 구성ㆍ운영과 제4항의 규정에 따른 학교급식지원센터의 설치ㆍ운영에 관하여 필요한 사항은 해당지방자치단체의 조례로 정한다.,위임,조례,,rule
P06533,⑤제3항의 규정에 따른 학교급식지원심의위원회의 구성ㆍ운영과 제4항의 규정에 따른 학교급식지원센터의 설치ㆍ운영에 관하여 필요한 사항은 해당지방자치단체의 조례로 정한다.,위임,조례,,rule
P06534,⑤제3항의 규정에 따른 학교급식지원심의위원회의 구성ㆍ운영과 제4항의 규정에 따른 학교급식지원센터의 설치ㆍ운영에 관하여 필요한 사항은 해당지방자치단체의 조례로 정한다.,위임,조례,,rule
P06535,⑤제3항의 규정에 따른 학교급식지원심의위원회의 구성ㆍ운영과 제4항의 규정에 따른 학교급식지원센터의 설치ㆍ운영에 관하여 필요한 사항은 해당지방자치단체의 조례로 정한다.,위임,조례,,rule
P06536,⑤제3항의 규정에 따른 학교급식지원심의위원회의 구성ㆍ운영과 제4항의 규정에 따른 학교급식지원센터의 설치ㆍ운영에 관하여 필요한 사항은 해당지방자치단체의 조례로 정한다.,위임,조례,,rule
P06537,⑤제3항의 규정에 따른 학교급식지원심의위원회의 구성ㆍ운영과 제4항의 규정에 따른 학교급식지원센터의 설치ㆍ운영에 관하여 필요한 사항은 해당지방자치단체의 조례로 정한다.,위임,조례,,rule
P06538,⑤제3항의 규정에 따른 학교급식지원심의위원회의 구성ㆍ운영과 제4항의 규정에 따른 학교급식지원센터의 설치ㆍ운영에 관하여 필요한 사항은 해당지방자치단체의 조례로 정한다.,위임,조례,,rule
P06539,⑤제3항의 규정에 따른 학교급식지원심의위원회의 구성ㆍ운영과 제4항의 규정에 따른 학교급식지원센터의 설치ㆍ운영에 관하여 필요한 사항은 해당지방자치단체의 조례로 정한다.,위임,조례,,rule
P06540,⑤제3항의 규정에 따른 학교급식지원심의위원회의 구성ㆍ운영과 제4항의 규정에 따른 학교급식지원센터의 설치ㆍ운영에 관하여 필요한 사항은 해당지방자치단체의 조례로 정한다.,위임,조례,,rule
P06541,⑤제3항의 규정에 따른 학교급식지원심의위원회의 구성ㆍ운영과 제4항의 규정에 따른 학교급식지원센터의 설치ㆍ운영에 관하여 필요한 사항은 해당지방자치단체의 조례로 정한다.,위임,조례,,rule
P06542,⑤제3항의 규정에 따른 학교급식지원심의위원회의 구성ㆍ운영과 제4항의 규정에 따른 학교급식지원센터의 설치ㆍ운영에 관하여 필요한 사항은 해당지방자치단체의 조례로 정한다.,위임,조례,,rule
P06543,⑤제3항의 규정에 따른 학교급식지원심의위원회의 구성ㆍ운영과 제4항의 규정에 따른 학교급식지원센터의 설치ㆍ운영에 관하여 필요한 사항은 해당지방자치단체의 조례로 정한다.,위임,조례,,rule
P06544,⑤제3항의 규정에 따른 학교급식지원심의위원회의 구성ㆍ운영과 제4항의 규정에 따른 학교급식지원센터의 설치ㆍ운영에 관하여 필요한 사항은 해당지방자치단체의 조례로 정한다.,위임,조례,,rule
P06545,⑤제3항의 규정에 따른 학교급식지원심의위원회의 구성ㆍ운영과 제4항의 규정에 따른 학교급식지원센터의 설치ㆍ운영에 관하여 필요한 사항은 해당지방자치단체의 조례로 정한다.,위임,조례,,rule
P06546,⑤제3항의 규정에 따른 학교급식지원심의위원회의 구성ㆍ운영과 제4항의 규정에 따른 학교급식지원센터의 설치ㆍ운영에 관하여 필요한 사항은 해당지방자치단체의 조례로 정한다.,위임,조례,,rule
P06547,⑤제3항의 규정에 따른 학교급식지원심의위원회의 구성ㆍ운영과 제4항의 규정에 따른 학교급식지원센터의 설치ㆍ운영에 관하여 필요한 사항은 해당지방자치단체의 조례로 정한다.,위임,조례,,rule
P06548,⑤제3항의 규정에 따른 학교급식지원심의위원회의 구성ㆍ운영과 제4항의 규정에 따른 학교급식지원센터의 설치ㆍ운영에 관하여 필요한 사항은 해당지방자치단체의 조례로 정한다.,위임,조례,,rule
P06549,⑤제3항의 규정에 따른 학교급식지원심의위원회의 구성ㆍ운영과 제4항의 규정에 따른 학교급식지원센터의 설치ㆍ운영에 관하여 필요한 사항은 해당지방자치단체의 조례로 정한다.,위임,조례,,rule
P06550,⑤제3항의 규정에 따른 학교급식지원심의위원회의 구성ㆍ운영과 제4항의 규정에 따른 학교급식지원센터의 설치ㆍ운영에 관하여 필요한 사항은 해당지방자치단체의 조례로 정한다.,위임,조례,,rule
P06551,⑤제3항의 규정에 따른 학교급식지원심의위원회의 구성ㆍ운영과 제4항의 규정에 따른 학교급식지원센터의 설치ㆍ운영에 관하여 필요한 사항은 해당지방자치단체의 조례로 정한다.,위임,조례,,rule
P06552,⑤제3항의 규정에 따른 학교급식지원심의위원회의 구성ㆍ운영과 제4항의 규정에 따른 학교급식지원센터의 설치ㆍ운영에 관하여 필요한 사항은 해당지방자치단체의 조례로 정한다.,위임,조례,,rule
P06553,⑤제3항의 규정에 따른 학교급식지원심의위원회의 구성ㆍ운영과 제4항의 규정에 따른 학교급식지원센터의 설치ㆍ운영에 관하여 필요한 사항은 해당지방자치단체의 조례로 정한다.,위임,조례,,rule
P06554,⑤제3항의 규정에 따른 학교급식지원심의위원회의 구성ㆍ운영과 제4항의 규정에 따른 학교급식지원센터의 설치ㆍ운영에 관하여 필요한 사항은 해당지방자치단체의 조례로 정한다.,위임,조례,,rule
P06555,⑤제3항의 규정에 따른 학교급식지원심의위원회의 구성ㆍ운영과 제4항의 규정에 따른 학교급식지원센터의 설치ㆍ운영에 관하여 필요한 사항은 해당지방자치단체의 조례로 정한다.,위임,조례,,rule
P06556,⑤제3항의 규정에 따른 학교급식지원심의위원회의 구성ㆍ운영과 제4항의 규정에 따른 학교급식지원센터의 설치ㆍ운영에 관하여 필요한 사항은 해당지방자치단체의 조례로 정한다.,위임,조례,,rule
P06557,⑤제3항의 규정에 따른 학교급식지원심의위원회의 구성ㆍ운영과 제4항의 규정에 따른 학교급식지원센터의 설치ㆍ운영에 관하여 필요한 사항은 해당지방자치단체의 조례로 정한다.,위임,조례,,rule
P06558,⑤제3항의 규정에 따른 학교급식지원심의위원회의 구성ㆍ운영과 제4항의 규정에 따른 학교급식지원센터의 설치ㆍ운영에 관하여 필요한 사항은 해당지방자치단체의 조례로 정한다.,위임,조례,,rule
P06559,⑤제3항의 규정에 따른 학교급식지원심의위원회의 구성ㆍ운영과 제4항의 규정에 따른 학교급식지원센터의 설치ㆍ운영에 관하여 필요한 사항은 해당지방자치단체의 조례로 정한다.,위임,조례,,rule
P06560,⑤제3항의 규정에 따른 학교급식지원심의위원회의 구성ㆍ운영과 제4항의 규정에 따른 학교급식지원센터의 설치ㆍ운영에 관하여 필요한 사항은 해당지방자치단체의 조례로 정한다.,위임,조례,,rule
P06561,⑤제3항의 규정에 따른 학교급식지원심의위원회의 구성ㆍ운영과 제4항의 규정에 따른 학교급식지원센터의 설치ㆍ운영에 관하여 필요한 사항은 해당지방자치단체의 조례로 정한다.,위임,조례,,rule
P06562,⑤제3항의 규정에 따른 학교급식지원심의위원회의 구성ㆍ운영과 제4항의 규정에 따른 학교급식지원센터의 설치ㆍ운영에 관하여 필요한 사항은 해당지방자치단체의 조례로 정한다.,위임,조례,,rule
P06563,⑤제3항의 규정에 따른 학교급식지원심의위원회의 구성ㆍ운영과 제4항의 규정에 따른 학교급식지원센터의 설치ㆍ운영에 관하여 필요한 사항은 해당지방자치단체의 조례로 정한다.,위임,조례,,rule
P06564,⑤제3항의 규정에 따른 학교급식지원심의위원회의 구성ㆍ운영과 제4항의 규정에 따른 학교급식지원센터의 설치ㆍ운영에 관하여 필요한 사항은 해당지방자치단체의 조례로 정한다.,위임,조례,,rule
P06565,⑤제3항의 규정에 따른 학교급식지원심의위원회의 구성ㆍ운영과 제4항의 규정에 따른 학교급식지원센터의 설치ㆍ운영에 관하여 필요한 사항은 해당지방자치단체의 조례로 정한다.,위임,조례,,rule
P06566,⑤제3항의 규정에 따른 학교급식지원심의위원회의 구성ㆍ운영과 제4항의 규정에 따른 학교급식지원센터의 설치ㆍ운영에 관하여 필요한 사항은 해당지방자치단체의 조례로 정한다.,위임,조례,,rule
P06567,⑤제3항의 규정에 따른 학교급식지원심의위원회의 구성ㆍ운영과 제4항의 규정에 따른 학교급식지원센터의 설치ㆍ운영에 관하여 필요한 사항은 해당지방자치단체의 조례로 정한다.,위임,조례,,rule
P06568,⑤제3항의 규정에 따른 학교급식지원심의위원회의 구성ㆍ운영과 제4항의 규정에 따른 학교급식지원센터의 설치ㆍ운영에 관하여 필요한 사항은 해당지방자치단체의 조례로 정한다.,위임,조례,,rule
P06569,⑤제3항의 규정에 따른 학교급식지원심의위원회의 구성ㆍ운영과 제4항의 규정에 따른 학교급식지원센터의 설치ㆍ운영에 관하여 필요한 사항은 해당지방자치단체의 조례로 정한다.,위임,조례,,rule
P06570,⑤제3항의 규정에 따른 학교급식지원심의위원회의 구성ㆍ운영과 제4항의 규정에 따른 학교급식지원센터의 설치ㆍ운영에 관하여 필요한 사항은 해당지방자치단체의 조례로 정한다.,위임,조례,,rule
P06571,⑤제3항의 규정에 따른 학교급식지원심의위원회의 구성ㆍ운영과 제4항의 규정에 따른 학교급식지원센터의 설치ㆍ운영에 관하여 필요한 사항은 해당지방자치단체의 조례로 정한다.,위임,조례,,rule
P06572,⑤제3항의 규정에 따른 학교급식지원심의위원회의 구성ㆍ운영과 제4항의 규정에 따른 학교급식지원센터의 설치ㆍ운영에 관하여 필요한 사항은 해당지방자치단체의 조례로 정한다.,위임,조례,,rule
P06573,⑤제3항의 규정에 따른 학교급식지원심의위원회의 구성ㆍ운영과 제4항의 규정에 따른 학교급식지원센터의 설치ㆍ운영에 관하여 필요한 사항은 해당지방자치단체의 조례로 정한다.,위임,조례,,rule
P06574,⑤제3항의 규정에 따른 학교급식지원심의위원회의 구성ㆍ운영과 제4항의 규정에 따른 학교급식지원센터의 설치ㆍ운영에 관하여 필요한 사항은 해당지방자치단체의 조례로 정한다.,위임,조례,,rule
P06575,⑤제3항의 규정에 따른 학교급식지원심의위원회의 구성ㆍ운영과 제4항의 규정에 따른 학교급식지원센터의 설치ㆍ운영에 관하여 필요한 사항은 해당지방자치단체의 조례로 정한다.,위임,조례,,rule
P06576,⑤제3항의 규정에 따른 학교급식지원심의위원회의 구성ㆍ운영과 제4항의 규정에 따른 학교급식지원센터의 설치ㆍ운영에 관하여 필요한 사항은 해당지방자치단체의 조례로 정한다.,위임,조례,,rule
P06577,⑤제3항의 규정에 따른 학교급식지원심의위원회의 구성ㆍ운영과 제4항의 규정에 따른 학교급식지원센터의 설치ㆍ운영에 관하여 필요한 사항은 해당지방자치단체의 조례로 정한다.,위임,조례,,rule
P06578,⑤제3항의 규정에 따른 학교급식지원심의위원회의 구성ㆍ운영과 제4항의 규정에 따른 학교급식지원센터의 설치ㆍ운영에 관하여 필요한 사항은 해당지방자치단체의 조례로 정한다.,위임,조례,,rule
P06579,⑤제3항의 규정에 따른 학교급식지원심의위원회의 구성ㆍ운영과 제4항의 규정에 따른 학교급식지원센터의 설치ㆍ운영에 관하여 필요한 사항은 해당지방자치단체의 조례로 정한다.,위임,조례,,rule
P06580,⑤제3항의 규정에 따른 학교급식지원심의위원회의 구성ㆍ운영과 제4항의 규정에 따른 학교급식지원센터의 설치ㆍ운영에 관하여 필요한 사항은 해당지방자치단체의 조례로 정한다.,위임,조례,,rule
P06581,⑤제3항의 규정에 따른 학교급식지원심의위원회의 구성ㆍ운영과 제4항의 규정에 따른 학교급식지원센터의 설치ㆍ운영에 관하여 필요한 사항은 해당지방자치단체의 조례로 정한다.,위임,조례,,rule
P06582,⑤제3항의 규정에 따른 학교급식지원심의위원회의 구성ㆍ운영과 제4항의 규정에 따른 학교급식지원센터의 설치ㆍ운영에 관하여 필요한 사항은 해당지방자치단체의 조례로 정한다.,위임,조례,,rule
P06583,⑤제3항의 규정에 따른 학교급식지원심의위원회의 구성ㆍ운영과 제4항의 규정에 따른 학교급식지원센터의 설치ㆍ운영에 관하여 필요한 사항은 해당지방자치단체의 조례로 정한다.,위임,조례,,rule
P06584,⑤제3항의 규정에 따른 학교급식지원심의위원회의 구성ㆍ운영과 제4항의 규정에 따른 학교급식지원센터의 설치ㆍ운영에 관하여 필요한 사항은 해당지방자치단체의 조례로 정한다.,위임,조례,,rule
P06585,⑤제3항의 규정에 따른 학교급식지원심의위원회의 구성ㆍ운영과 제4항의 규정에 따른 학교급식지원센터의 설치ㆍ운영에 관하여 필요한 사항은 해당지방자치단체의 조례로 정한다.,위임,조례,,rule
P06586,⑤제3항의 규정에 따른 학교급식지원심의위원회의 구성ㆍ운영과 제4항의 규정에 따른 학교급식지원센터의 설치ㆍ운영에 관하여 필요한 사항은 해당지방자치단체의 조례로 정한다.,위임,조례,,rule
P06587,⑤제3항의 규정에 따른 학교급식지원심의위원회의 구성ㆍ운영과 제4항의 규정에 따른 학교급식지원센터의 설치ㆍ운영에 관하여 필요한 사항은 해당지방자치단체의 조례로 정한다.,위임,조례,,rule
P06588,⑤제3항의 규정에 따른 학교급식지원심의위원회의 구성ㆍ운영과 제4항의 규정에 따른 학교급식지원센터의 설치ㆍ운영에 관하여 필요한 사항은 해당지방자치단체의 조례로 정한다.,위임,조례,,rule
P06589,⑤제3항의 규정에 따른 학교급식지원심의위원회의 구성ㆍ운영과 제4항의 규정에 따른 학교급식지원센터의 설치ㆍ운영에 관하여 필요한 사항은 해당지방자치단체의 조례로 정한다.,위임,조례,,rule
P06590,⑤제3항의 규정에 따른 학교급식지원심의위원회의 구성ㆍ운영과 제4항의 규정에 따른 학교급식지원센터의 설치ㆍ운영에 관하여 필요한 사항은 해당지방자치단체의 조례로 정한다.,위임,조례,,rule
P06591,⑤제3항의 규정에 따른 학교급식지원심의위원회의 구성ㆍ운영과 제4항의 규정에 따른 학교급식지원센터의 설치ㆍ운영에 관하여 필요한 사항은 해당지방자치단체의 조례로 정한다.,위임,조례,,rule
P06592,⑤제3항의 규정에 따른 학교급식지원심의위원회의 구성ㆍ운영과 제4항의 규정에 따른 학교급식지원센터의 설치ㆍ운영에 관하여 필요한 사항은 해당지방자치단체의 조례로 정한다.,위임,조례,,rule
P06593,⑤제3항의 규정에 따른 학교급식지원심의위원회의 구성ㆍ운영과 제4항의 규정에 따른 학교급식지원센터의 설치ㆍ운영에 관하여 필요한 사항은 해당지방자치단체의 조례로 정한다.,위임,조례,,rule
P06594,⑤제3항의 규정에 따른 학교급식지원심의위원회의 구성ㆍ운영과 제4항의 규정에 따른 학교급식지원센터의 설치ㆍ운영에 관하여 필요한 사항은 해당지방자치단체의 조례로 정한다.,위임,조례,,rule
P06595,⑤제3항의 규정에 따른 학교급식지원심의위원회의 구성ㆍ운영과 제4항의 규정에 따른 학교급식지원센터의 설치ㆍ운영에 관하여 필요한 사항은 해당지방자치단체의 조례로 정한다.,위임,조례,,rule
P06596,⑤제3항의 규정에 따른 학교급식지원심의위원회의 구성ㆍ운영과 제4항의 규정에 따른 학교급식지원센터의 설치ㆍ운영에 관하여 필요한 사항은 해당지방자치단체의 조례로 정한다.,위임,조례,,rule
P06597,⑤제3항의 규정에 따른 학교급식지원심의위원회의 구성ㆍ운영과 제4항의 규정에 따른 학교급식지원센터의 설치ㆍ운영에 관하여 필요한 사항은 해당지방자치단체의 조례로 정한다.,위임,조례,,rule
P06598,⑤제3항의 규정에 따른 학교급식지원심의위원회의 구성ㆍ운영과 제4항의 규정에 따른 학교급식지원센터의 설치ㆍ운영에 관하여 필요한 사항은 해당지방자치단체의 조례로 정한다.,위임,조례,,rule
P06599,⑤제3항의 규정에 따른 학교급식지원심의위원회의 구성ㆍ운영과 제4항의 규정에 따른 학교급식지원센터의 설치ㆍ운영에 관하여 필요한 사항은 해당지방자치단체의 조례로 정한다.,위임,조례,,rule
P06600,⑤제3항의 규정에 따른 학교급식지원심의위원회의 구성ㆍ운영과 제4항의 규정에 따른 학교급식지원센터의 설치ㆍ운영에 관하여 필요한 사항은 해당지방자치단체의 조례로 정한다.,위임,조례,,rule
P06601,⑤제3항의 규정에 따른 학교급식지원심의위원회의 구성ㆍ운영과 제4항의 규정에 따른 학교급식지원센터의 설치ㆍ운영에 관하여 필요한 사항은 해당지방자치단체의 조례로 정한다.,위임,조례,,rule
P06602,⑤제3항의 규정에 따른 학교급식지원심의위원회의 구성ㆍ운영과 제4항의 규정에 따른 학교급식지원센터의 설치ㆍ운영에 관하여 필요한 사항은 해당지방자치단체의 조례로 정한다.,위임,조례,,rule
P06603,⑤제3항의 규정에 따른 학교급식지원심의위원회의 구성ㆍ운영과 제4항의 규정에 따른 학교급식지원센터의 설치ㆍ운영에 관하여 필요한 사항은 해당지방자치단체의 조례로 정한다.,위임,조례,,rule
P06604,⑤제3항의 규정에 따른 학교급식지원심의위원회의 구성ㆍ운영과 제4항의 규정에 따른 학교급식지원센터의 설치ㆍ운영에 관하여 필요한 사항은 해당지방자치단체의 조례로 정한다.,위임,조례,,rule
P06605,⑤제3항의 규정에 따른 학교급식지원심의위원회의 구성ㆍ운영과 제4항의 규정에 따른 학교급식지원센터의 설치ㆍ운영에 관하여 필요한 사항은 해당지방자치단체의 조례로 정한다.,위임,조례,,rule
P06606,⑤제3항의 규정에 따른 학교급식지원심의위원회의 구성ㆍ운영과 제4항의 규정에 따른 학교급식지원센터의 설치ㆍ운영에 관하여 필요한 사항은 해당지방자치단체의 조례로 정한다.,위임,조례,,rule
P06607,⑤제3항의 규정에 따른 학교급식지원심의위원회의 구성ㆍ운영과 제4항의 규정에 따른 학교급식지원센터의 설치ㆍ운영에 관하여 필요한 사항은 해당지방자치단체의 조례로 정한다.,위임,조례,,rule
P06608,⑤제3항의 규정에 따른 학교급식지원심의위원회의 구성ㆍ운영과 제4항의 규정에 따른 학교급식지원센터의 설치ㆍ운영에 관하여 필요한 사항은 해당지방자치단체의 조례로 정한다.,위임,조례,,rule
P06609,⑤제3항의 규정에 따른 학교급식지원심의위원회의 구성ㆍ운영과 제4항의 규정에 따른 학교급식지원센터의 설치ㆍ운영에 관하여 필요한 사항은 해당지방자치단체의 조례로 정한다.,위임,조례,,rule
P06610,⑤제3항의 규정에 따른 학교급식지원심의위원회의 구성ㆍ운영과 제4항의 규정에 따른 학교급식지원센터의 설치ㆍ운영에 관하여 필요한 사항은 해당지방자치단체의 조례로 정한다.,위임,조례,,rule
P06611,⑤제3항의 규정에 따른 학교급식지원심의위원회의 구성ㆍ운영과 제4항의 규정에 따른 학교급식지원센터의 설치ㆍ운영에 관하여 필요한 사항은 해당지방자치단체의 조례로 정한다.,위임,조례,,rule
P06612,⑤제3항의 규정에 따른 학교급식지원심의위원회의 구성ㆍ운영과 제4항의 규정에 따른 학교급식지원센터의 설치ㆍ운영에 관하여 필요한 사항은 해당지방자치단체의 조례로 정한다.,위임,조례,,rule
P06613,⑤제3항의 규정에 따른 학교급식지원심의위원회의 구성ㆍ운영과 제4항의 규정에 따른 학교급식지원센터의 설치ㆍ운영에 관하여 필요한 사항은 해당지방자치단체의 조례로 정한다.,위임,조례,,rule
P06614,⑤제3항의 규정에 따른 학교급식지원심의위원회의 구성ㆍ운영과 제4항의 규정에 따른 학교급식지원센터의 설치ㆍ운영에 관하여 필요한 사항은 해당지방자치단체의 조례로 정한다.,위임,조례,,rule
P06615,⑤제3항의 규정에 따른 학교급식지원심의위원회의 구성ㆍ운영과 제4항의 규정에 따른 학교급식지원센터의 설치ㆍ운영에 관하여 필요한 사항은 해당지방자치단체의 조례로 정한다.,위임,조례,,rule
P06616,⑤제3항의 규정에 따른 학교급식지원심의위원회의 구성ㆍ운영과 제4항의 규정에 따른 학교급식지원센터의 설치ㆍ운영에 관하여 필요한 사항은 해당지방자치단체의 조례로 정한다.,위임,조례,,rule
P06617,⑤제3항의 규정에 따른 학교급식지원심의위원회의 구성ㆍ운영과 제4항의 규정에 따른 학교급식지원센터의 설치ㆍ운영에 관하여 필요한 사항은 해당지방자치단체의 조례로 정한다.,위임,조례,,rule
P06618,⑤제3항의 규정에 따른 학교급식지원심의위원회의 구성ㆍ운영과 제4항의 규정에 따른 학교급식지원센터의 설치ㆍ운영에 관하여 필요한 사항은 해당지방자치단체의 조례로 정한다.,위임,조례,,rule
P06619,⑤제3항의 규정에 따른 학교급식지원심의위원회의 구성ㆍ운영과 제4항의 규정에 따른 학교급식지원센터의 설치ㆍ운영에 관하여 필요한 사항은 해당지방자치단체의 조례로 정한다.,위임,조례,,rule
P06620,⑤제3항의 규정에 따른 학교급식지원심의위원회의 구성ㆍ운영과 제4항의 규정에 따른 학교급식지원센터의 설치ㆍ운영에 관하여 필요한 사항은 해당지방자치단체의 조례로 정한다.,위임,조례,,rule
P06621,⑤제3항의 규정에 따른 학교급식지원심의위원회의 구성ㆍ운영과 제4항의 규정에 따른 학교급식지원센터의 설치ㆍ운영에 관하여 필요한 사항은 해당지방자치단체의 조례로 정한다.,위임,조례,,rule
P06622,⑤제3항의 규정에 따른 학교급식지원심의위원회의 구성ㆍ운영과 제4항의 규정에 따른 학교급식지원센터의 설치ㆍ운영에 관하여 필요한 사항은 해당지방자치단체의 조례로 정한다.,위임,조례,,rule
P06623,⑤제3항의 규정에 따른 학교급식지원심의위원회의 구성ㆍ운영과 제4항의 규정에 따른 학교급식지원센터의 설치ㆍ운영에 관하여 필요한 사항은 해당지방자치단체의 조례로 정한다.,위임,조례,,rule
P06624,⑤제3항의 규정에 따른 학교급식지원심의위원회의 구성ㆍ운영과 제4항의 규정에 따른 학교급식지원센터의 설치ㆍ운영에 관하여 필요한 사항은 해당지방자치단체의 조례로 정한다.,위임,조례,,rule
P06625,⑤제3항의 규정에 따른 학교급식지원심의위원회의 구성ㆍ운영과 제4항의 규정에 따른 학교급식지원센터의 설치ㆍ운영에 관하여 필요한 사항은 해당지방자치단체의 조례로 정한다.,위임,조례,,rule
P06626,⑤제3항의 규정에 따른 학교급식지원심의위원회의 구성ㆍ운영과 제4항의 규정에 따른 학교급식지원센터의 설치ㆍ운영에 관하여 필요한 사항은 해당지방자치단체의 조례로 정한다.,위임,조례,,rule
P06627,⑤제3항의 규정에 따른 학교급식지원심의위원회의 구성ㆍ운영과 제4항의 규정에 따른 학교급식지원센터의 설치ㆍ운영에 관하여 필요한 사항은 해당지방자치단체의 조례로 정한다.,위임,조례,,rule
P06628,⑤제3항의 규정에 따른 학교급식지원심의위원회의 구성ㆍ운영과 제4항의 규정에 따른 학교급식지원센터의 설치ㆍ운영에 관하여 필요한 사항은 해당지방자치단체의 조례로 정한다.,위임,조례,,rule
P06629,⑤제3항의 규정에 따른 학교급식지원심의위원회의 구성ㆍ운영과 제4항의 규정에 따른 학교급식지원센터의 설치ㆍ운영에 관하여 필요한 사항은 해당지방자치단체의 조례로 정한다.,위임,조례,,rule
P06630,⑤제3항의 규정에 따른 학교급식지원심의위원회의 구성ㆍ운영과 제4항의 규정에 따른 학교급식지원센터의 설치ㆍ운영에 관하여 필요한 사항은 해당지방자치단체의 조례로 정한다.,위임,조례,,rule
P06631,⑤제3항의 규정에 따른 학교급식지원심의위원회의 구성ㆍ운영과 제4항의 규정에 따른 학교급식지원센터의 설치ㆍ운영에 관하여 필요한 사항은 해당지방자치단체의 조례로 정한다.,위임,조례,,rule
P06632,⑤제3항의 규정에 따른 학교급식지원심의위원회의 구성ㆍ운영과 제4항의 규정에 따른 학교급식지원센터의 설치ㆍ운영에 관하여 필요한 사항은 해당지방자치단체의 조례로 정한다.,위임,조례,,rule
P06633,⑤제3항의 규정에 따른 학교급식지원심의위원회의 구성ㆍ운영과 제4항의 규정에 따른 학교급식지원센터의 설치ㆍ운영에 관하여 필요한 사항은 해당지방자치단체의 조례로 정한다.,위임,조례,,rule
P06634,⑤제3항의 규정에 따른 학교급식지원심의위원회의 구성ㆍ운영과 제4항의 규정에 따른 학교급식지원센터의 설치ㆍ운영에 관하여 필요한 사항은 해당지방자치단체의 조례로 정한다.,위임,조례,,rule
P06635,⑤제3항의 규정에 따른 학교급식지원심의위원회의 구성ㆍ운영과 제4항의 규정에 따른 학교급식지원센터의 설치ㆍ운영에 관하여 필요한 사항은 해당지방자치단체의 조례로 정한다.,위임,조례,,rule
P06636,⑤제3항의 규정에 따른 학교급식지원심의위원회의 구성ㆍ운영과 제4항의 규정에 따른 학교급식지원센터의 설치ㆍ운영에 관하여 필요한 사항은 해당지방자치단체의 조례로 정한다.,위임,조례,,rule
P06637,⑤제3항의 규정에 따른 학교급식지원심의위원회의 구성ㆍ운영과 제4항의 규정에 따른 학교급식지원센터의 설치ㆍ운영에 관하여 필요한 사항은 해당지방자치단체의 조례로 정한다.,위임,조례,,rule
P06638,종류와 기준은 대통령령으로,위임,대통령령,,rule
P06639,대통령령으로 정한다,위임,대통령령,,rule
P06640,필요한 사항은 대통령령으로,위임,대통령령,,rule
P06641,대통령령으로 정하는,위임,대통령령,,rule
P06642,도서벽지에 있는 학교와 그에 준하는 지역으로서 대통령령으로,위임,대통령령,,rule
P06643,농어촌학교와 그에 준하는 지역으로서 대통령령으로,위임,대통령령,,rule
P06644,대통령령으로 정하는 바에,위임,대통령령,,rule
P06645,사항은 교육부령으로,위임,부령,,rule
P06646,영양관리기준은 교육부령으로 정하고,위임,부령,,rule
P06647,안전관리기준은 교육부령으로,위임,부령,,rule
P06648,대통령령으로 정한다,위임,대통령령,,rule
P06649,대통령령으로 정한다,위임,대통령령,,rule
P06650,교육부령으로 정하는 사항,위임,부령,,rule
P06651,필요한 사항은 교육부령으로,위임,부령,,rule
P06652,사항은 대통령령으로,위임,대통령령,,rule
P06653,대통령령으로 정하는,위임,대통령령,,rule
P06654,과태료는 대통령령으로,위임,대통령령,,rule
P06655,교육부령이 정하는,판단불가,해당없음,,rule
P06656,세부적인 기준은 교육부령으로,위임,부령,,rule
P06657,"교육감은 법 제20조에 따라 법 제19조에 따른 출입·검사·수거 등, 법 제21조에 따른 행정처분 등의 요청 및 법 제25조에 따른 과태료 부과·징수권한을 조례로 정하는 바에 따라 교육장에게 위임할 수 있다.",위임,조례,,rule
P06658,"교육감은 법 제20조에 따라 법 제19조에 따른 출입·검사·수거 등, 법 제21조에 따른 행정처분 등의 요청 및 법 제25조에 따른 과태료 부과·징수권한을 조례로 정하는 바에 따라 교육장에게 위임할 수 있다.",위임,조례,,rule
P06659,"교육감은 법 제20조에 따라 법 제19조에 따른 출입·검사·수거 등, 법 제21조에 따른 행정처분 등의 요청 및 법 제25조에 따른 과태료 부과·징수권한을 조례로 정하는 바에 따라 교육장에게 위임할 수 있다.",위임,조례,,rule
P06660,"교육감은 법 제20조에 따라 법 제19조에 따른 출입·검사·수거 등, 법 제21조에 따른 행정처분 등의 요청 및 법 제25조에 따른 과태료 부과·징수권한을 조례로 정하는 바에 따라 교육장에게 위임할 수 있다.",위임,조례,,rule
P06661,"교육감은 법 제20조에 따라 법 제19조에 따른 출입·검사·수거 등, 법 제21조에 따른 행정처분 등의 요청 및 법 제25조에 따른 과태료 부과·징수권한을 조례로 정하는 바에 따라 교육장에게 위임할 수 있다.",위임,조례,,rule
P06662,"교육감은 법 제20조에 따라 법 제19조에 따른 출입·검사·수거 등, 법 제21조에 따른 행정처분 등의 요청 및 법 제25조에 따른 과태료 부과·징수권한을 조례로 정하는 바에 따라 교육장에게 위임할 수 있다.",위임,조례,,rule
P06663,"교육감은 법 제20조에 따라 법 제19조에 따른 출입·검사·수거 등, 법 제21조에 따른 행정처분 등의 요청 및 법 제25조에 따른 과태료 부과·징수권한을 조례로 정하는 바에 따라 교육장에게 위임할 수 있다.",위임,조례,,rule
P06664,"교육감은 법 제20조에 따라 법 제19조에 따른 출입·검사·수거 등, 법 제21조에 따른 행정처분 등의 요청 및 법 제25조에 따른 과태료 부과·징수권한을 조례로 정하는 바에 따라 교육장에게 위임할 수 있다.",위임,조례,,rule
P06665,"교육감은 법 제20조에 따라 법 제19조에 따른 출입·검사·수거 등, 법 제21조에 따른 행정처분 등의 요청 및 법 제25조에 따른 과태료 부과·징수권한을 조례로 정하는 바에 따라 교육장에게 위임할 수 있다.",위임,조례,,rule
P06666,"교육감은 법 제20조에 따라 법 제19조에 따른 출입·검사·수거 등, 법 제21조에 따른 행정처분 등의 요청 및 법 제25조에 따른 과태료 부과·징수권한을 조례로 정하는 바에 따라 교육장에게 위임할 수 있다.",위임,조례,,rule
P06667,"교육감은 법 제20조에 따라 법 제19조에 따른 출입·검사·수거 등, 법 제21조에 따른 행정처분 등의 요청 및 법 제25조에 따른 과태료 부과·징수권한을 조례로 정하는 바에 따라 교육장에게 위임할 수 있다.",위임,조례,,rule
P06668,"교육감은 법 제20조에 따라 법 제19조에 따른 출입·검사·수거 등, 법 제21조에 따른 행정처분 등의 요청 및 법 제25조에 따른 과태료 부과·징수권한을 조례로 정하는 바에 따라 교육장에게 위임할 수 있다.",위임,조례,,rule
P06669,"교육감은 법 제20조에 따라 법 제19조에 따른 출입·검사·수거 등, 법 제21조에 따른 행정처분 등의 요청 및 법 제25조에 따른 과태료 부과·징수권한을 조례로 정하는 바에 따라 교육장에게 위임할 수 있다.",위임,조례,,rule
P06670,"교육감은 법 제20조에 따라 법 제19조에 따른 출입·검사·수거 등, 법 제21조에 따른 행정처분 등의 요청 및 법 제25조에 따른 과태료 부과·징수권한을 조례로 정하는 바에 따라 교육장에게 위임할 수 있다.",위임,조례,,rule
P06671,"교육감은 법 제20조에 따라 법 제19조에 따른 출입·검사·수거 등, 법 제21조에 따른 행정처분 등의 요청 및 법 제25조에 따른 과태료 부과·징수권한을 조례로 정하는 바에 따라 교육장에게 위임할 수 있다.",위임,조례,,rule
P06672,"교육감은 법 제20조에 따라 법 제19조에 따른 출입·검사·수거 등, 법 제21조에 따른 행정처분 등의 요청 및 법 제25조에 따른 과태료 부과·징수권한을 조례로 정하는 바에 따라 교육장에게 위임할 수 있다.",위임,조례,,rule
P06673,사항은 대통령령으로,위임,대통령령,,rule
P06674,사항은 대통령령으로,위임,대통령령,,rule
P06675,사항은 대통령령으로,위임,대통령령,,rule
P06676,사항은 대통령령으로,위임,대통령령,,rule
P06677,대통령령으로 정하는,위임,대통령령,,rule
P06678,정원·배치기준·업무범위 등은 대통령령으로,위임,대통령령,,rule
P06679,정원·배치기준·업무범위 등은 대통령령으로,위임,대통령령,,rule
P06680,사항은 대통령령으로,위임,대통령령,,rule
P06681,대통령령으로 정하는,위임,대통령령,,rule
P06682,대통령령으로 정한다,위임,대통령령,,rule
P06683,대통령령으로 정하는,위임,대통령령,,rule
P06684,교육부령으로 정하는,위임,부령,,rule
P06685,교육부령으로 정하는,위임,부령,,rule
P06686,점검에 관한 업무를 교육부령으로,위임,부령,,rule
P06687,점검 결과가 교육부령으로,위임,부령,,rule
P06688,교육부령으로 정하는,위임,부령,,rule
P06689,교육부령으로 정하는,위임,부령,,rule
P06690,대통령령으로 정하는 내용이,위임,대통령령,,rule
P06691,필요한 사항은 대통령령으로,위임,대통령령,,rule
P06692,교육부령으로 정하는 사항에,위임,부령,,rule
P06693,교육부령으로 정하는 사항에,위임,부령,,rule
P06694,교육부령으로 정하는 사항에,위임,부령,,rule
P06695,교육부령으로 정하는 학생,위임,부령,,rule
P06696,교육부령으로 정하는 학생,위임,부령,,rule
P06697,교육부령으로 정하는,위임,부령,,rule
P06698,교육부령으로 정하는,위임,부령,,rule
P06699,교육부령으로 정하는,위임,부령,,rule
P06700,사항은 교육부령으로,위임,부령,,rule
P06701,사항은 교육부령으로,위임,부령,,rule
P06702,사항은 교육부령으로,위임,부령,,rule
P06703,사항은 교육부령으로,위임,부령,,rule
P06704,사항은 교육부령으로,위임,부령,,rule
P06705,사항은 교육부령으로,위임,부령,,rule
P06706,사항은 교육부령으로,위임,부령,,rule
P06707,사항은 교육부령으로,위임,부령,,rule
P06708,사항은 교육부령으로,위임,부령,,rule
P06709,사항은 교육부령으로,위임,부령,,rule
P06710,결과를 교육부령으로,위임,부령,,rule
P06711,필요한 범위에서 교육부령으로,위임,부령,,rule
P06712,대통령령으로 정하는,위임,대통령령,,rule
P06713,학교의 장은 교육부령으로 정하는 바에,위임,부령,,rule
P06714,교육부령으로 정한다,위임,부령,,rule
P06715,대통령령으로 정하는,위임,대통령령,,rule
P06716,대통령령으로 정하는,위임,대통령령,,rule
P06717,교육부령으로 정한다,위임,부령,,rule
P06718,사항은 대통령령으로,위임,대통령령,,rule
P06719,대통령령으로 정하는 바에 따라 학생과 교직원의,위임,대통령령,,rule
P06720,대통령령으로 정하는 일정 규모 이상의,위임,대통령령,,rule
P06721,관하여는 교육부령으로,위임,부령,,rule
P06722,대통령령으로 정한다,위임,대통령령,,rule
P06723,대통령령으로 정한다,위임,대통령령,,rule
P06724,사항은 대통령령으로,위임,대통령령,,rule
P06725,사항은 대통령령으로,위임,대통령령,,rule
P06726,사항은 대통령령으로,위임,대통령령,,rule
P06727,사항은 대통령령으로,위임,대통령령,,rule
P06728,사항은 대통령령으로,위임,대통령령,,rule
P06729,사항은 대통령령으로,위임,대통령령,,rule
P06730,사항은 대통령령으로,위임,대통령령,,rule
P06731,사항은 대통령령으로,위임,대통령령,,rule
P06732,사항은 대통령령으로,위임,대통령령,,rule
P06733,교육부령으로 정하고,위임,부령,,rule
P06734,"③ 제2항에 따라 보건실에 갖추어야 하는 시설과 기구 및 용품의 구체적인 기준은 「초ㆍ중등교육법」 제3조에 따른 국립학교와 「고등교육법」 제2조 각 호에 따른 학교의 경우에는 교육부령으로 정하고, 「초ㆍ중등교육법」 제3조에 따른 공립학교 및 사립학교의 경우에는 시ㆍ도 교육규칙으로 정한다.",위임,부령|교육규칙,,rule
P06735,"③ 제2항에 따라 보건실에 갖추어야 하는 시설과 기구 및 용품의 구체적인 기준은 「초ㆍ중등교육법」 제3조에 따른 국립학교와 「고등교육법」 제2조 각 호에 따른 학교의 경우에는 교육부령으로 정하고, 「초ㆍ중등교육법」 제3조에 따른 공립학교 및 사립학교의 경우에는 시ㆍ도 교육규칙으로 정한다.",위임,부령|교육규칙,,rule
P06736,"③ 제2항에 따라 보건실에 갖추어야 하는 시설과 기구 및 용품의 구체적인 기준은 「초ㆍ중등교육법」 제3조에 따른 국립학교와 「고등교육법」 제2조 각 호에 따른 학교의 경우에는 교육부령으로 정하고, 「초ㆍ중등교육법」 제3조에 따른 공립학교 및 사립학교의 경우에는 시ㆍ도 교육규칙으로 정한다.",위임,부령|교육규칙,,rule
P06737,"③ 제2항에 따라 보건실에 갖추어야 하는 시설과 기구 및 용품의 구체적인 기준은 「초ㆍ중등교육법」 제3조에 따른 국립학교와 「고등교육법」 제2조 각 호에 따른 학교의 경우에는 교육부령으로 정하고, 「초ㆍ중등교육법」 제3조에 따른 공립학교 및 사립학교의 경우에는 시ㆍ도 교육규칙으로 정한다.",위임,부령|교육규칙,,rule
P06738,"③ 제2항에 따라 보건실에 갖추어야 하는 시설과 기구 및 용품의 구체적인 기준은 「초ㆍ중등교육법」 제3조에 따른 국립학교와 「고등교육법」 제2조 각 호에 따른 학교의 경우에는 교육부령으로 정하고, 「초ㆍ중등교육법」 제3조에 따른 공립학교 및 사립학교의 경우에는 시ㆍ도 교육규칙으로 정한다.",위임,부령|교육규칙,,rule
P06739,"③ 제2항에 따라 보건실에 갖추어야 하는 시설과 기구 및 용품의 구체적인 기준은 「초ㆍ중등교육법」 제3조에 따른 국립학교와 「고등교육법」 제2조 각 호에 따른 학교의 경우에는 교육부령으로 정하고, 「초ㆍ중등교육법」 제3조에 따른 공립학교 및 사립학교의 경우에는 시ㆍ도 교육규칙으로 정한다.",위임,부령|교육규칙,,rule
P06740,"③ 제2항에 따라 보건실에 갖추어야 하는 시설과 기구 및 용품의 구체적인 기준은 「초ㆍ중등교육법」 제3조에 따른 국립학교와 「고등교육법」 제2조 각 호에 따른 학교의 경우에는 교육부령으로 정하고, 「초ㆍ중등교육법」 제3조에 따른 공립학교 및 사립학교의 경우에는 시ㆍ도 교육규칙으로 정한다.",위임,부령|교육규칙,,rule
P06741,"③ 제2항에 따라 보건실에 갖추어야 하는 시설과 기구 및 용품의 구체적인 기준은 「초ㆍ중등교육법」 제3조에 따른 국립학교와 「고등교육법」 제2조 각 호에 따른 학교의 경우에는 교육부령으로 정하고, 「초ㆍ중등교육법」 제3조에 따른 공립학교 및 사립학교의 경우에는 시ㆍ도 교육규칙으로 정한다.",위임,부령|교육규칙,,rule
P06742,"③ 제2항에 따라 보건실에 갖추어야 하는 시설과 기구 및 용품의 구체적인 기준은 「초ㆍ중등교육법」 제3조에 따른 국립학교와 「고등교육법」 제2조 각 호에 따른 학교의 경우에는 교육부령으로 정하고, 「초ㆍ중등교육법」 제3조에 따른 공립학교 및 사립학교의 경우에는 시ㆍ도 교육규칙으로 정한다.",위임,부령|교육규칙,,rule
P06743,"③ 제2항에 따라 보건실에 갖추어야 하는 시설과 기구 및 용품의 구체적인 기준은 「초ㆍ중등교육법」 제3조에 따른 국립학교와 「고등교육법」 제2조 각 호에 따른 학교의 경우에는 교육부령으로 정하고, 「초ㆍ중등교육법」 제3조에 따른 공립학교 및 사립학교의 경우에는 시ㆍ도 교육규칙으로 정한다.",위임,부령|교육규칙,,rule
P06744,"③ 제2항에 따라 보건실에 갖추어야 하는 시설과 기구 및 용품의 구체적인 기준은 「초ㆍ중등교육법」 제3조에 따른 국립학교와 「고등교육법」 제2조 각 호에 따른 학교의 경우에는 교육부령으로 정하고, 「초ㆍ중등교육법」 제3조에 따른 공립학교 및 사립학교의 경우에는 시ㆍ도 교육규칙으로 정한다.",위임,부령|교육규칙,,rule
P06745,"③ 제2항에 따라 보건실에 갖추어야 하는 시설과 기구 및 용품의 구체적인 기준은 「초ㆍ중등교육법」 제3조에 따른 국립학교와 「고등교육법」 제2조 각 호에 따른 학교의 경우에는 교육부령으로 정하고, 「초ㆍ중등교육법」 제3조에 따른 공립학교 및 사립학교의 경우에는 시ㆍ도 교육규칙으로 정한다.",위임,부령|교육규칙,,rule
P06746,"③ 제2항에 따라 보건실에 갖추어야 하는 시설과 기구 및 용품의 구체적인 기준은 「초ㆍ중등교육법」 제3조에 따른 국립학교와 「고등교육법」 제2조 각 호에 따른 학교의 경우에는 교육부령으로 정하고, 「초ㆍ중등교육법」 제3조에 따른 공립학교 및 사립학교의 경우에는 시ㆍ도 교육규칙으로 정한다.",위임,부령|교육규칙,,rule
P06747,"③ 제2항에 따라 보건실에 갖추어야 하는 시설과 기구 및 용품의 구체적인 기준은 「초ㆍ중등교육법」 제3조에 따른 국립학교와 「고등교육법」 제2조 각 호에 따른 학교의 경우에는 교육부령으로 정하고, 「초ㆍ중등교육법」 제3조에 따른 공립학교 및 사립학교의 경우에는 시ㆍ도 교육규칙으로 정한다.",위임,부령|교육규칙,,rule
P06748,"③ 제2항에 따라 보건실에 갖추어야 하는 시설과 기구 및 용품의 구체적인 기준은 「초ㆍ중등교육법」 제3조에 따른 국립학교와 「고등교육법」 제2조 각 호에 따른 학교의 경우에는 교육부령으로 정하고, 「초ㆍ중등교육법」 제3조에 따른 공립학교 및 사립학교의 경우에는 시ㆍ도 교육규칙으로 정한다.",위임,부령|교육규칙,,rule
P06749,"③ 제2항에 따라 보건실에 갖추어야 하는 시설과 기구 및 용품의 구체적인 기준은 「초ㆍ중등교육법」 제3조에 따른 국립학교와 「고등교육법」 제2조 각 호에 따른 학교의 경우에는 교육부령으로 정하고, 「초ㆍ중등교육법」 제3조에 따른 공립학교 및 사립학교의 경우에는 시ㆍ도 교육규칙으로 정한다.",위임,부령|교육규칙,,rule
P06750,"③ 제2항에 따라 보건실에 갖추어야 하는 시설과 기구 및 용품의 구체적인 기준은 「초ㆍ중등교육법」 제3조에 따른 국립학교와 「고등교육법」 제2조 각 호에 따른 학교의 경우에는 교육부령으로 정하고, 「초ㆍ중등교육법」 제3조에 따른 공립학교 및 사립학교의 경우에는 시ㆍ도 교육규칙으로 정한다.",위임,부령|교육규칙,,rule
P06751,같은 법 제41조제1항에 따라 질병관리청장이 고시한 감염병에 대하여,판단불가,해당없음,,rule
P06752,학생건강증진전문기관이 갖추어야 하는 기준의 세부 내용은 교육부장관이 정하여 고시한다,위임,미특정,,rule
P06753,학생건강증진전문기관의 지정·운영에 필요한 사항은 교육부장관이 정하여 고시한다,위임,미특정,,rule
P06754,"③제2항에 따라 실시하는 점검의 종류 및 시기는 별표 6과 같이 하고, 점검방법 그 밖의 필요한 사항은 교육부장관이 정하여 이를 고시한다.",위임,미특정,,rule
P06755,대통령령으로 정한다,위임,대통령령,,rule
P06756,교육부령으로 정한다,위임,부령,,rule
P06757,대통령령으로 정한다,위임,대통령령,,rule
P06758,대통령령으로 정한다,위임,대통령령,,rule
P06759,② 운영협의회의 구성ㆍ운영 등에 필요한 사항은 해당 지방자치단체의 조례로 정할 수 있다.,판단불가,해당없음,,rule
P06760,② 운영협의회의 구성ㆍ운영 등에 필요한 사항은 해당 지방자치단체의 조례로 정할 수 있다.,판단불가,해당없음,,rule
P06761,② 운영협의회의 구성ㆍ운영 등에 필요한 사항은 해당 지방자치단체의 조례로 정할 수 있다.,판단불가,해당없음,,rule
P06762,② 운영협의회의 구성ㆍ운영 등에 필요한 사항은 해당 지방자치단체의 조례로 정할 수 있다.,판단불가,해당없음,,rule
P06763,② 운영협의회의 구성ㆍ운영 등에 필요한 사항은 해당 지방자치단체의 조례로 정할 수 있다.,판단불가,해당없음,,rule
P06764,② 운영협의회의 구성ㆍ운영 등에 필요한 사항은 해당 지방자치단체의 조례로 정할 수 있다.,판단불가,해당없음,,rule
P06765,② 운영협의회의 구성ㆍ운영 등에 필요한 사항은 해당 지방자치단체의 조례로 정할 수 있다.,판단불가,해당없음,,rule
P06766,② 운영협의회의 구성ㆍ운영 등에 필요한 사항은 해당 지방자치단체의 조례로 정할 수 있다.,판단불가,해당없음,,rule
P06767,② 운영협의회의 구성ㆍ운영 등에 필요한 사항은 해당 지방자치단체의 조례로 정할 수 있다.,판단불가,해당없음,,rule
P06768,② 운영협의회의 구성ㆍ운영 등에 필요한 사항은 해당 지방자치단체의 조례로 정할 수 있다.,판단불가,해당없음,,rule
P06769,② 운영협의회의 구성ㆍ운영 등에 필요한 사항은 해당 지방자치단체의 조례로 정할 수 있다.,판단불가,해당없음,,rule
P06770,② 운영협의회의 구성ㆍ운영 등에 필요한 사항은 해당 지방자치단체의 조례로 정할 수 있다.,판단불가,해당없음,,rule
P06771,② 운영협의회의 구성ㆍ운영 등에 필요한 사항은 해당 지방자치단체의 조례로 정할 수 있다.,판단불가,해당없음,,rule
P06772,② 운영협의회의 구성ㆍ운영 등에 필요한 사항은 해당 지방자치단체의 조례로 정할 수 있다.,판단불가,해당없음,,rule
P06773,② 운영협의회의 구성ㆍ운영 등에 필요한 사항은 해당 지방자치단체의 조례로 정할 수 있다.,판단불가,해당없음,,rule
P06774,② 운영협의회의 구성ㆍ운영 등에 필요한 사항은 해당 지방자치단체의 조례로 정할 수 있다.,판단불가,해당없음,,rule
P06775,② 운영협의회의 구성ㆍ운영 등에 필요한 사항은 해당 지방자치단체의 조례로 정할 수 있다.,판단불가,해당없음,,rule
P06776,② 운영협의회의 구성ㆍ운영 등에 필요한 사항은 해당 지방자치단체의 조례로 정할 수 있다.,판단불가,해당없음,,rule
P06777,② 운영협의회의 구성ㆍ운영 등에 필요한 사항은 해당 지방자치단체의 조례로 정할 수 있다.,판단불가,해당없음,,rule
P06778,② 운영협의회의 구성ㆍ운영 등에 필요한 사항은 해당 지방자치단체의 조례로 정할 수 있다.,판단불가,해당없음,,rule
P06779,② 운영협의회의 구성ㆍ운영 등에 필요한 사항은 해당 지방자치단체의 조례로 정할 수 있다.,판단불가,해당없음,,rule
P06780,② 운영협의회의 구성ㆍ운영 등에 필요한 사항은 해당 지방자치단체의 조례로 정할 수 있다.,판단불가,해당없음,,rule
P06781,② 운영협의회의 구성ㆍ운영 등에 필요한 사항은 해당 지방자치단체의 조례로 정할 수 있다.,판단불가,해당없음,,rule
P06782,② 운영협의회의 구성ㆍ운영 등에 필요한 사항은 해당 지방자치단체의 조례로 정할 수 있다.,판단불가,해당없음,,rule
P06783,② 운영협의회의 구성ㆍ운영 등에 필요한 사항은 해당 지방자치단체의 조례로 정할 수 있다.,판단불가,해당없음,,rule
P06784,② 운영협의회의 구성ㆍ운영 등에 필요한 사항은 해당 지방자치단체의 조례로 정할 수 있다.,판단불가,해당없음,,rule
P06785,② 운영협의회의 구성ㆍ운영 등에 필요한 사항은 해당 지방자치단체의 조례로 정할 수 있다.,판단불가,해당없음,,rule
P06786,교육부령으로 정한다,위임,부령,,rule
P06787,대통령령으로 정하는,위임,대통령령,,rule
P06788,대통령령으로 정한다,위임,대통령령,,rule
P06789,대통령령으로 정하는,위임,대통령령,,rule
P06790,전문기관의 지정 및 운영 등에 필요한 사항은 교육부장관이 정하여 고시한다,위임,미특정,,rule
P06791,1. 지원센터를 설치하는 경우: 해당 지방자치단체의 조례 또는 교육규칙으로 정하는 바에 따라 직속기관 또는 교육지원청 소속 기관에 설치할 것,위임,교육규칙,,rule
P06792,대통령령으로 정하는 시설,위임,대통령령,,rule
P06793,대통령령으로 정하는 바에 따라 학교시설사업의,위임,대통령령,,rule
P06794,대통령령으로 정하는 경미한 사항을,위임,대통령령,,rule
P06795,하려면 대통령령으로,위임,대통령령,,rule
P06796,작성하여 대통령령으로,위임,대통령령,,rule
P06797,할 사항은 대통령령으로,위임,대통령령,,rule
P06798,경우에는 대통령령으로,위임,대통령령,,rule
P06799,대통령령,판단불가,해당없음,,rule
P06800,대통령령,판단불가,해당없음,,rule
P06801,대통령령으로 정하는 공공시설을,위임,대통령령,,rule
P06802,마치면 대통령령으로,위임,대통령령,,rule
P06803,권한은 대통령령으로,위임,대통령령,,rule
P06804,자는 교육부령으로,위임,부령,,rule
P06805,경우에는 교육부령이,판단불가,해당없음,,rule
P06806,교육부령이 정하는,판단불가,해당없음,,rule
P06807,교육부령이 정하는,판단불가,해당없음,,rule
P06808,교육부령이 정하는 건축등의,판단불가,해당없음,,rule
P06809,교육부령이 정하는 준공검사증명서,판단불가,해당없음,,rule
P06810,교육부령이 정하는 준공검사증명서,판단불가,해당없음,,rule
P06811,대통령령으로 정하는 시간,위임,대통령령,,rule
P06812,대통령령으로 정하는 것을,위임,대통령령,,rule
P06813,대통령령으로 정하는,위임,대통령령,,rule
P06814,대통령령으로 정한다,위임,대통령령,,rule
P06815,대통령령으로 정한다,위임,대통령령,,rule
P06816,대통령령으로 정한다,위임,대통령령,,rule
P06817,대통령령으로 정한다,위임,대통령령,,rule
P06818,대통령령으로 정하는 관계,위임,대통령령,,rule
P06819,대통령령으로 정한다,위임,대통령령,,rule
P06820,대통령령으로 정한다,위임,대통령령,,rule
P06821,사항은 대통령령으로,위임,대통령령,,rule
P06822,교육부령으로 정하는,위임,부령,,rule
P06823,교육부령으로 정하는,위임,부령,,rule
P06824,교육부령으로 정하는,위임,부령,,rule
P06825,사항은 대통령령으로,위임,대통령령,,rule
P06826,사항은 대통령령으로,위임,대통령령,,rule
P06827,③ 그 밖에 보조인력의 배치 기준ㆍ방법 등에 관한 세부적인 사항은 시ㆍ도의 조례로 정한다.,위임,조례,,rule
P06828,③ 그 밖에 보조인력의 배치 기준ㆍ방법 등에 관한 세부적인 사항은 시ㆍ도의 조례로 정한다.,위임,조례,,rule
P06829,③ 그 밖에 보조인력의 배치 기준ㆍ방법 등에 관한 세부적인 사항은 시ㆍ도의 조례로 정한다.,위임,조례,,rule
P06830,③ 그 밖에 보조인력의 배치 기준ㆍ방법 등에 관한 세부적인 사항은 시ㆍ도의 조례로 정한다.,위임,조례,,rule
P06831,③ 그 밖에 보조인력의 배치 기준ㆍ방법 등에 관한 세부적인 사항은 시ㆍ도의 조례로 정한다.,위임,조례,,rule
P06832,③ 그 밖에 보조인력의 배치 기준ㆍ방법 등에 관한 세부적인 사항은 시ㆍ도의 조례로 정한다.,위임,조례,,rule
P06833,③ 그 밖에 보조인력의 배치 기준ㆍ방법 등에 관한 세부적인 사항은 시ㆍ도의 조례로 정한다.,위임,조례,,rule
P06834,③ 그 밖에 보조인력의 배치 기준ㆍ방법 등에 관한 세부적인 사항은 시ㆍ도의 조례로 정한다.,위임,조례,,rule
P06835,③ 그 밖에 보조인력의 배치 기준ㆍ방법 등에 관한 세부적인 사항은 시ㆍ도의 조례로 정한다.,위임,조례,,rule
P06836,③ 그 밖에 보조인력의 배치 기준ㆍ방법 등에 관한 세부적인 사항은 시ㆍ도의 조례로 정한다.,위임,조례,,rule
P06837,③ 그 밖에 보조인력의 배치 기준ㆍ방법 등에 관한 세부적인 사항은 시ㆍ도의 조례로 정한다.,위임,조례,,rule
P06838,③ 그 밖에 보조인력의 배치 기준ㆍ방법 등에 관한 세부적인 사항은 시ㆍ도의 조례로 정한다.,위임,조례,,rule
P06839,③ 그 밖에 보조인력의 배치 기준ㆍ방법 등에 관한 세부적인 사항은 시ㆍ도의 조례로 정한다.,위임,조례,,rule
P06840,③ 그 밖에 보조인력의 배치 기준ㆍ방법 등에 관한 세부적인 사항은 시ㆍ도의 조례로 정한다.,위임,조례,,rule
P06841,③ 그 밖에 보조인력의 배치 기준ㆍ방법 등에 관한 세부적인 사항은 시ㆍ도의 조례로 정한다.,위임,조례,,rule
P06842,③ 그 밖에 보조인력의 배치 기준ㆍ방법 등에 관한 세부적인 사항은 시ㆍ도의 조례로 정한다.,위임,조례,,rule
P06843,대통령령으로 정하는 범위에서,위임,대통령령,,rule
P06844,대통령령으로 정하는,위임,대통령령,,rule
P06845,대통령령으로 정하는,위임,대통령령,,rule
P06846,필요한 사항은 대통령령으로,위임,대통령령,,rule
P06847,사항은 대통령령으로,위임,대통령령,,rule
P06848,사항은 대통령령으로,위임,대통령령,,rule
P06849,사항은 대통령령으로,위임,대통령령,,rule
P06850,대통령령으로 정한다,위임,대통령령,,rule
P06851,대통령령으로 정한다,위임,대통령령,,rule
P06852,대통령령으로 정한다,위임,대통령령,,rule
P06853,대통령령으로 정한다,위임,대통령령,,rule
P06854,대통령령으로 정한다,위임,대통령령,,rule
P06855,필요한 사항은 대통령령으로,위임,대통령령,,rule
P06856,사항은 대통령령으로,위임,대통령령,,rule
P06857,사항은 대통령령으로,위임,대통령령,,rule
P06858,사항은 대통령령으로,위임,대통령령,,rule
P06859,사항은 대통령령으로,위임,대통령령,,rule
P06860,사항은 대통령령으로,위임,대통령령,,rule
P06861,대통령령으로 정하는 위로금을,위임,대통령령,,rule
P06862,교육부령으로 정하는,위임,부령,,rule
P06863,사항은 대통령령으로,위임,대통령령,,rule
P06864,교육부령으로 정하는,위임,부령,,rule
P06865,대통령령으로 정한다,위임,대통령령,,rule
P06866,대통령령으로 정하는,위임,대통령령,,rule
P06867,필요한 사항은 교육부령으로,위임,부령,,rule
P06868,대통령령으로 정하는,위임,대통령령,,rule
P06869,대통령령으로 정하는,위임,대통령령,,rule
P06870,교육부령으로 정하는,위임,부령,,rule
P06871,대통령령으로 정하는,위임,대통령령,,rule
P06872,물가 상승률 등을 반영하여 공제료 산정기준을 정하고 이를 고시하여야 한다.,판단불가,해당없음,,rule
P06873,물가 상승률 등을 반영하여 공제료 산정기준을 정하고 이를 고시하여야 한다.,판단불가,해당없음,,rule
P06874,교육부령으로 정하는,위임,부령,,rule
P06875,필요한 사항은 교육부령으로,위임,부령,,rule
P06876,대통령령으로 정하는 사업,위임,대통령령,,rule
P06877,방법 등은 교육부령으로,위임,부령,,rule
P06878,대통령령으로 정하는 사업,위임,대통령령,,rule
P06879,대통령령으로 정하는,위임,대통령령,,rule
P06880,필요한 사항은 대통령령으로,위임,대통령령,,rule
P06881,필요한 사항은 대통령령으로,위임,대통령령,,rule
P06882,필요한 사항은 대통령령으로,위임,대통령령,,rule
P06883,필요한 사항은 대통령령으로,위임,대통령령,,rule
P06884,필요한 사항은 대통령령으로,위임,대통령령,,rule
P06885,필요한 사항은 대통령령으로,위임,대통령령,,rule
P06886,과태료는 대통령령으로,위임,대통령령,,rule
P06887,구체적인 방법 및 세부 조사항목 등은 교육부장관이 정하여 고시한다.,위임,미특정,,rule
P06888,교육부령으로 정한다,위임,부령,,rule
P06889,신체장해의 등급과 노동력상실률에 관한 세부기준은 교육부장관이 정하여 고시한다,위임,미특정,,rule
P06890,교육부령으로 정하는,위임,부령,,rule
P06891,교육부령으로 정한다,위임,부령,,rule
P06892,교육부장관이 법 제49조제3항에 따라 고시하는 공제료 산정기준에는 다음 각 호의 사항을 포함해야 한다,판단불가,해당없음,,rule
P06893,교육부장관이 법 제49조제3항에 따라 고시하는 공제료 산정기준에는 다음 각 호의 사항을 포함해야 한다,판단불가,해당없음,,rule
P06894,"공제회는 각 시·도별 학생 수, 손해율 등을 고려하여 교육부장관이 고시하는 비율의 범위에서 공제료를 가산 또는 감액",위임,미특정,,rule
P06895,"공제회는 각 시·도별 학생 수, 손해율 등을 고려하여 교육부장관이 고시하는 비율의 범위에서 공제료를 가산 또는 감액",위임,미특정,,rule
P06896,교육실적에 대한 보고방법 등은 교육부장관이 따로 정하여 고시한다.,판단불가,해당없음,,rule
P06897,대통령령으로 정하는,위임,대통령령,,rule
P06898,필요한 사항은 대통령령으로,위임,대통령령,,rule
P06899,필요한 사항은 대통령령으로,위임,대통령령,,rule
P06900,절차 등은 대통령령으로,위임,대통령령,,rule
P06901,분양자료를 대통령령으로 정하는 기한까지,위임,대통령령,,rule
P06902,대통령령으로 정하는 일정 범위의,위임,대통령령,,rule
P06903,필요한 사항은 대통령령으로,위임,대통령령,,rule
P06904,시·도지사는 대통령령으로 정하는 바에 따라,위임,대통령령,,rule
P06905,⑥ 특별회계의 설치 및 운용·관리 등에 필요한 사항은 해당 시·도의 조례로 정한다.,위임,조례,,rule
P06906,3. 그 밖에 해당 시·도의 조례로 정하는 재원,위임,조례,,rule
P06907,5. 그 밖에 학교용지의 확보 등에 필요하거나 부담금을 적정하게 관리하기 위하여 필요한 사항으로 해당 시·도의 조례로 정하는 사항,위임,조례,,rule
P06908,⑥ 특별회계의 설치 및 운용·관리 등에 필요한 사항은 해당 시·도의 조례로 정한다.,위임,조례,,rule
P06909,3. 그 밖에 해당 시·도의 조례로 정하는 재원,위임,조례,,rule
P06910,5. 그 밖에 학교용지의 확보 등에 필요하거나 부담금을 적정하게 관리하기 위하여 필요한 사항으로 해당 시·도의 조례로 정하는 사항,위임,조례,,rule
P06911,⑥ 특별회계의 설치 및 운용·관리 등에 필요한 사항은 해당 시·도의 조례로 정한다.,위임,조례,,rule
P06912,3. 그 밖에 해당 시·도의 조례로 정하는 재원,위임,조례,,rule
P06913,5. 그 밖에 학교용지의 확보 등에 필요하거나 부담금을 적정하게 관리하기 위하여 필요한 사항으로 해당 시·도의 조례로 정하는 사항,위임,조례,,rule
P06914,⑥ 특별회계의 설치 및 운용·관리 등에 필요한 사항은 해당 시·도의 조례로 정한다.,위임,조례,,rule
P06915,3. 그 밖에 해당 시·도의 조례로 정하는 재원,위임,조례,,rule
P06916,5. 그 밖에 학교용지의 확보 등에 필요하거나 부담금을 적정하게 관리하기 위하여 필요한 사항으로 해당 시·도의 조례로 정하는 사항,위임,조례,,rule
P06917,3. 그 밖에 해당 시·도의 조례로 정하는 재원,위임,조례,,rule
P06918,5. 그 밖에 학교용지의 확보 등에 필요하거나 부담금을 적정하게 관리하기 위하여 필요한 사항으로 해당 시·도의 조례로 정하는 사항,위임,조례,,rule
P06919,⑥ 특별회계의 설치 및 운용·관리 등에 필요한 사항은 해당 시·도의 조례로 정한다.,위임,조례,,rule
P06920,3. 그 밖에 해당 시·도의 조례로 정하는 재원,위임,조례,,rule
P06921,5. 그 밖에 학교용지의 확보 등에 필요하거나 부담금을 적정하게 관리하기 위하여 필요한 사항으로 해당 시·도의 조례로 정하는 사항,위임,조례,,rule
P06922,⑥ 특별회계의 설치 및 운용·관리 등에 필요한 사항은 해당 시·도의 조례로 정한다.,위임,조례,,rule
P06923,3. 그 밖에 해당 시·도의 조례로 정하는 재원,위임,조례,,rule
P06924,5. 그 밖에 학교용지의 확보 등에 필요하거나 부담금을 적정하게 관리하기 위하여 필요한 사항으로 해당 시·도의 조례로 정하는 사항,위임,조례,,rule
P06925,⑥ 특별회계의 설치 및 운용·관리 등에 필요한 사항은 해당 시·도의 조례로 정한다.,위임,조례,,rule
P06926,3. 그 밖에 해당 시·도의 조례로 정하는 재원,위임,조례,,rule
P06927,5. 그 밖에 학교용지의 확보 등에 필요하거나 부담금을 적정하게 관리하기 위하여 필요한 사항으로 해당 시·도의 조례로 정하는 사항,위임,조례,,rule
P06928,⑥ 특별회계의 설치 및 운용·관리 등에 필요한 사항은 해당 시·도의 조례로 정한다.,위임,조례,,rule
P06929,3. 그 밖에 해당 시·도의 조례로 정하는 재원,위임,조례,,rule
P06930,5. 그 밖에 학교용지의 확보 등에 필요하거나 부담금을 적정하게 관리하기 위하여 필요한 사항으로 해당 시·도의 조례로 정하는 사항,위임,조례,,rule
P06931,⑥ 특별회계의 설치 및 운용·관리 등에 필요한 사항은 해당 시·도의 조례로 정한다.,위임,조례,,rule
P06932,⑥ 특별회계의 설치 및 운용·관리 등에 필요한 사항은 해당 시·도의 조례로 정한다.,위임,조례,,rule
P06933,5. 그 밖에 학교용지의 확보 등에 필요하거나 부담금을 적정하게 관리하기 위하여 필요한 사항으로 해당 시·도의 조례로 정하는 사항,위임,조례,,rule
P06934,3. 그 밖에 해당 시·도의 조례로 정하는 재원,위임,조례,,rule
P06935,5. 그 밖에 학교용지의 확보 등에 필요하거나 부담금을 적정하게 관리하기 위하여 필요한 사항으로 해당 시·도의 조례로 정하는 사항,위임,조례,,rule
P06936,⑥ 특별회계의 설치 및 운용·관리 등에 필요한 사항은 해당 시·도의 조례로 정한다.,위임,조례,,rule
P06937,3. 그 밖에 해당 시·도의 조례로 정하는 재원,위임,조례,,rule
P06938,5. 그 밖에 학교용지의 확보 등에 필요하거나 부담금을 적정하게 관리하기 위하여 필요한 사항으로 해당 시·도의 조례로 정하는 사항,위임,조례,,rule
P06939,⑥ 특별회계의 설치 및 운용·관리 등에 필요한 사항은 해당 시·도의 조례로 정한다.,위임,조례,,rule
P06940,3. 그 밖에 해당 시·도의 조례로 정하는 재원,위임,조례,,rule
P06941,5. 그 밖에 학교용지의 확보 등에 필요하거나 부담금을 적정하게 관리하기 위하여 필요한 사항으로 해당 시·도의 조례로 정하는 사항,위임,조례,,rule
P06942,⑥ 특별회계의 설치 및 운용·관리 등에 필요한 사항은 해당 시·도의 조례로 정한다.,위임,조례,,rule
P06943,3. 그 밖에 해당 시·도의 조례로 정하는 재원,위임,조례,,rule
P06944,5. 그 밖에 학교용지의 확보 등에 필요하거나 부담금을 적정하게 관리하기 위하여 필요한 사항으로 해당 시·도의 조례로 정하는 사항,위임,조례,,rule
P06945,3. 그 밖에 해당 시·도의 조례로 정하는 재원,위임,조례,,rule
P06946,⑥ 특별회계의 설치 및 운용·관리 등에 필요한 사항은 해당 시·도의 조례로 정한다.,위임,조례,,rule
P06947,5. 그 밖에 학교용지의 확보 등에 필요하거나 부담금을 적정하게 관리하기 위하여 필요한 사항으로 해당 시·도의 조례로 정하는 사항,위임,조례,,rule
P06948,3. 그 밖에 해당 시·도의 조례로 정하는 재원,위임,조례,,rule
P06949,⑥ 특별회계의 설치 및 운용·관리 등에 필요한 사항은 해당 시·도의 조례로 정한다.,위임,조례,,rule
P06950,5. 그 밖에 학교용지의 확보 등에 필요하거나 부담금을 적정하게 관리하기 위하여 필요한 사항으로 해당 시·도의 조례로 정하는 사항,위임,조례,,rule
P06951,3. 그 밖에 해당 시·도의 조례로 정하는 재원,위임,조례,,rule
P06952,⑥ 특별회계의 설치 및 운용·관리 등에 필요한 사항은 해당 시·도의 조례로 정한다.,위임,조례,,rule
P06953,5. 그 밖에 학교용지의 확보 등에 필요하거나 부담금을 적정하게 관리하기 위하여 필요한 사항으로 해당 시·도의 조례로 정하는 사항,위임,조례,,rule
P06954,3. 그 밖에 해당 시·도의 조례로 정하는 재원,위임,조례,,rule
P06955,⑥ 특별회계의 설치 및 운용·관리 등에 필요한 사항은 해당 시·도의 조례로 정한다.,위임,조례,,rule
P06956,대통령령으로 정하는 세액,위임,대통령령,,rule
P06957,대통령령으로 정하는 금액,위임,대통령령,,rule
P06958,고려하여 대통령령으로,위임,대통령령,,rule
P06959,② 교육부장관은 학교용지 용도 해제와 관련된 업무처리에 필요한 지침을 마련하여 고시할 수 있다.,판단불가,해당없음,,rule
P06960,① 시·도지사는 그 시·도의 조례로 정하는 바에 따라 제5조에 따른 부담금의 부과·징수에 관한 업무를 시장·군수·구청장(자치구의 구청장을 말한다)에게 위임할 수 있다.,위임,조례,,rule
P06961,① 시·도지사는 그 시·도의 조례로 정하는 바에 따라 제5조에 따른 부담금의 부과·징수에 관한 업무를 시장·군수·구청장(자치구의 구청장을 말한다)에게 위임할 수 있다.,위임,조례,,rule
P06962,① 시·도지사는 그 시·도의 조례로 정하는 바에 따라 제5조에 따른 부담금의 부과·징수에 관한 업무를 시장·군수·구청장(자치구의 구청장을 말한다)에게 위임할 수 있다.,위임,조례,,rule
P06963,① 시·도지사는 그 시·도의 조례로 정하는 바에 따라 제5조에 따른 부담금의 부과·징수에 관한 업무를 시장·군수·구청장(자치구의 구청장을 말한다)에게 위임할 수 있다.,위임,조례,,rule
P06964,① 시·도지사는 그 시·도의 조례로 정하는 바에 따라 제5조에 따른 부담금의 부과·징수에 관한 업무를 시장·군수·구청장(자치구의 구청장을 말한다)에게 위임할 수 있다.,위임,조례,,rule
P06965,① 시·도지사는 그 시·도의 조례로 정하는 바에 따라 제5조에 따른 부담금의 부과·징수에 관한 업무를 시장·군수·구청장(자치구의 구청장을 말한다)에게 위임할 수 있다.,위임,조례,,rule
P06966,① 시·도지사는 그 시·도의 조례로 정하는 바에 따라 제5조에 따른 부담금의 부과·징수에 관한 업무를 시장·군수·구청장(자치구의 구청장을 말한다)에게 위임할 수 있다.,위임,조례,,rule
P06967,① 시·도지사는 그 시·도의 조례로 정하는 바에 따라 제5조에 따른 부담금의 부과·징수에 관한 업무를 시장·군수·구청장(자치구의 구청장을 말한다)에게 위임할 수 있다.,위임,조례,,rule
P06968,① 시·도지사는 그 시·도의 조례로 정하는 바에 따라 제5조에 따른 부담금의 부과·징수에 관한 업무를 시장·군수·구청장(자치구의 구청장을 말한다)에게 위임할 수 있다.,위임,조례,,rule
P06969,① 시·도지사는 그 시·도의 조례로 정하는 바에 따라 제5조에 따른 부담금의 부과·징수에 관한 업무를 시장·군수·구청장(자치구의 구청장을 말한다)에게 위임할 수 있다.,위임,조례,,rule
P06970,① 시·도지사는 그 시·도의 조례로 정하는 바에 따라 제5조에 따른 부담금의 부과·징수에 관한 업무를 시장·군수·구청장(자치구의 구청장을 말한다)에게 위임할 수 있다.,위임,조례,,rule
P06971,② 교육감은 해당 교육규칙으로 정하는 바에 따라 제3조에 따른 인접 학교용지의 확보에 관한 업무와 교육감의 의견 표시에 관한 업무를 시·군·구의 교육장에게 위임할 수 있다.,위임,교육규칙,,rule
P06972,① 시·도지사는 그 시·도의 조례로 정하는 바에 따라 제5조에 따른 부담금의 부과·징수에 관한 업무를 시장·군수·구청장(자치구의 구청장을 말한다)에게 위임할 수 있다.,위임,조례,,rule
P06973,① 시·도지사는 그 시·도의 조례로 정하는 바에 따라 제5조에 따른 부담금의 부과·징수에 관한 업무를 시장·군수·구청장(자치구의 구청장을 말한다)에게 위임할 수 있다.,위임,조례,,rule
P06974,① 시·도지사는 그 시·도의 조례로 정하는 바에 따라 제5조에 따른 부담금의 부과·징수에 관한 업무를 시장·군수·구청장(자치구의 구청장을 말한다)에게 위임할 수 있다.,위임,조례,,rule
P06975,① 시·도지사는 그 시·도의 조례로 정하는 바에 따라 제5조에 따른 부담금의 부과·징수에 관한 업무를 시장·군수·구청장(자치구의 구청장을 말한다)에게 위임할 수 있다.,위임,조례,,rule
P06976,대통령령으로 정하는 바에 따라,위임,대통령령,,rule
P06977,"⑤ 제1항부터 제4항까지의 규정에서 정한 사항 외에 납부고지서의 서식, 그 밖에 부담금의 부과ㆍ징수에 필요한 사항은 특별시ㆍ광역시ㆍ특별자치시ㆍ도 또는 특별자치도(이하 “시ㆍ도”라 한다)의 조례로 정한다.",위임,조례,,rule
P06978,"⑤ 제1항부터 제4항까지의 규정에서 정한 사항 외에 납부고지서의 서식, 그 밖에 부담금의 부과ㆍ징수에 필요한 사항은 특별시ㆍ광역시ㆍ특별자치시ㆍ도 또는 특별자치도(이하 “시ㆍ도”라 한다)의 조례로 정한다.",위임,조례,,rule
P06979,"⑤ 제1항부터 제4항까지의 규정에서 정한 사항 외에 납부고지서의 서식, 그 밖에 부담금의 부과ㆍ징수에 필요한 사항은 특별시ㆍ광역시ㆍ특별자치시ㆍ도 또는 특별자치도(이하 “시ㆍ도”라 한다)의 조례로 정한다.",위임,조례,,rule
P06980,"⑤ 제1항부터 제4항까지의 규정에서 정한 사항 외에 납부고지서의 서식, 그 밖에 부담금의 부과ㆍ징수에 필요한 사항은 특별시ㆍ광역시ㆍ특별자치시ㆍ도 또는 특별자치도(이하 “시ㆍ도”라 한다)의 조례로 정한다.",위임,조례,,rule
P06981,"⑤ 제1항부터 제4항까지의 규정에서 정한 사항 외에 납부고지서의 서식, 그 밖에 부담금의 부과ㆍ징수에 필요한 사항은 특별시ㆍ광역시ㆍ특별자치시ㆍ도 또는 특별자치도(이하 “시ㆍ도”라 한다)의 조례로 정한다.",위임,조례,,rule
P06982,"⑤ 제1항부터 제4항까지의 규정에서 정한 사항 외에 납부고지서의 서식, 그 밖에 부담금의 부과ㆍ징수에 필요한 사항은 특별시ㆍ광역시ㆍ특별자치시ㆍ도 또는 특별자치도(이하 “시ㆍ도”라 한다)의 조례로 정한다.",위임,조례,,rule
P06983,"⑤ 제1항부터 제4항까지의 규정에서 정한 사항 외에 납부고지서의 서식, 그 밖에 부담금의 부과ㆍ징수에 필요한 사항은 특별시ㆍ광역시ㆍ특별자치시ㆍ도 또는 특별자치도(이하 “시ㆍ도”라 한다)의 조례로 정한다.",위임,조례,,rule
P06984,"⑤ 제1항부터 제4항까지의 규정에서 정한 사항 외에 납부고지서의 서식, 그 밖에 부담금의 부과ㆍ징수에 필요한 사항은 특별시ㆍ광역시ㆍ특별자치시ㆍ도 또는 특별자치도(이하 “시ㆍ도”라 한다)의 조례로 정한다.",위임,조례,,rule
P06985,"⑤ 제1항부터 제4항까지의 규정에서 정한 사항 외에 납부고지서의 서식, 그 밖에 부담금의 부과ㆍ징수에 필요한 사항은 특별시ㆍ광역시ㆍ특별자치시ㆍ도 또는 특별자치도(이하 “시ㆍ도”라 한다)의 조례로 정한다.",위임,조례,,rule
P06986,"⑤ 제1항부터 제4항까지의 규정에서 정한 사항 외에 납부고지서의 서식, 그 밖에 부담금의 부과ㆍ징수에 필요한 사항은 특별시ㆍ광역시ㆍ특별자치시ㆍ도 또는 특별자치도(이하 “시ㆍ도”라 한다)의 조례로 정한다.",위임,조례,,rule
P06987,"⑤ 제1항부터 제4항까지의 규정에서 정한 사항 외에 납부고지서의 서식, 그 밖에 부담금의 부과ㆍ징수에 필요한 사항은 특별시ㆍ광역시ㆍ특별자치시ㆍ도 또는 특별자치도(이하 “시ㆍ도”라 한다)의 조례로 정한다.",위임,조례,,rule
P06988,"⑤ 제1항부터 제4항까지의 규정에서 정한 사항 외에 납부고지서의 서식, 그 밖에 부담금의 부과ㆍ징수에 필요한 사항은 특별시ㆍ광역시ㆍ특별자치시ㆍ도 또는 특별자치도(이하 “시ㆍ도”라 한다)의 조례로 정한다.",위임,조례,,rule
P06989,"⑤ 제1항부터 제4항까지의 규정에서 정한 사항 외에 납부고지서의 서식, 그 밖에 부담금의 부과ㆍ징수에 필요한 사항은 특별시ㆍ광역시ㆍ특별자치시ㆍ도 또는 특별자치도(이하 “시ㆍ도”라 한다)의 조례로 정한다.",위임,조례,,rule
P06990,"⑤ 제1항부터 제4항까지의 규정에서 정한 사항 외에 납부고지서의 서식, 그 밖에 부담금의 부과ㆍ징수에 필요한 사항은 특별시ㆍ광역시ㆍ특별자치시ㆍ도 또는 특별자치도(이하 “시ㆍ도”라 한다)의 조례로 정한다.",위임,조례,,rule
P06991,"⑤ 제1항부터 제4항까지의 규정에서 정한 사항 외에 납부고지서의 서식, 그 밖에 부담금의 부과ㆍ징수에 필요한 사항은 특별시ㆍ광역시ㆍ특별자치시ㆍ도 또는 특별자치도(이하 “시ㆍ도”라 한다)의 조례로 정한다.",위임,조례,,rule
P06992,"⑤ 제1항부터 제4항까지의 규정에서 정한 사항 외에 납부고지서의 서식, 그 밖에 부담금의 부과ㆍ징수에 필요한 사항은 특별시ㆍ광역시ㆍ특별자치시ㆍ도 또는 특별자치도(이하 “시ㆍ도”라 한다)의 조례로 정한다.",위임,조례,,rule
P06993,"⑤ 제1항부터 제4항까지의 규정에서 정한 사항 외에 납부고지서의 서식, 그 밖에 부담금의 부과ㆍ징수에 필요한 사항은 특별시ㆍ광역시ㆍ특별자치시ㆍ도 또는 특별자치도(이하 “시ㆍ도”라 한다)의 조례로 정한다.",위임,조례,,rule
P06994,대통령령으로 정하는 바에 따라 주기적으로,위임,대통령령,,rule
P06995,"대통령령으로 정하는 바에 따라 학생에 대한 폭력, 성폭력 등",위임,대통령령,,rule
P06996,사항은 교육부령으로,위임,부령,,rule
P06997,필요한 사항은 교육부령으로,위임,부령,,rule
P06998,필요한 사항은 교육부령으로,위임,부령,,rule
P06999,사항은 교육부령으로,위임,부령,,rule
P07000,교육부령으로 정하는,위임,부령,,rule
P07001,사항은 교육부령으로,위임,부령,,rule
P07002,사항은 교육부령으로,위임,부령,,rule
P07003,필요한 사항은 대통령령으로,위임,대통령령,,rule
P07004,대통령령으로 정한다,위임,대통령령,,rule
P07005,안전조치에 관하여 필요한 사항은 대통령령으로,위임,대통령령,,rule
P07006,사항은 대통령령으로,위임,대통령령,,rule
P07007,사항은 교육부령으로,위임,부령,,rule
P07008,대통령령으로 정하는 관련,위임,대통령령,,rule
P07009,"사항은 대통령령으로, 학교체육진흥지역위원회의",판단불가,해당없음,,rule
P07010,"사항은 대통령령으로, 학교체육진흥지역위원회의",판단불가,해당없음,,rule
P07011,"사항은 대통령령으로, 학교체육진흥지역위원회의",판단불가,해당없음,,rule
P07012,"사항은 대통령령으로, 학교체육진흥지역위원회의",판단불가,해당없음,,rule
P07013,"사항은 대통령령으로, 학교체육진흥지역위원회의",판단불가,해당없음,,rule
P07014,"④ 학교체육진흥중앙위원회의 구성 및 운영 등에 필요한 사항은 대통령령으로, 학교체육진흥지역위원회의 구성 및 운영 등에 필요한 사항은 해당 시·도의 조례로 정한다.",위임,조례,,rule
P07015,"④ 학교체육진흥중앙위원회의 구성 및 운영 등에 필요한 사항은 대통령령으로, 학교체육진흥지역위원회의 구성 및 운영 등에 필요한 사항은 해당 시·도의 조례로 정한다.",위임,조례,,rule
P07016,"④ 학교체육진흥중앙위원회의 구성 및 운영 등에 필요한 사항은 대통령령으로, 학교체육진흥지역위원회의 구성 및 운영 등에 필요한 사항은 해당 시·도의 조례로 정한다.",위임,조례,,rule
P07017,"④ 학교체육진흥중앙위원회의 구성 및 운영 등에 필요한 사항은 대통령령으로, 학교체육진흥지역위원회의 구성 및 운영 등에 필요한 사항은 해당 시·도의 조례로 정한다.",위임,조례,,rule
P07018,"④ 학교체육진흥중앙위원회의 구성 및 운영 등에 필요한 사항은 대통령령으로, 학교체육진흥지역위원회의 구성 및 운영 등에 필요한 사항은 해당 시·도의 조례로 정한다.",위임,조례,,rule
P07019,"④ 학교체육진흥중앙위원회의 구성 및 운영 등에 필요한 사항은 대통령령으로, 학교체육진흥지역위원회의 구성 및 운영 등에 필요한 사항은 해당 시·도의 조례로 정한다.",위임,조례,,rule
P07020,"④ 학교체육진흥중앙위원회의 구성 및 운영 등에 필요한 사항은 대통령령으로, 학교체육진흥지역위원회의 구성 및 운영 등에 필요한 사항은 해당 시·도의 조례로 정한다.",위임,조례,,rule
P07021,"④ 학교체육진흥중앙위원회의 구성 및 운영 등에 필요한 사항은 대통령령으로, 학교체육진흥지역위원회의 구성 및 운영 등에 필요한 사항은 해당 시·도의 조례로 정한다.",위임,조례,,rule
P07022,"④ 학교체육진흥중앙위원회의 구성 및 운영 등에 필요한 사항은 대통령령으로, 학교체육진흥지역위원회의 구성 및 운영 등에 필요한 사항은 해당 시·도의 조례로 정한다.",위임,조례,,rule
P07023,"④ 학교체육진흥중앙위원회의 구성 및 운영 등에 필요한 사항은 대통령령으로, 학교체육진흥지역위원회의 구성 및 운영 등에 필요한 사항은 해당 시·도의 조례로 정한다.",위임,조례,,rule
P07024,"④ 학교체육진흥중앙위원회의 구성 및 운영 등에 필요한 사항은 대통령령으로, 학교체육진흥지역위원회의 구성 및 운영 등에 필요한 사항은 해당 시·도의 조례로 정한다.",위임,조례,,rule
P07025,"④ 학교체육진흥중앙위원회의 구성 및 운영 등에 필요한 사항은 대통령령으로, 학교체육진흥지역위원회의 구성 및 운영 등에 필요한 사항은 해당 시·도의 조례로 정한다.",위임,조례,,rule
P07026,"④ 학교체육진흥중앙위원회의 구성 및 운영 등에 필요한 사항은 대통령령으로, 학교체육진흥지역위원회의 구성 및 운영 등에 필요한 사항은 해당 시·도의 조례로 정한다.",위임,조례,,rule
P07027,"④ 학교체육진흥중앙위원회의 구성 및 운영 등에 필요한 사항은 대통령령으로, 학교체육진흥지역위원회의 구성 및 운영 등에 필요한 사항은 해당 시·도의 조례로 정한다.",위임,조례,,rule
P07028,"④ 학교체육진흥중앙위원회의 구성 및 운영 등에 필요한 사항은 대통령령으로, 학교체육진흥지역위원회의 구성 및 운영 등에 필요한 사항은 해당 시·도의 조례로 정한다.",위임,조례,,rule
P07029,"④ 학교체육진흥중앙위원회의 구성 및 운영 등에 필요한 사항은 대통령령으로, 학교체육진흥지역위원회의 구성 및 운영 등에 필요한 사항은 해당 시·도의 조례로 정한다.",위임,조례,,rule
P07030,"④ 학교체육진흥중앙위원회의 구성 및 운영 등에 필요한 사항은 대통령령으로, 학교체육진흥지역위원회의 구성 및 운영 등에 필요한 사항은 해당 시·도의 조례로 정한다.",위임,조례,,rule
P07031,"④ 학교체육진흥중앙위원회의 구성 및 운영 등에 필요한 사항은 대통령령으로, 학교체육진흥지역위원회의 구성 및 운영 등에 필요한 사항은 해당 시·도의 조례로 정한다.",위임,조례,,rule
P07032,사항은 대통령령으로,위임,대통령령,,rule
P07033,사항은 대통령령으로,위임,대통령령,,rule
P07034,사항은 대통령령으로,위임,대통령령,,rule
P07035,사항은 대통령령으로,위임,대통령령,,rule
P07036,사항은 대통령령으로,위임,대통령령,,rule
P07037,대통령령으로 정하는 바에 따라 교육감에게,위임,대통령령,,rule
P07038,대통령령으로 정하는,위임,대통령령,,rule
P07039,대통령령으로 정하는,위임,대통령령,,rule
P07040,대통령령으로 정한다,위임,대통령령,,rule
P07041,사항은 대통령령으로,위임,대통령령,,rule
P07042,사항은 대통령령으로,위임,대통령령,,rule
P07043,필요한 사항은 대통령령으로,위임,대통령령,,rule
P07044,필요한 사항은 대통령령으로,위임,대통령령,,rule
P07045,필요한 사항은 대통령령으로,위임,대통령령,,rule
P07046,사항은 대통령령으로,위임,대통령령,,rule
P07047,사항은 대통령령으로,위임,대통령령,,rule
P07048,대통령령으로 정하는,위임,대통령령,,rule
P07049,대통령령으로 정한다,위임,대통령령,,rule
P07050,필요한 사항은 대통령령으로,위임,대통령령,,rule
P07051,대통령령,판단불가,해당없음,,rule
P07052,대통령령,판단불가,해당없음,,rule
P07053,대통령령,판단불가,해당없음,,rule
P07054,대통령령으로 정하는,위임,대통령령,,rule
P07055,필요한 사항은 대통령령으로,위임,대통령령,,rule
P07056,구성에 있어 대통령령으로,위임,대통령령,,rule
P07057,그 밖에 대통령령으로,위임,대통령령,,rule
P07058,대통령령으로 정한다,위임,대통령령,,rule
P07059,필요한 사항은 대통령령으로,위임,대통령령,,rule
P07060,필요한 사항은 대통령령으로,위임,대통령령,,rule
P07061,필요한 사항은 대통령령으로,위임,대통령령,,rule
P07062,학교에 대통령령으로,위임,대통령령,,rule
P07063,필요한 사항은 대통령령으로,위임,대통령령,,rule
P07064,사항은 대통령령으로,위임,대통령령,,rule
P07065,대통령령으로 정하는 특별한,위임,대통령령,,rule
P07066,사항은 대통령령으로,위임,대통령령,,rule
P07067,사항은 대통령령으로,위임,대통령령,,rule
P07068,대통령령으로 정하는,위임,대통령령,,rule
P07069,사항은 대통령령으로,위임,대통령령,,rule
P07070,불구하고 대통령령으로 정하는,위임,대통령령,,rule
P07071,대통령령으로 정하는,위임,대통령령,,rule
P07072,필요한 사항은 대통령령으로,위임,대통령령,,rule
P07073,필요한 사항은 대통령령으로,위임,대통령령,,rule
P07074,필요한 사항은 대통령령으로,위임,대통령령,,rule
P07075,기준은 대통령령으로,위임,대통령령,,rule
P07076,대법원규칙으로 정한다,판단불가,해당없음,,rule
P07077,대통령령으로 정하는,위임,대통령령,,rule
P07078,필요한 사항은 대통령령으로,위임,대통령령,,rule
P07079,사항은 대통령령으로,위임,대통령령,,rule
P07080,필요한 사항은 대통령령으로,위임,대통령령,,rule
P07081,대통령령으로 정하는 절차를,위임,대통령령,,rule
P07082,필요한 사항은 대통령령으로,위임,대통령령,,rule
P07083,범위는 대통령령으로,위임,대통령령,,rule
P07084,과태료는 대통령령으로 정하는,위임,대통령령,,rule
P07085,학교폭력 예방센터 지정 기준의 세부 내용은 교육부장관이 정하여 고시한다.,위임,미특정,,rule
P07086,학교폭력 예방센터의 지정 기간·절차 및 운영 등에 필요한 사항은 교육부장관이 정하여 고시한다.,위임,미특정,,rule
P07087,그 세부적인 기준은 교육부장관이 정하여 고시한다.,위임,미특정,,rule
P07088,대통령령으로 정하는,위임,대통령령,,rule
P07089,대통령령으로 정한다,위임,대통령령,,rule
P07090,대통령령으로 정한다,위임,대통령령,,rule
P07091,대통령령으로 정한다,위임,대통령령,,rule
P07092,대통령령으로 정한다,위임,대통령령,,rule
P07093,대통령령으로 정하는,위임,대통령령,,rule
P07094,대통령령으로 정한다,위임,대통령령,,rule
P07095,대통령령으로 정하는,위임,대통령령,,rule
P07096,⑥ 그 밖에 시ㆍ도지원센터 또는 지역지원센터의 지정 및 지정 취소의 기준ㆍ절차 등에 필요한 사항은 대통령령으로 정하는 기준에 따라 해당 시ㆍ도의 조례로 정한다.,위임,대통령령|조례,,rule
P07097,⑥ 그 밖에 시ㆍ도지원센터 또는 지역지원센터의 지정 및 지정 취소의 기준ㆍ절차 등에 필요한 사항은 대통령령으로 정하는 기준에 따라 해당 시ㆍ도의 조례로 정한다.,위임,대통령령|조례,,rule
P07098,⑥ 그 밖에 시ㆍ도지원센터 또는 지역지원센터의 지정 및 지정 취소의 기준ㆍ절차 등에 필요한 사항은 대통령령으로 정하는 기준에 따라 해당 시ㆍ도의 조례로 정한다.,위임,대통령령|조례,,rule
P07099,⑥ 그 밖에 시ㆍ도지원센터 또는 지역지원센터의 지정 및 지정 취소의 기준ㆍ절차 등에 필요한 사항은 대통령령으로 정하는 기준에 따라 해당 시ㆍ도의 조례로 정한다.,위임,대통령령|조례,,rule
P07100,⑥ 그 밖에 시ㆍ도지원센터 또는 지역지원센터의 지정 및 지정 취소의 기준ㆍ절차 등에 필요한 사항은 대통령령으로 정하는 기준에 따라 해당 시ㆍ도의 조례로 정한다.,위임,대통령령|조례,,rule
P07101,⑥ 그 밖에 시ㆍ도지원센터 또는 지역지원센터의 지정 및 지정 취소의 기준ㆍ절차 등에 필요한 사항은 대통령령으로 정하는 기준에 따라 해당 시ㆍ도의 조례로 정한다.,위임,대통령령|조례,,rule
P07102,⑥ 그 밖에 시ㆍ도지원센터 또는 지역지원센터의 지정 및 지정 취소의 기준ㆍ절차 등에 필요한 사항은 대통령령으로 정하는 기준에 따라 해당 시ㆍ도의 조례로 정한다.,위임,대통령령|조례,,rule
P07103,⑥ 그 밖에 시ㆍ도지원센터 또는 지역지원센터의 지정 및 지정 취소의 기준ㆍ절차 등에 필요한 사항은 대통령령으로 정하는 기준에 따라 해당 시ㆍ도의 조례로 정한다.,위임,대통령령|조례,,rule
P07104,대통령령으로 정한다,위임,대통령령,,rule
P07105,대통령령으로 정하는,위임,대통령령,,rule
P07106,대통령령으로 정하는,위임,대통령령,,rule
P07107,대통령령으로 정한다,위임,대통령령,,rule
P07108,대통령령으로 정하는,위임,대통령령,,rule
P07109,대통령령으로 정하는,위임,대통령령,,rule
P07110,대통령령으로 정한다,위임,대통령령,,rule
P07111,대통령령으로 정한다,위임,대통령령,,rule
P07112,③ 제1항에 따른 협력체계의 구성ㆍ운영에 필요한 사항은 해당 시ㆍ도의 조례로 정한다.,위임,조례,,rule
P07113,③ 제1항에 따른 협력체계의 구성ㆍ운영에 필요한 사항은 해당 시ㆍ도의 조례로 정한다.,위임,조례,,rule
P07114,③ 제1항에 따른 협력체계의 구성ㆍ운영에 필요한 사항은 해당 시ㆍ도의 조례로 정한다.,위임,조례,,rule
P07115,③ 제1항에 따른 협력체계의 구성ㆍ운영에 필요한 사항은 해당 시ㆍ도의 조례로 정한다.,위임,조례,,rule
P07116,③ 제1항에 따른 협력체계의 구성ㆍ운영에 필요한 사항은 해당 시ㆍ도의 조례로 정한다.,위임,조례,,rule
P07117,③ 제1항에 따른 협력체계의 구성ㆍ운영에 필요한 사항은 해당 시ㆍ도의 조례로 정한다.,위임,조례,,rule
P07118,③ 제1항에 따른 협력체계의 구성ㆍ운영에 필요한 사항은 해당 시ㆍ도의 조례로 정한다.,위임,조례,,rule
P07119,③ 제1항에 따른 협력체계의 구성ㆍ운영에 필요한 사항은 해당 시ㆍ도의 조례로 정한다.,위임,조례,,rule
P07120,③ 제1항에 따른 협력체계의 구성ㆍ운영에 필요한 사항은 해당 시ㆍ도의 조례로 정한다.,위임,조례,,rule
P07121,③ 제1항에 따른 협력체계의 구성ㆍ운영에 필요한 사항은 해당 시ㆍ도의 조례로 정한다.,위임,조례,,rule
P07122,③ 제1항에 따른 협력체계의 구성ㆍ운영에 필요한 사항은 해당 시ㆍ도의 조례로 정한다.,위임,조례,,rule
P07123,③ 제1항에 따른 협력체계의 구성ㆍ운영에 필요한 사항은 해당 시ㆍ도의 조례로 정한다.,위임,조례,,rule
P07124,③ 제1항에 따른 협력체계의 구성ㆍ운영에 필요한 사항은 해당 시ㆍ도의 조례로 정한다.,위임,조례,,rule
P07125,③ 제1항에 따른 협력체계의 구성ㆍ운영에 필요한 사항은 해당 시ㆍ도의 조례로 정한다.,위임,조례,,rule
P07126,③ 제1항에 따른 협력체계의 구성ㆍ운영에 필요한 사항은 해당 시ㆍ도의 조례로 정한다.,위임,조례,,rule
P07127,③ 제1항에 따른 협력체계의 구성ㆍ운영에 필요한 사항은 해당 시ㆍ도의 조례로 정한다.,위임,조례,,rule
P07128,③ 제1항에 따른 협력체계의 구성ㆍ운영에 필요한 사항은 해당 시ㆍ도의 조례로 정한다.,위임,조례,,rule
P07129,대통령령으로 정하는,위임,대통령령,,rule
P07130,대통령령으로 정하는,위임,대통령령,,rule
P07131,대통령령으로 정한다,위임,대통령령,,rule
P07132,대통령령으로 정한다,위임,대통령령,,rule
P07133,대통령령으로 정하는,위임,대통령령,,rule
P07134,대통령령으로 정하는,위임,대통령령,,rule
P07135,대통령령으로 정한다,위임,대통령령,,rule
P07136,⑦ 제1항부터 제6항까지에서 규정한 사항 외에 시ㆍ도위원회의 운영에 필요한 사항은 시ㆍ도의 조례로 정한다.,위임,조례,,rule
P07137,⑦ 제1항부터 제6항까지에서 규정한 사항 외에 시ㆍ도위원회의 운영에 필요한 사항은 시ㆍ도의 조례로 정한다.,위임,조례,,rule
P07138,⑦ 제1항부터 제6항까지에서 규정한 사항 외에 시ㆍ도위원회의 운영에 필요한 사항은 시ㆍ도의 조례로 정한다.,위임,조례,,rule
P07139,대통령령으로 정하는 기준에,위임,대통령령,,rule
P07140,사항은 대통령령으로,위임,대통령령,,rule
P07141,사항은 대통령령으로,위임,대통령령,,rule
P07142,사항은 대통령령으로,위임,대통령령,,rule
P07143,사항은 대통령령으로,위임,대통령령,,rule
P07144,사항은 대통령령으로,위임,대통령령,,rule
P07145,사항은 대통령령으로,위임,대통령령,,rule
P07146,사항은 대통령령으로,위임,대통령령,,rule
P07147,사항은 대통령령으로,위임,대통령령,,rule
P07148,사항은 대통령령으로,위임,대통령령,,rule
P07149,필요한 사항은 대통령령으로,위임,대통령령,,rule
P07150,필요한 사항은 대통령령으로,위임,대통령령,,rule
P07151,사항은 교육부령으로,위임,부령,,rule
P07152,사항은 대통령령으로,위임,대통령령,,rule
P07153,대통령령으로 정하는,위임,대통령령,,rule
P07154,사항은 대통령령으로,위임,대통령령,,rule
P07155,사항은 대통령령으로,위임,대통령령,,rule
P07156,사항은 대통령령으로,위임,대통령령,,rule
P07157,사항은 대통령령으로,위임,대통령령,,rule
P07158,사항은 대통령령으로,위임,대통령령,,rule
P07159,대통령령으로 정하는,위임,대통령령,,rule
P07160,회복한 경우로서 대통령령으로,위임,대통령령,,rule
P07161,인정되는 경우로서 대통령령으로,위임,대통령령,,rule
P07162,아니하면 대통령령으로,위임,대통령령,,rule
P07163,대통령령으로 정한다,위임,대통령령,,rule
P07164,대통령령으로 정한다,위임,대통령령,,rule
P07165,이내에 대통령령으로,위임,대통령령,,rule
P07166,대통령령으로 정하는,위임,대통령령,,rule
P07167,대통령령으로 정하는,위임,대통령령,,rule
P07168,분류는 대통령령으로,위임,대통령령,,rule
P07169,"③ 학원설립·운영자 및 교습자는 특별시·광역시·특별자치시·도 및 특별자치도(이하 ""시·도""라 한다)의 조례로 정하는 바에 따라 학원·교습소의 운영과 관련하여 학원·교습소의 수강생에게 발생한 생명·신체상의 손해를 배상할 것을 내용으로 하는 보험이나 공제사업에 가입하는 등 필요한 안전조치를 취하여야 한다",위임,조례,,rule
P07170,"③ 학원설립·운영자 및 교습자는 특별시·광역시·특별자치시·도 및 특별자치도(이하 ""시·도""라 한다)의 조례로 정하는 바에 따라 학원·교습소의 운영과 관련하여 학원·교습소의 수강생에게 발생한 생명·신체상의 손해를 배상할 것을 내용으로 하는 보험이나 공제사업에 가입하는 등 필요한 안전조치를 취하여야 한다",위임,조례,,rule
P07171,"③ 학원설립·운영자 및 교습자는 특별시·광역시·특별자치시·도 및 특별자치도(이하 ""시·도""라 한다)의 조례로 정하는 바에 따라 학원·교습소의 운영과 관련하여 학원·교습소의 수강생에게 발생한 생명·신체상의 손해를 배상할 것을 내용으로 하는 보험이나 공제사업에 가입하는 등 필요한 안전조치를 취하여야 한다",위임,조례,,rule
P07172,"③ 학원설립·운영자 및 교습자는 특별시·광역시·특별자치시·도 및 특별자치도(이하 ""시·도""라 한다)의 조례로 정하는 바에 따라 학원·교습소의 운영과 관련하여 학원·교습소의 수강생에게 발생한 생명·신체상의 손해를 배상할 것을 내용으로 하는 보험이나 공제사업에 가입하는 등 필요한 안전조치를 취하여야 한다",위임,조례,,rule
P07173,"③ 학원설립·운영자 및 교습자는 특별시·광역시·특별자치시·도 및 특별자치도(이하 ""시·도""라 한다)의 조례로 정하는 바에 따라 학원·교습소의 운영과 관련하여 학원·교습소의 수강생에게 발생한 생명·신체상의 손해를 배상할 것을 내용으로 하는 보험이나 공제사업에 가입하는 등 필요한 안전조치를 취하여야 한다",위임,조례,,rule
P07174,"③ 학원설립·운영자 및 교습자는 특별시·광역시·특별자치시·도 및 특별자치도(이하 ""시·도""라 한다)의 조례로 정하는 바에 따라 학원·교습소의 운영과 관련하여 학원·교습소의 수강생에게 발생한 생명·신체상의 손해를 배상할 것을 내용으로 하는 보험이나 공제사업에 가입하는 등 필요한 안전조치를 취하여야 한다",위임,조례,,rule
P07175,"③ 학원설립·운영자 및 교습자는 특별시·광역시·특별자치시·도 및 특별자치도(이하 ""시·도""라 한다)의 조례로 정하는 바에 따라 학원·교습소의 운영과 관련하여 학원·교습소의 수강생에게 발생한 생명·신체상의 손해를 배상할 것을 내용으로 하는 보험이나 공제사업에 가입하는 등 필요한 안전조치를 취하여야 한다",위임,조례,,rule
P07176,"③ 학원설립·운영자 및 교습자는 특별시·광역시·특별자치시·도 및 특별자치도(이하 ""시·도""라 한다)의 조례로 정하는 바에 따라 학원·교습소의 운영과 관련하여 학원·교습소의 수강생에게 발생한 생명·신체상의 손해를 배상할 것을 내용으로 하는 보험이나 공제사업에 가입하는 등 필요한 안전조치를 취하여야 한다",위임,조례,,rule
P07177,"③ 학원설립·운영자 및 교습자는 특별시·광역시·특별자치시·도 및 특별자치도(이하 ""시·도""라 한다)의 조례로 정하는 바에 따라 학원·교습소의 운영과 관련하여 학원·교습소의 수강생에게 발생한 생명·신체상의 손해를 배상할 것을 내용으로 하는 보험이나 공제사업에 가입하는 등 필요한 안전조치를 취하여야 한다",위임,조례,,rule
P07178,"③ 학원설립·운영자 및 교습자는 특별시·광역시·특별자치시·도 및 특별자치도(이하 ""시·도""라 한다)의 조례로 정하는 바에 따라 학원·교습소의 운영과 관련하여 학원·교습소의 수강생에게 발생한 생명·신체상의 손해를 배상할 것을 내용으로 하는 보험이나 공제사업에 가입하는 등 필요한 안전조치를 취하여야 한다",위임,조례,,rule
P07179,"③ 학원설립·운영자 및 교습자는 특별시·광역시·특별자치시·도 및 특별자치도(이하 ""시·도""라 한다)의 조례로 정하는 바에 따라 학원·교습소의 운영과 관련하여 학원·교습소의 수강생에게 발생한 생명·신체상의 손해를 배상할 것을 내용으로 하는 보험이나 공제사업에 가입하는 등 필요한 안전조치를 취하여야 한다",위임,조례,,rule
P07180,"③ 학원설립·운영자 및 교습자는 특별시·광역시·특별자치시·도 및 특별자치도(이하 ""시·도""라 한다)의 조례로 정하는 바에 따라 학원·교습소의 운영과 관련하여 학원·교습소의 수강생에게 발생한 생명·신체상의 손해를 배상할 것을 내용으로 하는 보험이나 공제사업에 가입하는 등 필요한 안전조치를 취하여야 한다",위임,조례,,rule
P07181,"③ 학원설립·운영자 및 교습자는 특별시·광역시·특별자치시·도 및 특별자치도(이하 ""시·도""라 한다)의 조례로 정하는 바에 따라 학원·교습소의 운영과 관련하여 학원·교습소의 수강생에게 발생한 생명·신체상의 손해를 배상할 것을 내용으로 하는 보험이나 공제사업에 가입하는 등 필요한 안전조치를 취하여야 한다",위임,조례,,rule
P07182,"③ 학원설립·운영자 및 교습자는 특별시·광역시·특별자치시·도 및 특별자치도(이하 ""시·도""라 한다)의 조례로 정하는 바에 따라 학원·교습소의 운영과 관련하여 학원·교습소의 수강생에게 발생한 생명·신체상의 손해를 배상할 것을 내용으로 하는 보험이나 공제사업에 가입하는 등 필요한 안전조치를 취하여야 한다",위임,조례,,rule
P07183,"③ 학원설립·운영자 및 교습자는 특별시·광역시·특별자치시·도 및 특별자치도(이하 ""시·도""라 한다)의 조례로 정하는 바에 따라 학원·교습소의 운영과 관련하여 학원·교습소의 수강생에게 발생한 생명·신체상의 손해를 배상할 것을 내용으로 하는 보험이나 공제사업에 가입하는 등 필요한 안전조치를 취하여야 한다",위임,조례,,rule
P07184,"③ 학원설립·운영자 및 교습자는 특별시·광역시·특별자치시·도 및 특별자치도(이하 ""시·도""라 한다)의 조례로 정하는 바에 따라 학원·교습소의 운영과 관련하여 학원·교습소의 수강생에게 발생한 생명·신체상의 손해를 배상할 것을 내용으로 하는 보험이나 공제사업에 가입하는 등 필요한 안전조치를 취하여야 한다",위임,조례,,rule
P07185,"③ 학원설립·운영자 및 교습자는 특별시·광역시·특별자치시·도 및 특별자치도(이하 ""시·도""라 한다)의 조례로 정하는 바에 따라 학원·교습소의 운영과 관련하여 학원·교습소의 수강생에게 발생한 생명·신체상의 손해를 배상할 것을 내용으로 하는 보험이나 공제사업에 가입하는 등 필요한 안전조치를 취하여야 한다",위임,조례,,rule
P07186,대통령령으로 정하는,위임,대통령령,,rule
P07187,교육부령으로 정하는,위임,부령,,rule
P07188,갖추어 대통령령으로,위임,대통령령,,rule
P07189,대통령령으로 정하는 사항을,위임,대통령령,,rule
P07190,대통령령으로 정하는 범위에서,위임,대통령령,,rule
P07191,교육부령으로 정하는,위임,부령,,rule
P07192,교육부령으로 정하는,위임,부령,,rule
P07193,② 숙박시설을 갖춘 학교교과교습학원의 등록은 대통령령으로 정하는 범위에서 관할 지역의 교육여건과 수강생의 안전 및 숙박시설의 필요성 등을 고려하여 시·도의 조례로 정하는 기준에 맞는 경우에만 할 수 있다.,위임,대통령령|조례,,rule
P07194,② 숙박시설을 갖춘 학교교과교습학원의 등록은 대통령령으로 정하는 범위에서 관할 지역의 교육여건과 수강생의 안전 및 숙박시설의 필요성 등을 고려하여 시·도의 조례로 정하는 기준에 맞는 경우에만 할 수 있다.,위임,대통령령|조례,,rule
P07195,② 숙박시설을 갖춘 학교교과교습학원의 등록은 대통령령으로 정하는 범위에서 관할 지역의 교육여건과 수강생의 안전 및 숙박시설의 필요성 등을 고려하여 시·도의 조례로 정하는 기준에 맞는 경우에만 할 수 있다.,위임,대통령령|조례,,rule
P07196,② 숙박시설을 갖춘 학교교과교습학원의 등록은 대통령령으로 정하는 범위에서 관할 지역의 교육여건과 수강생의 안전 및 숙박시설의 필요성 등을 고려하여 시·도의 조례로 정하는 기준에 맞는 경우에만 할 수 있다.,위임,대통령령|조례,,rule
P07197,② 숙박시설을 갖춘 학교교과교습학원의 등록은 대통령령으로 정하는 범위에서 관할 지역의 교육여건과 수강생의 안전 및 숙박시설의 필요성 등을 고려하여 시·도의 조례로 정하는 기준에 맞는 경우에만 할 수 있다.,위임,대통령령|조례,,rule
P07198,② 숙박시설을 갖춘 학교교과교습학원의 등록은 대통령령으로 정하는 범위에서 관할 지역의 교육여건과 수강생의 안전 및 숙박시설의 필요성 등을 고려하여 시·도의 조례로 정하는 기준에 맞는 경우에만 할 수 있다.,위임,대통령령|조례,,rule
P07199,② 숙박시설을 갖춘 학교교과교습학원의 등록은 대통령령으로 정하는 범위에서 관할 지역의 교육여건과 수강생의 안전 및 숙박시설의 필요성 등을 고려하여 시·도의 조례로 정하는 기준에 맞는 경우에만 할 수 있다.,위임,대통령령|조례,,rule
P07200,② 숙박시설을 갖춘 학교교과교습학원의 등록은 대통령령으로 정하는 범위에서 관할 지역의 교육여건과 수강생의 안전 및 숙박시설의 필요성 등을 고려하여 시·도의 조례로 정하는 기준에 맞는 경우에만 할 수 있다.,위임,대통령령|조례,,rule
P07201,② 숙박시설을 갖춘 학교교과교습학원의 등록은 대통령령으로 정하는 범위에서 관할 지역의 교육여건과 수강생의 안전 및 숙박시설의 필요성 등을 고려하여 시·도의 조례로 정하는 기준에 맞는 경우에만 할 수 있다.,위임,대통령령|조례,,rule
P07202,② 숙박시설을 갖춘 학교교과교습학원의 등록은 대통령령으로 정하는 범위에서 관할 지역의 교육여건과 수강생의 안전 및 숙박시설의 필요성 등을 고려하여 시·도의 조례로 정하는 기준에 맞는 경우에만 할 수 있다.,위임,대통령령|조례,,rule
P07203,② 숙박시설을 갖춘 학교교과교습학원의 등록은 대통령령으로 정하는 범위에서 관할 지역의 교육여건과 수강생의 안전 및 숙박시설의 필요성 등을 고려하여 시·도의 조례로 정하는 기준에 맞는 경우에만 할 수 있다.,위임,대통령령|조례,,rule
P07204,② 숙박시설을 갖춘 학교교과교습학원의 등록은 대통령령으로 정하는 범위에서 관할 지역의 교육여건과 수강생의 안전 및 숙박시설의 필요성 등을 고려하여 시·도의 조례로 정하는 기준에 맞는 경우에만 할 수 있다.,위임,대통령령|조례,,rule
P07205,② 숙박시설을 갖춘 학교교과교습학원의 등록은 대통령령으로 정하는 범위에서 관할 지역의 교육여건과 수강생의 안전 및 숙박시설의 필요성 등을 고려하여 시·도의 조례로 정하는 기준에 맞는 경우에만 할 수 있다.,위임,대통령령|조례,,rule
P07206,② 숙박시설을 갖춘 학교교과교습학원의 등록은 대통령령으로 정하는 범위에서 관할 지역의 교육여건과 수강생의 안전 및 숙박시설의 필요성 등을 고려하여 시·도의 조례로 정하는 기준에 맞는 경우에만 할 수 있다.,위임,대통령령|조례,,rule
P07207,② 숙박시설을 갖춘 학교교과교습학원의 등록은 대통령령으로 정하는 범위에서 관할 지역의 교육여건과 수강생의 안전 및 숙박시설의 필요성 등을 고려하여 시·도의 조례로 정하는 기준에 맞는 경우에만 할 수 있다.,위임,대통령령|조례,,rule
P07208,② 숙박시설을 갖춘 학교교과교습학원의 등록은 대통령령으로 정하는 범위에서 관할 지역의 교육여건과 수강생의 안전 및 숙박시설의 필요성 등을 고려하여 시·도의 조례로 정하는 기준에 맞는 경우에만 할 수 있다.,위임,대통령령|조례,,rule
P07209,② 숙박시설을 갖춘 학교교과교습학원의 등록은 대통령령으로 정하는 범위에서 관할 지역의 교육여건과 수강생의 안전 및 숙박시설의 필요성 등을 고려하여 시·도의 조례로 정하는 기준에 맞는 경우에만 할 수 있다.,위임,대통령령|조례,,rule
P07210,대통령령으로 정하는 기간에,위임,대통령령,,rule
P07211,"학원에는 교습과정별로 시·도의 조례로 정하는 단위시설별 기준에 따라 교습과 학습에 필요한 시설과 설비를 갖추고 유지하여야 한다. 다만, 학원의 소방시설은 소방 관계 법령으로 정하는 바에 따른다.",위임,조례,,rule
P07212,"학원에는 교습과정별로 시·도의 조례로 정하는 단위시설별 기준에 따라 교습과 학습에 필요한 시설과 설비를 갖추고 유지하여야 한다. 다만, 학원의 소방시설은 소방 관계 법령으로 정하는 바에 따른다.",위임,조례,,rule
P07213,"학원에는 교습과정별로 시·도의 조례로 정하는 단위시설별 기준에 따라 교습과 학습에 필요한 시설과 설비를 갖추고 유지하여야 한다. 다만, 학원의 소방시설은 소방 관계 법령으로 정하는 바에 따른다.",위임,조례,,rule
P07214,"학원에는 교습과정별로 시·도의 조례로 정하는 단위시설별 기준에 따라 교습과 학습에 필요한 시설과 설비를 갖추고 유지하여야 한다. 다만, 학원의 소방시설은 소방 관계 법령으로 정하는 바에 따른다.",위임,조례,,rule
P07215,"학원에는 교습과정별로 시·도의 조례로 정하는 단위시설별 기준에 따라 교습과 학습에 필요한 시설과 설비를 갖추고 유지하여야 한다. 다만, 학원의 소방시설은 소방 관계 법령으로 정하는 바에 따른다.",위임,조례,,rule
P07216,"학원에는 교습과정별로 시·도의 조례로 정하는 단위시설별 기준에 따라 교습과 학습에 필요한 시설과 설비를 갖추고 유지하여야 한다. 다만, 학원의 소방시설은 소방 관계 법령으로 정하는 바에 따른다.",위임,조례,,rule
P07217,"학원에는 교습과정별로 시·도의 조례로 정하는 단위시설별 기준에 따라 교습과 학습에 필요한 시설과 설비를 갖추고 유지하여야 한다. 다만, 학원의 소방시설은 소방 관계 법령으로 정하는 바에 따른다.",위임,조례,,rule
P07218,"학원에는 교습과정별로 시·도의 조례로 정하는 단위시설별 기준에 따라 교습과 학습에 필요한 시설과 설비를 갖추고 유지하여야 한다. 다만, 학원의 소방시설은 소방 관계 법령으로 정하는 바에 따른다.",위임,조례,,rule
P07219,"학원에는 교습과정별로 시·도의 조례로 정하는 단위시설별 기준에 따라 교습과 학습에 필요한 시설과 설비를 갖추고 유지하여야 한다. 다만, 학원의 소방시설은 소방 관계 법령으로 정하는 바에 따른다.",위임,조례,,rule
P07220,"학원에는 교습과정별로 시·도의 조례로 정하는 단위시설별 기준에 따라 교습과 학습에 필요한 시설과 설비를 갖추고 유지하여야 한다. 다만, 학원의 소방시설은 소방 관계 법령으로 정하는 바에 따른다.",위임,조례,,rule
P07221,"학원에는 교습과정별로 시·도의 조례로 정하는 단위시설별 기준에 따라 교습과 학습에 필요한 시설과 설비를 갖추고 유지하여야 한다. 다만, 학원의 소방시설은 소방 관계 법령으로 정하는 바에 따른다.",위임,조례,,rule
P07222,"학원에는 교습과정별로 시·도의 조례로 정하는 단위시설별 기준에 따라 교습과 학습에 필요한 시설과 설비를 갖추고 유지하여야 한다. 다만, 학원의 소방시설은 소방 관계 법령으로 정하는 바에 따른다.",위임,조례,,rule
P07223,"학원에는 교습과정별로 시·도의 조례로 정하는 단위시설별 기준에 따라 교습과 학습에 필요한 시설과 설비를 갖추고 유지하여야 한다. 다만, 학원의 소방시설은 소방 관계 법령으로 정하는 바에 따른다.",위임,조례,,rule
P07224,"학원에는 교습과정별로 시·도의 조례로 정하는 단위시설별 기준에 따라 교습과 학습에 필요한 시설과 설비를 갖추고 유지하여야 한다. 다만, 학원의 소방시설은 소방 관계 법령으로 정하는 바에 따른다.",위임,조례,,rule
P07225,"학원에는 교습과정별로 시·도의 조례로 정하는 단위시설별 기준에 따라 교습과 학습에 필요한 시설과 설비를 갖추고 유지하여야 한다. 다만, 학원의 소방시설은 소방 관계 법령으로 정하는 바에 따른다.",위임,조례,,rule
P07226,"학원에는 교습과정별로 시·도의 조례로 정하는 단위시설별 기준에 따라 교습과 학습에 필요한 시설과 설비를 갖추고 유지하여야 한다. 다만, 학원의 소방시설은 소방 관계 법령으로 정하는 바에 따른다.",위임,조례,,rule
P07227,"학원에는 교습과정별로 시·도의 조례로 정하는 단위시설별 기준에 따라 교습과 학습에 필요한 시설과 설비를 갖추고 유지하여야 한다. 다만, 학원의 소방시설은 소방 관계 법령으로 정하는 바에 따른다.",위임,조례,,rule
P07228,교육부령으로 정하는,위임,부령,,rule
P07229,대통령령으로 정하는 자격을,위임,대통령령,,rule
P07230,교육부령으로 정하는,위임,부령,,rule
P07231,대통령령으로 정하는,위임,대통령령,,rule
P07232,교육부령으로 정하는,위임,부령,,rule
P07233,대통령령으로 정하는 바에,위임,대통령령,,rule
P07234,대통령령으로 정하는 바에,위임,대통령령,,rule
P07235,교육부령으로 정하는,위임,부령,,rule
P07236,교육부령으로 정하는,위임,부령,,rule
P07237,사항은 대통령령으로,위임,대통령령,,rule
P07238,사항은 대통령령으로,위임,대통령령,,rule
P07239,교육부령으로 정하는,위임,부령,,rule
P07240,교육부령으로 정하는,위임,부령,,rule
P07241,대통령령으로 정하는 사항을,위임,대통령령,,rule
P07242,대통령령으로 정하는 바에,위임,대통령령,,rule
P07243,교육부령으로 정하는,위임,부령,,rule
P07244,교육부령으로 정하는,위임,부령,,rule
P07245,교육부령으로 정하는,위임,부령,,rule
P07246,요구가 있을 때에는 교육부령으로,위임,부령,,rule
P07247,"③ 학원설립·운영자, 교습자 또는 개인과외교습자는 시·도의 교육규칙으로 정하는 바에 따라 제1항에 따른 교습비등과 그 반환에 관한 사항을 학습자가 보기 쉬운 장소에 게시하여야 하며, 학습자를 모집할 목적으로 인쇄물·인터넷 등을 통하여 광고를 하는 경우에는 교습비등, 등록증명서 또는 신고증명서 내용 중 대통령령으로 정하는 사항을 표시하여야 한다.",위임,교육규칙|대통령령,,rule
P07248,"③ 학원설립·운영자, 교습자 또는 개인과외교습자는 시·도의 교육규칙으로 정하는 바에 따라 제1항에 따른 교습비등과 그 반환에 관한 사항을 학습자가 보기 쉬운 장소에 게시하여야 하며, 학습자를 모집할 목적으로 인쇄물·인터넷 등을 통하여 광고를 하는 경우에는 교습비등, 등록증명서 또는 신고증명서 내용 중 대통령령으로 정하는 사항을 표시하여야 한다.",위임,교육규칙|대통령령,,rule
P07249,"③ 학원설립·운영자, 교습자 또는 개인과외교습자는 시·도의 교육규칙으로 정하는 바에 따라 제1항에 따른 교습비등과 그 반환에 관한 사항을 학습자가 보기 쉬운 장소에 게시하여야 하며, 학습자를 모집할 목적으로 인쇄물·인터넷 등을 통하여 광고를 하는 경우에는 교습비등, 등록증명서 또는 신고증명서 내용 중 대통령령으로 정하는 사항을 표시하여야 한다.",위임,교육규칙|대통령령,,rule
P07250,"③ 학원설립·운영자, 교습자 또는 개인과외교습자는 시·도의 교육규칙으로 정하는 바에 따라 제1항에 따른 교습비등과 그 반환에 관한 사항을 학습자가 보기 쉬운 장소에 게시하여야 하며, 학습자를 모집할 목적으로 인쇄물·인터넷 등을 통하여 광고를 하는 경우에는 교습비등, 등록증명서 또는 신고증명서 내용 중 대통령령으로 정하는 사항을 표시하여야 한다.",위임,교육규칙|대통령령,,rule
P07251,"③ 학원설립·운영자, 교습자 또는 개인과외교습자는 시·도의 교육규칙으로 정하는 바에 따라 제1항에 따른 교습비등과 그 반환에 관한 사항을 학습자가 보기 쉬운 장소에 게시하여야 하며, 학습자를 모집할 목적으로 인쇄물·인터넷 등을 통하여 광고를 하는 경우에는 교습비등, 등록증명서 또는 신고증명서 내용 중 대통령령으로 정하는 사항을 표시하여야 한다.",위임,교육규칙|대통령령,,rule
P07252,"③ 학원설립·운영자, 교습자 또는 개인과외교습자는 시·도의 교육규칙으로 정하는 바에 따라 제1항에 따른 교습비등과 그 반환에 관한 사항을 학습자가 보기 쉬운 장소에 게시하여야 하며, 학습자를 모집할 목적으로 인쇄물·인터넷 등을 통하여 광고를 하는 경우에는 교습비등, 등록증명서 또는 신고증명서 내용 중 대통령령으로 정하는 사항을 표시하여야 한다.",위임,교육규칙|대통령령,,rule
P07253,"③ 학원설립·운영자, 교습자 또는 개인과외교습자는 시·도의 교육규칙으로 정하는 바에 따라 제1항에 따른 교습비등과 그 반환에 관한 사항을 학습자가 보기 쉬운 장소에 게시하여야 하며, 학습자를 모집할 목적으로 인쇄물·인터넷 등을 통하여 광고를 하는 경우에는 교습비등, 등록증명서 또는 신고증명서 내용 중 대통령령으로 정하는 사항을 표시하여야 한다.",위임,교육규칙|대통령령,,rule
P07254,"③ 학원설립·운영자, 교습자 또는 개인과외교습자는 시·도의 교육규칙으로 정하는 바에 따라 제1항에 따른 교습비등과 그 반환에 관한 사항을 학습자가 보기 쉬운 장소에 게시하여야 하며, 학습자를 모집할 목적으로 인쇄물·인터넷 등을 통하여 광고를 하는 경우에는 교습비등, 등록증명서 또는 신고증명서 내용 중 대통령령으로 정하는 사항을 표시하여야 한다.",위임,교육규칙|대통령령,,rule
P07255,"③ 학원설립·운영자, 교습자 또는 개인과외교습자는 시·도의 교육규칙으로 정하는 바에 따라 제1항에 따른 교습비등과 그 반환에 관한 사항을 학습자가 보기 쉬운 장소에 게시하여야 하며, 학습자를 모집할 목적으로 인쇄물·인터넷 등을 통하여 광고를 하는 경우에는 교습비등, 등록증명서 또는 신고증명서 내용 중 대통령령으로 정하는 사항을 표시하여야 한다.",위임,교육규칙|대통령령,,rule
P07256,"③ 학원설립·운영자, 교습자 또는 개인과외교습자는 시·도의 교육규칙으로 정하는 바에 따라 제1항에 따른 교습비등과 그 반환에 관한 사항을 학습자가 보기 쉬운 장소에 게시하여야 하며, 학습자를 모집할 목적으로 인쇄물·인터넷 등을 통하여 광고를 하는 경우에는 교습비등, 등록증명서 또는 신고증명서 내용 중 대통령령으로 정하는 사항을 표시하여야 한다.",위임,교육규칙|대통령령,,rule
P07257,"③ 학원설립·운영자, 교습자 또는 개인과외교습자는 시·도의 교육규칙으로 정하는 바에 따라 제1항에 따른 교습비등과 그 반환에 관한 사항을 학습자가 보기 쉬운 장소에 게시하여야 하며, 학습자를 모집할 목적으로 인쇄물·인터넷 등을 통하여 광고를 하는 경우에는 교습비등, 등록증명서 또는 신고증명서 내용 중 대통령령으로 정하는 사항을 표시하여야 한다.",위임,교육규칙|대통령령,,rule
P07258,"③ 학원설립·운영자, 교습자 또는 개인과외교습자는 시·도의 교육규칙으로 정하는 바에 따라 제1항에 따른 교습비등과 그 반환에 관한 사항을 학습자가 보기 쉬운 장소에 게시하여야 하며, 학습자를 모집할 목적으로 인쇄물·인터넷 등을 통하여 광고를 하는 경우에는 교습비등, 등록증명서 또는 신고증명서 내용 중 대통령령으로 정하는 사항을 표시하여야 한다.",위임,교육규칙|대통령령,,rule
P07259,"③ 학원설립·운영자, 교습자 또는 개인과외교습자는 시·도의 교육규칙으로 정하는 바에 따라 제1항에 따른 교습비등과 그 반환에 관한 사항을 학습자가 보기 쉬운 장소에 게시하여야 하며, 학습자를 모집할 목적으로 인쇄물·인터넷 등을 통하여 광고를 하는 경우에는 교습비등, 등록증명서 또는 신고증명서 내용 중 대통령령으로 정하는 사항을 표시하여야 한다.",위임,교육규칙|대통령령,,rule
P07260,"③ 학원설립·운영자, 교습자 또는 개인과외교습자는 시·도의 교육규칙으로 정하는 바에 따라 제1항에 따른 교습비등과 그 반환에 관한 사항을 학습자가 보기 쉬운 장소에 게시하여야 하며, 학습자를 모집할 목적으로 인쇄물·인터넷 등을 통하여 광고를 하는 경우에는 교습비등, 등록증명서 또는 신고증명서 내용 중 대통령령으로 정하는 사항을 표시하여야 한다.",위임,교육규칙|대통령령,,rule
P07261,"③ 학원설립·운영자, 교습자 또는 개인과외교습자는 시·도의 교육규칙으로 정하는 바에 따라 제1항에 따른 교습비등과 그 반환에 관한 사항을 학습자가 보기 쉬운 장소에 게시하여야 하며, 학습자를 모집할 목적으로 인쇄물·인터넷 등을 통하여 광고를 하는 경우에는 교습비등, 등록증명서 또는 신고증명서 내용 중 대통령령으로 정하는 사항을 표시하여야 한다.",위임,교육규칙|대통령령,,rule
P07262,"③ 학원설립·운영자, 교습자 또는 개인과외교습자는 시·도의 교육규칙으로 정하는 바에 따라 제1항에 따른 교습비등과 그 반환에 관한 사항을 학습자가 보기 쉬운 장소에 게시하여야 하며, 학습자를 모집할 목적으로 인쇄물·인터넷 등을 통하여 광고를 하는 경우에는 교습비등, 등록증명서 또는 신고증명서 내용 중 대통령령으로 정하는 사항을 표시하여야 한다.",위임,교육규칙|대통령령,,rule
P07263,"③ 학원설립·운영자, 교습자 또는 개인과외교습자는 시·도의 교육규칙으로 정하는 바에 따라 제1항에 따른 교습비등과 그 반환에 관한 사항을 학습자가 보기 쉬운 장소에 게시하여야 하며, 학습자를 모집할 목적으로 인쇄물·인터넷 등을 통하여 광고를 하는 경우에는 교습비등, 등록증명서 또는 신고증명서 내용 중 대통령령으로 정하는 사항을 표시하여야 한다.",위임,교육규칙|대통령령,,rule
P07264,교습과 관련한 장부 또는 서류를 교육부령으로,위임,부령,,rule
P07265,필요하면 대통령령으로 정하는,위임,대통령령,,rule
P07266,포함하여 대통령령으로,위임,대통령령,,rule
P07267,대통령령으로 정하는,위임,대통령령,,rule
P07268,"② 교육감은 학교의 수업과 학생의 건강 등에 미치는 영향을 고려하여 시·도의 조례로 정하는 범위에서 학교교과교습학원, 교습소 또는 개인과외교습자의 교습시간을 정할 수 있다.",위임,조례,,rule
P07269,"② 교육감은 학교의 수업과 학생의 건강 등에 미치는 영향을 고려하여 시·도의 조례로 정하는 범위에서 학교교과교습학원, 교습소 또는 개인과외교습자의 교습시간을 정할 수 있다.",위임,조례,,rule
P07270,"② 교육감은 학교의 수업과 학생의 건강 등에 미치는 영향을 고려하여 시·도의 조례로 정하는 범위에서 학교교과교습학원, 교습소 또는 개인과외교습자의 교습시간을 정할 수 있다.",위임,조례,,rule
P07271,"② 교육감은 학교의 수업과 학생의 건강 등에 미치는 영향을 고려하여 시·도의 조례로 정하는 범위에서 학교교과교습학원, 교습소 또는 개인과외교습자의 교습시간을 정할 수 있다.",위임,조례,,rule
P07272,"② 교육감은 학교의 수업과 학생의 건강 등에 미치는 영향을 고려하여 시·도의 조례로 정하는 범위에서 학교교과교습학원, 교습소 또는 개인과외교습자의 교습시간을 정할 수 있다.",위임,조례,,rule
P07273,"② 교육감은 학교의 수업과 학생의 건강 등에 미치는 영향을 고려하여 시·도의 조례로 정하는 범위에서 학교교과교습학원, 교습소 또는 개인과외교습자의 교습시간을 정할 수 있다.",위임,조례,,rule
P07274,"② 교육감은 학교의 수업과 학생의 건강 등에 미치는 영향을 고려하여 시·도의 조례로 정하는 범위에서 학교교과교습학원, 교습소 또는 개인과외교습자의 교습시간을 정할 수 있다.",위임,조례,,rule
P07275,"② 교육감은 학교의 수업과 학생의 건강 등에 미치는 영향을 고려하여 시·도의 조례로 정하는 범위에서 학교교과교습학원, 교습소 또는 개인과외교습자의 교습시간을 정할 수 있다.",위임,조례,,rule
P07276,"② 교육감은 학교의 수업과 학생의 건강 등에 미치는 영향을 고려하여 시·도의 조례로 정하는 범위에서 학교교과교습학원, 교습소 또는 개인과외교습자의 교습시간을 정할 수 있다.",위임,조례,,rule
P07277,"② 교육감은 학교의 수업과 학생의 건강 등에 미치는 영향을 고려하여 시·도의 조례로 정하는 범위에서 학교교과교습학원, 교습소 또는 개인과외교습자의 교습시간을 정할 수 있다.",위임,조례,,rule
P07278,"② 교육감은 학교의 수업과 학생의 건강 등에 미치는 영향을 고려하여 시·도의 조례로 정하는 범위에서 학교교과교습학원, 교습소 또는 개인과외교습자의 교습시간을 정할 수 있다.",위임,조례,,rule
P07279,"② 교육감은 학교의 수업과 학생의 건강 등에 미치는 영향을 고려하여 시·도의 조례로 정하는 범위에서 학교교과교습학원, 교습소 또는 개인과외교습자의 교습시간을 정할 수 있다.",위임,조례,,rule
P07280,"② 교육감은 학교의 수업과 학생의 건강 등에 미치는 영향을 고려하여 시·도의 조례로 정하는 범위에서 학교교과교습학원, 교습소 또는 개인과외교습자의 교습시간을 정할 수 있다.",위임,조례,,rule
P07281,"② 교육감은 학교의 수업과 학생의 건강 등에 미치는 영향을 고려하여 시·도의 조례로 정하는 범위에서 학교교과교습학원, 교습소 또는 개인과외교습자의 교습시간을 정할 수 있다.",위임,조례,,rule
P07282,"② 교육감은 학교의 수업과 학생의 건강 등에 미치는 영향을 고려하여 시·도의 조례로 정하는 범위에서 학교교과교습학원, 교습소 또는 개인과외교습자의 교습시간을 정할 수 있다.",위임,조례,,rule
P07283,"② 교육감은 학교의 수업과 학생의 건강 등에 미치는 영향을 고려하여 시·도의 조례로 정하는 범위에서 학교교과교습학원, 교습소 또는 개인과외교습자의 교습시간을 정할 수 있다.",위임,조례,,rule
P07284,"② 교육감은 학교의 수업과 학생의 건강 등에 미치는 영향을 고려하여 시·도의 조례로 정하는 범위에서 학교교과교습학원, 교습소 또는 개인과외교습자의 교습시간을 정할 수 있다.",위임,조례,,rule
P07285,교육부령으로 정하는,위임,부령,,rule
P07286,교육부령으로 정하는,위임,부령,,rule
P07287,④ 제1항부터 제3항까지에 따른 행정처분의 기준과 그 밖에 필요한 사항은 조례로 정한다.,위임,조례,,rule
P07288,④ 제1항부터 제3항까지에 따른 행정처분의 기준과 그 밖에 필요한 사항은 조례로 정한다.,위임,조례,,rule
P07289,④ 제1항부터 제3항까지에 따른 행정처분의 기준과 그 밖에 필요한 사항은 조례로 정한다.,위임,조례,,rule
P07290,④ 제1항부터 제3항까지에 따른 행정처분의 기준과 그 밖에 필요한 사항은 조례로 정한다.,위임,조례,,rule
P07291,④ 제1항부터 제3항까지에 따른 행정처분의 기준과 그 밖에 필요한 사항은 조례로 정한다.,위임,조례,,rule
P07292,④ 제1항부터 제3항까지에 따른 행정처분의 기준과 그 밖에 필요한 사항은 조례로 정한다.,위임,조례,,rule
P07293,④ 제1항부터 제3항까지에 따른 행정처분의 기준과 그 밖에 필요한 사항은 조례로 정한다.,위임,조례,,rule
P07294,④ 제1항부터 제3항까지에 따른 행정처분의 기준과 그 밖에 필요한 사항은 조례로 정한다.,위임,조례,,rule
P07295,④ 제1항부터 제3항까지에 따른 행정처분의 기준과 그 밖에 필요한 사항은 조례로 정한다.,위임,조례,,rule
P07296,④ 제1항부터 제3항까지에 따른 행정처분의 기준과 그 밖에 필요한 사항은 조례로 정한다.,위임,조례,,rule
P07297,④ 제1항부터 제3항까지에 따른 행정처분의 기준과 그 밖에 필요한 사항은 조례로 정한다.,위임,조례,,rule
P07298,④ 제1항부터 제3항까지에 따른 행정처분의 기준과 그 밖에 필요한 사항은 조례로 정한다.,위임,조례,,rule
P07299,④ 제1항부터 제3항까지에 따른 행정처분의 기준과 그 밖에 필요한 사항은 조례로 정한다.,위임,조례,,rule
P07300,④ 제1항부터 제3항까지에 따른 행정처분의 기준과 그 밖에 필요한 사항은 조례로 정한다.,위임,조례,,rule
P07301,④ 제1항부터 제3항까지에 따른 행정처분의 기준과 그 밖에 필요한 사항은 조례로 정한다.,위임,조례,,rule
P07302,④ 제1항부터 제3항까지에 따른 행정처분의 기준과 그 밖에 필요한 사항은 조례로 정한다.,위임,조례,,rule
P07303,④ 제1항부터 제3항까지에 따른 행정처분의 기준과 그 밖에 필요한 사항은 조례로 정한다.,위임,조례,,rule
P07304,사항은 대통령령으로,위임,대통령령,,rule
P07305,대통령령으로 정하는,위임,대통령령,,rule
P07306,일부를 대통령령으로,위임,대통령령,,rule
P07307,과태료는 대통령령으로,위임,대통령령,,rule
P07308,교육부령으로 정하는 봉사활동에,위임,부령,,rule
P07309,교육부령으로 정하는 학원설립,위임,부령,,rule
P07310,교육부령으로 정하는 서류를,위임,부령,,rule
P07311,"2. 특별시·광역시·특별자치시·도 및 특별자치도(이하 ""시·도""라 한다)의 조례에서 정하는 유치원, 초등학교, 중학교 및 고등학교 또는 이에 준하는 학교에 재학하는 학생에 대한 교습 제한기준을 충족할 것",인용,해당없음,,rule
P07312,"2. 특별시·광역시·특별자치시·도 및 특별자치도(이하 ""시·도""라 한다)의 조례에서 정하는 유치원, 초등학교, 중학교 및 고등학교 또는 이에 준하는 학교에 재학하는 학생에 대한 교습 제한기준을 충족할 것",인용,해당없음,,rule
P07313,"② 제1항에 따른 숙박시설의 위치, 환경기준, 시설·설비기준, 영양사 및 생활지도 담당인력 배치기준 등에 관한 사항은 지역적 여건과 학원의 규모 등을 고려하여 시·도 조례로 정한다.",위임,조례,,rule
P07314,"2. 특별시·광역시·특별자치시·도 및 특별자치도(이하 ""시·도""라 한다)의 조례에서 정하는 유치원, 초등학교, 중학교 및 고등학교 또는 이에 준하는 학교에 재학하는 학생에 대한 교습 제한기준을 충족할 것",인용,해당없음,,rule
P07315,"② 제1항에 따른 숙박시설의 위치, 환경기준, 시설·설비기준, 영양사 및 생활지도 담당인력 배치기준 등에 관한 사항은 지역적 여건과 학원의 규모 등을 고려하여 시·도 조례로 정한다.",위임,조례,,rule
P07316,"2. 특별시·광역시·특별자치시·도 및 특별자치도(이하 ""시·도""라 한다)의 조례에서 정하는 유치원, 초등학교, 중학교 및 고등학교 또는 이에 준하는 학교에 재학하는 학생에 대한 교습 제한기준을 충족할 것",인용,해당없음,,rule
P07317,"② 제1항에 따른 숙박시설의 위치, 환경기준, 시설·설비기준, 영양사 및 생활지도 담당인력 배치기준 등에 관한 사항은 지역적 여건과 학원의 규모 등을 고려하여 시·도 조례로 정한다.",위임,조례,,rule
P07318,"2. 특별시·광역시·특별자치시·도 및 특별자치도(이하 ""시·도""라 한다)의 조례에서 정하는 유치원, 초등학교, 중학교 및 고등학교 또는 이에 준하는 학교에 재학하는 학생에 대한 교습 제한기준을 충족할 것",인용,해당없음,,rule
P07319,"② 제1항에 따른 숙박시설의 위치, 환경기준, 시설·설비기준, 영양사 및 생활지도 담당인력 배치기준 등에 관한 사항은 지역적 여건과 학원의 규모 등을 고려하여 시·도 조례로 정한다.",위임,조례,,rule
P07320,"2. 특별시·광역시·특별자치시·도 및 특별자치도(이하 ""시·도""라 한다)의 조례에서 정하는 유치원, 초등학교, 중학교 및 고등학교 또는 이에 준하는 학교에 재학하는 학생에 대한 교습 제한기준을 충족할 것",인용,해당없음,,rule
P07321,"② 제1항에 따른 숙박시설의 위치, 환경기준, 시설·설비기준, 영양사 및 생활지도 담당인력 배치기준 등에 관한 사항은 지역적 여건과 학원의 규모 등을 고려하여 시·도 조례로 정한다.",위임,조례,,rule
P07322,"② 제1항에 따른 숙박시설의 위치, 환경기준, 시설·설비기준, 영양사 및 생활지도 담당인력 배치기준 등에 관한 사항은 지역적 여건과 학원의 규모 등을 고려하여 시·도 조례로 정한다.",위임,조례,,rule
P07323,"② 제1항에 따른 숙박시설의 위치, 환경기준, 시설·설비기준, 영양사 및 생활지도 담당인력 배치기준 등에 관한 사항은 지역적 여건과 학원의 규모 등을 고려하여 시·도 조례로 정한다.",위임,조례,,rule
P07324,"2. 특별시·광역시·특별자치시·도 및 특별자치도(이하 ""시·도""라 한다)의 조례에서 정하는 유치원, 초등학교, 중학교 및 고등학교 또는 이에 준하는 학교에 재학하는 학생에 대한 교습 제한기준을 충족할 것",인용,해당없음,,rule
P07325,"② 제1항에 따른 숙박시설의 위치, 환경기준, 시설·설비기준, 영양사 및 생활지도 담당인력 배치기준 등에 관한 사항은 지역적 여건과 학원의 규모 등을 고려하여 시·도 조례로 정한다.",위임,조례,,rule
P07326,"2. 특별시·광역시·특별자치시·도 및 특별자치도(이하 ""시·도""라 한다)의 조례에서 정하는 유치원, 초등학교, 중학교 및 고등학교 또는 이에 준하는 학교에 재학하는 학생에 대한 교습 제한기준을 충족할 것",인용,해당없음,,rule
P07327,"② 제1항에 따른 숙박시설의 위치, 환경기준, 시설·설비기준, 영양사 및 생활지도 담당인력 배치기준 등에 관한 사항은 지역적 여건과 학원의 규모 등을 고려하여 시·도 조례로 정한다.",위임,조례,,rule
P07328,"2. 특별시·광역시·특별자치시·도 및 특별자치도(이하 ""시·도""라 한다)의 조례에서 정하는 유치원, 초등학교, 중학교 및 고등학교 또는 이에 준하는 학교에 재학하는 학생에 대한 교습 제한기준을 충족할 것",인용,해당없음,,rule
P07329,"② 제1항에 따른 숙박시설의 위치, 환경기준, 시설·설비기준, 영양사 및 생활지도 담당인력 배치기준 등에 관한 사항은 지역적 여건과 학원의 규모 등을 고려하여 시·도 조례로 정한다.",위임,조례,,rule
P07330,"2. 특별시·광역시·특별자치시·도 및 특별자치도(이하 ""시·도""라 한다)의 조례에서 정하는 유치원, 초등학교, 중학교 및 고등학교 또는 이에 준하는 학교에 재학하는 학생에 대한 교습 제한기준을 충족할 것",인용,해당없음,,rule
P07331,"② 제1항에 따른 숙박시설의 위치, 환경기준, 시설·설비기준, 영양사 및 생활지도 담당인력 배치기준 등에 관한 사항은 지역적 여건과 학원의 규모 등을 고려하여 시·도 조례로 정한다.",위임,조례,,rule
P07332,"2. 특별시·광역시·특별자치시·도 및 특별자치도(이하 ""시·도""라 한다)의 조례에서 정하는 유치원, 초등학교, 중학교 및 고등학교 또는 이에 준하는 학교에 재학하는 학생에 대한 교습 제한기준을 충족할 것",인용,해당없음,,rule
P07333,"② 제1항에 따른 숙박시설의 위치, 환경기준, 시설·설비기준, 영양사 및 생활지도 담당인력 배치기준 등에 관한 사항은 지역적 여건과 학원의 규모 등을 고려하여 시·도 조례로 정한다.",위임,조례,,rule
P07334,"2. 특별시·광역시·특별자치시·도 및 특별자치도(이하 ""시·도""라 한다)의 조례에서 정하는 유치원, 초등학교, 중학교 및 고등학교 또는 이에 준하는 학교에 재학하는 학생에 대한 교습 제한기준을 충족할 것",인용,해당없음,,rule
P07335,"② 제1항에 따른 숙박시설의 위치, 환경기준, 시설·설비기준, 영양사 및 생활지도 담당인력 배치기준 등에 관한 사항은 지역적 여건과 학원의 규모 등을 고려하여 시·도 조례로 정한다.",위임,조례,,rule
P07336,"2. 특별시·광역시·특별자치시·도 및 특별자치도(이하 ""시·도""라 한다)의 조례에서 정하는 유치원, 초등학교, 중학교 및 고등학교 또는 이에 준하는 학교에 재학하는 학생에 대한 교습 제한기준을 충족할 것",인용,해당없음,,rule
P07337,"2. 특별시·광역시·특별자치시·도 및 특별자치도(이하 ""시·도""라 한다)의 조례에서 정하는 유치원, 초등학교, 중학교 및 고등학교 또는 이에 준하는 학교에 재학하는 학생에 대한 교습 제한기준을 충족할 것",인용,해당없음,,rule
P07338,"② 제1항에 따른 숙박시설의 위치, 환경기준, 시설·설비기준, 영양사 및 생활지도 담당인력 배치기준 등에 관한 사항은 지역적 여건과 학원의 규모 등을 고려하여 시·도 조례로 정한다.",위임,조례,,rule
P07339,"2. 특별시·광역시·특별자치시·도 및 특별자치도(이하 ""시·도""라 한다)의 조례에서 정하는 유치원, 초등학교, 중학교 및 고등학교 또는 이에 준하는 학교에 재학하는 학생에 대한 교습 제한기준을 충족할 것",인용,해당없음,,rule
P07340,"② 제1항에 따른 숙박시설의 위치, 환경기준, 시설·설비기준, 영양사 및 생활지도 담당인력 배치기준 등에 관한 사항은 지역적 여건과 학원의 규모 등을 고려하여 시·도 조례로 정한다.",위임,조례,,rule
P07341,"2. 특별시·광역시·특별자치시·도 및 특별자치도(이하 ""시·도""라 한다)의 조례에서 정하는 유치원, 초등학교, 중학교 및 고등학교 또는 이에 준하는 학교에 재학하는 학생에 대한 교습 제한기준을 충족할 것",인용,해당없음,,rule
P07342,"② 제1항에 따른 숙박시설의 위치, 환경기준, 시설·설비기준, 영양사 및 생활지도 담당인력 배치기준 등에 관한 사항은 지역적 여건과 학원의 규모 등을 고려하여 시·도 조례로 정한다.",위임,조례,,rule
P07343,"2. 특별시·광역시·특별자치시·도 및 특별자치도(이하 ""시·도""라 한다)의 조례에서 정하는 유치원, 초등학교, 중학교 및 고등학교 또는 이에 준하는 학교에 재학하는 학생에 대한 교습 제한기준을 충족할 것",인용,해당없음,,rule
P07344,"② 제1항에 따른 숙박시설의 위치, 환경기준, 시설·설비기준, 영양사 및 생활지도 담당인력 배치기준 등에 관한 사항은 지역적 여건과 학원의 규모 등을 고려하여 시·도 조례로 정한다.",위임,조례,,rule
P07345,교육부령으로 정하는 서류를,위임,부령,,rule
P07346,교육부령으로 정하는 학원설립,위임,부령,,rule
P07347,교육부령으로 정하는,위임,부령,,rule
P07348,③ 제1항에도 불구하고 실험·실습 또는 실기 교습이 필요한 학원에서 같은 교습과목을 같은 시간에 같은 장소에서 교습받을 수 있는 학습자의 수는 시·도의 조례로 정한다.,위임,조례,,rule
P07349,③ 제1항에도 불구하고 실험·실습 또는 실기 교습이 필요한 학원에서 같은 교습과목을 같은 시간에 같은 장소에서 교습받을 수 있는 학습자의 수는 시·도의 조례로 정한다.,위임,조례,,rule
P07350,③ 제1항에도 불구하고 실험·실습 또는 실기 교습이 필요한 학원에서 같은 교습과목을 같은 시간에 같은 장소에서 교습받을 수 있는 학습자의 수는 시·도의 조례로 정한다.,위임,조례,,rule
P07351,③ 제1항에도 불구하고 실험·실습 또는 실기 교습이 필요한 학원에서 같은 교습과목을 같은 시간에 같은 장소에서 교습받을 수 있는 학습자의 수는 시·도의 조례로 정한다.,위임,조례,,rule
P07352,③ 제1항에도 불구하고 실험·실습 또는 실기 교습이 필요한 학원에서 같은 교습과목을 같은 시간에 같은 장소에서 교습받을 수 있는 학습자의 수는 시·도의 조례로 정한다.,위임,조례,,rule
P07353,③ 제1항에도 불구하고 실험·실습 또는 실기 교습이 필요한 학원에서 같은 교습과목을 같은 시간에 같은 장소에서 교습받을 수 있는 학습자의 수는 시·도의 조례로 정한다.,위임,조례,,rule
P07354,③ 제1항에도 불구하고 실험·실습 또는 실기 교습이 필요한 학원에서 같은 교습과목을 같은 시간에 같은 장소에서 교습받을 수 있는 학습자의 수는 시·도의 조례로 정한다.,위임,조례,,rule
P07355,③ 제1항에도 불구하고 실험·실습 또는 실기 교습이 필요한 학원에서 같은 교습과목을 같은 시간에 같은 장소에서 교습받을 수 있는 학습자의 수는 시·도의 조례로 정한다.,위임,조례,,rule
P07356,③ 제1항에도 불구하고 실험·실습 또는 실기 교습이 필요한 학원에서 같은 교습과목을 같은 시간에 같은 장소에서 교습받을 수 있는 학습자의 수는 시·도의 조례로 정한다.,위임,조례,,rule
P07357,③ 제1항에도 불구하고 실험·실습 또는 실기 교습이 필요한 학원에서 같은 교습과목을 같은 시간에 같은 장소에서 교습받을 수 있는 학습자의 수는 시·도의 조례로 정한다.,위임,조례,,rule
P07358,③ 제1항에도 불구하고 실험·실습 또는 실기 교습이 필요한 학원에서 같은 교습과목을 같은 시간에 같은 장소에서 교습받을 수 있는 학습자의 수는 시·도의 조례로 정한다.,위임,조례,,rule
P07359,③ 제1항에도 불구하고 실험·실습 또는 실기 교습이 필요한 학원에서 같은 교습과목을 같은 시간에 같은 장소에서 교습받을 수 있는 학습자의 수는 시·도의 조례로 정한다.,위임,조례,,rule
P07360,③ 제1항에도 불구하고 실험·실습 또는 실기 교습이 필요한 학원에서 같은 교습과목을 같은 시간에 같은 장소에서 교습받을 수 있는 학습자의 수는 시·도의 조례로 정한다.,위임,조례,,rule
P07361,③ 제1항에도 불구하고 실험·실습 또는 실기 교습이 필요한 학원에서 같은 교습과목을 같은 시간에 같은 장소에서 교습받을 수 있는 학습자의 수는 시·도의 조례로 정한다.,위임,조례,,rule
P07362,③ 제1항에도 불구하고 실험·실습 또는 실기 교습이 필요한 학원에서 같은 교습과목을 같은 시간에 같은 장소에서 교습받을 수 있는 학습자의 수는 시·도의 조례로 정한다.,위임,조례,,rule
P07363,③ 제1항에도 불구하고 실험·실습 또는 실기 교습이 필요한 학원에서 같은 교습과목을 같은 시간에 같은 장소에서 교습받을 수 있는 학습자의 수는 시·도의 조례로 정한다.,위임,조례,,rule
P07364,③ 제1항에도 불구하고 실험·실습 또는 실기 교습이 필요한 학원에서 같은 교습과목을 같은 시간에 같은 장소에서 교습받을 수 있는 학습자의 수는 시·도의 조례로 정한다.,위임,조례,,rule
P07365,교육부령으로 정한다,위임,부령,,rule
P07366,교육부령으로 정하는 서류를,위임,부령,,rule
P07367,교육부령으로 정하는 교습소설립·운영신고서에,위임,부령,,rule
P07368,교육부령으로 정하는 교습소설립·운영신고증명서를,위임,부령,,rule
P07369,교육부령으로 정하는 서류를,위임,부령,,rule
P07370,교육부령으로 정하는 개인과외교습자신고서에,위임,부령,,rule
P07371,교육부령으로 정하는 변경신고서를,위임,부령,,rule
P07372,⑥ 제1항부터 제5항까지에서 규정한 사항 외에 조정위원회의 구성·운영 등에 관한 구체적인 사항은 시·도 교육규칙으로 정한다.,위임,교육규칙,,rule
P07373,⑥ 제1항부터 제5항까지에서 규정한 사항 외에 조정위원회의 구성·운영 등에 관한 구체적인 사항은 시·도 교육규칙으로 정한다.,위임,교육규칙,,rule
P07374,⑥ 제1항부터 제5항까지에서 규정한 사항 외에 조정위원회의 구성·운영 등에 관한 구체적인 사항은 시·도 교육규칙으로 정한다.,위임,교육규칙,,rule
P07375,⑥ 제1항부터 제5항까지에서 규정한 사항 외에 조정위원회의 구성·운영 등에 관한 구체적인 사항은 시·도 교육규칙으로 정한다.,위임,교육규칙,,rule
P07376,⑥ 제1항부터 제5항까지에서 규정한 사항 외에 조정위원회의 구성·운영 등에 관한 구체적인 사항은 시·도 교육규칙으로 정한다.,위임,교육규칙,,rule
P07377,⑥ 제1항부터 제5항까지에서 규정한 사항 외에 조정위원회의 구성·운영 등에 관한 구체적인 사항은 시·도 교육규칙으로 정한다.,위임,교육규칙,,rule
P07378,⑥ 제1항부터 제5항까지에서 규정한 사항 외에 조정위원회의 구성·운영 등에 관한 구체적인 사항은 시·도 교육규칙으로 정한다.,위임,교육규칙,,rule
P07379,⑥ 제1항부터 제5항까지에서 규정한 사항 외에 조정위원회의 구성·운영 등에 관한 구체적인 사항은 시·도 교육규칙으로 정한다.,위임,교육규칙,,rule
P07380,⑥ 제1항부터 제5항까지에서 규정한 사항 외에 조정위원회의 구성·운영 등에 관한 구체적인 사항은 시·도 교육규칙으로 정한다.,위임,교육규칙,,rule
P07381,⑥ 제1항부터 제5항까지에서 규정한 사항 외에 조정위원회의 구성·운영 등에 관한 구체적인 사항은 시·도 교육규칙으로 정한다.,위임,교육규칙,,rule
P07382,⑥ 제1항부터 제5항까지에서 규정한 사항 외에 조정위원회의 구성·운영 등에 관한 구체적인 사항은 시·도 교육규칙으로 정한다.,위임,교육규칙,,rule
P07383,⑥ 제1항부터 제5항까지에서 규정한 사항 외에 조정위원회의 구성·운영 등에 관한 구체적인 사항은 시·도 교육규칙으로 정한다.,위임,교육규칙,,rule
P07384,⑥ 제1항부터 제5항까지에서 규정한 사항 외에 조정위원회의 구성·운영 등에 관한 구체적인 사항은 시·도 교육규칙으로 정한다.,위임,교육규칙,,rule
P07385,⑥ 제1항부터 제5항까지에서 규정한 사항 외에 조정위원회의 구성·운영 등에 관한 구체적인 사항은 시·도 교육규칙으로 정한다.,위임,교육규칙,,rule
P07386,⑥ 제1항부터 제5항까지에서 규정한 사항 외에 조정위원회의 구성·운영 등에 관한 구체적인 사항은 시·도 교육규칙으로 정한다.,위임,교육규칙,,rule
P07387,⑥ 제1항부터 제5항까지에서 규정한 사항 외에 조정위원회의 구성·운영 등에 관한 구체적인 사항은 시·도 교육규칙으로 정한다.,위임,교육규칙,,rule
P07388,⑥ 제1항부터 제5항까지에서 규정한 사항 외에 조정위원회의 구성·운영 등에 관한 구체적인 사항은 시·도 교육규칙으로 정한다.,위임,교육규칙,,rule
P07389,필요한 사항은 교육부령으로,위임,부령,,rule
P07390,"⑥ 심의위원회의 설치·운영에 관한 사항, 증거자료의 요건, 그 밖에 포상금의 지급 및 기준에 관하여 필요한 사항은 시·도 교육규칙으로 정한다.",위임,교육규칙,,rule
P07391,"⑥ 심의위원회의 설치·운영에 관한 사항, 증거자료의 요건, 그 밖에 포상금의 지급 및 기준에 관하여 필요한 사항은 시·도 교육규칙으로 정한다.",위임,교육규칙,,rule
P07392,"⑥ 심의위원회의 설치·운영에 관한 사항, 증거자료의 요건, 그 밖에 포상금의 지급 및 기준에 관하여 필요한 사항은 시·도 교육규칙으로 정한다.",위임,교육규칙,,rule
P07393,"⑥ 심의위원회의 설치·운영에 관한 사항, 증거자료의 요건, 그 밖에 포상금의 지급 및 기준에 관하여 필요한 사항은 시·도 교육규칙으로 정한다.",위임,교육규칙,,rule
P07394,"⑥ 심의위원회의 설치·운영에 관한 사항, 증거자료의 요건, 그 밖에 포상금의 지급 및 기준에 관하여 필요한 사항은 시·도 교육규칙으로 정한다.",위임,교육규칙,,rule
P07395,"⑥ 심의위원회의 설치·운영에 관한 사항, 증거자료의 요건, 그 밖에 포상금의 지급 및 기준에 관하여 필요한 사항은 시·도 교육규칙으로 정한다.",위임,교육규칙,,rule
P07396,"⑥ 심의위원회의 설치·운영에 관한 사항, 증거자료의 요건, 그 밖에 포상금의 지급 및 기준에 관하여 필요한 사항은 시·도 교육규칙으로 정한다.",위임,교육규칙,,rule
P07397,"⑥ 심의위원회의 설치·운영에 관한 사항, 증거자료의 요건, 그 밖에 포상금의 지급 및 기준에 관하여 필요한 사항은 시·도 교육규칙으로 정한다.",위임,교육규칙,,rule
P07398,"⑥ 심의위원회의 설치·운영에 관한 사항, 증거자료의 요건, 그 밖에 포상금의 지급 및 기준에 관하여 필요한 사항은 시·도 교육규칙으로 정한다.",위임,교육규칙,,rule
P07399,"⑥ 심의위원회의 설치·운영에 관한 사항, 증거자료의 요건, 그 밖에 포상금의 지급 및 기준에 관하여 필요한 사항은 시·도 교육규칙으로 정한다.",위임,교육규칙,,rule
P07400,"⑥ 심의위원회의 설치·운영에 관한 사항, 증거자료의 요건, 그 밖에 포상금의 지급 및 기준에 관하여 필요한 사항은 시·도 교육규칙으로 정한다.",위임,교육규칙,,rule
P07401,"⑥ 심의위원회의 설치·운영에 관한 사항, 증거자료의 요건, 그 밖에 포상금의 지급 및 기준에 관하여 필요한 사항은 시·도 교육규칙으로 정한다.",위임,교육규칙,,rule
P07402,"⑥ 심의위원회의 설치·운영에 관한 사항, 증거자료의 요건, 그 밖에 포상금의 지급 및 기준에 관하여 필요한 사항은 시·도 교육규칙으로 정한다.",위임,교육규칙,,rule
P07403,"⑥ 심의위원회의 설치·운영에 관한 사항, 증거자료의 요건, 그 밖에 포상금의 지급 및 기준에 관하여 필요한 사항은 시·도 교육규칙으로 정한다.",위임,교육규칙,,rule
P07404,"⑥ 심의위원회의 설치·운영에 관한 사항, 증거자료의 요건, 그 밖에 포상금의 지급 및 기준에 관하여 필요한 사항은 시·도 교육규칙으로 정한다.",위임,교육규칙,,rule
P07405,"⑥ 심의위원회의 설치·운영에 관한 사항, 증거자료의 요건, 그 밖에 포상금의 지급 및 기준에 관하여 필요한 사항은 시·도 교육규칙으로 정한다.",위임,교육규칙,,rule
P07406,"⑥ 심의위원회의 설치·운영에 관한 사항, 증거자료의 요건, 그 밖에 포상금의 지급 및 기준에 관하여 필요한 사항은 시·도 교육규칙으로 정한다.",위임,교육규칙,,rule
P07407,대통령령으로 정하는 평생교육시설,위임,대통령령,,rule
P07408,학습과정에 대하여 대통령령으로 정하는 바에 따라 평가인정을 할 수 있,위임,대통령령,,rule
P07409,는 교육훈련기관은 대통령령으로 정하는 바에 따라 교육부장관에게 평가인,위임,대통령령,,rule
P07410,교육부령으로 정하는,위임,부령,,rule
P07411,교육부령으로 정하는,위임,부령,,rule
P07412,평가인정 기준의 내용은 대통령령으로,위임,대통령령,,rule
P07413,사항은 대통령령으로,위임,대통령령,,rule
P07414,대통령령으로 정하는 평가인정,위임,대통령령,,rule
P07415,위하여 대통령령으로,위임,대통령령,,rule
P07416,대통령령으로 정하는 바에 따라 교육훈련기관에,위임,대통령령,,rule
P07417,대통령령으로 정하는,위임,대통령령,,rule
P07418,범위에서 대통령령으로,위임,대통령령,,rule
P07419,사항은 대통령령으로,위임,대통령령,,rule
P07420,대통령령으로 정한다,위임,대통령령,,rule
P07421,대통령령으로 정하는,위임,대통령령,,rule
P07422,대통령령으로 정하는 자격,위임,대통령령,,rule
P07423,대통령령으로 정하는 시험,위임,대통령령,,rule
P07424,대통령령으로 정하는 사람,위임,대통령령,,rule
P07425,사항은 대통령령으로,위임,대통령령,,rule
P07426,사항은 대통령령으로,위임,대통령령,,rule
P07427,학력인정의 기준은 대통령령으로,위임,대통령령,,rule
P07428,대통령령으로 정하는 요건을,위임,대통령령,,rule
P07429,대통령령으로 정한다,위임,대통령령,,rule
P07430,대통령령으로 정한다,위임,대통령령,,rule
P07431,대통령령으로 정한다,위임,대통령령,,rule
P07432,대통령령으로 정하는 바에 따라 그 일부를,위임,대통령령,,rule
P07433,대통령령으로 정하는 관계 기관의 장,위임,대통령령,,rule
P07434,대통령령으로 정하는,위임,대통령령,,rule
P07435,교육부령으로 정하는,위임,부령,,rule
P07436,과태료는 대통령령으로,위임,대통령령,,rule
P07437,교육부령으로 정하는 신청서에,위임,부령,,rule
P07438,교육부령으로 따로,판단불가,해당없음,,rule
P07439,사항은 교육부령으로,위임,부령,,rule
P07440,강사: 교육부장관이 정하여 고시하는 자격을 가진 사람,위임,미특정,,rule
P07441,교육부령으로 정하는 신청서에,위임,부령,,rule
P07442,교육부령으로 정하는 학점인정서를,위임,부령,,rule
P07443,교육부령으로 정하는 발급신청서에,위임,부령,,rule
P07444,교육부령으로 정하는 학력인정증명서를,위임,부령,,rule
P07445,사항은 교육부령으로,위임,부령,,rule
P07446,교육부령으로 정하는 신청서에,위임,부령,,rule
P07447,교육부령으로 정하는 학위증서를,위임,부령,,rule
P07448,표준교육과정을 교육부령으로,위임,부령,,rule
P07449,"운영하는 경우만 해당한다), 행정실 등 교육부장관이 정하는 시설",위임,미특정,,rule
P07450,학습과정별로 교육부장관이 정하는 설비,위임,미특정,,rule
P07451,평가인정의 세부 기준은 교육부장관이 따로 정하여 고시한다.,판단불가,해당없음,,rule
P07452,평가인정의 세부 기준에 관하여 필요한 사항은 교육부장관이 정한다.,판단불가,해당없음,,rule
P07453,전공과목의 학점은 학위의 종류에 따라 교육부장관이 정한다.,판단불가,해당없음,,rule
P07454,교육부장관이 정하는 서류(전자문서를 포함한다)를 첨부하여,위임,미특정,,rule
P07455,표준교육과정의 세부 기준에 관하여 필요한 사항은 교육부장관이 정한다.,판단불가,해당없음,,rule
P07456,교육부장관이 정하는 수수료를 원장에게 내야 한다.,위임,미특정,,rule
P07457,사항은 대통령령으로,위임,대통령령,,rule
P07458,사항은 대통령령으로,위임,대통령령,,rule
P07459,사항은 대통령령으로,위임,대통령령,,rule
P07460,대통령령으로 정하는,위임,대통령령,,rule
P07461,대통령령으로 정하는,위임,대통령령,,rule
P07462,대통령령으로 정하는 바에,위임,대통령령,,rule
P07463,대통령령으로,위임,대통령령,,rule
P07464,사항은 대통령령으로,위임,대통령령,,rule
P07465,대통령령으로 정하는,위임,대통령령,,rule
P07466,대통령령으로 정하는 바에,위임,대통령령,,rule
P07467,사항은 대통령령으로,위임,대통령령,,rule
P07468,사항은 대통령령으로,위임,대통령령,,rule
P07469,대통령령으로 정하는,위임,대통령령,,rule
P07470,대통령령으로 정한다,위임,대통령령,,rule
P07471,대통령령으로 정한다,위임,대통령령,,rule
P07472,대통령령으로 정한다,위임,대통령령,,rule
P07473,대통령령으로 정한다,위임,대통령령,,rule
P07474,대통령령으로 정한다,위임,대통령령,,rule
P07475,대통령령으로 정한다,위임,대통령령,,rule
P07476,대통령령으로 정한다,위임,대통령령,,rule
P07477,대통령령으로 정한다,위임,대통령령,,rule
P07478,대통령령으로 정한다,위임,대통령령,,rule
P07479,대통령령으로 정한다,위임,대통령령,,rule
P07480,대통령령으로 정한다,위임,대통령령,,rule
P07481,대통령령으로 정한다,위임,대통령령,,rule
P07482,사항은 대통령령으로,위임,대통령령,,rule
P07483,사항은 대통령령으로,위임,대통령령,,rule
P07484,사항은 대통령령으로,위임,대통령령,,rule
P07485,사항은 대통령령으로,위임,대통령령,,rule
P07486,재단은 대통령령으로,위임,대통령령,,rule
P07487,위원은 대통령령으로,위임,대통령령,,rule
P07488,구체적인 사항은 대통령령으로,위임,대통령령,,rule
P07489,대통령령으로 정하는,위임,대통령령,,rule
P07490,대통령령으로 정하는,위임,대통령령,,rule
P07491,교육부장관이 평가인정한 학습과정을 설치·운영하는 교육훈련기관 중 교육부장관이 정하여 고시하는 교육훈련기관,위임,미특정,,rule
P07492,교육부장관이 평가인정한 학습과정을 설치·운영하는 교육훈련기관 중 교육부장관이 정하여 고시하는 교육훈련기관,위임,미특정,,rule
P07493,대통령령으로 정한다,위임,대통령령,,rule
P07494,사항은 대통령령으로,위임,대통령령,,rule
P07495,사항은 대통령령으로,위임,대통령령,,rule
P07496,사항은 대통령령으로,위임,대통령령,,rule
P07497,사항은 대통령령으로,위임,대통령령,,rule
P07498,사항은 대통령령으로,위임,대통령령,,rule
P07499,사항은 대통령령으로,위임,대통령령,,rule
P07500,사항은 대통령령으로,위임,대통령령,,rule
P07501,사항은 대통령령으로,위임,대통령령,,rule
P07502,사항은 대통령령으로,위임,대통령령,,rule
P07503,사항은 대통령령으로,위임,대통령령,,rule
P07504,사항은 대통령령으로,위임,대통령령,,rule
P07505,사항은 대통령령으로,위임,대통령령,,rule
P07506,대통령령으로 정하는,위임,대통령령,,rule
P07507,대통령령으로 정하는 방법,위임,대통령령,,rule
P07508,대통령령으로 정하는 사항,위임,대통령령,,rule
P07509,대통령령으로 정하는 사람으로,위임,대통령령,,rule
P07510,대통령령으로 정하는 사유로,위임,대통령령,,rule
P07511,대통령령으로 정하는 바에 따라 그 학자금의 전부,위임,대통령령,,rule
P07512,따로 법률로,판단불가,해당없음,,rule
P07513,대통령령으로 정하는,위임,대통령령,,rule
P07514,대통령령으로 정하는 자금,위임,대통령령,,rule
P07515,대통령령으로 정하는 비율에,위임,대통령령,,rule
P07516,대통령령으로 정하는 사항,위임,대통령령,,rule
P07517,범위에서 대통령령으로,위임,대통령령,,rule
P07518,대통령령으로 정하는,위임,대통령령,,rule
P07519,대통령령으로 정하는 바에 따라 추가보증료를,위임,대통령령,,rule
P07520,대통령령으로 정하는 채무불이행,위임,대통령령,,rule
P07521,대통령령으로 정하는 종속채무를,위임,대통령령,,rule
P07522,대통령령으로 정하는 경우,위임,대통령령,,rule
P07523,대통령령으로 정하는 사항,위임,대통령령,,rule
P07524,필요한 사항은 대통령령으로,위임,대통령령,,rule
P07525,필요한 사항은 대통령령으로,위임,대통령령,,rule
P07526,대통령령으로 정하는,위임,대통령령,,rule
P07527,대통령령으로 정하는,위임,대통령령,,rule
P07528,필요한 사항은 대통령령으로,위임,대통령령,,rule
P07529,예금의 평균잔액과 그 밖에 대통령령으로,위임,대통령령,,rule
P07530,채무액과 그 밖에 대통령령으로,위임,대통령령,,rule
P07531,보험료와 그 밖에 대통령령으로,위임,대통령령,,rule
P07532,필요한 사항은 대통령령으로,위임,대통령령,,rule
P07533,대통령령으로 정하는 자료,위임,대통령령,,rule
P07534,대통령령으로 정하는,위임,대통령령,,rule
P07535,필요한 사항은 대통령령으로,위임,대통령령,,rule
P07536,대통령령으로 정하는 기준,위임,대통령령,,rule
P07537,대통령령으로 정하는 규모,위임,대통령령,,rule
P07538,대통령령으로 정하는 기관,위임,대통령령,,rule
P07539,내용 등은 대통령령으로,위임,대통령령,,rule
P07540,대통령령으로 정하는 바에 따라 학자금 초과금액을,위임,대통령령,,rule
P07541,예외 처리에 관한 사항은 교육부장관이 정하는 바에 따른다.,위임,미특정,,rule
P07542,대통령령으로 정하는,위임,대통령령,,rule
P07543,대통령령으로 정한다,위임,대통령령,,rule
P07544,과태료는 대통령령으로,위임,대통령령,,rule
P07545,이 경우 상환 면제의 기준에 관한 세부 사항은 교육부장관이 정하여 고시한다.,위임,미특정,,rule
P07546,② 법 제50조의5제2항 단서에 따라 학자금 지원 현황에 관한 자료 제출 의무의 전부 또는 일부를 면제받으려는 기관은 같은 항 본문에 따른 요청을 받은 날부터 15일 이내에 교육부장관에게 제출 의무의 면제를 신청하여야 한다. 이 경우 교육부장관이 정하여 고시하는 면제신청서에 신청 사유를 구체적으로 소명할 수 있는 서류 및 자료를 첨부하여 교육부장관에게 제출하여야 한다.,위임,미특정,,rule
P07547,2. 반환의무자에게 법 및 「취업 후 학자금 상환 특별법」에 따라 대출을 받고 변제를 완료하지 아니한 학자금이 없는 경우: 교육부장관이 정하여 고시하는 기준 및 순서에 따라 교육부장관 또는 재단이 무상 지원하는 학자금의 재원이 되는 계정 또는 회계의 수입으로 처리,위임,미특정,,rule
P07548,필요한 사항은 대통령령으로,위임,대통령령,,rule
P07549,필요한 사항은 대통령령으로,위임,대통령령,,rule
P07550,대통령령으로 정하는,위임,대통령령,,rule
P07551,필요한 사항은 대통령령으로,위임,대통령령,,rule
P07552,필요한 사항은 대통령령으로,위임,대통령령,,rule
P07553,필요한 사항은 대통령령으로,위임,대통령령,,rule
P07554,필요한 사항은 대통령령으로,위임,대통령령,,rule
P07555,필요한 사항은 대통령령으로,위임,대통령령,,rule
P07556,사항은 대통령령으로,위임,대통령령,,rule
P07557,사항은 대통령령으로,위임,대통령령,,rule
P07558,대통령령으로 정하는 바에,위임,대통령령,,rule
